task_id,source,iteration,input_tokens,output_tokens,reasoning_tokens,verilog_file,model_name,finish_reason,system_fingerprint,run_id
435,mbpp_test,0,350,525,528,D:\PythonProjects\llm_eval\test\mbpp_test\435\435_gen_0.sv,minimax/minimax-m2:free,stop,,gen-1762662327-0XRZQWgEsmeOF2Wu7VtE
3925,aapp_competition_test,0,623,3577,1349,D:\PythonProjects\llm_eval\test\aapp_competition_test\3925\3925_gen_0.sv,minimax/minimax-m2:free,stop,,gen-1762662327-kY4NId62sg2V616A3jtY
3862,aapp_competition_test,0,634,3272,1368,D:\PythonProjects\llm_eval\test\aapp_competition_test\3862\3862_gen_0.sv,minimax/minimax-m2:free,stop,,gen-1762662327-b0DiG59hdb7i97DgX7lO
3113,aapp_competition_test,0,715,4500,1130,D:\PythonProjects\llm_eval\test\aapp_competition_test\3113\3113_gen_0.sv,minimax/minimax-m2:free,stop,,gen-1762662327-bn6v99qakRDLknptmk5U
3735,aapp_competition_test,0,551,7594,7280,D:\PythonProjects\llm_eval\test\aapp_competition_test\3735\3735_gen_0.sv,minimax/minimax-m2:free,stop,,gen-1762662327-fJjqGtbojD8zYhnzkNjK
3475,aapp_competition_test,0,748,3067,1352,D:\PythonProjects\llm_eval\test\aapp_competition_test\3475\3475_gen_0.sv,minimax/minimax-m2:free,stop,,gen-1762662377-SpOsXqUngIcU5vGcZUy2
308,mbpp_test,0,568,2320,1076,D:\PythonProjects\llm_eval\test\mbpp_test\308\308_gen_0.sv,minimax/minimax-m2:free,stop,,gen-1762662391-3UUGf370U2BnneV2oy3o
3664,aapp_competition_test,0,720,2780,1093,D:\PythonProjects\llm_eval\test\aapp_competition_test\3664\3664_gen_0.sv,minimax/minimax-m2:free,stop,,gen-1762662327-m15NXZ3mTVQrUe37OyJv
3037,aapp_competition_test,0,779,4444,1231,D:\PythonProjects\llm_eval\test\aapp_competition_test\3037\3037_gen_0.sv,minimax/minimax-m2:free,stop,,gen-1762662327-LRiCaNf233fPFBcFjjPc
475,mbpp_test,0,533,12152,11096,D:\PythonProjects\llm_eval\test\mbpp_test\475\475_gen_0.sv,minimax/minimax-m2:free,stop,,gen-1762662327-EF16ZVgLXC1rp4i05Lwq
3342,aapp_competition_test,0,790,7898,1529,D:\PythonProjects\llm_eval\test\aapp_competition_test\3342\3342_gen_0.sv,minimax/minimax-m2:free,stop,,gen-1762662336-7FaRfLyAVrKYHhAJ26Cd
3518,aapp_competition_test,0,680,3460,1450,D:\PythonProjects\llm_eval\test\aapp_competition_test\3518\3518_gen_0.sv,minimax/minimax-m2:free,stop,,gen-1762662411-2PKkiAxvVSS4syrE9etT
797,mbpp_train,0,433,9865,9844,D:\PythonProjects\llm_eval\test\mbpp_train\797\797_gen_0.sv,minimax/minimax-m2:free,stop,,gen-1762662378-TSNSY7fg5nesFjnSSMqo
3049,aapp_competition_test,0,730,3992,1447,D:\PythonProjects\llm_eval\test\aapp_competition_test\3049\3049_gen_0.sv,minimax/minimax-m2:free,stop,,gen-1762662400-UQECWHvcLFeaEzB0TUz3
3756,aapp_competition_test,0,635,5021,1781,D:\PythonProjects\llm_eval\test\aapp_competition_test\3756\3756_gen_0.sv,minimax/minimax-m2:free,stop,,gen-1762662427-zWmTbJU29BL50e4v67Eg
82,mbpp_test,0,483,1193,795,D:\PythonProjects\llm_eval\test\mbpp_test\82\82_gen_0.sv,minimax/minimax-m2:free,stop,,gen-1762662484-iULeNNHjoX0SZX7zjHgm
3863,aapp_competition_test,0,669,4032,1581,D:\PythonProjects\llm_eval\test\aapp_competition_test\3863\3863_gen_0.sv,minimax/minimax-m2:free,stop,,gen-1762662444-5qKTJ1xduTtGxRk0Ol3W
3188,aapp_competition_test,0,600,18942,17568,D:\PythonProjects\llm_eval\test\aapp_competition_test\3188\3188_gen_0.sv,minimax/minimax-m2:free,stop,,gen-1762662327-QHjpbeIfhpS8LoUPWxWh
3944,aapp_competition_test,0,647,5354,996,D:\PythonProjects\llm_eval\test\aapp_competition_test\3944\3944_gen_0.sv,minimax/minimax-m2:free,stop,,gen-1762662450-ufzBq43XMOvosq2LDbrm
3345,aapp_competition_test,0,710,4423,1491,D:\PythonProjects\llm_eval\test\aapp_competition_test\3345\3345_gen_0.sv,minimax/minimax-m2:free,stop,,gen-1762662471-lgx4EvkHpOuAIMDsEvis
3663,aapp_competition_test,0,656,11352,10561,D:\PythonProjects\llm_eval\test\aapp_competition_test\3663\3663_gen_0.sv,minimax/minimax-m2:free,stop,,gen-1762662426-jfnPfg0NWY53gGpl7qAo
3520,aapp_competition_test,0,710,3817,1437,D:\PythonProjects\llm_eval\test\aapp_competition_test\3520\3520_gen_0.sv,minimax/minimax-m2:free,stop,,gen-1762662508-78Ai83m01pyRnmWD56yh
3667,aapp_competition_test,0,738,5456,1455,D:\PythonProjects\llm_eval\test\aapp_competition_test\3667\3667_gen_0.sv,minimax/minimax-m2:free,stop,,gen-1762662527-2X2nbmGwu4quUA9MOp9F
3181,aapp_competition_test,0,520,14658,14293,D:\PythonProjects\llm_eval\test\aapp_competition_test\3181\3181_gen_0.sv,minimax/minimax-m2:free,stop,,gen-1762662465-tt584fDnQMXobXdSAJft
3945,aapp_competition_test,0,625,4416,1469,D:\PythonProjects\llm_eval\test\aapp_competition_test\3945\3945_gen_0.sv,minimax/minimax-m2:free,stop,,gen-1762662560-OBJkIc2A8kiLZe1lCWeg
3053,aapp_competition_test,0,629,14020,2635,D:\PythonProjects\llm_eval\test\aapp_competition_test\3053\3053_gen_0.sv,minimax/minimax-m2:free,stop,,gen-1762662503-MMn8WKgxcL4m1y4XzwdR
3758,aapp_competition_test,0,589,7052,1914,D:\PythonProjects\llm_eval\test\aapp_competition_test\3758\3758_gen_0.sv,minimax/minimax-m2:free,stop,,gen-1762662553-vXytbKZ9AkbMy83Bm6sQ
3347,aapp_competition_test,0,724,4037,1126,D:\PythonProjects\llm_eval\test\aapp_competition_test\3347\3347_gen_0.sv,minimax/minimax-m2:free,stop,,gen-1762662623-vJaCyk0BT6cSQYgRrsQ0
398,mbpp_test,0,498,1998,890,D:\PythonProjects\llm_eval\test\mbpp_test\398\398_gen_0.sv,minimax/minimax-m2:free,stop,,gen-1762662648-djoxERehFSCMqwEYcSAO
26,human_eval_test,0,456,18168,17324,D:\PythonProjects\llm_eval\test\human_eval_test\26\26_gen_0.sv,minimax/minimax-m2:free,stop,,gen-1762662498-98M6DApcfaPlCM8EJObA
807,mbpp_train,0,424,867,690,D:\PythonProjects\llm_eval\test\mbpp_train\807\807_gen_0.sv,minimax/minimax-m2:free,stop,,gen-1762662661-VTx56oQDbiamw00KtlKc
583,mbpp_validation,0,451,843,596,D:\PythonProjects\llm_eval\test\mbpp_validation\583\583_gen_0.sv,minimax/minimax-m2:free,stop,,gen-1762662673-iKGNMy0KyWwYxr2AIzXd
3124,aapp_competition_test,0,518,6573,2616,D:\PythonProjects\llm_eval\test\aapp_competition_test\3124\3124_gen_0.sv,minimax/minimax-m2:free,stop,,gen-1762662606-YSceHoznEKVuPoSKH03x
3482,aapp_competition_test,0,751,5465,1779,D:\PythonProjects\llm_eval\test\aapp_competition_test\3482\3482_gen_0.sv,minimax/minimax-m2:free,stop,,gen-1762662629-sFOY9c8MIURyruOqRu3m
3035,aapp_competition_test,0,736,2671,1359,D:\PythonProjects\llm_eval\test\aapp_competition_test\3035\3035_gen_0.sv,minimax/minimax-m2:free,stop,,gen-1762662674-xjU2vdkScBkHW0VBy43S
3474,aapp_competition_test,0,678,21736,20837,D:\PythonProjects\llm_eval\test\aapp_competition_test\3474\3474_gen_0.sv,minimax/minimax-m2:free,stop,,gen-1762662476-G8OXdYvVSIaRzR7ppCt9
3187,aapp_competition_test,0,691,11585,2297,D:\PythonProjects\llm_eval\test\aapp_competition_test\3187\3187_gen_0.sv,minimax/minimax-m2:free,stop,,gen-1762662608-5o7FB9mYRsT1otmGjbRX
3119,aapp_competition_test,0,733,30828,29597,D:\PythonProjects\llm_eval\test\aapp_competition_test\3119\3119_gen_0.sv,minimax/minimax-m2:free,stop,,gen-1762662463-zLstwtTyTGXNwcdLofZp
3517,aapp_competition_test,0,607,43755,41206,D:\PythonProjects\llm_eval\test\aapp_competition_test\3517\3517_gen_0.sv,minimax/minimax-m2:free,,,gen-1762662327-77SHkMkwwk2iIR6X629M
751,mbpp_train,0,433,8740,8624,D:\PythonProjects\llm_eval\test\mbpp_train\751\751_gen_0.sv,minimax/minimax-m2:free,stop,,gen-1762662674-SMT7Ttowi0ifq2o3o05L
3861,aapp_competition_test,0,595,21285,20379,D:\PythonProjects\llm_eval\test\aapp_competition_test\3861\3861_gen_0.sv,minimax/minimax-m2:free,stop,,gen-1762662555-txkBfTr6B537ostzVFpE
3121,aapp_competition_test,0,841,3666,1159,D:\PythonProjects\llm_eval\test\aapp_competition_test\3121\3121_gen_0.sv,minimax/minimax-m2:free,stop,,gen-1762662745-BYp0d8V8JFtXSfqmOzdB
3523,aapp_competition_test,0,665,10240,9402,D:\PythonProjects\llm_eval\test\aapp_competition_test\3523\3523_gen_0.sv,minimax/minimax-m2:free,stop,,gen-1762662683-YYsfm3LwlJljziIHjazw
3671,aapp_competition_test,0,671,6934,1384,D:\PythonProjects\llm_eval\test\aapp_competition_test\3671\3671_gen_0.sv,minimax/minimax-m2:free,stop,,gen-1762662688-F7Uw8ID8OzmvRu2bixTl
92,mbpp_test,0,501,937,624,D:\PythonProjects\llm_eval\test\mbpp_test\92\92_gen_0.sv,minimax/minimax-m2:free,stop,,gen-1762662781-nwDhVoM9Ri6y9GfdRRSc
3334,aapp_competition_test,0,586,2962,1400,D:\PythonProjects\llm_eval\test\aapp_competition_test\3334\3334_gen_0.sv,minimax/minimax-m2:free,stop,,gen-1762662760-cwNQDXNh2wBmMQ5qf8XW
630,mbpp_train,0,464,1175,918,D:\PythonProjects\llm_eval\test\mbpp_train\630\630_gen_0.sv,minimax/minimax-m2:free,stop,,gen-1762662782-Xc8OcrI3yIqfcCDDorMf
132,human_eval_test,0,511,1437,758,D:\PythonProjects\llm_eval\test\human_eval_test\132\132_gen_0.sv,minimax/minimax-m2:free,stop,,gen-1762662783-auBzip7Ar6ViKlVMKQbr
3485,aapp_competition_test,0,841,2770,1148,D:\PythonProjects\llm_eval\test\aapp_competition_test\3485\3485_gen_0.sv,minimax/minimax-m2:free,stop,,gen-1762662769-X4nrIbED8cyN0XFjwZuB
285,mbpp_test,0,668,2690,1140,D:\PythonProjects\llm_eval\test\mbpp_test\285\285_gen_0.sv,minimax/minimax-m2:free,stop,,gen-1762662783-trvd6kfjoLMXQJRJyrGl
3506,aapp_competition_test,0,726,3215,1047,D:\PythonProjects\llm_eval\test\aapp_competition_test\3506\3506_gen_0.sv,minimax/minimax-m2:free,stop,,gen-1762662794-g71JrqIidaNZbqLb8ysr
3759,aapp_competition_test,0,533,20683,20513,D:\PythonProjects\llm_eval\test\aapp_competition_test\3759\3759_gen_0.sv,minimax/minimax-m2:free,stop,,gen-1762662697-ndA7ZtHFN1rdQ7qsZGjK
3765,aapp_competition_test,0,677,3829,1458,D:\PythonProjects\llm_eval\test\aapp_competition_test\3765\3765_gen_0.sv,minimax/minimax-m2:free,stop,,gen-1762662808-Uicgk7wUXRpcLWnhgcY5
3126,aapp_competition_test,0,671,3580,1062,D:\PythonProjects\llm_eval\test\aapp_competition_test\3126\3126_gen_0.sv,minimax/minimax-m2:free,stop,,gen-1762662839-2SwOXomb6ylSaI6C5L7J
3943,aapp_competition_test,0,656,16616,15637,D:\PythonProjects\llm_eval\test\aapp_competition_test\3943\3943_gen_0.sv,minimax/minimax-m2:free,stop,,gen-1762662732-xIgxspLBx5kgQeEeo5Nz
3190,aapp_competition_test,0,489,17490,15631,D:\PythonProjects\llm_eval\test\aapp_competition_test\3190\3190_gen_0.sv,minimax/minimax-m2:free,stop,,gen-1762662758-NSw8kbJCVA1V5WzkYDPQ
3193,aapp_competition_test,0,578,3636,1338,D:\PythonProjects\llm_eval\test\aapp_competition_test\3193\3193_gen_0.sv,minimax/minimax-m2:free,stop,,gen-1762662863-bD7BUngGeVTtIQj2AYmF
3358,aapp_competition_test,0,599,4060,1433,D:\PythonProjects\llm_eval\test\aapp_competition_test\3358\3358_gen_0.sv,minimax/minimax-m2:free,stop,,gen-1762662868-6WZ0JLpTnb0sm0tDWC5H
478,mbpp_test,0,558,1220,683,D:\PythonProjects\llm_eval\test\mbpp_test\478\478_gen_0.sv,minimax/minimax-m2:free,stop,,gen-1762662923-5vtvEjwFwmZcBpEMsRIP
765,mbpp_train,0,471,4678,4430,D:\PythonProjects\llm_eval\test\mbpp_train\765\765_gen_0.sv,minimax/minimax-m2:free,stop,,gen-1762662903-S2BQRwuk4cEPkKeMnpRs
3868,aapp_competition_test,0,768,25096,23902,D:\PythonProjects\llm_eval\test\aapp_competition_test\3868\3868_gen_0.sv,minimax/minimax-m2:free,stop,,gen-1762662712-NtiWWhnsi2IpAKVFbFNj
3649,aapp_competition_test,0,616,18533,18231,D:\PythonProjects\llm_eval\test\aapp_competition_test\3649\3649_gen_0.sv,minimax/minimax-m2:free,stop,,gen-1762662795-ma49Wgzf5M8Qh9v48uj4
3947,aapp_competition_test,0,620,13717,12702,D:\PythonProjects\llm_eval\test\aapp_competition_test\3947\3947_gen_0.sv,minimax/minimax-m2:free,stop,,gen-1762662825-C9jmBVMez5mbqtE0s9fL
596,mbpp_validation,0,409,8520,8643,D:\PythonProjects\llm_eval\test\mbpp_validation\596\596_gen_0.sv,minimax/minimax-m2:free,stop,,gen-1762662890-8JZueEgfnf6zW1nafpcB
3484,aapp_competition_test,0,691,4566,1631,D:\PythonProjects\llm_eval\test\aapp_competition_test\3484\3484_gen_0.sv,minimax/minimax-m2:free,stop,,gen-1762662874-XE8Y3hsyoC12wWyOEdQO
3051,aapp_competition_test,0,851,3601,1303,D:\PythonProjects\llm_eval\test\aapp_competition_test\3051\3051_gen_0.sv,minimax/minimax-m2:free,stop,,gen-1762662943-x8DM1x9WPhOAqMu9o4jw
3673,aapp_competition_test,0,610,4090,875,D:\PythonProjects\llm_eval\test\aapp_competition_test\3673\3673_gen_0.sv,minimax/minimax-m2:free,stop,,gen-1762662959-VAP4emAkKLRdm5aLMvgU
3191,aapp_competition_test,0,523,1183,859,D:\PythonProjects\llm_eval\test\aapp_competition_test\3191\3191_gen_0.sv,minimax/minimax-m2:free,stop,,gen-1762662989-puXsflH5u4Jr8f5aTN60
3348,aapp_competition_test,0,509,665,500,D:\PythonProjects\llm_eval\test\aapp_competition_test\3348\3348_gen_0.sv,minimax/minimax-m2:free,stop,,gen-1762663004-CFLdGfvhiX6Qad7TP1RA
3870,aapp_competition_test,0,720,20094,17726,D:\PythonProjects\llm_eval\test\aapp_competition_test\3870\3870_gen_0.sv,minimax/minimax-m2:free,stop,,gen-1762662809-fwFIElzcUPNeGWcs3s5K
3487,aapp_competition_test,0,701,3272,1385,D:\PythonProjects\llm_eval\test\aapp_competition_test\3487\3487_gen_0.sv,minimax/minimax-m2:free,stop,,gen-1762663005-HVEvCMgJBPNVRmEJiCBO
3127,aapp_competition_test,0,636,5003,1747,D:\PythonProjects\llm_eval\test\aapp_competition_test\3127\3127_gen_0.sv,minimax/minimax-m2:free,stop,,gen-1762662974-3yN6P2fjoz7bIOs1w4gd
3760,aapp_competition_test,0,628,7988,7556,D:\PythonProjects\llm_eval\test\aapp_competition_test\3760\3760_gen_0.sv,minimax/minimax-m2:free,stop,,gen-1762662963-mycIE7QjBxzLjzXpLW6v
3526,aapp_competition_test,0,579,11636,11061,D:\PythonProjects\llm_eval\test\aapp_competition_test\3526\3526_gen_0.sv,minimax/minimax-m2:free,stop,,gen-1762662949-O17Ej0wdwZhvMUqq6AUu
310,mbpp_test,0,549,2727,1192,D:\PythonProjects\llm_eval\test\mbpp_test\310\310_gen_0.sv,minimax/minimax-m2:free,stop,,gen-1762663029-hGGoIrFaLrKMGlc9dHhz
3524,aapp_competition_test,0,637,2323,1169,D:\PythonProjects\llm_eval\test\aapp_competition_test\3524\3524_gen_0.sv,minimax/minimax-m2:free,stop,,gen-1762663044-7sqWWgKTKJvve57DGjb2
3050,aapp_competition_test,0,815,30263,28869,D:\PythonProjects\llm_eval\test\aapp_competition_test\3050\3050_gen_0.sv,minimax/minimax-m2:free,stop,,gen-1762662792-c3mmubMIlCUiYC1Yh6TB
3856,aapp_competition_test,0,759,13035,11445,D:\PythonProjects\llm_eval\test\aapp_competition_test\3856\3856_gen_0.sv,minimax/minimax-m2:free,stop,,gen-1762662967-QTctspY4AKxLw6L9wW8m
3054,aapp_competition_test,0,677,4766,2512,D:\PythonProjects\llm_eval\test\aapp_competition_test\3054\3054_gen_0.sv,minimax/minimax-m2:free,stop,,gen-1762663037-uZip3MXPdBCUGDSdzYFI
793,mbpp_train,0,557,9355,8866,D:\PythonProjects\llm_eval\test\mbpp_train\793\793_gen_0.sv,minimax/minimax-m2:free,stop,,gen-1762663012-yusJsXIjkPeaqHPg5YPS
3197,aapp_competition_test,0,554,2561,1124,D:\PythonProjects\llm_eval\test\aapp_competition_test\3197\3197_gen_0.sv,minimax/minimax-m2:free,,,gen-1762663087-6OgMaE7EDtid2zOZLHlF
53,human_eval_test,0,342,834,760,D:\PythonProjects\llm_eval\test\human_eval_test\53\53_gen_0.sv,minimax/minimax-m2:free,stop,,gen-1762663122-97yqgfcjJQ6x0TTnLtkZ
3355,aapp_competition_test,0,682,2969,941,D:\PythonProjects\llm_eval\test\aapp_competition_test\3355\3355_gen_0.sv,minimax/minimax-m2:free,stop,,gen-1762663096-6i3iEnHufmLGcVLm9PtJ
3942,aapp_competition_test,0,590,15730,15339,D:\PythonProjects\llm_eval\test\aapp_competition_test\3942\3942_gen_0.sv,minimax/minimax-m2:free,stop,,gen-1762662974-lw3f6yMlUml4vJANBBPi
3948,aapp_competition_test,0,609,4770,1941,D:\PythonProjects\llm_eval\test\aapp_competition_test\3948\3948_gen_0.sv,minimax/minimax-m2:free,stop,,gen-1762663079-tCs4SJXBEvOYm1JoCTAe
3678,aapp_competition_test,0,641,7117,1643,D:\PythonProjects\llm_eval\test\aapp_competition_test\3678\3678_gen_0.sv,minimax/minimax-m2:free,stop,,gen-1762663047-EGhZdxoWlWzmu4L51ss6
725,mbpp_train,0,522,26626,25649,D:\PythonProjects\llm_eval\test\mbpp_train\725\725_gen_0.sv,minimax/minimax-m2:free,stop,,gen-1762662918-cDXsKTFrigmCUjPlFSGi
77,mbpp_test,0,419,5360,5120,D:\PythonProjects\llm_eval\test\mbpp_test\77\77_gen_0.sv,minimax/minimax-m2:free,stop,,gen-1762663133-rm2WiGTjAA3Ot3QmM4SP
3472,aapp_competition_test,0,686,9144,8460,D:\PythonProjects\llm_eval\test\aapp_competition_test\3472\3472_gen_0.sv,minimax/minimax-m2:free,stop,,gen-1762663107-T6noT0W8YWtpPiD6s85G
155,human_eval_test,0,468,7309,6787,D:\PythonProjects\llm_eval\test\human_eval_test\155\155_gen_0.sv,minimax/minimax-m2:free,stop,,gen-1762663138-kTo56hRIQKgN50yI6TDa
3682,aapp_competition_test,0,642,3745,1681,D:\PythonProjects\llm_eval\test\aapp_competition_test\3682\3682_gen_0.sv,minimax/minimax-m2:free,stop,,gen-1762663160-VEQU58wC9DlCAlkWA04a
3525,aapp_competition_test,0,702,5382,1212,D:\PythonProjects\llm_eval\test\aapp_competition_test\3525\3525_gen_0.sv,minimax/minimax-m2:free,stop,,gen-1762663150-r796H3JrfRmN61TzoDJF
3767,aapp_competition_test,0,614,4136,1776,D:\PythonProjects\llm_eval\test\aapp_competition_test\3767\3767_gen_0.sv,minimax/minimax-m2:free,stop,,gen-1762663177-gTQqnIoXyLe5p1xBmfTq
3135,aapp_competition_test,0,605,2783,1402,D:\PythonProjects\llm_eval\test\aapp_competition_test\3135\3135_gen_0.sv,minimax/minimax-m2:free,stop,,gen-1762663210-LhDFAyGwA2g49CY5RpN8
406,mbpp_test,0,389,721,629,D:\PythonProjects\llm_eval\test\mbpp_test\406\406_gen_0.sv,minimax/minimax-m2:free,stop,,gen-1762663250-3nKxiy869omclYyMZSuh
3950,aapp_competition_test,0,805,4933,1737,D:\PythonProjects\llm_eval\test\aapp_competition_test\3950\3950_gen_0.sv,minimax/minimax-m2:free,stop,,gen-1762663200-6TiTyfeQrIh7RdWA5N8m
3104,aapp_competition_test,0,537,15838,14828,D:\PythonProjects\llm_eval\test\aapp_competition_test\3104\3104_gen_0.sv,minimax/minimax-m2:free,stop,,gen-1762663082-bG7yUDObZ1MYKARou4Lf
3871,aapp_competition_test,0,685,20938,20222,D:\PythonProjects\llm_eval\test\aapp_competition_test\3871\3871_gen_0.sv,minimax/minimax-m2:free,stop,,gen-1762663068-J15j3sEKs9sx16xqCdDP
582,mbpp_validation,0,439,809,700,D:\PythonProjects\llm_eval\test\mbpp_validation\582\582_gen_0.sv,minimax/minimax-m2:free,stop,,gen-1762663270-uTL2ACncgsHAIK6UczzB
562,mbpp_validation,0,460,1494,1230,D:\PythonProjects\llm_eval\test\mbpp_validation\562\562_gen_0.sv,minimax/minimax-m2:free,stop,,gen-1762663267-XcahAjpzQC8JXaCg2Tsp
3766,aapp_competition_test,0,611,22923,22402,D:\PythonProjects\llm_eval\test\aapp_competition_test\3766\3766_gen_0.sv,minimax/minimax-m2:free,stop,,gen-1762663056-o7V5ozquIWQ4kX8jk2yc
3059,aapp_competition_test,0,666,2914,1172,D:\PythonProjects\llm_eval\test\aapp_competition_test\3059\3059_gen_0.sv,minimax/minimax-m2:free,stop,,gen-1762663273-J2AjzJ75KDqXoV7sdohQ
3764,aapp_competition_test,0,674,1946,331,D:\PythonProjects\llm_eval\test\aapp_competition_test\3764\3764_gen_0.sv,minimax/minimax-m2:free,stop,,gen-1762663287-SIckgIPY1XzAd1vQfiJt
3530,aapp_competition_test,0,691,3294,1335,D:\PythonProjects\llm_eval\test\aapp_competition_test\3530\3530_gen_0.sv,minimax/minimax-m2:free,stop,,gen-1762663280-QqrKVzJ3MnNHUmV0f8Rs
3357,aapp_competition_test,0,667,6764,1229,D:\PythonProjects\llm_eval\test\aapp_competition_test\3357\3357_gen_0.sv,minimax/minimax-m2:free,stop,,gen-1762663232-GnjggO9XDIGfmQNTfZEl
629,mbpp_train,0,447,7721,7749,D:\PythonProjects\llm_eval\test\mbpp_train\629\629_gen_0.sv,minimax/minimax-m2:free,stop,,gen-1762663260-G33gXTEU0h8xZ7vkRdhL
3877,aapp_competition_test,0,547,16334,16236,D:\PythonProjects\llm_eval\test\aapp_competition_test\3877\3877_gen_0.sv,minimax/minimax-m2:free,stop,,gen-1762663184-QeBMhKjDxOWeFpInRQZr
3686,aapp_competition_test,0,736,5449,1543,D:\PythonProjects\llm_eval\test\aapp_competition_test\3686\3686_gen_0.sv,minimax/minimax-m2:free,stop,,gen-1762663284-FIgKo5ASFBqUMt46onCt
3952,aapp_competition_test,0,559,2906,1270,D:\PythonProjects\llm_eval\test\aapp_competition_test\3952\3952_gen_0.sv,minimax/minimax-m2:free,stop,,gen-1762663317-0dbukNYV0Rvh8nw5YQqm
3493,aapp_competition_test,0,537,2036,1378,D:\PythonProjects\llm_eval\test\aapp_competition_test\3493\3493_gen_0.sv,minimax/minimax-m2:free,stop,,gen-1762663344-xFwTWwMzXsaGOzOSCrJR
412,mbpp_test,0,403,3757,3685,D:\PythonProjects\llm_eval\test\mbpp_test\412\412_gen_0.sv,minimax/minimax-m2:free,stop,,gen-1762663361-1Jfa40uTWzsKWW9HIlbD
292,mbpp_test,0,371,147,80,D:\PythonProjects\llm_eval\test\mbpp_test\292\292_gen_0.sv,minimax/minimax-m2:free,,,gen-1762663395-TKieP487tb2vOsmHTjvk
3200,aapp_competition_test,0,623,5753,1675,D:\PythonProjects\llm_eval\test\aapp_competition_test\3200\3200_gen_0.sv,minimax/minimax-m2:free,stop,,gen-1762663326-uTNC5hSbVTAWSIgeSRim
3491,aapp_competition_test,0,790,18270,15357,D:\PythonProjects\llm_eval\test\aapp_competition_test\3491\3491_gen_0.sv,minimax/minimax-m2:free,stop,,gen-1762663235-8Z1fip9tWbcDwJH73pdE
3878,aapp_competition_test,0,659,9410,2122,D:\PythonProjects\llm_eval\test\aapp_competition_test\3878\3878_gen_0.sv,minimax/minimax-m2:free,stop,,gen-1762663313-NcrxVqYpFM0s8JJyAdBf
3529,aapp_competition_test,0,684,3535,1807,D:\PythonProjects\llm_eval\test\aapp_competition_test\3529\3529_gen_0.sv,minimax/minimax-m2:free,stop,,gen-1762663410-J2sLZAUV7WhQ4lrVMTTx
3359,aapp_competition_test,0,593,13545,12172,D:\PythonProjects\llm_eval\test\aapp_competition_test\3359\3359_gen_0.sv,minimax/minimax-m2:free,stop,,gen-1762663337-X3vovwRDDnn3MvciAqXe
3061,aapp_competition_test,0,589,6038,1128,D:\PythonProjects\llm_eval\test\aapp_competition_test\3061\3061_gen_0.sv,minimax/minimax-m2:free,stop,,gen-1762663402-q68oZ4BUAy3O8MgF7boq
3880,aapp_competition_test,0,611,2905,1213,D:\PythonProjects\llm_eval\test\aapp_competition_test\3880\3880_gen_0.sv,minimax/minimax-m2:free,stop,,gen-1762663457-zqa1tLAJTZExFLazSaw7
3681,aapp_competition_test,0,866,5131,1956,D:\PythonProjects\llm_eval\test\aapp_competition_test\3681\3681_gen_0.sv,minimax/minimax-m2:free,stop,,gen-1762663433-tMbglmyh45B4HCpSZuqi
3189,aapp_competition_test,0,632,35850,34300,D:\PythonProjects\llm_eval\test\aapp_competition_test\3189\3189_gen_0.sv,minimax/minimax-m2:free,stop,,gen-1762663211-87O9kyNozWFkqO2v9NzL
134,human_eval_test,0,615,15189,14669,D:\PythonProjects\llm_eval\test\human_eval_test\134\134_gen_0.sv,minimax/minimax-m2:free,stop,,gen-1762663366-WXbRP9RkMsbYJxmCnL0H
3769,aapp_competition_test,0,575,11325,9927,D:\PythonProjects\llm_eval\test\aapp_competition_test\3769\3769_gen_0.sv,minimax/minimax-m2:free,stop,,gen-1762663445-NrR4QtbZ3geR9agU0d4L
597,mbpp_validation,0,648,3055,1331,D:\PythonProjects\llm_eval\test\mbpp_validation\597\597_gen_0.sv,minimax/minimax-m2:free,stop,,gen-1762663524-ZtqeY4ljieQYuYvDdNeZ
3136,aapp_competition_test,0,770,7858,1332,D:\PythonProjects\llm_eval\test\aapp_competition_test\3136\3136_gen_0.sv,minimax/minimax-m2:free,stop,,gen-1762663491-K4g9RWHcwIOXItZAQDc3
722,mbpp_train,0,522,907,583,D:\PythonProjects\llm_eval\test\mbpp_train\722\722_gen_0.sv,minimax/minimax-m2:free,stop,,gen-1762663562-Aucr26lCi5iRzGkVIEFW
101,mbpp_test,0,603,23517,22781,D:\PythonProjects\llm_eval\test\mbpp_test\101\101_gen_0.sv,minimax/minimax-m2:free,stop,,gen-1762663352-9IMZ7drdurYdlNcENGrS
3048,aapp_competition_test,0,562,1354,956,D:\PythonProjects\llm_eval\test\aapp_competition_test\3048\3048_gen_0.sv,minimax/minimax-m2:free,stop,,gen-1762663573-pSnq3AmTRMCBoNNUr4gG
3489,aapp_competition_test,0,635,8070,1596,D:\PythonProjects\llm_eval\test\aapp_competition_test\3489\3489_gen_0.sv,minimax/minimax-m2:free,stop,,gen-1762663509-rOBOwuoO0WyaEadZdBiM
3134,aapp_competition_test,0,663,34378,33005,D:\PythonProjects\llm_eval\test\aapp_competition_test\3134\3134_gen_0.sv,minimax/minimax-m2:free,stop,,gen-1762663323-u89v4THCHMCD213nqR1u
3528,aapp_competition_test,0,653,4191,944,D:\PythonProjects\llm_eval\test\aapp_competition_test\3528\3528_gen_0.sv,minimax/minimax-m2:free,stop,,gen-1762663579-gcRsq3lVS4rlrhjvOFrl
3360,aapp_competition_test,0,632,12720,10563,D:\PythonProjects\llm_eval\test\aapp_competition_test\3360\3360_gen_0.sv,minimax/minimax-m2:free,stop,,gen-1762663499-fg6HCiC0mzea7j3DQ2Wh
3955,aapp_competition_test,0,703,19188,18140,D:\PythonProjects\llm_eval\test\aapp_competition_test\3955\3955_gen_0.sv,minimax/minimax-m2:free,stop,,gen-1762663478-AHzrUuW719aCry42cBl1
3652,aapp_competition_test,0,755,8219,1284,D:\PythonProjects\llm_eval\test\aapp_competition_test\3652\3652_gen_0.sv,minimax/minimax-m2:free,stop,,gen-1762663588-Hnsl1to7I5687UVGS38N
3881,aapp_competition_test,0,547,3734,1014,D:\PythonProjects\llm_eval\test\aapp_competition_test\3881\3881_gen_0.sv,minimax/minimax-m2:free,stop,,gen-1762663637-OKEX8DmsoJdsGFdJq0Al
3337,aapp_competition_test,0,706,3005,1523,D:\PythonProjects\llm_eval\test\aapp_competition_test\3337\3337_gen_0.sv,minimax/minimax-m2:free,stop,,gen-1762663661-wcNbtZrO0ZeL6yu4hwCk
3205,aapp_competition_test,0,756,4762,1256,D:\PythonProjects\llm_eval\test\aapp_competition_test\3205\3205_gen_0.sv,minimax/minimax-m2:free,stop,,gen-1762663655-UdUx3pe1Eji37SblGiBc
479,mbpp_test,0,441,13517,13254,D:\PythonProjects\llm_eval\test\mbpp_test\479\479_gen_0.sv,minimax/minimax-m2:free,stop,,gen-1762663571-b4nzOsS9J8VOcEb1VOdl
794,mbpp_train,0,423,894,792,D:\PythonProjects\llm_eval\test\mbpp_train\794\794_gen_0.sv,minimax/minimax-m2:free,stop,,gen-1762663709-9Bc1PobjlPmpXx0QCge7
3772,aapp_competition_test,0,526,11808,11575,D:\PythonProjects\llm_eval\test\aapp_competition_test\3772\3772_gen_0.sv,minimax/minimax-m2:free,stop,,gen-1762663624-qe6hQzFRdxVUyOdCJMrK
306,mbpp_test,0,669,2261,912,D:\PythonProjects\llm_eval\test\mbpp_test\306\306_gen_0.sv,minimax/minimax-m2:free,stop,,gen-1762663717-RySCYDm8PNQyruPtD3km
769,mbpp_train,0,457,22471,21393,D:\PythonProjects\llm_eval\test\mbpp_train\769\769_gen_0.sv,minimax/minimax-m2:free,stop,,gen-1762663548-9EZvKPRVSc3t1jq6KQQL
3063,aapp_competition_test,0,531,4860,1922,D:\PythonProjects\llm_eval\test\aapp_competition_test\3063\3063_gen_0.sv,minimax/minimax-m2:free,stop,,gen-1762663718-xf3OquUFuTiTb64wOHKC
3885,aapp_competition_test,0,409,665,611,D:\PythonProjects\llm_eval\test\aapp_competition_test\3885\3885_gen_0.sv,minimax/minimax-m2:free,stop,,gen-1762663761-U8Hew2b48V02c1K81UUT
3689,aapp_competition_test,0,615,3337,1387,D:\PythonProjects\llm_eval\test\aapp_competition_test\3689\3689_gen_0.sv,minimax/minimax-m2:free,stop,,gen-1762663739-WHNkIDDqKBzpZQ060A8P
3957,aapp_competition_test,0,661,3002,836,D:\PythonProjects\llm_eval\test\aapp_competition_test\3957\3957_gen_0.sv,minimax/minimax-m2:free,stop,,gen-1762663772-i6IXnE5rmc8ilUaO5NRW
3778,aapp_competition_test,0,777,4806,1106,D:\PythonProjects\llm_eval\test\aapp_competition_test\3778\3778_gen_0.sv,minimax/minimax-m2:free,stop,,gen-1762663751-d6ypR5XWhtW21aKcBHOa
3140,aapp_competition_test,0,728,4095,1581,D:\PythonProjects\llm_eval\test\aapp_competition_test\3140\3140_gen_0.sv,minimax/minimax-m2:free,stop,,gen-1762663772-njZAgTP60De7WLVHKie2
3366,aapp_competition_test,0,627,1760,961,D:\PythonProjects\llm_eval\test\aapp_competition_test\3366\3366_gen_0.sv,minimax/minimax-m2:free,stop,,gen-1762663815-Y3rIHYlpMXHXOQQhdDl9
0,human_eval_test,0,498,1526,1103,D:\PythonProjects\llm_eval\test\human_eval_test\0\0_gen_0.sv,minimax/minimax-m2:free,stop,,gen-1762663834-F70DQaXL3wg9hcoplMRS
3522,aapp_competition_test,0,487,16783,14925,D:\PythonProjects\llm_eval\test\aapp_competition_test\3522\3522_gen_0.sv,minimax/minimax-m2:free,stop,,gen-1762663720-5ZUlIQHxDY1dviv5ZkLy
3481,aapp_competition_test,0,788,18509,16335,D:\PythonProjects\llm_eval\test\aapp_competition_test\3481\3481_gen_0.sv,minimax/minimax-m2:free,stop,,gen-1762663695-pKfIvpxIHWTDCoAjacKt
3495,aapp_competition_test,0,917,3541,1156,D:\PythonProjects\llm_eval\test\aapp_competition_test\3495\3495_gen_0.sv,minimax/minimax-m2:free,stop,,gen-1762663822-SsEFgfsQcW54LFQ9Pxbv
3209,aapp_competition_test,0,711,6061,1180,D:\PythonProjects\llm_eval\test\aapp_competition_test\3209\3209_gen_0.sv,minimax/minimax-m2:free,stop,,gen-1762663786-AbX7nugT9t64Ucib4uTD
3676,aapp_competition_test,0,628,773,561,D:\PythonProjects\llm_eval\test\aapp_competition_test\3676\3676_gen_0.sv,minimax/minimax-m2:free,stop,,gen-1762663870-vin1WaGpAEnL5FvSlcKS
86,mbpp_test,0,406,7735,7751,D:\PythonProjects\llm_eval\test\mbpp_test\86\86_gen_0.sv,minimax/minimax-m2:free,stop,,gen-1762663829-sCIF14yfzeUZACW9YaLK
3062,aapp_competition_test,0,661,4304,1289,D:\PythonProjects\llm_eval\test\aapp_competition_test\3062\3062_gen_0.sv,minimax/minimax-m2:free,stop,,gen-1762663852-BcGVvCY0Yf9kmGgS8RiB
3884,aapp_competition_test,0,640,3152,1237,D:\PythonProjects\llm_eval\test\aapp_competition_test\3884\3884_gen_0.sv,minimax/minimax-m2:free,stop,,gen-1762663884-XGmRd6N2lW2PoFrj1UKk
3130,aapp_competition_test,0,732,26717,25623,D:\PythonProjects\llm_eval\test\aapp_competition_test\3130\3130_gen_0.sv,minimax/minimax-m2:free,stop,,gen-1762663643-Bue2hVvacfAyYW9YTNKL
3779,aapp_competition_test,0,850,4196,1645,D:\PythonProjects\llm_eval\test\aapp_competition_test\3779\3779_gen_0.sv,minimax/minimax-m2:free,stop,,gen-1762663878-EnvLwAnv6Ohs4YvnDKNI
3144,aapp_competition_test,0,572,2502,1219,D:\PythonProjects\llm_eval\test\aapp_competition_test\3144\3144_gen_0.sv,minimax/minimax-m2:free,stop,,gen-1762663905-InP2RNFmPVSVSi9IZd4K
3958,aapp_competition_test,0,619,3217,1419,D:\PythonProjects\llm_eval\test\aapp_competition_test\3958\3958_gen_0.sv,minimax/minimax-m2:free,stop,,gen-1762663903-5PQEkdNaxouid3fDhxqm
3531,aapp_competition_test,0,705,5917,937,D:\PythonProjects\llm_eval\test\aapp_competition_test\3531\3531_gen_0.sv,minimax/minimax-m2:free,stop,,gen-1762663860-WthP6KOQyaIdeoONVsjK
3211,aapp_competition_test,0,570,3965,1743,D:\PythonProjects\llm_eval\test\aapp_competition_test\3211\3211_gen_0.sv,minimax/minimax-m2:free,stop,,gen-1762663916-AvOTA6rmuhEGaSRhkRgG
3693,aapp_competition_test,0,666,2347,1047,D:\PythonProjects\llm_eval\test\aapp_competition_test\3693\3693_gen_0.sv,minimax/minimax-m2:free,stop,,gen-1762663960-ckczRY4PyKSTP0DAKmsn
3516,aapp_competition_test,0,923,3053,2072,D:\PythonProjects\llm_eval\test\aapp_competition_test\3516\3516_gen_0.sv,minimax/minimax-m2:free,stop,,gen-1762663952-l0ddn832JPyqG4hS4t1x
3064,aapp_competition_test,0,604,3941,1460,D:\PythonProjects\llm_eval\test\aapp_competition_test\3064\3064_gen_0.sv,minimax/minimax-m2:free,stop,,gen-1762663950-tIKnixxCL2X5RHfUo7IQ
3497,aapp_competition_test,0,675,5957,2038,D:\PythonProjects\llm_eval\test\aapp_competition_test\3497\3497_gen_0.sv,minimax/minimax-m2:free,stop,,gen-1762663925-CxIleGzNcv0fZVS3zMAc
3887,aapp_competition_test,0,600,2351,868,D:\PythonProjects\llm_eval\test\aapp_competition_test\3887\3887_gen_0.sv,minimax/minimax-m2:free,stop,,gen-1762663988-krOZakqWaOYqmZdSgsSY
3965,aapp_competition_test,0,627,2334,1399,D:\PythonProjects\llm_eval\test\aapp_competition_test\3965\3965_gen_0.sv,minimax/minimax-m2:free,stop,,gen-1762664003-tD9JmUHV7KihjogGx5l4
3780,aapp_competition_test,0,722,4008,1216,D:\PythonProjects\llm_eval\test\aapp_competition_test\3780\3780_gen_0.sv,minimax/minimax-m2:free,stop,,gen-1762663985-C8omXUnnEw2sOCw0TDXm
3123,aapp_competition_test,0,715,2908,1417,D:\PythonProjects\llm_eval\test\aapp_competition_test\3123\3123_gen_0.sv,minimax/minimax-m2:free,stop,,gen-1762664014-mBZhpoHJEhcJmU5Bgdnm
462,mbpp_test,0,447,782,687,D:\PythonProjects\llm_eval\test\mbpp_test\462\462_gen_0.sv,minimax/minimax-m2:free,stop,,gen-1762664056-AwtyhmTl4ceRvWhThvjQ
103,mbpp_test,0,802,1904,962,D:\PythonProjects\llm_eval\test\mbpp_test\103\103_gen_0.sv,minimax/minimax-m2:free,stop,,gen-1762664067-XaKuIAvV0xHESqeUemfE
3959,aapp_competition_test,0,549,54262,54160,D:\PythonProjects\llm_eval\test\aapp_competition_test\3959\3959_gen_0.sv,minimax/minimax-m2:free,stop,,gen-1762663639-LWRWlNLYjA4hCtmeIn3a
3498,aapp_competition_test,0,585,4625,1362,D:\PythonProjects\llm_eval\test\aapp_competition_test\3498\3498_gen_0.sv,minimax/minimax-m2:free,stop,,gen-1762664027-CK7AD1kbtngthO35cpcD
555,mbpp_validation,0,368,17348,17413,D:\PythonProjects\llm_eval\test\mbpp_validation\555\555_gen_0.sv,minimax/minimax-m2:free,stop,,gen-1762663937-DmTEfJRrMoJ3wPAMt3pW
2,human_eval_test,0,370,713,619,D:\PythonProjects\llm_eval\test\human_eval_test\2\2_gen_0.sv,minimax/minimax-m2:free,stop,,gen-1762664089-g4m9qpvkxT7CoGyiDnoK
631,mbpp_train,0,406,1572,1561,D:\PythonProjects\llm_eval\test\mbpp_train\631\631_gen_0.sv,minimax/minimax-m2:free,stop,,gen-1762664086-CXoHEoQJEwGs9g83H1Rq
3367,aapp_competition_test,0,778,22394,21704,D:\PythonProjects\llm_eval\test\aapp_competition_test\3367\3367_gen_0.sv,minimax/minimax-m2:free,stop,,gen-1762663918-cM7tRc76imZTOSK59tp6
3060,aapp_competition_test,0,615,2526,1282,D:\PythonProjects\llm_eval\test\aapp_competition_test\3060\3060_gen_0.sv,minimax/minimax-m2:free,stop,,gen-1762664097-T77Lu1m94CkqBdBms34t
3786,aapp_competition_test,0,566,2873,1512,D:\PythonProjects\llm_eval\test\aapp_competition_test\3786\3786_gen_0.sv,minimax/minimax-m2:free,stop,,gen-1762664119-wzuy0AtFx88u36xSr8o1
3889,aapp_competition_test,0,555,1445,834,D:\PythonProjects\llm_eval\test\aapp_competition_test\3889\3889_gen_0.sv,minimax/minimax-m2:free,stop,,gen-1762664128-jy9ZQRHzKxgwM87Qxr8x
3368,aapp_competition_test,0,652,11712,10009,D:\PythonProjects\llm_eval\test\aapp_competition_test\3368\3368_gen_0.sv,minimax/minimax-m2:free,stop,,gen-1762664027-p3wyYIgLBYqG6lSUXJiH
3697,aapp_competition_test,0,725,5112,625,D:\PythonProjects\llm_eval\test\aapp_competition_test\3697\3697_gen_0.sv,minimax/minimax-m2:free,stop,,gen-1762664106-kdqxMy6kdmUe7jQO79s2
3058,aapp_competition_test,0,623,131072,133417,D:\PythonProjects\llm_eval\test\aapp_competition_test\3058\3058_gen_0.sv,minimax/minimax-m2:free,length,,gen-1762663145-eG240o3yqdT0QU7Ae2OS
3131,aapp_competition_test,0,658,2306,1431,D:\PythonProjects\llm_eval\test\aapp_competition_test\3131\3131_gen_0.sv,minimax/minimax-m2:free,,,gen-1762664158-Q0HEsJa94Mbk61BBw1bb
594,mbpp_validation,0,479,1218,862,D:\PythonProjects\llm_eval\test\mbpp_validation\594\594_gen_0.sv,minimax/minimax-m2:free,stop,,gen-1762664190-8hck8aXdfpKnA7BbhCIs
3966,aapp_competition_test,0,510,4240,2031,D:\PythonProjects\llm_eval\test\aapp_competition_test\3966\3966_gen_0.sv,minimax/minimax-m2:free,stop,,gen-1762664153-l2i8j1kPSwP4AySoJTeM
3214,aapp_competition_test,0,599,5430,1137,D:\PythonProjects\llm_eval\test\aapp_competition_test\3214\3214_gen_0.sv,minimax/minimax-m2:free,stop,,gen-1762664159-ru9X3RfSGlYrDA0izYnJ
3370,aapp_competition_test,0,695,3844,1357,D:\PythonProjects\llm_eval\test\aapp_competition_test\3370\3370_gen_0.sv,minimax/minimax-m2:free,,,gen-1762664179-8cj5pWeq8cpzz8AhFukk
291,mbpp_test,0,571,14455,14068,D:\PythonProjects\llm_eval\test\mbpp_test\291\291_gen_0.sv,minimax/minimax-m2:free,stop,,gen-1762664094-xrePQkkgcI0u410X7m7z
611,mbpp_train,0,405,1227,861,D:\PythonProjects\llm_eval\test\mbpp_train\611\611_gen_0.sv,minimax/minimax-m2:free,stop,,gen-1762664217-ufIybtZj3OzM5ErFhl54
3538,aapp_competition_test,0,677,2879,836,D:\PythonProjects\llm_eval\test\aapp_competition_test\3538\3538_gen_0.sv,minimax/minimax-m2:free,stop,,gen-1762664232-75s8hY6CxPri9oLOIXh0
3698,aapp_competition_test,0,530,2669,1604,D:\PythonProjects\llm_eval\test\aapp_competition_test\3698\3698_gen_0.sv,minimax/minimax-m2:free,stop,,gen-1762664244-93VDE6uJq2tC8FCvQz4r
3532,aapp_competition_test,0,759,20253,19061,D:\PythonProjects\llm_eval\test\aapp_competition_test\3532\3532_gen_0.sv,minimax/minimax-m2:free,stop,,gen-1762664097-CpeaDLYCenCNb8Y9o9KN
3471,aapp_competition_test,0,779,12118,11133,D:\PythonProjects\llm_eval\test\aapp_competition_test\3471\3471_gen_0.sv,minimax/minimax-m2:free,stop,,gen-1762664188-NFBF63Y6YHeoehCt3D7r
644,mbpp_train,0,423,9154,9136,D:\PythonProjects\llm_eval\test\mbpp_train\644\644_gen_0.sv,minimax/minimax-m2:free,stop,,gen-1762664212-8BQKqK0i7F9Qs3XnMfY4
3790,aapp_competition_test,0,610,3109,846,D:\PythonProjects\llm_eval\test\aapp_competition_test\3790\3790_gen_0.sv,minimax/minimax-m2:free,stop,,gen-1762664274-uVRKzmKDRq2GIQMOa6rg
771,mbpp_train,0,583,14236,13205,D:\PythonProjects\llm_eval\test\mbpp_train\771\771_gen_0.sv,minimax/minimax-m2:free,stop,,gen-1762664204-KBu9eZBeozAJzOdqAzoo
3496,aapp_competition_test,0,598,181,0,D:\PythonProjects\llm_eval\test\aapp_competition_test\3496\3496_gen_0.sv,minimax/minimax-m2:free,stop,,gen-1762664328-5m6gLnC9MQOAysuhcHuk
3890,aapp_competition_test,0,629,4118,1765,D:\PythonProjects\llm_eval\test\aapp_competition_test\3890\3890_gen_0.sv,minimax/minimax-m2:free,stop,,gen-1762664280-kgzmKXQNruSyrUyZKdCi
3142,aapp_competition_test,0,695,2013,878,D:\PythonProjects\llm_eval\test\aapp_competition_test\3142\3142_gen_0.sv,minimax/minimax-m2:free,stop,,gen-1762664311-B2qoB4qUkAvQ6eeEeweA
796,mbpp_train,0,480,697,534,D:\PythonProjects\llm_eval\test\mbpp_train\796\796_gen_0.sv,minimax/minimax-m2:free,stop,,gen-1762664335-S0KLFOtgzJmSWNzKt9RU
409,mbpp_test,0,387,1497,971,D:\PythonProjects\llm_eval\test\mbpp_test\409\409_gen_0.sv,minimax/minimax-m2:free,stop,,gen-1762664335-DjgKdAg2A9tyBJmMFJ02
3212,aapp_competition_test,0,691,3649,1169,D:\PythonProjects\llm_eval\test\aapp_competition_test\3212\3212_gen_0.sv,minimax/minimax-m2:free,stop,,gen-1762664315-PAY0XQ1ZvoriPy4N3q3Y
3089,aapp_competition_test,0,635,4011,1389,D:\PythonProjects\llm_eval\test\aapp_competition_test\3089\3089_gen_0.sv,minimax/minimax-m2:free,stop,,gen-1762664344-mO1yFTuNEDYtmzaSGVGG
3371,aapp_competition_test,0,706,5589,1606,D:\PythonProjects\llm_eval\test\aapp_competition_test\3371\3371_gen_0.sv,minimax/minimax-m2:free,stop,,gen-1762664319-XfsjtKX7K06bKxvpFDm3
3893,aapp_competition_test,0,647,1203,635,D:\PythonProjects\llm_eval\test\aapp_competition_test\3893\3893_gen_0.sv,minimax/minimax-m2:free,stop,,gen-1762664396-VZvSqGkBokgx6eR5e81g
3795,aapp_competition_test,0,580,2654,1543,D:\PythonProjects\llm_eval\test\aapp_competition_test\3795\3795_gen_0.sv,minimax/minimax-m2:free,stop,,gen-1762664383-EYb2Y2m3cWWbpQRfza2q
311,mbpp_test,0,468,9700,9689,D:\PythonProjects\llm_eval\test\mbpp_test\311\311_gen_0.sv,minimax/minimax-m2:free,stop,,gen-1762664342-5vBBESw8FSRmvkDAonR9
3969,aapp_competition_test,0,549,2708,1797,D:\PythonProjects\llm_eval\test\aapp_competition_test\3969\3969_gen_0.sv,minimax/minimax-m2:free,stop,,gen-1762664411-csPQpsqcMlaCxHHVKxlC
3536,aapp_competition_test,0,647,8039,7332,D:\PythonProjects\llm_eval\test\aapp_competition_test\3536\3536_gen_0.sv,minimax/minimax-m2:free,stop,,gen-1762664356-keCZdVbmsqnKGyf6R6Un
3143,aapp_competition_test,0,623,2030,1010,D:\PythonProjects\llm_eval\test\aapp_competition_test\3143\3143_gen_0.sv,minimax/minimax-m2:free,stop,,gen-1762664419-7EC2gO718uSz8RTmWAFj
3066,aapp_competition_test,0,674,23379,22100,D:\PythonProjects\llm_eval\test\aapp_competition_test\3066\3066_gen_0.sv,minimax/minimax-m2:free,stop,,gen-1762664231-lf2fI1zCwzIvo5x2qayy
741,mbpp_train,0,469,1057,782,D:\PythonProjects\llm_eval\test\mbpp_train\741\741_gen_0.sv,minimax/minimax-m2:free,,,gen-1762664453-lfXMRpocBW5zwvz58M42
3372,aapp_competition_test,0,876,2780,1293,D:\PythonProjects\llm_eval\test\aapp_competition_test\3372\3372_gen_0.sv,minimax/minimax-m2:free,stop,,gen-1762664441-LzxYSNDlMCKxO7YQUgr2
3963,aapp_competition_test,0,677,17747,16615,D:\PythonProjects\llm_eval\test\aapp_competition_test\3963\3963_gen_0.sv,minimax/minimax-m2:free,stop,,gen-1762664297-loEa1cdRpFFrk4vxdHMh
3222,aapp_competition_test,0,607,4152,879,D:\PythonProjects\llm_eval\test\aapp_competition_test\3222\3222_gen_0.sv,minimax/minimax-m2:free,stop,,gen-1762664430-ofhZfEuZ9gyKWvG1wDjT
3702,aapp_competition_test,0,558,1381,1030,D:\PythonProjects\llm_eval\test\aapp_competition_test\3702\3702_gen_0.sv,minimax/minimax-m2:free,stop,,gen-1762664486-tzvX1d18ywYc5Ggbv7lB
105,human_eval_test,0,648,3051,1314,D:\PythonProjects\llm_eval\test\human_eval_test\105\105_gen_0.sv,minimax/minimax-m2:free,stop,,gen-1762664467-edfCY8Z77SUcLgk7LK0z
3070,aapp_competition_test,0,725,4167,1695,D:\PythonProjects\llm_eval\test\aapp_competition_test\3070\3070_gen_0.sv,minimax/minimax-m2:free,stop,,gen-1762664471-JhfSgoLtkU8VMDX81Wjo
3196,aapp_competition_test,0,615,131072,131342,D:\PythonProjects\llm_eval\test\aapp_competition_test\3196\3196_gen_0.sv,minimax/minimax-m2:free,length,,gen-1762663499-Zb3OgFrsAj3WNbEkqYOp
3791,aapp_competition_test,0,662,2528,870,D:\PythonProjects\llm_eval\test\aapp_competition_test\3791\3791_gen_0.sv,minimax/minimax-m2:free,stop,,gen-1762664503-7XOB0gotvyr677HfGdpv
3542,aapp_competition_test,0,594,5325,1487,D:\PythonProjects\llm_eval\test\aapp_competition_test\3542\3542_gen_0.sv,minimax/minimax-m2:free,stop,,gen-1762664480-dbGWYgy4TT97mdqZzfXa
3895,aapp_competition_test,0,644,2712,1050,D:\PythonProjects\llm_eval\test\aapp_competition_test\3895\3895_gen_0.sv,minimax/minimax-m2:free,stop,,gen-1762664511-wPmItJGXcuNyCiHjdYK0
3375,aapp_competition_test,0,639,2405,1453,D:\PythonProjects\llm_eval\test\aapp_competition_test\3375\3375_gen_0.sv,minimax/minimax-m2:free,stop,,gen-1762664540-ZtKb5NPgYdytahN31jtX
85,mbpp_test,0,439,13222,13124,D:\PythonProjects\llm_eval\test\mbpp_test\85\85_gen_0.sv,minimax/minimax-m2:free,stop,,gen-1762664448-JlcWcEcqCdFDNq9z5ARq
554,mbpp_validation,0,495,1081,780,D:\PythonProjects\llm_eval\test\mbpp_validation\554\554_gen_0.sv,minimax/minimax-m2:free,stop,,gen-1762664572-URarnnmT9HBoaqPDMpkb
3150,aapp_competition_test,0,664,4045,1535,D:\PythonProjects\llm_eval\test\aapp_competition_test\3150\3150_gen_0.sv,minimax/minimax-m2:free,stop,,gen-1762664535-qU0RjTA6P2H4YKZTYPjs
3221,aapp_competition_test,0,735,4726,1292,D:\PythonProjects\llm_eval\test\aapp_competition_test\3221\3221_gen_0.sv,minimax/minimax-m2:free,stop,,gen-1762664536-BcgiAroMxkJilMRxroSD
580,mbpp_validation,0,674,3122,1578,D:\PythonProjects\llm_eval\test\mbpp_validation\580\580_gen_0.sv,minimax/minimax-m2:free,stop,,gen-1762664580-wwZjO1OED05aTXd0MQ8h
60,human_eval_test,0,404,10260,10246,D:\PythonProjects\llm_eval\test\human_eval_test\60\60_gen_0.sv,minimax/minimax-m2:free,stop,,gen-1762664542-ZaDuXB1rVub2szXYEMiu
3537,aapp_competition_test,0,645,2967,988,D:\PythonProjects\llm_eval\test\aapp_competition_test\3537\3537_gen_0.sv,minimax/minimax-m2:free,stop,,gen-1762664590-WPT0qGMlcuF95432LVwN
3706,aapp_competition_test,0,521,2920,932,D:\PythonProjects\llm_eval\test\aapp_competition_test\3706\3706_gen_0.sv,minimax/minimax-m2:free,stop,,gen-1762664599-xX0ZN955Co3ORDJGf1Jy
3775,aapp_competition_test,0,641,2896,939,D:\PythonProjects\llm_eval\test\aapp_competition_test\3775\3775_gen_0.sv,minimax/minimax-m2:free,stop,,gen-1762664626-nKLVIScZZ0u88Wm0ElIf
3968,aapp_competition_test,0,688,2691,1825,D:\PythonProjects\llm_eval\test\aapp_competition_test\3968\3968_gen_0.sv,minimax/minimax-m2:free,stop,,gen-1762664634-NJoTwwnVKiZhb33shuWG
3970,aapp_competition_test,0,582,18702,17947,D:\PythonProjects\llm_eval\test\aapp_competition_test\3970\3970_gen_0.sv,minimax/minimax-m2:free,stop,,gen-1762664533-xb7PBpKFcNrAtSFkWS3a
3694,aapp_competition_test,0,642,36675,34603,D:\PythonProjects\llm_eval\test\aapp_competition_test\3694\3694_gen_0.sv,minimax/minimax-m2:free,stop,,gen-1762664370-f4p8KcOEwglCSYgQEmXD
61,human_eval_test,0,469,1666,883,D:\PythonProjects\llm_eval\test\human_eval_test\61\61_gen_0.sv,minimax/minimax-m2:free,stop,,gen-1762664705-H2UdQ9QRgKi74lwo8ioa
417,mbpp_test,0,618,2902,1067,D:\PythonProjects\llm_eval\test\mbpp_test\417\417_gen_0.sv,minimax/minimax-m2:free,stop,,gen-1762664711-DvRAP94TwdWiXZeKTxOu
3488,aapp_competition_test,0,701,31139,29764,D:\PythonProjects\llm_eval\test\aapp_competition_test\3488\3488_gen_0.sv,minimax/minimax-m2:free,stop,,gen-1762664445-BdVt58JKEInmOU1SgGXy
633,mbpp_train,0,466,1039,789,D:\PythonProjects\llm_eval\test\mbpp_train\633\633_gen_0.sv,minimax/minimax-m2:free,,,gen-1762664751-dZVEkIDh8WkaxHSreGFh
457,mbpp_test,0,449,2531,2280,D:\PythonProjects\llm_eval\test\mbpp_test\457\457_gen_0.sv,minimax/minimax-m2:free,stop,,gen-1762664741-7jVrbeNRMbeqAc7Dw8Cz
290,mbpp_test,0,487,1100,821,D:\PythonProjects\llm_eval\test\mbpp_test\290\290_gen_0.sv,minimax/minimax-m2:free,stop,,gen-1762664766-TB9nPIf7N8LH4ULPKQih
105,mbpp_test,0,402,6131,6160,D:\PythonProjects\llm_eval\test\mbpp_test\105\105_gen_0.sv,minimax/minimax-m2:free,stop,,gen-1762664723-mTP4cjZR8hHy0Nhl7DmS
107,human_eval_test,0,597,1942,1153,D:\PythonProjects\llm_eval\test\human_eval_test\107\107_gen_0.sv,minimax/minimax-m2:free,stop,,gen-1762664760-1LTs0iJ6GWTNSJVj6QOE
3543,aapp_competition_test,0,644,2503,1030,D:\PythonProjects\llm_eval\test\aapp_competition_test\3543\3543_gen_0.sv,minimax/minimax-m2:free,stop,,gen-1762664784-B8i6aqj2cCXNgVeUdE8G
3217,aapp_competition_test,0,687,16042,15247,D:\PythonProjects\llm_eval\test\aapp_competition_test\3217\3217_gen_0.sv,minimax/minimax-m2:free,stop,,gen-1762664666-zw7T6tT1nsP54kE2erUu
3365,aapp_competition_test,0,665,20334,18465,D:\PythonProjects\llm_eval\test\aapp_competition_test\3365\3365_gen_0.sv,minimax/minimax-m2:free,stop,,gen-1762664666-LcaMDU5wLCHqvYEGPqf0
3146,aapp_competition_test,0,773,28232,26685,D:\PythonProjects\llm_eval\test\aapp_competition_test\3146\3146_gen_0.sv,minimax/minimax-m2:free,stop,,gen-1762664639-aqdKyksAcbrCh3wktQVh
3073,aapp_competition_test,0,679,7043,1574,D:\PythonProjects\llm_eval\test\aapp_competition_test\3073\3073_gen_0.sv,minimax/minimax-m2:free,stop,,gen-1762664781-3cdZ8ZC6uQt5S9bBEPLo
3074,aapp_competition_test,0,643,33400,32553,D:\PythonProjects\llm_eval\test\aapp_competition_test\3074\3074_gen_0.sv,minimax/minimax-m2:free,stop,,gen-1762664588-K7AYIPVCochV9Eu2kREI
3883,aapp_competition_test,0,669,4381,1729,D:\PythonProjects\llm_eval\test\aapp_competition_test\3883\3883_gen_0.sv,minimax/minimax-m2:free,stop,,gen-1762664844-DaKygodVYxgtznCy4pa6
3152,aapp_competition_test,0,710,2108,1053,D:\PythonProjects\llm_eval\test\aapp_competition_test\3152\3152_gen_0.sv,minimax/minimax-m2:free,stop,,gen-1762664875-xPWiqXlBaPh1UKRURZVz
33,human_eval_test,0,462,2000,965,D:\PythonProjects\llm_eval\test\human_eval_test\33\33_gen_0.sv,minimax/minimax-m2:free,stop,,gen-1762664904-7YDRQ2bu6583EDBUrZl0
3899,aapp_competition_test,0,541,32101,30860,D:\PythonProjects\llm_eval\test\aapp_competition_test\3899\3899_gen_0.sv,minimax/minimax-m2:free,stop,,gen-1762664634-ncrPkZoyCbHsIIBWA6mP
578,mbpp_validation,0,606,131072,133090,D:\PythonProjects\llm_eval\test\mbpp_validation\578\578_gen_0.sv,minimax/minimax-m2:free,length,,gen-1762663948-icOin39GyZqa3P1gu0DI
772,mbpp_train,0,582,3681,1350,D:\PythonProjects\llm_eval\test\mbpp_train\772\772_gen_0.sv,minimax/minimax-m2:free,stop,,gen-1762664924-ZSelwN3Zq9U8zB3y46MK
3710,aapp_competition_test,0,538,4381,0,D:\PythonProjects\llm_eval\test\aapp_competition_test\3710\3710_gen_0.sv,minimax/minimax-m2:free,,,gen-1762664789-6zfRSJm3a6d0z0wzzyso
3972,aapp_competition_test,0,616,14067,13782,D:\PythonProjects\llm_eval\test\aapp_competition_test\3972\3972_gen_0.sv,minimax/minimax-m2:free,stop,,gen-1762664873-VUU66V11rNh45ehDCvSe
3546,aapp_competition_test,0,821,2816,1176,D:\PythonProjects\llm_eval\test\aapp_competition_test\3546\3546_gen_0.sv,minimax/minimax-m2:free,stop,,gen-1762664973-hx3rRtwrLrEoq6Kl7CMc
3075,aapp_competition_test,0,715,3575,1059,D:\PythonProjects\llm_eval\test\aapp_competition_test\3075\3075_gen_0.sv,minimax/minimax-m2:free,stop,,gen-1762664960-bY44M4oqHv7ZUK38AqT3
3805,aapp_competition_test,0,560,17458,17255,D:\PythonProjects\llm_eval\test\aapp_competition_test\3805\3805_gen_0.sv,minimax/minimax-m2:free,stop,,gen-1762664819-qJL94qgbIOLNAA1pROqH
721,mbpp_train,0,661,4250,1288,D:\PythonProjects\llm_eval\test\mbpp_train\721\721_gen_0.sv,minimax/minimax-m2:free,stop,,gen-1762664953-QsRGoKLyiKzUOI9n3UnE
3714,aapp_competition_test,0,598,3533,1532,D:\PythonProjects\llm_eval\test\aapp_competition_test\3714\3714_gen_0.sv,minimax/minimax-m2:free,stop,,gen-1762664977-NFnB4jZjr7az3KSv5Kjv
3978,aapp_competition_test,0,566,2939,863,D:\PythonProjects\llm_eval\test\aapp_competition_test\3978\3978_gen_0.sv,minimax/minimax-m2:free,stop,,gen-1762665009-IETu7RC5DGqmedfyqGXx
3156,aapp_competition_test,0,622,4043,2325,D:\PythonProjects\llm_eval\test\aapp_competition_test\3156\3156_gen_0.sv,minimax/minimax-m2:free,stop,,gen-1762665015-Dqc6PWVXE81NqlX0zuqs
3380,aapp_competition_test,0,550,16843,16422,D:\PythonProjects\llm_eval\test\aapp_competition_test\3380\3380_gen_0.sv,minimax/minimax-m2:free,stop,,gen-1762664895-HGd59QzaGcLpJ9WZIuCs
3377,aapp_competition_test,0,743,2309,1024,D:\PythonProjects\llm_eval\test\aapp_competition_test\3377\3377_gen_0.sv,minimax/minimax-m2:free,,,gen-1762665027-0nlHpenQwjcxDMj9tnBY
3226,aapp_competition_test,0,554,2407,1046,D:\PythonProjects\llm_eval\test\aapp_competition_test\3226\3226_gen_0.sv,minimax/minimax-m2:free,stop,,gen-1762665025-jxipPoYUpJhS8SSMc9uC
3802,aapp_competition_test,0,654,4834,1383,D:\PythonProjects\llm_eval\test\aapp_competition_test\3802\3802_gen_0.sv,minimax/minimax-m2:free,stop,,gen-1762665007-o0PDGZEReovJXlUF52co
388,mbpp_test,0,526,1544,958,D:\PythonProjects\llm_eval\test\mbpp_test\388\388_gen_0.sv,minimax/minimax-m2:free,stop,,gen-1762665060-44RRT6ZDZoX8iDDuxOiR
791,mbpp_train,0,522,1565,886,D:\PythonProjects\llm_eval\test\mbpp_train\791\791_gen_0.sv,minimax/minimax-m2:free,stop,,gen-1762665058-WON4t5uTga3DhNzCkbou
3553,aapp_competition_test,0,566,3674,1128,D:\PythonProjects\llm_eval\test\aapp_competition_test\3553\3553_gen_0.sv,minimax/minimax-m2:free,stop,,gen-1762665061-nfBEazp1FZljgwp1bO4X
3216,aapp_competition_test,0,688,24585,23193,D:\PythonProjects\llm_eval\test\aapp_competition_test\3216\3216_gen_0.sv,minimax/minimax-m2:free,stop,,gen-1762664886-UBw6FZn9OGoVsx7UcBOk
3712,aapp_competition_test,0,785,2890,945,D:\PythonProjects\llm_eval\test\aapp_competition_test\3712\3712_gen_0.sv,minimax/minimax-m2:free,,,gen-1762665073-ZCNyC24fYZuSaTUuEXNw
3213,aapp_competition_test,0,735,131072,132761,D:\PythonProjects\llm_eval\test\aapp_competition_test\3213\3213_gen_0.sv,minimax/minimax-m2:free,length,,gen-1762664021-q36xmg7Zn1X5ATBA8gNZ
3225,aapp_competition_test,0,620,2511,1070,D:\PythonProjects\llm_eval\test\aapp_competition_test\3225\3225_gen_0.sv,minimax/minimax-m2:free,stop,,gen-1762665121-vRyydxDvP97LiC9TdzCw
3154,aapp_competition_test,0,732,2822,1210,D:\PythonProjects\llm_eval\test\aapp_competition_test\3154\3154_gen_0.sv,minimax/minimax-m2:free,stop,,gen-1762665121-3MueimaWQnHd5TKDQt99
89,mbpp_test,0,349,620,554,D:\PythonProjects\llm_eval\test\mbpp_test\89\89_gen_0.sv,minimax/minimax-m2:free,stop,,gen-1762665159-Kbr2OHKgVOi8F6MKIHeS
3379,aapp_competition_test,0,699,2735,938,D:\PythonProjects\llm_eval\test\aapp_competition_test\3379\3379_gen_0.sv,minimax/minimax-m2:free,stop,,gen-1762665136-FH01MvGHUgodOIzRDd68
3903,aapp_competition_test,0,545,16559,15029,D:\PythonProjects\llm_eval\test\aapp_competition_test\3903\3903_gen_0.sv,minimax/minimax-m2:free,stop,,gen-1762665009-68XH6eTuf2hbMZKqguRw
3807,aapp_competition_test,0,698,15784,15009,D:\PythonProjects\llm_eval\test\aapp_competition_test\3807\3807_gen_0.sv,minimax/minimax-m2:free,stop,,gen-1762665077-U7RIvzfQ8vA0TcKVVo1S
27,human_eval_test,0,397,5633,5512,D:\PythonProjects\llm_eval\test\human_eval_test\27\27_gen_0.sv,minimax/minimax-m2:free,stop,,gen-1762665167-dt2iDxHFeYPE5DwTW3vN
3904,aapp_competition_test,0,561,15385,14847,D:\PythonProjects\llm_eval\test\aapp_competition_test\3904\3904_gen_0.sv,minimax/minimax-m2:free,stop,,gen-1762665080-vWOQ6rbdcMhVNxSvCm4j
3076,aapp_competition_test,0,675,16914,15955,D:\PythonProjects\llm_eval\test\aapp_competition_test\3076\3076_gen_0.sv,minimax/minimax-m2:free,stop,,gen-1762665061-jlU66DYzttQOUNLj2yfZ
3806,aapp_competition_test,0,525,827,612,D:\PythonProjects\llm_eval\test\aapp_competition_test\3806\3806_gen_0.sv,minimax/minimax-m2:free,stop,,gen-1762665224-bVxILXOvJaXBZQb2iDOg
34,human_eval_test,0,478,20162,19457,D:\PythonProjects\llm_eval\test\human_eval_test\34\34_gen_0.sv,minimax/minimax-m2:free,stop,,gen-1762665040-lteJtI3vhRqeAPrhwnZE
3139,aapp_competition_test,0,722,2223,1354,D:\PythonProjects\llm_eval\test\aapp_competition_test\3139\3139_gen_0.sv,minimax/minimax-m2:free,stop,,gen-1762665234-QmmKEunE8ogABvHYgtI5
3229,aapp_competition_test,0,607,4001,1305,D:\PythonProjects\llm_eval\test\aapp_competition_test\3229\3229_gen_0.sv,minimax/minimax-m2:free,stop,,gen-1762665243-GorNQXf80FOSybJTYbYe
3716,aapp_competition_test,0,522,10060,9565,D:\PythonProjects\llm_eval\test\aapp_competition_test\3716\3716_gen_0.sv,minimax/minimax-m2:free,stop,,gen-1762665211-tim46q5LFeEqX1smtD6X
3352,aapp_competition_test,0,730,4647,1133,D:\PythonProjects\llm_eval\test\aapp_competition_test\3352\3352_gen_0.sv,minimax/minimax-m2:free,stop,,gen-1762665263-8JMvvs2X77Dmgl5lD9vx
3554,aapp_competition_test,0,626,11397,1866,D:\PythonProjects\llm_eval\test\aapp_competition_test\3554\3554_gen_0.sv,minimax/minimax-m2:free,stop,,gen-1762665177-VuTapTXJBvOccVZP885x
3080,aapp_competition_test,0,632,15866,13715,D:\PythonProjects\llm_eval\test\aapp_competition_test\3080\3080_gen_0.sv,minimax/minimax-m2:free,stop,,gen-1762665167-ztidEIZYX153PIO1h4Ku
3905,aapp_competition_test,0,704,7031,1445,D:\PythonProjects\llm_eval\test\aapp_competition_test\3905\3905_gen_0.sv,minimax/minimax-m2:free,stop,,gen-1762665225-IZfUi1YI8QCscUFqeKtY
586,mbpp_validation,0,416,747,635,D:\PythonProjects\llm_eval\test\mbpp_validation\586\586_gen_0.sv,minimax/minimax-m2:free,stop,,gen-1762665322-xX9FHuG9jb6iSp9ojNCQ
576,mbpp_validation,0,580,2241,996,D:\PythonProjects\llm_eval\test\mbpp_validation\576\576_gen_0.sv,minimax/minimax-m2:free,stop,,gen-1762665313-cEaEjkOttKvYGB7SxArX
607,mbpp_train,0,541,1733,882,D:\PythonProjects\llm_eval\test\mbpp_train\607\607_gen_0.sv,minimax/minimax-m2:free,stop,,gen-1762665321-BGeFrKmPKD99ev0OQIa6
139,human_eval_test,0,548,21117,20245,D:\PythonProjects\llm_eval\test\human_eval_test\139\139_gen_0.sv,minimax/minimax-m2:free,stop,,gen-1762665157-4lFsejrYieo5mQZtY0DR
3705,aapp_competition_test,0,546,1501,1040,D:\PythonProjects\llm_eval\test\aapp_competition_test\3705\3705_gen_0.sv,minimax/minimax-m2:free,stop,,gen-1762665340-9niVGEpvzysvRh123rwt
3776,aapp_competition_test,0,738,1877,1035,D:\PythonProjects\llm_eval\test\aapp_competition_test\3776\3776_gen_0.sv,minimax/minimax-m2:free,stop,,gen-1762665344-WEJPU88qIn7NoYKEAuM2
3534,aapp_competition_test,0,626,2751,1113,D:\PythonProjects\llm_eval\test\aapp_competition_test\3534\3534_gen_0.sv,minimax/minimax-m2:free,stop,,gen-1762665331-HEZIF5UDbuHvQ4k9QD7V
558,mbpp_validation,0,568,9173,9074,D:\PythonProjects\llm_eval\test\mbpp_validation\558\558_gen_0.sv,minimax/minimax-m2:free,stop,,gen-1762665304-UFFv79xurZrWbgIv8G64
3911,aapp_competition_test,0,635,2529,1315,D:\PythonProjects\llm_eval\test\aapp_competition_test\3911\3911_gen_0.sv,minimax/minimax-m2:free,stop,,gen-1762665357-cHKzKFakZdEjRbXNXygK
140,human_eval_test,0,558,2600,1288,D:\PythonProjects\llm_eval\test\human_eval_test\140\140_gen_0.sv,minimax/minimax-m2:free,stop,,gen-1762665398-8iXvKVlLVIrJtJ4b6oT2
464,mbpp_test,0,439,975,721,D:\PythonProjects\llm_eval\test\mbpp_test\464\464_gen_0.sv,minimax/minimax-m2:free,stop,,gen-1762665426-KZD4pz9APwRPjutgE7xe
637,mbpp_train,0,363,1163,1108,D:\PythonProjects\llm_eval\test\mbpp_train\637\637_gen_0.sv,minimax/minimax-m2:free,stop,,gen-1762665438-QSbO8JP4c2wq0lY29ix5
3977,aapp_competition_test,0,674,37360,35687,D:\PythonProjects\llm_eval\test\aapp_competition_test\3977\3977_gen_0.sv,minimax/minimax-m2:free,stop,,gen-1762665116-6mIaS0rQd6QaQUsWxfMP
86,human_eval_test,0,616,15543,14510,D:\PythonProjects\llm_eval\test\human_eval_test\86\86_gen_0.sv,minimax/minimax-m2:free,stop,,gen-1762665301-0R367QwW7hrJd7HSnBFV
102,mbpp_test,0,592,1659,833,D:\PythonProjects\llm_eval\test\mbpp_test\102\102_gen_0.sv,minimax/minimax-m2:free,stop,,gen-1762665451-8buzGVviXT7dnW6KMrPn
82,human_eval_test,0,436,714,603,D:\PythonProjects\llm_eval\test\human_eval_test\82\82_gen_0.sv,minimax/minimax-m2:free,stop,,gen-1762665462-uc2k1xSwKl4YeZgcHPzw
3157,aapp_competition_test,0,685,9945,8717,D:\PythonProjects\llm_eval\test\aapp_competition_test\3157\3157_gen_0.sv,minimax/minimax-m2:free,stop,,gen-1762665366-WydYhXYexb4oghrhSzWz
283,mbpp_test,0,380,1180,324,D:\PythonProjects\llm_eval\test\mbpp_test\283\283_gen_0.sv,minimax/minimax-m2:free,stop,,gen-1762665463-7FwHQDt9FJIk7cGO07ms
3981,aapp_competition_test,0,625,27065,22625,D:\PythonProjects\llm_eval\test\aapp_competition_test\3981\3981_gen_0.sv,minimax/minimax-m2:free,stop,,gen-1762665233-OLJAeSxQKMecOscL8Ns1
3985,aapp_competition_test,0,579,15326,13788,D:\PythonProjects\llm_eval\test\aapp_competition_test\3985\3985_gen_0.sv,minimax/minimax-m2:free,stop,,gen-1762665359-SfoxxFvd2SwiZJCFnMwb
3228,aapp_competition_test,0,766,20953,19959,D:\PythonProjects\llm_eval\test\aapp_competition_test\3228\3228_gen_0.sv,minimax/minimax-m2:free,stop,,gen-1762665370-PjuayInmikyNNbnGhmRY
3987,aapp_competition_test,0,695,3404,2149,D:\PythonProjects\llm_eval\test\aapp_competition_test\3987\3987_gen_0.sv,minimax/minimax-m2:free,stop,,gen-1762665513-SvIO24ntMpwT7RNrZpcM
3858,aapp_competition_test,0,532,9619,9029,D:\PythonProjects\llm_eval\test\aapp_competition_test\3858\3858_gen_0.sv,minimax/minimax-m2:free,stop,,gen-1762665489-LUYxeSGqM20pOCKezZ9N
3081,aapp_competition_test,0,667,13622,12367,D:\PythonProjects\llm_eval\test\aapp_competition_test\3081\3081_gen_0.sv,minimax/minimax-m2:free,stop,,gen-1762665469-7RkSEVy3wcAAGLaBjkno
3558,aapp_competition_test,0,577,11559,1507,D:\PythonProjects\llm_eval\test\aapp_competition_test\3558\3558_gen_0.sv,minimax/minimax-m2:free,stop,,gen-1762665470-VWHvA6mTP0a84HXQKqmR
3082,aapp_competition_test,0,762,33752,31752,D:\PythonProjects\llm_eval\test\aapp_competition_test\3082\3082_gen_0.sv,minimax/minimax-m2:free,stop,,gen-1762665324-ROapGygZxwBmfHraqNRI
35,human_eval_test,0,462,4415,4112,D:\PythonProjects\llm_eval\test\human_eval_test\35\35_gen_0.sv,minimax/minimax-m2:free,stop,,gen-1762665599-vKOokIDCs0ZEwsAVpiyl
606,mbpp_train,0,411,1125,942,D:\PythonProjects\llm_eval\test\mbpp_train\606\606_gen_0.sv,minimax/minimax-m2:free,stop,,gen-1762665636-ZgxnqYH4AFHuCnlWFBj3
3230,aapp_competition_test,0,602,6017,1416,D:\PythonProjects\llm_eval\test\aapp_competition_test\3230\3230_gen_0.sv,minimax/minimax-m2:free,stop,,gen-1762665576-qAl4v4W6eCgNn3pva0xW
3161,aapp_competition_test,0,630,7880,2424,D:\PythonProjects\llm_eval\test\aapp_competition_test\3161\3161_gen_0.sv,minimax/minimax-m2:free,stop,,gen-1762665564-Bnb3Xc1b7kglqnHKszDW
773,mbpp_train,0,504,3412,1461,D:\PythonProjects\llm_eval\test\mbpp_train\773\773_gen_0.sv,minimax/minimax-m2:free,stop,,gen-1762665626-S44bjIMRys4u666a40Li
3815,aapp_competition_test,0,740,5199,1928,D:\PythonProjects\llm_eval\test\aapp_competition_test\3815\3815_gen_0.sv,minimax/minimax-m2:free,stop,,gen-1762665686-NaOfdQf2d2KZZuGLksTS
3559,aapp_competition_test,0,796,10145,1354,D:\PythonProjects\llm_eval\test\aapp_competition_test\3559\3559_gen_0.sv,minimax/minimax-m2:free,stop,,gen-1762665648-29vE2vg32qtTHXT8wkpH
3715,aapp_competition_test,0,548,30735,29972,D:\PythonProjects\llm_eval\test\aapp_competition_test\3715\3715_gen_0.sv,minimax/minimax-m2:free,stop,,gen-1762665472-2cwzZTYftkBOeMUtz6zj
3984,aapp_competition_test,0,703,1414,404,D:\PythonProjects\llm_eval\test\aapp_competition_test\3984\3984_gen_0.sv,minimax/minimax-m2:free,stop,,gen-1762665735-pxw2zrOCW5XpJiR0vZtb
3385,aapp_competition_test,0,506,1681,1074,D:\PythonProjects\llm_eval\test\aapp_competition_test\3385\3385_gen_0.sv,minimax/minimax-m2:free,stop,,gen-1762665757-VuktiwxIFcNKmEYy9sV1
62,human_eval_test,0,397,1135,882,D:\PythonProjects\llm_eval\test\human_eval_test\62\62_gen_0.sv,minimax/minimax-m2:free,stop,,gen-1762665783-PxNVV3otYrxdwTtFfW02
3720,aapp_competition_test,0,573,15949,15788,D:\PythonProjects\llm_eval\test\aapp_competition_test\3720\3720_gen_0.sv,minimax/minimax-m2:free,stop,,gen-1762665668-R1ccvS2QvVPFdxpIg5zU
51,human_eval_test,0,513,1476,1186,D:\PythonProjects\llm_eval\test\human_eval_test\51\51_gen_0.sv,minimax/minimax-m2:free,,,gen-1762665798-2l9aUStqPscgHwGThFfv
792,mbpp_train,0,387,459,371,D:\PythonProjects\llm_eval\test\mbpp_train\792\792_gen_0.sv,minimax/minimax-m2:free,stop,,gen-1762665817-OcjHvS89UYkgD4XzE1M8
3158,aapp_competition_test,0,745,6600,1323,D:\PythonProjects\llm_eval\test\aapp_competition_test\3158\3158_gen_0.sv,minimax/minimax-m2:free,stop,,gen-1762665738-QBo7qrFK7Wit320GiU67
438,mbpp_test,0,446,3234,863,D:\PythonProjects\llm_eval\test\mbpp_test\438\438_gen_0.sv,minimax/minimax-m2:free,stop,,gen-1762665811-wWc02dlt2cniOi54X3J8
3231,aapp_competition_test,0,659,6300,1957,D:\PythonProjects\llm_eval\test\aapp_competition_test\3231\3231_gen_0.sv,minimax/minimax-m2:free,stop,,gen-1762665754-OwtPDQBAoLuTo6BPy8cm
3383,aapp_competition_test,0,679,26531,24526,D:\PythonProjects\llm_eval\test\aapp_competition_test\3383\3383_gen_0.sv,minimax/minimax-m2:free,stop,,gen-1762665589-fQxlNmLhTYHc13JcrWZp
312,mbpp_test,0,585,1556,1109,D:\PythonProjects\llm_eval\test\mbpp_test\312\312_gen_0.sv,minimax/minimax-m2:free,stop,,gen-1762665824-U4gxbGHbuvZxl6SYnAQj
3083,aapp_competition_test,0,693,3448,1436,D:\PythonProjects\llm_eval\test\aapp_competition_test\3083\3083_gen_0.sv,minimax/minimax-m2:free,stop,,gen-1762665837-HngzBosrbBt0nA2SNfnu
3817,aapp_competition_test,0,584,2934,1326,D:\PythonProjects\llm_eval\test\aapp_competition_test\3817\3817_gen_0.sv,minimax/minimax-m2:free,stop,,gen-1762665870-n6Wl1wXOpaWhNSOc7QPu
591,mbpp_validation,0,466,131072,131895,D:\PythonProjects\llm_eval\test\mbpp_validation\591\591_gen_0.sv,minimax/minimax-m2:free,length,,gen-1762664918-4vyUSbFNmqfsrnzx9wZj
3562,aapp_competition_test,0,714,6098,1410,D:\PythonProjects\llm_eval\test\aapp_competition_test\3562\3562_gen_0.sv,minimax/minimax-m2:free,stop,,gen-1762665838-t4cfJF1akXnY70Ddwe8n
3085,aapp_competition_test,0,526,26994,25801,D:\PythonProjects\llm_eval\test\aapp_competition_test\3085\3085_gen_0.sv,minimax/minimax-m2:free,stop,,gen-1762665645-dFQC2FAxMAe0YWB92uwW
3164,aapp_competition_test,0,648,2994,1167,D:\PythonProjects\llm_eval\test\aapp_competition_test\3164\3164_gen_0.sv,minimax/minimax-m2:free,stop,,gen-1762665920-tmGE7Mr7WEnRCiPshMTN
3912,aapp_competition_test,0,665,32104,30703,D:\PythonProjects\llm_eval\test\aapp_competition_test\3912\3912_gen_0.sv,minimax/minimax-m2:free,stop,,gen-1762665688-ILBvLS9ycBuMSvwwaU8T
3989,aapp_competition_test,0,615,11616,10764,D:\PythonProjects\llm_eval\test\aapp_competition_test\3989\3989_gen_0.sv,minimax/minimax-m2:free,stop,,gen-1762665886-r1qODQd9eMLyT9DguJ5L
612,mbpp_train,0,454,1205,1084,D:\PythonProjects\llm_eval\test\mbpp_train\612\612_gen_0.sv,minimax/minimax-m2:free,stop,,gen-1762665990-DPfM4jCzuF7EkYiNhUHE
90,mbpp_test,0,343,799,611,D:\PythonProjects\llm_eval\test\mbpp_test\90\90_gen_0.sv,minimax/minimax-m2:free,stop,,gen-1762666003-oRKSs1cExvI0to0ovjYC
3387,aapp_competition_test,0,684,5961,1161,D:\PythonProjects\llm_eval\test\aapp_competition_test\3387\3387_gen_0.sv,minimax/minimax-m2:free,stop,,gen-1762665927-2T8VqCsi3Z9Z9hdTlX7K
3084,aapp_competition_test,0,616,1448,636,D:\PythonProjects\llm_eval\test\aapp_competition_test\3084\3084_gen_0.sv,minimax/minimax-m2:free,stop,,gen-1762666012-NMaYTMu3yhFlXBW2QY9F
3913,aapp_competition_test,0,609,15497,14664,D:\PythonProjects\llm_eval\test\aapp_competition_test\3913\3913_gen_0.sv,minimax/minimax-m2:free,stop,,gen-1762665883-tExGTU6yJjp3bZVf5b3A
610,mbpp_train,0,465,9417,9317,D:\PythonProjects\llm_eval\test\mbpp_train\610\610_gen_0.sv,minimax/minimax-m2:free,stop,,gen-1762665974-iMnLlkAy1oiB9ORzPCep
3824,aapp_competition_test,0,531,1176,751,D:\PythonProjects\llm_eval\test\aapp_competition_test\3824\3824_gen_0.sv,minimax/minimax-m2:free,stop,,gen-1762666050-zJ0QAjiqT5NntV22H8g8
3703,aapp_competition_test,0,532,2941,1365,D:\PythonProjects\llm_eval\test\aapp_competition_test\3703\3703_gen_0.sv,minimax/minimax-m2:free,stop,,gen-1762666027-psF6FXgfnnftFozqwy3h
3564,aapp_competition_test,0,818,5797,1232,D:\PythonProjects\llm_eval\test\aapp_competition_test\3564\3564_gen_0.sv,minimax/minimax-m2:free,stop,,gen-1762666016-7RSnM09bUwUZD28dkpWT
114,human_eval_test,0,573,15373,14987,D:\PythonProjects\llm_eval\test\human_eval_test\114\114_gen_0.sv,minimax/minimax-m2:free,stop,,gen-1762665943-oehAD9A8VQDLnGh0xEgZ
3717,aapp_competition_test,0,760,32171,29638,D:\PythonProjects\llm_eval\test\aapp_competition_test\3717\3717_gen_0.sv,minimax/minimax-m2:free,stop,,gen-1762665842-5EdzwwwnT74vXzIQBs3M
3165,aapp_competition_test,0,672,3814,1273,D:\PythonProjects\llm_eval\test\aapp_competition_test\3165\3165_gen_0.sv,minimax/minimax-m2:free,stop,,gen-1762666070-2DTxUH8yLrb3EY0HRZw8
8,human_eval_test,0,434,1389,759,D:\PythonProjects\llm_eval\test\human_eval_test\8\8_gen_0.sv,minimax/minimax-m2:free,stop,,gen-1762666113-NeI7IaW5lsvjiXu9Dd2C
3384,aapp_competition_test,0,670,37597,36378,D:\PythonProjects\llm_eval\test\aapp_competition_test\3384\3384_gen_0.sv,minimax/minimax-m2:free,stop,,gen-1762665789-KcgrjZ5hxbMVAbGwHgVM
3988,aapp_competition_test,0,656,5199,1839,D:\PythonProjects\llm_eval\test\aapp_competition_test\3988\3988_gen_0.sv,minimax/minimax-m2:free,,,gen-1762666066-hzX1DyeRkusWZw1EJ5Zq
557,mbpp_validation,0,401,1032,764,D:\PythonProjects\llm_eval\test\mbpp_validation\557\557_gen_0.sv,minimax/minimax-m2:free,stop,,gen-1762666124-qYOffhV1mZ2BeNlPrfN2
3916,aapp_competition_test,0,475,7789,7251,D:\PythonProjects\llm_eval\test\aapp_competition_test\3916\3916_gen_0.sv,minimax/minimax-m2:free,stop,,gen-1762666063-0rpFq2wsKhIa6tEvbwVK
3388,aapp_competition_test,0,638,3134,1247,D:\PythonProjects\llm_eval\test\aapp_competition_test\3388\3388_gen_0.sv,minimax/minimax-m2:free,stop,,gen-1762666104-YRL7pGWXtCU21fkBpx54
584,mbpp_validation,0,593,2746,1230,D:\PythonProjects\llm_eval\test\mbpp_validation\584\584_gen_0.sv,minimax/minimax-m2:free,stop,,gen-1762666129-dbKyQHN4eN9h3i4PXmfT
3091,aapp_competition_test,0,574,2921,1317,D:\PythonProjects\llm_eval\test\aapp_competition_test\3091\3091_gen_0.sv,minimax/minimax-m2:free,stop,,gen-1762666130-K9EKbKnbeYhHCxTXlegD
3709,aapp_competition_test,0,480,3616,3362,D:\PythonProjects\llm_eval\test\aapp_competition_test\3709\3709_gen_0.sv,minimax/minimax-m2:free,stop,,gen-1762666138-iISyZyUekAygpr2o4l0E
3915,aapp_competition_test,0,612,2767,1338,D:\PythonProjects\llm_eval\test\aapp_competition_test\3915\3915_gen_0.sv,minimax/minimax-m2:free,stop,,gen-1762666148-KuG9SGywIDswRnkfL5KX
3571,aapp_competition_test,0,713,3820,1121,D:\PythonProjects\llm_eval\test\aapp_competition_test\3571\3571_gen_0.sv,minimax/minimax-m2:free,stop,,gen-1762666136-shPUllRsDOljVlQkRDQX
87,human_eval_test,0,740,2232,1132,D:\PythonProjects\llm_eval\test\human_eval_test\87\87_gen_0.sv,minimax/minimax-m2:free,stop,,gen-1762666191-34TiZcPojNVg3SKnZyxN
3203,aapp_competition_test,0,581,29552,28146,D:\PythonProjects\llm_eval\test\aapp_competition_test\3203\3203_gen_0.sv,minimax/minimax-m2:free,stop,,gen-1762665925-LN3uEkVJjBLgafhMcYL2
470,mbpp_test,0,420,923,764,D:\PythonProjects\llm_eval\test\mbpp_test\470\470_gen_0.sv,minimax/minimax-m2:free,stop,,gen-1762666219-UIadyeTYtRfPn4fa6U40
3374,aapp_competition_test,0,745,5515,1158,D:\PythonProjects\llm_eval\test\aapp_competition_test\3374\3374_gen_0.sv,minimax/minimax-m2:free,stop,,gen-1762666184-9xUdNX65cUDTxZRXhXU7
3995,aapp_competition_test,0,538,7143,6989,D:\PythonProjects\llm_eval\test\aapp_competition_test\3995\3995_gen_0.sv,minimax/minimax-m2:free,stop,,gen-1762666167-OsworbAqg8bYKoc9hamP
106,mbpp_test,0,462,696,514,D:\PythonProjects\llm_eval\test\mbpp_test\106\106_gen_0.sv,minimax/minimax-m2:free,stop,,gen-1762666235-ayXq5vQmFuhoG9aPleIP
635,mbpp_train,0,502,3798,1389,D:\PythonProjects\llm_eval\test\mbpp_train\635\635_gen_0.sv,minimax/minimax-m2:free,stop,,gen-1762666221-TgILF3mm9dTJ5vV4XlDk
605,mbpp_train,0,493,1899,972,D:\PythonProjects\llm_eval\test\mbpp_train\605\605_gen_0.sv,minimax/minimax-m2:free,stop,,gen-1762666271-oZC9T9f7QdmDni6yMczn
3234,aapp_competition_test,0,602,25418,24239,D:\PythonProjects\llm_eval\test\aapp_competition_test\3234\3234_gen_0.sv,minimax/minimax-m2:free,stop,,gen-1762666102-GhQFQvsWEJupLVFWjUlo
755,mbpp_train,0,531,12454,11396,D:\PythonProjects\llm_eval\test\mbpp_train\755\755_gen_0.sv,minimax/minimax-m2:free,stop,,gen-1762666230-pIyIvV1vtZsNAiJobfdK
3574,aapp_competition_test,0,622,1560,1228,D:\PythonProjects\llm_eval\test\aapp_competition_test\3574\3574_gen_0.sv,minimax/minimax-m2:free,stop,,gen-1762666352-msttb9quidomB31H8Dbf
29,human_eval_test,0,571,13756,13458,D:\PythonProjects\llm_eval\test\human_eval_test\29\29_gen_0.sv,minimax/minimax-m2:free,stop,,gen-1762666239-URm8sKr5FJOJBWh4ghIG
3725,aapp_competition_test,0,643,2668,1674,D:\PythonProjects\llm_eval\test\aapp_competition_test\3725\3725_gen_0.sv,minimax/minimax-m2:free,stop,,gen-1762666366-X01UPRnJ29BkNh9HI47v
3926,aapp_competition_test,0,683,3272,1126,D:\PythonProjects\llm_eval\test\aapp_competition_test\3926\3926_gen_0.sv,minimax/minimax-m2:free,stop,,gen-1762666398-uNwvYb2wzIZ18hNtPjnO
3159,aapp_competition_test,0,638,4671,1540,D:\PythonProjects\llm_eval\test\aapp_competition_test\3159\3159_gen_0.sv,minimax/minimax-m2:free,stop,,gen-1762666442-4GSqLEXRkoWsohcR2Lgu
295,mbpp_test,0,534,28204,27624,D:\PythonProjects\llm_eval\test\mbpp_test\295\295_gen_0.sv,minimax/minimax-m2:free,stop,,gen-1762666247-RElIhRBomOXRtk0XdJ88
3810,aapp_competition_test,0,618,131072,133035,D:\PythonProjects\llm_eval\test\aapp_competition_test\3810\3810_gen_0.sv,minimax/minimax-m2:free,length,,gen-1762665473-4e0yJoWT4L2sbRPR63Jz
3094,aapp_competition_test,0,699,22321,21415,D:\PythonProjects\llm_eval\test\aapp_competition_test\3094\3094_gen_0.sv,minimax/minimax-m2:free,stop,,gen-1762666299-kwJ7CYGfegsESqKR4SGs
3373,aapp_competition_test,0,560,3451,1763,D:\PythonProjects\llm_eval\test\aapp_competition_test\3373\3373_gen_0.sv,minimax/minimax-m2:free,stop,,gen-1762666508-4F2FzW0SAOiOYfGiX5Ci
3993,aapp_competition_test,0,681,15435,14587,D:\PythonProjects\llm_eval\test\aapp_competition_test\3993\3993_gen_0.sv,minimax/minimax-m2:free,,,gen-1762666400-IeNWPfMeSTFovXLoxL0r
113,human_eval_test,0,407,5326,5215,D:\PythonProjects\llm_eval\test\human_eval_test\113\113_gen_0.sv,minimax/minimax-m2:free,stop,,gen-1762666511-4exwpSlrAeOoWugCpmAP
776,mbpp_train,0,492,1396,765,D:\PythonProjects\llm_eval\test\mbpp_train\776\776_gen_0.sv,minimax/minimax-m2:free,stop,,gen-1762666546-Mb3P1MUY57vnNoEf6SMk
728,mbpp_train,0,469,1062,921,D:\PythonProjects\llm_eval\test\mbpp_train\728\728_gen_0.sv,minimax/minimax-m2:free,stop,,gen-1762666554-eTMoZ2ZlSxA5shnI1JWU
3826,aapp_competition_test,0,588,21192,19183,D:\PythonProjects\llm_eval\test\aapp_competition_test\3826\3826_gen_0.sv,minimax/minimax-m2:free,stop,,gen-1762666374-vDEyT9D7EoMphYTiLW5T
3097,aapp_competition_test,0,460,2420,1305,D:\PythonProjects\llm_eval\test\aapp_competition_test\3097\3097_gen_0.sv,minimax/minimax-m2:free,stop,,gen-1762666560-4rWbU1wdd5B0yLfqccMe
3723,aapp_competition_test,0,675,2679,1151,D:\PythonProjects\llm_eval\test\aapp_competition_test\3723\3723_gen_0.sv,minimax/minimax-m2:free,stop,,gen-1762666569-fVkNOKK10GvUnNYMMujx
3822,aapp_competition_test,0,738,44358,43340,D:\PythonProjects\llm_eval\test\aapp_competition_test\3822\3822_gen_0.sv,minimax/minimax-m2:free,,,gen-1762666144-SHnu1Q7rUOSyJEPtR2eR
3924,aapp_competition_test,0,676,2902,1767,D:\PythonProjects\llm_eval\test\aapp_competition_test\3924\3924_gen_0.sv,minimax/minimax-m2:free,stop,,gen-1762666594-BmSiBNq8BN7WY3QGGQFh
3568,aapp_competition_test,0,789,5165,1316,D:\PythonProjects\llm_eval\test\aapp_competition_test\3568\3568_gen_0.sv,minimax/minimax-m2:free,stop,,gen-1762666566-ye0BhYjBMpFS54QZJWjR
3153,aapp_competition_test,0,647,2280,1404,D:\PythonProjects\llm_eval\test\aapp_competition_test\3153\3153_gen_0.sv,minimax/minimax-m2:free,stop,,gen-1762666606-MdIpGpfLwGSn3OAspzUX
432,mbpp_test,0,503,12763,12793,D:\PythonProjects\llm_eval\test\mbpp_test\432\432_gen_0.sv,minimax/minimax-m2:free,stop,,gen-1762666534-txXV1pN1vhssV1k4iPE5
156,human_eval_test,0,492,1753,920,D:\PythonProjects\llm_eval\test\human_eval_test\156\156_gen_0.sv,minimax/minimax-m2:free,stop,,gen-1762666657-MZLDORUw6zHXfCZgyjrv
3392,aapp_competition_test,0,620,3912,1489,D:\PythonProjects\llm_eval\test\aapp_competition_test\3392\3392_gen_0.sv,minimax/minimax-m2:free,stop,,gen-1762666635-6g59USgTORLGmPqei7AT
88,human_eval_test,0,594,3414,1050,D:\PythonProjects\llm_eval\test\human_eval_test\88\88_gen_0.sv,minimax/minimax-m2:free,stop,,gen-1762666640-VLOHmvR9pAmwhEIFp2pn
3242,aapp_competition_test,0,552,9204,8451,D:\PythonProjects\llm_eval\test\aapp_competition_test\3242\3242_gen_0.sv,minimax/minimax-m2:free,stop,,gen-1762666623-GXSC3m5H8VCz50CziuRJ
799,mbpp_train,0,393,4282,4287,D:\PythonProjects\llm_eval\test\mbpp_train\799\799_gen_0.sv,minimax/minimax-m2:free,stop,,gen-1762666677-Ht9VY8NdL1uy1TVrj57e
307,mbpp_test,0,562,4961,4813,D:\PythonProjects\llm_eval\test\mbpp_test\307\307_gen_0.sv,minimax/minimax-m2:free,stop,,gen-1762666677-DwzkXfNVWRJM0UZGknU2
3572,aapp_competition_test,0,657,3065,1963,D:\PythonProjects\llm_eval\test\aapp_competition_test\3572\3572_gen_0.sv,minimax/minimax-m2:free,stop,,gen-1762666714-nH2oPHxw48NPO8UCZg0F
3996,aapp_competition_test,0,719,15622,14806,D:\PythonProjects\llm_eval\test\aapp_competition_test\3996\3996_gen_0.sv,minimax/minimax-m2:free,stop,,gen-1762666604-5HcibeTX3OsenbN9ztIx
3830,aapp_competition_test,0,446,2042,1261,D:\PythonProjects\llm_eval\test\aapp_competition_test\3830\3830_gen_0.sv,minimax/minimax-m2:free,stop,,gen-1762666725-xQiA6JPJlTA3YwUy9ArF
3721,aapp_competition_test,0,678,3601,1336,D:\PythonProjects\llm_eval\test\aapp_competition_test\3721\3721_gen_0.sv,minimax/minimax-m2:free,stop,,gen-1762666721-kN14nrWgS6A9vpLZx6uB
3828,aapp_competition_test,0,547,19345,18807,D:\PythonProjects\llm_eval\test\aapp_competition_test\3828\3828_gen_0.sv,minimax/minimax-m2:free,stop,,gen-1762666574-3nci60OTlZ5ugef0eS7Z
3898,aapp_competition_test,0,559,1990,1398,D:\PythonProjects\llm_eval\test\aapp_competition_test\3898\3898_gen_0.sv,minimax/minimax-m2:free,stop,,gen-1762666748-aBEADP2A0DajN65LtlVk
3994,aapp_competition_test,0,665,2575,1091,D:\PythonProjects\llm_eval\test\aapp_competition_test\3994\3994_gen_0.sv,minimax/minimax-m2:free,stop,,gen-1762666752-M8XoK9ewx3WbG8iYyzu4
740,mbpp_train,0,435,307,180,D:\PythonProjects\llm_eval\test\mbpp_train\740\740_gen_0.sv,minimax/minimax-m2:free,stop,,gen-1762666795-thQMGBJBT5YRcAGqu3Wl
3170,aapp_competition_test,0,642,3548,1080,D:\PythonProjects\llm_eval\test\aapp_competition_test\3170\3170_gen_0.sv,minimax/minimax-m2:free,stop,,gen-1762666752-9SWh8vBBRxH24hro1c6s
3393,aapp_competition_test,0,716,3702,1596,D:\PythonProjects\llm_eval\test\aapp_competition_test\3393\3393_gen_0.sv,minimax/minimax-m2:free,stop,,gen-1762666775-n9k3gqPm0uPV08gGRPDg
16,mbpp_test,0,492,1295,731,D:\PythonProjects\llm_eval\test\mbpp_test\16\16_gen_0.sv,minimax/minimax-m2:free,stop,,gen-1762666800-Ihf6adE3akwI2mD6iFFu
616,mbpp_train,0,447,1707,1599,D:\PythonProjects\llm_eval\test\mbpp_train\616\616_gen_0.sv,minimax/minimax-m2:free,stop,,gen-1762666799-l8nTvr6KwRuyqLgT7edI
3078,aapp_competition_test,0,548,16514,16177,D:\PythonProjects\llm_eval\test\aapp_competition_test\3078\3078_gen_0.sv,minimax/minimax-m2:free,stop,,gen-1762666686-G3BD9bPAWIqNWrkXP6i7
3246,aapp_competition_test,0,783,6028,1036,D:\PythonProjects\llm_eval\test\aapp_competition_test\3246\3246_gen_0.sv,minimax/minimax-m2:free,stop,,gen-1762666771-GByypNb13qHLZp5MvvI9
3570,aapp_competition_test,0,742,4047,1855,D:\PythonProjects\llm_eval\test\aapp_competition_test\3570\3570_gen_0.sv,minimax/minimax-m2:free,stop,,gen-1762666819-zNYkIPYKPLAMNwOMJKfm
3086,aapp_competition_test,0,950,4733,1108,D:\PythonProjects\llm_eval\test\aapp_competition_test\3086\3086_gen_0.sv,minimax/minimax-m2:free,stop,,gen-1762666810-c03PR35HOgAGK3DY4c70
3829,aapp_competition_test,0,622,3172,1250,D:\PythonProjects\llm_eval\test\aapp_competition_test\3829\3829_gen_0.sv,minimax/minimax-m2:free,stop,,gen-1762666850-VGGxgoNinfYmmTJsEfjU
3163,aapp_competition_test,0,598,1645,662,D:\PythonProjects\llm_eval\test\aapp_competition_test\3163\3163_gen_0.sv,minimax/minimax-m2:free,stop,,gen-1762666881-VwcqFLUDTBdcDjfJvJvz
3738,aapp_competition_test,0,622,3503,1389,D:\PythonProjects\llm_eval\test\aapp_competition_test\3738\3738_gen_0.sv,minimax/minimax-m2:free,stop,,gen-1762666821-U90FfyHJj5S55akf2V9j
3927,aapp_competition_test,0,551,5594,1639,D:\PythonProjects\llm_eval\test\aapp_competition_test\3927\3927_gen_0.sv,minimax/minimax-m2:free,stop,,gen-1762666859-2Dme5x6I2fE38IFdCoMd
10,human_eval_test,0,499,2391,934,D:\PythonProjects\llm_eval\test\human_eval_test\10\10_gen_0.sv,minimax/minimax-m2:free,stop,,gen-1762666906-1qWq0nFw6KUOTSjaoEKQ
3248,aapp_competition_test,0,644,2722,1295,D:\PythonProjects\llm_eval\test\aapp_competition_test\3248\3248_gen_0.sv,minimax/minimax-m2:free,stop,,gen-1762666897-lxp6IREvxfxncILhJbxf
587,mbpp_validation,0,365,635,581,D:\PythonProjects\llm_eval\test\mbpp_validation\587\587_gen_0.sv,minimax/minimax-m2:free,stop,,gen-1762666938-QQuBvwaIAC0QvKcSi9Ur
723,mbpp_train,0,439,1072,948,D:\PythonProjects\llm_eval\test\mbpp_train\723\723_gen_0.sv,minimax/minimax-m2:free,stop,,gen-1762666936-i2SO26BbYtwaMeTPklLm
3390,aapp_competition_test,0,575,3791,1230,D:\PythonProjects\llm_eval\test\aapp_competition_test\3390\3390_gen_0.sv,minimax/minimax-m2:free,stop,,gen-1762666903-tdfgdCmYl73LPqVyJy5b
560,mbpp_validation,0,474,1461,835,D:\PythonProjects\llm_eval\test\mbpp_validation\560\560_gen_0.sv,minimax/minimax-m2:free,stop,,gen-1762666938-u2aZuZH2M7rTqqYsvAVY
3072,aapp_competition_test,0,597,2411,915,D:\PythonProjects\llm_eval\test\aapp_competition_test\3072\3072_gen_0.sv,minimax/minimax-m2:free,stop,,gen-1762666945-6JDDn8vf30ty9MguTQSV
3741,aapp_competition_test,0,618,3339,1384,D:\PythonProjects\llm_eval\test\aapp_competition_test\3741\3741_gen_0.sv,minimax/minimax-m2:free,stop,,gen-1762666953-HB4grZe8oQoulUYG9hHs
3997,aapp_competition_test,0,647,16750,15625,D:\PythonProjects\llm_eval\test\aapp_competition_test\3997\3997_gen_0.sv,minimax/minimax-m2:free,stop,,gen-1762666873-g6sPFaoroaAoAadmZiya
446,mbpp_test,0,407,131072,133107,D:\PythonProjects\llm_eval\test\mbpp_test\446\446_gen_0.sv,minimax/minimax-m2:free,length,,gen-1762666000-h6qXwDMpHf29Wtx9bXL0
3998,aapp_competition_test,0,768,4750,1210,D:\PythonProjects\llm_eval\test\aapp_competition_test\3998\3998_gen_0.sv,minimax/minimax-m2:free,,,gen-1762666994-XyYl5lpX5Xgova57Ubzl
3240,aapp_competition_test,0,685,3063,1332,D:\PythonProjects\llm_eval\test\aapp_competition_test\3240\3240_gen_0.sv,minimax/minimax-m2:free,stop,,gen-1762667029-lLIdGvi33vM1rphLwtw2
3932,aapp_competition_test,0,466,13383,12480,D:\PythonProjects\llm_eval\test\aapp_competition_test\3932\3932_gen_0.sv,minimax/minimax-m2:free,stop,,gen-1762666976-zwbdlGjzpMwvQHG43uUr
3394,aapp_competition_test,0,758,4414,1152,D:\PythonProjects\llm_eval\test\aapp_competition_test\3394\3394_gen_0.sv,minimax/minimax-m2:free,stop,,gen-1762667060-NaZvY7Zu1ctzmOjYDfB0
472,mbpp_test,0,534,2737,982,D:\PythonProjects\llm_eval\test\mbpp_test\472\472_gen_0.sv,minimax/minimax-m2:free,stop,,gen-1762667105-3lL4bWl8Hf0n07oUmfWL
3254,aapp_competition_test,0,556,11058,9920,D:\PythonProjects\llm_eval\test\aapp_competition_test\3254\3254_gen_0.sv,minimax/minimax-m2:free,stop,,gen-1762667041-Pw3gVGq9pEnPmICqQLgI
762,mbpp_train,0,377,403,310,D:\PythonProjects\llm_eval\test\mbpp_train\762\762_gen_0.sv,minimax/minimax-m2:free,stop,,gen-1762667150-oN92vr0gIIcAogatYqH3
36,human_eval_test,0,508,12553,12154,D:\PythonProjects\llm_eval\test\human_eval_test\36\36_gen_0.sv,minimax/minimax-m2:free,,,gen-1762667080-cINp4PrSiiOlO3OVIRUr
104,mbpp_test,0,561,3626,1453,D:\PythonProjects\llm_eval\test\mbpp_test\104\104_gen_0.sv,minimax/minimax-m2:free,stop,,gen-1762667163-0sBiN5en0KXW88KbH4ho
55,human_eval_test,0,478,2624,1927,D:\PythonProjects\llm_eval\test\human_eval_test\55\55_gen_0.sv,minimax/minimax-m2:free,stop,,gen-1762667206-W9yv9He1wwWv4ZKAcU8T
784,mbpp_train,0,590,2476,1457,D:\PythonProjects\llm_eval\test\mbpp_train\784\784_gen_0.sv,minimax/minimax-m2:free,stop,,gen-1762667211-GlnQlWh35hYuu6Mi8nS3
425,mbpp_test,0,502,10999,10378,D:\PythonProjects\llm_eval\test\mbpp_test\425\425_gen_0.sv,minimax/minimax-m2:free,stop,,gen-1762667143-H7WSxN27dclIK0ji38uS
294,mbpp_test,0,448,2956,2768,D:\PythonProjects\llm_eval\test\mbpp_test\294\294_gen_0.sv,minimax/minimax-m2:free,stop,,gen-1762667234-D7Iir2igyhxDlWlbIp5H
3504,aapp_competition_test,0,735,2430,1207,D:\PythonProjects\llm_eval\test\aapp_competition_test\3504\3504_gen_0.sv,minimax/minimax-m2:free,stop,,gen-1762667243-MANLmeZBhN0gOjyjm9fC
3832,aapp_competition_test,0,555,32980,31955,D:\PythonProjects\llm_eval\test\aapp_competition_test\3832\3832_gen_0.sv,minimax/minimax-m2:free,stop,,gen-1762666961-Zag9HDue0hiud2gxiCSt
3160,aapp_competition_test,0,622,131072,132367,D:\PythonProjects\llm_eval\test\aapp_competition_test\3160\3160_gen_0.sv,minimax/minimax-m2:free,length,,gen-1762666173-EhzCl9JtTmeOqHzZcd6W
3582,aapp_competition_test,0,574,5620,1636,D:\PythonProjects\llm_eval\test\aapp_competition_test\3582\3582_gen_0.sv,minimax/minimax-m2:free,stop,,gen-1762667244-iW4AJ35XSNl0fXpZR7IQ
638,mbpp_train,0,518,20112,19681,D:\PythonProjects\llm_eval\test\mbpp_train\638\638_gen_0.sv,minimax/minimax-m2:free,stop,,gen-1762667122-OlAVE5ndgUe8S71hiOZY
3107,aapp_competition_test,0,738,4695,1468,D:\PythonProjects\llm_eval\test\aapp_competition_test\3107\3107_gen_0.sv,minimax/minimax-m2:free,stop,,gen-1762667286-dxuEHQvmzd8k9VH9sPUo
3575,aapp_competition_test,0,573,40122,38360,D:\PythonProjects\llm_eval\test\aapp_competition_test\3575\3575_gen_0.sv,minimax/minimax-m2:free,stop,,gen-1762666948-uBy02wN9KU5lgUP8fnSr
3255,aapp_competition_test,0,690,4238,1370,D:\PythonProjects\llm_eval\test\aapp_competition_test\3255\3255_gen_0.sv,minimax/minimax-m2:free,stop,,gen-1762667327-uRcleBxkPYU5UWwEeFKz
3395,aapp_competition_test,0,820,3819,869,D:\PythonProjects\llm_eval\test\aapp_competition_test\3395\3395_gen_0.sv,minimax/minimax-m2:free,stop,,gen-1762667351-8S2eiSuLQRlhniD6mtfA
141,human_eval_test,0,507,3168,1589,D:\PythonProjects\llm_eval\test\human_eval_test\141\141_gen_0.sv,minimax/minimax-m2:free,stop,,gen-1762667362-CQkO4PpiaCfR94cXEa1u
3934,aapp_competition_test,0,513,13932,13648,D:\PythonProjects\llm_eval\test\aapp_competition_test\3934\3934_gen_0.sv,minimax/minimax-m2:free,stop,,gen-1762667278-HgTjsypDIiOT9GM9cwOj
777,mbpp_train,0,523,2272,1227,D:\PythonProjects\llm_eval\test\mbpp_train\777\777_gen_0.sv,minimax/minimax-m2:free,stop,,gen-1762667388-yOI3E3Fuj5BJgJW1XWpO
732,mbpp_train,0,474,1043,813,D:\PythonProjects\llm_eval\test\mbpp_train\732\732_gen_0.sv,minimax/minimax-m2:free,stop,,gen-1762667404-kNIlFxZ6mGN7c70VGzjU
3581,aapp_competition_test,0,638,3182,1340,D:\PythonProjects\llm_eval\test\aapp_competition_test\3581\3581_gen_0.sv,minimax/minimax-m2:free,stop,,gen-1762667409-gGbUnq9fLPVXHKcoebiY
3172,aapp_competition_test,0,642,4758,2279,D:\PythonProjects\llm_eval\test\aapp_competition_test\3172\3172_gen_0.sv,minimax/minimax-m2:free,stop,,gen-1762667418-WhS2UEUNnuseB6sAWady
3933,aapp_competition_test,0,525,2942,1387,D:\PythonProjects\llm_eval\test\aapp_competition_test\3933\3933_gen_0.sv,minimax/minimax-m2:free,stop,,gen-1762667451-9mZq0FEqtyRHP4JV46b2
3836,aapp_competition_test,0,610,6831,1787,D:\PythonProjects\llm_eval\test\aapp_competition_test\3836\3836_gen_0.sv,minimax/minimax-m2:free,stop,,gen-1762667415-yT5jpNwuwnGAEOVWbWuG
3232,aapp_competition_test,0,517,131072,132407,D:\PythonProjects\llm_eval\test\aapp_competition_test\3232\3232_gen_0.sv,minimax/minimax-m2:free,length,,gen-1762666505-OQ7C4oHiatGjNosVtJht
3178,aapp_competition_test,0,580,4065,1287,D:\PythonProjects\llm_eval\test\aapp_competition_test\3178\3178_gen_0.sv,minimax/minimax-m2:free,stop,,gen-1762667489-Fa2dR2f0t0ho7zPfXlkc
3264,aapp_competition_test,0,473,4718,1660,D:\PythonProjects\llm_eval\test\aapp_competition_test\3264\3264_gen_0.sv,minimax/minimax-m2:free,stop,,gen-1762667513-kkwJqzEtkHLXHGUmGFYu
3112,aapp_competition_test,0,641,5645,1275,D:\PythonProjects\llm_eval\test\aapp_competition_test\3112\3112_gen_0.sv,minimax/minimax-m2:free,stop,,gen-1762667481-6mwpj4YHRQK0YjJzGrct
3833,aapp_competition_test,0,654,31429,29280,D:\PythonProjects\llm_eval\test\aapp_competition_test\3833\3833_gen_0.sv,minimax/minimax-m2:free,stop,,gen-1762667274-3A3hl41Z0STBguUUJR7s
3399,aapp_competition_test,0,742,4996,1312,D:\PythonProjects\llm_eval\test\aapp_competition_test\3399\3399_gen_0.sv,minimax/minimax-m2:free,,,gen-1762667516-MSx8xsJ8sv7u8povUa6B
3744,aapp_competition_test,0,702,16549,14907,D:\PythonProjects\llm_eval\test\aapp_competition_test\3744\3744_gen_0.sv,minimax/minimax-m2:free,stop,,gen-1762667413-3kmzbmyyneS3GmwmXwfD
800,mbpp_train,0,563,1329,764,D:\PythonProjects\llm_eval\test\mbpp_train\800\800_gen_0.sv,minimax/minimax-m2:free,stop,,gen-1762667572-qKTXYcNTEPFqShAiRsND
3508,aapp_competition_test,0,606,18997,18317,D:\PythonProjects\llm_eval\test\aapp_competition_test\3508\3508_gen_0.sv,minimax/minimax-m2:free,stop,,gen-1762667409-1BJvKY2nmOHghPkiUGlg
69,mbpp_test,0,554,3034,1317,D:\PythonProjects\llm_eval\test\mbpp_test\69\69_gen_0.sv,minimax/minimax-m2:free,,,gen-1762667562-6mn4qfwrC8nFj8sOT6Mv
640,mbpp_train,0,560,2772,1306,D:\PythonProjects\llm_eval\test\mbpp_train\640\640_gen_0.sv,minimax/minimax-m2:free,stop,,gen-1762667586-8xkBYSP7cDvWeJy0p1mM
3578,aapp_competition_test,0,704,4832,1918,D:\PythonProjects\llm_eval\test\aapp_competition_test\3578\3578_gen_0.sv,minimax/minimax-m2:free,stop,,gen-1762667586-t0mYpD1idCYiBhb7n9eV
63,human_eval_test,0,526,3265,0,D:\PythonProjects\llm_eval\test\human_eval_test\63\63_gen_0.sv,minimax/minimax-m2:free,stop,,gen-1762667548-W8FgDczYNfJsZRF1trK0
3838,aapp_competition_test,0,616,3673,1504,D:\PythonProjects\llm_eval\test\aapp_competition_test\3838\3838_gen_0.sv,minimax/minimax-m2:free,stop,,gen-1762667624-55kw0VUQ6BO1Rccn6i7s
126,human_eval_test,0,534,12490,11298,D:\PythonProjects\llm_eval\test\human_eval_test\126\126_gen_0.sv,minimax/minimax-m2:free,stop,,gen-1762667557-9jzNE4RClQvmsiupotB5
3102,aapp_competition_test,0,610,3069,1446,D:\PythonProjects\llm_eval\test\aapp_competition_test\3102\3102_gen_0.sv,minimax/minimax-m2:free,stop,,gen-1762667662-RVQrsZqU68Paq6KdrraO
389,mbpp_test,0,619,14299,13708,D:\PythonProjects\llm_eval\test\mbpp_test\389\389_gen_0.sv,minimax/minimax-m2:free,stop,,gen-1762667584-Y0jC98WE2OwlvUADkbgs
3244,aapp_competition_test,0,539,6240,6166,D:\PythonProjects\llm_eval\test\aapp_competition_test\3244\3244_gen_0.sv,minimax/minimax-m2:free,stop,,gen-1762667671-yBo73Kp0KKdffgeabA2V
116,human_eval_test,0,532,2272,877,D:\PythonProjects\llm_eval\test\human_eval_test\116\116_gen_0.sv,minimax/minimax-m2:free,stop,,gen-1762667716-d1CCF4U34dBUqaKwCDtq
3402,aapp_competition_test,0,636,3202,1287,D:\PythonProjects\llm_eval\test\aapp_competition_test\3402\3402_gen_0.sv,minimax/minimax-m2:free,stop,,gen-1762667705-euhxiRO2O0tbh92LGJzA
3177,aapp_competition_test,0,544,5595,1341,D:\PythonProjects\llm_eval\test\aapp_competition_test\3177\3177_gen_0.sv,minimax/minimax-m2:free,stop,,gen-1762667671-PuuW7BISOYCricKeeRjv
3501,aapp_competition_test,0,535,17386,16844,D:\PythonProjects\llm_eval\test\aapp_competition_test\3501\3501_gen_0.sv,minimax/minimax-m2:free,stop,,gen-1762667586-IjYTAghBHfZEK6T1eqLu
617,mbpp_train,0,499,1377,883,D:\PythonProjects\llm_eval\test\mbpp_train\617\617_gen_0.sv,minimax/minimax-m2:free,stop,,gen-1762667750-vorVfoT8iBBrjdZHpN3d
88,mbpp_test,0,481,3025,2508,D:\PythonProjects\llm_eval\test\mbpp_test\88\88_gen_0.sv,minimax/minimax-m2:free,stop,,gen-1762667752-ENm28vdWPfMesEvc8C1m
3514,aapp_competition_test,0,637,2411,1367,D:\PythonProjects\llm_eval\test\aapp_competition_test\3514\3514_gen_0.sv,minimax/minimax-m2:free,stop,,gen-1762667753-bGEcskXUVK49C8EFDfPQ
3747,aapp_competition_test,0,673,2589,1380,D:\PythonProjects\llm_eval\test\aapp_competition_test\3747\3747_gen_0.sv,minimax/minimax-m2:free,stop,,gen-1762667768-zr96zDAmW5VNqcK2Kq7u
3840,aapp_competition_test,0,691,2359,1229,D:\PythonProjects\llm_eval\test\aapp_competition_test\3840\3840_gen_0.sv,minimax/minimax-m2:free,stop,,gen-1762667780-VcEoM3S22B4w2w612DWt
3590,aapp_competition_test,0,746,5583,2113,D:\PythonProjects\llm_eval\test\aapp_competition_test\3590\3590_gen_0.sv,minimax/minimax-m2:free,stop,,gen-1762667756-ulunDNoJfzp2QLvYTrgZ
9,human_eval_test,0,446,131072,131144,D:\PythonProjects\llm_eval\test\human_eval_test\9\9_gen_0.sv,minimax/minimax-m2:free,length,,gen-1762666775-GXNcaJeEwz31DxEqh7Ki
3114,aapp_competition_test,0,558,3108,1467,D:\PythonProjects\llm_eval\test\aapp_competition_test\3114\3114_gen_0.sv,minimax/minimax-m2:free,stop,,gen-1762667798-dUlSXkemnQwzKsoCFNvk
3179,aapp_competition_test,0,557,2436,975,D:\PythonProjects\llm_eval\test\aapp_competition_test\3179\3179_gen_0.sv,minimax/minimax-m2:free,stop,,gen-1762667814-MqIJcPgNd5veGsV5q4w0
3263,aapp_competition_test,0,671,3431,1131,D:\PythonProjects\llm_eval\test\aapp_competition_test\3263\3263_gen_0.sv,minimax/minimax-m2:free,stop,,gen-1762667815-TfHplLTGcfCE5FTDiFV8
78,human_eval_test,0,530,1588,781,D:\PythonProjects\llm_eval\test\human_eval_test\78\78_gen_0.sv,minimax/minimax-m2:free,stop,,gen-1762667850-N6t4rbyYG6krLQY9vhAo
735,mbpp_train,0,449,13517,13523,D:\PythonProjects\llm_eval\test\mbpp_train\735\735_gen_0.sv,minimax/minimax-m2:free,stop,,gen-1762667747-LevvKEanlcbrKgFX4VWM
585,mbpp_validation,0,539,1819,874,D:\PythonProjects\llm_eval\test\mbpp_validation\585\585_gen_0.sv,minimax/minimax-m2:free,stop,,gen-1762667876-Vl1Mm35wNWZjgMQ0xT9g
556,mbpp_validation,0,453,4098,3936,D:\PythonProjects\llm_eval\test\mbpp_validation\556\556_gen_0.sv,minimax/minimax-m2:free,stop,,gen-1762667862-NukcVrpocqZOqNSCUic8
3923,aapp_competition_test,0,589,13023,12802,D:\PythonProjects\llm_eval\test\aapp_competition_test\3923\3923_gen_0.sv,minimax/minimax-m2:free,stop,,gen-1762667795-5R7rrUf1bGJHzCE2JjfW
3512,aapp_competition_test,0,578,4116,1964,D:\PythonProjects\llm_eval\test\aapp_competition_test\3512\3512_gen_0.sv,minimax/minimax-m2:free,stop,,gen-1762667879-Qhn7sKXOLq1T3kpswIw5
3591,aapp_competition_test,0,751,4119,2096,D:\PythonProjects\llm_eval\test\aapp_competition_test\3591\3591_gen_0.sv,minimax/minimax-m2:free,stop,,gen-1762667902-Jk8FZdxJvxEeLb5DqmyV
3935,aapp_competition_test,0,639,2727,1260,D:\PythonProjects\llm_eval\test\aapp_competition_test\3935\3935_gen_0.sv,minimax/minimax-m2:free,stop,,gen-1762667942-gmQwhgfV15AA4GOdtfEd
37,human_eval_test,0,496,13280,12674,D:\PythonProjects\llm_eval\test\human_eval_test\37\37_gen_0.sv,minimax/minimax-m2:free,stop,,gen-1762667847-owwlRZxOURMvxnCY8iMQ
3117,aapp_competition_test,0,565,3765,1946,D:\PythonProjects\llm_eval\test\aapp_competition_test\3117\3117_gen_0.sv,minimax/minimax-m2:free,stop,,gen-1762667954-HMQLxb5HxSQkdAO7xJ8Y
3930,aapp_competition_test,0,637,32563,31363,D:\PythonProjects\llm_eval\test\aapp_competition_test\3930\3930_gen_0.sv,minimax/minimax-m2:free,stop,,gen-1762667654-KNvdF8XahSU0CTIHcpQT
3183,aapp_competition_test,0,712,5523,1146,D:\PythonProjects\llm_eval\test\aapp_competition_test\3183\3183_gen_0.sv,minimax/minimax-m2:free,stop,,gen-1762667980-YK5ELLR9oLQGL1NhlyUm
3839,aapp_competition_test,0,678,17559,16617,D:\PythonProjects\llm_eval\test\aapp_competition_test\3839\3839_gen_0.sv,minimax/minimax-m2:free,stop,,gen-1762667913-3yhnNEz7tP38bU5dXpdS
7,human_eval_test,0,593,2353,1314,D:\PythonProjects\llm_eval\test\human_eval_test\7\7_gen_0.sv,minimax/minimax-m2:free,stop,,gen-1762668035-X9e90q8TbfV7qOe9R7JC
641,mbpp_train,0,347,783,707,D:\PythonProjects\llm_eval\test\mbpp_train\641\641_gen_0.sv,minimax/minimax-m2:free,stop,,gen-1762668067-2yerYDSbPT6ZiREmAPJL
760,mbpp_train,0,357,1054,939,D:\PythonProjects\llm_eval\test\mbpp_train\760\760_gen_0.sv,minimax/minimax-m2:free,stop,,gen-1762668068-21c6xWm6KMTg3HqMqQpP
3166,aapp_competition_test,0,650,131072,131288,D:\PythonProjects\llm_eval\test\aapp_competition_test\3166\3166_gen_0.sv,minimax/minimax-m2:free,length,,gen-1762667024-ckrtAXsWwrUWOLHJRLmo
3403,aapp_competition_test,0,768,10598,9357,D:\PythonProjects\llm_eval\test\aapp_competition_test\3403\3403_gen_0.sv,minimax/minimax-m2:free,stop,,gen-1762667992-otjTczCNE9pY0lyFyv5f
108,human_eval_test,0,430,1366,852,D:\PythonProjects\llm_eval\test\human_eval_test\108\108_gen_0.sv,minimax/minimax-m2:free,,,gen-1762668096-zXENdgZnNBGUf4eh8VZk
788,mbpp_train,0,426,507,508,D:\PythonProjects\llm_eval\test\mbpp_train\788\788_gen_0.sv,minimax/minimax-m2:free,stop,,gen-1762668107-OSSoI716jspk9tzoCi85
3259,aapp_competition_test,0,728,12673,11756,D:\PythonProjects\llm_eval\test\aapp_competition_test\3259\3259_gen_0.sv,minimax/minimax-m2:free,stop,,gen-1762667980-lz0fZL1t2Pmfu9asEJ9J
300,mbpp_test,0,392,967,714,D:\PythonProjects\llm_eval\test\mbpp_test\300\300_gen_0.sv,minimax/minimax-m2:free,stop,,gen-1762668112-lepsqDP14A2io9wFxclz
3261,aapp_competition_test,0,681,1512,924,D:\PythonProjects\llm_eval\test\aapp_competition_test\3261\3261_gen_0.sv,minimax/minimax-m2:free,stop,,gen-1762668118-bGnb1gJOqm1DFq8wywrQ
116,mbpp_test,0,395,6823,6672,D:\PythonProjects\llm_eval\test\mbpp_test\116\116_gen_0.sv,minimax/minimax-m2:free,stop,,gen-1762668081-HidNV2AHOFteT0QhtzWr
3743,aapp_competition_test,0,578,29886,29196,D:\PythonProjects\llm_eval\test\aapp_competition_test\3743\3743_gen_0.sv,minimax/minimax-m2:free,stop,,gen-1762667904-rGKTofOSLAfTIn0AGh0K
3740,aapp_competition_test,0,546,131072,131219,D:\PythonProjects\llm_eval\test\aapp_competition_test\3740\3740_gen_0.sv,minimax/minimax-m2:free,length,,gen-1762667268-AbCUfgtQcaX7bGjmvcrP
564,mbpp_validation,0,486,13462,13034,D:\PythonProjects\llm_eval\test\mbpp_validation\564\564_gen_0.sv,minimax/minimax-m2:free,stop,,gen-1762668078-UjLzOplJKIhY3Cy93i78
43,human_eval_test,0,557,7577,7126,D:\PythonProjects\llm_eval\test\human_eval_test\43\43_gen_0.sv,minimax/minimax-m2:free,stop,,gen-1762668143-8hUs5HLGVH1br0m0vVOE
123,mbpp_test,0,624,3820,1996,D:\PythonProjects\llm_eval\test\mbpp_test\123\123_gen_0.sv,minimax/minimax-m2:free,stop,,gen-1762668191-FKx0kZL61dHLrWeSuu3l
390,mbpp_test,0,444,1285,822,D:\PythonProjects\llm_eval\test\mbpp_test\390\390_gen_0.sv,minimax/minimax-m2:free,stop,,gen-1762668223-Om1RAxPPql0ZbChAgFmv
229,mbpp_test,0,485,2304,1226,D:\PythonProjects\llm_eval\test\mbpp_test\229\229_gen_0.sv,minimax/minimax-m2:free,,,gen-1762668211-r8F1RQw6RHJB4ZbsHy8n
115,human_eval_test,0,431,10454,10082,D:\PythonProjects\llm_eval\test\human_eval_test\115\115_gen_0.sv,minimax/minimax-m2:free,stop,,gen-1762668134-8FLK7PdH0dl8Tea6tz0K
445,mbpp_test,0,491,691,537,D:\PythonProjects\llm_eval\test\mbpp_test\445\445_gen_0.sv,minimax/minimax-m2:free,,,gen-1762668235-r7TDdpA5OYtQAAPuNrya
3406,aapp_competition_test,0,716,8069,1083,D:\PythonProjects\llm_eval\test\aapp_competition_test\3406\3406_gen_0.sv,minimax/minimax-m2:free,stop,,gen-1762668123-FUwLuLmOJFWpkGGxvhpr
604,mbpp_train,0,525,2359,960,D:\PythonProjects\llm_eval\test\mbpp_train\604\604_gen_0.sv,minimax/minimax-m2:free,stop,,gen-1762668247-5MLluW2ZwATfUnD24u0v
72,mbpp_test,0,403,5151,5175,D:\PythonProjects\llm_eval\test\mbpp_test\72\72_gen_0.sv,minimax/minimax-m2:free,stop,,gen-1762668240-KzLoCAA6HAOnfauDNezr
25,human_eval_test,0,620,2315,1288,D:\PythonProjects\llm_eval\test\human_eval_test\25\25_gen_0.sv,minimax/minimax-m2:free,stop,,gen-1762668282-iVz5xB766sT8A9EIpjlL
731,mbpp_train,0,574,6083,1756,D:\PythonProjects\llm_eval\test\mbpp_train\731\731_gen_0.sv,minimax/minimax-m2:free,stop,,gen-1762668238-Yk5enbeeqQhK8bYcb9Ne
468,mbpp_test,0,556,27430,26900,D:\PythonProjects\llm_eval\test\mbpp_test\468\468_gen_0.sv,minimax/minimax-m2:free,stop,,gen-1762668038-fqso7B1UvhGCWqdj469b
90,human_eval_test,0,631,2843,1026,D:\PythonProjects\llm_eval\test\human_eval_test\90\90_gen_0.sv,minimax/minimax-m2:free,stop,,gen-1762668325-groKJwc33ucDuIjXO5Jb
778,mbpp_train,0,589,13185,12505,D:\PythonProjects\llm_eval\test\mbpp_train\778\778_gen_0.sv,minimax/minimax-m2:free,stop,,gen-1762668238-0OlLYpZHCXrX9lHybEY7
3595,aapp_competition_test,0,564,5307,1668,D:\PythonProjects\llm_eval\test\aapp_competition_test\3595\3595_gen_0.sv,minimax/minimax-m2:free,stop,,gen-1762668293-UjYleqPc2KJ51DD3xB6B
3593,aapp_competition_test,0,748,24975,22402,D:\PythonProjects\llm_eval\test\aapp_competition_test\3593\3593_gen_0.sv,minimax/minimax-m2:free,stop,,gen-1762668116-Y9C5QE1Q7AzDj4Gxwilo
235,mbpp_test,0,352,172,111,D:\PythonProjects\llm_eval\test\mbpp_test\235\235_gen_0.sv,minimax/minimax-m2:free,stop,,gen-1762668375-StnuAtVx9fSJlOvkt2AU
3266,aapp_competition_test,0,568,4707,1398,D:\PythonProjects\llm_eval\test\aapp_competition_test\3266\3266_gen_0.sv,minimax/minimax-m2:free,stop,,gen-1762668312-FBDOpi41Dt6qkventET5
136,human_eval_test,0,559,1836,746,D:\PythonProjects\llm_eval\test\human_eval_test\136\136_gen_0.sv,minimax/minimax-m2:free,stop,,gen-1762668355-2HLl9taGDrDtl6IkeUWT
405,mbpp_test,0,402,548,424,D:\PythonProjects\llm_eval\test\mbpp_test\405\405_gen_0.sv,minimax/minimax-m2:free,stop,,gen-1762668380-BZABqeTmAP0H8dbUDMcW
394,mbpp_test,0,415,1453,958,D:\PythonProjects\llm_eval\test\mbpp_test\394\394_gen_0.sv,minimax/minimax-m2:free,stop,,gen-1762668377-v9ios8ziOavS5WdlSoA7
120,mbpp_test,0,476,4238,3884,D:\PythonProjects\llm_eval\test\mbpp_test\120\120_gen_0.sv,minimax/minimax-m2:free,stop,,gen-1762668365-rMOamUXvXZUQfT3EqmzR
803,mbpp_train,0,487,1775,1027,D:\PythonProjects\llm_eval\test\mbpp_train\803\803_gen_0.sv,minimax/minimax-m2:free,stop,,gen-1762668381-4c3Uplz9nITJp8rWio07
3592,aapp_competition_test,0,713,2057,849,D:\PythonProjects\llm_eval\test\aapp_competition_test\3592\3592_gen_0.sv,minimax/minimax-m2:free,stop,,gen-1762668393-xo7aOAOIGwGYHpF3YP00
143,human_eval_test,0,519,3751,2779,D:\PythonProjects\llm_eval\test\human_eval_test\143\143_gen_0.sv,minimax/minimax-m2:free,stop,,gen-1762668421-21zA5Mhtc8TH41amG0jS
567,mbpp_validation,0,429,6734,6554,D:\PythonProjects\llm_eval\test\mbpp_validation\567\567_gen_0.sv,minimax/minimax-m2:free,stop,,gen-1762668390-EVPkwRKYC5ZsusSv0l52
3265,aapp_competition_test,0,725,4340,1716,D:\PythonProjects\llm_eval\test\aapp_competition_test\3265\3265_gen_0.sv,minimax/minimax-m2:free,stop,,gen-1762668410-6OWL1ML81oyPCURGlqIp
83,human_eval_test,0,376,1583,767,D:\PythonProjects\llm_eval\test\human_eval_test\83\83_gen_0.sv,minimax/minimax-m2:free,stop,,gen-1762668458-QS5avU3kJJl6jknQ64ir
124,mbpp_test,0,602,2442,960,D:\PythonProjects\llm_eval\test\mbpp_test\124\124_gen_0.sv,minimax/minimax-m2:free,stop,,gen-1762668468-B2a43G6j0dN4Up33KIxD
230,mbpp_test,0,422,1112,967,D:\PythonProjects\llm_eval\test\mbpp_test\230\230_gen_0.sv,minimax/minimax-m2:free,stop,,gen-1762668485-7cwhJWY76S6XLqyq0hjo
3407,aapp_competition_test,0,651,17002,15912,D:\PythonProjects\llm_eval\test\aapp_competition_test\3407\3407_gen_0.sv,minimax/minimax-m2:free,stop,,gen-1762668321-ClzX0l0EBqjdY9CJ4vhZ
18,human_eval_test,0,481,15220,14005,D:\PythonProjects\llm_eval\test\human_eval_test\18\18_gen_0.sv,minimax/minimax-m2:free,stop,,gen-1762668354-ltznwjB03nKef3IxZ3PK
401,mbpp_test,0,495,1979,1521,D:\PythonProjects\llm_eval\test\mbpp_test\401\401_gen_0.sv,minimax/minimax-m2:free,stop,,gen-1762668493-j1jvwPhjJvQGAr9Q16uS
618,mbpp_train,0,444,1050,834,D:\PythonProjects\llm_eval\test\mbpp_train\618\618_gen_0.sv,minimax/minimax-m2:free,stop,,gen-1762668509-TgAhQ2yK8zLjhQWHXpst
87,mbpp_test,0,573,1553,802,D:\PythonProjects\llm_eval\test\mbpp_test\87\87_gen_0.sv,minimax/minimax-m2:free,stop,,gen-1762668514-8hJvEHl7tMwdrTHpNX43
17,human_eval_test,0,596,15130,14237,D:\PythonProjects\llm_eval\test\human_eval_test\17\17_gen_0.sv,minimax/minimax-m2:free,stop,,gen-1762668457-68pz4iUD3WE0VIVaPtyj
750,mbpp_train,0,562,7657,7331,D:\PythonProjects\llm_eval\test\mbpp_train\750\750_gen_0.sv,minimax/minimax-m2:free,stop,,gen-1762668523-Qtv4zQDdVbyT9aCKLtQM
3746,aapp_competition_test,0,753,131072,131201,D:\PythonProjects\llm_eval\test\aapp_competition_test\3746\3746_gen_0.sv,minimax/minimax-m2:free,length,,gen-1762667603-8BlNIlC7iCpoRYtnlbhm
80,human_eval_test,0,509,8637,7911,D:\PythonProjects\llm_eval\test\human_eval_test\80\80_gen_0.sv,minimax/minimax-m2:free,stop,,gen-1762668531-zGNsNihZw0gyNq46uF42
559,mbpp_validation,0,556,2136,1216,D:\PythonProjects\llm_eval\test\mbpp_validation\559\559_gen_0.sv,minimax/minimax-m2:free,stop,,gen-1762668595-cl412K1ymQDtDNnJzDj8
448,mbpp_test,0,558,13870,13289,D:\PythonProjects\llm_eval\test\mbpp_test\448\448_gen_0.sv,minimax/minimax-m2:free,stop,,gen-1762668499-EbWpBtPpqqx29Rq0zKOP
45,human_eval_test,0,409,1597,1003,D:\PythonProjects\llm_eval\test\human_eval_test\45\45_gen_0.sv,minimax/minimax-m2:free,stop,,gen-1762668643-OcG1PiYJX93w43jHWC78
447,mbpp_test,0,461,15615,15508,D:\PythonProjects\llm_eval\test\mbpp_test\447\447_gen_0.sv,minimax/minimax-m2:free,stop,,gen-1762668509-fTenz6086OtYJ1R0L3TT
3411,aapp_competition_test,0,614,29338,27997,D:\PythonProjects\llm_eval\test\aapp_competition_test\3411\3411_gen_0.sv,minimax/minimax-m2:free,stop,,gen-1762668420-Lc98ztERgZtsekwrBHkp
127,mbpp_test,0,368,589,518,D:\PythonProjects\llm_eval\test\mbpp_test\127\127_gen_0.sv,minimax/minimax-m2:free,stop,,gen-1762668677-g6MiKieoqKNza7DIveFp
228,mbpp_test,0,507,1782,1549,D:\PythonProjects\llm_eval\test\mbpp_test\228\228_gen_0.sv,minimax/minimax-m2:free,stop,,gen-1762668678-81WvT4ErTalWYAMqUrzi
4,human_eval_test,0,513,3409,1585,D:\PythonProjects\llm_eval\test\human_eval_test\4\4_gen_0.sv,minimax/minimax-m2:free,stop,,gen-1762668667-YCVeCiB7nZKWF6YdCZfw
400,mbpp_test,0,567,2635,1276,D:\PythonProjects\llm_eval\test\mbpp_test\400\400_gen_0.sv,minimax/minimax-m2:free,stop,,gen-1762668688-JMP2RRHTkbjOR7fIDg4J
588,mbpp_validation,0,405,948,663,D:\PythonProjects\llm_eval\test\mbpp_validation\588\588_gen_0.sv,minimax/minimax-m2:free,stop,,gen-1762668714-0ldG8JDYII9YUPmLDXL2
758,mbpp_train,0,619,2113,1153,D:\PythonProjects\llm_eval\test\mbpp_train\758\758_gen_0.sv,minimax/minimax-m2:free,stop,,gen-1762668721-HR9vDAAoJZDqQvJK47xB
450,mbpp_test,0,499,9008,8665,D:\PythonProjects\llm_eval\test\mbpp_test\450\450_gen_0.sv,minimax/minimax-m2:free,stop,,gen-1762668700-Yispk14WcZl6RDqImFUI
3599,aapp_competition_test,0,586,19587,18728,D:\PythonProjects\llm_eval\test\aapp_competition_test\3599\3599_gen_0.sv,minimax/minimax-m2:free,stop,,gen-1762668601-0LeMWOwGviYh1KjXfQ4c
3275,aapp_competition_test,0,664,2128,1014,D:\PythonProjects\llm_eval\test\aapp_competition_test\3275\3275_gen_0.sv,minimax/minimax-m2:free,stop,,gen-1762668791-HhVoJQsMTtyMX1VS2M50
3397,aapp_competition_test,0,822,21654,19580,D:\PythonProjects\llm_eval\test\aapp_competition_test\3397\3397_gen_0.sv,minimax/minimax-m2:free,stop,,gen-1762668614-luY7n8uKLEi7cXAQg0AE
3408,aapp_competition_test,0,583,2304,1326,D:\PythonProjects\llm_eval\test\aapp_competition_test\3408\3408_gen_0.sv,minimax/minimax-m2:free,stop,,gen-1762668805-mZheGIpYBTK0wz7G4mmr
643,mbpp_train,0,529,12033,10951,D:\PythonProjects\llm_eval\test\mbpp_train\643\643_gen_0.sv,minimax/minimax-m2:free,stop,,gen-1762668724-N2RuUc5F8uplGwuoaaoC
117,human_eval_test,0,485,2901,1008,D:\PythonProjects\llm_eval\test\human_eval_test\117\117_gen_0.sv,minimax/minimax-m2:free,stop,,gen-1762668815-VLbKrsckjaDVHbXBX7aZ
109,mbpp_test,0,500,945,695,D:\PythonProjects\llm_eval\test\mbpp_test\109\109_gen_0.sv,minimax/minimax-m2:free,stop,,gen-1762668835-hjMLcW0RYYgJc5WAH0Fw
44,human_eval_test,0,595,2689,1039,D:\PythonProjects\llm_eval\test\human_eval_test\44\44_gen_0.sv,minimax/minimax-m2:free,stop,,gen-1762668827-WPBA3L8WUdSds9OS8MRL
163,mbpp_test,0,506,2710,1567,D:\PythonProjects\llm_eval\test\mbpp_test\163\163_gen_0.sv,minimax/minimax-m2:free,stop,,gen-1762668849-IQIv7oCiaP1eeItAUAws
391,mbpp_test,0,500,3171,3051,D:\PythonProjects\llm_eval\test\mbpp_test\391\391_gen_0.sv,minimax/minimax-m2:free,stop,,gen-1762668858-DHYp5wc9lz8tfZfo6QKm
142,human_eval_test,0,580,30057,29181,D:\PythonProjects\llm_eval\test\human_eval_test\142\142_gen_0.sv,minimax/minimax-m2:free,stop,,gen-1762668626-LQGD4FX64qcJNtyrIG3Z
3400,aapp_competition_test,0,735,131072,131836,D:\PythonProjects\llm_eval\test\aapp_competition_test\3400\3400_gen_0.sv,minimax/minimax-m2:free,length,,gen-1762667840-XQFZPRM3tJPxfWWmwYWF
31,human_eval_test,0,554,10564,10216,D:\PythonProjects\llm_eval\test\human_eval_test\31\31_gen_0.sv,minimax/minimax-m2:free,stop,,gen-1762668833-sGP7TTeBpiYiFSoYAM8z
785,mbpp_train,0,565,2697,912,D:\PythonProjects\llm_eval\test\mbpp_train\785\785_gen_0.sv,minimax/minimax-m2:free,stop,,gen-1762668931-gH31agymPkPifJKoxLPu
125,mbpp_test,0,574,12166,11749,D:\PythonProjects\llm_eval\test\mbpp_test\125\125_gen_0.sv,minimax/minimax-m2:free,stop,,gen-1762668848-q8lHyw8teoiSH4KDsdzH
301,mbpp_test,0,508,2372,1017,D:\PythonProjects\llm_eval\test\mbpp_test\301\301_gen_0.sv,minimax/minimax-m2:free,stop,,gen-1762668960-RMQePMUmMJuzb9IKdGwX
3584,aapp_competition_test,0,673,24016,22191,D:\PythonProjects\llm_eval\test\aapp_competition_test\3584\3584_gen_0.sv,minimax/minimax-m2:free,stop,,gen-1762668751-qhRL96cWG8XPhi7aMHDi
161,human_eval_test,0,503,13488,12378,D:\PythonProjects\llm_eval\test\human_eval_test\161\161_gen_0.sv,minimax/minimax-m2:free,stop,,gen-1762668889-h6zXMz1462BbhjQbA7JT
430,mbpp_test,0,374,11490,11249,D:\PythonProjects\llm_eval\test\mbpp_test\430\430_gen_0.sv,minimax/minimax-m2:free,stop,,gen-1762668881-QTsrmKUEOO7o7coZTPjf
89,human_eval_test,0,402,1135,996,D:\PythonProjects\llm_eval\test\human_eval_test\89\89_gen_0.sv,minimax/minimax-m2:free,stop,,gen-1762668994-bkt9P2piahsxBe30HAnp
3274,aapp_competition_test,0,611,3887,1380,D:\PythonProjects\llm_eval\test\aapp_competition_test\3274\3274_gen_0.sv,minimax/minimax-m2:free,stop,,gen-1762668969-fG15z7ytZzPY778UUqij
110,human_eval_test,0,414,582,280,D:\PythonProjects\llm_eval\test\human_eval_test\110\110_gen_0.sv,minimax/minimax-m2:free,stop,,gen-1762669007-7Kk9XNSFRdlxuAE9QDkd
440,mbpp_test,0,511,93606,94654,D:\PythonProjects\llm_eval\test\mbpp_test\440\440_gen_0.sv,minimax/minimax-m2:free,stop,,gen-1762668249-vWJJcvmPx6H6GPx2e7h6
3587,aapp_competition_test,0,639,5044,1672,D:\PythonProjects\llm_eval\test\aapp_competition_test\3587\3587_gen_0.sv,minimax/minimax-m2:free,stop,,gen-1762668964-6VTFkRKog8TLANX34mpH
452,mbpp_test,0,365,727,734,D:\PythonProjects\llm_eval\test\mbpp_test\452\452_gen_0.sv,minimax/minimax-m2:free,stop,,gen-1762669025-2tQieAdmNDWhB5HHVZAb
232,mbpp_test,0,606,2072,1065,D:\PythonProjects\llm_eval\test\mbpp_test\232\232_gen_0.sv,minimax/minimax-m2:free,stop,,gen-1762669009-byR3hFpMIfwT87vjj0Rm
603,mbpp_train,0,662,3892,1223,D:\PythonProjects\llm_eval\test\mbpp_train\603\603_gen_0.sv,minimax/minimax-m2:free,stop,,gen-1762669040-eHMPuqNezU7Q5QnBJ3nz
737,mbpp_train,0,494,5499,5338,D:\PythonProjects\llm_eval\test\mbpp_train\737\737_gen_0.sv,minimax/minimax-m2:free,stop,,gen-1762669033-Utbw02KGLNe5Xecd71jM
150,human_eval_test,0,437,12984,12719,D:\PythonProjects\llm_eval\test\human_eval_test\150\150_gen_0.sv,minimax/minimax-m2:free,stop,,gen-1762668995-tt6NYLlxfCs6Lgl4R6Sq
753,mbpp_train,0,614,2971,1381,D:\PythonProjects\llm_eval\test\mbpp_train\753\753_gen_0.sv,minimax/minimax-m2:free,stop,,gen-1762669084-TmdVXrRa7e6i8Tcdy0uK
781,mbpp_train,0,399,11461,11502,D:\PythonProjects\llm_eval\test\mbpp_train\781\781_gen_0.sv,minimax/minimax-m2:free,stop,,gen-1762669031-O5VMVacxSjsdj69hs08Q
38,human_eval_test,0,542,1919,697,D:\PythonProjects\llm_eval\test\human_eval_test\38\38_gen_0.sv,minimax/minimax-m2:free,stop,,gen-1762669141-pPxGZ5b8UkzEAH2c4LXB
117,mbpp_test,0,481,16410,14066,D:\PythonProjects\llm_eval\test\mbpp_test\117\117_gen_0.sv,minimax/minimax-m2:free,stop,,gen-1762669007-BPjUHO5x1eHtD0YEfvSg
3280,aapp_competition_test,0,600,2610,1074,D:\PythonProjects\llm_eval\test\aapp_competition_test\3280\3280_gen_0.sv,minimax/minimax-m2:free,stop,,gen-1762669130-wI3IHqrH2Zpruzq9cGTu
3416,aapp_competition_test,0,603,2925,935,D:\PythonProjects\llm_eval\test\aapp_competition_test\3416\3416_gen_0.sv,minimax/minimax-m2:free,stop,,gen-1762669137-A7UehIWjQShxYvHHVNoh
57,human_eval_test,0,446,2003,1415,D:\PythonProjects\llm_eval\test\human_eval_test\57\57_gen_0.sv,minimax/minimax-m2:free,stop,,gen-1762669168-jQgpJ42V4bOM0EDiN1UF
238,mbpp_test,0,389,1225,1146,D:\PythonProjects\llm_eval\test\mbpp_test\238\238_gen_0.sv,minimax/minimax-m2:free,stop,,gen-1762669189-XijshFEeg2Uu9YzlXMuF
71,mbpp_test,0,555,20329,19290,D:\PythonProjects\llm_eval\test\mbpp_test\71\71_gen_0.sv,minimax/minimax-m2:free,stop,,gen-1762669038-kGN3OX8DYxECpjFRvViF
131,human_eval_test,0,438,8441,8351,D:\PythonProjects\llm_eval\test\human_eval_test\131\131_gen_0.sv,minimax/minimax-m2:free,stop,,gen-1762669167-ntvr8WdtLfLGOc4Lrfcj
109,human_eval_test,0,560,131072,131314,D:\PythonProjects\llm_eval\test\human_eval_test\109\109_gen_0.sv,minimax/minimax-m2:free,length,,gen-1762668187-anJv4SIttqWX2ryJFWl3
124,human_eval_test,0,500,9627,9159,D:\PythonProjects\llm_eval\test\human_eval_test\124\124_gen_0.sv,minimax/minimax-m2:free,stop,,gen-1762669160-bRJLglmoFVFODPoQ4kxs
572,mbpp_validation,0,502,4176,1346,D:\PythonProjects\llm_eval\test\mbpp_validation\572\572_gen_0.sv,minimax/minimax-m2:free,stop,,gen-1762669260-CvoKjom0GOAZtdS9aqRw
395,mbpp_test,0,508,10322,9948,D:\PythonProjects\llm_eval\test\mbpp_test\395\395_gen_0.sv,minimax/minimax-m2:free,stop,,gen-1762669205-ySDDoPhpTmjO8ZuN9z1s
806,mbpp_train,0,480,9743,9424,D:\PythonProjects\llm_eval\test\mbpp_train\806\806_gen_0.sv,minimax/minimax-m2:free,stop,,gen-1762669251-DWqKWoXgnyCNUqXbeoUJ
3602,aapp_competition_test,0,664,6545,1810,D:\PythonProjects\llm_eval\test\aapp_competition_test\3602\3602_gen_0.sv,minimax/minimax-m2:free,stop,,gen-1762669260-57VQelS19pWs7bKHtMHO
3577,aapp_competition_test,0,593,24718,24254,D:\PythonProjects\llm_eval\test\aapp_competition_test\3577\3577_gen_0.sv,minimax/minimax-m2:free,stop,,gen-1762669093-pDYnUpYc9qIWn8ktwQmx
627,mbpp_train,0,619,12615,12186,D:\PythonProjects\llm_eval\test\mbpp_train\627\627_gen_0.sv,minimax/minimax-m2:free,stop,,gen-1762669235-ubQLtP3Myl73sCPor1zl
144,human_eval_test,0,487,2160,1999,D:\PythonProjects\llm_eval\test\human_eval_test\144\144_gen_0.sv,minimax/minimax-m2:free,stop,,gen-1762669345-1FPXNdBLB7etGEw0fOGQ
163,human_eval_test,0,550,2108,1292,D:\PythonProjects\llm_eval\test\human_eval_test\163\163_gen_0.sv,minimax/minimax-m2:free,stop,,gen-1762669361-ibouF7vZaB3P2DUR9I2D
410,mbpp_test,0,429,3917,3572,D:\PythonProjects\llm_eval\test\mbpp_test\410\410_gen_0.sv,minimax/minimax-m2:free,stop,,gen-1762669389-4jMynZfqIST9zTyf7X9s
3281,aapp_competition_test,0,1672,10232,1645,D:\PythonProjects\llm_eval\test\aapp_competition_test\3281\3281_gen_0.sv,minimax/minimax-m2:free,stop,,gen-1762669299-Rrd0OzOLzmWIlPiRZTMH
128,mbpp_test,0,469,10177,10156,D:\PythonProjects\llm_eval\test\mbpp_test\128\128_gen_0.sv,minimax/minimax-m2:free,stop,,gen-1762669361-pR4mewNwIjBHkcxzPtmT
233,mbpp_test,0,554,8664,8303,D:\PythonProjects\llm_eval\test\mbpp_test\233\233_gen_0.sv,minimax/minimax-m2:free,stop,,gen-1762669368-xORAWAW1tVWqxUbz1OOz
454,mbpp_test,0,384,3868,3659,D:\PythonProjects\llm_eval\test\mbpp_test\454\454_gen_0.sv,minimax/minimax-m2:free,stop,,gen-1762669428-73z3mQGn4T3jCJ1v7tHV
619,mbpp_train,0,626,2054,907,D:\PythonProjects\llm_eval\test\mbpp_train\619\619_gen_0.sv,minimax/minimax-m2:free,stop,,gen-1762669450-fYTWNv2xEkY6qFtvEOpG
95,mbpp_test,0,479,808,626,D:\PythonProjects\llm_eval\test\mbpp_test\95\95_gen_0.sv,minimax/minimax-m2:free,stop,,gen-1762669467-A642yQvY9nbuHEAHxjtx
738,mbpp_train,0,543,1971,1140,D:\PythonProjects\llm_eval\test\mbpp_train\738\738_gen_0.sv,minimax/minimax-m2:free,stop,,gen-1762669465-Jg6DfbeQphXTxlg1CgIp
28,human_eval_test,0,450,1800,1313,D:\PythonProjects\llm_eval\test\human_eval_test\28\28_gen_0.sv,minimax/minimax-m2:free,stop,,gen-1762669472-irHZexMp9BZjhYtiW59W
3418,aapp_competition_test,0,656,23658,22289,D:\PythonProjects\llm_eval\test\aapp_competition_test\3418\3418_gen_0.sv,minimax/minimax-m2:free,stop,,gen-1762669307-lWGhjELCNJpiyK2JeqGV
12,human_eval_test,0,440,1062,643,D:\PythonProjects\llm_eval\test\human_eval_test\12\12_gen_0.sv,minimax/minimax-m2:free,stop,,gen-1762669526-nX6K7VXnJDNhFvcIqZcG
3285,aapp_competition_test,0,700,3514,1561,D:\PythonProjects\llm_eval\test\aapp_competition_test\3285\3285_gen_0.sv,minimax/minimax-m2:free,,,gen-1762669491-fLt79EtSfoh7IXD607CC
3421,aapp_competition_test,0,583,3538,1199,D:\PythonProjects\llm_eval\test\aapp_competition_test\3421\3421_gen_0.sv,minimax/minimax-m2:free,stop,,gen-1762669493-4mxapmMEC6cQ3zpmb7PA
5,human_eval_test,0,488,863,594,D:\PythonProjects\llm_eval\test\human_eval_test\5\5_gen_0.sv,minimax/minimax-m2:free,stop,,gen-1762669554-mQKVTrQXzbyNaoyuNQt9
242,mbpp_test,0,409,636,406,D:\PythonProjects\llm_eval\test\mbpp_test\242\242_gen_0.sv,minimax/minimax-m2:free,stop,,gen-1762669565-C0ZrCJyk9DVxtPzJkDwv
123,human_eval_test,0,556,25126,24980,D:\PythonProjects\llm_eval\test\human_eval_test\123\123_gen_0.sv,minimax/minimax-m2:free,stop,,gen-1762669356-2TeX7esYEfdtXIrbKiak
411,mbpp_test,0,518,2312,1046,D:\PythonProjects\llm_eval\test\mbpp_test\411\411_gen_0.sv,minimax/minimax-m2:free,stop,,gen-1762669572-tmYNUGMgkwYJGfpmTtje
407,mbpp_test,0,529,13428,12752,D:\PythonProjects\llm_eval\test\mbpp_test\407\407_gen_0.sv,minimax/minimax-m2:free,,,gen-1762669467-ArELgeiM6E6Wy04imOWm
581,mbpp_validation,0,388,711,614,D:\PythonProjects\llm_eval\test\mbpp_validation\581\581_gen_0.sv,minimax/minimax-m2:free,stop,,gen-1762669599-DGcaNlNPMrI3CaM5Vzr2
3604,aapp_competition_test,0,613,12956,12386,D:\PythonProjects\llm_eval\test\aapp_competition_test\3604\3604_gen_0.sv,minimax/minimax-m2:free,stop,,gen-1762669477-ItQdJl00uC9mlNeRWOFt
757,mbpp_train,0,506,1992,918,D:\PythonProjects\llm_eval\test\mbpp_train\757\757_gen_0.sv,minimax/minimax-m2:free,stop,,gen-1762669611-nw0OQkYkq7VXcLJwBZR2
436,mbpp_test,0,390,3891,3776,D:\PythonProjects\llm_eval\test\mbpp_test\436\436_gen_0.sv,minimax/minimax-m2:free,stop,,gen-1762669594-E3XX83jbBSCa501XUxOd
639,mbpp_train,0,602,2884,2009,D:\PythonProjects\llm_eval\test\mbpp_train\639\639_gen_0.sv,minimax/minimax-m2:free,stop,,gen-1762669620-bCTmtbZCpbxUyAlBlJdX
3284,aapp_competition_test,0,655,1679,1704,D:\PythonProjects\llm_eval\test\aapp_competition_test\3284\3284_gen_0.sv,minimax/minimax-m2:free,stop,,gen-1762669636-pCAvNxFJhCai0EzfdFbt
592,mbpp_validation,0,446,7530,7283,D:\PythonProjects\llm_eval\test\mbpp_validation\592\592_gen_0.sv,minimax/minimax-m2:free,stop,,gen-1762669606-iRjZ31BwRY0N8K1fNrSm
65,human_eval_test,0,521,13702,13289,D:\PythonProjects\llm_eval\test\human_eval_test\65\65_gen_0.sv,minimax/minimax-m2:free,stop,,gen-1762669540-E9jDpYrMntGXThnKuFvH
3419,aapp_competition_test,0,633,2702,1112,D:\PythonProjects\llm_eval\test\aapp_competition_test\3419\3419_gen_0.sv,minimax/minimax-m2:free,stop,,gen-1762669657-ZscMOPpdX2lzWvFMRwfS
3269,aapp_competition_test,0,633,131072,131826,D:\PythonProjects\llm_eval\test\aapp_competition_test\3269\3269_gen_0.sv,minimax/minimax-m2:free,length,,gen-1762668613-D8ySDXFBwiqGLok5KcIk
111,mbpp_test,0,484,1375,999,D:\PythonProjects\llm_eval\test\mbpp_test\111\111_gen_0.sv,minimax/minimax-m2:free,stop,,gen-1762669699-zpxuDdhPSKpnwYgDCcdf
133,mbpp_test,0,374,888,729,D:\PythonProjects\llm_eval\test\mbpp_test\133\133_gen_0.sv,minimax/minimax-m2:free,stop,,gen-1762669703-fsjiJ0xBr0Nh0CiECUqH
129,mbpp_test,0,557,19793,18022,D:\PythonProjects\llm_eval\test\mbpp_test\129\129_gen_0.sv,minimax/minimax-m2:free,stop,,gen-1762669557-T8HgLee4khUE0T32tTFE
414,mbpp_test,0,423,1083,921,D:\PythonProjects\llm_eval\test\mbpp_test\414\414_gen_0.sv,minimax/minimax-m2:free,stop,,gen-1762669715-TdOKyidMyZpgrvhFAEYe
56,human_eval_test,0,415,1426,679,D:\PythonProjects\llm_eval\test\human_eval_test\56\56_gen_0.sv,minimax/minimax-m2:free,stop,,gen-1762669731-FV1hLfGneM9axdiETBcy
71,human_eval_test,0,666,4572,1474,D:\PythonProjects\llm_eval\test\human_eval_test\71\71_gen_0.sv,minimax/minimax-m2:free,stop,,gen-1762669683-Sg98cfs12fsNOcoTsXaD
474,mbpp_test,0,490,2565,2455,D:\PythonProjects\llm_eval\test\mbpp_test\474\474_gen_0.sv,minimax/minimax-m2:free,stop,,gen-1762669726-1UqihmvvCg2JnmEIfq61
162,human_eval_test,0,538,4545,1166,D:\PythonProjects\llm_eval\test\human_eval_test\162\162_gen_0.sv,minimax/minimax-m2:free,stop,,gen-1762669690-7x1JwWqTlYDN88RcPu1e
790,mbpp_train,0,358,4776,4741,D:\PythonProjects\llm_eval\test\mbpp_train\790\790_gen_0.sv,minimax/minimax-m2:free,stop,,gen-1762669747-BYd9Z535qlfhcf2QDPUq
118,human_eval_test,0,502,15233,14758,D:\PythonProjects\llm_eval\test\human_eval_test\118\118_gen_0.sv,minimax/minimax-m2:free,stop,,gen-1762669658-MLSOhDe0Xte4E2FyTsjR
293,mbpp_test,0,523,5295,3351,D:\PythonProjects\llm_eval\test\mbpp_test\293\293_gen_0.sv,minimax/minimax-m2:free,stop,,gen-1762669747-18zMBKCRmp3F57nN5TYM
91,human_eval_test,0,529,2276,1217,D:\PythonProjects\llm_eval\test\human_eval_test\91\91_gen_0.sv,minimax/minimax-m2:free,stop,,gen-1762669808-SzCB9VS3UYN987XaiZSL
84,human_eval_test,0,392,1030,889,D:\PythonProjects\llm_eval\test\human_eval_test\84\84_gen_0.sv,minimax/minimax-m2:free,stop,,gen-1762669834-3TxfFrrdouAmwDOkjKRb
237,mbpp_test,0,579,13670,13002,D:\PythonProjects\llm_eval\test\mbpp_test\237\237_gen_0.sv,minimax/minimax-m2:free,stop,,gen-1762669714-Ic6iVyW15xR4wFvvGmA5
3603,aapp_competition_test,0,752,20339,19200,D:\PythonProjects\llm_eval\test\aapp_competition_test\3603\3603_gen_0.sv,minimax/minimax-m2:free,stop,,gen-1762669635-t1tZLKTOFbuv71Ga38J4
132,mbpp_test,0,461,960,829,D:\PythonProjects\llm_eval\test\mbpp_test\132\132_gen_0.sv,minimax/minimax-m2:free,stop,,gen-1762669846-FsjH630cZrdS4itxSJpW
458,mbpp_test,0,330,2310,2285,D:\PythonProjects\llm_eval\test\mbpp_test\458\458_gen_0.sv,minimax/minimax-m2:free,stop,,gen-1762669861-l3kK6UIih0a3Ck10TMZG
244,mbpp_test,0,479,2252,1260,D:\PythonProjects\llm_eval\test\mbpp_test\244\244_gen_0.sv,minimax/minimax-m2:free,stop,,gen-1762669847-qdRyLw4cC2dwwsJe8NYg
3287,aapp_competition_test,0,662,12021,11505,D:\PythonProjects\llm_eval\test\aapp_competition_test\3287\3287_gen_0.sv,minimax/minimax-m2:free,stop,,gen-1762669757-PMJFZlW1rrWsGe0GwwSh
415,mbpp_test,0,404,6268,6028,D:\PythonProjects\llm_eval\test\mbpp_test\415\415_gen_0.sv,minimax/minimax-m2:free,stop,,gen-1762669854-HlhVaMeDB8ElsBh8lkXO
74,mbpp_test,0,503,2278,775,D:\PythonProjects\llm_eval\test\mbpp_test\74\74_gen_0.sv,minimax/minimax-m2:free,stop,,gen-1762669895-uwTMpUduoc3ypHYJkobf
782,mbpp_train,0,412,4527,4466,D:\PythonProjects\llm_eval\test\mbpp_train\782\782_gen_0.sv,minimax/minimax-m2:free,stop,,gen-1762669888-PfAPT6CurWy23vmO6seL
442,mbpp_test,0,502,3425,1197,D:\PythonProjects\llm_eval\test\mbpp_test\442\442_gen_0.sv,minimax/minimax-m2:free,stop,,gen-1762669919-1OoGHIYOPj2G1Hz8PFns
3608,aapp_competition_test,0,636,2381,1208,D:\PythonProjects\llm_eval\test\aapp_competition_test\3608\3608_gen_0.sv,minimax/minimax-m2:free,stop,,gen-1762669932-dY3OctHsv1XWzhuUX7yH
151,human_eval_test,0,518,17557,17276,D:\PythonProjects\llm_eval\test\human_eval_test\151\151_gen_0.sv,minimax/minimax-m2:free,stop,,gen-1762669816-KA9KTTL2IPbaAdA8FItp
3282,aapp_competition_test,0,708,2069,1072,D:\PythonProjects\llm_eval\test\aapp_competition_test\3282\3282_gen_0.sv,minimax/minimax-m2:free,stop,,gen-1762669973-bNa7NpW8BfaxcmdYIKAy
3610,aapp_competition_test,0,641,29502,28067,D:\PythonProjects\llm_eval\test\aapp_competition_test\3610\3610_gen_0.sv,minimax/minimax-m2:free,stop,,gen-1762669755-O4pdc9IMT80BGYvS1vol
128,human_eval_test,0,562,1015,631,D:\PythonProjects\llm_eval\test\human_eval_test\128\128_gen_0.sv,minimax/minimax-m2:free,stop,,gen-1762670036-4HHpNA2B6Kmyi7Dpx43p
408,mbpp_test,0,547,131072,131936,D:\PythonProjects\llm_eval\test\mbpp_test\408\408_gen_0.sv,minimax/minimax-m2:free,length,,gen-1762669022-EI8xnCTZJiQmkCOM4muF
135,human_eval_test,0,490,3072,2950,D:\PythonProjects\llm_eval\test\human_eval_test\135\135_gen_0.sv,minimax/minimax-m2:free,stop,,gen-1762670048-ZujEkBbqXVTo3qvDXnoc
734,mbpp_train,0,536,20136,20010,D:\PythonProjects\llm_eval\test\mbpp_train\734\734_gen_0.sv,minimax/minimax-m2:free,stop,,gen-1762669889-ecP88sknBYhSGNX353YK
3422,aapp_competition_test,0,747,10270,8906,D:\PythonProjects\llm_eval\test\aapp_competition_test\3422\3422_gen_0.sv,minimax/minimax-m2:free,stop,,gen-1762669978-Daw4uFqyLaSixccozSgg
135,mbpp_test,0,379,1408,1322,D:\PythonProjects\llm_eval\test\mbpp_test\135\135_gen_0.sv,minimax/minimax-m2:free,stop,,gen-1762670077-zGXukuIWmY1hNhwZK78P
413,mbpp_test,0,442,893,798,D:\PythonProjects\llm_eval\test\mbpp_test\413\413_gen_0.sv,minimax/minimax-m2:free,stop,,gen-1762670090-Vu9ZZSbESAanRaopsRTR
602,mbpp_train,0,532,17197,16364,D:\PythonProjects\llm_eval\test\mbpp_train\602\602_gen_0.sv,minimax/minimax-m2:free,stop,,gen-1762669918-gfrnYvDwR602J3WM0hN0
399,mbpp_test,0,417,1782,1675,D:\PythonProjects\llm_eval\test\mbpp_test\399\399_gen_0.sv,minimax/minimax-m2:free,stop,,gen-1762670093-B7Okrec0CQJM8qSFYTIr
804,mbpp_train,0,406,2542,2497,D:\PythonProjects\llm_eval\test\mbpp_train\804\804_gen_0.sv,minimax/minimax-m2:free,stop,,gen-1762670094-WGuACDbIkheF2BMXS1MR
39,human_eval_test,0,551,14699,13704,D:\PythonProjects\llm_eval\test\human_eval_test\39\39_gen_0.sv,minimax/minimax-m2:free,stop,,gen-1762669991-MqoHvGMZ4bmXCh0EnRPf
577,mbpp_validation,0,425,2431,2130,D:\PythonProjects\llm_eval\test\mbpp_validation\577\577_gen_0.sv,minimax/minimax-m2:free,stop,,gen-1762670101-KnKNH3vfMkVE6cCvGIFk
3288,aapp_competition_test,0,757,1376,753,D:\PythonProjects\llm_eval\test\aapp_competition_test\3288\3288_gen_0.sv,minimax/minimax-m2:free,stop,,gen-1762670111-DbVKn5w21CZCJ7VyQrbd
98,human_eval_test,0,460,1234,766,D:\PythonProjects\llm_eval\test\human_eval_test\98\98_gen_0.sv,minimax/minimax-m2:free,stop,,gen-1762670125-8T7gcUubR0v6xutY9mVG
66,human_eval_test,0,473,1601,718,D:\PythonProjects\llm_eval\test\human_eval_test\66\66_gen_0.sv,minimax/minimax-m2:free,stop,,gen-1762670121-jAhLPBIooVvCcwxVWGkx
113,mbpp_test,0,426,1826,896,D:\PythonProjects\llm_eval\test\mbpp_test\113\113_gen_0.sv,minimax/minimax-m2:free,stop,,gen-1762670138-Z3shKTYGDyZyIO2VsGwv
250,mbpp_test,0,443,1739,1631,D:\PythonProjects\llm_eval\test\mbpp_test\250\250_gen_0.sv,minimax/minimax-m2:free,stop,,gen-1762670146-hdZdcHTK3h4iZr1fMqzg
3614,aapp_competition_test,0,692,3638,1400,D:\PythonProjects\llm_eval\test\aapp_competition_test\3614\3614_gen_0.sv,minimax/minimax-m2:free,stop,,gen-1762670111-MCIbVMmKemhUB1eXH26T
444,mbpp_test,0,563,1065,736,D:\PythonProjects\llm_eval\test\mbpp_test\444\444_gen_0.sv,minimax/minimax-m2:free,stop,,gen-1762670172-4dXiuKwOPGLMKF2qnoPb
3425,aapp_competition_test,0,641,2403,1053,D:\PythonProjects\llm_eval\test\aapp_competition_test\3425\3425_gen_0.sv,minimax/minimax-m2:free,stop,,gen-1762670120-i1lkhjZ95tWfYhaMCtOC
239,mbpp_test,0,619,14499,14023,D:\PythonProjects\llm_eval\test\mbpp_test\239\239_gen_0.sv,minimax/minimax-m2:free,stop,,gen-1762670083-eKIsEXz1CQbK63i9Qm8b
3414,aapp_competition_test,0,649,131072,132531,D:\PythonProjects\llm_eval\test\aapp_competition_test\3414\3414_gen_0.sv,minimax/minimax-m2:free,length,,gen-1762668976-ESJbKlHMGFrgG0Ew796f
126,mbpp_test,0,474,131072,132591,D:\PythonProjects\llm_eval\test\mbpp_test\126\126_gen_0.sv,minimax/minimax-m2:free,length,,gen-1762669181-W8njjwmpHVo8dY8lXJL4
743,mbpp_train,0,441,2069,1944,D:\PythonProjects\llm_eval\test\mbpp_train\743\743_gen_0.sv,minimax/minimax-m2:free,stop,,gen-1762670219-ealjPrOxEbfBxrx0vfKd
79,human_eval_test,0,355,629,587,D:\PythonProjects\llm_eval\test\human_eval_test\79\79_gen_0.sv,minimax/minimax-m2:free,stop,,gen-1762670234-Li2cQlOsMli1EtVAPOXd
58,human_eval_test,0,564,3566,1404,D:\PythonProjects\llm_eval\test\human_eval_test\58\58_gen_0.sv,minimax/minimax-m2:free,stop,,gen-1762670136-xZyJs6wGZyDkz0CZD5rK
93,mbpp_test,0,618,1491,937,D:\PythonProjects\llm_eval\test\mbpp_test\93\93_gen_0.sv,minimax/minimax-m2:free,stop,,gen-1762670232-W2o5FU4as6UNJetqS9ca
272,mbpp_test,0,397,3136,2961,D:\PythonProjects\llm_eval\test\mbpp_test\272\272_gen_0.sv,minimax/minimax-m2:free,stop,,gen-1762670235-ND7aJwd1Auswq1iFLIBY
13,human_eval_test,0,540,1777,995,D:\PythonProjects\llm_eval\test\human_eval_test\13\13_gen_0.sv,minimax/minimax-m2:free,stop,,gen-1762670263-F9cMlY3y0HDMeuPGZhUE
461,mbpp_test,0,415,12592,12135,D:\PythonProjects\llm_eval\test\mbpp_test\461\461_gen_0.sv,minimax/minimax-m2:free,stop,,gen-1762670166-wqHtFZE8YI8wLNhEx3ZT
418,mbpp_test,0,320,16799,15652,D:\PythonProjects\llm_eval\test\mbpp_test\418\418_gen_0.sv,minimax/minimax-m2:free,stop,,gen-1762670155-QUujVHx1HJefQc6h3oEf
3616,aapp_competition_test,0,599,5613,2152,D:\PythonProjects\llm_eval\test\aapp_competition_test\3616\3616_gen_0.sv,minimax/minimax-m2:free,stop,,gen-1762670244-ciKUxfo56D2uhJymcA1s
240,mbpp_test,0,609,1594,968,D:\PythonProjects\llm_eval\test\mbpp_test\240\240_gen_0.sv,minimax/minimax-m2:free,stop,,gen-1762670305-XnU54VMfhqPgw2mTW9qg
3279,aapp_competition_test,0,616,7872,7639,D:\PythonProjects\llm_eval\test\aapp_competition_test\3279\3279_gen_0.sv,minimax/minimax-m2:free,stop,,gen-1762670246-7Kpe6mf2iiZwUvvzicLk
3427,aapp_competition_test,0,656,6113,1658,D:\PythonProjects\llm_eval\test\aapp_competition_test\3427\3427_gen_0.sv,minimax/minimax-m2:free,stop,,gen-1762670247-LHX6jdREsiTCl7a13cV1
32,human_eval_test,0,593,3023,1042,D:\PythonProjects\llm_eval\test\human_eval_test\32\32_gen_0.sv,minimax/minimax-m2:free,stop,,gen-1762670283-jRuhsMgCT5r0zRPr0qzh
19,human_eval_test,0,544,7384,6951,D:\PythonProjects\llm_eval\test\human_eval_test\19\19_gen_0.sv,minimax/minimax-m2:free,stop,,gen-1762670266-GnJrMe0qZRCb2XdiyKDV
459,mbpp_test,0,548,1268,650,D:\PythonProjects\llm_eval\test\mbpp_test\459\459_gen_0.sv,minimax/minimax-m2:free,stop,,gen-1762670325-VHwa2vekoPVkCGrpO8XV
3617,aapp_competition_test,0,672,2872,904,D:\PythonProjects\llm_eval\test\aapp_competition_test\3617\3617_gen_0.sv,minimax/minimax-m2:free,,,gen-1762670344-7YIzvSQz4uhlUa6XaLwS
131,mbpp_test,0,446,11696,11310,D:\PythonProjects\llm_eval\test\mbpp_test\131\131_gen_0.sv,minimax/minimax-m2:free,stop,,gen-1762670291-BoAJ4Tx0CqqkCsb89u6n
589,mbpp_validation,0,582,8658,8164,D:\PythonProjects\llm_eval\test\mbpp_validation\589\589_gen_0.sv,minimax/minimax-m2:free,stop,,gen-1762670329-u5GpVFlrX2UrkXGfrGkm
11,human_eval_test,0,386,764,721,D:\PythonProjects\llm_eval\test\human_eval_test\11\11_gen_0.sv,minimax/minimax-m2:free,stop,,gen-1762670407-Hv29mUF0hImcEmNS77j9
420,mbpp_test,0,404,11952,11926,D:\PythonProjects\llm_eval\test\mbpp_test\420\420_gen_0.sv,minimax/minimax-m2:free,stop,,gen-1762670319-aCGvQtJMSDmzrp8IzIxT
620,mbpp_train,0,563,24012,23169,D:\PythonProjects\llm_eval\test\mbpp_train\620\620_gen_0.sv,minimax/minimax-m2:free,stop,,gen-1762670197-K32GUmuwBKiyY8haLsAV
99,human_eval_test,0,440,1204,868,D:\PythonProjects\llm_eval\test\human_eval_test\99\99_gen_0.sv,minimax/minimax-m2:free,stop,,gen-1762670423-JuLA9a56IMoEeZDPBcWV
115,mbpp_test,0,383,733,675,D:\PythonProjects\llm_eval\test\mbpp_test\115\115_gen_0.sv,minimax/minimax-m2:free,stop,,gen-1762670430-TEWTmIfpmlrXBMERWWpj
764,mbpp_train,0,488,12289,11994,D:\PythonProjects\llm_eval\test\mbpp_train\764\764_gen_0.sv,minimax/minimax-m2:free,stop,,gen-1762670329-PHBUE5LwmcaPJjc9QTDX
138,mbpp_test,0,354,771,712,D:\PythonProjects\llm_eval\test\mbpp_test\138\138_gen_0.sv,minimax/minimax-m2:free,stop,,gen-1762670438-N85Fw4LdMjvrgJFRV678
428,mbpp_test,0,584,3096,1141,D:\PythonProjects\llm_eval\test\mbpp_test\428\428_gen_0.sv,minimax/minimax-m2:free,stop,,gen-1762670442-wYQyBPABlAmgBRPwQGsg
248,mbpp_test,0,628,2604,1389,D:\PythonProjects\llm_eval\test\mbpp_test\248\248_gen_0.sv,minimax/minimax-m2:free,stop,,gen-1762670439-LFzzZA4Ltyy5ihOD06N2
3292,aapp_competition_test,0,582,4441,1260,D:\PythonProjects\llm_eval\test\aapp_competition_test\3292\3292_gen_0.sv,minimax/minimax-m2:free,stop,,gen-1762670385-WiyyldtPm45t0v6iTt8i
3009,aapp_competition_test,0,663,7067,1767,D:\PythonProjects\llm_eval\test\aapp_competition_test\3009\3009_gen_0.sv,minimax/minimax-m2:free,stop,,gen-1762670340-fj9726M78oSUcVUoeNsX
471,mbpp_test,0,557,2345,1195,D:\PythonProjects\llm_eval\test\mbpp_test\471\471_gen_0.sv,minimax/minimax-m2:free,stop,,gen-1762670448-Eg7ZNCGVPioec5bZRujw
3424,aapp_competition_test,0,629,2015,979,D:\PythonProjects\llm_eval\test\aapp_competition_test\3424\3424_gen_0.sv,minimax/minimax-m2:free,,,gen-1762670404-56FwskdPHaPolw5on6yl
137,human_eval_test,0,578,6352,1382,D:\PythonProjects\llm_eval\test\human_eval_test\137\137_gen_0.sv,minimax/minimax-m2:free,stop,,gen-1762670429-9oFtzXonaMp1aJKESGen
299,mbpp_test,0,551,2043,1007,D:\PythonProjects\llm_eval\test\mbpp_test\299\299_gen_0.sv,minimax/minimax-m2:free,stop,,gen-1762670482-Y66yVfjGbYNTXAeSODzS
563,mbpp_validation,0,612,16975,16328,D:\PythonProjects\llm_eval\test\mbpp_validation\563\563_gen_0.sv,minimax/minimax-m2:free,stop,,gen-1762670326-ZwlF2TEEJJPXkPpk29s8
3295,aapp_competition_test,0,628,2914,1330,D:\PythonProjects\llm_eval\test\aapp_competition_test\3295\3295_gen_0.sv,minimax/minimax-m2:free,stop,,gen-1762670500-kMSkLa1XkJhCUq2ZgYBU
787,mbpp_train,0,509,6597,6175,D:\PythonProjects\llm_eval\test\mbpp_train\787\787_gen_0.sv,minimax/minimax-m2:free,stop,,gen-1762670475-PNZlkOH0ZCYOy7dbXNE3
138,human_eval_test,0,353,692,631,D:\PythonProjects\llm_eval\test\human_eval_test\138\138_gen_0.sv,minimax/minimax-m2:free,stop,,gen-1762670538-777hKKf1Erdp3nd9fQ3z
139,mbpp_test,0,437,897,733,D:\PythonProjects\llm_eval\test\mbpp_test\139\139_gen_0.sv,minimax/minimax-m2:free,stop,,gen-1762670538-HFDI4AI2hVsWeTDc2YW2
3005,aapp_competition_test,0,596,4990,1368,D:\PythonProjects\llm_eval\test\aapp_competition_test\3005\3005_gen_0.sv,minimax/minimax-m2:free,,,gen-1762670484-3OY1RMvd19A9Ae3r5Lsc
421,mbpp_test,0,558,1051,857,D:\PythonProjects\llm_eval\test\mbpp_test\421\421_gen_0.sv,minimax/minimax-m2:free,stop,,gen-1762670550-UuEzhm7DLMsb7wo6NvwP
744,mbpp_train,0,369,554,446,D:\PythonProjects\llm_eval\test\mbpp_train\744\744_gen_0.sv,minimax/minimax-m2:free,stop,,gen-1762670564-AYkZHV7Fhh6JrWYL6Ozg
3431,aapp_competition_test,0,639,4637,1221,D:\PythonProjects\llm_eval\test\aapp_competition_test\3431\3431_gen_0.sv,minimax/minimax-m2:free,stop,,gen-1762670512-APSkLAW4ZjJMw5jbeekE
75,mbpp_test,0,540,1092,702,D:\PythonProjects\llm_eval\test\mbpp_test\75\75_gen_0.sv,minimax/minimax-m2:free,stop,,gen-1762670580-2Ffpc8veKmOfiK36Z1Aa
3,human_eval_test,0,546,13951,13664,D:\PythonProjects\llm_eval\test\human_eval_test\3\3_gen_0.sv,minimax/minimax-m2:free,stop,,gen-1762670475-v6g5Exa6EMzzwHUzxyaA
72,human_eval_test,0,489,8898,8605,D:\PythonProjects\llm_eval\test\human_eval_test\72\72_gen_0.sv,minimax/minimax-m2:free,stop,,gen-1762670536-oRFdCXdRzudOZY1Bvv1R
736,mbpp_train,0,561,3129,1613,D:\PythonProjects\llm_eval\test\mbpp_train\736\736_gen_0.sv,minimax/minimax-m2:free,stop,,gen-1762670571-fCNyzX8bHWyggVyUZ2ko
247,mbpp_test,0,701,6300,1275,D:\PythonProjects\llm_eval\test\mbpp_test\247\247_gen_0.sv,minimax/minimax-m2:free,stop,,gen-1762670547-StmuY6IiQnRyqyx9UxFh
775,mbpp_train,0,417,7242,7111,D:\PythonProjects\llm_eval\test\mbpp_train\775\775_gen_0.sv,minimax/minimax-m2:free,stop,,gen-1762670552-yynQoIQ1w5UUEb8vNUwY
614,mbpp_train,0,485,958,740,D:\PythonProjects\llm_eval\test\mbpp_train\614\614_gen_0.sv,minimax/minimax-m2:free,stop,,gen-1762670592-T93wOdrOhEPyO17BP6T1
3606,aapp_competition_test,0,721,13476,12325,D:\PythonProjects\llm_eval\test\aapp_competition_test\3606\3606_gen_0.sv,minimax/minimax-m2:free,stop,,gen-1762670494-ZU9JHXaKorAuqfUfUlTW
3626,aapp_competition_test,0,745,2514,1003,D:\PythonProjects\llm_eval\test\aapp_competition_test\3626\3626_gen_0.sv,minimax/minimax-m2:free,stop,,gen-1762670625-TNVpgEGGfa0xmMJingzs
73,human_eval_test,0,424,1101,931,D:\PythonProjects\llm_eval\test\human_eval_test\73\73_gen_0.sv,minimax/minimax-m2:free,stop,,gen-1762670646-CBfeICQkk7Mv3hU4y5pO
85,human_eval_test,0,441,1228,1073,D:\PythonProjects\llm_eval\test\human_eval_test\85\85_gen_0.sv,minimax/minimax-m2:free,stop,,gen-1762670652-nvcVpkxj6taS2LJZCgAx
3298,aapp_competition_test,0,471,3885,3675,D:\PythonProjects\llm_eval\test\aapp_competition_test\3298\3298_gen_0.sv,minimax/minimax-m2:free,stop,,gen-1762670629-B0iecw13NxDf61m6yx2o
253,mbpp_test,0,352,818,708,D:\PythonProjects\llm_eval\test\mbpp_test\253\253_gen_0.sv,minimax/minimax-m2:free,stop,,gen-1762670667-s6IIX9GPG6th5CG7slXl
805,mbpp_train,0,391,941,581,D:\PythonProjects\llm_eval\test\mbpp_train\805\805_gen_0.sv,minimax/minimax-m2:free,stop,,gen-1762670668-cNmFW2AMRVixZsscOE5S
130,mbpp_test,0,521,2627,1281,D:\PythonProjects\llm_eval\test\mbpp_test\130\130_gen_0.sv,minimax/minimax-m2:free,stop,,gen-1762670657-bReSGKLfYs6MnJOKD2n3
397,mbpp_test,0,397,1572,1429,D:\PythonProjects\llm_eval\test\mbpp_test\397\397_gen_0.sv,minimax/minimax-m2:free,stop,,gen-1762670677-FqEhb0js5rKs3a6yW68A
3008,aapp_competition_test,0,693,2031,368,D:\PythonProjects\llm_eval\test\aapp_competition_test\3008\3008_gen_0.sv,minimax/minimax-m2:free,stop,,gen-1762670688-rpYRA314LL0CMgGAW1tB
573,mbpp_validation,0,573,2147,1359,D:\PythonProjects\llm_eval\test\mbpp_validation\573\573_gen_0.sv,minimax/minimax-m2:free,stop,,gen-1762670680-W4UXNz8Ml99xx4mbFDmL
103,human_eval_test,0,459,8514,8372,D:\PythonProjects\llm_eval\test\human_eval_test\103\103_gen_0.sv,minimax/minimax-m2:free,stop,,gen-1762670652-S14WVJgAb219S1KwXBJm
67,human_eval_test,0,433,777,710,D:\PythonProjects\llm_eval\test\human_eval_test\67\67_gen_0.sv,minimax/minimax-m2:free,stop,,gen-1762670737-2NCsH0YXBe0hFnFQYoZw
3430,aapp_competition_test,0,781,5201,1967,D:\PythonProjects\llm_eval\test\aapp_competition_test\3430\3430_gen_0.sv,minimax/minimax-m2:free,stop,,gen-1762670708-P9IrmXHLjxOwTnWjkX5J
119,human_eval_test,0,584,13484,12275,D:\PythonProjects\llm_eval\test\human_eval_test\119\119_gen_0.sv,minimax/minimax-m2:free,stop,,gen-1762670632-odKsUAMbUAsSFWv23z9A
6,human_eval_test,0,488,1889,1001,D:\PythonProjects\llm_eval\test\human_eval_test\6\6_gen_0.sv,minimax/minimax-m2:free,stop,,gen-1762670763-NsxEWj7C7yuNA0zX0ZR1
3299,aapp_competition_test,0,463,9968,8945,D:\PythonProjects\llm_eval\test\aapp_competition_test\3299\3299_gen_0.sv,minimax/minimax-m2:free,stop,,gen-1762670707-Gc3QjE2Y9l44xfjfBEv7
424,mbpp_test,0,449,1190,808,D:\PythonProjects\llm_eval\test\mbpp_test\424\424_gen_0.sv,minimax/minimax-m2:free,stop,,gen-1762670808-WyGgDmGlBymShYRhOueM
3423,aapp_competition_test,0,651,131072,132920,D:\PythonProjects\llm_eval\test\aapp_competition_test\3423\3423_gen_0.sv,minimax/minimax-m2:free,length,,gen-1762669797-tClq6vIWTg57a2K1ISYM
3420,aapp_competition_test,0,535,20961,18776,D:\PythonProjects\llm_eval\test\aapp_competition_test\3420\3420_gen_0.sv,minimax/minimax-m2:free,stop,,gen-1762670631-oVwbIcEd5rbh2wbrtjA4
143,mbpp_test,0,438,6011,6003,D:\PythonProjects\llm_eval\test\mbpp_test\143\143_gen_0.sv,minimax/minimax-m2:free,stop,,gen-1762670782-mgJQIanZQxjAFOHVF5IK
622,mbpp_train,0,574,2504,1225,D:\PythonProjects\llm_eval\test\mbpp_train\622\622_gen_0.sv,minimax/minimax-m2:free,stop,,gen-1762670823-xZ8rajkSgFYLMiFCKfOt
97,mbpp_test,0,487,2013,1302,D:\PythonProjects\llm_eval\test\mbpp_test\97\97_gen_0.sv,minimax/minimax-m2:free,stop,,gen-1762670841-KFm32Wak5rVsETZqEtRh
246,mbpp_test,0,572,5750,2449,D:\PythonProjects\llm_eval\test\mbpp_test\246\246_gen_0.sv,minimax/minimax-m2:free,stop,,gen-1762670790-HnGqC0STwsCXfF2EOxaX
746,mbpp_train,0,568,1876,1135,D:\PythonProjects\llm_eval\test\mbpp_train\746\746_gen_0.sv,minimax/minimax-m2:free,stop,,gen-1762670839-7UOk7ONdlovTmYZ10o95
763,mbpp_train,0,527,2193,921,D:\PythonProjects\llm_eval\test\mbpp_train\763\763_gen_0.sv,minimax/minimax-m2:free,stop,,gen-1762670848-u4Qptxk6TCvA9JIw1HIU
3004,aapp_competition_test,0,750,2050,825,D:\PythonProjects\llm_eval\test\aapp_competition_test\3004\3004_gen_0.sv,minimax/minimax-m2:free,stop,,gen-1762670864-gmsWoOLKwQlRZCQihMxM
133,human_eval_test,0,567,2587,1497,D:\PythonProjects\llm_eval\test\human_eval_test\133\133_gen_0.sv,minimax/minimax-m2:free,stop,,gen-1762670858-gs0sJt9HQDCk0prAaEWa
281,mbpp_test,0,429,3257,3059,D:\PythonProjects\llm_eval\test\mbpp_test\281\281_gen_0.sv,minimax/minimax-m2:free,stop,,gen-1762670862-32w54nLvEDtOPKBf0ypJ
3628,aapp_competition_test,0,656,20881,19727,D:\PythonProjects\llm_eval\test\aapp_competition_test\3628\3628_gen_0.sv,minimax/minimax-m2:free,stop,,gen-1762670691-ntS1C8WabqKr9Qw6fDJG
3433,aapp_competition_test,0,647,3087,1149,D:\PythonProjects\llm_eval\test\aapp_competition_test\3433\3433_gen_0.sv,minimax/minimax-m2:free,stop,,gen-1762670886-OBlNruRgVbMEd2BLiVKK
46,human_eval_test,0,618,19911,19317,D:\PythonProjects\llm_eval\test\human_eval_test\46\46_gen_0.sv,minimax/minimax-m2:free,stop,,gen-1762670746-2YpakBbIDaqAKqNBaMOD
142,mbpp_test,0,455,2397,2254,D:\PythonProjects\llm_eval\test\mbpp_test\142\142_gen_0.sv,minimax/minimax-m2:free,stop,,gen-1762670928-0ip9rsHtuJhLx7IWRoSj
257,mbpp_test,0,347,773,691,D:\PythonProjects\llm_eval\test\mbpp_test\257\257_gen_0.sv,minimax/minimax-m2:free,stop,,gen-1762670949-nutzCGS3sKF0GziceQag
426,mbpp_test,0,519,1103,959,D:\PythonProjects\llm_eval\test\mbpp_test\426\426_gen_0.sv,minimax/minimax-m2:free,stop,,gen-1762670957-dnW4wUR33rugf6lCgfcj
92,human_eval_test,0,407,7308,7284,D:\PythonProjects\llm_eval\test\human_eval_test\92\92_gen_0.sv,minimax/minimax-m2:free,stop,,gen-1762670895-pFtSxUj29P42jUfIfFap
568,mbpp_validation,0,447,2884,2794,D:\PythonProjects\llm_eval\test\mbpp_validation\568\568_gen_0.sv,minimax/minimax-m2:free,stop,,gen-1762670958-e0uZmVTzCdgyaUYeWxFp
3627,aapp_competition_test,0,659,12231,11249,D:\PythonProjects\llm_eval\test\aapp_competition_test\3627\3627_gen_0.sv,minimax/minimax-m2:free,stop,,gen-1762670865-OPsaSW0Amnw2D3xkOFzf
3302,aapp_competition_test,0,609,13134,12693,D:\PythonProjects\llm_eval\test\aapp_competition_test\3302\3302_gen_0.sv,minimax/minimax-m2:free,stop,,gen-1762670884-egRPMu6axDlhEEt18MoS
125,human_eval_test,0,523,13445,12650,D:\PythonProjects\llm_eval\test\human_eval_test\125\125_gen_0.sv,minimax/minimax-m2:free,stop,,gen-1762670896-9vobUUuIDH9MUF1lbG5N
59,human_eval_test,0,630,13498,13330,D:\PythonProjects\llm_eval\test\human_eval_test\59\59_gen_0.sv,minimax/minimax-m2:free,stop,,gen-1762670897-xM6rg3Azd339snduX5tx
97,human_eval_test,0,406,131072,1117,D:\PythonProjects\llm_eval\test\human_eval_test\97\97_gen_0.sv,minimax/minimax-m2:free,length,,gen-1762670002-nTeNQU2k9bcs4W3T8nYs
40,human_eval_test,0,426,980,761,D:\PythonProjects\llm_eval\test\human_eval_test\40\40_gen_0.sv,minimax/minimax-m2:free,stop,,gen-1762671048-iY4KnImmmyGiAVCQ0bfm
152,human_eval_test,0,439,1064,833,D:\PythonProjects\llm_eval\test\human_eval_test\152\152_gen_0.sv,minimax/minimax-m2:free,stop,,gen-1762671056-fBS4SI7CJqIep5h9Q6xP
3615,aapp_competition_test,0,675,5555,1064,D:\PythonProjects\llm_eval\test\aapp_competition_test\3615\3615_gen_0.sv,minimax/minimax-m2:free,stop,,gen-1762671007-XwwruE86Jkb90RRSmMRV
3305,aapp_competition_test,0,675,5534,1835,D:\PythonProjects\llm_eval\test\aapp_competition_test\3305\3305_gen_0.sv,minimax/minimax-m2:free,stop,,gen-1762671010-ELdm0iDSIIvTMT47xHhY
759,mbpp_train,0,602,14434,13705,D:\PythonProjects\llm_eval\test\mbpp_train\759\759_gen_0.sv,minimax/minimax-m2:free,stop,,gen-1762670974-VvG4sAdFCOtEoKSQ3WOB
111,human_eval_test,0,535,2693,1267,D:\PythonProjects\llm_eval\test\human_eval_test\111\111_gen_0.sv,minimax/minimax-m2:free,stop,,gen-1762671064-VzWNA9Bhec2baz12AEQk
118,mbpp_test,0,598,2241,1060,D:\PythonProjects\llm_eval\test\mbpp_test\118\118_gen_0.sv,minimax/minimax-m2:free,stop,,gen-1762671100-RgYsV7ouCSgN3N59XpY1
30,human_eval_test,0,419,754,588,D:\PythonProjects\llm_eval\test\human_eval_test\30\30_gen_0.sv,minimax/minimax-m2:free,stop,,gen-1762671134-GX4ii1rzuU6YdYHE9N3H
3003,aapp_competition_test,0,588,14304,12902,D:\PythonProjects\llm_eval\test\aapp_competition_test\3003\3003_gen_0.sv,minimax/minimax-m2:free,stop,,gen-1762670987-bA2HlI95VoJ8GtC9rRMz
137,mbpp_test,0,594,8265,7664,D:\PythonProjects\llm_eval\test\mbpp_test\137\137_gen_0.sv,minimax/minimax-m2:free,stop,,gen-1762671068-6naY9Q4BBcKrfNDBFPSq
590,mbpp_validation,0,658,21849,1217,D:\PythonProjects\llm_eval\test\mbpp_validation\590\590_gen_0.sv,minimax/minimax-m2:free,stop,,gen-1762670968-YTa0NCBoEy89odZgqd2b
252,mbpp_test,0,603,4238,1556,D:\PythonProjects\llm_eval\test\mbpp_test\252\252_gen_0.sv,minimax/minimax-m2:free,stop,,gen-1762671100-5xP5cZVEWfwbXlz2bPY1
473,mbpp_test,0,556,3760,2246,D:\PythonProjects\llm_eval\test\mbpp_test\473\473_gen_0.sv,minimax/minimax-m2:free,stop,,gen-1762671128-OFb9h0J549Ti8VLH23RD
304,mbpp_test,0,588,1601,1068,D:\PythonProjects\llm_eval\test\mbpp_test\304\304_gen_0.sv,minimax/minimax-m2:free,stop,,gen-1762671149-p9pthu4a1wtcWDIDp4fM
3002,aapp_competition_test,0,671,62203,61418,D:\PythonProjects\llm_eval\test\aapp_competition_test\3002\3002_gen_0.sv,minimax/minimax-m2:free,stop,,gen-1762670624-HphYby1q43sxHMhEWKq0
783,mbpp_train,0,711,3536,1270,D:\PythonProjects\llm_eval\test\mbpp_train\783\783_gen_0.sv,minimax/minimax-m2:free,,,gen-1762671143-o0cDJCZgbW2XzfnoJ2PT
14,human_eval_test,0,555,1892,1108,D:\PythonProjects\llm_eval\test\human_eval_test\14\14_gen_0.sv,minimax/minimax-m2:free,stop,,gen-1762671170-vs4P9LrLvP8bR3UkAJtY
3437,aapp_competition_test,0,636,19205,16922,D:\PythonProjects\llm_eval\test\aapp_competition_test\3437\3437_gen_0.sv,minimax/minimax-m2:free,stop,,gen-1762671022-DnRqL8kNxDA0R2Y5uJ6H
145,mbpp_test,0,487,1509,860,D:\PythonProjects\llm_eval\test\mbpp_test\145\145_gen_0.sv,minimax/minimax-m2:free,stop,,gen-1762671196-FXrFqTRkCe7EyqMb1bP7
3306,aapp_competition_test,0,708,3641,874,D:\PythonProjects\llm_eval\test\aapp_competition_test\3306\3306_gen_0.sv,minimax/minimax-m2:free,stop,,gen-1762671160-0jyqSgdRJR4Qx2YpWL9W
427,mbpp_test,0,396,782,625,D:\PythonProjects\llm_eval\test\mbpp_test\427\427_gen_0.sv,minimax/minimax-m2:free,stop,,gen-1762671212-ALpGghQ3qE56VZWoiqXN
127,human_eval_test,0,427,3499,616,D:\PythonProjects\llm_eval\test\human_eval_test\127\127_gen_0.sv,minimax/minimax-m2:free,stop,,gen-1762671187-YkgDCegEcFhJlJqkC4jj
251,mbpp_test,0,424,1095,910,D:\PythonProjects\llm_eval\test\mbpp_test\251\251_gen_0.sv,minimax/minimax-m2:free,stop,,gen-1762671205-4prUyqqokoDuh2pBcmqM
739,mbpp_train,0,566,1170,772,D:\PythonProjects\llm_eval\test\mbpp_train\739\739_gen_0.sv,minimax/minimax-m2:free,stop,,gen-1762671221-gm7xXxuUl2nmX8Ttr40o
3629,aapp_competition_test,0,710,6501,1291,D:\PythonProjects\llm_eval\test\aapp_competition_test\3629\3629_gen_0.sv,minimax/minimax-m2:free,,,gen-1762671159-PoZRMGUe8SKddZhwTavf
3013,aapp_competition_test,0,691,7194,1201,D:\PythonProjects\llm_eval\test\aapp_competition_test\3013\3013_gen_0.sv,minimax/minimax-m2:free,stop,,gen-1762671157-6Cs4CaCkkcCv3ah4nkUs
780,mbpp_train,0,679,1385,728,D:\PythonProjects\llm_eval\test\mbpp_train\780\780_gen_0.sv,minimax/minimax-m2:free,stop,,gen-1762671213-wecST5kmYuiNsYCF9EGB
3619,aapp_competition_test,0,688,3976,1349,D:\PythonProjects\llm_eval\test\aapp_competition_test\3619\3619_gen_0.sv,minimax/minimax-m2:free,stop,,gen-1762671253-sfGVQQdeEwERnP2jnWBg
3015,aapp_competition_test,0,695,4623,1595,D:\PythonProjects\llm_eval\test\aapp_competition_test\3015\3015_gen_0.sv,minimax/minimax-m2:free,stop,,gen-1762671234-ILOrVX2VdcVHoVKtqULk
3428,aapp_competition_test,0,750,15870,14704,D:\PythonProjects\llm_eval\test\aapp_competition_test\3428\3428_gen_0.sv,minimax/minimax-m2:free,stop,,gen-1762671168-h7bqOOZQEbh4wYWodNAQ
70,mbpp_test,0,443,11670,11093,D:\PythonProjects\llm_eval\test\mbpp_test\70\70_gen_0.sv,minimax/minimax-m2:free,stop,,gen-1762671223-QIw36IiXLChwhe3n85PQ
93,human_eval_test,0,576,2750,1846,D:\PythonProjects\llm_eval\test\human_eval_test\93\93_gen_0.sv,minimax/minimax-m2:free,stop,,gen-1762671307-6CZflikk6FMlD3sMowOD
165,mbpp_test,0,385,998,879,D:\PythonProjects\llm_eval\test\mbpp_test\165\165_gen_0.sv,minimax/minimax-m2:free,stop,,gen-1762671343-gxOwiDDKUz37VzWE5ZL8
3309,aapp_competition_test,0,591,10783,9983,D:\PythonProjects\llm_eval\test\aapp_competition_test\3309\3309_gen_0.sv,minimax/minimax-m2:free,stop,,gen-1762671262-m8qB9ajLlWm8IMgB5tt1
112,human_eval_test,0,796,17149,15591,D:\PythonProjects\llm_eval\test\human_eval_test\112\112_gen_0.sv,minimax/minimax-m2:free,stop,,gen-1762671193-SxLjjJS03a8HmgpzEzVM
396,mbpp_test,0,358,658,610,D:\PythonProjects\llm_eval\test\mbpp_test\396\396_gen_0.sv,minimax/minimax-m2:free,stop,,gen-1762671385-CE0pUTsRCTkp16aGJdjZ
3441,aapp_competition_test,0,637,8201,3070,D:\PythonProjects\llm_eval\test\aapp_competition_test\3441\3441_gen_0.sv,minimax/minimax-m2:free,stop,,gen-1762671300-RjoWe4SYGL6cr9dC2kfv
23,human_eval_test,0,466,11650,11299,D:\PythonProjects\llm_eval\test\human_eval_test\23\23_gen_0.sv,minimax/minimax-m2:free,stop,,gen-1762671320-V29YdxsfDGiQmWvJGhtU
720,mbpp_train,0,468,3746,3668,D:\PythonProjects\llm_eval\test\mbpp_train\720\720_gen_0.sv,minimax/minimax-m2:free,stop,,gen-1762671395-7j40DWoGUEr2b8yRlHsm
255,mbpp_test,0,626,8924,7935,D:\PythonProjects\llm_eval\test\mbpp_test\255\255_gen_0.sv,minimax/minimax-m2:free,stop,,gen-1762671354-aCUcA2zjvIFTuTTFz2vi
3007,aapp_competition_test,0,771,3176,1293,D:\PythonProjects\llm_eval\test\aapp_competition_test\3007\3007_gen_0.sv,minimax/minimax-m2:free,stop,,gen-1762671411-cDfUF10SIsF72zDxOCbw
41,human_eval_test,0,371,671,591,D:\PythonProjects\llm_eval\test\human_eval_test\41\41_gen_0.sv,minimax/minimax-m2:free,stop,,gen-1762671463-Sd9mDTtfPTpXrw0iP79L
802,mbpp_train,0,501,11069,10847,D:\PythonProjects\llm_eval\test\mbpp_train\802\802_gen_0.sv,minimax/minimax-m2:free,stop,,gen-1762671372-RRttPtzrDnkEGgX8uDpj
158,human_eval_test,0,488,23852,20978,D:\PythonProjects\llm_eval\test\human_eval_test\158\158_gen_0.sv,minimax/minimax-m2:free,stop,,gen-1762671220-3cfqouzdVI1H88F7JOnS
47,human_eval_test,0,514,17268,16735,D:\PythonProjects\llm_eval\test\human_eval_test\47\47_gen_0.sv,minimax/minimax-m2:free,stop,,gen-1762671311-AKodqSje9UmLzZdwGUkM
3444,aapp_competition_test,0,735,3589,1959,D:\PythonProjects\llm_eval\test\aapp_competition_test\3444\3444_gen_0.sv,minimax/minimax-m2:free,stop,,gen-1762671449-ZxJDIZeFw6q72XZEgF6y
429,mbpp_test,0,465,663,609,D:\PythonProjects\llm_eval\test\mbpp_test\429\429_gen_0.sv,minimax/minimax-m2:free,stop,,gen-1762671497-uvsnCNwVcqHqmCzHoYfM
140,mbpp_test,0,563,2136,1157,D:\PythonProjects\llm_eval\test\mbpp_test\140\140_gen_0.sv,minimax/minimax-m2:free,stop,,gen-1762671482-bpjuWviIlPmqRuYvFbQm
21,human_eval_test,0,579,2526,971,D:\PythonProjects\llm_eval\test\human_eval_test\21\21_gen_0.sv,minimax/minimax-m2:free,stop,,gen-1762671475-5sCze0AnyXQEVKmhvVjK
624,mbpp_train,0,417,1140,517,D:\PythonProjects\llm_eval\test\mbpp_train\624\624_gen_0.sv,minimax/minimax-m2:free,stop,,gen-1762671506-tdlWwudTeLZuSnzPYdap
748,mbpp_train,0,598,1882,847,D:\PythonProjects\llm_eval\test\mbpp_train\748\748_gen_0.sv,minimax/minimax-m2:free,stop,,gen-1762671512-qnuM5la0oE9mp0s1vUrN
98,mbpp_test,0,359,4899,4806,D:\PythonProjects\llm_eval\test\mbpp_test\98\98_gen_0.sv,minimax/minimax-m2:free,stop,,gen-1762671512-S5w0IAQLV2SOkfVongu7
64,human_eval_test,0,464,131072,132100,D:\PythonProjects\llm_eval\test\human_eval_test\64\64_gen_0.sv,minimax/minimax-m2:free,length,,gen-1762670531-qMbcTCC8y4QIc9Z2AnIE
3011,aapp_competition_test,0,685,3054,1581,D:\PythonProjects\llm_eval\test\aapp_competition_test\3011\3011_gen_0.sv,minimax/minimax-m2:free,stop,,gen-1762671550-t9hOzbnGBRhFIPiQE5jJ
3635,aapp_competition_test,0,606,17050,16407,D:\PythonProjects\llm_eval\test\aapp_competition_test\3635\3635_gen_0.sv,minimax/minimax-m2:free,stop,,gen-1762671431-YRlgY0UtS3onD2UbqM2b
3308,aapp_competition_test,0,776,17119,16311,D:\PythonProjects\llm_eval\test\aapp_competition_test\3308\3308_gen_0.sv,minimax/minimax-m2:free,stop,,gen-1762671444-gvdYpy72SePAVfdiMAzq
146,human_eval_test,0,535,2192,1135,D:\PythonProjects\llm_eval\test\human_eval_test\146\146_gen_0.sv,minimax/minimax-m2:free,stop,,gen-1762671589-kq9ZR6UK8piLRtSHDITk
19,mbpp_test,0,381,1201,985,D:\PythonProjects\llm_eval\test\mbpp_test\19\19_gen_0.sv,minimax/minimax-m2:free,stop,,gen-1762671615-3TIiREWAxzlDw6KNDPOf
3442,aapp_competition_test,0,645,3919,1814,D:\PythonProjects\llm_eval\test\aapp_competition_test\3442\3442_gen_0.sv,minimax/minimax-m2:free,stop,,gen-1762671584-mw5P2SW4M9eZJoov2070
3639,aapp_competition_test,0,726,5613,1991,D:\PythonProjects\llm_eval\test\aapp_competition_test\3639\3639_gen_0.sv,minimax/minimax-m2:free,stop,,gen-1762671564-ivXOItNnjZ6GnyaNpObJ
284,mbpp_test,0,401,734,619,D:\PythonProjects\llm_eval\test\mbpp_test\284\284_gen_0.sv,minimax/minimax-m2:free,stop,,gen-1762671642-xZPNy7sFuHKZmGq7iVqM
56,mbpp_test,0,440,21562,21433,D:\PythonProjects\llm_eval\test\mbpp_test\56\56_gen_0.sv,minimax/minimax-m2:free,stop,,gen-1762671475-8cFCgVgVaycxVj3fmKSu
262,mbpp_test,0,463,5015,4883,D:\PythonProjects\llm_eval\test\mbpp_test\262\262_gen_0.sv,minimax/minimax-m2:free,stop,,gen-1762671635-VFbarP9dwGcTrSLU84Yj
48,human_eval_test,0,472,9471,9207,D:\PythonProjects\llm_eval\test\human_eval_test\48\48_gen_0.sv,minimax/minimax-m2:free,stop,,gen-1762671605-eQf7YvDSgsp79yVUl07w
593,mbpp_validation,0,517,2332,1028,D:\PythonProjects\llm_eval\test\mbpp_validation\593\593_gen_0.sv,minimax/minimax-m2:free,stop,,gen-1762671681-YSZvzSWIXZO4QjfwNKGj
161,mbpp_test,0,483,10189,9943,D:\PythonProjects\llm_eval\test\mbpp_test\161\161_gen_0.sv,minimax/minimax-m2:free,stop,,gen-1762671632-sdO4bxKFQsv0PFuTBar7
1,human_eval_test,0,712,21742,20474,D:\PythonProjects\llm_eval\test\human_eval_test\1\1_gen_0.sv,minimax/minimax-m2:free,stop,,gen-1762671518-7YdXcXA4so2Lc9F3YVUn
260,mbpp_test,0,564,19487,18843,D:\PythonProjects\llm_eval\test\mbpp_test\260\260_gen_0.sv,minimax/minimax-m2:free,stop,,gen-1762671487-uOYiNsGNwMytYPJhz3xn
745,mbpp_train,0,530,8227,7646,D:\PythonProjects\llm_eval\test\mbpp_train\745\745_gen_0.sv,minimax/minimax-m2:free,stop,,gen-1762671686-O5NJiSrXQRMyQjPdEKeh
3640,aapp_competition_test,0,560,6659,2075,D:\PythonProjects\llm_eval\test\aapp_competition_test\3640\3640_gen_0.sv,minimax/minimax-m2:free,stop,,gen-1762671718-kaQrlS3fyAgosIne4qYh
3445,aapp_competition_test,0,670,3751,1224,D:\PythonProjects\llm_eval\test\aapp_competition_test\3445\3445_gen_0.sv,minimax/minimax-m2:free,stop,,gen-1762671733-PtQlW0CHQeroIih6ghmA
100,human_eval_test,0,454,1257,763,D:\PythonProjects\llm_eval\test\human_eval_test\100\100_gen_0.sv,minimax/minimax-m2:free,stop,,gen-1762671776-s9GlqNU6yREkuKNvKzCq
566,mbpp_validation,0,503,13284,13035,D:\PythonProjects\llm_eval\test\mbpp_validation\566\566_gen_0.sv,minimax/minimax-m2:free,stop,,gen-1762671651-nVjwoh0GgclUpIAAeNiW
264,mbpp_test,0,423,824,743,D:\PythonProjects\llm_eval\test\mbpp_test\264\264_gen_0.sv,minimax/minimax-m2:free,stop,,gen-1762671795-kZeaD7ExyMdSU6f7iIp9
120,human_eval_test,0,608,2488,1276,D:\PythonProjects\llm_eval\test\human_eval_test\120\120_gen_0.sv,minimax/minimax-m2:free,stop,,gen-1762671768-vn6zetlLVqmNtcabXAAn
460,mbpp_test,0,524,1014,776,D:\PythonProjects\llm_eval\test\mbpp_test\460\460_gen_0.sv,minimax/minimax-m2:free,stop,,gen-1762671805-tRbM0TEyJVsF6ZNzd4vu
766,mbpp_train,0,465,1434,821,D:\PythonProjects\llm_eval\test\mbpp_train\766\766_gen_0.sv,minimax/minimax-m2:free,stop,,gen-1762671807-p1NQZ8yPcNflRBVIHDna
305,mbpp_test,0,503,1923,1191,D:\PythonProjects\llm_eval\test\mbpp_test\305\305_gen_0.sv,minimax/minimax-m2:free,stop,,gen-1762671817-Kkbt2R4S3H5rZ3IUd7Ta
3023,aapp_competition_test,0,670,2479,936,D:\PythonProjects\llm_eval\test\aapp_competition_test\3023\3023_gen_0.sv,minimax/minimax-m2:free,stop,,gen-1762671823-XIivIfSiFtmLNiriMHNF
119,mbpp_test,0,425,3372,3321,D:\PythonProjects\llm_eval\test\mbpp_test\119\119_gen_0.sv,minimax/minimax-m2:free,stop,,gen-1762671805-qltlRS0nNfUkdrjScN1p
3304,aapp_competition_test,0,666,32405,31365,D:\PythonProjects\llm_eval\test\aapp_competition_test\3304\3304_gen_0.sv,minimax/minimax-m2:free,stop,,gen-1762671580-2U5ldZXbx86Z2xdFUuOX
3017,aapp_competition_test,0,660,18838,18154,D:\PythonProjects\llm_eval\test\aapp_competition_test\3017\3017_gen_0.sv,minimax/minimax-m2:free,stop,,gen-1762671709-bhW31g7ZKkozT1h2O12r
3313,aapp_competition_test,0,677,3444,1205,D:\PythonProjects\llm_eval\test\aapp_competition_test\3313\3313_gen_0.sv,minimax/minimax-m2:free,stop,,gen-1762671846-ARaopdmiBPhjjf9uGnUk
20,human_eval_test,0,473,1201,730,D:\PythonProjects\llm_eval\test\human_eval_test\20\20_gen_0.sv,minimax/minimax-m2:free,stop,,gen-1762671894-J1tLqWDks3j25QSMzTmY
3314,aapp_competition_test,0,631,19436,18332,D:\PythonProjects\llm_eval\test\aapp_competition_test\3314\3314_gen_0.sv,minimax/minimax-m2:free,stop,,gen-1762671724-LEDuFbLs0NSNcHZvs7NE
15,human_eval_test,0,563,3029,1666,D:\PythonProjects\llm_eval\test\human_eval_test\15\15_gen_0.sv,minimax/minimax-m2:free,stop,,gen-1762671893-mBCo9pGGFUOGcDhvDyDi
12,mbpp_test,0,479,2496,1042,D:\PythonProjects\llm_eval\test\mbpp_test\12\12_gen_0.sv,minimax/minimax-m2:free,stop,,gen-1762671898-IwNFn7IjajVUojL8LoaJ
160,mbpp_test,0,618,14435,14036,D:\PythonProjects\llm_eval\test\mbpp_test\160\160_gen_0.sv,minimax/minimax-m2:free,,,gen-1762671789-ykNOK1v8iiuQ7uT9Dzia
259,mbpp_test,0,680,1824,1182,D:\PythonProjects\llm_eval\test\mbpp_test\259\259_gen_0.sv,minimax/minimax-m2:free,stop,,gen-1762671920-3nwMOpaUPyPLsaXj6sdo
422,mbpp_test,0,435,879,748,D:\PythonProjects\llm_eval\test\mbpp_test\422\422_gen_0.sv,minimax/minimax-m2:free,,,gen-1762671927-EHqjsEuIhs8VW75P7M5b
3434,aapp_competition_test,0,704,12781,12113,D:\PythonProjects\llm_eval\test\aapp_competition_test\3434\3434_gen_0.sv,minimax/minimax-m2:free,stop,,gen-1762671848-pqbBhaYASvG6v1ZzkmoD
164,mbpp_test,0,428,6076,5883,D:\PythonProjects\llm_eval\test\mbpp_test\164\164_gen_0.sv,minimax/minimax-m2:free,stop,,gen-1762671907-nOnelsSWWJ2iAD39tM0A
3644,aapp_competition_test,0,611,15271,14448,D:\PythonProjects\llm_eval\test\aapp_competition_test\3644\3644_gen_0.sv,minimax/minimax-m2:free,stop,,gen-1762671846-DiDF4rWl108mRq9LFBbI
3019,aapp_competition_test,0,643,4500,1342,D:\PythonProjects\llm_eval\test\aapp_competition_test\3019\3019_gen_0.sv,minimax/minimax-m2:free,stop,,gen-1762671943-Srr72T3O4nBLwlF6UVeS
80,mbpp_test,0,413,12701,12556,D:\PythonProjects\llm_eval\test\mbpp_test\80\80_gen_0.sv,minimax/minimax-m2:free,stop,,gen-1762671937-toXtfWMUNWYhT9e9gvhL
3447,aapp_competition_test,0,656,4329,1218,D:\PythonProjects\llm_eval\test\aapp_competition_test\3447\3447_gen_0.sv,minimax/minimax-m2:free,stop,,gen-1762672003-qDmpMyHj2VjabTAQDKnK
121,human_eval_test,0,549,7166,6697,D:\PythonProjects\llm_eval\test\human_eval_test\121\121_gen_0.sv,minimax/minimax-m2:free,stop,,gen-1762672005-FiG9IlOioXROUG6Fnww6
786,mbpp_train,0,454,15732,15102,D:\PythonProjects\llm_eval\test\mbpp_train\786\786_gen_0.sv,minimax/minimax-m2:free,stop,,gen-1762671933-1hInIbuYDTYLQO5kPnkT
104,human_eval_test,0,559,2652,1074,D:\PythonProjects\llm_eval\test\human_eval_test\104\104_gen_0.sv,minimax/minimax-m2:free,stop,,gen-1762672063-GD4TxGwBRxRznKtbv5oB
3315,aapp_competition_test,0,623,13583,12045,D:\PythonProjects\llm_eval\test\aapp_competition_test\3315\3315_gen_0.sv,minimax/minimax-m2:free,stop,,gen-1762671971-WfNm6GSor0wKly7zLra8
256,mbpp_test,0,456,1920,806,D:\PythonProjects\llm_eval\test\mbpp_test\256\256_gen_0.sv,minimax/minimax-m2:free,stop,,gen-1762672101-3RcrSX73FtC8oj2GRsCR
141,mbpp_test,0,591,2743,1485,D:\PythonProjects\llm_eval\test\mbpp_test\141\141_gen_0.sv,minimax/minimax-m2:free,stop,,gen-1762672096-vhGASUjZhoMN4wyV7Bhz
463,mbpp_test,0,546,17742,16580,D:\PythonProjects\llm_eval\test\mbpp_test\463\463_gen_0.sv,minimax/minimax-m2:free,stop,,gen-1762671932-RIqYUy7dT4UTbWCXewoN
3646,aapp_competition_test,0,628,16878,16351,D:\PythonProjects\llm_eval\test\aapp_competition_test\3646\3646_gen_0.sv,minimax/minimax-m2:free,stop,,gen-1762671963-uWZvq89gt7HMx7Jg42Xf
22,human_eval_test,0,510,6119,5714,D:\PythonProjects\llm_eval\test\human_eval_test\22\22_gen_0.sv,minimax/minimax-m2:free,stop,,gen-1762672054-GcjijJ9CgUuIQJ3bVsSV
393,mbpp_test,0,524,1299,883,D:\PythonProjects\llm_eval\test\mbpp_test\393\393_gen_0.sv,minimax/minimax-m2:free,stop,,gen-1762672121-LhpnJZeL1CiRxdngFYve
809,mbpp_train,0,409,4122,4043,D:\PythonProjects\llm_eval\test\mbpp_train\809\809_gen_0.sv,minimax/minimax-m2:free,stop,,gen-1762672114-1Hzww85PQmPjUgnxoYYa
3630,aapp_competition_test,0,601,2213,396,D:\PythonProjects\llm_eval\test\aapp_competition_test\3630\3630_gen_0.sv,minimax/minimax-m2:free,stop,,gen-1762672128-Q4ADET2xX4Rh9Ha5qsAH
75,human_eval_test,0,427,1207,1030,D:\PythonProjects\llm_eval\test\human_eval_test\75\75_gen_0.sv,minimax/minimax-m2:free,stop,,gen-1762672162-HorbMAb1LrpyqT7jxTOm
3446,aapp_competition_test,0,718,3627,1480,D:\PythonProjects\llm_eval\test\aapp_competition_test\3446\3446_gen_0.sv,minimax/minimax-m2:free,,,gen-1762672134-TbanzJ9WKl1dQzt9OgEo
268,mbpp_test,0,385,876,787,D:\PythonProjects\llm_eval\test\mbpp_test\268\268_gen_0.sv,minimax/minimax-m2:free,stop,,gen-1762672185-yu5VeVulvLedqs8ilCTh
433,mbpp_test,0,383,131072,132002,D:\PythonProjects\llm_eval\test\mbpp_test\433\433_gen_0.sv,minimax/minimax-m2:free,length,,gen-1762671126-R4vsUHWqxoTdQvUFSQaH
162,mbpp_test,0,504,1235,964,D:\PythonProjects\llm_eval\test\mbpp_test\162\162_gen_0.sv,minimax/minimax-m2:free,stop,,gen-1762672176-22UBevN80nDpCau1ETwD
58,mbpp_test,0,370,4280,4323,D:\PythonProjects\llm_eval\test\mbpp_test\58\58_gen_0.sv,minimax/minimax-m2:free,stop,,gen-1762672164-dDDa8vs3hhnCwqQtdvtE
455,mbpp_test,0,373,836,718,D:\PythonProjects\llm_eval\test\mbpp_test\455\455_gen_0.sv,minimax/minimax-m2:free,stop,,gen-1762672210-KdO3SZGJjM0eIhHUqbr7
434,mbpp_test,0,559,2505,1658,D:\PythonProjects\llm_eval\test\mbpp_test\434\434_gen_0.sv,minimax/minimax-m2:free,stop,,gen-1762672195-GkTdYboW7rS8w0nbzCT0
96,mbpp_test,0,492,1309,799,D:\PythonProjects\llm_eval\test\mbpp_test\96\96_gen_0.sv,minimax/minimax-m2:free,stop,,gen-1762672220-qo6Iyik9REPIk2RnWfbf
16,human_eval_test,0,489,12598,12134,D:\PythonProjects\llm_eval\test\human_eval_test\16\16_gen_0.sv,minimax/minimax-m2:free,stop,,gen-1762672141-nDYioHR4i7cEkHbGnZdF
3316,aapp_competition_test,0,636,15215,14371,D:\PythonProjects\llm_eval\test\aapp_competition_test\3316\3316_gen_0.sv,minimax/minimax-m2:free,stop,,gen-1762672131-0r3Cw25uNzLIkTPPLrSN
81,human_eval_test,0,567,6506,776,D:\PythonProjects\llm_eval\test\human_eval_test\81\81_gen_0.sv,minimax/minimax-m2:free,stop,,gen-1762672232-KtYyNVsckwaQG9aRbBDb
20,mbpp_test,0,537,19840,18712,D:\PythonProjects\llm_eval\test\mbpp_test\20\20_gen_0.sv,minimax/minimax-m2:free,stop,,gen-1762672093-Bgt5trsPvgBJ05eaAoGw
3650,aapp_competition_test,0,565,3104,1581,D:\PythonProjects\llm_eval\test\aapp_competition_test\3650\3650_gen_0.sv,minimax/minimax-m2:free,stop,,gen-1762672258-J31x1tJqiYEJRWJNTI3m
3031,aapp_competition_test,0,667,3440,1420,D:\PythonProjects\llm_eval\test\aapp_competition_test\3031\3031_gen_0.sv,minimax/minimax-m2:free,stop,,gen-1762672236-sQ0S2o7R63ZbsU9Xssfa
3317,aapp_competition_test,0,558,1425,420,D:\PythonProjects\llm_eval\test\aapp_competition_test\3317\3317_gen_0.sv,minimax/minimax-m2:free,stop,,gen-1762672266-uuinEcv1X6vjEvOBPbU3
171,mbpp_test,0,330,667,610,D:\PythonProjects\llm_eval\test\mbpp_test\171\171_gen_0.sv,minimax/minimax-m2:free,stop,,gen-1762672292-Gfjr67AIIWMjhR8mB59G
11,mbpp_test,0,458,1261,530,D:\PythonProjects\llm_eval\test\mbpp_test\11\11_gen_0.sv,minimax/minimax-m2:free,stop,,gen-1762672290-tXl1U8jevcXhUjZRcbjB
266,mbpp_test,0,360,792,709,D:\PythonProjects\llm_eval\test\mbpp_test\266\266_gen_0.sv,minimax/minimax-m2:free,stop,,gen-1762672302-jwTTcln8XXjWhXukOnBM
565,mbpp_validation,0,440,970,687,D:\PythonProjects\llm_eval\test\mbpp_validation\565\565_gen_0.sv,minimax/minimax-m2:free,stop,,gen-1762672312-6ece69FLUdR1LHtH4kNy
101,human_eval_test,0,559,2951,830,D:\PythonProjects\llm_eval\test\human_eval_test\101\101_gen_0.sv,minimax/minimax-m2:free,stop,,gen-1762672290-AXaQDtch68XD8xB8PWL9
3027,aapp_competition_test,0,747,21463,20314,D:\PythonProjects\llm_eval\test\aapp_competition_test\3027\3027_gen_0.sv,minimax/minimax-m2:free,stop,,gen-1762672125-kkZYO2Ig7nWgPWIDTSgk
17,mbpp_test,0,357,131072,132521,D:\PythonProjects\llm_eval\test\mbpp_test\17\17_gen_0.sv,minimax/minimax-m2:free,length,,gen-1762671336-LOvJmUxqDUNlPnUtO3Ax
68,human_eval_test,0,484,5145,5007,D:\PythonProjects\llm_eval\test\human_eval_test\68\68_gen_0.sv,minimax/minimax-m2:free,stop,,gen-1762672288-0XX4CrxWPAMlnvc212hB
595,mbpp_validation,0,397,1177,958,D:\PythonProjects\llm_eval\test\mbpp_validation\595\595_gen_0.sv,minimax/minimax-m2:free,stop,,gen-1762672327-cpg5zxp25CixdCYWGDFO
282,mbpp_test,0,436,3359,3201,D:\PythonProjects\llm_eval\test\mbpp_test\282\282_gen_0.sv,minimax/minimax-m2:free,stop,,gen-1762672310-EOmJ3Z5hmii1mN2a1WTU
767,mbpp_train,0,488,1334,940,D:\PythonProjects\llm_eval\test\mbpp_train\767\767_gen_0.sv,minimax/minimax-m2:free,stop,,gen-1762672334-z51yIwkO1pfy0cnzCAzc
3321,aapp_competition_test,0,613,1693,1697,D:\PythonProjects\llm_eval\test\aapp_competition_test\3321\3321_gen_0.sv,minimax/minimax-m2:free,stop,,gen-1762672343-cUCHDszlWLa8IRbWELae
3632,aapp_competition_test,0,665,2712,933,D:\PythonProjects\llm_eval\test\aapp_competition_test\3632\3632_gen_0.sv,minimax/minimax-m2:free,stop,,gen-1762672335-nmjhjCUSGJaCQxfX73nB
59,mbpp_test,0,494,762,617,D:\PythonProjects\llm_eval\test\mbpp_test\59\59_gen_0.sv,minimax/minimax-m2:free,stop,,gen-1762672367-otO4rE57niHnDUbDSQYv
269,mbpp_test,0,325,642,571,D:\PythonProjects\llm_eval\test\mbpp_test\269\269_gen_0.sv,minimax/minimax-m2:free,stop,,gen-1762672377-wTt6hOdbJyhk2hnXB9RM
752,mbpp_train,0,554,18689,18117,D:\PythonProjects\llm_eval\test\mbpp_train\752\752_gen_0.sv,minimax/minimax-m2:free,stop,,gen-1762672203-LgI8pOdmtJnb7Of4BuSF
431,mbpp_test,0,522,1333,971,D:\PythonProjects\llm_eval\test\mbpp_test\431\431_gen_0.sv,minimax/minimax-m2:free,stop,,gen-1762672385-4x4I7zDZaJ3HvYMfmHOV
477,mbpp_test,0,430,962,831,D:\PythonProjects\llm_eval\test\mbpp_test\477\477_gen_0.sv,minimax/minimax-m2:free,stop,,gen-1762672399-noBQCXKo1HtiPcMuXWZy
3032,aapp_competition_test,0,680,6221,2184,D:\PythonProjects\llm_eval\test\aapp_competition_test\3032\3032_gen_0.sv,minimax/minimax-m2:free,stop,,gen-1762672335-g5TVsrNeVk0MCWiEloeq
108,mbpp_test,0,635,2637,1032,D:\PythonProjects\llm_eval\test\mbpp_test\108\108_gen_0.sv,minimax/minimax-m2:free,stop,,gen-1762672396-wzbSX54dIT18ClSYtGjz
742,mbpp_train,0,465,1457,1248,D:\PythonProjects\llm_eval\test\mbpp_train\742\742_gen_0.sv,minimax/minimax-m2:free,stop,,gen-1762672410-QiJuGrh2fmKh6yilomAS
95,human_eval_test,0,501,9747,9329,D:\PythonProjects\llm_eval\test\human_eval_test\95\95_gen_0.sv,minimax/minimax-m2:free,stop,,gen-1762672344-n4jWAHdhNT5k9OpvAmV6
286,mbpp_test,0,689,2573,1318,D:\PythonProjects\llm_eval\test\mbpp_test\286\286_gen_0.sv,minimax/minimax-m2:free,stop,,gen-1762672415-gqkdkraxiZyl4a85O0u9
3449,aapp_competition_test,0,695,5194,0,D:\PythonProjects\llm_eval\test\aapp_competition_test\3449\3449_gen_0.sv,minimax/minimax-m2:free,stop,,gen-1762672344-SP0RUVRd95KaHloAUSPj
167,mbpp_test,0,488,7071,6644,D:\PythonProjects\llm_eval\test\mbpp_test\167\167_gen_0.sv,minimax/minimax-m2:free,stop,,gen-1762672376-4eZtbtRI37YERR07lteD
74,human_eval_test,0,496,882,655,D:\PythonProjects\llm_eval\test\human_eval_test\74\74_gen_0.sv,minimax/minimax-m2:free,stop,,gen-1762672462-Zaw6cdyUyRkz2DrlCykC
49,human_eval_test,0,563,12093,11849,D:\PythonProjects\llm_eval\test\human_eval_test\49\49_gen_0.sv,minimax/minimax-m2:free,stop,,gen-1762672347-2d2eCtoMkcvHBEnPamIE
3451,aapp_competition_test,0,699,19360,16297,D:\PythonProjects\llm_eval\test\aapp_competition_test\3451\3451_gen_0.sv,minimax/minimax-m2:free,stop,,gen-1762672286-1fXHE8U4naSWE55DOj0A
3319,aapp_competition_test,0,745,6517,2098,D:\PythonProjects\llm_eval\test\aapp_competition_test\3319\3319_gen_0.sv,minimax/minimax-m2:free,stop,,gen-1762672432-vg1ibI4DXRg4i5fV0bYB
3645,aapp_competition_test,0,622,4800,1921,D:\PythonProjects\llm_eval\test\aapp_competition_test\3645\3645_gen_0.sv,minimax/minimax-m2:free,stop,,gen-1762672425-tRbecMASqIaahIFQR34x
3021,aapp_competition_test,0,714,5156,1482,D:\PythonProjects\llm_eval\test\aapp_competition_test\3021\3021_gen_0.sv,minimax/minimax-m2:free,stop,,gen-1762672423-xMCKBDI5EvcKUUfONkM9
267,mbpp_test,0,344,921,640,D:\PythonProjects\llm_eval\test\mbpp_test\267\267_gen_0.sv,minimax/minimax-m2:free,stop,,gen-1762672487-4ANIl9hA5rX0m4yyTkjy
168,mbpp_test,0,373,941,769,D:\PythonProjects\llm_eval\test\mbpp_test\168\168_gen_0.sv,minimax/minimax-m2:free,stop,,gen-1762672477-q9OQZ6X7CjYrKJ00yWPV
754,mbpp_train,0,468,1023,810,D:\PythonProjects\llm_eval\test\mbpp_train\754\754_gen_0.sv,minimax/minimax-m2:free,stop,,gen-1762672506-BhBUl4V4MLzMTNyV5BPv
3457,aapp_competition_test,0,629,3106,1283,D:\PythonProjects\llm_eval\test\aapp_competition_test\3457\3457_gen_0.sv,minimax/minimax-m2:free,stop,,gen-1762672452-yX7t5VgtMvRUwZKjGdf7
42,human_eval_test,0,388,7793,7736,D:\PythonProjects\llm_eval\test\human_eval_test\42\42_gen_0.sv,minimax/minimax-m2:free,stop,,gen-1762672462-nKjmr4HqQF09ucBASdwC
18,mbpp_test,0,489,7248,2007,D:\PythonProjects\llm_eval\test\mbpp_test\18\18_gen_0.sv,minimax/minimax-m2:free,stop,,gen-1762672474-MDd8GTk4Lm93R6CgN759
83,mbpp_test,0,477,5110,4816,D:\PythonProjects\llm_eval\test\mbpp_test\83\83_gen_0.sv,minimax/minimax-m2:free,stop,,gen-1762672504-uZHmFx66Izfb096EoBSN
157,human_eval_test,0,401,690,477,D:\PythonProjects\llm_eval\test\human_eval_test\157\157_gen_0.sv,minimax/minimax-m2:free,stop,,gen-1762672554-gTvbur1u5RwSL3lvTQny
3648,aapp_competition_test,0,776,5206,1499,D:\PythonProjects\llm_eval\test\aapp_competition_test\3648\3648_gen_0.sv,minimax/minimax-m2:free,stop,,gen-1762672511-84JNKXgYCKzkYRYMpbl1
154,human_eval_test,0,614,2885,1093,D:\PythonProjects\llm_eval\test\human_eval_test\154\154_gen_0.sv,minimax/minimax-m2:free,stop,,gen-1762672549-CxExTGPOsLFtC6biyQ1K
166,mbpp_test,0,413,1210,887,D:\PythonProjects\llm_eval\test\mbpp_test\166\166_gen_0.sv,minimax/minimax-m2:free,stop,,gen-1762672583-RNHhGqFPX9foKvtuwzFj
808,mbpp_train,0,374,846,747,D:\PythonProjects\llm_eval\test\mbpp_train\808\808_gen_0.sv,minimax/minimax-m2:free,stop,,gen-1762672595-81cwH0lwJrQZFMXDydZB
437,mbpp_test,0,491,11046,10998,D:\PythonProjects\llm_eval\test\mbpp_test\437\437_gen_0.sv,minimax/minimax-m2:free,stop,,gen-1762672504-sRdQ5lsjH1z7neEGIHFY
3455,aapp_competition_test,0,677,6632,1545,D:\PythonProjects\llm_eval\test\aapp_competition_test\3455\3455_gen_0.sv,minimax/minimax-m2:free,stop,,gen-1762672523-cXvN9dueE9y7pm7hzNUv
62,mbpp_test,0,385,8787,8465,D:\PythonProjects\llm_eval\test\mbpp_test\62\62_gen_0.sv,minimax/minimax-m2:free,stop,,gen-1762672561-l73pBFmG2w1wMVf4qWxU
3033,aapp_competition_test,0,626,13383,13255,D:\PythonProjects\llm_eval\test\aapp_competition_test\3033\3033_gen_0.sv,minimax/minimax-m2:free,stop,,gen-1762672510-e2WHUDiE246qScUdkhnR
3325,aapp_competition_test,0,670,6091,1539,D:\PythonProjects\llm_eval\test\aapp_competition_test\3325\3325_gen_0.sv,minimax/minimax-m2:free,stop,,gen-1762672519-QoWd5HSMyLXhF0RFvtTw
3018,aapp_competition_test,0,566,3179,947,D:\PythonProjects\llm_eval\test\aapp_competition_test\3018\3018_gen_0.sv,minimax/minimax-m2:free,stop,,gen-1762672625-Y7hOSQk1XJHUXYdnBuRu
3637,aapp_competition_test,0,803,2168,937,D:\PythonProjects\llm_eval\test\aapp_competition_test\3637\3637_gen_0.sv,minimax/minimax-m2:free,stop,,gen-1762672627-tD7cWTVL9tuDQTZr3FDG
3326,aapp_competition_test,0,723,2758,1094,D:\PythonProjects\llm_eval\test\aapp_competition_test\3326\3326_gen_0.sv,minimax/minimax-m2:free,stop,,gen-1762672642-2kwL25QKMpyaWdvFnvNo
3452,aapp_competition_test,0,668,3128,1042,D:\PythonProjects\llm_eval\test\aapp_competition_test\3452\3452_gen_0.sv,minimax/minimax-m2:free,stop,,gen-1762672646-CeGhVjfuXO5wAJey96LV
170,mbpp_test,0,512,1079,646,D:\PythonProjects\llm_eval\test\mbpp_test\170\170_gen_0.sv,minimax/minimax-m2:free,stop,,gen-1762672684-FApixGNjgoQMCvP6TzxL
273,mbpp_test,0,384,713,599,D:\PythonProjects\llm_eval\test\mbpp_test\273\273_gen_0.sv,minimax/minimax-m2:free,stop,,gen-1762672691-BPFMILWhCJ60k4CPHxOt
69,human_eval_test,0,491,16716,16052,D:\PythonProjects\llm_eval\test\human_eval_test\69\69_gen_0.sv,minimax/minimax-m2:free,stop,,gen-1762672543-qB2g6s5K77KatQcdhtlu
628,mbpp_train,0,533,1930,1131,D:\PythonProjects\llm_eval\test\mbpp_train\628\628_gen_0.sv,minimax/minimax-m2:free,stop,,gen-1762672699-eyva42QjLY79UXoSVHkn
147,human_eval_test,0,462,8755,8532,D:\PythonProjects\llm_eval\test\human_eval_test\147\147_gen_0.sv,minimax/minimax-m2:free,stop,,gen-1762672651-oS6zXAJ1A0EWCtIrQOec
271,mbpp_test,0,530,14237,13957,D:\PythonProjects\llm_eval\test\mbpp_test\271\271_gen_0.sv,minimax/minimax-m2:free,stop,,gen-1762672593-BoEbyXCr5RVqOpsIFr54
749,mbpp_train,0,550,1993,855,D:\PythonProjects\llm_eval\test\mbpp_train\749\749_gen_0.sv,minimax/minimax-m2:free,stop,,gen-1762672716-1bSX0ZRkmxmt9Ytpcai1
54,human_eval_test,0,456,1143,799,D:\PythonProjects\llm_eval\test\human_eval_test\54\54_gen_0.sv,minimax/minimax-m2:free,stop,,gen-1762672738-kv1KOfZL7Z6zTTtwBA0c
14,mbpp_test,0,378,131072,132051,D:\PythonProjects\llm_eval\test\mbpp_test\14\14_gen_0.sv,minimax/minimax-m2:free,length,,gen-1762671783-2ai3ubd0YH6Ef8GeXM1w
392,mbpp_test,0,623,15907,15499,D:\PythonProjects\llm_eval\test\mbpp_test\392\392_gen_0.sv,minimax/minimax-m2:free,stop,,gen-1762672622-WITpgJ8uDWRrZUbWu04K
148,human_eval_test,0,621,1906,803,D:\PythonProjects\llm_eval\test\human_eval_test\148\148_gen_0.sv,minimax/minimax-m2:free,stop,,gen-1762672781-biLm6yswNeKB6fGhYzmp
50,human_eval_test,0,471,925,536,D:\PythonProjects\llm_eval\test\human_eval_test\50\50_gen_0.sv,minimax/minimax-m2:free,stop,,gen-1762672802-ikf7DWHLZCaOZux78QD8
3651,aapp_competition_test,0,650,4610,1384,D:\PythonProjects\llm_eval\test\aapp_competition_test\3651\3651_gen_0.sv,minimax/minimax-m2:free,stop,,gen-1762672747-cVFb2hkrvyiu0ORG09wy
66,mbpp_test,0,393,1131,976,D:\PythonProjects\llm_eval\test\mbpp_test\66\66_gen_0.sv,minimax/minimax-m2:free,stop,,gen-1762672814-FxUm3LnkivZCHFA4VDfc
274,mbpp_test,0,351,776,713,D:\PythonProjects\llm_eval\test\mbpp_test\274\274_gen_0.sv,minimax/minimax-m2:free,stop,,gen-1762672828-ntMbGr6P5M8CbYWBNZWz
280,mbpp_test,0,606,1324,853,D:\PythonProjects\llm_eval\test\mbpp_test\280\280_gen_0.sv,minimax/minimax-m2:free,stop,,gen-1762672838-GeJVccMJMVk2dURoX2vi
76,human_eval_test,0,536,21240,20293,D:\PythonProjects\llm_eval\test\human_eval_test\76\76_gen_0.sv,minimax/minimax-m2:free,stop,,gen-1762672656-9FLJpffzoCaxFQkmvHcm
419,mbpp_test,0,552,18659,18582,D:\PythonProjects\llm_eval\test\mbpp_test\419\419_gen_0.sv,minimax/minimax-m2:free,stop,,gen-1762672697-YZqUdFPG9UPohyQ0EprM
3461,aapp_competition_test,0,613,11271,10367,D:\PythonProjects\llm_eval\test\aapp_competition_test\3461\3461_gen_0.sv,minimax/minimax-m2:free,stop,,gen-1762672755-S1vdMfNWozgreagaVoNb
579,mbpp_validation,0,532,2625,907,D:\PythonProjects\llm_eval\test\mbpp_validation\579\579_gen_0.sv,minimax/minimax-m2:free,stop,,gen-1762672852-93KkmjlNLJCqI1u0yVkg
598,mbpp_validation,0,504,2219,1051,D:\PythonProjects\llm_eval\test\mbpp_validation\598\598_gen_0.sv,minimax/minimax-m2:free,stop,,gen-1762672857-YBU8Jsbz78P2uxHE2Fhs
3036,aapp_competition_test,0,751,17904,16706,D:\PythonProjects\llm_eval\test\aapp_competition_test\3036\3036_gen_0.sv,minimax/minimax-m2:free,stop,,gen-1762672744-lcuN6wyxABrlObJ5cYVa
3338,aapp_competition_test,0,758,3490,1303,D:\PythonProjects\llm_eval\test\aapp_competition_test\3338\3338_gen_0.sv,minimax/minimax-m2:free,stop,,gen-1762672878-IwbkLK9mipYqiHad6k1a
102,human_eval_test,0,390,931,800,D:\PythonProjects\llm_eval\test\human_eval_test\102\102_gen_0.sv,minimax/minimax-m2:free,stop,,gen-1762672927-ixx8VkHTlw42F6jBhldy
3330,aapp_competition_test,0,749,18820,17400,D:\PythonProjects\llm_eval\test\aapp_competition_test\3330\3330_gen_0.sv,minimax/minimax-m2:free,stop,,gen-1762672750-Zjfcd3LAn75Hx4f6EyQs
3464,aapp_competition_test,0,653,3313,1645,D:\PythonProjects\llm_eval\test\aapp_competition_test\3464\3464_gen_0.sv,minimax/minimax-m2:free,stop,,gen-1762672911-I83ciXnVJsB6M0melEue
3039,aapp_competition_test,0,459,6181,3321,D:\PythonProjects\llm_eval\test\aapp_competition_test\3039\3039_gen_0.sv,minimax/minimax-m2:free,stop,,gen-1762672870-RIgHND6XXeodzPA1VdhN
441,mbpp_test,0,389,244,190,D:\PythonProjects\llm_eval\test\mbpp_test\441\441_gen_0.sv,minimax/minimax-m2:free,stop,,gen-1762672954-hUy8UVMNu9fTDAJXgtOr
172,mbpp_test,0,438,14239,14111,D:\PythonProjects\llm_eval\test\mbpp_test\172\172_gen_0.sv,minimax/minimax-m2:free,stop,,gen-1762672815-fhDIxA2KRxRlzPqkvyZF
64,mbpp_test,0,440,2137,1225,D:\PythonProjects\llm_eval\test\mbpp_test\64\64_gen_0.sv,minimax/minimax-m2:free,stop,,gen-1762672938-OtczPPoWNR8dhvupJK0c
278,mbpp_test,0,393,1002,767,D:\PythonProjects\llm_eval\test\mbpp_test\278\278_gen_0.sv,minimax/minimax-m2:free,stop,,gen-1762672953-qutYPuYbt5x7OJ2wpGGs
476,mbpp_test,0,410,960,681,D:\PythonProjects\llm_eval\test\mbpp_test\476\476_gen_0.sv,minimax/minimax-m2:free,stop,,gen-1762672957-YjJNHyj0WVvjKc8wAhmb
223,mbpp_test,0,460,1713,1284,D:\PythonProjects\llm_eval\test\mbpp_test\223\223_gen_0.sv,minimax/minimax-m2:free,stop,,gen-1762672946-cMM5h8xS6oHiZi6tlZ1G
798,mbpp_train,0,390,2783,2711,D:\PythonProjects\llm_eval\test\mbpp_train\798\798_gen_0.sv,minimax/minimax-m2:free,stop,,gen-1762672967-C9KNOqJcSvKHNUkuzNgN
3656,aapp_competition_test,0,596,13816,12646,D:\PythonProjects\llm_eval\test\aapp_competition_test\3656\3656_gen_0.sv,minimax/minimax-m2:free,stop,,gen-1762672873-qrVBZHYGf1NT6dIE8QHw
309,mbpp_test,0,377,289,210,D:\PythonProjects\llm_eval\test\mbpp_test\309\309_gen_0.sv,minimax/minimax-m2:free,stop,,gen-1762672968-WIRLmJefzhbjjTTopFXv
3465,aapp_competition_test,0,542,3172,1012,D:\PythonProjects\llm_eval\test\aapp_competition_test\3465\3465_gen_0.sv,minimax/minimax-m2:free,stop,,gen-1762673003-Nag0Sm9h4C2UzOjj5i30
3042,aapp_competition_test,0,659,4922,1137,D:\PythonProjects\llm_eval\test\aapp_competition_test\3042\3042_gen_0.sv,minimax/minimax-m2:free,stop,,gen-1762672969-MThi8NKqrB9hEc03KaUQ
153,human_eval_test,0,563,2486,1197,D:\PythonProjects\llm_eval\test\human_eval_test\153\153_gen_0.sv,minimax/minimax-m2:free,stop,,gen-1762673037-nNRqfyZodNzhEPFdv1zM
222,mbpp_test,0,363,2833,2726,D:\PythonProjects\llm_eval\test\mbpp_test\222\222_gen_0.sv,minimax/minimax-m2:free,stop,,gen-1762673070-ITjzfi968umJZdPBQ2Pc
3638,aapp_competition_test,0,746,14553,13444,D:\PythonProjects\llm_eval\test\aapp_competition_test\3638\3638_gen_0.sv,minimax/minimax-m2:free,stop,,gen-1762672972-77utod5s7jdOgkUXgS0T
279,mbpp_test,0,356,674,611,D:\PythonProjects\llm_eval\test\mbpp_test\279\279_gen_0.sv,minimax/minimax-m2:free,stop,,gen-1762673101-j1Gc1bBC9EbiqG75wmea
122,human_eval_test,0,524,19550,19389,D:\PythonProjects\llm_eval\test\human_eval_test\122\122_gen_0.sv,minimax/minimax-m2:free,stop,,gen-1762672922-qQQZa5e3SEaSXAysiuUu
65,mbpp_test,0,408,7008,7002,D:\PythonProjects\llm_eval\test\mbpp_test\65\65_gen_0.sv,minimax/minimax-m2:free,stop,,gen-1762673044-ffqnkogpMS4K1ChBU4Ud
3045,aapp_competition_test,0,708,2547,793,D:\PythonProjects\llm_eval\test\aapp_competition_test\3045\3045_gen_0.sv,minimax/minimax-m2:free,stop,,gen-1762673119-5DIo4RtXxOkBtijzDd3q
84,mbpp_test,0,581,2361,1564,D:\PythonProjects\llm_eval\test\mbpp_test\84\84_gen_0.sv,minimax/minimax-m2:free,stop,,gen-1762673110-xbsMboD2sbqYmElw1nQl
70,human_eval_test,0,607,15658,15000,D:\PythonProjects\llm_eval\test\human_eval_test\70\70_gen_0.sv,minimax/minimax-m2:free,stop,,gen-1762673013-FHTJ5raYYwK2XdAga0pa
3331,aapp_competition_test,0,711,18882,17434,D:\PythonProjects\llm_eval\test\aapp_competition_test\3331\3331_gen_0.sv,minimax/minimax-m2:free,stop,,gen-1762672997-mI0lV1sgrw6N5DC7f2GP
24,human_eval_test,0,544,1906,1150,D:\PythonProjects\llm_eval\test\human_eval_test\24\24_gen_0.sv,minimax/minimax-m2:free,stop,,gen-1762673172-fHpVF8viyIZdHqW2H1rx
3469,aapp_competition_test,0,683,3395,1555,D:\PythonProjects\llm_eval\test\aapp_competition_test\3469\3469_gen_0.sv,minimax/minimax-m2:free,stop,,gen-1762673154-FOYbifN32PqdEnn5TVAg
3340,aapp_competition_test,0,679,7319,1844,D:\PythonProjects\llm_eval\test\aapp_competition_test\3340\3340_gen_0.sv,minimax/minimax-m2:free,stop,,gen-1762673145-DXtzqOLqa4NqFCVu1B59
226,mbpp_test,0,459,926,672,D:\PythonProjects\llm_eval\test\mbpp_test\226\226_gen_0.sv,minimax/minimax-m2:free,stop,,gen-1762673250-6Sg32WNSoT7opJmcmBbn
68,mbpp_test,0,474,6020,5779,D:\PythonProjects\llm_eval\test\mbpp_test\68\68_gen_0.sv,minimax/minimax-m2:free,stop,,gen-1762673205-emDCmMi24vaOmOLiYpzw
52,human_eval_test,0,383,7801,7786,D:\PythonProjects\llm_eval\test\human_eval_test\52\52_gen_0.sv,minimax/minimax-m2:free,stop,,gen-1762673198-wkCMvdSev70rYEqqdwD6
404,mbpp_test,0,327,323,0,D:\PythonProjects\llm_eval\test\mbpp_test\404\404_gen_0.sv,minimax/minimax-m2:free,stop,,gen-1762673269-hX2c3ewvVyOvOZBmKGrI
724,mbpp_train,0,484,31469,30330,D:\PythonProjects\llm_eval\test\mbpp_train\724\724_gen_0.sv,minimax/minimax-m2:free,stop,,gen-1762672959-fWyftMg6zrkMkyEBWbqb
623,mbpp_train,0,527,131072,132558,D:\PythonProjects\llm_eval\test\mbpp_train\623\623_gen_0.sv,minimax/minimax-m2:free,length,,gen-1762672196-UCSpEJZldrhjmGexM2in
569,mbpp_validation,0,602,2458,1074,D:\PythonProjects\llm_eval\test\mbpp_validation\569\569_gen_0.sv,minimax/minimax-m2:free,stop,,gen-1762673275-zsYlvXtY5zy9TG0e6Jyz
94,human_eval_test,0,538,19830,19192,D:\PythonProjects\llm_eval\test\human_eval_test\94\94_gen_0.sv,minimax/minimax-m2:free,stop,,gen-1762673168-wTeQx0mhr5IxnavXDZ6s
801,mbpp_train,0,404,12124,11980,D:\PythonProjects\llm_eval\test\mbpp_train\801\801_gen_0.sv,minimax/minimax-m2:free,stop,,gen-1762673268-J5oUNaEkWHPJEDEli75K
149,human_eval_test,0,492,1615,841,D:\PythonProjects\llm_eval\test\human_eval_test\149\149_gen_0.sv,minimax/minimax-m2:free,stop,,gen-1762673375-Xr72QXApvlhVuVLTWrIo
3660,aapp_competition_test,0,702,7004,2146,D:\PythonProjects\llm_eval\test\aapp_competition_test\3660\3660_gen_0.sv,minimax/minimax-m2:free,stop,,gen-1762673285-sdUbEY1EWFcl5IP6wBfk
439,mbpp_test,0,500,33798,32935,D:\PythonProjects\llm_eval\test\mbpp_test\439\439_gen_0.sv,minimax/minimax-m2:free,stop,,gen-1762673109-L4IyCEyXZsjr8gb6sqyx
3468,aapp_competition_test,0,713,3969,1328,D:\PythonProjects\llm_eval\test\aapp_competition_test\3468\3468_gen_0.sv,minimax/minimax-m2:free,stop,,gen-1762673359-LOmodFEV7xsLrApgoNuC
77,human_eval_test,0,480,1467,850,D:\PythonProjects\llm_eval\test\human_eval_test\77\77_gen_0.sv,minimax/minimax-m2:free,stop,,gen-1762673394-8RjCI2F7hPr7eLYLnUXI
443,mbpp_test,0,400,1266,891,D:\PythonProjects\llm_eval\test\mbpp_test\443\443_gen_0.sv,minimax/minimax-m2:free,stop,,gen-1762673414-49jSZOz4KveWECqkwQxm
227,mbpp_test,0,377,5008,4984,D:\PythonProjects\llm_eval\test\mbpp_test\227\227_gen_0.sv,minimax/minimax-m2:free,stop,,gen-1762673407-HKZeY7PHWINfXYULXgUY
3029,aapp_competition_test,0,700,19368,17607,D:\PythonProjects\llm_eval\test\aapp_competition_test\3029\3029_gen_0.sv,minimax/minimax-m2:free,stop,,gen-1762673275-TDFUNj5OUSJDCIMXG40O
608,mbpp_train,0,652,2798,1835,D:\PythonProjects\llm_eval\test\mbpp_train\608\608_gen_0.sv,minimax/minimax-m2:free,stop,,gen-1762673428-Sjr8VQLrBPJeRGehmbfb
3659,aapp_competition_test,0,658,32677,30307,D:\PythonProjects\llm_eval\test\aapp_competition_test\3659\3659_gen_0.sv,minimax/minimax-m2:free,stop,,gen-1762673130-N8ayXnCTysc2MZhFo0Fw
625,mbpp_train,0,553,987,755,D:\PythonProjects\llm_eval\test\mbpp_train\625\625_gen_0.sv,minimax/minimax-m2:free,stop,,gen-1762673465-3ZMRtMUuws6Csl0xTbOq
249,mbpp_test,0,514,18648,15535,D:\PythonProjects\llm_eval\test\mbpp_test\249\249_gen_0.sv,minimax/minimax-m2:free,stop,,gen-1762673260-AeqFstpJ79r0E5f7KuWI
99,mbpp_test,0,422,1049,787,D:\PythonProjects\llm_eval\test\mbpp_test\99\99_gen_0.sv,minimax/minimax-m2:free,stop,,gen-1762673473-X5JSuAzUgdov0lhb368G
747,mbpp_train,0,761,2639,1190,D:\PythonProjects\llm_eval\test\mbpp_train\747\747_gen_0.sv,minimax/minimax-m2:free,stop,,gen-1762673465-r68I1TyQoFxh9ezVQkIj
3339,aapp_competition_test,0,685,17745,16676,D:\PythonProjects\llm_eval\test\aapp_competition_test\3339\3339_gen_0.sv,minimax/minimax-m2:free,stop,,gen-1762673320-oT0KkIazBjpyJJByRT31
106,human_eval_test,0,646,2731,1087,D:\PythonProjects\llm_eval\test\human_eval_test\106\106_gen_0.sv,minimax/minimax-m2:free,stop,,gen-1762673477-D0CQzupyxXEqltKvPz7G
3344,aapp_competition_test,0,739,3433,1265,D:\PythonProjects\llm_eval\test\aapp_competition_test\3344\3344_gen_0.sv,minimax/minimax-m2:free,stop,,gen-1762673494-rj6dMrMG1o0CyLjzNFWl
3476,aapp_competition_test,0,600,4883,946,D:\PythonProjects\llm_eval\test\aapp_competition_test\3476\3476_gen_0.sv,minimax/minimax-m2:free,stop,,gen-1762673495-K76js91VIl9qDRJoB0y8
265,mbpp_test,0,543,14419,14250,D:\PythonProjects\llm_eval\test\mbpp_test\265\265_gen_0.sv,minimax/minimax-m2:free,stop,,gen-1762673413-dncFIUTyHmPIowyY6w4f
129,human_eval_test,0,602,6057,1981,D:\PythonProjects\llm_eval\test\human_eval_test\129\129_gen_0.sv,minimax/minimax-m2:free,stop,,gen-1762673529-d92tUtm5dpjIsoJ5lIKu
276,mbpp_test,0,628,1566,1091,D:\PythonProjects\llm_eval\test\mbpp_test\276\276_gen_0.sv,minimax/minimax-m2:free,stop,,gen-1762673595-UTS4DvcFRrWRSdOLGfaU
234,mbpp_test,0,365,5489,5507,D:\PythonProjects\llm_eval\test\mbpp_test\234\234_gen_0.sv,minimax/minimax-m2:free,,,gen-1762673569-bEXU24Y6u6Yoev62Wsj7
3653,aapp_competition_test,0,553,16676,15923,D:\PythonProjects\llm_eval\test\aapp_competition_test\3653\3653_gen_0.sv,minimax/minimax-m2:free,stop,,gen-1762673489-I6WUUikOpB2fr2kQY5D8
600,mbpp_validation,0,351,870,812,D:\PythonProjects\llm_eval\test\mbpp_validation\600\600_gen_0.sv,minimax/minimax-m2:free,stop,,gen-1762673625-rHS4zlftSG8MED2bHXIv
726,mbpp_train,0,381,349,240,D:\PythonProjects\llm_eval\test\mbpp_train\726\726_gen_0.sv,minimax/minimax-m2:free,stop,,gen-1762673655-dCmUYM4x994o8tuKThk5
453,mbpp_test,0,599,14679,13501,D:\PythonProjects\llm_eval\test\mbpp_test\453\453_gen_0.sv,minimax/minimax-m2:free,stop,,gen-1762673472-Tmpt6SNeYkaiSppkXOkB
770,mbpp_train,0,529,1617,990,D:\PythonProjects\llm_eval\test\mbpp_train\770\770_gen_0.sv,minimax/minimax-m2:free,stop,,gen-1762673654-XLrVxkVu4T7t0PsS1Lys
57,mbpp_test,0,473,4340,1436,D:\PythonProjects\llm_eval\test\mbpp_test\57\57_gen_0.sv,minimax/minimax-m2:free,stop,,gen-1762673566-bSzQh1jEug5HGHCanunk
287,mbpp_test,0,424,8471,8448,D:\PythonProjects\llm_eval\test\mbpp_test\287\287_gen_0.sv,minimax/minimax-m2:free,stop,,gen-1762673613-ntNNzjxKjh9gWQnzzxXD
63,mbpp_test,0,477,131072,132672,D:\PythonProjects\llm_eval\test\mbpp_test\63\63_gen_0.sv,minimax/minimax-m2:free,length,,gen-1762672679-wCgUFeWFufdGhPMmltNU
3047,aapp_competition_test,0,675,27583,24101,D:\PythonProjects\llm_eval\test\aapp_competition_test\3047\3047_gen_0.sv,minimax/minimax-m2:free,stop,,gen-1762673488-xkTo6Qzbxp97pOHPwcV4
100,mbpp_test,0,521,131072,132032,D:\PythonProjects\llm_eval\test\mbpp_test\100\100_gen_0.sv,minimax/minimax-m2:free,length,,gen-1762672725-D7EDkSLsYRviirCZpPz2
67,mbpp_test,0,599,131072,133026,D:\PythonProjects\llm_eval\test\mbpp_test\67\67_gen_0.sv,minimax/minimax-m2:free,length,,gen-1762673395-IAwnsjEiQUMjWBqSkC0v
96,human_eval_test,0,482,131072,131233,D:\PythonProjects\llm_eval\test\human_eval_test\96\96_gen_0.sv,minimax/minimax-m2:free,length,,gen-1762673506-LhoPdKsCS14IgVoTIgIT
