Index,Category,Problem,HDL_File,TB_File,Prompt_File,Compilation,Verification,Overall,Comp_Time,Verif_Time,Processed_At
1,aapp_competition_test,3000,3000_gen_0.sv,3000_testbench.py,3000_prompt.txt,pass,fail,verification_failed,0.08,25.66,2026-01-25T04:25:03.435977
2,aapp_competition_test,3001,3001_gen_0.sv,3001_testbench.py,3001_prompt.txt,pass,timeout,verification_failed,0.06,305.28,2026-01-25T04:25:29.180393
3,aapp_competition_test,3004,3004_gen_0.sv,3004_testbench.py,3004_prompt.txt,pass,fail,verification_failed,0.14,18.60,2026-01-25T04:30:34.541656
4,aapp_competition_test,3005,3005_gen_0.sv,3005_testbench.py,3005_prompt.txt,fail,N/A,compilation_failed,0.06,0.00,2026-01-25T04:30:53.363839
5,aapp_competition_test,3007,3007_gen_0.sv,3007_testbench.py,3007_prompt.txt,pass,fail,verification_failed,0.07,17.19,2026-01-25T04:30:53.442776
6,aapp_competition_test,3008,3008_gen_0.sv,3008_testbench.py,3008_prompt.txt,fail,N/A,compilation_failed,0.06,0.00,2026-01-25T04:31:10.724343
7,aapp_competition_test,3009,3009_gen_0.sv,3009_testbench.py,3009_prompt.txt,pass,fail,verification_failed,0.06,18.37,2026-01-25T04:31:10.807292
8,aapp_competition_test,3010,3010_gen_0.sv,3010_testbench.py,3010_prompt.txt,pass,fail,verification_failed,0.08,17.67,2026-01-25T04:31:29.267041
9,aapp_competition_test,3011,3011_gen_0.sv,3011_testbench.py,3011_prompt.txt,fail,N/A,compilation_failed,0.07,0.00,2026-01-25T04:31:47.045318
10,aapp_competition_test,3013,3013_gen_0.sv,3013_testbench.py,3013_prompt.txt,fail,N/A,compilation_failed,0.06,0.00,2026-01-25T04:31:47.132579
11,aapp_competition_test,3015,3015_gen_0.sv,3015_testbench.py,3015_prompt.txt,pass,fail,verification_failed,0.06,17.14,2026-01-25T04:31:47.213277
12,aapp_competition_test,3016,3016_gen_0.sv,3016_testbench.py,3016_prompt.txt,pass,fail,verification_failed,0.06,17.38,2026-01-25T04:32:04.435170
13,aapp_competition_test,3017,3017_gen_0.sv,3017_testbench.py,3017_prompt.txt,pass,fail,verification_failed,0.06,17.02,2026-01-25T04:32:21.926553
14,aapp_competition_test,3018,3018_gen_0.sv,3018_testbench.py,3018_prompt.txt,fail,N/A,compilation_failed,0.07,0.00,2026-01-25T04:32:39.039295
15,aapp_competition_test,3019,3019_gen_0.sv,3019_testbench.py,3019_prompt.txt,pass,timeout,verification_failed,0.06,305.26,2026-01-25T04:32:39.126840
16,aapp_competition_test,3021,3021_gen_0.sv,3021_testbench.py,3021_prompt.txt,fail,N/A,compilation_failed,0.12,0.00,2026-01-25T04:37:44.465018
17,aapp_competition_test,3022,3022_gen_0.sv,3022_testbench.py,3022_prompt.txt,pass,pass,pass,0.06,27.99,2026-01-25T04:37:44.684067
18,aapp_competition_test,3023,3023_gen_0.sv,3023_testbench.py,3023_prompt.txt,fail,N/A,compilation_failed,0.05,0.00,2026-01-25T04:38:12.755904
19,aapp_competition_test,3024,3024_gen_0.sv,3024_testbench.py,3024_prompt.txt,fail,N/A,compilation_failed,0.05,0.00,2026-01-25T04:38:12.824746
20,aapp_competition_test,3025,3025_gen_0.sv,3025_testbench.py,3025_prompt.txt,fail,N/A,compilation_failed,0.06,0.00,2026-01-25T04:38:12.897805
21,aapp_competition_test,3026,3026_gen_0.sv,3026_testbench.py,3026_prompt.txt,pass,timeout,verification_failed,0.05,305.17,2026-01-25T04:38:12.978956
22,aapp_competition_test,3027,3027_gen_0.sv,3027_testbench.py,3027_prompt.txt,fail,N/A,compilation_failed,0.08,0.00,2026-01-25T04:43:18.225291
23,aapp_competition_test,3028,3028_gen_0.sv,3028_testbench.py,3028_prompt.txt,fail,N/A,compilation_failed,0.06,0.00,2026-01-25T04:43:18.342758
24,aapp_competition_test,3029,3029_gen_0.sv,3029_testbench.py,3029_prompt.txt,fail,N/A,compilation_failed,0.07,0.00,2026-01-25T04:43:18.436292
25,aapp_competition_test,3030,3030_gen_0.sv,3030_testbench.py,3030_prompt.txt,fail,N/A,compilation_failed,0.08,0.00,2026-01-25T04:43:18.532940
26,aapp_competition_test,3031,3031_gen_0.sv,3031_testbench.py,3031_prompt.txt,pass,timeout,verification_failed,0.07,306.83,2026-01-25T04:43:18.641429
27,aapp_competition_test,3032,3032_gen_0.sv,3032_testbench.py,3032_prompt.txt,fail,N/A,compilation_failed,1.68,0.00,2026-01-25T04:48:25.565960
28,aapp_competition_test,3035,3035_gen_0.sv,3035_testbench.py,3035_prompt.txt,pass,fail,verification_failed,0.06,18.47,2026-01-25T04:48:27.367811
29,aapp_competition_test,3036,3036_gen_0.sv,3036_testbench.py,3036_prompt.txt,fail,N/A,compilation_failed,0.08,0.00,2026-01-25T04:48:45.920745
30,aapp_competition_test,3037,3037_gen_0.sv,3037_testbench.py,3037_prompt.txt,fail,N/A,compilation_failed,0.07,0.00,2026-01-25T04:48:46.017184
31,aapp_competition_test,3038,3038_gen_0.sv,3038_testbench.py,3038_prompt.txt,fail,N/A,compilation_failed,0.07,0.00,2026-01-25T04:48:46.113297
32,aapp_competition_test,3039,3039_gen_0.sv,3039_testbench.py,3039_prompt.txt,pass,pass,pass,0.05,17.55,2026-01-25T04:48:46.206523
33,aapp_competition_test,3040,3040_gen_0.sv,3040_testbench.py,3040_prompt.txt,fail,N/A,compilation_failed,0.05,0.00,2026-01-25T04:49:03.836152
34,aapp_competition_test,3041,3041_gen_0.sv,3041_testbench.py,3041_prompt.txt,pass,fail,verification_failed,0.06,16.86,2026-01-25T04:49:03.907991
35,aapp_competition_test,3042,3042_gen_0.sv,3042_testbench.py,3042_prompt.txt,fail,N/A,compilation_failed,0.07,0.00,2026-01-25T04:49:20.845352
36,aapp_competition_test,3043,3043_gen_0.sv,3043_testbench.py,3043_prompt.txt,pass,fail,verification_failed,0.06,18.10,2026-01-25T04:49:20.930818
37,aapp_competition_test,3044,3044_gen_0.sv,3044_testbench.py,3044_prompt.txt,pass,fail,verification_failed,0.07,17.20,2026-01-25T04:49:39.114511
38,aapp_competition_test,3045,3045_gen_0.sv,3045_testbench.py,3045_prompt.txt,pass,fail,verification_failed,0.06,18.53,2026-01-25T04:49:56.406891
39,aapp_competition_test,3046,3046_gen_0.sv,3046_testbench.py,3046_prompt.txt,pass,timeout,verification_failed,0.06,305.74,2026-01-25T04:50:15.023669
40,aapp_competition_test,3047,3047_gen_0.sv,3047_testbench.py,3047_prompt.txt,error,N/A,compilation_failed,0.01,0.00,2026-01-25T04:55:20.853877
41,aapp_competition_test,3048,3048_gen_0.sv,3048_testbench.py,3048_prompt.txt,error,N/A,compilation_failed,0.00,0.00,2026-01-25T04:55:20.913543
42,aapp_competition_test,3050,3050_gen_0.sv,3050_testbench.py,3050_prompt.txt,error,N/A,compilation_failed,0.00,0.00,2026-01-25T04:55:20.938734
43,aapp_competition_test,3051,3051_gen_0.sv,3051_testbench.py,3051_prompt.txt,error,N/A,compilation_failed,0.00,0.00,2026-01-25T04:55:20.965776
44,aapp_competition_test,3052,3052_gen_0.sv,3052_testbench.py,3052_prompt.txt,error,N/A,compilation_failed,0.00,0.00,2026-01-25T04:55:20.995501
45,aapp_competition_test,3053,3053_gen_0.sv,3053_testbench.py,3053_prompt.txt,error,N/A,compilation_failed,0.00,0.00,2026-01-25T04:55:21.030501
46,aapp_competition_test,3054,3054_gen_0.sv,3054_testbench.py,3054_prompt.txt,error,N/A,compilation_failed,0.00,0.00,2026-01-25T04:55:21.058095
47,aapp_competition_test,3055,3055_gen_0.sv,3055_testbench.py,3055_prompt.txt,error,N/A,compilation_failed,0.00,0.00,2026-01-25T04:55:21.088108
48,aapp_competition_test,3056,3056_gen_0.sv,3056_testbench.py,3056_prompt.txt,error,N/A,compilation_failed,0.00,0.00,2026-01-25T04:55:21.115376
49,aapp_competition_test,3057,3057_gen_0.sv,3057_testbench.py,3057_prompt.txt,error,N/A,compilation_failed,0.00,0.00,2026-01-25T04:55:21.139618
50,aapp_competition_test,3058,3058_gen_0.sv,3058_testbench.py,3058_prompt.txt,error,N/A,compilation_failed,0.00,0.00,2026-01-25T04:55:21.166859
51,aapp_competition_test,3059,3059_gen_0.sv,3059_testbench.py,3059_prompt.txt,fail,N/A,compilation_failed,0.09,0.00,2026-01-25T04:55:21.191315
52,aapp_competition_test,3062,3062_gen_0.sv,3062_testbench.py,3062_prompt.txt,error,N/A,compilation_failed,0.00,0.00,2026-01-25T04:55:21.302233
53,aapp_competition_test,3063,3063_gen_0.sv,3063_testbench.py,3063_prompt.txt,error,N/A,compilation_failed,0.00,0.00,2026-01-25T04:55:21.331962
54,aapp_competition_test,3064,3064_gen_0.sv,3064_testbench.py,3064_prompt.txt,fail,N/A,compilation_failed,0.02,0.00,2026-01-25T04:55:21.360533
55,aapp_competition_test,3066,3066_gen_0.sv,3066_testbench.py,3066_prompt.txt,error,N/A,compilation_failed,0.00,0.00,2026-01-25T04:55:21.406755
56,aapp_competition_test,3067,3067_gen_0.sv,3067_testbench.py,3067_prompt.txt,fail,N/A,compilation_failed,0.07,0.00,2026-01-25T04:55:21.437760
57,aapp_competition_test,3069,3069_gen_0.sv,3069_testbench.py,3069_prompt.txt,pass,fail,verification_failed,0.11,28.38,2026-01-25T14:22:33.938230
58,aapp_competition_test,3070,3070_gen_0.sv,3070_testbench.py,3070_prompt.txt,pass,fail,verification_failed,0.07,17.12,2026-01-25T14:23:02.471149
59,aapp_competition_test,3071,3071_gen_0.sv,3071_testbench.py,3071_prompt.txt,pass,fail,verification_failed,0.07,16.90,2026-01-25T14:23:19.701664
60,aapp_competition_test,3072,3072_gen_0.sv,3072_testbench.py,3072_prompt.txt,fail,N/A,compilation_failed,0.06,0.00,2026-01-25T14:23:36.714019
61,aapp_competition_test,3073,3073_gen_0.sv,3073_testbench.py,3073_prompt.txt,fail,N/A,compilation_failed,0.07,0.00,2026-01-25T14:23:36.819567
62,aapp_competition_test,3074,3074_gen_0.sv,3074_testbench.py,3074_prompt.txt,fail,N/A,compilation_failed,0.08,0.00,2026-01-25T14:23:36.910866
63,aapp_competition_test,3076,3076_gen_0.sv,3076_testbench.py,3076_prompt.txt,fail,N/A,compilation_failed,0.07,0.00,2026-01-25T14:23:37.008938
64,aapp_competition_test,3078,3078_gen_0.sv,3078_testbench.py,3078_prompt.txt,pass,timeout,verification_failed,0.06,305.45,2026-01-25T14:23:37.095175
65,aapp_competition_test,3079,3079_gen_0.sv,3079_testbench.py,3079_prompt.txt,fail,N/A,compilation_failed,0.08,0.00,2026-01-25T14:28:42.624057
66,aapp_competition_test,3081,3081_gen_0.sv,3081_testbench.py,3081_prompt.txt,fail,N/A,compilation_failed,0.06,0.00,2026-01-25T14:28:42.725752
67,aapp_competition_test,3082,3082_gen_0.sv,3082_testbench.py,3082_prompt.txt,fail,N/A,compilation_failed,0.05,0.00,2026-01-25T14:28:42.806468
68,aapp_competition_test,3083,3083_gen_0.sv,3083_testbench.py,3083_prompt.txt,pass,fail,verification_failed,0.06,27.91,2026-01-25T14:28:42.887944
69,aapp_competition_test,3084,3084_gen_0.sv,3084_testbench.py,3084_prompt.txt,fail,N/A,compilation_failed,0.06,0.00,2026-01-25T14:29:10.869982
70,aapp_competition_test,3085,3085_gen_0.sv,3085_testbench.py,3085_prompt.txt,fail,N/A,compilation_failed,0.07,0.00,2026-01-25T14:29:10.972176
71,aapp_competition_test,3086,3086_gen_0.sv,3086_testbench.py,3086_prompt.txt,pass,pass,pass,0.08,16.85,2026-01-25T14:29:11.061067
72,aapp_competition_test,3087,3087_gen_0.sv,3087_testbench.py,3087_prompt.txt,fail,N/A,compilation_failed,0.05,0.00,2026-01-25T14:29:28.013839
73,aapp_competition_test,3088,3088_gen_0.sv,3088_testbench.py,3088_prompt.txt,pass,fail,verification_failed,0.07,16.73,2026-01-25T14:29:28.103178
74,aapp_competition_test,3089,3089_gen_0.sv,3089_testbench.py,3089_prompt.txt,pass,fail,verification_failed,0.07,62.24,2026-01-25T14:29:44.912192
75,aapp_competition_test,3091,3091_gen_0.sv,3091_testbench.py,3091_prompt.txt,pass,fail,verification_failed,0.06,18.28,2026-01-25T14:30:47.265705
76,aapp_competition_test,3092,3092_gen_0.sv,3092_testbench.py,3092_prompt.txt,fail,N/A,compilation_failed,0.07,0.00,2026-01-25T14:31:05.635502
77,aapp_competition_test,3093,3093_gen_0.sv,3093_testbench.py,3093_prompt.txt,pass,timeout,verification_failed,0.06,305.50,2026-01-25T14:31:05.738087
78,aapp_competition_test,3094,3094_gen_0.sv,3094_testbench.py,3094_prompt.txt,pass,fail,verification_failed,0.37,18.27,2026-01-25T14:36:11.393604
79,aapp_competition_test,3095,3095_gen_0.sv,3095_testbench.py,3095_prompt.txt,fail,N/A,compilation_failed,0.09,0.00,2026-01-25T14:36:30.934239
80,aapp_competition_test,3096,3096_gen_0.sv,3096_testbench.py,3096_prompt.txt,fail,N/A,compilation_failed,0.06,0.00,2026-01-25T14:36:31.040438
81,aapp_competition_test,3097,3097_gen_0.sv,3097_testbench.py,3097_prompt.txt,pass,fail,verification_failed,0.06,17.47,2026-01-25T14:36:31.129578
82,aapp_competition_test,3098,3098_gen_0.sv,3098_testbench.py,3098_prompt.txt,pass,pass,pass,0.06,17.94,2026-01-25T14:36:48.685518
83,aapp_competition_test,3098,3098_gen_0.sv,3098_testbench.py,3098_prompt.txt,pass,pass,pass,0.08,17.15,2026-01-26T12:26:17.340949
84,aapp_competition_test,3098,3098_gen_0.sv,3098_testbench.py,3098_prompt.txt,pass,fail,verification_failed,0.07,16.90,2026-01-26T12:40:50.908922
85,aapp_competition_test,3099,3099_gen_0.sv,3099_testbench.py,3099_prompt.txt,fail,N/A,compilation_failed,0.06,0.00,2026-01-25T14:37:06.716380
86,aapp_competition_test,3100,3100_gen_0.sv,3100_testbench.py,3100_prompt.txt,pass,pass,pass,0.05,17.82,2026-01-25T14:37:06.807489
87,aapp_competition_test,3101,3101_gen_0.sv,3101_testbench.py,3101_prompt.txt,pass,fail,verification_failed,0.07,17.27,2026-01-25T14:37:24.700372
88,aapp_competition_test,3102,3102_gen_0.sv,3102_testbench.py,3102_prompt.txt,fail,N/A,compilation_failed,0.06,0.00,2026-01-25T14:37:42.060048
89,aapp_competition_test,3103,3103_gen_0.sv,3103_testbench.py,3103_prompt.txt,fail,N/A,compilation_failed,0.07,0.00,2026-01-25T14:37:42.149461
90,aapp_competition_test,3104,3104_gen_0.sv,3104_testbench.py,3104_prompt.txt,fail,N/A,compilation_failed,0.07,0.00,2026-01-25T14:37:42.230541
91,aapp_competition_test,3105,3105_gen_0.sv,3105_testbench.py,3105_prompt.txt,fail,N/A,compilation_failed,0.06,0.00,2026-01-25T14:37:42.320436
92,aapp_competition_test,3107,3107_gen_0.sv,3107_testbench.py,3107_prompt.txt,fail,N/A,compilation_failed,0.07,0.00,2026-01-25T14:37:42.403423
93,aapp_competition_test,3108,3108_gen_0.sv,3108_testbench.py,3108_prompt.txt,pass,pass,pass,0.06,17.28,2026-01-25T14:37:42.497191
94,aapp_competition_test,3109,3109_gen_0.sv,3109_testbench.py,3109_prompt.txt,fail,N/A,compilation_failed,0.06,0.00,2026-01-25T14:37:59.870282
95,aapp_competition_test,3110,3110_gen_0.sv,3110_testbench.py,3110_prompt.txt,pass,fail,verification_failed,0.08,17.56,2026-01-25T14:37:59.952330
96,aapp_competition_test,3112,3112_gen_0.sv,3112_testbench.py,3112_prompt.txt,fail,N/A,compilation_failed,0.06,0.00,2026-01-25T14:38:17.612562
97,aapp_competition_test,3113,3113_gen_0.sv,3113_testbench.py,3113_prompt.txt,pass,fail,verification_failed,0.07,17.30,2026-01-25T14:38:17.697850
98,aapp_competition_test,3114,3114_gen_0.sv,3114_testbench.py,3114_prompt.txt,fail,N/A,compilation_failed,0.07,0.00,2026-01-25T14:38:35.103449
99,aapp_competition_test,3115,3115_gen_0.sv,3115_testbench.py,3115_prompt.txt,pass,fail,verification_failed,0.06,17.56,2026-01-25T14:38:35.191421
100,aapp_competition_test,3116,3116_gen_0.sv,3116_testbench.py,3116_prompt.txt,fail,N/A,compilation_failed,0.06,0.00,2026-01-25T14:38:52.831163
101,aapp_competition_test,3117,3117_gen_0.sv,3117_testbench.py,3117_prompt.txt,pass,pass,pass,0.05,17.03,2026-01-25T14:38:52.911603
102,aapp_competition_test,3118,3118_gen_0.sv,3118_testbench.py,3118_prompt.txt,pass,pass,pass,0.08,54.44,2026-01-25T14:39:10.015187
103,aapp_competition_test,3119,3119_gen_0.sv,3119_testbench.py,3119_prompt.txt,pass,pass,pass,0.07,26.87,2026-01-25T14:40:04.546120
104,aapp_competition_test,3120,3120_gen_0.sv,3120_testbench.py,3120_prompt.txt,pass,timeout,verification_failed,0.07,304.86,2026-01-25T14:40:31.519056
105,aapp_competition_test,3121,3121_gen_0.sv,3121_testbench.py,3121_prompt.txt,fail,N/A,compilation_failed,0.40,0.00,2026-01-25T14:45:36.513516
106,aapp_competition_test,3122,3122_gen_0.sv,3122_testbench.py,3122_prompt.txt,fail,N/A,compilation_failed,0.06,0.00,2026-01-25T14:45:37.832193
107,aapp_competition_test,3123,3123_gen_0.sv,3123_testbench.py,3123_prompt.txt,pass,fail,verification_failed,0.06,18.13,2026-01-25T14:45:37.939615
108,aapp_competition_test,3124,3124_gen_0.sv,3124_testbench.py,3124_prompt.txt,fail,N/A,compilation_failed,0.06,0.00,2026-01-25T14:45:56.166155
109,aapp_competition_test,3125,3125_gen_0.sv,3125_testbench.py,3125_prompt.txt,fail,N/A,compilation_failed,0.06,0.00,2026-01-25T14:45:56.257321
110,aapp_competition_test,3127,3127_gen_0.sv,3127_testbench.py,3127_prompt.txt,fail,N/A,compilation_failed,0.06,0.00,2026-01-25T14:45:56.347952
111,aapp_competition_test,3129,3129_gen_0.sv,3129_testbench.py,3129_prompt.txt,fail,N/A,compilation_failed,0.06,0.00,2026-01-25T14:45:56.427942
112,aapp_competition_test,3130,3130_gen_0.sv,3130_testbench.py,3130_prompt.txt,pass,fail,verification_failed,0.07,17.90,2026-01-25T14:45:56.506982
113,aapp_competition_test,3131,3131_gen_0.sv,3131_testbench.py,3131_prompt.txt,fail,N/A,compilation_failed,0.06,0.00,2026-01-25T14:46:14.496591
114,aapp_competition_test,3132,3132_gen_0.sv,3132_testbench.py,3132_prompt.txt,fail,N/A,compilation_failed,0.06,0.00,2026-01-25T14:46:14.589667
115,aapp_competition_test,3133,3133_gen_0.sv,3133_testbench.py,3133_prompt.txt,pass,fail,verification_failed,0.05,17.44,2026-01-25T14:46:14.670210
116,aapp_competition_test,3134,3134_gen_0.sv,3134_testbench.py,3134_prompt.txt,fail,N/A,compilation_failed,0.07,0.00,2026-01-25T14:46:32.187782
117,aapp_competition_test,3135,3135_gen_0.sv,3135_testbench.py,3135_prompt.txt,fail,N/A,compilation_failed,0.06,0.00,2026-01-25T14:46:32.268484
118,aapp_competition_test,3136,3136_gen_0.sv,3136_testbench.py,3136_prompt.txt,fail,N/A,compilation_failed,0.07,0.00,2026-01-25T14:46:32.361378
119,aapp_competition_test,3137,3137_gen_0.sv,3137_testbench.py,3137_prompt.txt,fail,N/A,compilation_failed,0.06,0.00,2026-01-25T14:46:32.452939
120,aapp_competition_test,3138,3138_gen_0.sv,3138_testbench.py,3138_prompt.txt,fail,N/A,compilation_failed,0.07,0.00,2026-01-25T14:46:32.543302
121,aapp_competition_test,3139,3139_gen_0.sv,3139_testbench.py,3139_prompt.txt,fail,N/A,compilation_failed,0.07,0.00,2026-01-25T14:46:32.634545
122,aapp_competition_test,3140,3140_gen_0.sv,3140_testbench.py,3140_prompt.txt,fail,N/A,compilation_failed,0.07,0.00,2026-01-25T14:46:32.730310
123,aapp_competition_test,3141,3141_gen_0.sv,3141_testbench.py,3141_prompt.txt,fail,N/A,compilation_failed,0.08,0.00,2026-01-25T14:46:32.821686
124,aapp_competition_test,3142,3142_gen_0.sv,3142_testbench.py,3142_prompt.txt,fail,N/A,compilation_failed,0.06,0.00,2026-01-25T14:46:32.933515
125,aapp_competition_test,3144,3144_gen_0.sv,3144_testbench.py,3144_prompt.txt,pass,timeout,verification_failed,0.08,305.39,2026-01-25T14:46:33.026326
126,aapp_competition_test,3145,3145_gen_0.sv,3145_testbench.py,3145_prompt.txt,fail,N/A,compilation_failed,0.07,0.00,2026-01-25T14:51:38.518746
127,aapp_competition_test,3146,3146_gen_0.sv,3146_testbench.py,3146_prompt.txt,pass,timeout,verification_failed,0.08,305.50,2026-01-25T14:51:38.623251
128,aapp_competition_test,3147,3147_gen_0.sv,3147_testbench.py,3147_prompt.txt,pass,fail,verification_failed,0.13,20.50,2026-01-25T14:56:44.248596
129,aapp_competition_test,3148,3148_gen_0.sv,3148_testbench.py,3148_prompt.txt,pass,fail,verification_failed,0.06,18.53,2026-01-25T14:57:04.939755
130,aapp_competition_test,3152,3152_gen_0.sv,3152_testbench.py,3152_prompt.txt,pass,fail,verification_failed,0.07,18.90,2026-01-25T14:57:23.558980
131,aapp_competition_test,3153,3153_gen_0.sv,3153_testbench.py,3153_prompt.txt,fail,N/A,compilation_failed,0.07,0.00,2026-01-25T14:57:42.561648
132,aapp_competition_test,3154,3154_gen_0.sv,3154_testbench.py,3154_prompt.txt,fail,N/A,compilation_failed,0.06,0.00,2026-01-25T14:57:42.672115
133,aapp_competition_test,3155,3155_gen_0.sv,3155_testbench.py,3155_prompt.txt,pass,fail,verification_failed,0.06,18.07,2026-01-25T14:57:42.770164
134,aapp_competition_test,3158,3158_gen_0.sv,3158_testbench.py,3158_prompt.txt,fail,N/A,compilation_failed,0.11,0.00,2026-01-25T14:58:00.928654
135,aapp_competition_test,3159,3159_gen_0.sv,3159_testbench.py,3159_prompt.txt,fail,N/A,compilation_failed,0.08,0.00,2026-01-25T14:58:01.084907
136,aapp_competition_test,3161,3161_gen_0.sv,3161_testbench.py,3161_prompt.txt,fail,N/A,compilation_failed,0.08,0.00,2026-01-25T14:58:01.203967
137,aapp_competition_test,3162,3162_gen_0.sv,3162_testbench.py,3162_prompt.txt,fail,N/A,compilation_failed,0.06,0.00,2026-01-25T14:58:01.318102
138,aapp_competition_test,3163,3163_gen_0.sv,3163_testbench.py,3163_prompt.txt,pass,pass,pass,0.21,19.06,2026-01-25T14:58:01.425144
139,aapp_competition_test,3164,3164_gen_0.sv,3164_testbench.py,3164_prompt.txt,pass,timeout,verification_failed,0.07,305.85,2026-01-25T14:58:20.730464
140,aapp_competition_test,3165,3165_gen_0.sv,3165_testbench.py,3165_prompt.txt,fail,N/A,compilation_failed,0.12,0.00,2026-01-25T15:03:26.694792
141,aapp_competition_test,3166,3166_gen_0.sv,3166_testbench.py,3166_prompt.txt,fail,N/A,compilation_failed,0.06,0.00,2026-01-25T15:03:26.908792
142,aapp_competition_test,3167,3167_gen_0.sv,3167_testbench.py,3167_prompt.txt,pass,fail,verification_failed,0.06,18.28,2026-01-25T15:03:27.019771
143,aapp_competition_test,3168,3168_gen_0.sv,3168_testbench.py,3168_prompt.txt,fail,N/A,compilation_failed,0.07,0.00,2026-01-25T15:03:45.384970
144,aapp_competition_test,3169,3169_gen_0.sv,3169_testbench.py,3169_prompt.txt,fail,N/A,compilation_failed,0.05,0.00,2026-01-25T15:03:45.486977
145,aapp_competition_test,3170,3170_gen_0.sv,3170_testbench.py,3170_prompt.txt,fail,N/A,compilation_failed,0.05,0.00,2026-01-25T15:03:45.575160
146,aapp_competition_test,3171,3171_gen_0.sv,3171_testbench.py,3171_prompt.txt,fail,N/A,compilation_failed,0.07,0.00,2026-01-25T15:03:45.656172
147,aapp_competition_test,3172,3172_gen_0.sv,3172_testbench.py,3172_prompt.txt,pass,pass,pass,0.06,18.64,2026-01-25T15:03:45.752349
148,aapp_competition_test,3173,3173_gen_0.sv,3173_testbench.py,3173_prompt.txt,pass,fail,verification_failed,0.08,16.48,2026-01-25T15:04:04.470461
149,aapp_competition_test,3174,3174_gen_0.sv,3174_testbench.py,3174_prompt.txt,pass,timeout,verification_failed,0.05,305.16,2026-01-25T15:04:21.069013
150,aapp_competition_test,3175,3175_gen_0.sv,3175_testbench.py,3175_prompt.txt,pass,fail,verification_failed,0.15,18.55,2026-01-25T15:09:26.322684
151,aapp_competition_test,3176,3176_gen_0.sv,3176_testbench.py,3176_prompt.txt,pass,fail,verification_failed,0.06,17.47,2026-01-25T15:09:45.207733
152,aapp_competition_test,3177,3177_gen_0.sv,3177_testbench.py,3177_prompt.txt,fail,N/A,compilation_failed,0.08,0.00,2026-01-25T15:10:02.775822
153,aapp_competition_test,3178,3178_gen_0.sv,3178_testbench.py,3178_prompt.txt,pass,timeout,verification_failed,0.07,305.53,2026-01-25T15:10:02.896453
154,aapp_competition_test,3180,3180_gen_0.sv,3180_testbench.py,3180_prompt.txt,pass,fail,verification_failed,0.09,18.14,2026-01-25T15:15:08.554368
155,aapp_competition_test,3676,3676_gen_0.sv,3676_testbench.py,3676_prompt.txt,pass,timeout,verification_failed,0.09,305.96,2026-01-25T20:18:43.287285
156,aapp_competition_test,3677,3677_gen_0.sv,3677_testbench.py,3677_prompt.txt,fail,N/A,compilation_failed,0.07,0.00,2026-01-25T20:23:49.386546
157,aapp_competition_test,3679,3679_gen_0.sv,3679_testbench.py,3679_prompt.txt,pass,fail,verification_failed,0.07,17.63,2026-01-25T20:23:49.486606
158,aapp_competition_test,3681,3681_gen_0.sv,3681_testbench.py,3681_prompt.txt,fail,N/A,compilation_failed,0.06,0.00,2026-01-25T20:24:07.206742
159,aapp_competition_test,3682,3682_gen_0.sv,3682_testbench.py,3682_prompt.txt,fail,N/A,compilation_failed,0.06,0.00,2026-01-25T20:24:07.296446
160,aapp_competition_test,3683,3683_gen_0.sv,3683_testbench.py,3683_prompt.txt,pass,fail,verification_failed,0.13,17.12,2026-01-25T20:24:07.378192
161,aapp_competition_test,3684,3684_gen_0.sv,3684_testbench.py,3684_prompt.txt,pass,timeout,verification_failed,0.07,305.52,2026-01-25T20:24:24.662570
162,aapp_competition_test,3685,3685_gen_0.sv,3685_testbench.py,3685_prompt.txt,fail,N/A,compilation_failed,0.37,0.00,2026-01-25T20:29:30.392994
163,aapp_competition_test,3686,3686_gen_0.sv,3686_testbench.py,3686_prompt.txt,fail,N/A,compilation_failed,0.06,0.00,2026-01-25T20:29:32.345591
164,aapp_competition_test,3687,3687_gen_0.sv,3687_testbench.py,3687_prompt.txt,fail,N/A,compilation_failed,0.07,0.00,2026-01-25T20:29:32.441055
165,aapp_competition_test,3688,3688_gen_0.sv,3688_testbench.py,3688_prompt.txt,pass,timeout,verification_failed,0.06,306.06,2026-01-25T20:29:32.549689
166,aapp_competition_test,3689,3689_gen_0.sv,3689_testbench.py,3689_prompt.txt,fail,N/A,compilation_failed,0.11,0.00,2026-01-25T20:34:38.714362
167,aapp_competition_test,3690,3690_gen_0.sv,3690_testbench.py,3690_prompt.txt,pass,pass,pass,0.07,18.19,2026-01-25T20:34:38.914663
168,aapp_competition_test,3691,3691_gen_0.sv,3691_testbench.py,3691_prompt.txt,fail,N/A,compilation_failed,0.06,0.00,2026-01-25T20:34:57.208649
169,aapp_competition_test,3692,3692_gen_0.sv,3692_testbench.py,3692_prompt.txt,fail,N/A,compilation_failed,0.05,0.00,2026-01-25T20:34:57.306727
170,aapp_competition_test,3693,3693_gen_0.sv,3693_testbench.py,3693_prompt.txt,pass,fail,verification_failed,0.06,17.53,2026-01-25T20:34:57.389643
171,aapp_competition_test,3694,3694_gen_0.sv,3694_testbench.py,3694_prompt.txt,pass,timeout,verification_failed,0.07,305.44,2026-01-25T20:35:15.013288
172,aapp_competition_test,3695,3695_gen_0.sv,3695_testbench.py,3695_prompt.txt,fail,N/A,compilation_failed,1.51,0.00,2026-01-25T20:40:20.559555
173,aapp_competition_test,3696,3696_gen_0.sv,3696_testbench.py,3696_prompt.txt,fail,N/A,compilation_failed,0.06,0.00,2026-01-25T20:40:22.193880
174,aapp_competition_test,3697,3697_gen_0.sv,3697_testbench.py,3697_prompt.txt,pass,fail,verification_failed,0.06,18.04,2026-01-25T20:40:22.287514
175,aapp_competition_test,3699,3699_gen_0.sv,3699_testbench.py,3699_prompt.txt,fail,N/A,compilation_failed,0.06,0.00,2026-01-25T20:40:40.424034
176,aapp_competition_test,3701,3701_gen_0.sv,3701_testbench.py,3701_prompt.txt,fail,N/A,compilation_failed,0.07,0.00,2026-01-25T20:40:40.518567
177,aapp_competition_test,3702,3702_gen_0.sv,3702_testbench.py,3702_prompt.txt,pass,pass,pass,0.07,19.03,2026-01-25T20:40:40.615085
178,aapp_competition_test,3703,3703_gen_0.sv,3703_testbench.py,3703_prompt.txt,fail,N/A,compilation_failed,0.07,0.00,2026-01-25T20:40:59.755376
179,aapp_competition_test,3704,3704_gen_0.sv,3704_testbench.py,3704_prompt.txt,pass,timeout,verification_failed,0.07,307.58,2026-01-25T20:40:59.861059
180,aapp_competition_test,3705,3705_gen_0.sv,3705_testbench.py,3705_prompt.txt,fail,N/A,compilation_failed,0.38,0.00,2026-01-25T20:46:07.614266
181,aapp_competition_test,3706,3706_gen_0.sv,3706_testbench.py,3706_prompt.txt,fail,N/A,compilation_failed,0.16,0.00,2026-01-25T20:46:08.422337
182,aapp_competition_test,3708,3708_gen_0.sv,3708_testbench.py,3708_prompt.txt,fail,N/A,compilation_failed,0.21,0.00,2026-01-25T20:46:08.692765
183,aapp_competition_test,3709,3709_gen_0.sv,3709_testbench.py,3709_prompt.txt,pass,pass,pass,0.12,31.25,2026-01-25T20:46:08.992420
184,aapp_competition_test,3710,3710_gen_0.sv,3710_testbench.py,3710_prompt.txt,pass,fail,verification_failed,0.07,17.91,2026-01-25T20:46:40.421958
185,aapp_competition_test,3711,3711_gen_0.sv,3711_testbench.py,3711_prompt.txt,pass,fail,verification_failed,0.07,20.13,2026-01-25T20:46:58.438292
186,aapp_competition_test,3712,3712_gen_0.sv,3712_testbench.py,3712_prompt.txt,pass,fail,verification_failed,0.07,18.68,2026-01-25T20:47:18.677843
187,aapp_competition_test,3713,3713_gen_0.sv,3713_testbench.py,3713_prompt.txt,pass,fail,verification_failed,0.08,18.70,2026-01-25T20:47:37.461931
188,aapp_competition_test,3714,3714_gen_0.sv,3714_testbench.py,3714_prompt.txt,fail,N/A,compilation_failed,0.06,0.00,2026-01-25T20:47:56.274019
189,aapp_competition_test,3715,3715_gen_0.sv,3715_testbench.py,3715_prompt.txt,pass,pass,pass,0.07,19.82,2026-01-25T20:47:56.396823
190,aapp_competition_test,3716,3716_gen_0.sv,3716_testbench.py,3716_prompt.txt,pass,pass,pass,0.07,255.81,2026-01-25T20:48:16.319886
191,aapp_competition_test,3717,3717_gen_0.sv,3717_testbench.py,3717_prompt.txt,fail,N/A,compilation_failed,0.06,0.00,2026-01-25T20:52:32.236269
192,aapp_competition_test,3720,3720_gen_0.sv,3720_testbench.py,3720_prompt.txt,fail,N/A,compilation_failed,0.07,0.00,2026-01-25T20:52:32.336120
193,aapp_competition_test,3721,3721_gen_0.sv,3721_testbench.py,3721_prompt.txt,pass,fail,verification_failed,0.06,16.60,2026-01-25T20:52:32.429709
194,aapp_competition_test,3723,3723_gen_0.sv,3723_testbench.py,3723_prompt.txt,pass,fail,verification_failed,0.07,45.40,2026-01-25T20:52:49.119399
195,aapp_competition_test,3725,3725_gen_0.sv,3725_testbench.py,3725_prompt.txt,fail,N/A,compilation_failed,0.06,0.00,2026-01-25T20:53:34.623083
196,aapp_competition_test,3726,3726_gen_0.sv,3726_testbench.py,3726_prompt.txt,pass,fail,verification_failed,0.07,16.74,2026-01-25T20:53:34.721340
197,aapp_competition_test,3727,3727_gen_0.sv,3727_testbench.py,3727_prompt.txt,pass,fail,verification_failed,0.07,17.50,2026-01-25T20:53:51.563537
198,aapp_competition_test,3728,3728_gen_0.sv,3728_testbench.py,3728_prompt.txt,pass,fail,verification_failed,0.06,16.67,2026-01-25T20:54:09.162362
199,aapp_competition_test,3729,3729_gen_0.sv,3729_testbench.py,3729_prompt.txt,pass,timeout,verification_failed,0.08,305.27,2026-01-25T20:54:25.941643
200,aapp_competition_test,3730,3730_gen_0.sv,3730_testbench.py,3730_prompt.txt,pass,timeout,verification_failed,0.07,305.42,2026-01-25T20:59:31.327680
201,aapp_competition_test,3731,3731_gen_0.sv,3731_testbench.py,3731_prompt.txt,fail,N/A,compilation_failed,0.29,0.00,2026-01-25T21:04:36.869674
202,aapp_competition_test,3732,3732_gen_0.sv,3732_testbench.py,3732_prompt.txt,fail,N/A,compilation_failed,0.10,0.00,2026-01-25T21:04:37.741604
203,aapp_competition_test,3733,3733_gen_0.sv,3733_testbench.py,3733_prompt.txt,fail,N/A,compilation_failed,0.10,0.00,2026-01-25T21:04:37.941704
204,aapp_competition_test,3734,3734_gen_0.sv,3734_testbench.py,3734_prompt.txt,pass,fail,verification_failed,0.15,18.32,2026-01-25T21:04:38.123311
205,aapp_competition_test,3735,3735_gen_0.sv,3735_testbench.py,3735_prompt.txt,pass,timeout,verification_failed,0.07,305.84,2026-01-25T21:04:56.650541
206,aapp_competition_test,3736,3736_gen_0.sv,3736_testbench.py,3736_prompt.txt,pass,fail,verification_failed,0.06,16.71,2026-01-25T21:10:02.603505
207,aapp_competition_test,3737,3737_gen_0.sv,3737_testbench.py,3737_prompt.txt,pass,pass,pass,0.05,16.84,2026-01-25T21:10:19.429892
208,aapp_competition_test,3738,3738_gen_0.sv,3738_testbench.py,3738_prompt.txt,pass,fail,verification_failed,0.07,16.78,2026-01-25T21:10:36.352447
209,aapp_competition_test,3739,3739_gen_0.sv,3739_testbench.py,3739_prompt.txt,pass,pass,pass,0.06,20.38,2026-01-25T21:10:53.230130
210,aapp_competition_test,3740,3740_gen_0.sv,3740_testbench.py,3740_prompt.txt,fail,N/A,compilation_failed,0.05,0.00,2026-01-25T21:11:13.706617
211,aapp_competition_test,3741,3741_gen_0.sv,3741_testbench.py,3741_prompt.txt,fail,N/A,compilation_failed,0.92,0.00,2026-01-25T21:11:13.795372
212,aapp_competition_test,3742,3742_gen_0.sv,3742_testbench.py,3742_prompt.txt,fail,N/A,compilation_failed,0.06,0.00,2026-01-25T21:11:14.740458
213,aapp_competition_test,3744,3744_gen_0.sv,3744_testbench.py,3744_prompt.txt,fail,N/A,compilation_failed,0.05,0.00,2026-01-25T21:11:14.828108
214,aapp_competition_test,3745,3745_gen_0.sv,3745_testbench.py,3745_prompt.txt,fail,N/A,compilation_failed,0.05,0.00,2026-01-25T21:11:14.910206
215,aapp_competition_test,3746,3746_gen_0.sv,3746_testbench.py,3746_prompt.txt,fail,N/A,compilation_failed,0.05,0.00,2026-01-25T21:11:14.995990
216,aapp_competition_test,3747,3747_gen_0.sv,3747_testbench.py,3747_prompt.txt,pass,pass,pass,0.07,17.98,2026-01-25T21:11:15.077219
217,aapp_competition_test,3750,3750_gen_0.sv,3750_testbench.py,3750_prompt.txt,pass,pass,pass,0.06,17.42,2026-01-25T21:11:33.170384
218,aapp_competition_test,3751,3751_gen_0.sv,3751_testbench.py,3751_prompt.txt,pass,pass,pass,0.07,30.01,2026-01-25T21:11:50.675133
219,aapp_competition_test,3752,3752_gen_0.sv,3752_testbench.py,3752_prompt.txt,pass,fail,verification_failed,0.07,17.33,2026-01-25T21:12:20.788376
220,aapp_competition_test,3753,3753_gen_0.sv,3753_testbench.py,3753_prompt.txt,pass,fail,verification_failed,0.07,18.82,2026-01-25T21:12:38.221882
221,aapp_competition_test,3756,3756_gen_0.sv,3756_testbench.py,3756_prompt.txt,fail,N/A,compilation_failed,0.08,0.00,2026-01-25T21:12:57.141961
222,aapp_competition_test,3757,3757_gen_0.sv,3757_testbench.py,3757_prompt.txt,pass,fail,verification_failed,0.08,18.42,2026-01-25T21:12:57.257770
223,aapp_competition_test,3758,3758_gen_0.sv,3758_testbench.py,3758_prompt.txt,fail,N/A,compilation_failed,0.07,0.00,2026-01-25T21:13:15.795471
224,aapp_competition_test,3759,3759_gen_0.sv,3759_testbench.py,3759_prompt.txt,pass,fail,verification_failed,0.06,17.81,2026-01-25T21:13:15.893993
225,aapp_competition_test,3761,3761_gen_0.sv,3761_testbench.py,3761_prompt.txt,fail,N/A,compilation_failed,0.07,0.00,2026-01-25T21:13:33.794538
226,aapp_competition_test,3763,3763_gen_0.sv,3763_testbench.py,3763_prompt.txt,fail,N/A,compilation_failed,0.06,0.00,2026-01-25T21:13:33.902448
227,aapp_competition_test,3764,3764_gen_0.sv,3764_testbench.py,3764_prompt.txt,pass,fail,verification_failed,0.06,17.49,2026-01-25T21:13:33.990645
228,aapp_competition_test,3765,3765_gen_0.sv,3765_testbench.py,3765_prompt.txt,fail,N/A,compilation_failed,0.06,0.00,2026-01-25T21:13:51.581831
229,aapp_competition_test,3766,3766_gen_0.sv,3766_testbench.py,3766_prompt.txt,pass,fail,verification_failed,0.07,17.39,2026-01-25T21:13:51.685745
230,aapp_competition_test,3768,3768_gen_0.sv,3768_testbench.py,3768_prompt.txt,pass,fail,verification_failed,0.07,17.37,2026-01-25T21:14:09.186461
231,aapp_competition_test,3841,3841_gen_0.sv,3841_testbench.py,3841_prompt.txt,fail,N/A,compilation_failed,0.10,0.00,2026-01-25T22:58:13.287936
232,aapp_competition_test,3842,3842_gen_0.sv,3842_testbench.py,3842_prompt.txt,pass,fail,verification_failed,0.05,23.81,2026-01-25T22:58:13.436731
233,aapp_competition_test,3843,3843_gen_0.sv,3843_testbench.py,3843_prompt.txt,pass,timeout,verification_failed,0.06,305.04,2026-01-25T22:58:37.324443
234,aapp_competition_test,3844,3844_gen_0.sv,3844_testbench.py,3844_prompt.txt,fail,N/A,compilation_failed,0.40,0.00,2026-01-25T23:03:42.464746
235,aapp_competition_test,3847,3847_gen_0.sv,3847_testbench.py,3847_prompt.txt,pass,timeout,verification_failed,0.05,307.13,2026-01-25T23:03:43.073388
236,aapp_competition_test,3848,3848_gen_0.sv,3848_testbench.py,3848_prompt.txt,fail,N/A,compilation_failed,0.10,0.00,2026-01-25T23:08:50.306357
237,aapp_competition_test,3849,3849_gen_0.sv,3849_testbench.py,3849_prompt.txt,pass,fail,verification_failed,0.06,16.19,2026-01-25T23:08:50.509016
238,aapp_competition_test,3850,3850_gen_0.sv,3850_testbench.py,3850_prompt.txt,fail,N/A,compilation_failed,0.05,0.00,2026-01-25T23:09:06.811649
239,aapp_competition_test,3851,3851_gen_0.sv,3851_testbench.py,3851_prompt.txt,pass,fail,verification_failed,0.06,16.15,2026-01-25T23:09:06.923753
240,aapp_competition_test,3852,3852_gen_0.sv,3852_testbench.py,3852_prompt.txt,fail,N/A,compilation_failed,0.06,0.00,2026-01-25T23:09:23.169037
241,aapp_competition_test,3853,3853_gen_0.sv,3853_testbench.py,3853_prompt.txt,pass,fail,verification_failed,0.06,18.86,2026-01-25T23:09:23.283766
242,aapp_competition_test,3854,3854_gen_0.sv,3854_testbench.py,3854_prompt.txt,fail,N/A,compilation_failed,0.06,0.00,2026-01-25T23:09:42.253708
243,aapp_competition_test,3855,3855_gen_0.sv,3855_testbench.py,3855_prompt.txt,pass,pass,pass,0.05,16.07,2026-01-25T23:09:42.365636
244,aapp_competition_test,3857,3857_gen_0.sv,3857_testbench.py,3857_prompt.txt,fail,N/A,compilation_failed,0.06,0.00,2026-01-25T23:09:58.524746
245,aapp_competition_test,3858,3858_gen_0.sv,3858_testbench.py,3858_prompt.txt,pass,fail,verification_failed,0.07,84.09,2026-01-25T23:09:58.621170
246,aapp_competition_test,3860,3860_gen_0.sv,3860_testbench.py,3860_prompt.txt,pass,fail,verification_failed,0.05,16.36,2026-01-25T23:11:22.826322
247,aapp_competition_test,3861,3861_gen_0.sv,3861_testbench.py,3861_prompt.txt,pass,fail,verification_failed,0.06,17.23,2026-01-25T23:11:39.277110
248,aapp_competition_test,3862,3862_gen_0.sv,3862_testbench.py,3862_prompt.txt,pass,timeout,verification_failed,0.08,305.36,2026-01-25T23:11:56.621573
249,aapp_competition_test,3863,3863_gen_0.sv,3863_testbench.py,3863_prompt.txt,fail,N/A,compilation_failed,0.12,0.00,2026-01-25T23:17:02.113703
250,aapp_competition_test,3865,3865_gen_0.sv,3865_testbench.py,3865_prompt.txt,fail,N/A,compilation_failed,0.06,0.00,2026-01-25T23:17:02.322540
251,aapp_competition_test,3866,3866_gen_0.sv,3866_testbench.py,3866_prompt.txt,pass,fail,verification_failed,0.08,24.86,2026-01-25T23:17:02.433789
252,aapp_competition_test,3867,3867_gen_0.sv,3867_testbench.py,3867_prompt.txt,fail,N/A,compilation_failed,0.05,0.00,2026-01-25T23:17:27.401531
253,aapp_competition_test,3868,3868_gen_0.sv,3868_testbench.py,3868_prompt.txt,fail,N/A,compilation_failed,0.06,0.00,2026-01-25T23:17:27.496504
254,aapp_competition_test,3869,3869_gen_0.sv,3869_testbench.py,3869_prompt.txt,fail,N/A,compilation_failed,0.05,0.00,2026-01-25T23:17:27.600421
255,aapp_competition_test,3870,3870_gen_0.sv,3870_testbench.py,3870_prompt.txt,fail,N/A,compilation_failed,0.05,0.00,2026-01-25T23:17:27.685232
256,aapp_competition_test,3871,3871_gen_0.sv,3871_testbench.py,3871_prompt.txt,pass,fail,verification_failed,0.05,15.92,2026-01-25T23:17:27.777101
257,aapp_competition_test,3872,3872_gen_0.sv,3872_testbench.py,3872_prompt.txt,pass,pass,pass,0.06,15.32,2026-01-25T23:17:43.802004
258,aapp_competition_test,3873,3873_gen_0.sv,3873_testbench.py,3873_prompt.txt,pass,fail,verification_failed,0.06,15.37,2026-01-25T23:17:59.222044
259,aapp_competition_test,3874,3874_gen_0.sv,3874_testbench.py,3874_prompt.txt,fail,N/A,compilation_failed,1.22,0.00,2026-01-25T23:18:14.707855
260,aapp_competition_test,3875,3875_gen_0.sv,3875_testbench.py,3875_prompt.txt,fail,N/A,compilation_failed,0.05,0.00,2026-01-25T23:18:15.959295
261,aapp_competition_test,3877,3877_gen_0.sv,3877_testbench.py,3877_prompt.txt,fail,N/A,compilation_failed,0.07,0.00,2026-01-25T23:18:16.048604
262,aapp_competition_test,3878,3878_gen_0.sv,3878_testbench.py,3878_prompt.txt,fail,N/A,compilation_failed,0.07,0.00,2026-01-25T23:18:16.157355
263,aapp_competition_test,3879,3879_gen_0.sv,3879_testbench.py,3879_prompt.txt,fail,N/A,compilation_failed,0.05,0.00,2026-01-25T23:18:16.267557
264,aapp_competition_test,3880,3880_gen_0.sv,3880_testbench.py,3880_prompt.txt,pass,fail,verification_failed,0.06,15.77,2026-01-25T23:18:16.358500
265,aapp_competition_test,3881,3881_gen_0.sv,3881_testbench.py,3881_prompt.txt,fail,N/A,compilation_failed,0.05,0.00,2026-01-25T23:18:32.225061
266,aapp_competition_test,3883,3883_gen_0.sv,3883_testbench.py,3883_prompt.txt,pass,fail,verification_failed,0.05,16.22,2026-01-25T23:18:32.329546
267,aapp_competition_test,3884,3884_gen_0.sv,3884_testbench.py,3884_prompt.txt,pass,fail,verification_failed,0.06,15.87,2026-01-25T23:18:48.633278
268,aapp_competition_test,3885,3885_gen_0.sv,3885_testbench.py,3885_prompt.txt,pass,pass,pass,0.05,15.81,2026-01-25T23:19:04.615413
269,aapp_competition_test,3886,3886_gen_0.sv,3886_testbench.py,3886_prompt.txt,pass,fail,verification_failed,0.05,16.15,2026-01-25T23:19:20.530369
270,aapp_competition_test,3887,3887_gen_0.sv,3887_testbench.py,3887_prompt.txt,fail,N/A,compilation_failed,0.06,0.00,2026-01-25T23:19:36.796067
271,aapp_competition_test,3889,3889_gen_0.sv,3889_testbench.py,3889_prompt.txt,fail,N/A,compilation_failed,0.06,0.00,2026-01-25T23:19:36.893777
272,aapp_competition_test,3890,3890_gen_0.sv,3890_testbench.py,3890_prompt.txt,pass,pass,pass,0.06,16.93,2026-01-25T23:19:36.998564
273,aapp_competition_test,3891,3891_gen_0.sv,3891_testbench.py,3891_prompt.txt,pass,fail,verification_failed,0.07,15.74,2026-01-25T23:19:54.049443
274,aapp_competition_test,3892,3892_gen_0.sv,3892_testbench.py,3892_prompt.txt,fail,N/A,compilation_failed,0.06,0.00,2026-01-25T23:20:09.905844
275,aapp_competition_test,3893,3893_gen_0.sv,3893_testbench.py,3893_prompt.txt,pass,pass,pass,0.07,15.83,2026-01-25T23:20:10.011140
276,aapp_competition_test,3894,3894_gen_0.sv,3894_testbench.py,3894_prompt.txt,fail,N/A,compilation_failed,0.06,0.00,2026-01-25T23:20:25.946359
277,aapp_competition_test,3895,3895_gen_0.sv,3895_testbench.py,3895_prompt.txt,fail,N/A,compilation_failed,0.06,0.00,2026-01-25T23:20:26.056316
278,aapp_competition_test,3896,3896_gen_0.sv,3896_testbench.py,3896_prompt.txt,pass,fail,verification_failed,0.07,16.36,2026-01-25T23:20:26.168858
279,aapp_competition_test,3897,3897_gen_0.sv,3897_testbench.py,3897_prompt.txt,pass,pass,pass,0.06,15.94,2026-01-25T23:20:42.642891
280,aapp_competition_test,3898,3898_gen_0.sv,3898_testbench.py,3898_prompt.txt,fail,N/A,compilation_failed,0.07,0.00,2026-01-25T23:20:58.714274
281,aapp_competition_test,3899,3899_gen_0.sv,3899_testbench.py,3899_prompt.txt,pass,timeout,verification_failed,0.05,305.14,2026-01-25T23:20:58.823526
282,aapp_competition_test,3901,3901_gen_0.sv,3901_testbench.py,3901_prompt.txt,fail,N/A,compilation_failed,0.05,0.00,2026-01-25T23:26:04.074568
283,aapp_competition_test,3902,3902_gen_0.sv,3902_testbench.py,3902_prompt.txt,pass,pass,pass,0.06,15.68,2026-01-25T23:26:04.171673
284,aapp_competition_test,3904,3904_gen_0.sv,3904_testbench.py,3904_prompt.txt,pass,fail,verification_failed,0.06,15.37,2026-01-25T23:26:19.957644
285,aapp_competition_test,3905,3905_gen_0.sv,3905_testbench.py,3905_prompt.txt,fail,N/A,compilation_failed,0.05,0.00,2026-01-25T23:26:35.430367
286,aapp_competition_test,3906,3906_gen_0.sv,3906_testbench.py,3906_prompt.txt,pass,pass,pass,0.06,34.88,2026-01-25T23:26:35.519903
287,aapp_competition_test,3907,3907_gen_0.sv,3907_testbench.py,3907_prompt.txt,fail,N/A,compilation_failed,0.05,0.00,2026-01-25T23:27:10.496557
288,aapp_competition_test,3908,3908_gen_0.sv,3908_testbench.py,3908_prompt.txt,pass,fail,verification_failed,0.06,15.21,2026-01-25T23:27:10.591350
289,aapp_competition_test,3909,3909_gen_0.sv,3909_testbench.py,3909_prompt.txt,pass,pass,pass,0.07,15.52,2026-01-25T23:27:25.900353
290,aapp_competition_test,3910,3910_gen_0.sv,3910_testbench.py,3910_prompt.txt,fail,N/A,compilation_failed,0.06,0.00,2026-01-25T23:27:41.553166
291,aapp_competition_test,3911,3911_gen_0.sv,3911_testbench.py,3911_prompt.txt,fail,N/A,compilation_failed,0.05,0.00,2026-01-25T23:27:41.664242
292,aapp_competition_test,3912,3912_gen_0.sv,3912_testbench.py,3912_prompt.txt,fail,N/A,compilation_failed,0.08,0.00,2026-01-25T23:27:41.754649
293,aapp_competition_test,3916,3916_gen_0.sv,3916_testbench.py,3916_prompt.txt,fail,N/A,compilation_failed,0.96,0.00,2026-01-25T23:27:41.885623
294,aapp_competition_test,3917,3917_gen_0.sv,3917_testbench.py,3917_prompt.txt,pass,fail,verification_failed,0.06,23.34,2026-01-25T23:27:42.886026
295,aapp_competition_test,3918,3918_gen_0.sv,3918_testbench.py,3918_prompt.txt,fail,N/A,compilation_failed,0.06,0.00,2026-01-25T23:28:06.337227
296,aapp_competition_test,3920,3920_gen_0.sv,3920_testbench.py,3920_prompt.txt,pass,pass,pass,0.07,19.67,2026-01-25T23:28:06.425750
297,aapp_competition_test,3922,3922_gen_0.sv,3922_testbench.py,3922_prompt.txt,fail,N/A,compilation_failed,0.07,0.00,2026-01-25T23:28:26.205828
298,aapp_competition_test,3923,3923_gen_0.sv,3923_testbench.py,3923_prompt.txt,pass,fail,verification_failed,0.07,17.36,2026-01-25T23:28:26.331772
299,aapp_competition_test,3924,3924_gen_0.sv,3924_testbench.py,3924_prompt.txt,pass,fail,verification_failed,0.07,15.53,2026-01-25T23:28:43.798515
300,aapp_competition_test,3925,3925_gen_0.sv,3925_testbench.py,3925_prompt.txt,pass,pass,pass,0.06,18.56,2026-01-25T23:28:59.438678
301,aapp_competition_test,3929,3929_gen_0.sv,3929_testbench.py,3929_prompt.txt,pass,fail,verification_failed,0.06,16.20,2026-01-25T23:29:18.104128
302,aapp_competition_test,3930,3930_gen_0.sv,3930_testbench.py,3930_prompt.txt,fail,N/A,compilation_failed,0.06,0.00,2026-01-25T23:29:34.412800
303,aapp_competition_test,3931,3931_gen_0.sv,3931_testbench.py,3931_prompt.txt,pass,fail,verification_failed,0.08,17.19,2026-01-25T23:29:34.504813
304,aapp_competition_test,3932,3932_gen_0.sv,3932_testbench.py,3932_prompt.txt,fail,N/A,compilation_failed,0.07,0.00,2026-01-25T23:29:51.828611
305,aapp_competition_test,3933,3933_gen_0.sv,3933_testbench.py,3933_prompt.txt,pass,pass,pass,0.06,17.03,2026-01-25T23:29:51.937123
306,aapp_competition_test,3934,3934_gen_0.sv,3934_testbench.py,3934_prompt.txt,pass,fail,verification_failed,0.05,16.52,2026-01-25T23:30:09.068342
307,aapp_competition_test,3935,3935_gen_0.sv,3935_testbench.py,3935_prompt.txt,fail,N/A,compilation_failed,0.05,0.00,2026-01-25T23:30:25.671733
308,aapp_competition_test,3936,3936_gen_0.sv,3936_testbench.py,3936_prompt.txt,pass,fail,verification_failed,0.06,16.39,2026-01-25T23:30:25.783064
309,aapp_competition_test,3938,3938_gen_0.sv,3938_testbench.py,3938_prompt.txt,pass,pass,pass,0.06,16.06,2026-01-25T23:30:42.288508
310,aapp_competition_test,3939,3939_gen_0.sv,3939_testbench.py,3939_prompt.txt,pass,pass,pass,0.07,16.35,2026-01-25T23:30:58.475814
311,aapp_competition_test,3940,3940_gen_0.sv,3940_testbench.py,3940_prompt.txt,fail,N/A,compilation_failed,0.07,0.00,2026-01-25T23:31:14.961500
312,aapp_competition_test,3941,3941_gen_0.sv,3941_testbench.py,3941_prompt.txt,fail,N/A,compilation_failed,0.07,0.00,2026-01-25T23:31:15.092080
313,aapp_competition_test,3942,3942_gen_0.sv,3942_testbench.py,3942_prompt.txt,fail,N/A,compilation_failed,0.08,0.00,2026-01-25T23:31:15.195763
314,aapp_competition_test,3944,3944_gen_0.sv,3944_testbench.py,3944_prompt.txt,pass,fail,verification_failed,0.05,16.16,2026-01-25T23:31:15.309103
315,aapp_competition_test,3945,3945_gen_0.sv,3945_testbench.py,3945_prompt.txt,pass,timeout,verification_failed,0.07,305.10,2026-01-25T23:31:31.554170
316,aapp_competition_test,3946,3946_gen_0.sv,3946_testbench.py,3946_prompt.txt,pass,fail,verification_failed,0.07,16.34,2026-01-25T23:36:36.788312
317,aapp_competition_test,3947,3947_gen_0.sv,3947_testbench.py,3947_prompt.txt,fail,N/A,compilation_failed,0.07,0.00,2026-01-25T23:36:53.236184
318,aapp_competition_test,3948,3948_gen_0.sv,3948_testbench.py,3948_prompt.txt,fail,N/A,compilation_failed,0.05,0.00,2026-01-25T23:36:53.365796
319,aapp_competition_test,3949,3949_gen_0.sv,3949_testbench.py,3949_prompt.txt,fail,N/A,compilation_failed,0.07,0.00,2026-01-25T23:36:53.468143
320,aapp_competition_test,3950,3950_gen_0.sv,3950_testbench.py,3950_prompt.txt,fail,N/A,compilation_failed,0.07,0.00,2026-01-25T23:36:53.564968
321,aapp_competition_test,3951,3951_gen_0.sv,3951_testbench.py,3951_prompt.txt,fail,N/A,compilation_failed,0.07,0.00,2026-01-25T23:36:53.670177
322,aapp_competition_test,3952,3952_gen_0.sv,3952_testbench.py,3952_prompt.txt,fail,N/A,compilation_failed,0.05,0.00,2026-01-25T23:36:53.769811
323,aapp_competition_test,3953,3953_gen_0.sv,3953_testbench.py,3953_prompt.txt,fail,N/A,compilation_failed,0.07,0.00,2026-01-25T23:36:53.857538
324,aapp_competition_test,3954,3954_gen_0.sv,3954_testbench.py,3954_prompt.txt,fail,N/A,compilation_failed,0.06,0.00,2026-01-25T23:36:53.967186
325,aapp_competition_test,3955,3955_gen_0.sv,3955_testbench.py,3955_prompt.txt,pass,timeout,verification_failed,0.06,305.17,2026-01-25T23:36:54.069897
326,aapp_competition_test,3957,3957_gen_0.sv,3957_testbench.py,3957_prompt.txt,pass,fail,verification_failed,0.18,296.79,2026-01-25T23:41:59.361058
327,aapp_competition_test,3958,3958_gen_0.sv,3958_testbench.py,3958_prompt.txt,pass,fail,verification_failed,0.16,30.16,2026-01-25T23:46:56.429870
328,aapp_competition_test,3960,3960_gen_0.sv,3960_testbench.py,3960_prompt.txt,pass,timeout,verification_failed,0.06,305.47,2026-01-25T23:47:26.823238
329,aapp_competition_test,3961,3961_gen_0.sv,3961_testbench.py,3961_prompt.txt,pass,fail,verification_failed,0.09,16.28,2026-01-25T23:52:32.404688
330,aapp_competition_test,3962,3962_gen_0.sv,3962_testbench.py,3962_prompt.txt,fail,N/A,compilation_failed,0.05,0.00,2026-01-25T23:52:49.052105
331,aapp_competition_test,3963,3963_gen_0.sv,3963_testbench.py,3963_prompt.txt,fail,N/A,compilation_failed,0.05,0.00,2026-01-25T23:52:49.143878
332,aapp_competition_test,3964,3964_gen_0.sv,3964_testbench.py,3964_prompt.txt,pass,fail,verification_failed,0.05,15.08,2026-01-25T23:52:49.234922
333,aapp_competition_test,3965,3965_gen_0.sv,3965_testbench.py,3965_prompt.txt,pass,fail,verification_failed,0.06,15.11,2026-01-25T23:53:04.410620
334,aapp_competition_test,3967,3967_gen_0.sv,3967_testbench.py,3967_prompt.txt,pass,pass,pass,0.05,15.11,2026-01-25T23:53:19.620690
335,aapp_competition_test,3968,3968_gen_0.sv,3968_testbench.py,3968_prompt.txt,fail,N/A,compilation_failed,0.05,0.00,2026-01-25T23:53:34.819300
336,aapp_competition_test,3969,3969_gen_0.sv,3969_testbench.py,3969_prompt.txt,fail,N/A,compilation_failed,0.05,0.00,2026-01-25T23:53:34.909881
337,aapp_competition_test,3970,3970_gen_0.sv,3970_testbench.py,3970_prompt.txt,pass,timeout,verification_failed,0.04,304.76,2026-01-25T23:53:35.003508
338,aapp_competition_test,3972,3972_gen_0.sv,3972_testbench.py,3972_prompt.txt,pass,fail,verification_failed,0.14,25.28,2026-01-25T23:58:39.859909
339,aapp_competition_test,3975,3975_gen_0.sv,3975_testbench.py,3975_prompt.txt,fail,N/A,compilation_failed,0.06,0.00,2026-01-25T23:59:05.651286
340,aapp_competition_test,3976,3976_gen_0.sv,3976_testbench.py,3976_prompt.txt,pass,fail,verification_failed,0.05,14.97,2026-01-25T23:59:05.742592
341,aapp_competition_test,3977,3977_gen_0.sv,3977_testbench.py,3977_prompt.txt,fail,N/A,compilation_failed,0.05,0.00,2026-01-25T23:59:20.806635
342,aapp_competition_test,3978,3978_gen_0.sv,3978_testbench.py,3978_prompt.txt,pass,timeout,verification_failed,0.05,304.78,2026-01-25T23:59:20.899148
343,aapp_competition_test,3979,3979_gen_0.sv,3979_testbench.py,3979_prompt.txt,pass,timeout,verification_failed,0.20,305.52,2026-01-26T00:04:25.780037
344,aapp_competition_test,3981,3981_gen_0.sv,3981_testbench.py,3981_prompt.txt,pass,fail,verification_failed,0.17,16.36,2026-01-26T00:09:31.861361
345,aapp_competition_test,3982,3982_gen_0.sv,3982_testbench.py,3982_prompt.txt,pass,fail,verification_failed,0.07,15.34,2026-01-26T00:09:48.676241
346,aapp_competition_test,3984,3984_gen_0.sv,3984_testbench.py,3984_prompt.txt,pass,fail,verification_failed,0.06,15.35,2026-01-26T00:10:04.145647
347,aapp_competition_test,3985,3985_gen_0.sv,3985_testbench.py,3985_prompt.txt,fail,N/A,compilation_failed,0.05,0.00,2026-01-26T00:10:19.586786
348,aapp_competition_test,3986,3986_gen_0.sv,3986_testbench.py,3986_prompt.txt,fail,N/A,compilation_failed,0.07,0.00,2026-01-26T00:10:19.678053
349,aapp_competition_test,3987,3987_gen_0.sv,3987_testbench.py,3987_prompt.txt,pass,fail,verification_failed,0.07,15.34,2026-01-26T00:10:19.779543
350,aapp_competition_test,3988,3988_gen_0.sv,3988_testbench.py,3988_prompt.txt,fail,N/A,compilation_failed,0.06,0.00,2026-01-26T00:10:35.232345
351,aapp_competition_test,3989,3989_gen_0.sv,3989_testbench.py,3989_prompt.txt,fail,N/A,compilation_failed,0.05,0.00,2026-01-26T00:10:35.343177
352,aapp_competition_test,3990,3990_gen_0.sv,3990_testbench.py,3990_prompt.txt,fail,N/A,compilation_failed,0.06,0.00,2026-01-26T00:10:35.423590
353,aapp_competition_test,3991,3991_gen_0.sv,3991_testbench.py,3991_prompt.txt,pass,fail,verification_failed,0.05,21.32,2026-01-26T00:10:35.525552
354,aapp_competition_test,3992,3992_gen_0.sv,3992_testbench.py,3992_prompt.txt,fail,N/A,compilation_failed,0.08,0.00,2026-01-26T00:10:56.939598
355,aapp_competition_test,3993,3993_gen_0.sv,3993_testbench.py,3993_prompt.txt,pass,pass,pass,0.06,18.47,2026-01-26T00:10:57.060681
356,aapp_competition_test,3994,3994_gen_0.sv,3994_testbench.py,3994_prompt.txt,fail,N/A,compilation_failed,0.08,0.00,2026-01-26T00:11:15.638954
357,aapp_competition_test,3995,3995_gen_0.sv,3995_testbench.py,3995_prompt.txt,fail,N/A,compilation_failed,0.07,0.00,2026-01-26T00:11:15.750785
358,aapp_competition_test,3996,3996_gen_0.sv,3996_testbench.py,3996_prompt.txt,pass,fail,verification_failed,0.05,17.13,2026-01-26T00:11:15.869010
359,aapp_competition_test,3998,3998_gen_0.sv,3998_testbench.py,3998_prompt.txt,pass,fail,verification_failed,0.07,17.08,2026-01-26T00:11:33.095029
360,aapp_competition_test,3999,3999_gen_0.sv,3999_testbench.py,3999_prompt.txt,fail,N/A,compilation_failed,0.08,0.00,2026-01-26T00:11:50.280058
361,human_eval_test,0,0_gen_0.sv,0_testbench.py,0_prompt.txt,fail,N/A,compilation_failed,0.07,0.00,2026-01-26T00:11:50.397613
362,human_eval_test,1,1_gen_0.sv,1_testbench.py,1_prompt.txt,pass,fail,verification_failed,0.05,17.15,2026-01-26T00:11:50.512301
363,human_eval_test,10,10_gen_0.sv,10_testbench.py,10_prompt.txt,pass,fail,verification_failed,0.08,17.28,2026-01-26T00:12:07.770533
364,human_eval_test,101,101_gen_0.sv,101_testbench.py,101_prompt.txt,fail,N/A,compilation_failed,0.05,0.00,2026-01-26T00:12:25.188363
365,human_eval_test,102,102_gen_0.sv,102_testbench.py,102_prompt.txt,pass,pass,pass,0.05,16.65,2026-01-26T00:12:25.289182
366,human_eval_test,103,103_gen_0.sv,103_testbench.py,103_prompt.txt,pass,pass,pass,0.07,16.18,2026-01-26T00:12:42.033144
367,human_eval_test,104,104_gen_0.sv,104_testbench.py,104_prompt.txt,pass,fail,verification_failed,0.07,25.47,2026-01-26T00:12:58.330514
368,human_eval_test,105,105_gen_0.sv,105_testbench.py,105_prompt.txt,fail,N/A,compilation_failed,0.06,0.00,2026-01-26T00:13:23.907122
369,human_eval_test,106,106_gen_0.sv,106_testbench.py,106_prompt.txt,fail,N/A,compilation_failed,0.06,0.00,2026-01-26T00:13:24.014208
370,human_eval_test,107,107_gen_0.sv,107_testbench.py,107_prompt.txt,pass,pass,pass,0.05,15.42,2026-01-26T00:13:24.109530
371,human_eval_test,108,108_gen_0.sv,108_testbench.py,108_prompt.txt,pass,pass,pass,0.07,15.91,2026-01-26T00:13:39.623245
372,human_eval_test,109,109_gen_0.sv,109_testbench.py,109_prompt.txt,pass,pass,pass,0.06,16.08,2026-01-26T00:13:55.638992
373,human_eval_test,11,11_gen_0.sv,11_testbench.py,11_prompt.txt,fail,N/A,compilation_failed,0.06,0.00,2026-01-26T00:14:11.835879
374,human_eval_test,110,110_gen_0.sv,110_testbench.py,110_prompt.txt,pass,pass,pass,0.05,15.91,2026-01-26T00:14:11.926976
375,human_eval_test,111,111_gen_0.sv,111_testbench.py,111_prompt.txt,fail,N/A,compilation_failed,0.06,0.00,2026-01-26T00:14:27.929812
376,human_eval_test,112,112_gen_0.sv,112_testbench.py,112_prompt.txt,pass,pass,pass,0.07,16.46,2026-01-26T00:14:28.030711
377,human_eval_test,114,114_gen_0.sv,114_testbench.py,114_prompt.txt,pass,pass,pass,0.07,16.07,2026-01-26T00:14:44.606255
378,human_eval_test,115,115_gen_0.sv,115_testbench.py,115_prompt.txt,fail,N/A,compilation_failed,0.06,0.00,2026-01-26T00:15:00.793714
379,human_eval_test,116,116_gen_0.sv,116_testbench.py,116_prompt.txt,pass,fail,verification_failed,0.06,15.96,2026-01-26T00:15:00.902223
380,human_eval_test,117,117_gen_0.sv,117_testbench.py,117_prompt.txt,fail,N/A,compilation_failed,0.06,0.00,2026-01-26T00:15:16.950261
381,human_eval_test,119,119_gen_0.sv,119_testbench.py,119_prompt.txt,pass,fail,verification_failed,0.07,16.04,2026-01-26T00:15:17.050897
382,human_eval_test,12,12_gen_0.sv,12_testbench.py,12_prompt.txt,pass,fail,verification_failed,0.07,16.12,2026-01-26T00:15:33.210644
383,human_eval_test,120,120_gen_0.sv,120_testbench.py,120_prompt.txt,fail,N/A,compilation_failed,0.06,0.00,2026-01-26T00:15:49.432636
384,human_eval_test,121,121_gen_0.sv,121_testbench.py,121_prompt.txt,pass,fail,verification_failed,0.07,15.95,2026-01-26T00:15:49.533574
385,human_eval_test,122,122_gen_0.sv,122_testbench.py,122_prompt.txt,fail,N/A,compilation_failed,0.05,0.00,2026-01-26T00:16:05.596609
386,human_eval_test,123,123_gen_0.sv,123_testbench.py,123_prompt.txt,pass,pass,pass,0.08,15.85,2026-01-26T00:16:05.696644
387,human_eval_test,124,124_gen_0.sv,124_testbench.py,124_prompt.txt,pass,pass,pass,0.08,15.91,2026-01-26T00:16:21.666585
388,human_eval_test,125,125_gen_0.sv,125_testbench.py,125_prompt.txt,pass,fail,verification_failed,0.07,16.05,2026-01-26T00:16:37.704631
389,human_eval_test,126,126_gen_0.sv,126_testbench.py,126_prompt.txt,pass,fail,verification_failed,0.06,16.21,2026-01-26T00:16:53.853283
390,human_eval_test,127,127_gen_0.sv,127_testbench.py,127_prompt.txt,pass,pass,pass,0.05,16.01,2026-01-26T00:17:10.166532
391,human_eval_test,128,128_gen_0.sv,128_testbench.py,128_prompt.txt,fail,N/A,compilation_failed,0.06,0.00,2026-01-26T00:17:26.266507
392,human_eval_test,129,129_gen_0.sv,129_testbench.py,129_prompt.txt,fail,N/A,compilation_failed,0.05,0.00,2026-01-26T00:17:26.379344
393,human_eval_test,13,13_gen_0.sv,13_testbench.py,13_prompt.txt,pass,pass,pass,0.05,15.94,2026-01-26T00:17:26.478894
394,human_eval_test,130,130_gen_0.sv,130_testbench.py,130_prompt.txt,pass,pass,pass,0.08,16.16,2026-01-26T00:17:42.521950
395,human_eval_test,131,131_gen_0.sv,131_testbench.py,131_prompt.txt,pass,timeout,verification_failed,0.07,305.08,2026-01-26T00:17:58.791868
396,human_eval_test,132,132_gen_0.sv,132_testbench.py,132_prompt.txt,fail,N/A,compilation_failed,0.06,0.00,2026-01-26T00:23:03.992756
397,human_eval_test,133,133_gen_0.sv,133_testbench.py,133_prompt.txt,pass,fail,verification_failed,0.05,15.76,2026-01-26T00:23:04.103696
398,human_eval_test,134,134_gen_0.sv,134_testbench.py,134_prompt.txt,pass,pass,pass,0.07,15.76,2026-01-26T00:23:19.953828
399,human_eval_test,135,135_gen_0.sv,135_testbench.py,135_prompt.txt,pass,fail,verification_failed,0.08,15.64,2026-01-26T00:23:35.823745
400,human_eval_test,136,136_gen_0.sv,136_testbench.py,136_prompt.txt,pass,pass,pass,0.06,15.90,2026-01-26T00:23:51.589276
401,human_eval_test,137,137_gen_0.sv,137_testbench.py,137_prompt.txt,pass,fail,verification_failed,0.06,15.91,2026-01-26T00:24:07.590212
402,human_eval_test,139,139_gen_0.sv,139_testbench.py,139_prompt.txt,fail,N/A,compilation_failed,0.06,0.00,2026-01-26T00:24:23.615858
403,human_eval_test,14,14_gen_0.sv,14_testbench.py,14_prompt.txt,pass,pass,pass,0.06,15.64,2026-01-26T00:24:23.706418
404,human_eval_test,140,140_gen_0.sv,140_testbench.py,140_prompt.txt,fail,N/A,compilation_failed,0.07,0.00,2026-01-26T00:24:39.469553
405,human_eval_test,141,141_gen_0.sv,141_testbench.py,141_prompt.txt,pass,fail,verification_failed,0.05,15.77,2026-01-26T00:24:39.583143
406,human_eval_test,142,142_gen_0.sv,142_testbench.py,142_prompt.txt,pass,pass,pass,0.07,15.92,2026-01-26T00:24:55.466300
407,human_eval_test,143,143_gen_0.sv,143_testbench.py,143_prompt.txt,fail,N/A,compilation_failed,0.06,0.00,2026-01-26T00:25:11.499698
408,human_eval_test,144,144_gen_0.sv,144_testbench.py,144_prompt.txt,pass,pass,pass,0.07,15.74,2026-01-26T00:25:11.605121
409,human_eval_test,145,145_gen_0.sv,145_testbench.py,145_prompt.txt,pass,fail,verification_failed,0.05,15.75,2026-01-26T00:25:27.461246
410,human_eval_test,146,146_gen_0.sv,146_testbench.py,146_prompt.txt,fail,N/A,compilation_failed,0.05,0.00,2026-01-26T00:25:43.311176
411,human_eval_test,147,147_gen_0.sv,147_testbench.py,147_prompt.txt,pass,pass,pass,0.07,15.82,2026-01-26T00:25:43.421713
412,human_eval_test,148,148_gen_0.sv,148_testbench.py,148_prompt.txt,pass,fail,verification_failed,0.07,15.90,2026-01-26T00:25:59.349957
413,human_eval_test,149,149_gen_0.sv,149_testbench.py,149_prompt.txt,pass,pass,pass,0.07,15.58,2026-01-26T00:26:15.366002
414,human_eval_test,15,15_gen_0.sv,15_testbench.py,15_prompt.txt,pass,fail,verification_failed,0.05,15.71,2026-01-26T00:26:31.063344
415,human_eval_test,150,150_gen_0.sv,150_testbench.py,150_prompt.txt,pass,pass,pass,0.07,16.07,2026-01-26T00:26:46.877018
416,human_eval_test,151,151_gen_0.sv,151_testbench.py,151_prompt.txt,pass,pass,pass,0.07,15.73,2026-01-26T00:27:03.056390
417,human_eval_test,152,152_gen_0.sv,152_testbench.py,152_prompt.txt,pass,pass,pass,0.07,15.76,2026-01-26T00:27:18.893628
418,human_eval_test,153,153_gen_0.sv,153_testbench.py,153_prompt.txt,pass,pass,pass,0.08,15.85,2026-01-26T00:27:34.771116
419,human_eval_test,154,154_gen_0.sv,154_testbench.py,154_prompt.txt,pass,fail,verification_failed,0.06,15.91,2026-01-26T00:27:50.739446
420,human_eval_test,155,155_gen_0.sv,155_testbench.py,155_prompt.txt,pass,pass,pass,0.08,26.88,2026-01-26T00:28:06.754195
421,human_eval_test,156,156_gen_0.sv,156_testbench.py,156_prompt.txt,pass,pass,pass,0.08,15.69,2026-01-26T00:28:33.739712
422,human_eval_test,157,157_gen_0.sv,157_testbench.py,157_prompt.txt,pass,pass,pass,0.07,16.06,2026-01-26T00:28:49.569018
423,human_eval_test,158,158_gen_0.sv,158_testbench.py,158_prompt.txt,fail,N/A,compilation_failed,0.07,0.00,2026-01-26T00:29:05.745571
424,human_eval_test,159,159_gen_0.sv,159_testbench.py,159_prompt.txt,pass,pass,pass,0.06,16.05,2026-01-26T00:29:05.875235
425,human_eval_test,16,16_gen_0.sv,16_testbench.py,16_prompt.txt,fail,N/A,compilation_failed,0.05,0.00,2026-01-26T00:29:22.037142
426,human_eval_test,160,160_gen_0.sv,160_testbench.py,160_prompt.txt,fail,N/A,compilation_failed,0.05,0.00,2026-01-26T00:29:22.137146
427,human_eval_test,162,162_gen_0.sv,162_testbench.py,162_prompt.txt,pass,pass,pass,0.05,16.00,2026-01-26T00:29:22.233323
428,human_eval_test,163,163_gen_0.sv,163_testbench.py,163_prompt.txt,fail,N/A,compilation_failed,0.07,0.00,2026-01-26T00:29:38.323604
429,human_eval_test,17,17_gen_0.sv,17_testbench.py,17_prompt.txt,pass,fail,verification_failed,0.05,16.12,2026-01-26T00:29:38.446733
430,human_eval_test,18,18_gen_0.sv,18_testbench.py,18_prompt.txt,pass,pass,pass,0.05,16.74,2026-01-26T00:29:54.668013
431,human_eval_test,19,19_gen_0.sv,19_testbench.py,19_prompt.txt,fail,N/A,compilation_failed,0.06,0.00,2026-01-26T00:30:11.512379
432,human_eval_test,2,2_gen_0.sv,2_testbench.py,2_prompt.txt,pass,pass,pass,0.05,15.97,2026-01-26T00:30:11.618750
433,human_eval_test,20,20_gen_0.sv,20_testbench.py,20_prompt.txt,pass,pass,pass,0.06,16.01,2026-01-26T00:30:27.685998
434,human_eval_test,21,21_gen_0.sv,21_testbench.py,21_prompt.txt,fail,N/A,compilation_failed,0.06,0.00,2026-01-26T00:30:43.808149
435,human_eval_test,22,22_gen_0.sv,22_testbench.py,22_prompt.txt,fail,N/A,compilation_failed,0.06,0.00,2026-01-26T00:30:43.935487
436,human_eval_test,23,23_gen_0.sv,23_testbench.py,23_prompt.txt,pass,fail,verification_failed,0.06,16.18,2026-01-26T00:30:44.036603
437,human_eval_test,24,24_gen_0.sv,24_testbench.py,24_prompt.txt,pass,pass,pass,0.06,16.66,2026-01-26T00:31:00.336650
438,human_eval_test,25,25_gen_0.sv,25_testbench.py,25_prompt.txt,fail,N/A,compilation_failed,0.07,0.00,2026-01-26T00:31:17.108263
439,human_eval_test,26,26_gen_0.sv,26_testbench.py,26_prompt.txt,fail,N/A,compilation_failed,0.06,0.00,2026-01-26T00:31:17.224777
440,human_eval_test,27,27_gen_0.sv,27_testbench.py,27_prompt.txt,pass,pass,pass,0.05,16.12,2026-01-26T00:31:17.329399
441,human_eval_test,28,28_gen_0.sv,28_testbench.py,28_prompt.txt,fail,N/A,compilation_failed,0.06,0.00,2026-01-26T00:31:33.570401
442,human_eval_test,29,29_gen_0.sv,29_testbench.py,29_prompt.txt,fail,N/A,compilation_failed,0.06,0.00,2026-01-26T00:31:33.681686
443,human_eval_test,3,3_gen_0.sv,3_testbench.py,3_prompt.txt,pass,pass,pass,0.06,16.54,2026-01-26T00:31:33.784045
444,human_eval_test,30,30_gen_0.sv,30_testbench.py,30_prompt.txt,fail,N/A,compilation_failed,0.06,0.00,2026-01-26T00:31:50.437326
445,human_eval_test,31,31_gen_0.sv,31_testbench.py,31_prompt.txt,pass,fail,verification_failed,0.06,16.10,2026-01-26T00:31:50.573042
446,human_eval_test,33,33_gen_0.sv,33_testbench.py,33_prompt.txt,pass,fail,verification_failed,0.07,16.42,2026-01-26T00:32:06.783945
447,human_eval_test,34,34_gen_0.sv,34_testbench.py,34_prompt.txt,fail,N/A,compilation_failed,0.07,0.00,2026-01-26T00:32:23.331399
448,human_eval_test,35,35_gen_0.sv,35_testbench.py,35_prompt.txt,pass,fail,verification_failed,0.06,16.51,2026-01-26T00:32:23.454017
449,human_eval_test,36,36_gen_0.sv,36_testbench.py,36_prompt.txt,pass,pass,pass,0.05,35.97,2026-01-26T00:32:40.076704
450,human_eval_test,37,37_gen_0.sv,37_testbench.py,37_prompt.txt,fail,N/A,compilation_failed,0.07,0.00,2026-01-26T00:33:16.182833
451,human_eval_test,39,39_gen_0.sv,39_testbench.py,39_prompt.txt,pass,fail,verification_failed,0.06,16.92,2026-01-26T00:33:16.293048
452,human_eval_test,4,4_gen_0.sv,4_testbench.py,4_prompt.txt,pass,pass,pass,0.07,16.65,2026-01-26T00:33:33.329956
453,human_eval_test,40,40_gen_0.sv,40_testbench.py,40_prompt.txt,pass,fail,verification_failed,0.06,18.63,2026-01-26T00:33:50.117419
454,human_eval_test,42,42_gen_0.sv,42_testbench.py,42_prompt.txt,pass,pass,pass,0.05,16.45,2026-01-26T00:34:08.861226
455,human_eval_test,43,43_gen_0.sv,43_testbench.py,43_prompt.txt,pass,pass,pass,0.07,17.60,2026-01-26T00:34:25.427904
456,human_eval_test,44,44_gen_0.sv,44_testbench.py,44_prompt.txt,fail,N/A,compilation_failed,0.07,0.00,2026-01-26T00:34:43.143477
457,human_eval_test,45,45_gen_0.sv,45_testbench.py,45_prompt.txt,fail,N/A,compilation_failed,0.06,0.00,2026-01-26T00:34:43.265461
458,human_eval_test,47,47_gen_0.sv,47_testbench.py,47_prompt.txt,fail,N/A,compilation_failed,0.05,0.00,2026-01-26T00:34:43.381935
459,human_eval_test,48,48_gen_0.sv,48_testbench.py,48_prompt.txt,pass,fail,verification_failed,0.05,15.85,2026-01-26T00:34:43.492515
460,human_eval_test,49,49_gen_0.sv,49_testbench.py,49_prompt.txt,pass,pass,pass,0.06,16.09,2026-01-26T00:34:59.465836
461,human_eval_test,5,5_gen_0.sv,5_testbench.py,5_prompt.txt,pass,fail,verification_failed,0.06,16.23,2026-01-26T00:35:15.665812
462,human_eval_test,50,50_gen_0.sv,50_testbench.py,50_prompt.txt,pass,pass,pass,0.07,15.97,2026-01-26T00:35:32.025962
463,human_eval_test,51,51_gen_0.sv,51_testbench.py,51_prompt.txt,pass,fail,verification_failed,0.06,15.78,2026-01-26T00:35:48.119151
464,human_eval_test,52,52_gen_0.sv,52_testbench.py,52_prompt.txt,pass,pass,pass,0.05,15.62,2026-01-26T00:36:04.014473
465,human_eval_test,53,53_gen_0.sv,53_testbench.py,53_prompt.txt,pass,pass,pass,0.07,16.20,2026-01-26T00:36:19.729335
466,human_eval_test,54,54_gen_0.sv,54_testbench.py,54_prompt.txt,fail,N/A,compilation_failed,0.07,0.00,2026-01-26T00:36:36.061213
467,human_eval_test,55,55_gen_0.sv,55_testbench.py,55_prompt.txt,pass,pass,pass,0.06,16.04,2026-01-26T00:36:36.191475
468,human_eval_test,56,56_gen_0.sv,56_testbench.py,56_prompt.txt,pass,fail,verification_failed,0.05,15.98,2026-01-26T00:36:52.347319
469,human_eval_test,57,57_gen_0.sv,57_testbench.py,57_prompt.txt,fail,N/A,compilation_failed,0.05,0.00,2026-01-26T00:37:08.435249
470,human_eval_test,58,58_gen_0.sv,58_testbench.py,58_prompt.txt,pass,pass,pass,0.04,16.04,2026-01-26T00:37:08.535888
471,human_eval_test,59,59_gen_0.sv,59_testbench.py,59_prompt.txt,pass,pass,pass,0.06,16.09,2026-01-26T00:37:24.678229
472,human_eval_test,60,60_gen_0.sv,60_testbench.py,60_prompt.txt,pass,fail,verification_failed,0.06,15.82,2026-01-26T00:37:40.870662
473,human_eval_test,61,61_gen_0.sv,61_testbench.py,61_prompt.txt,pass,fail,verification_failed,0.05,15.77,2026-01-26T00:37:56.792340
474,human_eval_test,62,62_gen_0.sv,62_testbench.py,62_prompt.txt,fail,N/A,compilation_failed,0.06,0.00,2026-01-26T00:38:12.697362
475,human_eval_test,63,63_gen_0.sv,63_testbench.py,63_prompt.txt,pass,fail,verification_failed,0.05,15.85,2026-01-26T00:38:12.809130
476,human_eval_test,64,64_gen_0.sv,64_testbench.py,64_prompt.txt,fail,N/A,compilation_failed,0.07,0.00,2026-01-26T00:38:28.772891
477,human_eval_test,65,65_gen_0.sv,65_testbench.py,65_prompt.txt,pass,pass,pass,0.06,16.10,2026-01-26T00:38:28.889789
478,human_eval_test,66,66_gen_0.sv,66_testbench.py,66_prompt.txt,fail,N/A,compilation_failed,0.05,0.00,2026-01-26T00:38:45.092699
479,human_eval_test,67,67_gen_0.sv,67_testbench.py,67_prompt.txt,pass,pass,pass,0.07,15.91,2026-01-26T00:38:45.193022
480,human_eval_test,68,68_gen_0.sv,68_testbench.py,68_prompt.txt,pass,pass,pass,0.07,15.89,2026-01-26T00:39:01.227573
481,human_eval_test,69,69_gen_0.sv,69_testbench.py,69_prompt.txt,pass,timeout,verification_failed,0.06,305.01,2026-01-26T00:39:17.231500
482,human_eval_test,7,7_gen_0.sv,7_testbench.py,7_prompt.txt,fail,N/A,compilation_failed,0.17,0.00,2026-01-26T00:44:22.389951
483,human_eval_test,70,70_gen_0.sv,70_testbench.py,70_prompt.txt,fail,N/A,compilation_failed,0.07,0.00,2026-01-26T00:44:22.726641
484,human_eval_test,72,72_gen_0.sv,72_testbench.py,72_prompt.txt,pass,fail,verification_failed,0.06,27.68,2026-01-26T00:44:22.878911
485,human_eval_test,74,74_gen_0.sv,74_testbench.py,74_prompt.txt,pass,fail,verification_failed,0.05,15.73,2026-01-26T00:44:50.674673
486,human_eval_test,75,75_gen_0.sv,75_testbench.py,75_prompt.txt,pass,pass,pass,0.07,16.13,2026-01-26T00:45:06.507451
487,human_eval_test,76,76_gen_0.sv,76_testbench.py,76_prompt.txt,pass,pass,pass,0.06,16.66,2026-01-26T00:45:22.762072
488,human_eval_test,77,77_gen_0.sv,77_testbench.py,77_prompt.txt,fail,N/A,compilation_failed,0.06,0.00,2026-01-26T00:45:39.548903
489,human_eval_test,79,79_gen_0.sv,79_testbench.py,79_prompt.txt,fail,N/A,compilation_failed,0.07,0.00,2026-01-26T00:45:39.659624
490,human_eval_test,8,8_gen_0.sv,8_testbench.py,8_prompt.txt,pass,pass,pass,0.08,16.35,2026-01-26T00:45:39.790583
491,human_eval_test,80,80_gen_0.sv,80_testbench.py,80_prompt.txt,pass,pass,pass,0.07,16.05,2026-01-26T00:45:56.268898
492,human_eval_test,81,81_gen_0.sv,81_testbench.py,81_prompt.txt,pass,fail,verification_failed,0.07,15.91,2026-01-26T00:46:12.437244
493,human_eval_test,82,82_gen_0.sv,82_testbench.py,82_prompt.txt,pass,pass,pass,0.08,16.33,2026-01-26T00:46:28.491577
494,human_eval_test,83,83_gen_0.sv,83_testbench.py,83_prompt.txt,fail,N/A,compilation_failed,0.08,0.00,2026-01-26T00:46:44.953677
495,human_eval_test,84,84_gen_0.sv,84_testbench.py,84_prompt.txt,pass,pass,pass,0.06,15.81,2026-01-26T00:46:45.083648
496,human_eval_test,85,85_gen_0.sv,85_testbench.py,85_prompt.txt,pass,fail,verification_failed,0.06,16.14,2026-01-26T00:47:01.009028
497,human_eval_test,86,86_gen_0.sv,86_testbench.py,86_prompt.txt,fail,N/A,compilation_failed,0.06,0.00,2026-01-26T00:47:17.254863
498,human_eval_test,87,87_gen_0.sv,87_testbench.py,87_prompt.txt,fail,N/A,compilation_failed,0.06,0.00,2026-01-26T00:47:17.372014
499,human_eval_test,88,88_gen_0.sv,88_testbench.py,88_prompt.txt,fail,N/A,compilation_failed,0.06,0.00,2026-01-26T00:47:17.491021
500,human_eval_test,89,89_gen_0.sv,89_testbench.py,89_prompt.txt,pass,fail,verification_failed,0.05,16.55,2026-01-26T00:47:17.610032
501,human_eval_test,9,9_gen_0.sv,9_testbench.py,9_prompt.txt,pass,fail,verification_failed,0.06,15.86,2026-01-26T00:47:34.267601
502,human_eval_test,90,90_gen_0.sv,90_testbench.py,90_prompt.txt,pass,timeout,verification_failed,0.07,305.02,2026-01-26T00:47:50.247261
503,human_eval_test,91,91_gen_0.sv,91_testbench.py,91_prompt.txt,pass,fail,verification_failed,0.07,15.87,2026-01-26T00:52:55.388067
504,human_eval_test,92,92_gen_0.sv,92_testbench.py,92_prompt.txt,pass,fail,verification_failed,0.06,15.67,2026-01-26T00:53:11.403463
505,human_eval_test,94,94_gen_0.sv,94_testbench.py,94_prompt.txt,pass,fail,verification_failed,0.05,16.17,2026-01-26T00:53:27.197036
506,human_eval_test,95,95_gen_0.sv,95_testbench.py,95_prompt.txt,pass,fail,verification_failed,0.07,16.01,2026-01-26T00:53:43.477672
507,human_eval_test,96,96_gen_0.sv,96_testbench.py,96_prompt.txt,pass,fail,verification_failed,0.06,16.62,2026-01-26T00:53:59.615375
508,human_eval_test,97,97_gen_0.sv,97_testbench.py,97_prompt.txt,pass,pass,pass,0.06,16.81,2026-01-26T00:54:16.355490
509,human_eval_test,98,98_gen_0.sv,98_testbench.py,98_prompt.txt,pass,fail,verification_failed,0.07,15.89,2026-01-26T00:54:33.292882
510,mbpp_test,100,100_gen_0.sv,100_testbench.py,100_prompt.txt,fail,N/A,compilation_failed,0.06,0.00,2026-01-26T00:54:49.295423
511,mbpp_test,102,102_gen_0.sv,102_testbench.py,102_prompt.txt,fail,N/A,compilation_failed,0.06,0.00,2026-01-26T00:54:49.415867
512,mbpp_test,104,104_gen_0.sv,104_testbench.py,104_prompt.txt,fail,N/A,compilation_failed,0.07,0.00,2026-01-26T00:54:49.533687
513,mbpp_test,105,105_gen_0.sv,105_testbench.py,105_prompt.txt,pass,pass,pass,0.07,15.93,2026-01-26T00:54:49.665587
514,mbpp_test,109,109_gen_0.sv,109_testbench.py,109_prompt.txt,pass,pass,pass,0.07,15.78,2026-01-26T00:55:05.714002
515,mbpp_test,11,11_gen_0.sv,11_testbench.py,11_prompt.txt,fail,N/A,compilation_failed,0.08,0.00,2026-01-26T00:55:21.611863
516,mbpp_test,111,111_gen_0.sv,111_testbench.py,111_prompt.txt,fail,N/A,compilation_failed,0.05,0.00,2026-01-26T00:55:21.733793
517,mbpp_test,115,115_gen_0.sv,115_testbench.py,115_prompt.txt,fail,N/A,compilation_failed,0.06,0.00,2026-01-26T00:55:21.841686
518,mbpp_test,116,116_gen_0.sv,116_testbench.py,116_prompt.txt,pass,fail,verification_failed,0.06,16.23,2026-01-26T00:55:21.979082
519,mbpp_test,117,117_gen_0.sv,117_testbench.py,117_prompt.txt,pass,fail,verification_failed,0.08,15.81,2026-01-26T00:55:38.324666
520,mbpp_test,119,119_gen_0.sv,119_testbench.py,119_prompt.txt,pass,fail,verification_failed,0.08,15.80,2026-01-26T00:55:54.268835
521,mbpp_test,12,12_gen_0.sv,12_testbench.py,12_prompt.txt,pass,pass,pass,0.07,15.71,2026-01-26T00:56:10.202208
522,mbpp_test,120,120_gen_0.sv,120_testbench.py,120_prompt.txt,fail,N/A,compilation_failed,0.05,0.00,2026-01-26T00:56:26.041289
523,mbpp_test,124,124_gen_0.sv,124_testbench.py,124_prompt.txt,fail,N/A,compilation_failed,0.06,0.00,2026-01-26T00:56:26.148173
524,mbpp_test,125,125_gen_0.sv,125_testbench.py,125_prompt.txt,fail,N/A,compilation_failed,0.07,0.00,2026-01-26T00:56:26.263024
525,mbpp_test,126,126_gen_0.sv,126_testbench.py,126_prompt.txt,pass,fail,verification_failed,0.05,16.14,2026-01-26T00:56:26.397693
526,mbpp_test,127,127_gen_0.sv,127_testbench.py,127_prompt.txt,pass,pass,pass,0.06,15.69,2026-01-26T00:56:42.640179
527,mbpp_test,128,128_gen_0.sv,128_testbench.py,128_prompt.txt,fail,N/A,compilation_failed,0.06,0.00,2026-01-26T00:56:58.466978
528,mbpp_test,129,129_gen_0.sv,129_testbench.py,129_prompt.txt,pass,fail,verification_failed,0.06,15.73,2026-01-26T00:56:58.567096
529,mbpp_test,130,130_gen_0.sv,130_testbench.py,130_prompt.txt,fail,N/A,compilation_failed,0.06,0.00,2026-01-26T00:57:14.421695
530,mbpp_test,133,133_gen_0.sv,133_testbench.py,133_prompt.txt,pass,fail,verification_failed,0.06,16.09,2026-01-26T00:57:14.540556
531,mbpp_test,137,137_gen_0.sv,137_testbench.py,137_prompt.txt,pass,fail,verification_failed,0.06,15.96,2026-01-26T00:57:30.753045
532,mbpp_test,138,138_gen_0.sv,138_testbench.py,138_prompt.txt,pass,pass,pass,0.06,15.90,2026-01-26T00:57:46.844716
533,mbpp_test,139,139_gen_0.sv,139_testbench.py,139_prompt.txt,pass,fail,verification_failed,0.06,15.86,2026-01-26T00:58:02.852999
534,mbpp_test,140,140_gen_0.sv,140_testbench.py,140_prompt.txt,fail,N/A,compilation_failed,0.06,0.00,2026-01-26T00:58:18.853518
535,mbpp_test,142,142_gen_0.sv,142_testbench.py,142_prompt.txt,pass,pass,pass,0.05,16.15,2026-01-26T00:58:18.967708
536,mbpp_test,143,143_gen_0.sv,143_testbench.py,143_prompt.txt,pass,pass,pass,0.05,15.75,2026-01-26T00:58:35.224988
537,mbpp_test,160,160_gen_0.sv,160_testbench.py,160_prompt.txt,pass,pass,pass,0.06,15.76,2026-01-26T00:58:51.076575
538,mbpp_test,161,161_gen_0.sv,161_testbench.py,161_prompt.txt,fail,N/A,compilation_failed,0.09,0.00,2026-01-26T00:59:06.964113
539,mbpp_test,162,162_gen_0.sv,162_testbench.py,162_prompt.txt,pass,pass,pass,0.05,15.72,2026-01-26T00:59:07.098658
540,mbpp_test,165,165_gen_0.sv,165_testbench.py,165_prompt.txt,pass,pass,pass,0.07,16.44,2026-01-26T00:59:22.923465
541,mbpp_test,166,166_gen_0.sv,166_testbench.py,166_prompt.txt,pass,timeout,verification_failed,0.07,305.04,2026-01-26T00:59:39.502962
542,mbpp_test,168,168_gen_0.sv,168_testbench.py,168_prompt.txt,pass,pass,pass,0.09,17.24,2026-01-26T01:04:44.717531
543,mbpp_test,17,17_gen_0.sv,17_testbench.py,17_prompt.txt,pass,pass,pass,0.06,16.17,2026-01-26T01:05:02.158006
544,mbpp_test,170,170_gen_0.sv,170_testbench.py,170_prompt.txt,pass,pass,pass,0.06,16.10,2026-01-26T01:05:18.455423
545,mbpp_test,171,171_gen_0.sv,171_testbench.py,171_prompt.txt,pass,pass,pass,0.05,15.86,2026-01-26T01:05:34.660219
546,mbpp_test,172,172_gen_0.sv,172_testbench.py,172_prompt.txt,fail,N/A,compilation_failed,0.06,0.00,2026-01-26T01:05:50.646601
547,mbpp_test,18,18_gen_0.sv,18_testbench.py,18_prompt.txt,fail,N/A,compilation_failed,0.06,0.00,2026-01-26T01:05:50.767897
548,mbpp_test,222,222_gen_0.sv,222_testbench.py,222_prompt.txt,pass,pass,pass,0.05,16.34,2026-01-26T01:05:50.880629
549,mbpp_test,223,223_gen_0.sv,223_testbench.py,223_prompt.txt,pass,fail,verification_failed,0.07,15.90,2026-01-26T01:06:07.329531
550,mbpp_test,224,224_gen_0.sv,224_testbench.py,224_prompt.txt,pass,pass,pass,0.07,16.11,2026-01-26T01:06:23.356034
551,mbpp_test,226,226_gen_0.sv,226_testbench.py,226_prompt.txt,fail,N/A,compilation_failed,0.07,0.00,2026-01-26T01:06:39.604648
552,mbpp_test,228,228_gen_0.sv,228_testbench.py,228_prompt.txt,pass,fail,verification_failed,0.05,15.74,2026-01-26T01:06:39.723154
553,mbpp_test,229,229_gen_0.sv,229_testbench.py,229_prompt.txt,pass,pass,pass,0.07,15.91,2026-01-26T01:06:55.587255
554,mbpp_test,233,233_gen_0.sv,233_testbench.py,233_prompt.txt,pass,pass,pass,0.06,15.90,2026-01-26T01:07:11.632836
555,mbpp_test,234,234_gen_0.sv,234_testbench.py,234_prompt.txt,pass,pass,pass,0.07,16.30,2026-01-26T01:07:27.655348
556,mbpp_test,235,235_gen_0.sv,235_testbench.py,235_prompt.txt,pass,pass,pass,0.06,15.78,2026-01-26T01:07:44.080772
557,mbpp_test,237,237_gen_0.sv,237_testbench.py,237_prompt.txt,fail,N/A,compilation_failed,0.06,0.00,2026-01-26T01:08:00.006878
558,mbpp_test,238,238_gen_0.sv,238_testbench.py,238_prompt.txt,pass,pass,pass,0.06,15.71,2026-01-26T01:08:00.125238
559,mbpp_test,239,239_gen_0.sv,239_testbench.py,239_prompt.txt,pass,pass,pass,0.06,15.97,2026-01-26T01:08:15.976016
560,mbpp_test,240,240_gen_0.sv,240_testbench.py,240_prompt.txt,pass,fail,verification_failed,0.05,15.70,2026-01-26T01:08:32.072841
561,mbpp_test,242,242_gen_0.sv,242_testbench.py,242_prompt.txt,pass,fail,verification_failed,0.06,15.73,2026-01-26T01:08:47.892977
562,mbpp_test,244,244_gen_0.sv,244_testbench.py,244_prompt.txt,pass,pass,pass,0.07,15.68,2026-01-26T01:09:03.729192
563,mbpp_test,245,245_gen_0.sv,245_testbench.py,245_prompt.txt,fail,N/A,compilation_failed,0.06,0.00,2026-01-26T01:09:19.543219
564,mbpp_test,247,247_gen_0.sv,247_testbench.py,247_prompt.txt,fail,N/A,compilation_failed,0.06,0.00,2026-01-26T01:09:19.658864
565,mbpp_test,250,250_gen_0.sv,250_testbench.py,250_prompt.txt,pass,pass,pass,0.04,16.32,2026-01-26T01:09:19.777986
566,mbpp_test,251,251_gen_0.sv,251_testbench.py,251_prompt.txt,fail,N/A,compilation_failed,0.08,0.00,2026-01-26T01:09:36.198737
567,mbpp_test,252,252_gen_0.sv,252_testbench.py,252_prompt.txt,fail,N/A,compilation_failed,0.05,0.00,2026-01-26T01:09:36.381320
568,mbpp_test,255,255_gen_0.sv,255_testbench.py,255_prompt.txt,fail,N/A,compilation_failed,0.07,0.00,2026-01-26T01:09:36.484981
569,mbpp_test,256,256_gen_0.sv,256_testbench.py,256_prompt.txt,pass,fail,verification_failed,0.06,15.81,2026-01-26T01:09:36.618610
570,mbpp_test,257,257_gen_0.sv,257_testbench.py,257_prompt.txt,pass,pass,pass,0.07,15.86,2026-01-26T01:09:52.553466
571,mbpp_test,259,259_gen_0.sv,259_testbench.py,259_prompt.txt,pass,fail,verification_failed,0.07,15.83,2026-01-26T01:10:08.547055
572,mbpp_test,260,260_gen_0.sv,260_testbench.py,260_prompt.txt,pass,pass,pass,0.07,16.15,2026-01-26T01:10:24.506829
573,mbpp_test,261,261_gen_0.sv,261_testbench.py,261_prompt.txt,fail,N/A,compilation_failed,0.06,0.00,2026-01-26T01:10:40.792922
574,mbpp_test,262,262_gen_0.sv,262_testbench.py,262_prompt.txt,fail,N/A,compilation_failed,0.06,0.00,2026-01-26T01:10:40.909805
575,mbpp_test,265,265_gen_0.sv,265_testbench.py,265_prompt.txt,pass,fail,verification_failed,0.07,15.80,2026-01-26T01:10:41.044623
576,mbpp_test,268,268_gen_0.sv,268_testbench.py,268_prompt.txt,pass,pass,pass,0.06,17.14,2026-01-26T01:10:56.966754
577,mbpp_test,270,270_gen_0.sv,270_testbench.py,270_prompt.txt,pass,pass,pass,0.07,16.92,2026-01-26T01:11:14.225247
578,mbpp_test,271,271_gen_0.sv,271_testbench.py,271_prompt.txt,pass,fail,verification_failed,0.08,16.36,2026-01-26T01:11:31.286467
579,mbpp_test,272,272_gen_0.sv,272_testbench.py,272_prompt.txt,pass,fail,verification_failed,0.07,16.59,2026-01-26T01:11:47.777043
580,mbpp_test,273,273_gen_0.sv,273_testbench.py,273_prompt.txt,pass,pass,pass,0.09,16.54,2026-01-26T01:12:04.504396
581,mbpp_test,276,276_gen_0.sv,276_testbench.py,276_prompt.txt,fail,N/A,compilation_failed,0.06,0.00,2026-01-26T01:12:21.221639
582,mbpp_test,277,277_gen_0.sv,277_testbench.py,277_prompt.txt,fail,N/A,compilation_failed,0.06,0.00,2026-01-26T01:12:21.337744
583,mbpp_test,278,278_gen_0.sv,278_testbench.py,278_prompt.txt,pass,fail,verification_failed,0.06,16.51,2026-01-26T01:12:21.475183
584,mbpp_test,279,279_gen_0.sv,279_testbench.py,279_prompt.txt,pass,pass,pass,0.07,16.23,2026-01-26T01:12:38.121814
585,mbpp_test,280,280_gen_0.sv,280_testbench.py,280_prompt.txt,pass,fail,verification_failed,0.06,16.27,2026-01-26T01:12:54.475860
586,mbpp_test,282,282_gen_0.sv,282_testbench.py,282_prompt.txt,pass,fail,verification_failed,0.07,16.24,2026-01-26T01:13:10.882900
587,mbpp_test,283,283_gen_0.sv,283_testbench.py,283_prompt.txt,pass,fail,verification_failed,0.09,16.73,2026-01-26T01:13:27.260825
588,mbpp_test,284,284_gen_0.sv,284_testbench.py,284_prompt.txt,pass,pass,pass,0.06,16.16,2026-01-26T01:13:44.139474
589,mbpp_test,285,285_gen_0.sv,285_testbench.py,285_prompt.txt,fail,N/A,compilation_failed,0.06,0.00,2026-01-26T01:14:00.418965
590,mbpp_test,286,286_gen_0.sv,286_testbench.py,286_prompt.txt,fail,N/A,compilation_failed,0.06,0.00,2026-01-26T01:14:00.550036
591,mbpp_test,287,287_gen_0.sv,287_testbench.py,287_prompt.txt,pass,fail,verification_failed,0.07,15.98,2026-01-26T01:14:00.682259
592,mbpp_test,290,290_gen_0.sv,290_testbench.py,290_prompt.txt,pass,fail,verification_failed,0.06,16.89,2026-01-26T01:14:16.803923
593,mbpp_test,291,291_gen_0.sv,291_testbench.py,291_prompt.txt,pass,pass,pass,0.07,15.90,2026-01-26T01:14:33.823608
594,mbpp_test,88,88_gen_0.sv,88_testbench.py,88_prompt.txt,pass,pass,pass,0.11,31.06,2026-01-26T10:46:49.044601
595,mbpp_test,91,91_gen_0.sv,91_testbench.py,91_prompt.txt,pass,fail,verification_failed,0.11,18.63,2026-01-26T10:47:20.389310
596,mbpp_test,92,92_gen_0.sv,92_testbench.py,92_prompt.txt,pass,fail,verification_failed,0.06,38.15,2026-01-26T10:47:39.220610
597,mbpp_test,93,93_gen_0.sv,93_testbench.py,93_prompt.txt,pass,error,verification_failed,0.12,10.02,2026-01-26T10:48:17.558989
598,mbpp_test,94,94_gen_0.sv,94_testbench.py,94_prompt.txt,pass,error,verification_failed,0.09,10.02,2026-01-26T10:48:27.821329
599,mbpp_test,96,96_gen_0.sv,96_testbench.py,96_prompt.txt,pass,pass,pass,0.10,39.85,2026-01-26T10:48:38.060037
600,mbpp_test,97,97_gen_0.sv,97_testbench.py,97_prompt.txt,fail,N/A,compilation_failed,0.09,0.00,2026-01-26T10:49:18.138161
601,mbpp_test,98,98_gen_0.sv,98_testbench.py,98_prompt.txt,fail,N/A,compilation_failed,0.08,0.00,2026-01-26T10:49:18.341837
602,mbpp_test,99,99_gen_0.sv,99_testbench.py,99_prompt.txt,pass,fail,verification_failed,0.08,25.89,2026-01-26T10:49:18.535286
603,mbpp_train,602,602_gen_0.sv,602_testbench.py,602_prompt.txt,pass,pass,pass,0.07,23.69,2026-01-26T10:49:44.609123
604,mbpp_train,603,603_gen_0.sv,603_testbench.py,603_prompt.txt,fail,N/A,compilation_failed,0.08,0.00,2026-01-26T10:50:08.483679
605,mbpp_train,604,604_gen_0.sv,604_testbench.py,604_prompt.txt,fail,N/A,compilation_failed,0.07,0.00,2026-01-26T10:50:08.679523
606,mbpp_train,605,605_gen_0.sv,605_testbench.py,605_prompt.txt,pass,pass,pass,0.08,24.28,2026-01-26T10:50:08.876100
607,mbpp_train,606,606_gen_0.sv,606_testbench.py,606_prompt.txt,pass,fail,verification_failed,0.09,23.24,2026-01-26T10:50:33.346121
608,mbpp_train,607,607_gen_0.sv,607_testbench.py,607_prompt.txt,fail,N/A,compilation_failed,0.07,0.00,2026-01-26T10:50:56.800260
609,mbpp_train,608,608_gen_0.sv,608_testbench.py,608_prompt.txt,pass,pass,pass,0.07,26.05,2026-01-26T10:50:56.979419
610,mbpp_train,610,610_gen_0.sv,610_testbench.py,610_prompt.txt,fail,N/A,compilation_failed,0.07,0.00,2026-01-26T10:51:23.200169
611,mbpp_train,611,611_gen_0.sv,611_testbench.py,611_prompt.txt,fail,N/A,compilation_failed,0.08,0.00,2026-01-26T10:51:23.372348
612,mbpp_train,612,612_gen_0.sv,612_testbench.py,612_prompt.txt,fail,N/A,compilation_failed,0.08,0.00,2026-01-26T10:51:23.546192
613,mbpp_train,614,614_gen_0.sv,614_testbench.py,614_prompt.txt,pass,fail,verification_failed,0.08,23.88,2026-01-26T10:51:23.712614
614,mbpp_train,615,615_gen_0.sv,615_testbench.py,615_prompt.txt,pass,pass,pass,0.08,24.73,2026-01-26T10:51:47.787640
615,mbpp_train,616,616_gen_0.sv,616_testbench.py,616_prompt.txt,pass,pass,pass,0.08,24.58,2026-01-26T10:52:12.701504
616,mbpp_train,617,617_gen_0.sv,617_testbench.py,617_prompt.txt,pass,fail,verification_failed,0.08,23.01,2026-01-26T10:52:37.485787
617,mbpp_train,618,618_gen_0.sv,618_testbench.py,618_prompt.txt,pass,fail,verification_failed,0.08,22.77,2026-01-26T10:53:00.688948
618,mbpp_train,619,619_gen_0.sv,619_testbench.py,619_prompt.txt,fail,N/A,compilation_failed,0.08,0.00,2026-01-26T10:53:23.680136
619,mbpp_train,620,620_gen_0.sv,620_testbench.py,620_prompt.txt,pass,pass,pass,0.09,22.83,2026-01-26T10:53:23.903052
620,mbpp_train,622,622_gen_0.sv,622_testbench.py,622_prompt.txt,pass,pass,pass,0.09,21.89,2026-01-26T10:53:46.929784
621,mbpp_train,623,623_gen_0.sv,623_testbench.py,623_prompt.txt,fail,N/A,compilation_failed,0.11,0.00,2026-01-26T10:54:09.029420
622,mbpp_train,624,624_gen_0.sv,624_testbench.py,624_prompt.txt,pass,pass,pass,0.10,23.19,2026-01-26T10:54:09.270661
623,mbpp_train,625,625_gen_0.sv,625_testbench.py,625_prompt.txt,pass,fail,verification_failed,0.08,22.80,2026-01-26T10:54:32.649850
624,mbpp_train,626,626_gen_0.sv,626_testbench.py,626_prompt.txt,pass,fail,verification_failed,0.07,24.97,2026-01-26T10:54:55.613707
625,mbpp_train,627,627_gen_0.sv,627_testbench.py,627_prompt.txt,pass,pass,pass,0.09,22.24,2026-01-26T10:55:20.766314
626,mbpp_train,628,628_gen_0.sv,628_testbench.py,628_prompt.txt,fail,N/A,compilation_failed,0.06,0.00,2026-01-26T10:55:43.224499
627,mbpp_train,629,629_gen_0.sv,629_testbench.py,629_prompt.txt,fail,N/A,compilation_failed,0.07,0.00,2026-01-26T10:55:43.382917
628,mbpp_train,630,630_gen_0.sv,630_testbench.py,630_prompt.txt,pass,pass,pass,0.07,23.40,2026-01-26T10:55:43.552215
629,mbpp_train,631,631_gen_0.sv,631_testbench.py,631_prompt.txt,pass,fail,verification_failed,0.09,29.14,2026-01-26T10:56:07.182925
630,mbpp_train,632,632_gen_0.sv,632_testbench.py,632_prompt.txt,fail,N/A,compilation_failed,0.07,0.00,2026-01-26T10:56:36.541070
631,mbpp_train,633,633_gen_0.sv,633_testbench.py,633_prompt.txt,fail,N/A,compilation_failed,0.08,0.00,2026-01-26T10:56:36.732710
632,mbpp_train,635,635_gen_0.sv,635_testbench.py,635_prompt.txt,fail,N/A,compilation_failed,0.07,0.00,2026-01-26T10:56:36.949442
633,mbpp_train,637,637_gen_0.sv,637_testbench.py,637_prompt.txt,pass,pass,pass,0.08,25.10,2026-01-26T10:56:37.124477
634,mbpp_train,638,638_gen_0.sv,638_testbench.py,638_prompt.txt,fail,N/A,compilation_failed,0.09,0.00,2026-01-26T10:57:02.434848
635,mbpp_train,639,639_gen_0.sv,639_testbench.py,639_prompt.txt,fail,N/A,compilation_failed,0.10,0.00,2026-01-26T10:57:02.670351
636,mbpp_train,640,640_gen_0.sv,640_testbench.py,640_prompt.txt,fail,N/A,compilation_failed,0.09,0.00,2026-01-26T10:57:02.926667
637,mbpp_train,641,641_gen_0.sv,641_testbench.py,641_prompt.txt,pass,pass,pass,0.12,24.62,2026-01-26T10:57:03.180955
638,mbpp_train,643,643_gen_0.sv,643_testbench.py,643_prompt.txt,pass,fail,verification_failed,0.08,22.95,2026-01-26T10:57:28.065969
639,mbpp_train,644,644_gen_0.sv,644_testbench.py,644_prompt.txt,pass,fail,verification_failed,0.07,22.82,2026-01-26T10:57:51.216021
640,mbpp_train,720,720_gen_0.sv,720_testbench.py,720_prompt.txt,pass,pass,pass,0.08,22.40,2026-01-26T10:58:14.240862
641,mbpp_train,721,721_gen_0.sv,721_testbench.py,721_prompt.txt,fail,N/A,compilation_failed,0.08,0.00,2026-01-26T10:58:36.840985
642,mbpp_train,722,722_gen_0.sv,722_testbench.py,722_prompt.txt,fail,N/A,compilation_failed,0.07,0.00,2026-01-26T10:58:37.036803
643,mbpp_train,723,723_gen_0.sv,723_testbench.py,723_prompt.txt,pass,fail,verification_failed,0.06,22.38,2026-01-26T10:58:37.232828
644,mbpp_train,724,724_gen_0.sv,724_testbench.py,724_prompt.txt,pass,timeout,verification_failed,0.07,307.08,2026-01-26T10:58:59.782332
645,mbpp_train,725,725_gen_0.sv,725_testbench.py,725_prompt.txt,fail,N/A,compilation_failed,0.13,0.00,2026-01-26T11:04:07.085914
646,mbpp_train,726,726_gen_0.sv,726_testbench.py,726_prompt.txt,pass,fail,verification_failed,0.11,24.52,2026-01-26T11:04:07.407918
647,mbpp_train,728,728_gen_0.sv,728_testbench.py,728_prompt.txt,fail,N/A,compilation_failed,0.09,0.00,2026-01-26T11:04:32.167004
648,mbpp_train,730,730_gen_0.sv,730_testbench.py,730_prompt.txt,fail,N/A,compilation_failed,0.09,0.00,2026-01-26T11:04:32.356066
649,mbpp_train,731,731_gen_0.sv,731_testbench.py,731_prompt.txt,fail,N/A,compilation_failed,0.08,0.00,2026-01-26T11:04:32.538014
650,mbpp_train,732,732_gen_0.sv,732_testbench.py,732_prompt.txt,pass,fail,verification_failed,0.09,22.22,2026-01-26T11:04:32.707673
651,mbpp_train,733,733_gen_0.sv,733_testbench.py,733_prompt.txt,pass,pass,pass,0.08,22.88,2026-01-26T11:04:55.112203
652,mbpp_train,734,734_gen_0.sv,734_testbench.py,734_prompt.txt,pass,pass,pass,0.07,21.46,2026-01-26T11:05:18.174898
653,mbpp_train,735,735_gen_0.sv,735_testbench.py,735_prompt.txt,pass,pass,pass,0.11,22.21,2026-01-26T11:05:39.790518
654,mbpp_train,736,736_gen_0.sv,736_testbench.py,736_prompt.txt,pass,pass,pass,0.08,22.35,2026-01-26T11:06:02.257275
655,mbpp_train,737,737_gen_0.sv,737_testbench.py,737_prompt.txt,pass,fail,verification_failed,0.06,20.70,2026-01-26T11:06:24.781400
656,mbpp_train,738,738_gen_0.sv,738_testbench.py,738_prompt.txt,pass,pass,pass,0.07,21.39,2026-01-26T11:06:45.661645
657,mbpp_train,739,739_gen_0.sv,739_testbench.py,739_prompt.txt,pass,pass,pass,0.09,22.80,2026-01-26T11:07:07.231893
658,mbpp_train,740,740_gen_0.sv,740_testbench.py,740_prompt.txt,pass,fail,verification_failed,0.07,25.39,2026-01-26T11:07:30.247492
659,mbpp_train,741,741_gen_0.sv,741_testbench.py,741_prompt.txt,pass,pass,pass,0.09,25.95,2026-01-26T11:07:55.842431
660,mbpp_train,742,742_gen_0.sv,742_testbench.py,742_prompt.txt,fail,N/A,compilation_failed,0.09,0.00,2026-01-26T11:08:22.040802
661,mbpp_train,743,743_gen_0.sv,743_testbench.py,743_prompt.txt,pass,pass,pass,0.09,24.83,2026-01-26T11:08:22.268020
662,mbpp_train,744,744_gen_0.sv,744_testbench.py,744_prompt.txt,pass,pass,pass,0.09,24.22,2026-01-26T11:08:47.320175
663,mbpp_train,745,745_gen_0.sv,745_testbench.py,745_prompt.txt,pass,pass,pass,0.08,21.09,2026-01-26T11:09:11.759553
664,mbpp_train,746,746_gen_0.sv,746_testbench.py,746_prompt.txt,pass,fail,verification_failed,0.07,24.37,2026-01-26T11:09:33.033226
665,mbpp_train,747,747_gen_0.sv,747_testbench.py,747_prompt.txt,pass,fail,verification_failed,0.07,25.68,2026-01-26T11:09:57.617243
666,mbpp_train,748,748_gen_0.sv,748_testbench.py,748_prompt.txt,fail,N/A,compilation_failed,0.08,0.00,2026-01-26T11:10:23.526728
667,mbpp_train,749,749_gen_0.sv,749_testbench.py,749_prompt.txt,pass,pass,pass,0.09,23.69,2026-01-26T11:10:23.738720
668,mbpp_train,750,750_gen_0.sv,750_testbench.py,750_prompt.txt,pass,fail,verification_failed,0.06,39.16,2026-01-26T11:10:47.622446
669,mbpp_train,751,751_gen_0.sv,751_testbench.py,751_prompt.txt,pass,error,verification_failed,0.12,10.03,2026-01-26T11:11:27.031459
670,mbpp_train,752,752_gen_0.sv,752_testbench.py,752_prompt.txt,pass,pass,pass,0.11,31.55,2026-01-26T11:11:37.328751
671,mbpp_train,753,753_gen_0.sv,753_testbench.py,753_prompt.txt,pass,error,verification_failed,0.12,10.12,2026-01-26T11:12:09.142834
672,mbpp_train,754,754_gen_0.sv,754_testbench.py,754_prompt.txt,pass,error,verification_failed,0.15,10.01,2026-01-26T11:12:19.561028
673,mbpp_train,755,755_gen_0.sv,755_testbench.py,755_prompt.txt,pass,fail,verification_failed,0.16,33.47,2026-01-26T11:12:29.892049
674,mbpp_train,756,756_gen_0.sv,756_testbench.py,756_prompt.txt,pass,fail,verification_failed,0.10,28.77,2026-01-26T11:13:03.679037
675,mbpp_train,757,757_gen_0.sv,757_testbench.py,757_prompt.txt,pass,fail,verification_failed,0.08,29.63,2026-01-26T11:13:32.692100
676,mbpp_train,758,758_gen_0.sv,758_testbench.py,758_prompt.txt,fail,N/A,compilation_failed,0.10,0.00,2026-01-26T11:14:02.580267
677,mbpp_train,759,759_gen_0.sv,759_testbench.py,759_prompt.txt,pass,error,verification_failed,0.10,10.03,2026-01-26T11:14:02.848343
678,mbpp_train,760,760_gen_0.sv,760_testbench.py,760_prompt.txt,pass,error,verification_failed,0.09,10.02,2026-01-26T11:14:13.144130
679,mbpp_train,762,762_gen_0.sv,762_testbench.py,762_prompt.txt,pass,pass,pass,0.09,32.11,2026-01-26T11:14:23.425237
680,mbpp_train,763,763_gen_0.sv,763_testbench.py,763_prompt.txt,fail,N/A,compilation_failed,0.10,0.00,2026-01-26T11:14:55.743962
681,mbpp_train,764,764_gen_0.sv,764_testbench.py,764_prompt.txt,pass,fail,verification_failed,0.14,21.65,2026-01-26T11:55:46.517447
682,mbpp_train,765,765_gen_0.sv,765_testbench.py,765_prompt.txt,pass,fail,verification_failed,0.06,19.98,2026-01-26T11:56:08.604929
683,mbpp_train,766,766_gen_0.sv,766_testbench.py,766_prompt.txt,pass,fail,verification_failed,0.06,26.22,2026-01-26T11:57:17.879850
684,mbpp_train,767,767_gen_0.sv,767_testbench.py,767_prompt.txt,fail,N/A,compilation_failed,0.06,0.00,2026-01-26T11:57:44.276886
685,mbpp_train,769,769_gen_0.sv,769_testbench.py,769_prompt.txt,pass,timeout,verification_failed,0.05,305.57,2026-01-26T11:57:44.458462
686,mbpp_train,770,770_gen_0.sv,770_testbench.py,770_prompt.txt,pass,pass,pass,0.13,30.27,2026-01-26T12:02:50.859687
687,mbpp_train,771,771_gen_0.sv,771_testbench.py,771_prompt.txt,pass,pass,pass,0.07,17.75,2026-01-26T12:03:22.045611
688,mbpp_train,772,772_gen_0.sv,772_testbench.py,772_prompt.txt,pass,fail,verification_failed,0.07,17.51,2026-01-26T12:03:39.983785
689,mbpp_train,773,773_gen_0.sv,773_testbench.py,773_prompt.txt,fail,N/A,compilation_failed,0.07,0.00,2026-01-26T12:03:57.705362
690,mbpp_train,775,775_gen_0.sv,775_testbench.py,775_prompt.txt,pass,pass,pass,0.07,17.68,2026-01-26T12:03:57.907716
691,mbpp_train,776,776_gen_0.sv,776_testbench.py,776_prompt.txt,fail,N/A,compilation_failed,0.06,0.00,2026-01-26T12:04:15.848608
692,mbpp_train,777,777_gen_0.sv,777_testbench.py,777_prompt.txt,pass,pass,pass,0.05,17.87,2026-01-26T12:04:16.044914
693,mbpp_train,778,778_gen_0.sv,778_testbench.py,778_prompt.txt,fail,N/A,compilation_failed,0.06,0.00,2026-01-26T12:04:34.089966
694,mbpp_train,779,779_gen_0.sv,779_testbench.py,779_prompt.txt,fail,N/A,compilation_failed,0.06,0.00,2026-01-26T12:04:34.292858
695,mbpp_train,780,780_gen_0.sv,780_testbench.py,780_prompt.txt,fail,N/A,compilation_failed,0.06,0.00,2026-01-26T12:04:34.492566
696,mbpp_train,781,781_gen_0.sv,781_testbench.py,781_prompt.txt,pass,pass,pass,0.06,17.46,2026-01-26T12:04:34.692090
697,mbpp_train,782,782_gen_0.sv,782_testbench.py,782_prompt.txt,pass,fail,verification_failed,0.07,17.90,2026-01-26T12:04:52.361287
698,mbpp_train,783,783_gen_0.sv,783_testbench.py,783_prompt.txt,pass,fail,verification_failed,0.07,18.45,2026-01-26T12:05:10.447994
699,mbpp_train,784,784_gen_0.sv,784_testbench.py,784_prompt.txt,pass,pass,pass,0.06,17.70,2026-01-26T12:05:29.102858
700,mbpp_train,785,785_gen_0.sv,785_testbench.py,785_prompt.txt,pass,fail,verification_failed,0.10,17.64,2026-01-26T12:05:47.014958
701,mbpp_train,786,786_gen_0.sv,786_testbench.py,786_prompt.txt,pass,fail,verification_failed,0.06,18.37,2026-01-26T12:06:04.871268
702,mbpp_train,787,787_gen_0.sv,787_testbench.py,787_prompt.txt,pass,pass,pass,0.07,20.26,2026-01-26T12:06:23.435730
703,mbpp_train,788,788_gen_0.sv,788_testbench.py,788_prompt.txt,pass,pass,pass,0.06,20.01,2026-01-26T12:06:43.918281
704,mbpp_train,790,790_gen_0.sv,790_testbench.py,790_prompt.txt,pass,fail,verification_failed,0.06,23.29,2026-01-26T12:07:04.445561
705,mbpp_train,791,791_gen_0.sv,791_testbench.py,791_prompt.txt,pass,pass,pass,0.08,19.50,2026-01-26T12:07:27.914318
706,mbpp_train,792,792_gen_0.sv,792_testbench.py,792_prompt.txt,fail,N/A,compilation_failed,0.05,0.00,2026-01-26T12:07:47.652423
707,mbpp_train,793,793_gen_0.sv,793_testbench.py,793_prompt.txt,pass,pass,pass,0.05,17.59,2026-01-26T12:07:47.828148
708,mbpp_train,794,794_gen_0.sv,794_testbench.py,794_prompt.txt,fail,N/A,compilation_failed,0.06,0.00,2026-01-26T12:08:05.608581
709,mbpp_train,796,796_gen_0.sv,796_testbench.py,796_prompt.txt,pass,pass,pass,0.05,17.86,2026-01-26T12:08:05.802054
710,mbpp_train,797,797_gen_0.sv,797_testbench.py,797_prompt.txt,pass,pass,pass,0.05,17.50,2026-01-26T12:08:23.850736
711,mbpp_train,798,798_gen_0.sv,798_testbench.py,798_prompt.txt,pass,pass,pass,0.07,17.28,2026-01-26T12:08:41.546744
712,mbpp_train,799,799_gen_0.sv,799_testbench.py,799_prompt.txt,pass,pass,pass,0.05,17.34,2026-01-26T12:08:59.012369
713,mbpp_train,800,800_gen_0.sv,800_testbench.py,800_prompt.txt,fail,N/A,compilation_failed,0.07,0.00,2026-01-26T12:09:16.549782
714,mbpp_train,801,801_gen_0.sv,801_testbench.py,801_prompt.txt,pass,fail,verification_failed,0.06,17.60,2026-01-26T12:09:16.754366
715,mbpp_train,802,802_gen_0.sv,802_testbench.py,802_prompt.txt,fail,N/A,compilation_failed,0.06,0.00,2026-01-26T12:09:34.550599
716,mbpp_train,803,803_gen_0.sv,803_testbench.py,803_prompt.txt,pass,pass,pass,0.06,17.40,2026-01-26T12:09:34.754214
717,mbpp_train,804,804_gen_0.sv,804_testbench.py,804_prompt.txt,pass,fail,verification_failed,0.07,17.29,2026-01-26T12:09:52.341248
718,mbpp_train,805,805_gen_0.sv,805_testbench.py,805_prompt.txt,fail,N/A,compilation_failed,0.05,0.00,2026-01-26T12:10:09.826157
719,mbpp_train,806,806_gen_0.sv,806_testbench.py,806_prompt.txt,pass,fail,verification_failed,0.06,17.75,2026-01-26T12:10:10.014427
720,mbpp_train,807,807_gen_0.sv,807_testbench.py,807_prompt.txt,pass,pass,pass,0.06,17.50,2026-01-26T12:10:27.967549
721,mbpp_train,808,808_gen_0.sv,808_testbench.py,808_prompt.txt,pass,pass,pass,0.06,17.81,2026-01-26T12:10:45.666815
722,mbpp_train,809,809_gen_0.sv,809_testbench.py,809_prompt.txt,pass,pass,pass,0.07,19.21,2026-01-26T12:11:03.687342
723,mbpp_validation,554,554_gen_0.sv,554_testbench.py,554_prompt.txt,pass,pass,pass,0.07,18.81,2026-01-26T12:11:23.099361
724,mbpp_validation,555,555_gen_0.sv,555_testbench.py,555_prompt.txt,pass,fail,verification_failed,0.06,18.47,2026-01-26T12:11:42.116231
725,mbpp_validation,556,556_gen_0.sv,556_testbench.py,556_prompt.txt,pass,fail,verification_failed,0.08,18.35,2026-01-26T12:12:00.783136
726,mbpp_validation,558,558_gen_0.sv,558_testbench.py,558_prompt.txt,pass,fail,verification_failed,0.06,17.77,2026-01-26T12:12:19.364043
727,mbpp_validation,560,560_gen_0.sv,560_testbench.py,560_prompt.txt,pass,pass,pass,0.05,17.64,2026-01-26T12:12:37.326721
728,mbpp_validation,562,562_gen_0.sv,562_testbench.py,562_prompt.txt,pass,fail,verification_failed,0.06,17.18,2026-01-26T12:12:55.161293
729,mbpp_validation,563,563_gen_0.sv,563_testbench.py,563_prompt.txt,pass,pass,pass,0.06,17.66,2026-01-26T12:13:12.509501
730,mbpp_validation,564,564_gen_0.sv,564_testbench.py,564_prompt.txt,pass,pass,pass,0.06,17.84,2026-01-26T12:13:30.361776
731,mbpp_validation,565,565_gen_0.sv,565_testbench.py,565_prompt.txt,fail,N/A,compilation_failed,0.06,0.00,2026-01-26T12:13:48.377086
732,mbpp_validation,566,566_gen_0.sv,566_testbench.py,566_prompt.txt,pass,pass,pass,0.05,17.75,2026-01-26T12:13:48.589893
733,mbpp_validation,567,567_gen_0.sv,567_testbench.py,567_prompt.txt,pass,fail,verification_failed,0.05,17.63,2026-01-26T12:14:06.518753
734,mbpp_validation,568,568_gen_0.sv,568_testbench.py,568_prompt.txt,fail,N/A,compilation_failed,0.07,0.00,2026-01-26T12:14:24.324232
735,mbpp_validation,569,569_gen_0.sv,569_testbench.py,569_prompt.txt,fail,N/A,compilation_failed,0.07,0.00,2026-01-26T12:14:24.529294
736,mbpp_validation,573,573_gen_0.sv,573_testbench.py,573_prompt.txt,pass,pass,pass,0.06,17.38,2026-01-26T12:14:24.721880
737,mbpp_validation,574,574_gen_0.sv,574_testbench.py,574_prompt.txt,pass,pass,pass,0.06,17.53,2026-01-26T12:14:42.285353
738,mbpp_validation,576,576_gen_0.sv,576_testbench.py,576_prompt.txt,pass,pass,pass,0.05,18.23,2026-01-26T12:15:00.012768
739,mbpp_validation,578,578_gen_0.sv,578_testbench.py,578_prompt.txt,pass,fail,verification_failed,0.07,18.00,2026-01-26T12:15:18.481257
740,mbpp_validation,579,579_gen_0.sv,579_testbench.py,579_prompt.txt,pass,pass,pass,0.07,35.51,2026-01-26T12:15:36.690133
741,mbpp_validation,580,580_gen_0.sv,580_testbench.py,580_prompt.txt,fail,N/A,compilation_failed,0.07,0.00,2026-01-26T12:16:12.406128
742,mbpp_validation,581,581_gen_0.sv,581_testbench.py,581_prompt.txt,pass,pass,pass,0.06,26.68,2026-01-26T12:16:12.598932
743,mbpp_validation,582,582_gen_0.sv,582_testbench.py,582_prompt.txt,fail,N/A,compilation_failed,0.05,0.00,2026-01-26T12:16:39.466980
744,mbpp_validation,584,584_gen_0.sv,584_testbench.py,584_prompt.txt,pass,fail,verification_failed,0.06,18.26,2026-01-26T12:16:39.637457
745,mbpp_validation,585,585_gen_0.sv,585_testbench.py,585_prompt.txt,pass,fail,verification_failed,0.06,17.61,2026-01-26T12:16:58.110261
746,mbpp_validation,586,586_gen_0.sv,586_testbench.py,586_prompt.txt,pass,pass,pass,0.07,18.41,2026-01-26T12:17:15.920146
747,mbpp_validation,588,588_gen_0.sv,588_testbench.py,588_prompt.txt,pass,pass,pass,0.07,17.87,2026-01-26T12:17:34.526112
748,mbpp_validation,589,589_gen_0.sv,589_testbench.py,589_prompt.txt,fail,N/A,compilation_failed,0.06,0.00,2026-01-26T12:17:52.595534
749,mbpp_validation,590,590_gen_0.sv,590_testbench.py,590_prompt.txt,pass,fail,verification_failed,0.08,18.03,2026-01-26T12:17:52.796532
750,mbpp_validation,591,591_gen_0.sv,591_testbench.py,591_prompt.txt,pass,fail,verification_failed,0.06,18.11,2026-01-26T12:18:11.020419
751,mbpp_validation,592,592_gen_0.sv,592_testbench.py,592_prompt.txt,fail,N/A,compilation_failed,0.06,0.00,2026-01-26T12:18:29.333685
752,mbpp_validation,593,593_gen_0.sv,593_testbench.py,593_prompt.txt,pass,fail,verification_failed,0.06,17.65,2026-01-26T12:18:29.537494
753,mbpp_validation,594,594_gen_0.sv,594_testbench.py,594_prompt.txt,fail,N/A,compilation_failed,0.06,0.00,2026-01-26T12:18:47.384171
754,mbpp_validation,595,595_gen_0.sv,595_testbench.py,595_prompt.txt,pass,pass,pass,0.07,17.75,2026-01-26T12:18:47.575386
755,mbpp_validation,597,597_gen_0.sv,597_testbench.py,597_prompt.txt,fail,N/A,compilation_failed,0.05,0.00,2026-01-26T12:19:05.540555
756,mbpp_validation,598,598_gen_0.sv,598_testbench.py,598_prompt.txt,pass,pass,pass,0.06,17.86,2026-01-26T12:19:05.722705
