task_id,source,iteration,input_tokens,output_tokens,reasoning_tokens,verilog_file,model_name,finish_reason,system_fingerprint,run_id
414,mbpp_test,0,594,282,0,C:\Users\durgamaniryudh\Desktop\Learn\llm_eval\test\mbpp_test\414\414_gen_0.sv,xiaomi/mimo-v2-flash:free,stop,,gen-1766301229-yZoGSTPV3bdemq3EArvO
581,mbpp_validation,0,531,392,0,C:\Users\durgamaniryudh\Desktop\Learn\llm_eval\test\mbpp_validation\581\581_gen_0.sv,xiaomi/mimo-v2-flash:free,stop,,gen-1766301229-A3Y3ucM8V5YLUN9vBWLf
249,mbpp_test,0,682,464,0,C:\Users\durgamaniryudh\Desktop\Learn\llm_eval\test\mbpp_test\249\249_gen_0.sv,xiaomi/mimo-v2-flash:free,stop,,gen-1766301232-txsSeoXd7R8dB8uDIEDa
420,mbpp_test,0,617,1154,0,C:\Users\durgamaniryudh\Desktop\Learn\llm_eval\test\mbpp_test\420\420_gen_0.sv,xiaomi/mimo-v2-flash:free,stop,,gen-1766301229-zK8b8enz850fWmm1bxB3
583,mbpp_validation,0,647,1016,0,C:\Users\durgamaniryudh\Desktop\Learn\llm_eval\test\mbpp_validation\583\583_gen_0.sv,xiaomi/mimo-v2-flash:free,stop,,gen-1766301229-8nXE0lUmfB8UyuuIpeog
237,mbpp_test,0,1313,1498,0,C:\Users\durgamaniryudh\Desktop\Learn\llm_eval\test\mbpp_test\237\237_gen_0.sv,xiaomi/mimo-v2-flash:free,stop,,gen-1766301229-wTVz3biFjpi7XsQS3Vrw
580,mbpp_validation,0,656,1033,0,C:\Users\durgamaniryudh\Desktop\Learn\llm_eval\test\mbpp_validation\580\580_gen_0.sv,xiaomi/mimo-v2-flash:free,stop,,gen-1766301234-XNM3ixOWzyI2TaRdJPK3
419,mbpp_test,0,664,914,0,C:\Users\durgamaniryudh\Desktop\Learn\llm_eval\test\mbpp_test\419\419_gen_0.sv,xiaomi/mimo-v2-flash:free,stop,,gen-1766301239-KCUMSkaiaPiIbBzjPD5C
584,mbpp_validation,0,640,1215,0,C:\Users\durgamaniryudh\Desktop\Learn\llm_eval\test\mbpp_validation\584\584_gen_0.sv,xiaomi/mimo-v2-flash:free,stop,,gen-1766301240-53i0SRP0JTHIuuoKWOkw
257,mbpp_test,0,428,80,0,C:\Users\durgamaniryudh\Desktop\Learn\llm_eval\test\mbpp_test\257\257_gen_0.sv,xiaomi/mimo-v2-flash:free,stop,,gen-1766301251-RA0b5CcMBdQANy8G6fuh
422,mbpp_test,0,631,771,0,C:\Users\durgamaniryudh\Desktop\Learn\llm_eval\test\mbpp_test\422\422_gen_0.sv,xiaomi/mimo-v2-flash:free,stop,,gen-1766301247-707C2GgWYDbTuM9QUGc5
578,mbpp_validation,0,789,1014,0,C:\Users\durgamaniryudh\Desktop\Learn\llm_eval\test\mbpp_validation\578\578_gen_0.sv,xiaomi/mimo-v2-flash:free,stop,,gen-1766301253-2EGpCNu1iQpq9tk45CQl
3000,aapp_competition_test,0,1720,4316,0,C:\Users\durgamaniryudh\Desktop\Learn\llm_eval\test\aapp_competition_test\3000\3000_gen_0.sv,xiaomi/mimo-v2-flash:free,stop,,gen-1766301229-b3LWbPhw8PFlTRGGGdgM
253,mbpp_test,0,560,290,0,C:\Users\durgamaniryudh\Desktop\Learn\llm_eval\test\mbpp_test\253\253_gen_0.sv,xiaomi/mimo-v2-flash:free,stop,,gen-1766301262-sEBwJ7uf7ynjf6Vesavd
418,mbpp_test,0,495,345,0,C:\Users\durgamaniryudh\Desktop\Learn\llm_eval\test\mbpp_test\418\418_gen_0.sv,xiaomi/mimo-v2-flash:free,stop,,gen-1766301262-bocb8KBsbmtsOVWkKF48
586,mbpp_validation,0,569,663,0,C:\Users\durgamaniryudh\Desktop\Learn\llm_eval\test\mbpp_validation\586\586_gen_0.sv,xiaomi/mimo-v2-flash:free,stop,,gen-1766301265-fub9EpBrsqyXUtFJ96C0
3018,aapp_competition_test,0,605,3678,0,C:\Users\durgamaniryudh\Desktop\Learn\llm_eval\test\aapp_competition_test\3018\3018_gen_0.sv,xiaomi/mimo-v2-flash:free,stop,,gen-1766301257-lLbfBIHBbFISNtzGynrp
415,mbpp_test,0,792,1540,0,C:\Users\durgamaniryudh\Desktop\Learn\llm_eval\test\mbpp_test\415\415_gen_0.sv,xiaomi/mimo-v2-flash:free,stop,,gen-1766301267-tGVvSkyfM58XZPdh9VyM
588,mbpp_validation,0,432,195,0,C:\Users\durgamaniryudh\Desktop\Learn\llm_eval\test\mbpp_validation\588\588_gen_0.sv,xiaomi/mimo-v2-flash:free,stop,,gen-1766301284-Y9cNykfjfXCsN2pRxHGB
248,mbpp_test,0,789,7429,0,C:\Users\durgamaniryudh\Desktop\Learn\llm_eval\test\mbpp_test\248\248_gen_0.sv,xiaomi/mimo-v2-flash:free,stop,,gen-1766301229-JdgDDBdrVkJA1VLvpJdy
3017,aapp_competition_test,0,856,1598,0,C:\Users\durgamaniryudh\Desktop\Learn\llm_eval\test\aapp_competition_test\3017\3017_gen_0.sv,xiaomi/mimo-v2-flash:free,stop,,gen-1766301272-b0O2Vz4NZsS0wowRDaXI
256,mbpp_test,0,758,568,0,C:\Users\durgamaniryudh\Desktop\Learn\llm_eval\test\mbpp_test\256\256_gen_0.sv,xiaomi/mimo-v2-flash:free,stop,,gen-1766301296-ccNv8uf4XWbj5sBh1E3l
251,mbpp_test,0,588,1603,0,C:\Users\durgamaniryudh\Desktop\Learn\llm_eval\test\mbpp_test\251\251_gen_0.sv,xiaomi/mimo-v2-flash:free,stop,,gen-1766301284-83GcPELsGXLEt72hxhnL
587,mbpp_validation,0,578,624,0,C:\Users\durgamaniryudh\Desktop\Learn\llm_eval\test\mbpp_validation\587\587_gen_0.sv,xiaomi/mimo-v2-flash:free,stop,,gen-1766301301-a7O29AvAW9d9PHpJlmV7
424,mbpp_test,0,716,570,0,C:\Users\durgamaniryudh\Desktop\Learn\llm_eval\test\mbpp_test\424\424_gen_0.sv,xiaomi/mimo-v2-flash:free,stop,,gen-1766301306-ZdIfZ3KHAEa7p4TYs7Tw
261,mbpp_test,0,593,263,0,C:\Users\durgamaniryudh\Desktop\Learn\llm_eval\test\mbpp_test\261\261_gen_0.sv,xiaomi/mimo-v2-flash:free,stop,,gen-1766301313-cC5xJ7PQL9mqrsSeY1mT
592,mbpp_validation,0,613,501,0,C:\Users\durgamaniryudh\Desktop\Learn\llm_eval\test\mbpp_validation\592\592_gen_0.sv,xiaomi/mimo-v2-flash:free,stop,,gen-1766301317-l1pZ8QCZNTfRoA7t78RA
3004,aapp_competition_test,0,970,8414,0,C:\Users\durgamaniryudh\Desktop\Learn\llm_eval\test\aapp_competition_test\3004\3004_gen_0.sv,xiaomi/mimo-v2-flash:free,stop,,gen-1766301229-DALUmtF956fNUzkaZ1fe
247,mbpp_test,0,743,4545,0,C:\Users\durgamaniryudh\Desktop\Learn\llm_eval\test\mbpp_test\247\247_gen_0.sv,xiaomi/mimo-v2-flash:free,stop,,gen-1766301240-I5JcKXmcO0l9daXbe5uk
426,mbpp_test,0,475,191,0,C:\Users\durgamaniryudh\Desktop\Learn\llm_eval\test\mbpp_test\426\426_gen_0.sv,xiaomi/mimo-v2-flash:free,stop,,gen-1766301323-NV22UwY68R6uLjkrDkz3
411,mbpp_test,0,629,6947,0,C:\Users\durgamaniryudh\Desktop\Learn\llm_eval\test\mbpp_test\411\411_gen_0.sv,xiaomi/mimo-v2-flash:free,stop,,gen-1766301229-6p8M2mxZp2t7u8gLPVAB
421,mbpp_test,0,1001,4730,0,C:\Users\durgamaniryudh\Desktop\Learn\llm_eval\test\mbpp_test\421\421_gen_0.sv,xiaomi/mimo-v2-flash:free,stop,,gen-1766301296-npRqDBFG6KW1qua3WxAV
266,mbpp_test,0,461,152,0,C:\Users\durgamaniryudh\Desktop\Learn\llm_eval\test\mbpp_test\266\266_gen_0.sv,xiaomi/mimo-v2-flash:free,stop,,gen-1766301337-5HKhQWtUQiDqn9MgWVLp
573,mbpp_validation,0,4173,545,0,C:\Users\durgamaniryudh\Desktop\Learn\llm_eval\test\mbpp_validation\573\573_gen_0.sv,xiaomi/mimo-v2-flash:free,stop,,gen-1766301327-rWu6TOX0NBAqk7rPPmSU
3015,aapp_competition_test,0,909,5017,0,C:\Users\durgamaniryudh\Desktop\Learn\llm_eval\test\aapp_competition_test\3015\3015_gen_0.sv,xiaomi/mimo-v2-flash:free,stop,,gen-1766301304-KUnR9ARBL2l8UvJpOeiE
589,mbpp_validation,0,785,977,0,C:\Users\durgamaniryudh\Desktop\Learn\llm_eval\test\mbpp_validation\589\589_gen_0.sv,xiaomi/mimo-v2-flash:free,stop,,gen-1766301340-miFDcqwZewE5eChhJ7JF
255,mbpp_test,0,743,3271,0,C:\Users\durgamaniryudh\Desktop\Learn\llm_eval\test\mbpp_test\255\255_gen_0.sv,xiaomi/mimo-v2-flash:free,stop,,gen-1766301325-N5ZAVz3lZLDu4xUJdbyH
3020,aapp_competition_test,0,1267,3217,0,C:\Users\durgamaniryudh\Desktop\Learn\llm_eval\test\aapp_competition_test\3020\3020_gen_0.sv,xiaomi/mimo-v2-flash:free,stop,,gen-1766301328-4pM3RGKrWyYYFbSmGZUM
3019,aapp_competition_test,0,807,9220,0,C:\Users\durgamaniryudh\Desktop\Learn\llm_eval\test\aapp_competition_test\3019\3019_gen_0.sv,xiaomi/mimo-v2-flash:free,stop,,gen-1766301287-8inQoMOnYUdzgq81s5fm
3024,aapp_competition_test,0,827,1634,0,C:\Users\durgamaniryudh\Desktop\Learn\llm_eval\test\aapp_competition_test\3024\3024_gen_0.sv,xiaomi/mimo-v2-flash:free,stop,,gen-1766301346-uREKfg3Adh9pT9ax82OS
264,mbpp_test,0,526,416,0,C:\Users\durgamaniryudh\Desktop\Learn\llm_eval\test\mbpp_test\264\264_gen_0.sv,xiaomi/mimo-v2-flash:free,stop,,gen-1766301348-D0hkykPRUuralj3G26Gb
591,mbpp_validation,0,656,723,0,C:\Users\durgamaniryudh\Desktop\Learn\llm_eval\test\mbpp_validation\591\591_gen_0.sv,xiaomi/mimo-v2-flash:free,stop,,gen-1766301354-KZyW11fMqdi6SN1uINYj
417,mbpp_test,0,863,1762,0,C:\Users\durgamaniryudh\Desktop\Learn\llm_eval\test\mbpp_test\417\417_gen_0.sv,xiaomi/mimo-v2-flash:free,stop,,gen-1766301354-x7WfuvOa92gabn64lNrK
3011,aapp_competition_test,0,840,13883,0,C:\Users\durgamaniryudh\Desktop\Learn\llm_eval\test\aapp_competition_test\3011\3011_gen_0.sv,xiaomi/mimo-v2-flash:free,stop,,gen-1766301229-WzMVj9MPtPZEuQ3b0CjA
427,mbpp_test,0,824,1500,0,C:\Users\durgamaniryudh\Desktop\Learn\llm_eval\test\mbpp_test\427\427_gen_0.sv,xiaomi/mimo-v2-flash:free,stop,,gen-1766301363-ybC8JpjIjW1mYYwoOdsp
252,mbpp_test,0,1701,1581,0,C:\Users\durgamaniryudh\Desktop\Learn\llm_eval\test\mbpp_test\252\252_gen_0.sv,xiaomi/mimo-v2-flash:free,stop,,gen-1766301361-5N1IAblUapF5xNy8mBuD
260,mbpp_test,0,854,1039,0,C:\Users\durgamaniryudh\Desktop\Learn\llm_eval\test\mbpp_test\260\260_gen_0.sv,xiaomi/mimo-v2-flash:free,stop,,gen-1766301374-0jtKHfuDUf7NPiUu0NtI
428,mbpp_test,0,824,5094,0,C:\Users\durgamaniryudh\Desktop\Learn\llm_eval\test\mbpp_test\428\428_gen_0.sv,xiaomi/mimo-v2-flash:free,stop,,gen-1766301340-BzDEGr7a957BY8CoOySJ
267,mbpp_test,0,609,253,0,C:\Users\durgamaniryudh\Desktop\Learn\llm_eval\test\mbpp_test\267\267_gen_0.sv,xiaomi/mimo-v2-flash:free,stop,,gen-1766301383-M5tLRw4SLQJJpRgjb1V1
3010,aapp_competition_test,0,1141,18119,0,C:\Users\durgamaniryudh\Desktop\Learn\llm_eval\test\aapp_competition_test\3010\3010_gen_0.sv,xiaomi/mimo-v2-flash:free,stop,,gen-1766301243-j3l0hRsRiG9O8DUYQ4Xg
430,mbpp_test,0,507,159,0,C:\Users\durgamaniryudh\Desktop\Learn\llm_eval\test\mbpp_test\430\430_gen_0.sv,xiaomi/mimo-v2-flash:free,stop,,gen-1766301393-iEIH59l0aj7WojinK4yI
425,mbpp_test,0,661,1399,0,C:\Users\durgamaniryudh\Desktop\Learn\llm_eval\test\mbpp_test\425\425_gen_0.sv,xiaomi/mimo-v2-flash:free,stop,,gen-1766301375-bNToXMoftFwkB2hiNCdV
259,mbpp_test,0,525,437,0,C:\Users\durgamaniryudh\Desktop\Learn\llm_eval\test\mbpp_test\259\259_gen_0.sv,xiaomi/mimo-v2-flash:free,stop,,gen-1766301396-aUiRAJMpTperVvoY7lgr
3025,aapp_competition_test,0,1077,3886,0,C:\Users\durgamaniryudh\Desktop\Learn\llm_eval\test\aapp_competition_test\3025\3025_gen_0.sv,xiaomi/mimo-v2-flash:free,stop,,gen-1766301368-CfXzAnKDxBMQxlbluYyR
595,mbpp_validation,0,701,318,0,C:\Users\durgamaniryudh\Desktop\Learn\llm_eval\test\mbpp_validation\595\595_gen_0.sv,xiaomi/mimo-v2-flash:free,stop,,gen-1766301401-2ZWUBVUMFh9o4tsHnARz
590,mbpp_validation,0,912,3789,0,C:\Users\durgamaniryudh\Desktop\Learn\llm_eval\test\mbpp_validation\590\590_gen_0.sv,xiaomi/mimo-v2-flash:free,stop,,gen-1766301375-AHxXTuec8c7PVUUlIhYs
3014,aapp_competition_test,0,790,5603,0,C:\Users\durgamaniryudh\Desktop\Learn\llm_eval\test\aapp_competition_test\3014\3014_gen_0.sv,xiaomi/mimo-v2-flash:free,stop,,gen-1766301359-2VtwIOIYi7oPFut55Xw9
429,mbpp_test,0,793,240,0,C:\Users\durgamaniryudh\Desktop\Learn\llm_eval\test\mbpp_test\429\429_gen_0.sv,xiaomi/mimo-v2-flash:free,stop,,gen-1766301401-0RvfVd7etdx0AAuvOg9Q
431,mbpp_test,0,641,204,0,C:\Users\durgamaniryudh\Desktop\Learn\llm_eval\test\mbpp_test\431\431_gen_0.sv,xiaomi/mimo-v2-flash:free,stop,,gen-1766301405-gOcbvLJeapkLASJMlSxN
594,mbpp_validation,0,699,559,0,C:\Users\durgamaniryudh\Desktop\Learn\llm_eval\test\mbpp_validation\594\594_gen_0.sv,xiaomi/mimo-v2-flash:free,stop,,gen-1766301393-7hDaSz3t3ju9FOYg1wKj
269,mbpp_test,0,485,79,0,C:\Users\durgamaniryudh\Desktop\Learn\llm_eval\test\mbpp_test\269\269_gen_0.sv,xiaomi/mimo-v2-flash:free,stop,,gen-1766301408-8P2Vfe1LoyjaySgGBlDe
433,mbpp_test,0,697,154,0,C:\Users\durgamaniryudh\Desktop\Learn\llm_eval\test\mbpp_test\433\433_gen_0.sv,xiaomi/mimo-v2-flash:free,stop,,gen-1766301411-5RUTAweCUp8OcSFwzITr
262,mbpp_test,0,883,788,0,C:\Users\durgamaniryudh\Desktop\Learn\llm_eval\test\mbpp_test\262\262_gen_0.sv,xiaomi/mimo-v2-flash:free,stop,,gen-1766301405-HcvUTnzy9Wy2YnCXvXsd
596,mbpp_validation,0,639,661,0,C:\Users\durgamaniryudh\Desktop\Learn\llm_eval\test\mbpp_validation\596\596_gen_0.sv,xiaomi/mimo-v2-flash:free,stop,,gen-1766301414-4XyYR0OOVgyjaN8l0z7j
3013,aapp_competition_test,0,841,20944,0,C:\Users\durgamaniryudh\Desktop\Learn\llm_eval\test\aapp_competition_test\3013\3013_gen_0.sv,xiaomi/mimo-v2-flash:free,stop,,gen-1766301237-aAPO14VRg1p1SiV3izUZ
268,mbpp_test,0,519,871,0,C:\Users\durgamaniryudh\Desktop\Learn\llm_eval\test\mbpp_test\268\268_gen_0.sv,xiaomi/mimo-v2-flash:free,stop,,gen-1766301425-GysSchVmfCZoeItCaTfS
432,mbpp_test,0,757,148,0,C:\Users\durgamaniryudh\Desktop\Learn\llm_eval\test\mbpp_test\432\432_gen_0.sv,xiaomi/mimo-v2-flash:free,stop,,gen-1766301421-rT5siXnGdSseqIdrp8qH
3006,aapp_competition_test,0,804,3936,0,C:\Users\durgamaniryudh\Desktop\Learn\llm_eval\test\aapp_competition_test\3006\3006_gen_0.sv,xiaomi/mimo-v2-flash:free,stop,,gen-1766301409-ROGcCQBEVbxoLTtnrsEV
600,mbpp_validation,0,638,103,0,C:\Users\durgamaniryudh\Desktop\Learn\llm_eval\test\mbpp_validation\600\600_gen_0.sv,xiaomi/mimo-v2-flash:free,stop,,gen-1766301435-CFLrSCioAr5RK02ZGg54
435,mbpp_test,0,652,873,0,C:\Users\durgamaniryudh\Desktop\Learn\llm_eval\test\mbpp_test\435\435_gen_0.sv,xiaomi/mimo-v2-flash:free,stop,,gen-1766301437-4PtN22Z3EtSxfRtvLvzE
593,mbpp_validation,0,640,8324,0,C:\Users\durgamaniryudh\Desktop\Learn\llm_eval\test\mbpp_validation\593\593_gen_0.sv,xiaomi/mimo-v2-flash:free,stop,,gen-1766301367-uvkxdM11VmC0mEeEKzAK
273,mbpp_test,0,529,196,0,C:\Users\durgamaniryudh\Desktop\Learn\llm_eval\test\mbpp_test\273\273_gen_0.sv,xiaomi/mimo-v2-flash:free,stop,,gen-1766301452-Cjn5R0wpaGsiea86BCEv
434,mbpp_test,0,696,968,0,C:\Users\durgamaniryudh\Desktop\Learn\llm_eval\test\mbpp_test\434\434_gen_0.sv,xiaomi/mimo-v2-flash:free,stop,,gen-1766301459-m372jT9ctzAt6W9Galba
598,mbpp_validation,0,971,5121,0,C:\Users\durgamaniryudh\Desktop\Learn\llm_eval\test\mbpp_validation\598\598_gen_0.sv,xiaomi/mimo-v2-flash:free,stop,,gen-1766301450-yfsobIXOFEA9xePliWdc
271,mbpp_test,0,566,6205,0,C:\Users\durgamaniryudh\Desktop\Learn\llm_eval\test\mbpp_test\271\271_gen_0.sv,xiaomi/mimo-v2-flash:free,stop,,gen-1766301444-5JSpvs3gwELscmkNijA1
597,mbpp_validation,0,720,599,0,C:\Users\durgamaniryudh\Desktop\Learn\llm_eval\test\mbpp_validation\597\597_gen_0.sv,xiaomi/mimo-v2-flash:free,stop,,gen-1766301498-TMLMmRLB4ZbNSxMAM6Gk
437,mbpp_test,0,701,208,0,C:\Users\durgamaniryudh\Desktop\Learn\llm_eval\test\mbpp_test\437\437_gen_0.sv,xiaomi/mimo-v2-flash:free,stop,,gen-1766301503-QCSlgZDj6orAakSXXR9I
274,mbpp_test,0,612,100,0,C:\Users\durgamaniryudh\Desktop\Learn\llm_eval\test\mbpp_test\274\274_gen_0.sv,xiaomi/mimo-v2-flash:free,stop,,gen-1766301502-UOVYuk69NkC3OvvV8Ih3
3033,aapp_competition_test,0,853,8823,0,C:\Users\durgamaniryudh\Desktop\Learn\llm_eval\test\aapp_competition_test\3033\3033_gen_0.sv,xiaomi/mimo-v2-flash:free,stop,,gen-1766301421-FpLG7QEZbnZ58lTUWVUR
265,mbpp_test,0,777,1016,0,C:\Users\durgamaniryudh\Desktop\Learn\llm_eval\test\mbpp_test\265\265_gen_0.sv,xiaomi/mimo-v2-flash:free,stop,,gen-1766301507-Hlh2PnXTq1YRiuqvHLuN
3009,aapp_competition_test,0,1044,13284,0,C:\Users\durgamaniryudh\Desktop\Learn\llm_eval\test\aapp_competition_test\3009\3009_gen_0.sv,xiaomi/mimo-v2-flash:free,stop,,gen-1766301395-5xEy3ke3fIiHVzGY6tMG
3026,aapp_competition_test,0,760,12834,0,C:\Users\durgamaniryudh\Desktop\Learn\llm_eval\test\aapp_competition_test\3026\3026_gen_0.sv,xiaomi/mimo-v2-flash:free,stop,,gen-1766301388-1AVabvE71hn6L4so9nVJ
270,mbpp_test,0,630,289,0,C:\Users\durgamaniryudh\Desktop\Learn\llm_eval\test\mbpp_test\270\270_gen_0.sv,xiaomi/mimo-v2-flash:free,stop,,gen-1766301518-zjLJyFub2rnr1l5FBbgf
441,mbpp_test,0,468,132,0,C:\Users\durgamaniryudh\Desktop\Learn\llm_eval\test\mbpp_test\441\441_gen_0.sv,xiaomi/mimo-v2-flash:free,stop,,gen-1766301522-kaMMiWZREwh7AIu4ddH5
436,mbpp_test,0,488,418,0,C:\Users\durgamaniryudh\Desktop\Learn\llm_eval\test\mbpp_test\436\436_gen_0.sv,xiaomi/mimo-v2-flash:free,stop,,gen-1766301517-RM5z20SGAWGQAXzVC7B6
3031,aapp_competition_test,0,800,7022,0,C:\Users\durgamaniryudh\Desktop\Learn\llm_eval\test\aapp_competition_test\3031\3031_gen_0.sv,xiaomi/mimo-v2-flash:free,stop,,gen-1766301444-dZR9UM6kyUQQgGzJpP0U
3034,aapp_competition_test,0,1101,883,0,C:\Users\durgamaniryudh\Desktop\Learn\llm_eval\test\aapp_competition_test\3034\3034_gen_0.sv,xiaomi/mimo-v2-flash:free,stop,,gen-1766301522-oBRcvqmvSc3I4IOVMJ6D
585,mbpp_validation,0,987,15241,0,C:\Users\durgamaniryudh\Desktop\Learn\llm_eval\test\mbpp_validation\585\585_gen_0.sv,xiaomi/mimo-v2-flash:free,stop,,gen-1766301408-GXHMLVsBIs1HvTWkRhqK
276,mbpp_test,0,725,1575,0,C:\Users\durgamaniryudh\Desktop\Learn\llm_eval\test\mbpp_test\276\276_gen_0.sv,xiaomi/mimo-v2-flash:free,stop,,gen-1766301524-qdSMp8fsBUilV68cvpxJ
279,mbpp_test,0,568,366,0,C:\Users\durgamaniryudh\Desktop\Learn\llm_eval\test\mbpp_test\279\279_gen_0.sv,xiaomi/mimo-v2-flash:free,stop,,gen-1766301536-jtEFWYgAPiXoedORppfV
272,mbpp_test,0,515,229,0,C:\Users\durgamaniryudh\Desktop\Learn\llm_eval\test\mbpp_test\272\272_gen_0.sv,xiaomi/mimo-v2-flash:free,stop,,gen-1766301541-9GZmZA3R4xiGY6VtZE54
3029,aapp_competition_test,0,798,2070,0,C:\Users\durgamaniryudh\Desktop\Learn\llm_eval\test\aapp_competition_test\3029\3029_gen_0.sv,xiaomi/mimo-v2-flash:free,stop,,gen-1766301507-QdMJZX1LGHsHpXcKDUHh
443,mbpp_test,0,617,563,0,C:\Users\durgamaniryudh\Desktop\Learn\llm_eval\test\mbpp_test\443\443_gen_0.sv,xiaomi/mimo-v2-flash:free,stop,,gen-1766301538-SVZ0xFIsqux7j1hxPf3q
442,mbpp_test,0,925,287,0,C:\Users\durgamaniryudh\Desktop\Learn\llm_eval\test\mbpp_test\442\442_gen_0.sv,xiaomi/mimo-v2-flash:free,stop,,gen-1766301551-PTkt6KFDwSIiwl70ExYj
284,mbpp_test,0,544,248,0,C:\Users\durgamaniryudh\Desktop\Learn\llm_eval\test\mbpp_test\284\284_gen_0.sv,xiaomi/mimo-v2-flash:free,stop,,gen-1766301560-hgGhAMoxLAe0uknnOVBo
447,mbpp_test,0,502,224,0,C:\Users\durgamaniryudh\Desktop\Learn\llm_eval\test\mbpp_test\447\447_gen_0.sv,xiaomi/mimo-v2-flash:free,stop,,gen-1766301563-KL0IX3HXdlpAxdyuXkOT
439,mbpp_test,0,825,5759,0,C:\Users\durgamaniryudh\Desktop\Learn\llm_eval\test\mbpp_test\439\439_gen_0.sv,xiaomi/mimo-v2-flash:free,stop,,gen-1766301527-CEljmk4sYCMPspQMMylr
3038,aapp_competition_test,0,924,6232,0,C:\Users\durgamaniryudh\Desktop\Learn\llm_eval\test\aapp_competition_test\3038\3038_gen_0.sv,xiaomi/mimo-v2-flash:free,stop,,gen-1766301527-UGtiOPmrfb4yoQaWnGTb
283,mbpp_test,0,682,867,0,C:\Users\durgamaniryudh\Desktop\Learn\llm_eval\test\mbpp_test\283\283_gen_0.sv,xiaomi/mimo-v2-flash:free,stop,,gen-1766301574-0UyrbSWBycVLL3T4WECn
3040,aapp_competition_test,0,666,7936,0,C:\Users\durgamaniryudh\Desktop\Learn\llm_eval\test\aapp_competition_test\3040\3040_gen_0.sv,xiaomi/mimo-v2-flash:free,stop,,gen-1766301534-w3uJ18GWKqudsGCjynra
3044,aapp_competition_test,0,690,5166,0,C:\Users\durgamaniryudh\Desktop\Learn\llm_eval\test\aapp_competition_test\3044\3044_gen_0.sv,xiaomi/mimo-v2-flash:free,stop,,gen-1766301551-HiZKt5mvYpsiOnsPmPa7
281,mbpp_test,0,706,924,0,C:\Users\durgamaniryudh\Desktop\Learn\llm_eval\test\mbpp_test\281\281_gen_0.sv,xiaomi/mimo-v2-flash:free,stop,,gen-1766301588-bfMg63lbPZ05qgoOixZW
446,mbpp_test,0,719,735,0,C:\Users\durgamaniryudh\Desktop\Learn\llm_eval\test\mbpp_test\446\446_gen_0.sv,xiaomi/mimo-v2-flash:free,stop,,gen-1766301594-rZXBWGifx13YGjof0RhN
3035,aapp_competition_test,0,910,7506,0,C:\Users\durgamaniryudh\Desktop\Learn\llm_eval\test\aapp_competition_test\3035\3035_gen_0.sv,xiaomi/mimo-v2-flash:free,stop,,gen-1766301510-mH9MUksVa9S68opHZxzK
278,mbpp_test,0,746,889,0,C:\Users\durgamaniryudh\Desktop\Learn\llm_eval\test\mbpp_test\278\278_gen_0.sv,xiaomi/mimo-v2-flash:free,stop,,gen-1766301601-mBgVbwAPEMd4m2rMc2Q6
3048,aapp_competition_test,0,548,456,0,C:\Users\durgamaniryudh\Desktop\Learn\llm_eval\test\aapp_competition_test\3048\3048_gen_0.sv,xiaomi/mimo-v2-flash:free,stop,,gen-1766301595-7E5Bkiti8jMpNQJnVTf5
280,mbpp_test,0,1260,672,0,C:\Users\durgamaniryudh\Desktop\Learn\llm_eval\test\mbpp_test\280\280_gen_0.sv,xiaomi/mimo-v2-flash:free,stop,,gen-1766301611-x960CZw16XdVHwEvaRgv
3037,aapp_competition_test,0,762,1537,0,C:\Users\durgamaniryudh\Desktop\Learn\llm_eval\test\aapp_competition_test\3037\3037_gen_0.sv,xiaomi/mimo-v2-flash:free,stop,,gen-1766301609-DyfbUqn276uEITWRCJTm
3047,aapp_competition_test,0,1196,1217,0,C:\Users\durgamaniryudh\Desktop\Learn\llm_eval\test\aapp_competition_test\3047\3047_gen_0.sv,xiaomi/mimo-v2-flash:free,stop,,gen-1766301623-jZCwYnOR2jyONxU9twp7
440,mbpp_test,0,895,3421,0,C:\Users\durgamaniryudh\Desktop\Learn\llm_eval\test\mbpp_test\440\440_gen_0.sv,xiaomi/mimo-v2-flash:free,stop,,gen-1766301609-nqy7sAScOzSV3lH8KiZv
282,mbpp_test,0,596,166,0,C:\Users\durgamaniryudh\Desktop\Learn\llm_eval\test\mbpp_test\282\282_gen_0.sv,xiaomi/mimo-v2-flash:free,stop,,gen-1766301638-NGInkVaEQZBeLNf3nv5L
451,mbpp_test,0,579,391,0,C:\Users\durgamaniryudh\Desktop\Learn\llm_eval\test\mbpp_test\451\451_gen_0.sv,xiaomi/mimo-v2-flash:free,stop,,gen-1766301642-ue6QrZGX1hZbXB6NfNLe
285,mbpp_test,0,756,1014,0,C:\Users\durgamaniryudh\Desktop\Learn\llm_eval\test\mbpp_test\285\285_gen_0.sv,xiaomi/mimo-v2-flash:free,stop,,gen-1766301646-Dc7T9sWXYDuygXzut7mY
452,mbpp_test,0,461,128,0,C:\Users\durgamaniryudh\Desktop\Learn\llm_eval\test\mbpp_test\452\452_gen_0.sv,xiaomi/mimo-v2-flash:free,stop,,gen-1766301656-txhB5Bui5AAiv43qp4qX
445,mbpp_test,0,621,142,0,C:\Users\durgamaniryudh\Desktop\Learn\llm_eval\test\mbpp_test\445\445_gen_0.sv,xiaomi/mimo-v2-flash:free,stop,,gen-1766301658-Sv8PBerIQukNnEtO4Rao
450,mbpp_test,0,652,632,0,C:\Users\durgamaniryudh\Desktop\Learn\llm_eval\test\mbpp_test\450\450_gen_0.sv,xiaomi/mimo-v2-flash:free,stop,,gen-1766301620-iLamzWXt7CTvvoA9ZXGt
3052,aapp_competition_test,0,715,1677,0,C:\Users\durgamaniryudh\Desktop\Learn\llm_eval\test\aapp_competition_test\3052\3052_gen_0.sv,xiaomi/mimo-v2-flash:free,stop,,gen-1766301660-Ra4R55JCSjQv2QQiQo0C
287,mbpp_test,0,536,257,0,C:\Users\durgamaniryudh\Desktop\Learn\llm_eval\test\mbpp_test\287\287_gen_0.sv,xiaomi/mimo-v2-flash:free,stop,,gen-1766301671-vc9dXy1cc5xsDUSoP1a1
3046,aapp_competition_test,0,936,6129,0,C:\Users\durgamaniryudh\Desktop\Learn\llm_eval\test\aapp_competition_test\3046\3046_gen_0.sv,xiaomi/mimo-v2-flash:free,stop,,gen-1766301642-WPsM3g38vg4V1Eb8WdwS
3049,aapp_competition_test,0,815,2768,0,C:\Users\durgamaniryudh\Desktop\Learn\llm_eval\test\aapp_competition_test\3049\3049_gen_0.sv,xiaomi/mimo-v2-flash:free,stop,,gen-1766301679-WYTlFHkYshOYxJBmVGGS
292,mbpp_test,0,386,72,0,C:\Users\durgamaniryudh\Desktop\Learn\llm_eval\test\mbpp_test\292\292_gen_0.sv,xiaomi/mimo-v2-flash:free,stop,,gen-1766301715-0iIGoQSn29JmGcSf3adi
455,mbpp_test,0,552,128,0,C:\Users\durgamaniryudh\Desktop\Learn\llm_eval\test\mbpp_test\455\455_gen_0.sv,xiaomi/mimo-v2-flash:free,stop,,gen-1766301717-2GWawUJDHH6Yunoxp6l5
444,mbpp_test,0,763,16966,0,C:\Users\durgamaniryudh\Desktop\Learn\llm_eval\test\mbpp_test\444\444_gen_0.sv,xiaomi/mimo-v2-flash:free,stop,,gen-1766301577-6MqfdrXs9pt9xZLeLnUs
3016,aapp_competition_test,0,860,42551,0,C:\Users\durgamaniryudh\Desktop\Learn\llm_eval\test\aapp_competition_test\3016\3016_gen_0.sv,xiaomi/mimo-v2-flash:free,stop,,gen-1766301323-96IyVS8ii2UynmM4jajd
3042,aapp_competition_test,0,910,12772,0,C:\Users\durgamaniryudh\Desktop\Learn\llm_eval\test\aapp_competition_test\3042\3042_gen_0.sv,xiaomi/mimo-v2-flash:free,stop,,gen-1766301567-ASDOklP1zQB8BT7f4mKI
3021,aapp_competition_test,0,1525,27501,0,C:\Users\durgamaniryudh\Desktop\Learn\llm_eval\test\aapp_competition_test\3021\3021_gen_0.sv,xiaomi/mimo-v2-flash:free,stop,,gen-1766301405-cB0vKHsZZvMIfZU0Zyva
277,mbpp_test,0,997,4667,0,C:\Users\durgamaniryudh\Desktop\Learn\llm_eval\test\mbpp_test\277\277_gen_0.sv,xiaomi/mimo-v2-flash:free,stop,,gen-1766301698-twEdqysW7Ufh6VnOGH2E
3041,aapp_competition_test,0,866,19319,0,C:\Users\durgamaniryudh\Desktop\Learn\llm_eval\test\aapp_competition_test\3041\3041_gen_0.sv,xiaomi/mimo-v2-flash:free,stop,,gen-1766301547-IyvdycBpqWMUzdGrT04T
291,mbpp_test,0,695,2420,0,C:\Users\durgamaniryudh\Desktop\Learn\llm_eval\test\mbpp_test\291\291_gen_0.sv,xiaomi/mimo-v2-flash:free,stop,,gen-1766301724-MBSDpQdGj02XPHM9wJxi
286,mbpp_test,0,595,915,0,C:\Users\durgamaniryudh\Desktop\Learn\llm_eval\test\mbpp_test\286\286_gen_0.sv,xiaomi/mimo-v2-flash:free,stop,,gen-1766301740-iXO8sSS4pUoeJ9gHKyeJ
454,mbpp_test,0,675,1228,0,C:\Users\durgamaniryudh\Desktop\Learn\llm_eval\test\mbpp_test\454\454_gen_0.sv,xiaomi/mimo-v2-flash:free,stop,,gen-1766301732-KbjssSFyzR9l6Nk1w94V
3305,aapp_competition_test,0,885,1407,0,C:\Users\durgamaniryudh\Desktop\Learn\llm_eval\test\aapp_competition_test\3305\3305_gen_0.sv,xiaomi/mimo-v2-flash:free,stop,,gen-1766301750-ZGFRvJG7aiHg7CJph5cE
3051,aapp_competition_test,0,1241,1567,0,C:\Users\durgamaniryudh\Desktop\Learn\llm_eval\test\aapp_competition_test\3051\3051_gen_0.sv,xiaomi/mimo-v2-flash:free,stop,,gen-1766301744-IAPF1NAfqZ7HWA9bCj1H
3259,aapp_competition_test,0,908,2167,0,C:\Users\durgamaniryudh\Desktop\Learn\llm_eval\test\aapp_competition_test\3259\3259_gen_0.sv,xiaomi/mimo-v2-flash:free,stop,,gen-1766301748-28byfxpNZvf29EaLpevo
3043,aapp_competition_test,0,976,18970,0,C:\Users\durgamaniryudh\Desktop\Learn\llm_eval\test\aapp_competition_test\3043\3043_gen_0.sv,xiaomi/mimo-v2-flash:free,stop,,gen-1766301581-UbTi4D1HWPBAPBWVZKvj
3544,aapp_competition_test,0,867,2853,0,C:\Users\durgamaniryudh\Desktop\Learn\llm_eval\test\aapp_competition_test\3544\3544_gen_0.sv,xiaomi/mimo-v2-flash:free,stop,,gen-1766301755-372KnxGsDKh237yB78VB
3064,aapp_competition_test,0,698,6658,0,C:\Users\durgamaniryudh\Desktop\Learn\llm_eval\test\aapp_competition_test\3064\3064_gen_0.sv,xiaomi/mimo-v2-flash:free,stop,,gen-1766301719-ItAUhuhyKrnyJyqAnBSW
3304,aapp_competition_test,0,716,339,0,C:\Users\durgamaniryudh\Desktop\Learn\llm_eval\test\aapp_competition_test\3304\3304_gen_0.sv,xiaomi/mimo-v2-flash:free,,,gen-1766301773-s4S5FHqeUriGzjYlsLxD
738,mbpp_train,0,803,785,0,C:\Users\durgamaniryudh\Desktop\Learn\llm_eval\test\mbpp_train\738\738_gen_0.sv,xiaomi/mimo-v2-flash:free,stop,,gen-1766301766-Vb8R4J32N241J4BDM6jM
3258,aapp_competition_test,0,810,1156,0,C:\Users\durgamaniryudh\Desktop\Learn\llm_eval\test\aapp_competition_test\3258\3258_gen_0.sv,xiaomi/mimo-v2-flash:free,stop,,gen-1766301768-jUE4ObKYWo8Q4YKph7YV
743,mbpp_train,0,563,124,0,C:\Users\durgamaniryudh\Desktop\Learn\llm_eval\test\mbpp_train\743\743_gen_0.sv,xiaomi/mimo-v2-flash:free,stop,,gen-1766301783-0V1dbzUM9dL4zAC1muuc
453,mbpp_test,0,638,13557,0,C:\Users\durgamaniryudh\Desktop\Learn\llm_eval\test\mbpp_test\453\453_gen_0.sv,xiaomi/mimo-v2-flash:free,stop,,gen-1766301675-qQdVw2nP082hRyUOsDTK
3030,aapp_competition_test,0,807,23920,0,C:\Users\durgamaniryudh\Desktop\Learn\llm_eval\test\aapp_competition_test\3030\3030_gen_0.sv,xiaomi/mimo-v2-flash:free,stop,,gen-1766301469-MjIFRyIg7mFVx4AzS6ke
740,mbpp_train,0,726,508,0,C:\Users\durgamaniryudh\Desktop\Learn\llm_eval\test\mbpp_train\740\740_gen_0.sv,xiaomi/mimo-v2-flash:free,stop,,gen-1766301801-mTpDsvM2KHStcm9kVqt2
3546,aapp_competition_test,0,689,2276,0,C:\Users\durgamaniryudh\Desktop\Learn\llm_eval\test\aapp_competition_test\3546\3546_gen_0.sv,xiaomi/mimo-v2-flash:free,stop,,gen-1766301785-Q4aqGdE9FRoJAyNAlYAX
3649,aapp_competition_test,0,768,3069,0,C:\Users\durgamaniryudh\Desktop\Learn\llm_eval\test\aapp_competition_test\3649\3649_gen_0.sv,xiaomi/mimo-v2-flash:free,stop,,gen-1766301779-h624BHFqEI27Blz0wevU
3652,aapp_competition_test,0,774,1369,0,C:\Users\durgamaniryudh\Desktop\Learn\llm_eval\test\aapp_competition_test\3652\3652_gen_0.sv,xiaomi/mimo-v2-flash:free,stop,,gen-1766301800-UflxZfdjBfzO5pW4qVHN
3645,aapp_competition_test,0,890,5508,0,C:\Users\durgamaniryudh\Desktop\Learn\llm_eval\test\aapp_competition_test\3645\3645_gen_0.sv,xiaomi/mimo-v2-flash:free,stop,,gen-1766301762-D79mMzMRXjDTpaLoDpzw
3306,aapp_competition_test,0,797,4563,0,C:\Users\durgamaniryudh\Desktop\Learn\llm_eval\test\aapp_competition_test\3306\3306_gen_0.sv,xiaomi/mimo-v2-flash:free,stop,,gen-1766301784-YrhwQSazW3gTSoaxylEk
745,mbpp_train,0,769,1728,0,C:\Users\durgamaniryudh\Desktop\Learn\llm_eval\test\mbpp_train\745\745_gen_0.sv,xiaomi/mimo-v2-flash:free,stop,,gen-1766301834-RpiPBybpCrw8JbqZm28m
3050,aapp_competition_test,0,1072,12052,0,C:\Users\durgamaniryudh\Desktop\Learn\llm_eval\test\aapp_competition_test\3050\3050_gen_0.sv,xiaomi/mimo-v2-flash:free,stop,,gen-1766301736-1G7sVcGGFDK9Vqlp8iBs
3548,aapp_competition_test,0,677,1669,0,C:\Users\durgamaniryudh\Desktop\Learn\llm_eval\test\aapp_competition_test\3548\3548_gen_0.sv,xiaomi/mimo-v2-flash:free,stop,,gen-1766301860-viOvrLti8ytAZ7sIWhjp
3264,aapp_competition_test,0,866,9965,0,C:\Users\durgamaniryudh\Desktop\Learn\llm_eval\test\aapp_competition_test\3264\3264_gen_0.sv,xiaomi/mimo-v2-flash:free,stop,,gen-1766301839-svxXgwaxNXCZ7DsHg83M
750,mbpp_train,0,503,77,0,C:\Users\durgamaniryudh\Desktop\Learn\llm_eval\test\mbpp_train\750\750_gen_0.sv,xiaomi/mimo-v2-flash:free,stop,,gen-1766301935-yWSDzxG5TAYIrhunqJGO
3262,aapp_competition_test,0,737,15335,0,C:\Users\durgamaniryudh\Desktop\Learn\llm_eval\test\aapp_competition_test\3262\3262_gen_0.sv,xiaomi/mimo-v2-flash:free,stop,,gen-1766301805-Y2tgL2ShsY6v0zm9sBz0
3267,aapp_competition_test,0,992,3052,0,C:\Users\durgamaniryudh\Desktop\Learn\llm_eval\test\aapp_competition_test\3267\3267_gen_0.sv,xiaomi/mimo-v2-flash:free,stop,,gen-1766301947-DIF3UeXCx9pBmu77R2qy
3260,aapp_competition_test,0,775,18394,0,C:\Users\durgamaniryudh\Desktop\Learn\llm_eval\test\aapp_competition_test\3260\3260_gen_0.sv,xiaomi/mimo-v2-flash:free,stop,,gen-1766301783-VWIuRLWb9O86g6HctgZT
3653,aapp_competition_test,0,3297,18275,0,C:\Users\durgamaniryudh\Desktop\Learn\llm_eval\test\aapp_competition_test\3653\3653_gen_0.sv,xiaomi/mimo-v2-flash:free,stop,,gen-1766301825-oVrd7hsfcmYgLpcZHHFp
3655,aapp_competition_test,0,1826,2075,0,C:\Users\durgamaniryudh\Desktop\Learn\llm_eval\test\aapp_competition_test\3655\3655_gen_0.sv,xiaomi/mimo-v2-flash:free,stop,,gen-1766301991-WeS6DASiWvq2KufNyLJ5
3309,aapp_competition_test,0,778,21518,0,C:\Users\durgamaniryudh\Desktop\Learn\llm_eval\test\aapp_competition_test\3309\3309_gen_0.sv,xiaomi/mimo-v2-flash:free,stop,,gen-1766301806-BDOz8Lb2mogj99jB5K3p
748,mbpp_train,0,778,4264,0,C:\Users\durgamaniryudh\Desktop\Learn\llm_eval\test\mbpp_train\748\748_gen_0.sv,xiaomi/mimo-v2-flash:free,stop,,gen-1766301998-wk81OLJLfjfBNHYSq45n
3547,aapp_competition_test,0,780,25301,0,C:\Users\durgamaniryudh\Desktop\Learn\llm_eval\test\aapp_competition_test\3547\3547_gen_0.sv,xiaomi/mimo-v2-flash:free,stop,,gen-1766301816-IQrRaJxbAyDP8k7iE9Km
3263,aapp_competition_test,0,1077,6103,0,C:\Users\durgamaniryudh\Desktop\Learn\llm_eval\test\aapp_competition_test\3263\3263_gen_0.sv,xiaomi/mimo-v2-flash:free,stop,,gen-1766302009-RGtyDah7Wo3EqlDJCTLS
3650,aapp_competition_test,0,856,17103,0,C:\Users\durgamaniryudh\Desktop\Learn\llm_eval\test\aapp_competition_test\3650\3650_gen_0.sv,xiaomi/mimo-v2-flash:free,stop,,gen-1766301882-43yExdjqlC5XsjvJDQaW
3308,aapp_competition_test,0,1117,15796,0,C:\Users\durgamaniryudh\Desktop\Learn\llm_eval\test\aapp_competition_test\3308\3308_gen_0.sv,xiaomi/mimo-v2-flash:free,stop,,gen-1766301951-qyFfUs4ajnPG8CCyOnbi
3311,aapp_competition_test,0,986,5226,0,C:\Users\durgamaniryudh\Desktop\Learn\llm_eval\test\aapp_competition_test\3311\3311_gen_0.sv,xiaomi/mimo-v2-flash:free,stop,,gen-1766302029-asyKIWOEvcqUvG4KgQbK
3266,aapp_competition_test,0,866,3151,0,C:\Users\durgamaniryudh\Desktop\Learn\llm_eval\test\aapp_competition_test\3266\3266_gen_0.sv,xiaomi/mimo-v2-flash:free,stop,,gen-1766302074-a1KEND0huTZA4tOQBirL
3549,aapp_competition_test,0,1469,1485,0,C:\Users\durgamaniryudh\Desktop\Learn\llm_eval\test\aapp_competition_test\3549\3549_gen_0.sv,xiaomi/mimo-v2-flash:free,stop,,gen-1766302100-kck4DXVAZbzIzNHcL3Ug
448,mbpp_test,0,732,43772,0,C:\Users\durgamaniryudh\Desktop\Learn\llm_eval\test\mbpp_test\448\448_gen_0.sv,xiaomi/mimo-v2-flash:free,stop,,gen-1766301742-gGqiaoYDKIC24a0uGHz5
752,mbpp_train,0,645,713,0,C:\Users\durgamaniryudh\Desktop\Learn\llm_eval\test\mbpp_train\752\752_gen_0.sv,xiaomi/mimo-v2-flash:free,stop,,gen-1766302112-Q7GU8g85nV0W5vdTmqOY
3659,aapp_competition_test,0,797,3580,0,C:\Users\durgamaniryudh\Desktop\Learn\llm_eval\test\aapp_competition_test\3659\3659_gen_0.sv,xiaomi/mimo-v2-flash:free,stop,,gen-1766302100-XcVzOllQi0xCNY2hoFC4
3269,aapp_competition_test,0,1226,2436,0,C:\Users\durgamaniryudh\Desktop\Learn\llm_eval\test\aapp_competition_test\3269\3269_gen_0.sv,xiaomi/mimo-v2-flash:free,stop,,gen-1766302120-KWhNY1NtvLs6wp6I23zF
747,mbpp_train,0,1053,6093,0,C:\Users\durgamaniryudh\Desktop\Learn\llm_eval\test\mbpp_train\747\747_gen_0.sv,xiaomi/mimo-v2-flash:free,stop,,gen-1766302072-tD8ngMGlBeNzrcHxRQFp
3553,aapp_competition_test,0,891,1676,0,C:\Users\durgamaniryudh\Desktop\Learn\llm_eval\test\aapp_competition_test\3553\3553_gen_0.sv,xiaomi/mimo-v2-flash:free,stop,,gen-1766302128-vd6gMsLARURegiWcxz3F
3314,aapp_competition_test,0,833,4106,0,C:\Users\durgamaniryudh\Desktop\Learn\llm_eval\test\aapp_competition_test\3314\3314_gen_0.sv,xiaomi/mimo-v2-flash:free,stop,,gen-1766302121-JBkDMmFqyPaXIy8xtkrz
753,mbpp_train,0,781,4440,0,C:\Users\durgamaniryudh\Desktop\Learn\llm_eval\test\mbpp_train\753\753_gen_0.sv,xiaomi/mimo-v2-flash:free,stop,,gen-1766302154-WTpP99SriKOWvWfI3DKg
3557,aapp_competition_test,0,850,7252,0,C:\Users\durgamaniryudh\Desktop\Learn\llm_eval\test\aapp_competition_test\3557\3557_gen_0.sv,xiaomi/mimo-v2-flash:free,stop,,gen-1766302197-JJafOC3EHkSKPfFW01b7
3316,aapp_competition_test,0,852,10269,0,C:\Users\durgamaniryudh\Desktop\Learn\llm_eval\test\aapp_competition_test\3316\3316_gen_0.sv,xiaomi/mimo-v2-flash:free,stop,,gen-1766302187-F0LJBbuGQ0Yvy2TLISZ7
3552,aapp_competition_test,0,701,6856,0,C:\Users\durgamaniryudh\Desktop\Learn\llm_eval\test\aapp_competition_test\3552\3552_gen_0.sv,xiaomi/mimo-v2-flash:free,stop,,gen-1766302207-JOZhcZwAAP0bf8sUxaJe
754,mbpp_train,0,535,180,0,C:\Users\durgamaniryudh\Desktop\Learn\llm_eval\test\mbpp_train\754\754_gen_0.sv,xiaomi/mimo-v2-flash:free,stop,,gen-1766302280-n00r4tTd9fTo8ZALG3v6
3268,aapp_competition_test,0,1043,11260,0,C:\Users\durgamaniryudh\Desktop\Learn\llm_eval\test\aapp_competition_test\3268\3268_gen_0.sv,xiaomi/mimo-v2-flash:free,stop,,gen-1766302157-PxL5HfeMMmT4PZyoAZuD
3271,aapp_competition_test,0,932,4578,0,C:\Users\durgamaniryudh\Desktop\Learn\llm_eval\test\aapp_competition_test\3271\3271_gen_0.sv,xiaomi/mimo-v2-flash:free,stop,,gen-1766302296-vRQ9F1KffvpUbFiT8AHq
3654,aapp_competition_test,0,1095,2383,0,C:\Users\durgamaniryudh\Desktop\Learn\llm_eval\test\aapp_competition_test\3654\3654_gen_0.sv,xiaomi/mimo-v2-flash:free,stop,,gen-1766302361-WUJz1qZ7ViZi2RtfUdio
749,mbpp_train,0,1083,825,0,C:\Users\durgamaniryudh\Desktop\Learn\llm_eval\test\mbpp_train\749\749_gen_0.sv,xiaomi/mimo-v2-flash:free,stop,,gen-1766302386-a6t6fLY1VgA2JVzzHI3F
3310,aapp_competition_test,0,943,65536,0,C:\Users\durgamaniryudh\Desktop\Learn\llm_eval\test\aapp_competition_test\3310\3310_gen_0.sv,xiaomi/mimo-v2-flash:free,length,,gen-1766301848-uEtGYg6glGDneXKZuVlu
3545,aapp_competition_test,0,2436,65536,0,C:\Users\durgamaniryudh\Desktop\Learn\llm_eval\test\aapp_competition_test\3545\3545_gen_0.sv,xiaomi/mimo-v2-flash:free,length,,gen-1766301779-LnNBnct74wF6SBuDPQOM
3658,aapp_competition_test,0,815,33140,0,C:\Users\durgamaniryudh\Desktop\Learn\llm_eval\test\aapp_competition_test\3658\3658_gen_0.sv,xiaomi/mimo-v2-flash:free,stop,,gen-1766302068-CEtyFClt294C47fYanmu
3317,aapp_competition_test,0,672,1727,0,C:\Users\durgamaniryudh\Desktop\Learn\llm_eval\test\aapp_competition_test\3317\3317_gen_0.sv,xiaomi/mimo-v2-flash:free,stop,,gen-1766302434-ObbVMECjTmls0fG5f2Qy
3664,aapp_competition_test,0,790,2319,0,C:\Users\durgamaniryudh\Desktop\Learn\llm_eval\test\aapp_competition_test\3664\3664_gen_0.sv,xiaomi/mimo-v2-flash:free,stop,,gen-1766302491-7VnzPPVsJ3imjQOy0sjn
3265,aapp_competition_test,0,1559,12053,0,C:\Users\durgamaniryudh\Desktop\Learn\llm_eval\test\aapp_competition_test\3265\3265_gen_0.sv,xiaomi/mimo-v2-flash:free,stop,,gen-1766302400-02PqrzEDazVIoL0lH46A
756,mbpp_train,0,709,1463,0,C:\Users\durgamaniryudh\Desktop\Learn\llm_eval\test\mbpp_train\756\756_gen_0.sv,xiaomi/mimo-v2-flash:free,stop,,gen-1766302497-QVhhmZ4MKoLrmdthEZRv
3560,aapp_competition_test,0,1059,26424,0,C:\Users\durgamaniryudh\Desktop\Learn\llm_eval\test\aapp_competition_test\3560\3560_gen_0.sv,xiaomi/mimo-v2-flash:free,stop,,gen-1766302301-dPfFaC2zQYhv1HWvUeJo
3315,aapp_competition_test,0,970,28249,0,C:\Users\durgamaniryudh\Desktop\Learn\llm_eval\test\aapp_competition_test\3315\3315_gen_0.sv,xiaomi/mimo-v2-flash:free,stop,,gen-1766302298-he7FT3sv9mxNPuaAAG2Y
3550,aapp_competition_test,0,1153,62622,0,C:\Users\durgamaniryudh\Desktop\Learn\llm_eval\test\aapp_competition_test\3550\3550_gen_0.sv,xiaomi/mimo-v2-flash:free,stop,,gen-1766301971-QHb6byCu6WFetaBTAbiq
3661,aapp_competition_test,0,679,1205,0,C:\Users\durgamaniryudh\Desktop\Learn\llm_eval\test\aapp_competition_test\3661\3661_gen_0.sv,xiaomi/mimo-v2-flash:free,stop,,gen-1766302560-wd5hS2VuXr7xjT6tX6ug
757,mbpp_train,0,692,3317,0,C:\Users\durgamaniryudh\Desktop\Learn\llm_eval\test\mbpp_train\757\757_gen_0.sv,xiaomi/mimo-v2-flash:free,stop,,gen-1766302560-qiS3Dr0S4AWydxu5SfXl
3562,aapp_competition_test,0,817,7938,0,C:\Users\durgamaniryudh\Desktop\Learn\llm_eval\test\aapp_competition_test\3562\3562_gen_0.sv,xiaomi/mimo-v2-flash:free,stop,,gen-1766302516-djpWhZ03ltQQfyEANKUv
3270,aapp_competition_test,0,1205,14644,0,C:\Users\durgamaniryudh\Desktop\Learn\llm_eval\test\aapp_competition_test\3270\3270_gen_0.sv,xiaomi/mimo-v2-flash:free,stop,,gen-1766302512-KhLQZZNTPeU0hBo5UtQY
3318,aapp_competition_test,0,910,14401,0,C:\Users\durgamaniryudh\Desktop\Learn\llm_eval\test\aapp_competition_test\3318\3318_gen_0.sv,xiaomi/mimo-v2-flash:free,stop,,gen-1766302513-acm23fIilDClnhpt8QIT
755,mbpp_train,0,1159,760,0,C:\Users\durgamaniryudh\Desktop\Learn\llm_eval\test\mbpp_train\755\755_gen_0.sv,xiaomi/mimo-v2-flash:free,stop,,gen-1766302660-U7rezcwnKBsu7pdTgnyf
3275,aapp_competition_test,0,838,10839,0,C:\Users\durgamaniryudh\Desktop\Learn\llm_eval\test\aapp_competition_test\3275\3275_gen_0.sv,xiaomi/mimo-v2-flash:free,stop,,gen-1766302568-fmwB9z6SrlxRCrFy4AeC
3313,aapp_competition_test,0,747,2254,0,C:\Users\durgamaniryudh\Desktop\Learn\llm_eval\test\aapp_competition_test\3313\3313_gen_0.sv,xiaomi/mimo-v2-flash:free,stop,,gen-1766302668-Y7lR8uEwyPC6OVGpTJnZ
3665,aapp_competition_test,0,871,1767,0,C:\Users\durgamaniryudh\Desktop\Learn\llm_eval\test\aapp_competition_test\3665\3665_gen_0.sv,xiaomi/mimo-v2-flash:free,stop,,gen-1766302694-zoE62Dxz1p37xBNUZcyF
3567,aapp_competition_test,0,655,2642,0,C:\Users\durgamaniryudh\Desktop\Learn\llm_eval\test\aapp_competition_test\3567\3567_gen_0.sv,xiaomi/mimo-v2-flash:free,stop,,gen-1766302693-h5iTi1DoNt0Utpj3duln
3320,aapp_competition_test,0,625,11791,0,C:\Users\durgamaniryudh\Desktop\Learn\llm_eval\test\aapp_competition_test\3320\3320_gen_0.sv,xiaomi/mimo-v2-flash:free,stop,,gen-1766302571-yHbkF3eOdoRAHMnqGEWv
751,mbpp_train,0,741,685,0,C:\Users\durgamaniryudh\Desktop\Learn\llm_eval\test\mbpp_train\751\751_gen_0.sv,xiaomi/mimo-v2-flash:free,stop,,gen-1766302713-Jo56Tk0LoQsKbj6brwsF
3559,aapp_competition_test,0,1197,24509,0,C:\Users\durgamaniryudh\Desktop\Learn\llm_eval\test\aapp_competition_test\3559\3559_gen_0.sv,xiaomi/mimo-v2-flash:free,stop,,gen-1766302450-m6joqUptDnhPeeO2PHr4
3563,aapp_competition_test,0,672,9688,0,C:\Users\durgamaniryudh\Desktop\Learn\llm_eval\test\aapp_competition_test\3563\3563_gen_0.sv,xiaomi/mimo-v2-flash:free,stop,,gen-1766302606-Yd5ksl9eS757vqOls4Gf
760,mbpp_train,0,610,239,0,C:\Users\durgamaniryudh\Desktop\Learn\llm_eval\test\mbpp_train\760\760_gen_0.sv,xiaomi/mimo-v2-flash:free,stop,,gen-1766302740-RDaQXrDdnvNQvduFgPxt
3564,aapp_competition_test,0,1164,5877,0,C:\Users\durgamaniryudh\Desktop\Learn\llm_eval\test\aapp_competition_test\3564\3564_gen_0.sv,xiaomi/mimo-v2-flash:free,stop,,gen-1766302723-SRM11EL0kSpfo1PQBNHV
3666,aapp_competition_test,0,1001,3164,0,C:\Users\durgamaniryudh\Desktop\Learn\llm_eval\test\aapp_competition_test\3666\3666_gen_0.sv,xiaomi/mimo-v2-flash:free,stop,,gen-1766302733-PpjpijOouh1wh4N4tZSt
3323,aapp_competition_test,0,923,1060,0,C:\Users\durgamaniryudh\Desktop\Learn\llm_eval\test\aapp_competition_test\3323\3323_gen_0.sv,xiaomi/mimo-v2-flash:free,stop,,gen-1766302766-gVGlGjQ8o3QsohRKHRQB
3568,aapp_competition_test,0,1490,1336,0,C:\Users\durgamaniryudh\Desktop\Learn\llm_eval\test\aapp_competition_test\3568\3568_gen_0.sv,xiaomi/mimo-v2-flash:free,stop,,gen-1766302775-rkdGlqeMQaebgK6VD4Fl
762,mbpp_train,0,400,114,0,C:\Users\durgamaniryudh\Desktop\Learn\llm_eval\test\mbpp_train\762\762_gen_0.sv,xiaomi/mimo-v2-flash:free,stop,,gen-1766302785-xNylV78UBVSPccfvCySd
3670,aapp_competition_test,0,880,1116,0,C:\Users\durgamaniryudh\Desktop\Learn\llm_eval\test\aapp_competition_test\3670\3670_gen_0.sv,xiaomi/mimo-v2-flash:free,stop,,gen-1766302782-sdZDRLIWc9X9Inf51Igf
3276,aapp_competition_test,0,946,4806,0,C:\Users\durgamaniryudh\Desktop\Learn\llm_eval\test\aapp_competition_test\3276\3276_gen_0.sv,xiaomi/mimo-v2-flash:free,stop,,gen-1766302744-UVnPmAIC76Yv3aNhKuJ3
3322,aapp_competition_test,0,937,4826,0,C:\Users\durgamaniryudh\Desktop\Learn\llm_eval\test\aapp_competition_test\3322\3322_gen_0.sv,xiaomi/mimo-v2-flash:free,stop,,gen-1766302793-6CpwN7Tf1yrEhMP8qVde
3663,aapp_competition_test,0,1685,1804,0,C:\Users\durgamaniryudh\Desktop\Learn\llm_eval\test\aapp_competition_test\3663\3663_gen_0.sv,xiaomi/mimo-v2-flash:free,stop,,gen-1766302877-nDwIaE4T9GdsMJobWsNL
3319,aapp_competition_test,0,1232,21978,0,C:\Users\durgamaniryudh\Desktop\Learn\llm_eval\test\aapp_competition_test\3319\3319_gen_0.sv,xiaomi/mimo-v2-flash:free,stop,,gen-1766302716-o6gr6Egaf6DYc3Wu0tQN
3277,aapp_competition_test,0,550,10140,0,C:\Users\durgamaniryudh\Desktop\Learn\llm_eval\test\aapp_competition_test\3277\3277_gen_0.sv,xiaomi/mimo-v2-flash:free,stop,,gen-1766302793-27RGDltYEvcf2GjN4m3W
759,mbpp_train,0,693,1992,0,C:\Users\durgamaniryudh\Desktop\Learn\llm_eval\test\mbpp_train\759\759_gen_0.sv,xiaomi/mimo-v2-flash:free,stop,,gen-1766302916-5gI1eqCbZKYzhbUnQ5NH
3278,aapp_competition_test,0,822,6321,0,C:\Users\durgamaniryudh\Desktop\Learn\llm_eval\test\aapp_competition_test\3278\3278_gen_0.sv,xiaomi/mimo-v2-flash:free,stop,,gen-1766302917-553tSBJ3553G57JYug2J
3572,aapp_competition_test,0,954,4989,0,C:\Users\durgamaniryudh\Desktop\Learn\llm_eval\test\aapp_competition_test\3572\3572_gen_0.sv,xiaomi/mimo-v2-flash:free,stop,,gen-1766302942-GTaat0VPSmexby4LZMvR
3272,aapp_competition_test,0,882,32134,0,C:\Users\durgamaniryudh\Desktop\Learn\llm_eval\test\aapp_competition_test\3272\3272_gen_0.sv,xiaomi/mimo-v2-flash:free,stop,,gen-1766302667-R5VGzADEEXkXDiLpnE1b
758,mbpp_train,0,936,1938,0,C:\Users\durgamaniryudh\Desktop\Learn\llm_eval\test\mbpp_train\758\758_gen_0.sv,xiaomi/mimo-v2-flash:free,stop,,gen-1766302991-WBgBDEkGiOBkP8J9y9OJ
3660,aapp_competition_test,0,969,24149,0,C:\Users\durgamaniryudh\Desktop\Learn\llm_eval\test\aapp_competition_test\3660\3660_gen_0.sv,xiaomi/mimo-v2-flash:free,stop,,gen-1766302265-1SCL8nsHO29TdH8O0uZf
3282,aapp_competition_test,0,782,2590,0,C:\Users\durgamaniryudh\Desktop\Learn\llm_eval\test\aapp_competition_test\3282\3282_gen_0.sv,xiaomi/mimo-v2-flash:free,stop,,gen-1766302993-hSbvvTRW8DeqyB2rCjVU
3672,aapp_competition_test,0,837,1558,0,C:\Users\durgamaniryudh\Desktop\Learn\llm_eval\test\aapp_competition_test\3672\3672_gen_0.sv,xiaomi/mimo-v2-flash:free,stop,,gen-1766303017-1bMMvv4N5haMMUZSHgRU
3274,aapp_competition_test,0,692,32395,0,C:\Users\durgamaniryudh\Desktop\Learn\llm_eval\test\aapp_competition_test\3274\3274_gen_0.sv,xiaomi/mimo-v2-flash:free,stop,,gen-1766302715-58UGyyElsUYjAF3ujRaN
3662,aapp_competition_test,0,1016,23725,0,C:\Users\durgamaniryudh\Desktop\Learn\llm_eval\test\aapp_competition_test\3662\3662_gen_0.sv,xiaomi/mimo-v2-flash:free,stop,,gen-1766302609-vp0X3JmLBSCHKdzEd9VD
764,mbpp_train,0,575,760,0,C:\Users\durgamaniryudh\Desktop\Learn\llm_eval\test\mbpp_train\764\764_gen_0.sv,xiaomi/mimo-v2-flash:free,stop,,gen-1766303032-asoSjrNxAUaha7PHDR3G
3574,aapp_competition_test,0,2832,848,0,C:\Users\durgamaniryudh\Desktop\Learn\llm_eval\test\aapp_competition_test\3574\3574_gen_0.sv,xiaomi/mimo-v2-flash:free,stop,,gen-1766303043-MrO5mfjv2szrnZ8TI7nQ
3667,aapp_competition_test,0,1714,5538,0,C:\Users\durgamaniryudh\Desktop\Learn\llm_eval\test\aapp_competition_test\3667\3667_gen_0.sv,xiaomi/mimo-v2-flash:free,stop,,gen-1766302963-QarCCGlDCXgZmjcRr3pL
3284,aapp_competition_test,0,776,2283,0,C:\Users\durgamaniryudh\Desktop\Learn\llm_eval\test\aapp_competition_test\3284\3284_gen_0.sv,xiaomi/mimo-v2-flash:free,stop,,gen-1766303037-k6VKg25UMoNsFbdS3Zt7
3570,aapp_competition_test,0,1076,3226,0,C:\Users\durgamaniryudh\Desktop\Learn\llm_eval\test\aapp_competition_test\3570\3570_gen_0.sv,xiaomi/mimo-v2-flash:free,stop,,gen-1766303014-sDGEtzd1gFuNoz6ER5vc
3675,aapp_competition_test,0,3104,1627,0,C:\Users\durgamaniryudh\Desktop\Learn\llm_eval\test\aapp_competition_test\3675\3675_gen_0.sv,xiaomi/mimo-v2-flash:free,stop,,gen-1766303051-iyvgOr4NwBU8vgWvkiHi
763,mbpp_train,0,658,1245,0,C:\Users\durgamaniryudh\Desktop\Learn\llm_eval\test\mbpp_train\763\763_gen_0.sv,xiaomi/mimo-v2-flash:free,stop,,gen-1766303062-ytZggkuTx3rHFvbpOyX3
3326,aapp_competition_test,0,741,3866,0,C:\Users\durgamaniryudh\Desktop\Learn\llm_eval\test\aapp_competition_test\3326\3326_gen_0.sv,xiaomi/mimo-v2-flash:free,stop,,gen-1766303063-KXtzQ4WTEO3L6ywqzQum
3571,aapp_competition_test,0,3831,3275,0,C:\Users\durgamaniryudh\Desktop\Learn\llm_eval\test\aapp_competition_test\3571\3571_gen_0.sv,xiaomi/mimo-v2-flash:free,stop,,gen-1766303063-DALCrKnotHOfScTQKlQ3
770,mbpp_train,0,565,306,0,C:\Users\durgamaniryudh\Desktop\Learn\llm_eval\test\mbpp_train\770\770_gen_0.sv,xiaomi/mimo-v2-flash:free,stop,,gen-1766303097-YvOZ2UsjY3Fj7yMXYQCE
3324,aapp_competition_test,0,1190,17995,0,C:\Users\durgamaniryudh\Desktop\Learn\llm_eval\test\aapp_competition_test\3324\3324_gen_0.sv,xiaomi/mimo-v2-flash:free,stop,,gen-1766302919-4nM6ZcoDgWwaYmaCMEli
3674,aapp_competition_test,0,841,5539,0,C:\Users\durgamaniryudh\Desktop\Learn\llm_eval\test\aapp_competition_test\3674\3674_gen_0.sv,xiaomi/mimo-v2-flash:free,stop,,gen-1766303072-2WZKI8pciSfXvLARjECX
3327,aapp_competition_test,0,763,9956,0,C:\Users\durgamaniryudh\Desktop\Learn\llm_eval\test\aapp_competition_test\3327\3327_gen_0.sv,xiaomi/mimo-v2-flash:free,stop,,gen-1766303038-DisWrS1Y2l3LGZc0qLTm
3285,aapp_competition_test,0,851,4582,0,C:\Users\durgamaniryudh\Desktop\Learn\llm_eval\test\aapp_competition_test\3285\3285_gen_0.sv,xiaomi/mimo-v2-flash:free,stop,,gen-1766303100-JNWsrTpXlUkM07TBfVao
766,mbpp_train,0,508,227,0,C:\Users\durgamaniryudh\Desktop\Learn\llm_eval\test\mbpp_train\766\766_gen_0.sv,xiaomi/mimo-v2-flash:free,stop,,gen-1766303139-zVMzYwOhlkcc8Qyoj2fD
3329,aapp_competition_test,0,856,8585,0,C:\Users\durgamaniryudh\Desktop\Learn\llm_eval\test\aapp_competition_test\3329\3329_gen_0.sv,xiaomi/mimo-v2-flash:free,stop,,gen-1766303105-hhUZHNAk5uJCCrkTkEno
3577,aapp_competition_test,0,868,361,0,C:\Users\durgamaniryudh\Desktop\Learn\llm_eval\test\aapp_competition_test\3577\3577_gen_0.sv,xiaomi/mimo-v2-flash:free,stop,,gen-1766303220-J4WMtMD9gjDmXlElXbPy
3280,aapp_competition_test,0,865,16251,0,C:\Users\durgamaniryudh\Desktop\Learn\llm_eval\test\aapp_competition_test\3280\3280_gen_0.sv,xiaomi/mimo-v2-flash:free,stop,,gen-1766303062-aIQ5Y4HAgM2cTslLRKIp
3289,aapp_competition_test,0,783,6072,0,C:\Users\durgamaniryudh\Desktop\Learn\llm_eval\test\aapp_competition_test\3289\3289_gen_0.sv,xiaomi/mimo-v2-flash:free,stop,,gen-1766303148-WDCSrEaycWsaqvNwz4uV
3575,aapp_competition_test,0,1752,6918,0,C:\Users\durgamaniryudh\Desktop\Learn\llm_eval\test\aapp_competition_test\3575\3575_gen_0.sv,xiaomi/mimo-v2-flash:free,stop,,gen-1766303127-6LdwJzSPteFRJGnbEJ6o
771,mbpp_train,0,689,1452,0,C:\Users\durgamaniryudh\Desktop\Learn\llm_eval\test\mbpp_train\771\771_gen_0.sv,xiaomi/mimo-v2-flash:free,stop,,gen-1766303251-ZepNf0JgbJY1ue5YcALn
3331,aapp_competition_test,0,967,8778,0,C:\Users\durgamaniryudh\Desktop\Learn\llm_eval\test\aapp_competition_test\3331\3331_gen_0.sv,xiaomi/mimo-v2-flash:free,stop,,gen-1766303166-zd47Xx9CdqD45GE91wYh
3286,aapp_competition_test,0,831,3877,0,C:\Users\durgamaniryudh\Desktop\Learn\llm_eval\test\aapp_competition_test\3286\3286_gen_0.sv,xiaomi/mimo-v2-flash:free,stop,,gen-1766303256-Bwly4c44xqbfm0GcYhlV
3676,aapp_competition_test,0,925,3144,0,C:\Users\durgamaniryudh\Desktop\Learn\llm_eval\test\aapp_competition_test\3676\3676_gen_0.sv,xiaomi/mimo-v2-flash:free,stop,,gen-1766303282-3R3sGyJFc8gFYVqxQ2q6
3325,aapp_competition_test,0,3159,4525,0,C:\Users\durgamaniryudh\Desktop\Learn\llm_eval\test\aapp_competition_test\3325\3325_gen_0.sv,xiaomi/mimo-v2-flash:free,stop,,gen-1766303259-16KeAaRMiKJnYh3kuLIh
767,mbpp_train,0,645,2170,0,C:\Users\durgamaniryudh\Desktop\Learn\llm_eval\test\mbpp_train\767\767_gen_0.sv,xiaomi/mimo-v2-flash:free,stop,,gen-1766303302-8zUZuajdJykjqoIEy3ts
3335,aapp_competition_test,0,828,1271,0,C:\Users\durgamaniryudh\Desktop\Learn\llm_eval\test\aapp_competition_test\3335\3335_gen_0.sv,xiaomi/mimo-v2-flash:free,stop,,gen-1766303311-g0qqU3dQO8EOctSCip84
3580,aapp_competition_test,0,805,1213,0,C:\Users\durgamaniryudh\Desktop\Learn\llm_eval\test\aapp_competition_test\3580\3580_gen_0.sv,xiaomi/mimo-v2-flash:free,stop,,gen-1766303318-SANwgo02RL1cKgKwRtm7
773,mbpp_train,0,765,1606,0,C:\Users\durgamaniryudh\Desktop\Learn\llm_eval\test\mbpp_train\773\773_gen_0.sv,xiaomi/mimo-v2-flash:free,stop,,gen-1766303340-sZmi5aefvwmKGLk95p1K
3680,aapp_competition_test,0,719,3992,0,C:\Users\durgamaniryudh\Desktop\Learn\llm_eval\test\aapp_competition_test\3680\3680_gen_0.sv,xiaomi/mimo-v2-flash:free,stop,,gen-1766303321-8sviaQMs1G15I6thSBi0
3673,aapp_competition_test,0,1855,10122,0,C:\Users\durgamaniryudh\Desktop\Learn\llm_eval\test\aapp_competition_test\3673\3673_gen_0.sv,xiaomi/mimo-v2-flash:free,stop,,gen-1766303134-Cjcvx1MsxT778uPqyoIe
3333,aapp_competition_test,0,946,16097,0,C:\Users\durgamaniryudh\Desktop\Learn\llm_eval\test\aapp_competition_test\3333\3333_gen_0.sv,xiaomi/mimo-v2-flash:free,stop,,gen-1766303377-T2ayAkWLG5JsnfUibRqs
3578,aapp_competition_test,0,807,23581,0,C:\Users\durgamaniryudh\Desktop\Learn\llm_eval\test\aapp_competition_test\3578\3578_gen_0.sv,xiaomi/mimo-v2-flash:free,stop,,gen-1766303437-Q6UTRjxxeP9UQ0gUTnKB
776,mbpp_train,0,665,1497,0,C:\Users\durgamaniryudh\Desktop\Learn\llm_eval\test\mbpp_train\776\776_gen_0.sv,xiaomi/mimo-v2-flash:free,stop,,gen-1766303731-kp3FnJTs302RA8SE1unW
3295,aapp_competition_test,0,672,3300,0,C:\Users\durgamaniryudh\Desktop\Learn\llm_eval\test\aapp_competition_test\3295\3295_gen_0.sv,xiaomi/mimo-v2-flash:free,stop,,gen-1766303744-FZ3blHGrlc7xjL86Wnnh
3337,aapp_competition_test,0,1146,2516,0,C:\Users\durgamaniryudh\Desktop\Learn\llm_eval\test\aapp_competition_test\3337\3337_gen_0.sv,xiaomi/mimo-v2-flash:free,stop,,gen-1766303794-pTZ4tPpjS3uv2bvbDmDf
3677,aapp_competition_test,0,771,31644,0,C:\Users\durgamaniryudh\Desktop\Learn\llm_eval\test\aapp_competition_test\3677\3677_gen_0.sv,xiaomi/mimo-v2-flash:free,stop,,gen-1766303547-cMNyKDx9tsaPzz6FO4aT
3583,aapp_competition_test,0,562,7745,0,C:\Users\durgamaniryudh\Desktop\Learn\llm_eval\test\aapp_competition_test\3583\3583_gen_0.sv,xiaomi/mimo-v2-flash:free,stop,,gen-1766303834-oWhhpB384EDkZGY6MbzP
775,mbpp_train,0,851,518,0,C:\Users\durgamaniryudh\Desktop\Learn\llm_eval\test\mbpp_train\775\775_gen_0.sv,xiaomi/mimo-v2-flash:free,stop,,gen-1766303899-eO1Sw7qALklNxKRVsvVa
3678,aapp_competition_test,0,757,11053,0,C:\Users\durgamaniryudh\Desktop\Learn\llm_eval\test\aapp_competition_test\3678\3678_gen_0.sv,xiaomi/mimo-v2-flash:free,stop,,gen-1766303870-Z5fKAATU7xUinvkeVO4P
3298,aapp_competition_test,0,612,14320,0,C:\Users\durgamaniryudh\Desktop\Learn\llm_eval\test\aapp_competition_test\3298\3298_gen_0.sv,xiaomi/mimo-v2-flash:free,stop,,gen-1766303905-KeZJ9hOx2dBfJKXuSJSK
3579,aapp_competition_test,0,852,4173,0,C:\Users\durgamaniryudh\Desktop\Learn\llm_eval\test\aapp_competition_test\3579\3579_gen_0.sv,xiaomi/mimo-v2-flash:free,stop,,gen-1766304027-0AyRY9qaOiY6HGC8vV5r
3338,aapp_competition_test,0,619,13137,0,C:\Users\durgamaniryudh\Desktop\Learn\llm_eval\test\aapp_competition_test\3338\3338_gen_0.sv,xiaomi/mimo-v2-flash:free,stop,,gen-1766303973-RS5KAq31xgdJW4K01q3Q
778,mbpp_train,0,687,1087,0,C:\Users\durgamaniryudh\Desktop\Learn\llm_eval\test\mbpp_train\778\778_gen_0.sv,xiaomi/mimo-v2-flash:free,stop,,gen-1766304091-b64U83CRbNgZMAZsWseY
3681,aapp_competition_test,0,904,2084,0,C:\Users\durgamaniryudh\Desktop\Learn\llm_eval\test\aapp_competition_test\3681\3681_gen_0.sv,xiaomi/mimo-v2-flash:free,stop,,gen-1766304087-i8HcfDeVRSn2GJHLlWu8
3573,aapp_competition_test,0,1009,26300,0,C:\Users\durgamaniryudh\Desktop\Learn\llm_eval\test\aapp_competition_test\3573\3573_gen_0.sv,xiaomi/mimo-v2-flash:free,stop,,gen-1766303756-Ba4Lm9j4iQcTFwT9eqNX
3566,aapp_competition_test,0,1516,1774,0,C:\Users\durgamaniryudh\Desktop\Learn\llm_eval\test\aapp_competition_test\3566\3566_gen_0.sv,xiaomi/mimo-v2-flash:free,stop,,gen-1766304120-Iw258Fqb9CmI0EDjDqLQ
3684,aapp_competition_test,0,741,5497,0,C:\Users\durgamaniryudh\Desktop\Learn\llm_eval\test\aapp_competition_test\3684\3684_gen_0.sv,xiaomi/mimo-v2-flash:free,stop,,gen-1766304134-QLcSQHGYlDEwNZkeUG0P
772,mbpp_train,0,843,2021,0,C:\Users\durgamaniryudh\Desktop\Learn\llm_eval\test\mbpp_train\772\772_gen_0.sv,xiaomi/mimo-v2-flash:free,stop,,gen-1766304181-rYI1ayVte4GY3h6gTnR9
3296,aapp_competition_test,0,600,10327,0,C:\Users\durgamaniryudh\Desktop\Learn\llm_eval\test\aapp_competition_test\3296\3296_gen_0.sv,xiaomi/mimo-v2-flash:free,stop,,gen-1766304102-OusbzPONjavPhyFCeOV1
3287,aapp_competition_test,0,715,2322,0,C:\Users\durgamaniryudh\Desktop\Learn\llm_eval\test\aapp_competition_test\3287\3287_gen_0.sv,xiaomi/mimo-v2-flash:free,stop,,gen-1766304198-YSMaNsUArlKtnEJNN52U
3312,aapp_competition_test,0,907,65536,0,C:\Users\durgamaniryudh\Desktop\Learn\llm_eval\test\aapp_competition_test\3312\3312_gen_0.sv,xiaomi/mimo-v2-flash:free,length,,gen-1766302096-FllkNREtBLKZq3tvyZaG
3569,aapp_competition_test,0,781,65536,0,C:\Users\durgamaniryudh\Desktop\Learn\llm_eval\test\aapp_competition_test\3569\3569_gen_0.sv,xiaomi/mimo-v2-flash:free,length,,gen-1766302812-bEP8e9G4Ul4FylDhMheE
3336,aapp_competition_test,0,4938,3969,0,C:\Users\durgamaniryudh\Desktop\Learn\llm_eval\test\aapp_competition_test\3336\3336_gen_0.sv,xiaomi/mimo-v2-flash:free,stop,,gen-1766304209-ybBmk7715X1cucLnEwCH
3297,aapp_competition_test,0,787,795,0,C:\Users\durgamaniryudh\Desktop\Learn\llm_eval\test\aapp_competition_test\3297\3297_gen_0.sv,xiaomi/mimo-v2-flash:free,stop,,gen-1766304258-uQmEKYS4DKn9ZmnZM1se
3332,aapp_competition_test,0,929,1893,0,C:\Users\durgamaniryudh\Desktop\Learn\llm_eval\test\aapp_competition_test\3332\3332_gen_0.sv,xiaomi/mimo-v2-flash:free,stop,,gen-1766304269-32z41x1cLGrsus3y90pk
3340,aapp_competition_test,0,674,18771,0,C:\Users\durgamaniryudh\Desktop\Learn\llm_eval\test\aapp_competition_test\3340\3340_gen_0.sv,xiaomi/mimo-v2-flash:free,stop,,gen-1766304110-eaGQHzOM5bkKL2Gnpyyl
781,mbpp_train,0,627,3961,0,C:\Users\durgamaniryudh\Desktop\Learn\llm_eval\test\mbpp_train\781\781_gen_0.sv,xiaomi/mimo-v2-flash:free,stop,,gen-1766304248-IkxajU1lKPNe0xyzHfQg
782,mbpp_train,0,626,870,0,C:\Users\durgamaniryudh\Desktop\Learn\llm_eval\test\mbpp_train\782\782_gen_0.sv,xiaomi/mimo-v2-flash:free,stop,,gen-1766304296-SBvFR9MZ3QaEv6zN786r
3328,aapp_competition_test,0,654,65536,0,C:\Users\durgamaniryudh\Desktop\Learn\llm_eval\test\aapp_competition_test\3328\3328_gen_0.sv,xiaomi/mimo-v2-flash:free,length,,gen-1766303008-ihxUEuWmQHFaUwyUwQzA
3341,aapp_competition_test,0,827,1344,0,C:\Users\durgamaniryudh\Desktop\Learn\llm_eval\test\aapp_competition_test\3341\3341_gen_0.sv,xiaomi/mimo-v2-flash:free,stop,,gen-1766304382-j7d5gHO1TZ3oiM1zOkLv
3585,aapp_competition_test,0,625,951,0,C:\Users\durgamaniryudh\Desktop\Learn\llm_eval\test\aapp_competition_test\3585\3585_gen_0.sv,xiaomi/mimo-v2-flash:free,stop,,gen-1766304394-LOk2nsGeQ8hLya5oneo7
3300,aapp_competition_test,0,843,8540,0,C:\Users\durgamaniryudh\Desktop\Learn\llm_eval\test\aapp_competition_test\3300\3300_gen_0.sv,xiaomi/mimo-v2-flash:free,stop,,gen-1766304306-UgVs7DSZZzy1d53jpV8F
777,mbpp_train,0,643,1258,0,C:\Users\durgamaniryudh\Desktop\Learn\llm_eval\test\mbpp_train\777\777_gen_0.sv,xiaomi/mimo-v2-flash:free,stop,,gen-1766304411-EaRbkq7sPDUhYgNgjPsh
3291,aapp_competition_test,0,840,608,0,C:\Users\durgamaniryudh\Desktop\Learn\llm_eval\test\aapp_competition_test\3291\3291_gen_0.sv,xiaomi/mimo-v2-flash:free,stop,,gen-1766304422-Hie065srsHW968Vke7Lw
3683,aapp_competition_test,0,891,5144,0,C:\Users\durgamaniryudh\Desktop\Learn\llm_eval\test\aapp_competition_test\3683\3683_gen_0.sv,xiaomi/mimo-v2-flash:free,stop,,gen-1766304403-EgMfta7hQPaljXv70fzj
3581,aapp_competition_test,0,843,15441,0,C:\Users\durgamaniryudh\Desktop\Learn\llm_eval\test\aapp_competition_test\3581\3581_gen_0.sv,xiaomi/mimo-v2-flash:free,stop,,gen-1766304286-1L91JCvTOQ1DyQEWvER8
3586,aapp_competition_test,0,689,1292,0,C:\Users\durgamaniryudh\Desktop\Learn\llm_eval\test\aapp_competition_test\3586\3586_gen_0.sv,xiaomi/mimo-v2-flash:free,stop,,gen-1766304452-ItO7VLjNEfJ8hjn6Anhu
3294,aapp_competition_test,0,901,22191,0,C:\Users\durgamaniryudh\Desktop\Learn\llm_eval\test\aapp_competition_test\3294\3294_gen_0.sv,xiaomi/mimo-v2-flash:free,stop,,gen-1766303308-Os0LmbXsokVUafYnQRwX
3687,aapp_competition_test,0,1021,3092,0,C:\Users\durgamaniryudh\Desktop\Learn\llm_eval\test\aapp_competition_test\3687\3687_gen_0.sv,xiaomi/mimo-v2-flash:free,stop,,gen-1766304457-BkWJ8Zazlsa70Grd7Kl4
3299,aapp_competition_test,0,1804,1081,0,C:\Users\durgamaniryudh\Desktop\Learn\llm_eval\test\aapp_competition_test\3299\3299_gen_0.sv,xiaomi/mimo-v2-flash:free,stop,,gen-1766304474-mvbI65y1RTyiYpeEPyzq
3682,aapp_competition_test,0,747,17460,0,C:\Users\durgamaniryudh\Desktop\Learn\llm_eval\test\aapp_competition_test\3682\3682_gen_0.sv,xiaomi/mimo-v2-flash:free,stop,,gen-1766304224-7h8uPxVb5xHJNRlmBbev
3685,aapp_competition_test,0,835,15407,0,C:\Users\durgamaniryudh\Desktop\Learn\llm_eval\test\aapp_competition_test\3685\3685_gen_0.sv,xiaomi/mimo-v2-flash:free,stop,,gen-1766304287-4HUXmkDc5afD9OYRC2Y3
3589,aapp_competition_test,0,691,1900,0,C:\Users\durgamaniryudh\Desktop\Learn\llm_eval\test\aapp_competition_test\3589\3589_gen_0.sv,xiaomi/mimo-v2-flash:free,stop,,gen-1766304485-IJyNVOkt0UVkvnD3qWUx
779,mbpp_train,0,888,664,0,C:\Users\durgamaniryudh\Desktop\Learn\llm_eval\test\mbpp_train\779\779_gen_0.sv,xiaomi/mimo-v2-flash:free,stop,,gen-1766304504-cmIYCfFFYB66tycHzi1D
3301,aapp_competition_test,0,936,1582,0,C:\Users\durgamaniryudh\Desktop\Learn\llm_eval\test\aapp_competition_test\3301\3301_gen_0.sv,xiaomi/mimo-v2-flash:free,stop,,gen-1766304505-EDSybGjYudAXv0omvDZg
783,mbpp_train,0,889,6377,0,C:\Users\durgamaniryudh\Desktop\Learn\llm_eval\test\mbpp_train\783\783_gen_0.sv,xiaomi/mimo-v2-flash:free,stop,,gen-1766304461-Kgz1fRgrTB0GpT8vhkqY
3690,aapp_competition_test,0,970,1503,0,C:\Users\durgamaniryudh\Desktop\Learn\llm_eval\test\aapp_competition_test\3690\3690_gen_0.sv,xiaomi/mimo-v2-flash:free,stop,,gen-1766304523-xsGxXiPjqm1s76yDEWUr
769,mbpp_train,0,605,781,0,C:\Users\durgamaniryudh\Desktop\Learn\llm_eval\test\mbpp_train\769\769_gen_0.sv,xiaomi/mimo-v2-flash:free,stop,,gen-1766304536-miNDKWaMhjL5EHlG7pDy
3686,aapp_competition_test,0,1039,10915,0,C:\Users\durgamaniryudh\Desktop\Learn\llm_eval\test\aapp_competition_test\3686\3686_gen_0.sv,xiaomi/mimo-v2-flash:free,stop,,gen-1766304488-FXAUTHJ4s7PpmP5Idwqc
3342,aapp_competition_test,0,1058,25760,0,C:\Users\durgamaniryudh\Desktop\Learn\llm_eval\test\aapp_competition_test\3342\3342_gen_0.sv,xiaomi/mimo-v2-flash:free,stop,,gen-1766304429-1aWYrTmAfRDY4ExNCNQH
3344,aapp_competition_test,0,1039,17503,0,C:\Users\durgamaniryudh\Desktop\Learn\llm_eval\test\aapp_competition_test\3344\3344_gen_0.sv,xiaomi/mimo-v2-flash:free,stop,,gen-1766304511-EF3RZ00fo2P0H39e4CLX
3587,aapp_competition_test,0,779,7404,0,C:\Users\durgamaniryudh\Desktop\Learn\llm_eval\test\aapp_competition_test\3587\3587_gen_0.sv,xiaomi/mimo-v2-flash:free,stop,,gen-1766304662-AHkMl5RlWlDAyJHkq1ct
784,mbpp_train,0,732,896,0,C:\Users\durgamaniryudh\Desktop\Learn\llm_eval\test\mbpp_train\784\784_gen_0.sv,xiaomi/mimo-v2-flash:free,stop,,gen-1766304756-7XehGXu6WmBV05BCffnq
3288,aapp_competition_test,0,10856,1286,0,C:\Users\durgamaniryudh\Desktop\Learn\llm_eval\test\aapp_competition_test\3288\3288_gen_0.sv,xiaomi/mimo-v2-flash:free,stop,,gen-1766304765-gwdurFbQAI0A4bxc4sMs
3656,aapp_competition_test,0,1210,65536,0,C:\Users\durgamaniryudh\Desktop\Learn\llm_eval\test\aapp_competition_test\3656\3656_gen_0.sv,xiaomi/mimo-v2-flash:free,length,,gen-1766302148-PQQ6NCv2fCBHTTAbsKL2
3694,aapp_competition_test,0,844,5138,0,C:\Users\durgamaniryudh\Desktop\Learn\llm_eval\test\aapp_competition_test\3694\3694_gen_0.sv,xiaomi/mimo-v2-flash:free,stop,,gen-1766304727-U0IkuZMBrj256gXiwmB0
3292,aapp_competition_test,0,2009,65536,0,C:\Users\durgamaniryudh\Desktop\Learn\llm_eval\test\aapp_competition_test\3292\3292_gen_0.sv,xiaomi/mimo-v2-flash:free,length,,gen-1766303353-GGnhTWFnctCRgzmCLkyp
3592,aapp_competition_test,0,762,3223,0,C:\Users\durgamaniryudh\Desktop\Learn\llm_eval\test\aapp_competition_test\3592\3592_gen_0.sv,xiaomi/mimo-v2-flash:free,stop,,gen-1766304788-ftIRzrqC4GW45YNzmML7
3303,aapp_competition_test,0,726,3136,0,C:\Users\durgamaniryudh\Desktop\Learn\llm_eval\test\aapp_competition_test\3303\3303_gen_0.sv,xiaomi/mimo-v2-flash:free,stop,,gen-1766304837-8BqetMm7HLqg3ehxn1cb
786,mbpp_train,0,657,4947,0,C:\Users\durgamaniryudh\Desktop\Learn\llm_eval\test\mbpp_train\786\786_gen_0.sv,xiaomi/mimo-v2-flash:free,stop,,gen-1766304810-xA1ubKGJgXwyD8ovQCaJ
3346,aapp_competition_test,0,928,8684,0,C:\Users\durgamaniryudh\Desktop\Learn\llm_eval\test\aapp_competition_test\3346\3346_gen_0.sv,xiaomi/mimo-v2-flash:free,stop,,gen-1766304776-FaU8qLxu6eOZ28CHN3py
3590,aapp_competition_test,0,847,25343,0,C:\Users\durgamaniryudh\Desktop\Learn\llm_eval\test\aapp_competition_test\3590\3590_gen_0.sv,xiaomi/mimo-v2-flash:free,stop,,gen-1766304578-gUkdceFEqDx2PFWKdIM3
780,mbpp_train,0,895,598,0,C:\Users\durgamaniryudh\Desktop\Learn\llm_eval\test\mbpp_train\780\780_gen_0.sv,xiaomi/mimo-v2-flash:free,stop,,gen-1766304886-uX9xujWt2hov7JAS9HD1
3584,aapp_competition_test,0,2977,3257,0,C:\Users\durgamaniryudh\Desktop\Learn\llm_eval\test\aapp_competition_test\3584\3584_gen_0.sv,xiaomi/mimo-v2-flash:free,stop,,gen-1766304879-mctuXSMwfZSzepKU7ppg
3348,aapp_competition_test,0,1187,6226,0,C:\Users\durgamaniryudh\Desktop\Learn\llm_eval\test\aapp_competition_test\3348\3348_gen_0.sv,xiaomi/mimo-v2-flash:free,stop,,gen-1766304868-zlBR5XwarxiFrGCsUTP2
3055,aapp_competition_test,0,919,4842,0,C:\Users\durgamaniryudh\Desktop\Learn\llm_eval\test\aapp_competition_test\3055\3055_gen_0.sv,xiaomi/mimo-v2-flash:free,stop,,gen-1766304892-jspJEebGqc77RdpfjJQD
3793,aapp_competition_test,0,4216,4178,0,C:\Users\durgamaniryudh\Desktop\Learn\llm_eval\test\aapp_competition_test\3793\3793_gen_0.sv,xiaomi/mimo-v2-flash:free,stop,,gen-1766304935-5LzoJW2J9YnuRYeXUP2F
52,human_eval_test,0,524,160,0,C:\Users\durgamaniryudh\Desktop\Learn\llm_eval\test\human_eval_test\52\52_gen_0.sv,xiaomi/mimo-v2-flash:free,stop,,gen-1766304962-pdTaZJ4OxOuHhI9yldbr
86,mbpp_test,0,498,352,0,C:\Users\durgamaniryudh\Desktop\Learn\llm_eval\test\mbpp_test\86\86_gen_0.sv,xiaomi/mimo-v2-flash:free,stop,,gen-1766304966-1fVwaZMbM6HxC3g6uyJQ
3698,aapp_competition_test,0,856,18349,0,C:\Users\durgamaniryudh\Desktop\Learn\llm_eval\test\aapp_competition_test\3698\3698_gen_0.sv,xiaomi/mimo-v2-flash:free,stop,,gen-1766304798-N0mSOlKerZslw9wS0eSd
3343,aapp_competition_test,0,829,23191,0,C:\Users\durgamaniryudh\Desktop\Learn\llm_eval\test\aapp_competition_test\3343\3343_gen_0.sv,xiaomi/mimo-v2-flash:free,stop,,gen-1766304482-TDRD0JbK9yqfjuVwK6TI
3699,aapp_competition_test,0,768,7847,0,C:\Users\durgamaniryudh\Desktop\Learn\llm_eval\test\aapp_competition_test\3699\3699_gen_0.sv,xiaomi/mimo-v2-flash:free,stop,,gen-1766304880-81Wnf070OXkGGY2Jnyud
3451,aapp_competition_test,0,1477,8449,0,C:\Users\durgamaniryudh\Desktop\Learn\llm_eval\test\aapp_competition_test\3451\3451_gen_0.sv,xiaomi/mimo-v2-flash:free,stop,,gen-1766304912-pXSVls5Sj8nm5zXFdOMN
53,human_eval_test,0,436,59,0,C:\Users\durgamaniryudh\Desktop\Learn\llm_eval\test\human_eval_test\53\53_gen_0.sv,xiaomi/mimo-v2-flash:free,stop,,gen-1766304992-P6tORC59BT4t4fZnKGID
3805,aapp_competition_test,0,730,750,0,C:\Users\durgamaniryudh\Desktop\Learn\llm_eval\test\aapp_competition_test\3805\3805_gen_0.sv,xiaomi/mimo-v2-flash:free,stop,,gen-1766304986-qvpfhXKrkqpMsOGIo9f0
3302,aapp_competition_test,0,1038,11954,0,C:\Users\durgamaniryudh\Desktop\Learn\llm_eval\test\aapp_competition_test\3302\3302_gen_0.sv,xiaomi/mimo-v2-flash:free,stop,,gen-1766304549-9dUkWpIQs1T5JAGPUcSh
3901,aapp_competition_test,0,812,2943,0,C:\Users\durgamaniryudh\Desktop\Learn\llm_eval\test\aapp_competition_test\3901\3901_gen_0.sv,xiaomi/mimo-v2-flash:free,stop,,gen-1766304989-uxBUXognDHAQVEx3Qewf
71,mbpp_test,0,2668,7630,0,C:\Users\durgamaniryudh\Desktop\Learn\llm_eval\test\mbpp_test\71\71_gen_0.sv,xiaomi/mimo-v2-flash:free,stop,,gen-1766304993-jAcDWFcuxcIPQ2EivcGY
3027,aapp_competition_test,0,1073,6724,0,C:\Users\durgamaniryudh\Desktop\Learn\llm_eval\test\aapp_competition_test\3027\3027_gen_0.sv,xiaomi/mimo-v2-flash:free,stop,,gen-1766304995-I1nZFsl2zA8eo651hzS4
3453,aapp_competition_test,0,676,3925,0,C:\Users\durgamaniryudh\Desktop\Learn\llm_eval\test\aapp_competition_test\3453\3453_gen_0.sv,xiaomi/mimo-v2-flash:free,stop,,gen-1766305007-jlD2MU1xWihM0KqrYBbb
3900,aapp_competition_test,0,1199,781,0,C:\Users\durgamaniryudh\Desktop\Learn\llm_eval\test\aapp_competition_test\3900\3900_gen_0.sv,xiaomi/mimo-v2-flash:free,stop,,gen-1766305046-lsTDyWpdTCTyvtXNGFK1
93,mbpp_test,0,631,986,0,C:\Users\durgamaniryudh\Desktop\Learn\llm_eval\test\mbpp_test\93\93_gen_0.sv,xiaomi/mimo-v2-flash:free,stop,,gen-1766305050-EnenPyLocFaVfOdCOwH5
3808,aapp_competition_test,0,633,1899,0,C:\Users\durgamaniryudh\Desktop\Learn\llm_eval\test\aapp_competition_test\3808\3808_gen_0.sv,xiaomi/mimo-v2-flash:free,stop,,gen-1766305033-Vkp6PzDD1kIPjNBmVxc0
3902,aapp_competition_test,0,1056,14452,0,C:\Users\durgamaniryudh\Desktop\Learn\llm_eval\test\aapp_competition_test\3902\3902_gen_0.sv,xiaomi/mimo-v2-flash:free,stop,,gen-1766304938-JqBv7DLrnDiTJEw8607z
3906,aapp_competition_test,0,726,628,0,C:\Users\durgamaniryudh\Desktop\Learn\llm_eval\test\aapp_competition_test\3906\3906_gen_0.sv,xiaomi/mimo-v2-flash:free,stop,,gen-1766305074-MCrzn0h59oGrO8VMvtVL
3058,aapp_competition_test,0,994,6795,0,C:\Users\durgamaniryudh\Desktop\Learn\llm_eval\test\aapp_competition_test\3058\3058_gen_0.sv,xiaomi/mimo-v2-flash:free,stop,,gen-1766305052-fbttGfvCnbgiSCYg85bA
104,human_eval_test,0,992,5464,0,C:\Users\durgamaniryudh\Desktop\Learn\llm_eval\test\human_eval_test\104\104_gen_0.sv,xiaomi/mimo-v2-flash:free,stop,,gen-1766305048-ITAxdfpQpQktHt0yrlVW
27,human_eval_test,0,638,803,0,C:\Users\durgamaniryudh\Desktop\Learn\llm_eval\test\human_eval_test\27\27_gen_0.sv,xiaomi/mimo-v2-flash:free,stop,,gen-1766305119-w10Yhl4faRVJ6dsvibvj
3458,aapp_competition_test,0,727,8165,0,C:\Users\durgamaniryudh\Desktop\Learn\llm_eval\test\aapp_competition_test\3458\3458_gen_0.sv,xiaomi/mimo-v2-flash:free,stop,,gen-1766305068-kWevzU4CyBMpep0OtkaT
3060,aapp_competition_test,0,651,3157,0,C:\Users\durgamaniryudh\Desktop\Learn\llm_eval\test\aapp_competition_test\3060\3060_gen_0.sv,xiaomi/mimo-v2-flash:free,stop,,gen-1766305119-4nEiwCe7tYdrpXV6BiWl
3036,aapp_competition_test,0,861,19738,0,C:\Users\durgamaniryudh\Desktop\Learn\llm_eval\test\aapp_competition_test\3036\3036_gen_0.sv,xiaomi/mimo-v2-flash:free,stop,,gen-1766304975-PJbrOSkxgoy3chINlO2e
80,human_eval_test,0,660,696,0,C:\Users\durgamaniryudh\Desktop\Learn\llm_eval\test\human_eval_test\80\80_gen_0.sv,xiaomi/mimo-v2-flash:free,stop,,gen-1766305174-ZsQVERaydVCXWi3P96Rj
88,mbpp_test,0,855,7760,0,C:\Users\durgamaniryudh\Desktop\Learn\llm_eval\test\mbpp_test\88\88_gen_0.sv,xiaomi/mimo-v2-flash:free,stop,,gen-1766305086-jmlxiO3MUYiZCo3WGqTP
92,mbpp_test,0,701,1025,0,C:\Users\durgamaniryudh\Desktop\Learn\llm_eval\test\mbpp_test\92\92_gen_0.sv,xiaomi/mimo-v2-flash:free,stop,,gen-1766305181-2npW6tOclaRinSlbvBFI
3807,aapp_competition_test,0,1404,8943,0,C:\Users\durgamaniryudh\Desktop\Learn\llm_eval\test\aapp_competition_test\3807\3807_gen_0.sv,xiaomi/mimo-v2-flash:free,stop,,gen-1766305073-Ue4amagMnTRUfWv0pfyS
3582,aapp_competition_test,0,731,7542,0,C:\Users\durgamaniryudh\Desktop\Learn\llm_eval\test\aapp_competition_test\3582\3582_gen_0.sv,xiaomi/mimo-v2-flash:free,stop,,gen-1766304221-r8w0812dm8lNRCGWtuvB
3459,aapp_competition_test,0,740,9435,0,C:\Users\durgamaniryudh\Desktop\Learn\llm_eval\test\aapp_competition_test\3459\3459_gen_0.sv,xiaomi/mimo-v2-flash:free,stop,,gen-1766305134-rwxhRiAehb2pOJXQrWYu
3457,aapp_competition_test,0,708,2183,0,C:\Users\durgamaniryudh\Desktop\Learn\llm_eval\test\aapp_competition_test\3457\3457_gen_0.sv,xiaomi/mimo-v2-flash:free,stop,,gen-1766305193-0CJf8lHdHekDLqZLBrTg
3908,aapp_competition_test,0,710,7244,0,C:\Users\durgamaniryudh\Desktop\Learn\llm_eval\test\aapp_competition_test\3908\3908_gen_0.sv,xiaomi/mimo-v2-flash:free,stop,,gen-1766305162-6YYnoMSUmVJ7k954ce4u
3054,aapp_competition_test,0,4829,4686,0,C:\Users\durgamaniryudh\Desktop\Learn\llm_eval\test\aapp_competition_test\3054\3054_gen_0.sv,xiaomi/mimo-v2-flash:free,stop,,gen-1766305185-HLLz49qyQEMgdyC6inGN
105,human_eval_test,0,1088,2947,0,C:\Users\durgamaniryudh\Desktop\Learn\llm_eval\test\human_eval_test\105\105_gen_0.sv,xiaomi/mimo-v2-flash:free,stop,,gen-1766305228-tXBov3OSpspzncEcNQxE
3811,aapp_competition_test,0,924,11931,0,C:\Users\durgamaniryudh\Desktop\Learn\llm_eval\test\aapp_competition_test\3811\3811_gen_0.sv,xiaomi/mimo-v2-flash:free,stop,,gen-1766305147-2xFJByPLSFIbu4Yrvgok
3905,aapp_competition_test,0,831,2941,0,C:\Users\durgamaniryudh\Desktop\Learn\llm_eval\test\aapp_competition_test\3905\3905_gen_0.sv,xiaomi/mimo-v2-flash:free,stop,,gen-1766305219-IBn2Fc9HkfYOGsj60LKL
3452,aapp_competition_test,0,678,21302,0,C:\Users\durgamaniryudh\Desktop\Learn\llm_eval\test\aapp_competition_test\3452\3452_gen_0.sv,xiaomi/mimo-v2-flash:free,stop,,gen-1766304981-9OL58SGQIvn6YgDRx6OO
3907,aapp_competition_test,0,955,973,0,C:\Users\durgamaniryudh\Desktop\Learn\llm_eval\test\aapp_competition_test\3907\3907_gen_0.sv,xiaomi/mimo-v2-flash:free,stop,,gen-1766305275-hejRU5UnAGgzKZE2gtci
3061,aapp_competition_test,0,1038,7338,0,C:\Users\durgamaniryudh\Desktop\Learn\llm_eval\test\aapp_competition_test\3061\3061_gen_0.sv,xiaomi/mimo-v2-flash:free,stop,,gen-1766305247-7Zmpo6QivITseUCOdZjC
3460,aapp_competition_test,0,835,1259,0,C:\Users\durgamaniryudh\Desktop\Learn\llm_eval\test\aapp_competition_test\3460\3460_gen_0.sv,xiaomi/mimo-v2-flash:free,stop,,gen-1766305310-U38OZzqrWoWQA57NitsB
3816,aapp_competition_test,0,726,5676,0,C:\Users\durgamaniryudh\Desktop\Learn\llm_eval\test\aapp_competition_test\3816\3816_gen_0.sv,xiaomi/mimo-v2-flash:free,stop,,gen-1766305262-Wlf513JJFGHmslQd1ydJ
3911,aapp_competition_test,0,601,203,0,C:\Users\durgamaniryudh\Desktop\Learn\llm_eval\test\aapp_competition_test\3911\3911_gen_0.sv,xiaomi/mimo-v2-flash:free,stop,,gen-1766305327-ZNoEtIUip0jGG9EwOCx6
3053,aapp_competition_test,0,8763,4283,0,C:\Users\durgamaniryudh\Desktop\Learn\llm_eval\test\aapp_competition_test\3053\3053_gen_0.sv,xiaomi/mimo-v2-flash:free,stop,,gen-1766305290-MGPDFZ6lr1qM21KulQdz
106,human_eval_test,0,747,1563,0,C:\Users\durgamaniryudh\Desktop\Learn\llm_eval\test\human_eval_test\106\106_gen_0.sv,xiaomi/mimo-v2-flash:free,stop,,gen-1766305333-KbP9mvdarQ5pCcZ40rkt
96,mbpp_test,0,620,1553,0,C:\Users\durgamaniryudh\Desktop\Learn\llm_eval\test\mbpp_test\96\96_gen_0.sv,xiaomi/mimo-v2-flash:free,stop,,gen-1766305331-MdYxDsmv5EoMW0hwafd6
3032,aapp_competition_test,0,545,310,0,C:\Users\durgamaniryudh\Desktop\Learn\llm_eval\test\aapp_competition_test\3032\3032_gen_0.sv,xiaomi/mimo-v2-flash:free,stop,,gen-1766305351-ZIoctu5CbYo9NIjxkws5
158,human_eval_test,0,768,7352,0,C:\Users\durgamaniryudh\Desktop\Learn\llm_eval\test\human_eval_test\158\158_gen_0.sv,xiaomi/mimo-v2-flash:free,stop,,gen-1766305278-ytBUeKlFkCnYi8eicE8m
91,mbpp_test,0,679,11688,0,C:\Users\durgamaniryudh\Desktop\Learn\llm_eval\test\mbpp_test\91\91_gen_0.sv,xiaomi/mimo-v2-flash:free,stop,,gen-1766305230-7ketyaweB5DlFc4wH3rt
133,human_eval_test,0,968,1568,0,C:\Users\durgamaniryudh\Desktop\Learn\llm_eval\test\human_eval_test\133\133_gen_0.sv,xiaomi/mimo-v2-flash:free,stop,,gen-1766305349-EYMansOAjw1qLFfPNvJn
3898,aapp_competition_test,0,2517,1021,0,C:\Users\durgamaniryudh\Desktop\Learn\llm_eval\test\aapp_competition_test\3898\3898_gen_0.sv,xiaomi/mimo-v2-flash:free,stop,,gen-1766305362-ZkN5fWlpf3zM2z73vGlH
3817,aapp_competition_test,0,771,2160,0,C:\Users\durgamaniryudh\Desktop\Learn\llm_eval\test\aapp_competition_test\3817\3817_gen_0.sv,xiaomi/mimo-v2-flash:free,stop,,gen-1766305356-pbtkFeazHBbcXuHY9P5r
3461,aapp_competition_test,0,904,3353,0,C:\Users\durgamaniryudh\Desktop\Learn\llm_eval\test\aapp_competition_test\3461\3461_gen_0.sv,xiaomi/mimo-v2-flash:free,stop,,gen-1766305355-4vr3oQJ5SuU2J9Ldyjyf
3462,aapp_competition_test,0,729,1839,0,C:\Users\durgamaniryudh\Desktop\Learn\llm_eval\test\aapp_competition_test\3462\3462_gen_0.sv,xiaomi/mimo-v2-flash:free,stop,,gen-1766305385-W7bkFmopKXP11uDJhuQH
3069,aapp_competition_test,0,921,5884,0,C:\Users\durgamaniryudh\Desktop\Learn\llm_eval\test\aapp_competition_test\3069\3069_gen_0.sv,xiaomi/mimo-v2-flash:free,stop,,gen-1766305372-l4Eq5YWxGoqYGAKwlkS6
3809,aapp_competition_test,0,863,17370,0,C:\Users\durgamaniryudh\Desktop\Learn\llm_eval\test\aapp_competition_test\3809\3809_gen_0.sv,xiaomi/mimo-v2-flash:free,stop,,gen-1766305195-byJr53NJREvChcd8G6m1
159,human_eval_test,0,448,139,0,C:\Users\durgamaniryudh\Desktop\Learn\llm_eval\test\human_eval_test\159\159_gen_0.sv,xiaomi/mimo-v2-flash:free,stop,,gen-1766305444-OX5gCG9BWpe8R3nL78YF
94,mbpp_test,0,755,1877,0,C:\Users\durgamaniryudh\Desktop\Learn\llm_eval\test\mbpp_test\94\94_gen_0.sv,xiaomi/mimo-v2-flash:free,stop,,gen-1766305424-xn2dvWxgFQ9Ux6ULqrfa
3072,aapp_competition_test,0,586,536,0,C:\Users\durgamaniryudh\Desktop\Learn\llm_eval\test\aapp_competition_test\3072\3072_gen_0.sv,xiaomi/mimo-v2-flash:free,stop,,gen-1766305446-upJ35kED7V0UT4bdOEwR
3669,aapp_competition_test,0,1008,65536,0,C:\Users\durgamaniryudh\Desktop\Learn\llm_eval\test\aapp_competition_test\3669\3669_gen_0.sv,xiaomi/mimo-v2-flash:free,length,,gen-1766303226-17i8PUrjFZ2Dx6myIVqC
3814,aapp_competition_test,0,890,14380,0,C:\Users\durgamaniryudh\Desktop\Learn\llm_eval\test\aapp_competition_test\3814\3814_gen_0.sv,xiaomi/mimo-v2-flash:free,stop,,gen-1766305326-UyzrATiOEaKtcMK0yiAY
95,mbpp_test,0,953,437,0,C:\Users\durgamaniryudh\Desktop\Learn\llm_eval\test\mbpp_test\95\95_gen_0.sv,xiaomi/mimo-v2-flash:free,stop,,gen-1766305470-PWsLw7OEL67lVrdttVZF
90,mbpp_test,0,1685,7037,0,C:\Users\durgamaniryudh\Desktop\Learn\llm_eval\test\mbpp_test\90\90_gen_0.sv,xiaomi/mimo-v2-flash:free,stop,,gen-1766305369-PMnw10shRrrdpfpIrIGh
28,human_eval_test,0,609,180,0,C:\Users\durgamaniryudh\Desktop\Learn\llm_eval\test\human_eval_test\28\28_gen_0.sv,xiaomi/mimo-v2-flash:free,stop,,gen-1766305475-aiEEROWIWYdWPMNL37Vk
3464,aapp_competition_test,0,1101,1585,0,C:\Users\durgamaniryudh\Desktop\Learn\llm_eval\test\aapp_competition_test\3464\3464_gen_0.sv,xiaomi/mimo-v2-flash:free,stop,,gen-1766305478-p4I0sqcjeSzUMqtUCaQU
3909,aapp_competition_test,0,823,4044,0,C:\Users\durgamaniryudh\Desktop\Learn\llm_eval\test\aapp_competition_test\3909\3909_gen_0.sv,xiaomi/mimo-v2-flash:free,stop,,gen-1766305453-n2cF9pzqUB5JtiZHQUYX
3067,aapp_competition_test,0,4462,1475,0,C:\Users\durgamaniryudh\Desktop\Learn\llm_eval\test\aapp_competition_test\3067\3067_gen_0.sv,xiaomi/mimo-v2-flash:free,stop,,gen-1766305496-ObiqJwITuGD7wtonCwMQ
3820,aapp_competition_test,0,786,7545,0,C:\Users\durgamaniryudh\Desktop\Learn\llm_eval\test\aapp_competition_test\3820\3820_gen_0.sv,xiaomi/mimo-v2-flash:free,stop,,gen-1766305452-fpQTzyLqP2wrBnmQ9RLt
3455,aapp_competition_test,0,1086,19559,0,C:\Users\durgamaniryudh\Desktop\Learn\llm_eval\test\aapp_competition_test\3455\3455_gen_0.sv,xiaomi/mimo-v2-flash:free,stop,,gen-1766305251-LNH72g2uehkV3H2ZvtxE
0,human_eval_test,0,711,2963,0,C:\Users\durgamaniryudh\Desktop\Learn\llm_eval\test\human_eval_test\0\0_gen_0.sv,xiaomi/mimo-v2-flash:free,stop,,gen-1766305510-wdRntpkCgBSzcD1iLyMi
3465,aapp_competition_test,0,989,1576,0,C:\Users\durgamaniryudh\Desktop\Learn\llm_eval\test\aapp_competition_test\3465\3465_gen_0.sv,xiaomi/mimo-v2-flash:free,stop,,gen-1766305532-7ER7rDYFldcFnQzBaYRb
3913,aapp_competition_test,0,726,15268,0,C:\Users\durgamaniryudh\Desktop\Learn\llm_eval\test\aapp_competition_test\3913\3913_gen_0.sv,xiaomi/mimo-v2-flash:free,stop,,gen-1766305401-6lgz2Pt37qY3NRMKjX7a
3815,aapp_competition_test,0,1248,7544,0,C:\Users\durgamaniryudh\Desktop\Learn\llm_eval\test\aapp_competition_test\3815\3815_gen_0.sv,xiaomi/mimo-v2-flash:free,stop,,gen-1766305492-Qb4cErqV172xZ3B2UT1J
3821,aapp_competition_test,0,659,1571,0,C:\Users\durgamaniryudh\Desktop\Learn\llm_eval\test\aapp_competition_test\3821\3821_gen_0.sv,xiaomi/mimo-v2-flash:free,stop,,gen-1766305548-OZJHuMbeiNGBZrsa7LPL
3917,aapp_competition_test,0,858,2435,0,C:\Users\durgamaniryudh\Desktop\Learn\llm_eval\test\aapp_competition_test\3917\3917_gen_0.sv,xiaomi/mimo-v2-flash:free,stop,,gen-1766305553-vQEmUeaP3KuH4iUYWA64
99,mbpp_test,0,709,8334,0,C:\Users\durgamaniryudh\Desktop\Learn\llm_eval\test\mbpp_test\99\99_gen_0.sv,xiaomi/mimo-v2-flash:free,stop,,gen-1766305525-b5B9YdUqG2y95b3FudBL
3802,aapp_competition_test,0,4915,23412,0,C:\Users\durgamaniryudh\Desktop\Learn\llm_eval\test\aapp_competition_test\3802\3802_gen_0.sv,xiaomi/mimo-v2-flash:free,stop,,gen-1766305386-IoVWUF5kOO9RMxGUjA01
3074,aapp_competition_test,0,671,4989,0,C:\Users\durgamaniryudh\Desktop\Learn\llm_eval\test\aapp_competition_test\3074\3074_gen_0.sv,xiaomi/mimo-v2-flash:free,stop,,gen-1766305577-cOrakH3VH2mAasx85ZFw
3463,aapp_competition_test,0,857,17509,0,C:\Users\durgamaniryudh\Desktop\Learn\llm_eval\test\aapp_competition_test\3463\3463_gen_0.sv,xiaomi/mimo-v2-flash:free,stop,,gen-1766305447-fJshiEOXYXwOrAEeUUKg
3915,aapp_competition_test,0,708,14453,0,C:\Users\durgamaniryudh\Desktop\Learn\llm_eval\test\aapp_competition_test\3915\3915_gen_0.sv,xiaomi/mimo-v2-flash:free,stop,,gen-1766305497-cjBKlxLX1LX9yHDGOoXb
134,human_eval_test,0,799,1384,0,C:\Users\durgamaniryudh\Desktop\Learn\llm_eval\test\human_eval_test\134\134_gen_0.sv,xiaomi/mimo-v2-flash:free,stop,,gen-1766305632-3JhWatdQTpBWgqJ2tPYo
103,mbpp_test,0,711,1038,0,C:\Users\durgamaniryudh\Desktop\Learn\llm_eval\test\mbpp_test\103\103_gen_0.sv,xiaomi/mimo-v2-flash:free,stop,,gen-1766305640-7t8sLfhq99DmpbjMhjRV
3467,aapp_competition_test,0,951,2976,0,C:\Users\durgamaniryudh\Desktop\Learn\llm_eval\test\aapp_competition_test\3467\3467_gen_0.sv,xiaomi/mimo-v2-flash:free,stop,,gen-1766305602-UK3yItOPSwrptLyEpAWE
3470,aapp_competition_test,0,842,474,0,C:\Users\durgamaniryudh\Desktop\Learn\llm_eval\test\aapp_competition_test\3470\3470_gen_0.sv,xiaomi/mimo-v2-flash:free,stop,,gen-1766305648-ZYvJUKW92IsKbi7SOKEl
3914,aapp_competition_test,0,911,2359,0,C:\Users\durgamaniryudh\Desktop\Learn\llm_eval\test\aapp_competition_test\3914\3914_gen_0.sv,xiaomi/mimo-v2-flash:free,stop,,gen-1766305625-7p3SUuHiAnNzKGkrcC1R
2,human_eval_test,0,761,142,0,C:\Users\durgamaniryudh\Desktop\Learn\llm_eval\test\human_eval_test\2\2_gen_0.sv,xiaomi/mimo-v2-flash:free,stop,,gen-1766305655-7cBJ3s6aGStSuQMmwgPy
3825,aapp_competition_test,0,895,1406,0,C:\Users\durgamaniryudh\Desktop\Learn\llm_eval\test\aapp_competition_test\3825\3825_gen_0.sv,xiaomi/mimo-v2-flash:free,stop,,gen-1766305651-UjNFbigLY3etUQDotywM
3076,aapp_competition_test,0,828,2441,0,C:\Users\durgamaniryudh\Desktop\Learn\llm_eval\test\aapp_competition_test\3076\3076_gen_0.sv,xiaomi/mimo-v2-flash:free,stop,,gen-1766305646-WlgAFj2zLp2i0zkaafnd
3918,aapp_competition_test,0,835,2603,0,C:\Users\durgamaniryudh\Desktop\Learn\llm_eval\test\aapp_competition_test\3918\3918_gen_0.sv,xiaomi/mimo-v2-flash:free,stop,,gen-1766305654-gJMowjRnHI7UlgORI1wg
3472,aapp_competition_test,0,691,214,0,C:\Users\durgamaniryudh\Desktop\Learn\llm_eval\test\aapp_competition_test\3472\3472_gen_0.sv,xiaomi/mimo-v2-flash:free,stop,,gen-1766305673-exnKhcCkFQwokHoYZxT4
3068,aapp_competition_test,0,4260,3742,0,C:\Users\durgamaniryudh\Desktop\Learn\llm_eval\test\aapp_competition_test\3068\3068_gen_0.sv,xiaomi/mimo-v2-flash:free,stop,,gen-1766305662-cN3SoQam9q5stNH7qv0k
3916,aapp_competition_test,0,2266,1826,0,C:\Users\durgamaniryudh\Desktop\Learn\llm_eval\test\aapp_competition_test\3916\3916_gen_0.sv,xiaomi/mimo-v2-flash:free,stop,,gen-1766305687-eFIh4HkK6Obk3Ztc0ebA
105,mbpp_test,0,596,230,0,C:\Users\durgamaniryudh\Desktop\Learn\llm_eval\test\mbpp_test\105\105_gen_0.sv,xiaomi/mimo-v2-flash:free,stop,,gen-1766305700-0BPpB4tH14wnpLpz5z1N
3822,aapp_competition_test,0,1150,10384,0,C:\Users\durgamaniryudh\Desktop\Learn\llm_eval\test\aapp_competition_test\3822\3822_gen_0.sv,xiaomi/mimo-v2-flash:free,stop,,gen-1766305619-qtugcHOUQuUjST1Ftfsc
107,human_eval_test,0,735,4395,0,C:\Users\durgamaniryudh\Desktop\Learn\llm_eval\test\human_eval_test\107\107_gen_0.sv,xiaomi/mimo-v2-flash:free,stop,,gen-1766305694-QKDwcfZ3mQ3GnUq7xPNH
54,human_eval_test,0,539,28266,0,C:\Users\durgamaniryudh\Desktop\Learn\llm_eval\test\human_eval_test\54\54_gen_0.sv,xiaomi/mimo-v2-flash:free,stop,,gen-1766305558-wjopZXhghpauVT2vYcy1
3920,aapp_competition_test,0,599,569,0,C:\Users\durgamaniryudh\Desktop\Learn\llm_eval\test\aapp_competition_test\3920\3920_gen_0.sv,xiaomi/mimo-v2-flash:free,stop,,gen-1766305746-EwrXvjXEqgZghmZyyxCY
3075,aapp_competition_test,0,996,4075,0,C:\Users\durgamaniryudh\Desktop\Learn\llm_eval\test\aapp_competition_test\3075\3075_gen_0.sv,xiaomi/mimo-v2-flash:free,stop,,gen-1766305706-3g6NWzQAyZcxzmFH29fw
55,human_eval_test,0,714,1060,0,C:\Users\durgamaniryudh\Desktop\Learn\llm_eval\test\human_eval_test\55\55_gen_0.sv,xiaomi/mimo-v2-flash:free,stop,,gen-1766305752-ZW0VAMZn7FfhttRaPuxf
100,mbpp_test,0,707,20222,0,C:\Users\durgamaniryudh\Desktop\Learn\llm_eval\test\mbpp_test\100\100_gen_0.sv,xiaomi/mimo-v2-flash:free,stop,,gen-1766305563-xz0osnxj2mrd407X21KZ
3071,aapp_competition_test,0,878,24931,0,C:\Users\durgamaniryudh\Desktop\Learn\llm_eval\test\aapp_competition_test\3071\3071_gen_0.sv,xiaomi/mimo-v2-flash:free,stop,,gen-1766305525-0ksCjm3QlliY29DHx5C6
3823,aapp_competition_test,0,956,2244,0,C:\Users\durgamaniryudh\Desktop\Learn\llm_eval\test\aapp_competition_test\3823\3823_gen_0.sv,xiaomi/mimo-v2-flash:free,stop,,gen-1766305770-zIeik3jOOaLVGBC45pZU
3921,aapp_competition_test,0,772,1971,0,C:\Users\durgamaniryudh\Desktop\Learn\llm_eval\test\aapp_competition_test\3921\3921_gen_0.sv,xiaomi/mimo-v2-flash:free,stop,,gen-1766305797-gQH6Gk7t8S2JVchO1xlT
3827,aapp_competition_test,0,805,5896,0,C:\Users\durgamaniryudh\Desktop\Learn\llm_eval\test\aapp_competition_test\3827\3827_gen_0.sv,xiaomi/mimo-v2-flash:free,stop,,gen-1766305735-nHLEuLH0Hj7auc8a2tzK
3073,aapp_competition_test,0,2454,7818,0,C:\Users\durgamaniryudh\Desktop\Learn\llm_eval\test\aapp_competition_test\3073\3073_gen_0.sv,xiaomi/mimo-v2-flash:free,stop,,gen-1766305762-kf9C6juUKbpYBeSjV90F
81,human_eval_test,0,1228,2479,0,C:\Users\durgamaniryudh\Desktop\Learn\llm_eval\test\human_eval_test\81\81_gen_0.sv,xiaomi/mimo-v2-flash:free,stop,,gen-1766305815-HHyIzXO3G0716efYnLhi
3469,aapp_competition_test,0,959,9248,0,C:\Users\durgamaniryudh\Desktop\Learn\llm_eval\test\aapp_competition_test\3469\3469_gen_0.sv,xiaomi/mimo-v2-flash:free,stop,,gen-1766305723-AkaIAZ6a6qulXOXPIuzp
102,mbpp_test,0,849,2992,0,C:\Users\durgamaniryudh\Desktop\Learn\llm_eval\test\mbpp_test\102\102_gen_0.sv,xiaomi/mimo-v2-flash:free,stop,,gen-1766305820-kLPDnti8y5rfQQySUthJ
3910,aapp_competition_test,0,858,1139,0,C:\Users\durgamaniryudh\Desktop\Learn\llm_eval\test\aapp_competition_test\3910\3910_gen_0.sv,xiaomi/mimo-v2-flash:free,stop,,gen-1766305851-tuKj5Mz73XyoMoqcHxQI
82,human_eval_test,0,534,194,0,C:\Users\durgamaniryudh\Desktop\Learn\llm_eval\test\human_eval_test\82\82_gen_0.sv,xiaomi/mimo-v2-flash:free,stop,,gen-1766305860-vr64MYi3e0yayTZa3dno
97,mbpp_test,0,724,10700,0,C:\Users\durgamaniryudh\Desktop\Learn\llm_eval\test\mbpp_test\97\97_gen_0.sv,xiaomi/mimo-v2-flash:free,stop,,gen-1766305756-BvdATFJ8epgxVOzucbki
3829,aapp_competition_test,0,659,5305,0,C:\Users\durgamaniryudh\Desktop\Learn\llm_eval\test\aapp_competition_test\3829\3829_gen_0.sv,xiaomi/mimo-v2-flash:free,stop,,gen-1766305848-QxJ8geA3ydrDVIcDZEpp
3826,aapp_competition_test,0,726,25792,0,C:\Users\durgamaniryudh\Desktop\Learn\llm_eval\test\aapp_competition_test\3826\3826_gen_0.sv,xiaomi/mimo-v2-flash:free,stop,,gen-1766305679-NbY2inkTkLJbXcf1CZZp
3081,aapp_competition_test,0,818,5192,0,C:\Users\durgamaniryudh\Desktop\Learn\llm_eval\test\aapp_competition_test\3081\3081_gen_0.sv,xiaomi/mimo-v2-flash:free,stop,,gen-1766305873-CDWW3bTVEjXI6gR0DrM5
3471,aapp_competition_test,0,815,18025,0,C:\Users\durgamaniryudh\Desktop\Learn\llm_eval\test\aapp_competition_test\3471\3471_gen_0.sv,xiaomi/mimo-v2-flash:free,stop,,gen-1766305769-enTlruLxV9TDY8I291ys
87,mbpp_test,0,1349,19111,0,C:\Users\durgamaniryudh\Desktop\Learn\llm_eval\test\mbpp_test\87\87_gen_0.sv,xiaomi/mimo-v2-flash:free,stop,,gen-1766305246-ALTlp6LqM5QKj0GkxRve
98,mbpp_test,0,826,32604,0,C:\Users\durgamaniryudh\Desktop\Learn\llm_eval\test\mbpp_test\98\98_gen_0.sv,xiaomi/mimo-v2-flash:free,stop,,gen-1766305658-QtfaWDxuyoFiJ1rmYlhC
29,human_eval_test,0,952,3451,0,C:\Users\durgamaniryudh\Desktop\Learn\llm_eval\test\human_eval_test\29\29_gen_0.sv,xiaomi/mimo-v2-flash:free,stop,,gen-1766305948-wkOXwmL2hLG2gVdRc3R0
3830,aapp_competition_test,0,540,4476,0,C:\Users\durgamaniryudh\Desktop\Learn\llm_eval\test\aapp_competition_test\3830\3830_gen_0.sv,xiaomi/mimo-v2-flash:free,stop,,gen-1766305937-vrXXuLIigBhqeuySUslS
3474,aapp_competition_test,0,826,15200,0,C:\Users\durgamaniryudh\Desktop\Learn\llm_eval\test\aapp_competition_test\3474\3474_gen_0.sv,xiaomi/mimo-v2-flash:free,stop,,gen-1766305840-xj7CgCNzHBW3GxbG30Az
3828,aapp_competition_test,0,751,1068,0,C:\Users\durgamaniryudh\Desktop\Learn\llm_eval\test\aapp_competition_test\3828\3828_gen_0.sv,xiaomi/mimo-v2-flash:free,stop,,gen-1766305981-4S1klcxBp99A3D0fP02J
108,mbpp_test,0,629,2540,0,C:\Users\durgamaniryudh\Desktop\Learn\llm_eval\test\mbpp_test\108\108_gen_0.sv,xiaomi/mimo-v2-flash:free,stop,,gen-1766305956-labmDotx3EOnsFEoaB7u
3345,aapp_competition_test,0,1237,65536,0,C:\Users\durgamaniryudh\Desktop\Learn\llm_eval\test\aapp_competition_test\3345\3345_gen_0.sv,xiaomi/mimo-v2-flash:free,length,,gen-1766304598-tSC9Lcc1KW1BePhl0E8F
106,mbpp_test,0,549,469,0,C:\Users\durgamaniryudh\Desktop\Learn\llm_eval\test\mbpp_test\106\106_gen_0.sv,xiaomi/mimo-v2-flash:free,stop,,gen-1766305993-lraVMmb6uoLB1IzXC3RA
115,mbpp_test,0,654,112,0,C:\Users\durgamaniryudh\Desktop\Learn\llm_eval\test\mbpp_test\115\115_gen_0.sv,xiaomi/mimo-v2-flash:free,stop,,gen-1766305997-UqmuesEXIIZQbD9PxiH8
135,human_eval_test,0,598,1289,0,C:\Users\durgamaniryudh\Desktop\Learn\llm_eval\test\human_eval_test\135\135_gen_0.sv,xiaomi/mimo-v2-flash:free,stop,,gen-1766305989-7IjflPeZFXUsOcCcL5q9
3077,aapp_competition_test,0,1091,18583,0,C:\Users\durgamaniryudh\Desktop\Learn\llm_eval\test\aapp_competition_test\3077\3077_gen_0.sv,xiaomi/mimo-v2-flash:free,stop,,gen-1766305834-ZWxaWdqygPh9vnZ6x8WI
3082,aapp_competition_test,0,3272,2602,0,C:\Users\durgamaniryudh\Desktop\Learn\llm_eval\test\aapp_competition_test\3082\3082_gen_0.sv,xiaomi/mimo-v2-flash:free,stop,,gen-1766305998-2cndc07z2lr06Frfer6I
3,human_eval_test,0,594,601,0,C:\Users\durgamaniryudh\Desktop\Learn\llm_eval\test\human_eval_test\3\3_gen_0.sv,xiaomi/mimo-v2-flash:free,stop,,gen-1766306016-JNP8nPgMFyG5S5UBJnhb
109,mbpp_test,0,747,1044,0,C:\Users\durgamaniryudh\Desktop\Learn\llm_eval\test\mbpp_test\109\109_gen_0.sv,xiaomi/mimo-v2-flash:free,stop,,gen-1766306023-ARpck1ANu5DAbkhETifp
3473,aapp_competition_test,0,864,7082,0,C:\Users\durgamaniryudh\Desktop\Learn\llm_eval\test\aapp_competition_test\3473\3473_gen_0.sv,xiaomi/mimo-v2-flash:free,stop,,gen-1766305974-uBFqNeUaMWd8D64abPku
3079,aapp_competition_test,0,1775,11125,0,C:\Users\durgamaniryudh\Desktop\Learn\llm_eval\test\aapp_competition_test\3079\3079_gen_0.sv,xiaomi/mimo-v2-flash:free,stop,,gen-1766305961-asuotgC9XYycMzTXP0h2
3925,aapp_competition_test,0,758,10564,0,C:\Users\durgamaniryudh\Desktop\Learn\llm_eval\test\aapp_competition_test\3925\3925_gen_0.sv,xiaomi/mimo-v2-flash:free,stop,,gen-1766305982-HKqCGTS5zBFlllvgMnm6
3466,aapp_competition_test,0,651,8646,0,C:\Users\durgamaniryudh\Desktop\Learn\llm_eval\test\aapp_competition_test\3466\3466_gen_0.sv,xiaomi/mimo-v2-flash:free,stop,,gen-1766306000-vjah6DIRoJvbeWdqBXsc
3478,aapp_competition_test,0,641,4295,0,C:\Users\durgamaniryudh\Desktop\Learn\llm_eval\test\aapp_competition_test\3478\3478_gen_0.sv,xiaomi/mimo-v2-flash:free,stop,,gen-1766306065-sQG21TESXJhHvk8DdrCe
56,human_eval_test,0,659,1105,0,C:\Users\durgamaniryudh\Desktop\Learn\llm_eval\test\human_eval_test\56\56_gen_0.sv,xiaomi/mimo-v2-flash:free,stop,,gen-1766306085-ItDUPSldxLMoeqByrgRD
116,mbpp_test,0,755,577,0,C:\Users\durgamaniryudh\Desktop\Learn\llm_eval\test\mbpp_test\116\116_gen_0.sv,xiaomi/mimo-v2-flash:free,stop,,gen-1766306104-O5u6PgYbXCh0w5EtzYng
161,human_eval_test,0,969,798,0,C:\Users\durgamaniryudh\Desktop\Learn\llm_eval\test\human_eval_test\161\161_gen_0.sv,xiaomi/mimo-v2-flash:free,stop,,gen-1766306102-03mmzKU1z71TLHieY5bi
3922,aapp_competition_test,0,670,16711,0,C:\Users\durgamaniryudh\Desktop\Learn\llm_eval\test\aapp_competition_test\3922\3922_gen_0.sv,xiaomi/mimo-v2-flash:free,stop,,gen-1766305945-ITXTRWgwh141S4pCfTQK
3832,aapp_competition_test,0,1139,8063,0,C:\Users\durgamaniryudh\Desktop\Learn\llm_eval\test\aapp_competition_test\3832\3832_gen_0.sv,xiaomi/mimo-v2-flash:free,stop,,gen-1766306080-qXFPhDTcBq9Em7UwYzai
3835,aapp_competition_test,0,684,16703,0,C:\Users\durgamaniryudh\Desktop\Learn\llm_eval\test\aapp_competition_test\3835\3835_gen_0.sv,xiaomi/mimo-v2-flash:free,stop,,gen-1766306003-xna7GdH8U3U0WzrtzvRS
30,human_eval_test,0,854,726,0,C:\Users\durgamaniryudh\Desktop\Learn\llm_eval\test\human_eval_test\30\30_gen_0.sv,xiaomi/mimo-v2-flash:free,stop,,gen-1766306173-Yve1u53czRyQu1mYGIx9
3085,aapp_competition_test,0,677,8345,0,C:\Users\durgamaniryudh\Desktop\Learn\llm_eval\test\aapp_competition_test\3085\3085_gen_0.sv,xiaomi/mimo-v2-flash:free,stop,,gen-1766306109-8nwjbhrWVZsiDPIXTpM9
3923,aapp_competition_test,0,845,13171,0,C:\Users\durgamaniryudh\Desktop\Learn\llm_eval\test\aapp_competition_test\3923\3923_gen_0.sv,xiaomi/mimo-v2-flash:free,stop,,gen-1766306015-T1zQpeQpn7k5meqrZuJo
113,mbpp_test,0,643,1459,0,C:\Users\durgamaniryudh\Desktop\Learn\llm_eval\test\mbpp_test\113\113_gen_0.sv,xiaomi/mimo-v2-flash:free,stop,,gen-1766306184-oksx64Al2aFQe83UEI86
3086,aapp_competition_test,0,1185,1613,0,C:\Users\durgamaniryudh\Desktop\Learn\llm_eval\test\aapp_competition_test\3086\3086_gen_0.sv,xiaomi/mimo-v2-flash:free,stop,,gen-1766306190-i3aAgoiN4CDifsSIYYUv
3924,aapp_competition_test,0,675,4386,0,C:\Users\durgamaniryudh\Desktop\Learn\llm_eval\test\aapp_competition_test\3924\3924_gen_0.sv,xiaomi/mimo-v2-flash:free,stop,,gen-1766306169-hIg7L9SIQ7t1GytlUh1N
3833,aapp_competition_test,0,859,5084,0,C:\Users\durgamaniryudh\Desktop\Learn\llm_eval\test\aapp_competition_test\3833\3833_gen_0.sv,xiaomi/mimo-v2-flash:free,stop,,gen-1766306168-ki7NlWrCrUMvrIddhKJn
3834,aapp_competition_test,0,828,1451,0,C:\Users\durgamaniryudh\Desktop\Learn\llm_eval\test\aapp_competition_test\3834\3834_gen_0.sv,xiaomi/mimo-v2-flash:free,stop,,gen-1766306199-XW6EPG4RZnruUE9MXSr9
111,mbpp_test,0,707,684,0,C:\Users\durgamaniryudh\Desktop\Learn\llm_eval\test\mbpp_test\111\111_gen_0.sv,xiaomi/mimo-v2-flash:free,stop,,gen-1766306209-4Pbx0lg6dEShSJzyjp1C
3928,aapp_competition_test,0,826,10957,0,C:\Users\durgamaniryudh\Desktop\Learn\llm_eval\test\aapp_competition_test\3928\3928_gen_0.sv,xiaomi/mimo-v2-flash:free,stop,,gen-1766306081-cvfpbvcVmwavKUwMGx0n
3447,aapp_competition_test,0,1013,8482,0,C:\Users\durgamaniryudh\Desktop\Learn\llm_eval\test\aapp_competition_test\3447\3447_gen_0.sv,xiaomi/mimo-v2-flash:free,stop,,gen-1766306112-lnzDwyomtyxa9jGVntih
3449,aapp_competition_test,0,3322,3924,0,C:\Users\durgamaniryudh\Desktop\Learn\llm_eval\test\aapp_competition_test\3449\3449_gen_0.sv,xiaomi/mimo-v2-flash:free,stop,,gen-1766306215-RPz7deHTp6W5HmeQOzJC
3929,aapp_competition_test,0,799,2833,0,C:\Users\durgamaniryudh\Desktop\Learn\llm_eval\test\aapp_competition_test\3929\3929_gen_0.sv,xiaomi/mimo-v2-flash:free,stop,,gen-1766306225-hPuc6hxQq9BBB3xTG70Z
101,mbpp_test,0,681,65536,0,C:\Users\durgamaniryudh\Desktop\Learn\llm_eval\test\mbpp_test\101\101_gen_0.sv,xiaomi/mimo-v2-flash:free,length,,gen-1766305864-amL0ttXJ5R7mBJLP1uwc
83,human_eval_test,0,1087,1239,0,C:\Users\durgamaniryudh\Desktop\Learn\llm_eval\test\human_eval_test\83\83_gen_0.sv,xiaomi/mimo-v2-flash:free,stop,,gen-1766306243-ND6ATgB9VHzI1fx6xgui
3926,aapp_competition_test,0,899,4117,0,C:\Users\durgamaniryudh\Desktop\Learn\llm_eval\test\aapp_competition_test\3926\3926_gen_0.sv,xiaomi/mimo-v2-flash:free,stop,,gen-1766306204-r3WwMl5SPq7zFvufmPYr
3087,aapp_competition_test,0,619,6743,0,C:\Users\durgamaniryudh\Desktop\Learn\llm_eval\test\aapp_competition_test\3087\3087_gen_0.sv,xiaomi/mimo-v2-flash:free,stop,,gen-1766306212-YP6p67iqcQEkFIQfOAuB
3839,aapp_competition_test,0,823,1284,0,C:\Users\durgamaniryudh\Desktop\Learn\llm_eval\test\aapp_competition_test\3839\3839_gen_0.sv,xiaomi/mimo-v2-flash:free,stop,,gen-1766306265-LmPdpb1jf3mhDu1sQliE
3481,aapp_competition_test,0,1273,2528,0,C:\Users\durgamaniryudh\Desktop\Learn\llm_eval\test\aapp_competition_test\3481\3481_gen_0.sv,xiaomi/mimo-v2-flash:free,stop,,gen-1766306254-7AYoeDNcciVkNBp63WAc
3934,aapp_competition_test,0,606,723,0,C:\Users\durgamaniryudh\Desktop\Learn\llm_eval\test\aapp_competition_test\3934\3934_gen_0.sv,xiaomi/mimo-v2-flash:free,stop,,gen-1766306273-oh3trpdeXWjbfPDyXsxm
104,mbpp_test,0,1245,3790,0,C:\Users\durgamaniryudh\Desktop\Learn\llm_eval\test\mbpp_test\104\104_gen_0.sv,xiaomi/mimo-v2-flash:free,stop,,gen-1766306251-WJ3VwnLygxilsQuuNh58
136,human_eval_test,0,779,830,0,C:\Users\durgamaniryudh\Desktop\Learn\llm_eval\test\human_eval_test\136\136_gen_0.sv,xiaomi/mimo-v2-flash:free,stop,,gen-1766306276-eC8iQtd9576p5Qo8r7ur
3933,aapp_competition_test,0,724,1442,0,C:\Users\durgamaniryudh\Desktop\Learn\llm_eval\test\aapp_competition_test\3933\3933_gen_0.sv,xiaomi/mimo-v2-flash:free,stop,,gen-1766306290-hMzdPBOg5Vw8x90XM4O8
119,mbpp_test,0,467,92,0,C:\Users\durgamaniryudh\Desktop\Learn\llm_eval\test\mbpp_test\119\119_gen_0.sv,xiaomi/mimo-v2-flash:free,stop,,gen-1766306306-gn2xnoi60SpQGg8rt1Oe
3090,aapp_competition_test,0,639,3239,0,C:\Users\durgamaniryudh\Desktop\Learn\llm_eval\test\aapp_competition_test\3090\3090_gen_0.sv,xiaomi/mimo-v2-flash:free,stop,,gen-1766306277-WpGEPTcwtlpwDyg4hFN9
108,human_eval_test,0,1609,10566,0,C:\Users\durgamaniryudh\Desktop\Learn\llm_eval\test\human_eval_test\108\108_gen_0.sv,xiaomi/mimo-v2-flash:free,stop,,gen-1766306209-CaPm1FuRMGpkP5jCoVBV
3078,aapp_competition_test,0,685,3172,0,C:\Users\durgamaniryudh\Desktop\Learn\llm_eval\test\aapp_competition_test\3078\3078_gen_0.sv,xiaomi/mimo-v2-flash:free,stop,,gen-1766306310-WjucMLEKaIkS8PfgMbrY
3840,aapp_competition_test,0,783,1698,0,C:\Users\durgamaniryudh\Desktop\Learn\llm_eval\test\aapp_competition_test\3840\3840_gen_0.sv,xiaomi/mimo-v2-flash:free,stop,,gen-1766306334-lwUgHROo1LEVMpjGqcaw
3837,aapp_competition_test,0,713,7337,0,C:\Users\durgamaniryudh\Desktop\Learn\llm_eval\test\aapp_competition_test\3837\3837_gen_0.sv,xiaomi/mimo-v2-flash:free,stop,,gen-1766306281-17cgCMRQaOtHPjrGRG7v
120,mbpp_test,0,555,621,0,C:\Users\durgamaniryudh\Desktop\Learn\llm_eval\test\mbpp_test\120\120_gen_0.sv,xiaomi/mimo-v2-flash:free,stop,,gen-1766306361-tYDGQbNBdN1MxnTrb176
3482,aapp_competition_test,0,904,10069,0,C:\Users\durgamaniryudh\Desktop\Learn\llm_eval\test\aapp_competition_test\3482\3482_gen_0.sv,xiaomi/mimo-v2-flash:free,stop,,gen-1766306279-GnzlF3nG4UktJFSHPwnD
31,human_eval_test,0,737,7956,0,C:\Users\durgamaniryudh\Desktop\Learn\llm_eval\test\human_eval_test\31\31_gen_0.sv,xiaomi/mimo-v2-flash:free,stop,,gen-1766306308-jtDRxMXkzrmhaGGNn4CD
3842,aapp_competition_test,0,750,4090,0,C:\Users\durgamaniryudh\Desktop\Learn\llm_eval\test\aapp_competition_test\3842\3842_gen_0.sv,xiaomi/mimo-v2-flash:free,stop,,gen-1766306410-Jv2JS35YD6YaxY7G5VXo
3483,aapp_competition_test,0,1043,15539,0,C:\Users\durgamaniryudh\Desktop\Learn\llm_eval\test\aapp_competition_test\3483\3483_gen_0.sv,xiaomi/mimo-v2-flash:free,stop,,gen-1766306313-SAz2aDxrlt3LMzrvFFjR
3836,aapp_competition_test,0,958,16992,0,C:\Users\durgamaniryudh\Desktop\Learn\llm_eval\test\aapp_competition_test\3836\3836_gen_0.sv,xiaomi/mimo-v2-flash:free,stop,,gen-1766306222-e5WBXPnZ33n2Tvjf8LNM
110,human_eval_test,0,617,536,0,C:\Users\durgamaniryudh\Desktop\Learn\llm_eval\test\human_eval_test\110\110_gen_0.sv,xiaomi/mimo-v2-flash:free,stop,,gen-1766306447-zPDTYykvFRdQgkWG1rb5
3935,aapp_competition_test,0,730,1899,0,C:\Users\durgamaniryudh\Desktop\Learn\llm_eval\test\aapp_competition_test\3935\3935_gen_0.sv,xiaomi/mimo-v2-flash:free,stop,,gen-1766306445-KOJqGkpBpQ4aOw4uoail
124,mbpp_test,0,711,3487,0,C:\Users\durgamaniryudh\Desktop\Learn\llm_eval\test\mbpp_test\124\124_gen_0.sv,xiaomi/mimo-v2-flash:free,stop,,gen-1766306447-DbeNcHn28UP7fxx4Q5MO
3927,aapp_competition_test,0,740,13585,0,C:\Users\durgamaniryudh\Desktop\Learn\llm_eval\test\aapp_competition_test\3927\3927_gen_0.sv,xiaomi/mimo-v2-flash:free,stop,,gen-1766306348-zv81ioPfVRKp66C4cJmm
3488,aapp_competition_test,0,751,2408,0,C:\Users\durgamaniryudh\Desktop\Learn\llm_eval\test\aapp_competition_test\3488\3488_gen_0.sv,xiaomi/mimo-v2-flash:free,stop,,gen-1766306468-eWgGI9O3tfbKCPa5SAMS
84,human_eval_test,0,662,930,0,C:\Users\durgamaniryudh\Desktop\Learn\llm_eval\test\human_eval_test\84\84_gen_0.sv,xiaomi/mimo-v2-flash:free,stop,,gen-1766306492-DkOpoudwHBCr21V4YLHv
3843,aapp_competition_test,0,893,2376,0,C:\Users\durgamaniryudh\Desktop\Learn\llm_eval\test\aapp_competition_test\3843\3843_gen_0.sv,xiaomi/mimo-v2-flash:free,stop,,gen-1766306480-2T3jIcILNd2HM5DtrOCL
3092,aapp_competition_test,0,686,4119,0,C:\Users\durgamaniryudh\Desktop\Learn\llm_eval\test\aapp_competition_test\3092\3092_gen_0.sv,xiaomi/mimo-v2-flash:free,stop,,gen-1766306452-q1ddA4ZYJezbTbHQvzMs
126,mbpp_test,0,577,1461,0,C:\Users\durgamaniryudh\Desktop\Learn\llm_eval\test\mbpp_test\126\126_gen_0.sv,xiaomi/mimo-v2-flash:free,stop,,gen-1766306500-EWIbqVpZBzSy6kXKagE6
3931,aapp_competition_test,0,1262,2499,0,C:\Users\durgamaniryudh\Desktop\Learn\llm_eval\test\aapp_competition_test\3931\3931_gen_0.sv,xiaomi/mimo-v2-flash:free,stop,,gen-1766306481-DosZ818vfGu4csmDz9gf
3091,aapp_competition_test,0,3097,3173,0,C:\Users\durgamaniryudh\Desktop\Learn\llm_eval\test\aapp_competition_test\3091\3091_gen_0.sv,xiaomi/mimo-v2-flash:free,stop,,gen-1766306502-8psC6HdodObivQ37f23d
3844,aapp_competition_test,0,813,930,0,C:\Users\durgamaniryudh\Desktop\Learn\llm_eval\test\aapp_competition_test\3844\3844_gen_0.sv,xiaomi/mimo-v2-flash:free,stop,,gen-1766306511-JzOze6fEEhLYK7ytU8En
3484,aapp_competition_test,0,1001,16465,0,C:\Users\durgamaniryudh\Desktop\Learn\llm_eval\test\aapp_competition_test\3484\3484_gen_0.sv,xiaomi/mimo-v2-flash:free,stop,,gen-1766306404-UqOBN9cX9POap5ODR303
3477,aapp_competition_test,0,938,44876,0,C:\Users\durgamaniryudh\Desktop\Learn\llm_eval\test\aapp_competition_test\3477\3477_gen_0.sv,xiaomi/mimo-v2-flash:free,stop,,gen-1766305897-MbKSTN8oNKZ1QjWtqF4B
3095,aapp_competition_test,0,726,976,0,C:\Users\durgamaniryudh\Desktop\Learn\llm_eval\test\aapp_competition_test\3095\3095_gen_0.sv,xiaomi/mimo-v2-flash:free,stop,,gen-1766306552-NsJDsXRKAKYB2DBDHzW5
3936,aapp_competition_test,0,808,5015,0,C:\Users\durgamaniryudh\Desktop\Learn\llm_eval\test\aapp_competition_test\3936\3936_gen_0.sv,xiaomi/mimo-v2-flash:free,stop,,gen-1766306527-2QsYS7hDsY3ga7QzuFmN
3088,aapp_competition_test,0,700,26089,0,C:\Users\durgamaniryudh\Desktop\Learn\llm_eval\test\aapp_competition_test\3088\3088_gen_0.sv,xiaomi/mimo-v2-flash:free,stop,,gen-1766306253-kojtZ65EG9oTKhlswQkQ
3841,aapp_competition_test,0,703,2440,0,C:\Users\durgamaniryudh\Desktop\Learn\llm_eval\test\aapp_competition_test\3841\3841_gen_0.sv,xiaomi/mimo-v2-flash:free,stop,,gen-1766306561-mLSyEtedf4IG3otw7Q1S
3487,aapp_competition_test,0,1171,4167,0,C:\Users\durgamaniryudh\Desktop\Learn\llm_eval\test\aapp_competition_test\3487\3487_gen_0.sv,xiaomi/mimo-v2-flash:free,stop,,gen-1766306555-z1bl1CniFVhuD55gX37x
109,human_eval_test,0,858,1041,0,C:\Users\durgamaniryudh\Desktop\Learn\llm_eval\test\human_eval_test\109\109_gen_0.sv,xiaomi/mimo-v2-flash:free,stop,,gen-1766306590-irn9wJtTEFGVnWretxLB
3937,aapp_competition_test,0,819,2043,0,C:\Users\durgamaniryudh\Desktop\Learn\llm_eval\test\aapp_competition_test\3937\3937_gen_0.sv,xiaomi/mimo-v2-flash:free,stop,,gen-1766306576-ifQQz1knWDVQRG0YREKe
3485,aapp_competition_test,0,831,10276,0,C:\Users\durgamaniryudh\Desktop\Learn\llm_eval\test\aapp_competition_test\3485\3485_gen_0.sv,xiaomi/mimo-v2-flash:free,stop,,gen-1766306504-xMMshQvpNaWZAS9zEdjc
3939,aapp_competition_test,0,729,1033,0,C:\Users\durgamaniryudh\Desktop\Learn\llm_eval\test\aapp_competition_test\3939\3939_gen_0.sv,xiaomi/mimo-v2-flash:free,stop,,gen-1766306607-IEONdgSguNorRrxxWEzu
118,mbpp_test,0,698,7687,0,C:\Users\durgamaniryudh\Desktop\Learn\llm_eval\test\mbpp_test\118\118_gen_0.sv,xiaomi/mimo-v2-flash:free,stop,,gen-1766306539-R1UbQfg5oKt18C6HuwJZ
3489,aapp_competition_test,0,1122,2299,0,C:\Users\durgamaniryudh\Desktop\Learn\llm_eval\test\aapp_competition_test\3489\3489_gen_0.sv,xiaomi/mimo-v2-flash:free,stop,,gen-1766306598-Rs2LyY1u34gynq27QESX
57,human_eval_test,0,689,7771,0,C:\Users\durgamaniryudh\Desktop\Learn\llm_eval\test\human_eval_test\57\57_gen_0.sv,xiaomi/mimo-v2-flash:free,stop,,gen-1766306528-Pf0bgIJo6xHpbpNwYnCK
123,mbpp_test,0,910,1957,0,C:\Users\durgamaniryudh\Desktop\Learn\llm_eval\test\mbpp_test\123\123_gen_0.sv,xiaomi/mimo-v2-flash:free,stop,,gen-1766306593-G8BV9XMYWEIESRMiKqbY
125,mbpp_test,0,701,1396,0,C:\Users\durgamaniryudh\Desktop\Learn\llm_eval\test\mbpp_test\125\125_gen_0.sv,xiaomi/mimo-v2-flash:free,stop,,gen-1766306621-MjCUyjviWtnKdNbTbWHp
4,human_eval_test,0,698,3561,0,C:\Users\durgamaniryudh\Desktop\Learn\llm_eval\test\human_eval_test\4\4_gen_0.sv,xiaomi/mimo-v2-flash:free,stop,,gen-1766306621-doJkOQ6GdHq8dAxBQHXm
3096,aapp_competition_test,0,695,5680,0,C:\Users\durgamaniryudh\Desktop\Learn\llm_eval\test\aapp_competition_test\3096\3096_gen_0.sv,xiaomi/mimo-v2-flash:free,stop,,gen-1766306593-LCfUS5xWz2SiYPH9HBcH
5,human_eval_test,0,575,389,0,C:\Users\durgamaniryudh\Desktop\Learn\llm_eval\test\human_eval_test\5\5_gen_0.sv,xiaomi/mimo-v2-flash:free,stop,,gen-1766306655-3imrA7Ir76mGxkeYHxdA
3940,aapp_competition_test,0,768,1262,0,C:\Users\durgamaniryudh\Desktop\Learn\llm_eval\test\aapp_competition_test\3940\3940_gen_0.sv,xiaomi/mimo-v2-flash:free,stop,,gen-1766306649-g2zU91CnWniUxjuKAUAI
3847,aapp_competition_test,0,844,4818,0,C:\Users\durgamaniryudh\Desktop\Learn\llm_eval\test\aapp_competition_test\3847\3847_gen_0.sv,xiaomi/mimo-v2-flash:free,stop,,gen-1766306603-HIwGD5Aug41lqJgYcu75
3846,aapp_competition_test,0,588,1890,0,C:\Users\durgamaniryudh\Desktop\Learn\llm_eval\test\aapp_competition_test\3846\3846_gen_0.sv,xiaomi/mimo-v2-flash:free,stop,,gen-1766306636-EuDhQ4SXXJS1aQOpkkXh
127,mbpp_test,0,767,1194,0,C:\Users\durgamaniryudh\Desktop\Learn\llm_eval\test\mbpp_test\127\127_gen_0.sv,xiaomi/mimo-v2-flash:free,stop,,gen-1766306659-21i5Eu3Binz80qO81dEe
163,human_eval_test,0,675,335,0,C:\Users\durgamaniryudh\Desktop\Learn\llm_eval\test\human_eval_test\163\163_gen_0.sv,xiaomi/mimo-v2-flash:free,stop,,gen-1766306671-07K8DFeGycWGsBsmqwZq
135,mbpp_test,0,545,217,0,C:\Users\durgamaniryudh\Desktop\Learn\llm_eval\test\mbpp_test\135\135_gen_0.sv,xiaomi/mimo-v2-flash:free,stop,,gen-1766306676-0oPryfVxzGko5h6tJ8Gh
3097,aapp_competition_test,0,1206,1790,0,C:\Users\durgamaniryudh\Desktop\Learn\llm_eval\test\aapp_competition_test\3097\3097_gen_0.sv,xiaomi/mimo-v2-flash:free,stop,,gen-1766306661-QRpqIKWtW37QwtQCgEWE
3490,aapp_competition_test,0,969,6128,0,C:\Users\durgamaniryudh\Desktop\Learn\llm_eval\test\aapp_competition_test\3490\3490_gen_0.sv,xiaomi/mimo-v2-flash:free,stop,,gen-1766306634-mmjTZumOsBpkerCXtOHH
3098,aapp_competition_test,0,1064,5764,0,C:\Users\durgamaniryudh\Desktop\Learn\llm_eval\test\aapp_competition_test\3098\3098_gen_0.sv,xiaomi/mimo-v2-flash:free,stop,,gen-1766306678-tv0lWs9hYw4b5lBByuCk
3945,aapp_competition_test,0,655,361,0,C:\Users\durgamaniryudh\Desktop\Learn\llm_eval\test\aapp_competition_test\3945\3945_gen_0.sv,xiaomi/mimo-v2-flash:free,stop,,gen-1766306722-oLOvmQJnItsZVygszfLk
3480,aapp_competition_test,0,5625,7525,0,C:\Users\durgamaniryudh\Desktop\Learn\llm_eval\test\aapp_competition_test\3480\3480_gen_0.sv,xiaomi/mimo-v2-flash:free,stop,,gen-1766306662-C3pzLFo6pefxsXmLKWxq
3093,aapp_competition_test,0,763,17110,0,C:\Users\durgamaniryudh\Desktop\Learn\llm_eval\test\aapp_competition_test\3093\3093_gen_0.sv,xiaomi/mimo-v2-flash:free,stop,,gen-1766306622-BmA6XHaMPKtgWvH9Dm10
132,mbpp_test,0,650,516,0,C:\Users\durgamaniryudh\Desktop\Learn\llm_eval\test\mbpp_test\132\132_gen_0.sv,xiaomi/mimo-v2-flash:free,stop,,gen-1766306763-inmH3BhBMqkTCRIlCMLm
137,human_eval_test,0,956,5501,0,C:\Users\durgamaniryudh\Desktop\Learn\llm_eval\test\human_eval_test\137\137_gen_0.sv,xiaomi/mimo-v2-flash:free,stop,,gen-1766306728-v6fuDo1a8iOOZejgKF3s
3848,aapp_competition_test,0,671,13477,0,C:\Users\durgamaniryudh\Desktop\Learn\llm_eval\test\aapp_competition_test\3848\3848_gen_0.sv,xiaomi/mimo-v2-flash:free,stop,,gen-1766306679-p02qspZ6gQbtOkdCuICQ
3850,aapp_competition_test,0,787,824,0,C:\Users\durgamaniryudh\Desktop\Learn\llm_eval\test\aapp_competition_test\3850\3850_gen_0.sv,xiaomi/mimo-v2-flash:free,stop,,gen-1766306805-N09l27dsQbzgbg7NlCpn
3819,aapp_competition_test,0,898,14776,0,C:\Users\durgamaniryudh\Desktop\Learn\llm_eval\test\aapp_competition_test\3819\3819_gen_0.sv,xiaomi/mimo-v2-flash:free,stop,,gen-1766306662-Och8gn9Mhuxe8qbwbBuA
3942,aapp_competition_test,0,880,1676,0,C:\Users\durgamaniryudh\Desktop\Learn\llm_eval\test\aapp_competition_test\3942\3942_gen_0.sv,xiaomi/mimo-v2-flash:free,stop,,gen-1766306814-Iht2xSP28pwELeTk61Qc
58,human_eval_test,0,619,1641,0,C:\Users\durgamaniryudh\Desktop\Learn\llm_eval\test\human_eval_test\58\58_gen_0.sv,xiaomi/mimo-v2-flash:free,stop,,gen-1766306823-fouLPyf2g9o37spuTInU
130,mbpp_test,0,953,710,0,C:\Users\durgamaniryudh\Desktop\Learn\llm_eval\test\mbpp_test\130\130_gen_0.sv,xiaomi/mimo-v2-flash:free,stop,,gen-1766306830-0i4tsXv8MFGPd0578IIJ
3493,aapp_competition_test,0,983,11965,0,C:\Users\durgamaniryudh\Desktop\Learn\llm_eval\test\aapp_competition_test\3493\3493_gen_0.sv,xiaomi/mimo-v2-flash:free,stop,,gen-1766306679-BWIyxmFopdWTf2y3G6le
3491,aapp_competition_test,0,1362,6845,0,C:\Users\durgamaniryudh\Desktop\Learn\llm_eval\test\aapp_competition_test\3491\3491_gen_0.sv,xiaomi/mimo-v2-flash:free,stop,,gen-1766306776-pLmWBnBv2pb0rsga2Qh7
3496,aapp_competition_test,0,1865,1573,0,C:\Users\durgamaniryudh\Desktop\Learn\llm_eval\test\aapp_competition_test\3496\3496_gen_0.sv,xiaomi/mimo-v2-flash:free,stop,,gen-1766306840-zLfreQ90sDjmoJ3GkUtk
6,human_eval_test,0,663,949,0,C:\Users\durgamaniryudh\Desktop\Learn\llm_eval\test\human_eval_test\6\6_gen_0.sv,xiaomi/mimo-v2-flash:free,stop,,gen-1766306854-smRKlig0L7eI1yjlm4dQ
3855,aapp_competition_test,0,557,706,0,C:\Users\durgamaniryudh\Desktop\Learn\llm_eval\test\aapp_competition_test\3855\3855_gen_0.sv,xiaomi/mimo-v2-flash:free,stop,,gen-1766306844-5FQvKkPu0YENLkgSOa46
129,mbpp_test,0,679,10980,0,C:\Users\durgamaniryudh\Desktop\Learn\llm_eval\test\mbpp_test\129\129_gen_0.sv,xiaomi/mimo-v2-flash:free,stop,,gen-1766306768-mL3NcYbOUk5Bp5KbBL8O
3100,aapp_competition_test,0,956,8433,0,C:\Users\durgamaniryudh\Desktop\Learn\llm_eval\test\aapp_competition_test\3100\3100_gen_0.sv,xiaomi/mimo-v2-flash:free,stop,,gen-1766306769-wmJU4UZoVhqPdDQrsI4E
92,human_eval_test,0,542,226,0,C:\Users\durgamaniryudh\Desktop\Learn\llm_eval\test\human_eval_test\92\92_gen_0.sv,xiaomi/mimo-v2-flash:free,stop,,gen-1766306871-vZYE2i9czQpW3eUiAwAD
3156,aapp_competition_test,0,840,1682,0,C:\Users\durgamaniryudh\Desktop\Learn\llm_eval\test\aapp_competition_test\3156\3156_gen_0.sv,xiaomi/mimo-v2-flash:free,stop,,gen-1766306861-uiVc23Y3itGgjaQ98aYV
38,human_eval_test,0,1095,1731,0,C:\Users\durgamaniryudh\Desktop\Learn\llm_eval\test\human_eval_test\38\38_gen_0.sv,xiaomi/mimo-v2-flash:free,stop,,gen-1766306868-P1DmKhvTXqb5mzILsORq
67,human_eval_test,0,670,361,0,C:\Users\durgamaniryudh\Desktop\Learn\llm_eval\test\human_eval_test\67\67_gen_0.sv,xiaomi/mimo-v2-flash:free,stop,,gen-1766306881-Sna073ivfptEBECfqaBW
13,human_eval_test,0,597,1250,0,C:\Users\durgamaniryudh\Desktop\Learn\llm_eval\test\human_eval_test\13\13_gen_0.sv,xiaomi/mimo-v2-flash:free,stop,,gen-1766306875-cqmNqiSXWhuTXLiCPMAz
65,human_eval_test,0,2344,1145,0,C:\Users\durgamaniryudh\Desktop\Learn\llm_eval\test\human_eval_test\65\65_gen_0.sv,xiaomi/mimo-v2-flash:free,stop,,gen-1766306887-LsNAf32HoqOqLSPomPum
3084,aapp_competition_test,0,908,8079,0,C:\Users\durgamaniryudh\Desktop\Learn\llm_eval\test\aapp_competition_test\3084\3084_gen_0.sv,xiaomi/mimo-v2-flash:free,stop,,gen-1766306836-qkADHbZLyebAy1T01i9I
3941,aapp_competition_test,0,1041,25460,0,C:\Users\durgamaniryudh\Desktop\Learn\llm_eval\test\aapp_competition_test\3941\3941_gen_0.sv,xiaomi/mimo-v2-flash:free,stop,,gen-1766306665-DdxyhR5Vok7BMqFSWh3Z
14,human_eval_test,0,616,305,0,C:\Users\durgamaniryudh\Desktop\Learn\llm_eval\test\human_eval_test\14\14_gen_0.sv,xiaomi/mimo-v2-flash:free,stop,,gen-1766306904-sXbBm6j7ltrcEp0vA8N3
3160,aapp_competition_test,0,924,2995,0,C:\Users\durgamaniryudh\Desktop\Learn\llm_eval\test\aapp_competition_test\3160\3160_gen_0.sv,xiaomi/mimo-v2-flash:free,stop,,gen-1766306876-wxjlbnEIDKAj9b7mgCVM
3164,aapp_competition_test,0,857,521,0,C:\Users\durgamaniryudh\Desktop\Learn\llm_eval\test\aapp_competition_test\3164\3164_gen_0.sv,xiaomi/mimo-v2-flash:free,stop,,gen-1766306912-83SUXDd4BuIVxgDnan0j
3157,aapp_competition_test,0,2090,4370,0,C:\Users\durgamaniryudh\Desktop\Learn\llm_eval\test\aapp_competition_test\3157\3157_gen_0.sv,xiaomi/mimo-v2-flash:free,stop,,gen-1766306871-edi6SJihq1wy5li9204F
3938,aapp_competition_test,0,1340,10887,0,C:\Users\durgamaniryudh\Desktop\Learn\llm_eval\test\aapp_competition_test\3938\3938_gen_0.sv,xiaomi/mimo-v2-flash:free,stop,,gen-1766306846-v83W1I1vYSHZ3jjGP5F6
119,human_eval_test,0,798,3819,0,C:\Users\durgamaniryudh\Desktop\Learn\llm_eval\test\human_eval_test\119\119_gen_0.sv,xiaomi/mimo-v2-flash:free,stop,,gen-1766306915-HOuEyKO30Ch1kvD2M2Yr
3168,aapp_competition_test,0,755,2127,0,C:\Users\durgamaniryudh\Desktop\Learn\llm_eval\test\aapp_competition_test\3168\3168_gen_0.sv,xiaomi/mimo-v2-flash:free,stop,,gen-1766306936-V2AlfUot3v8rYFVdyuxT
41,human_eval_test,0,494,65,0,C:\Users\durgamaniryudh\Desktop\Learn\llm_eval\test\human_eval_test\41\41_gen_0.sv,xiaomi/mimo-v2-flash:free,stop,,gen-1766306953-7u6kmPwgv48qeMWlVGj3
40,human_eval_test,0,818,3805,0,C:\Users\durgamaniryudh\Desktop\Learn\llm_eval\test\human_eval_test\40\40_gen_0.sv,xiaomi/mimo-v2-flash:free,stop,,gen-1766306959-mn0w1HDqkma9QmWHS03C
120,human_eval_test,0,747,1464,0,C:\Users\durgamaniryudh\Desktop\Learn\llm_eval\test\human_eval_test\120\120_gen_0.sv,xiaomi/mimo-v2-flash:free,stop,,gen-1766306987-F55Xl5oCcy1CIQhoZpPw
145,human_eval_test,0,999,6654,0,C:\Users\durgamaniryudh\Desktop\Learn\llm_eval\test\human_eval_test\145\145_gen_0.sv,xiaomi/mimo-v2-flash:free,stop,,gen-1766306919-oooGmKoyCr5Gjv2pX3jc
3167,aapp_competition_test,0,745,6734,0,C:\Users\durgamaniryudh\Desktop\Learn\llm_eval\test\aapp_competition_test\3167\3167_gen_0.sv,xiaomi/mimo-v2-flash:free,stop,,gen-1766306916-TRMe806fxhfPr5vgq0q5
3169,aapp_competition_test,0,1402,3265,0,C:\Users\durgamaniryudh\Desktop\Learn\llm_eval\test\aapp_competition_test\3169\3169_gen_0.sv,xiaomi/mimo-v2-flash:free,stop,,gen-1766307004-qesZlg0YmLyr35ok0TZt
93,human_eval_test,0,781,2744,0,C:\Users\durgamaniryudh\Desktop\Learn\llm_eval\test\human_eval_test\93\93_gen_0.sv,xiaomi/mimo-v2-flash:free,stop,,gen-1766307007-XIquPEsaFLzenT3qUS0R
3173,aapp_competition_test,0,1004,9120,0,C:\Users\durgamaniryudh\Desktop\Learn\llm_eval\test\aapp_competition_test\3173\3173_gen_0.sv,xiaomi/mimo-v2-flash:free,stop,,gen-1766306963-7K5u5HVPQTfWCkMdHBaK
3166,aapp_competition_test,0,1033,9538,0,C:\Users\durgamaniryudh\Desktop\Learn\llm_eval\test\aapp_competition_test\3166\3166_gen_0.sv,xiaomi/mimo-v2-flash:free,stop,,gen-1766306953-WNrbcyDqVzp5F48TvcBw
121,human_eval_test,0,581,154,0,C:\Users\durgamaniryudh\Desktop\Learn\llm_eval\test\human_eval_test\121\121_gen_0.sv,xiaomi/mimo-v2-flash:free,stop,,gen-1766307050-T5b1NyeC0LQron6EI3l0
146,human_eval_test,0,933,1495,0,C:\Users\durgamaniryudh\Desktop\Learn\llm_eval\test\human_eval_test\146\146_gen_0.sv,xiaomi/mimo-v2-flash:free,stop,,gen-1766307031-FNJcYra2oSNeRWdX458U
68,human_eval_test,0,683,2973,0,C:\Users\durgamaniryudh\Desktop\Learn\llm_eval\test\human_eval_test\68\68_gen_0.sv,xiaomi/mimo-v2-flash:free,stop,,gen-1766307067-BwMkWySwseRPcZ4pXX1z
3159,aapp_competition_test,0,786,20422,0,C:\Users\durgamaniryudh\Desktop\Learn\llm_eval\test\aapp_competition_test\3159\3159_gen_0.sv,xiaomi/mimo-v2-flash:free,stop,,gen-1766306897-RHaUzB4DmhJRwqB70isb
3170,aapp_competition_test,0,3043,7311,0,C:\Users\durgamaniryudh\Desktop\Learn\llm_eval\test\aapp_competition_test\3170\3170_gen_0.sv,xiaomi/mimo-v2-flash:free,stop,,gen-1766307038-MoWrnNphjBq4bMUTRpFY
3176,aapp_competition_test,0,1275,3565,0,C:\Users\durgamaniryudh\Desktop\Learn\llm_eval\test\aapp_competition_test\3176\3176_gen_0.sv,xiaomi/mimo-v2-flash:free,stop,,gen-1766307094-a1MzUAGUgOGADBUGz3FR
42,human_eval_test,0,668,1203,0,C:\Users\durgamaniryudh\Desktop\Learn\llm_eval\test\human_eval_test\42\42_gen_0.sv,xiaomi/mimo-v2-flash:free,stop,,gen-1766307112-qlfPxP3fcWzVo1NJKQ9i
3179,aapp_competition_test,0,667,3788,0,C:\Users\durgamaniryudh\Desktop\Learn\llm_eval\test\aapp_competition_test\3179\3179_gen_0.sv,xiaomi/mimo-v2-flash:free,stop,,gen-1766307061-bhFm5JJVaBqQNcqm1oDL
147,human_eval_test,0,617,2872,0,C:\Users\durgamaniryudh\Desktop\Learn\llm_eval\test\human_eval_test\147\147_gen_0.sv,xiaomi/mimo-v2-flash:free,stop,,gen-1766307129-2NYzOIfz27BFmlrSQZsN
3177,aapp_competition_test,0,2022,3057,0,C:\Users\durgamaniryudh\Desktop\Learn\llm_eval\test\aapp_competition_test\3177\3177_gen_0.sv,xiaomi/mimo-v2-flash:free,stop,,gen-1766307115-wNgzhx82Kg1JhBAIJp7K
69,human_eval_test,0,1063,1486,0,C:\Users\durgamaniryudh\Desktop\Learn\llm_eval\test\human_eval_test\69\69_gen_0.sv,xiaomi/mimo-v2-flash:free,stop,,gen-1766307147-4sK738oupzfcxQetTIRR
3178,aapp_competition_test,0,2634,3282,0,C:\Users\durgamaniryudh\Desktop\Learn\llm_eval\test\aapp_competition_test\3178\3178_gen_0.sv,xiaomi/mimo-v2-flash:free,stop,,gen-1766307149-Mhe9tl5jw8G1BjAOFylL
3479,aapp_competition_test,0,924,65536,0,C:\Users\durgamaniryudh\Desktop\Learn\llm_eval\test\aapp_competition_test\3479\3479_gen_0.sv,xiaomi/mimo-v2-flash:free,length,,gen-1766306194-6aHru53XDllXSP5nTXkO
3172,aapp_competition_test,0,882,16882,0,C:\Users\durgamaniryudh\Desktop\Learn\llm_eval\test\aapp_competition_test\3172\3172_gen_0.sv,xiaomi/mimo-v2-flash:free,stop,,gen-1766307021-sxohrH6nqlPJtzkRWgn5
16,human_eval_test,0,693,638,0,C:\Users\durgamaniryudh\Desktop\Learn\llm_eval\test\human_eval_test\16\16_gen_0.sv,xiaomi/mimo-v2-flash:free,stop,,gen-1766307173-IU7toKjDc1o9pBKGXcZ9
3174,aapp_competition_test,0,780,14546,0,C:\Users\durgamaniryudh\Desktop\Learn\llm_eval\test\aapp_competition_test\3174\3174_gen_0.sv,xiaomi/mimo-v2-flash:free,stop,,gen-1766307031-lLMtZsb17Atu7AMAZcvL
96,human_eval_test,0,744,329,0,C:\Users\durgamaniryudh\Desktop\Learn\llm_eval\test\human_eval_test\96\96_gen_0.sv,xiaomi/mimo-v2-flash:free,stop,,gen-1766307180-UvDNGQA3Spn9awMuXtXb
17,human_eval_test,0,1041,1216,0,C:\Users\durgamaniryudh\Desktop\Learn\llm_eval\test\human_eval_test\17\17_gen_0.sv,xiaomi/mimo-v2-flash:free,stop,,gen-1766307184-lyPLY2ajS4owwAOUZ43f
3181,aapp_competition_test,0,1561,2642,0,C:\Users\durgamaniryudh\Desktop\Learn\llm_eval\test\aapp_competition_test\3181\3181_gen_0.sv,xiaomi/mimo-v2-flash:free,stop,,gen-1766307171-HhOFAEUNf7xkWjhoHzhD
3182,aapp_competition_test,0,855,2096,0,C:\Users\durgamaniryudh\Desktop\Learn\llm_eval\test\aapp_competition_test\3182\3182_gen_0.sv,xiaomi/mimo-v2-flash:free,stop,,gen-1766307182-QyiEWIanZRHtWkE7mi7O
43,human_eval_test,0,709,1615,0,C:\Users\durgamaniryudh\Desktop\Learn\llm_eval\test\human_eval_test\43\43_gen_0.sv,xiaomi/mimo-v2-flash:free,stop,,gen-1766307198-rreLYUMtDKZ9zKaYGX2U
3185,aapp_competition_test,0,600,1098,0,C:\Users\durgamaniryudh\Desktop\Learn\llm_eval\test\aapp_competition_test\3185\3185_gen_0.sv,xiaomi/mimo-v2-flash:free,stop,,gen-1766307196-pp1hLu5uWo9cNM1RHMzF
94,human_eval_test,0,605,8658,0,C:\Users\durgamaniryudh\Desktop\Learn\llm_eval\test\human_eval_test\94\94_gen_0.sv,xiaomi/mimo-v2-flash:free,stop,,gen-1766307127-bv4DsrhPNz5pCI59FIdg
3161,aapp_competition_test,0,768,23835,0,C:\Users\durgamaniryudh\Desktop\Learn\llm_eval\test\aapp_competition_test\3161\3161_gen_0.sv,xiaomi/mimo-v2-flash:free,stop,,gen-1766306887-4pOMBJfB7DtNkbEFRsJM
95,human_eval_test,0,837,7359,0,C:\Users\durgamaniryudh\Desktop\Learn\llm_eval\test\human_eval_test\95\95_gen_0.sv,xiaomi/mimo-v2-flash:free,stop,,gen-1766307162-ub4ghpnfzeXijtlfjGHk
3187,aapp_competition_test,0,1768,824,0,C:\Users\durgamaniryudh\Desktop\Learn\llm_eval\test\aapp_competition_test\3187\3187_gen_0.sv,xiaomi/mimo-v2-flash:free,stop,,gen-1766307221-MkPirKJsUkNk4rKGJjxs
3175,aapp_competition_test,0,877,9676,0,C:\Users\durgamaniryudh\Desktop\Learn\llm_eval\test\aapp_competition_test\3175\3175_gen_0.sv,xiaomi/mimo-v2-flash:free,stop,,gen-1766307136-vPu27KSO61vObfzRjpFA
3180,aapp_competition_test,0,1280,5065,0,C:\Users\durgamaniryudh\Desktop\Learn\llm_eval\test\aapp_competition_test\3180\3180_gen_0.sv,xiaomi/mimo-v2-flash:free,stop,,gen-1766307179-ekiSmmawPSZrj69jpvPz
3190,aapp_competition_test,0,874,1454,0,C:\Users\durgamaniryudh\Desktop\Learn\llm_eval\test\aapp_competition_test\3190\3190_gen_0.sv,xiaomi/mimo-v2-flash:free,stop,,gen-1766307229-JOzad7NTlvu5wl4DPt04
148,human_eval_test,0,1121,3893,0,C:\Users\durgamaniryudh\Desktop\Learn\llm_eval\test\human_eval_test\148\148_gen_0.sv,xiaomi/mimo-v2-flash:free,stop,,gen-1766307217-ejg7mM0ztHERsKIWjD7R
3194,aapp_competition_test,0,722,1572,0,C:\Users\durgamaniryudh\Desktop\Learn\llm_eval\test\aapp_competition_test\3194\3194_gen_0.sv,xiaomi/mimo-v2-flash:free,stop,,gen-1766307243-EzoUHD7irFKJuz45huyD
123,human_eval_test,0,777,1881,0,C:\Users\durgamaniryudh\Desktop\Learn\llm_eval\test\human_eval_test\123\123_gen_0.sv,xiaomi/mimo-v2-flash:free,stop,,gen-1766307240-5KHGvsF6QoDCJ0funtTL
44,human_eval_test,0,650,5922,0,C:\Users\durgamaniryudh\Desktop\Learn\llm_eval\test\human_eval_test\44\44_gen_0.sv,xiaomi/mimo-v2-flash:free,stop,,gen-1766307210-E103fvWkAb6VcBCirUoP
97,human_eval_test,0,556,1458,0,C:\Users\durgamaniryudh\Desktop\Learn\llm_eval\test\human_eval_test\97\97_gen_0.sv,xiaomi/mimo-v2-flash:free,stop,,gen-1766307256-5wiVuCDCOUmSCJEIyKUo
70,human_eval_test,0,874,2288,0,C:\Users\durgamaniryudh\Desktop\Learn\llm_eval\test\human_eval_test\70\70_gen_0.sv,xiaomi/mimo-v2-flash:free,stop,,gen-1766307244-klUr5zgYTBO1hPlYrUsL
122,human_eval_test,0,644,578,0,C:\Users\durgamaniryudh\Desktop\Learn\llm_eval\test\human_eval_test\122\122_gen_0.sv,xiaomi/mimo-v2-flash:free,stop,,gen-1766307267-5R20QWqMuSAYpWwuXZgV
3184,aapp_competition_test,0,681,6915,0,C:\Users\durgamaniryudh\Desktop\Learn\llm_eval\test\aapp_competition_test\3184\3184_gen_0.sv,xiaomi/mimo-v2-flash:free,stop,,gen-1766307211-CYHTGzc4ESyd0jJgOQOc
149,human_eval_test,0,641,6846,0,C:\Users\durgamaniryudh\Desktop\Learn\llm_eval\test\human_eval_test\149\149_gen_0.sv,xiaomi/mimo-v2-flash:free,stop,,gen-1766307227-jtvVWuPld9x4m1oR9dmt
3192,aapp_competition_test,0,1488,3195,0,C:\Users\durgamaniryudh\Desktop\Learn\llm_eval\test\aapp_competition_test\3192\3192_gen_0.sv,xiaomi/mimo-v2-flash:free,stop,,gen-1766307272-IieJP89auIsX88pBhuOr
45,human_eval_test,0,537,195,0,C:\Users\durgamaniryudh\Desktop\Learn\llm_eval\test\human_eval_test\45\45_gen_0.sv,xiaomi/mimo-v2-flash:free,stop,,gen-1766307302-wANZbbXvvu6mrPYNYwSu
71,human_eval_test,0,857,2026,0,C:\Users\durgamaniryudh\Desktop\Learn\llm_eval\test\human_eval_test\71\71_gen_0.sv,xiaomi/mimo-v2-flash:free,stop,,gen-1766307301-WRGr9eHHFggwaLdtF4Gi
72,human_eval_test,0,599,378,0,C:\Users\durgamaniryudh\Desktop\Learn\llm_eval\test\human_eval_test\72\72_gen_0.sv,xiaomi/mimo-v2-flash:free,stop,,gen-1766307317-zfvluQG8PXsPdmEBeYw9
3202,aapp_competition_test,0,823,2709,0,C:\Users\durgamaniryudh\Desktop\Learn\llm_eval\test\aapp_competition_test\3202\3202_gen_0.sv,xiaomi/mimo-v2-flash:free,stop,,gen-1766307305-QAonxBAgNlQvrNp3aihn
3198,aapp_competition_test,0,819,5017,0,C:\Users\durgamaniryudh\Desktop\Learn\llm_eval\test\aapp_competition_test\3198\3198_gen_0.sv,xiaomi/mimo-v2-flash:free,stop,,gen-1766307279-mVM04kkC4YWcGCpBVe9O
3005,aapp_competition_test,0,901,2689,0,C:\Users\durgamaniryudh\Desktop\Learn\llm_eval\test\aapp_competition_test\3005\3005_gen_0.sv,xiaomi/mimo-v2-flash:free,stop,,gen-1766307322-7VFBUG2ttfVdzqXfqwd8
3197,aapp_competition_test,0,747,9530,0,C:\Users\durgamaniryudh\Desktop\Learn\llm_eval\test\aapp_competition_test\3197\3197_gen_0.sv,xiaomi/mimo-v2-flash:free,stop,,gen-1766307261-Q2DF0uaCLtBICjlW5Lfm
98,human_eval_test,0,690,1417,0,C:\Users\durgamaniryudh\Desktop\Learn\llm_eval\test\human_eval_test\98\98_gen_0.sv,xiaomi/mimo-v2-flash:free,stop,,gen-1766307343-4WHiqrhFezJ3nAnUmJ80
150,human_eval_test,0,534,130,0,C:\Users\durgamaniryudh\Desktop\Learn\llm_eval\test\human_eval_test\150\150_gen_0.sv,xiaomi/mimo-v2-flash:free,stop,,gen-1766307354-qpkc9BoDIw7ay37jPUjU
3199,aapp_competition_test,0,848,3000,0,C:\Users\durgamaniryudh\Desktop\Learn\llm_eval\test\aapp_competition_test\3199\3199_gen_0.sv,xiaomi/mimo-v2-flash:free,stop,,gen-1766307334-viKlEnI8TjDTK7Rf123b
3205,aapp_competition_test,0,692,1805,0,C:\Users\durgamaniryudh\Desktop\Learn\llm_eval\test\aapp_competition_test\3205\3205_gen_0.sv,xiaomi/mimo-v2-flash:free,stop,,gen-1766307353-DDBQAM7U4qQ9ulPueNFT
3186,aapp_competition_test,0,790,19189,0,C:\Users\durgamaniryudh\Desktop\Learn\llm_eval\test\aapp_competition_test\3186\3186_gen_0.sv,xiaomi/mimo-v2-flash:free,stop,,gen-1766307198-gTptbs4H0P3fwbkqD0Rd
3002,aapp_competition_test,0,848,1925,0,C:\Users\durgamaniryudh\Desktop\Learn\llm_eval\test\aapp_competition_test\3002\3002_gen_0.sv,xiaomi/mimo-v2-flash:free,stop,,gen-1766307381-hoy6PMlu3PjBtswcVeid
19,human_eval_test,0,643,5264,0,C:\Users\durgamaniryudh\Desktop\Learn\llm_eval\test\human_eval_test\19\19_gen_0.sv,xiaomi/mimo-v2-flash:free,stop,,gen-1766307370-tEtg5nHjdauurMYrIMUv
3003,aapp_competition_test,0,837,4063,0,C:\Users\durgamaniryudh\Desktop\Learn\llm_eval\test\aapp_competition_test\3003\3003_gen_0.sv,xiaomi/mimo-v2-flash:free,stop,,gen-1766307362-oa3lSGPl2hfxHlaamhaH
3193,aapp_competition_test,0,1176,19765,0,C:\Users\durgamaniryudh\Desktop\Learn\llm_eval\test\aapp_competition_test\3193\3193_gen_0.sv,xiaomi/mimo-v2-flash:free,stop,,gen-1766307250-QWfybivOMPxDyjKWoSMq
46,human_eval_test,0,716,1472,0,C:\Users\durgamaniryudh\Desktop\Learn\llm_eval\test\human_eval_test\46\46_gen_0.sv,xiaomi/mimo-v2-flash:free,stop,,gen-1766307411-Hg8zEClr00Lo23NZ7emI
3211,aapp_competition_test,0,729,3781,0,C:\Users\durgamaniryudh\Desktop\Learn\llm_eval\test\aapp_competition_test\3211\3211_gen_0.sv,xiaomi/mimo-v2-flash:free,stop,,gen-1766307407-7rxfMdjfUsHavU9uoIQp
3350,aapp_competition_test,0,852,1778,0,C:\Users\durgamaniryudh\Desktop\Learn\llm_eval\test\aapp_competition_test\3350\3350_gen_0.sv,xiaomi/mimo-v2-flash:free,stop,,gen-1766307441-x6Sg76ijxbF2lWun6SaM
3210,aapp_competition_test,0,750,5665,0,C:\Users\durgamaniryudh\Desktop\Learn\llm_eval\test\aapp_competition_test\3210\3210_gen_0.sv,xiaomi/mimo-v2-flash:free,stop,,gen-1766307420-cIqzWDUwTYRwMGGHlfFj
3701,aapp_competition_test,0,538,943,0,C:\Users\durgamaniryudh\Desktop\Learn\llm_eval\test\aapp_competition_test\3701\3701_gen_0.sv,xiaomi/mimo-v2-flash:free,stop,,gen-1766307462-mFrd8p9KXvWvcFr1ATsw
460,mbpp_test,0,684,140,0,C:\Users\durgamaniryudh\Desktop\Learn\llm_eval\test\mbpp_test\460\460_gen_0.sv,xiaomi/mimo-v2-flash:free,stop,,gen-1766307468-YpJPCYHhfO8gkzCq9oZf
3196,aapp_competition_test,0,777,20107,1,C:\Users\durgamaniryudh\Desktop\Learn\llm_eval\test\aapp_competition_test\3196\3196_gen_0.sv,xiaomi/mimo-v2-flash:free,stop,,gen-1766307270-weTrFI3xFGgqsMPDaQkV
295,mbpp_test,0,564,2254,0,C:\Users\durgamaniryudh\Desktop\Learn\llm_eval\test\mbpp_test\295\295_gen_0.sv,xiaomi/mimo-v2-flash:free,stop,,gen-1766307471-iFTJsxUBL185SHbn1UNA
459,mbpp_test,0,661,1263,0,C:\Users\durgamaniryudh\Desktop\Learn\llm_eval\test\mbpp_test\459\459_gen_0.sv,xiaomi/mimo-v2-flash:free,stop,,gen-1766307477-GdXo3Qzsa3gF18BzA0O2
3700,aapp_competition_test,0,775,352,0,C:\Users\durgamaniryudh\Desktop\Learn\llm_eval\test\aapp_competition_test\3700\3700_gen_0.sv,xiaomi/mimo-v2-flash:free,stop,,gen-1766307502-HYNUo83bfgDl0fiHalr0
296,mbpp_test,0,653,1925,0,C:\Users\durgamaniryudh\Desktop\Learn\llm_eval\test\mbpp_test\296\296_gen_0.sv,xiaomi/mimo-v2-flash:free,stop,,gen-1766307507-ENx5h7NPZNW2zUzY8QtA
3347,aapp_competition_test,0,587,1513,0,C:\Users\durgamaniryudh\Desktop\Learn\llm_eval\test\aapp_competition_test\3347\3347_gen_0.sv,xiaomi/mimo-v2-flash:free,stop,,gen-1766307522-Msto8TEHCDZDShZS6c7E
3492,aapp_competition_test,0,888,10147,0,C:\Users\durgamaniryudh\Desktop\Learn\llm_eval\test\aapp_competition_test\3492\3492_gen_0.sv,xiaomi/mimo-v2-flash:free,stop,,gen-1766307450-MABSOzpvfAOOkOIpb61p
3007,aapp_competition_test,0,789,19174,0,C:\Users\durgamaniryudh\Desktop\Learn\llm_eval\test\aapp_competition_test\3007\3007_gen_0.sv,xiaomi/mimo-v2-flash:free,stop,,gen-1766307346-ID5MOdkTMjagTijRBMxd
456,mbpp_test,0,601,1308,0,C:\Users\durgamaniryudh\Desktop\Learn\llm_eval\test\mbpp_test\456\456_gen_0.sv,xiaomi/mimo-v2-flash:free,stop,,gen-1766307540-6xxviggNA4AooRu7lbm1
3500,aapp_competition_test,0,838,5225,0,C:\Users\durgamaniryudh\Desktop\Learn\llm_eval\test\aapp_competition_test\3500\3500_gen_0.sv,xiaomi/mimo-v2-flash:free,stop,,gen-1766307538-5baoY46YqNGkK4w83OKa
294,mbpp_test,0,678,1047,0,C:\Users\durgamaniryudh\Desktop\Learn\llm_eval\test\mbpp_test\294\294_gen_0.sv,xiaomi/mimo-v2-flash:free,stop,,gen-1766307588-yflBzjZCrdFOlygoKXXm
3008,aapp_competition_test,0,840,18950,0,C:\Users\durgamaniryudh\Desktop\Learn\llm_eval\test\aapp_competition_test\3008\3008_gen_0.sv,xiaomi/mimo-v2-flash:free,stop,,gen-1766307411-7y2bT08F9GmaB5Q20sPX
3352,aapp_competition_test,0,683,626,0,C:\Users\durgamaniryudh\Desktop\Learn\llm_eval\test\aapp_competition_test\3352\3352_gen_0.sv,xiaomi/mimo-v2-flash:free,stop,,gen-1766307597-6EpxXYiMJ3zzQ5NswnpF
3204,aapp_competition_test,0,888,26534,0,C:\Users\durgamaniryudh\Desktop\Learn\llm_eval\test\aapp_competition_test\3204\3204_gen_0.sv,xiaomi/mimo-v2-flash:free,stop,,gen-1766307364-mULq7IWZTk58SzegTTh1
3501,aapp_competition_test,0,761,1473,0,C:\Users\durgamaniryudh\Desktop\Learn\llm_eval\test\aapp_competition_test\3501\3501_gen_0.sv,xiaomi/mimo-v2-flash:free,stop,,gen-1766307599-TiL3KLr29Lw3t8V28JOw
461,mbpp_test,0,520,194,0,C:\Users\durgamaniryudh\Desktop\Learn\llm_eval\test\mbpp_test\461\461_gen_0.sv,xiaomi/mimo-v2-flash:free,stop,,gen-1766307608-PCrHRyy8H5tdQT7Smlcf
3354,aapp_competition_test,0,1051,3575,0,C:\Users\durgamaniryudh\Desktop\Learn\llm_eval\test\aapp_competition_test\3354\3354_gen_0.sv,xiaomi/mimo-v2-flash:free,stop,,gen-1766307611-DHIMV31wxDs0YO6DC0q3
3707,aapp_competition_test,0,723,325,0,C:\Users\durgamaniryudh\Desktop\Learn\llm_eval\test\aapp_competition_test\3707\3707_gen_0.sv,xiaomi/mimo-v2-flash:free,stop,,gen-1766307643-S9GvRA5Q20tBgERVtPi4
3351,aapp_competition_test,0,988,20547,0,C:\Users\durgamaniryudh\Desktop\Learn\llm_eval\test\aapp_competition_test\3351\3351_gen_0.sv,xiaomi/mimo-v2-flash:free,stop,,gen-1766307480-HFI56MjJvsoyJ7o9akQ5
290,mbpp_test,0,1632,1686,0,C:\Users\durgamaniryudh\Desktop\Learn\llm_eval\test\mbpp_test\290\290_gen_0.sv,xiaomi/mimo-v2-flash:free,stop,,gen-1766307659-8tcj7c4HATd122mFqAqF
3696,aapp_competition_test,0,780,14325,0,C:\Users\durgamaniryudh\Desktop\Learn\llm_eval\test\aapp_competition_test\3696\3696_gen_0.sv,xiaomi/mimo-v2-flash:free,stop,,gen-1766307540-7UzxOEcKqaLfp9BGCxMU
457,mbpp_test,0,699,1949,0,C:\Users\durgamaniryudh\Desktop\Learn\llm_eval\test\mbpp_test\457\457_gen_0.sv,xiaomi/mimo-v2-flash:free,stop,,gen-1766307648-xjJpm9gRCSSeQmOFmR3T
3705,aapp_competition_test,0,638,985,0,C:\Users\durgamaniryudh\Desktop\Learn\llm_eval\test\aapp_competition_test\3705\3705_gen_0.sv,xiaomi/mimo-v2-flash:free,stop,,gen-1766307678-xtfRruxahXrtY7txHY3z
3502,aapp_competition_test,0,912,8098,0,C:\Users\durgamaniryudh\Desktop\Learn\llm_eval\test\aapp_competition_test\3502\3502_gen_0.sv,xiaomi/mimo-v2-flash:free,stop,,gen-1766307612-CpS9gdAeofXDx4tdmNPW
464,mbpp_test,0,507,167,0,C:\Users\durgamaniryudh\Desktop\Learn\llm_eval\test\mbpp_test\464\464_gen_0.sv,xiaomi/mimo-v2-flash:free,stop,,gen-1766307690-jvWwvm2ztiRPim8S8aHd
300,mbpp_test,0,872,371,0,C:\Users\durgamaniryudh\Desktop\Learn\llm_eval\test\mbpp_test\300\300_gen_0.sv,xiaomi/mimo-v2-flash:free,stop,,gen-1766307692-ITlSnE9XohKDBygjRvGQ
3503,aapp_competition_test,0,842,2501,0,C:\Users\durgamaniryudh\Desktop\Learn\llm_eval\test\aapp_competition_test\3503\3503_gen_0.sv,xiaomi/mimo-v2-flash:free,stop,,gen-1766307675-xAauBrnPcAC3EJ3oCdZy
3504,aapp_competition_test,0,750,1104,0,C:\Users\durgamaniryudh\Desktop\Learn\llm_eval\test\aapp_competition_test\3504\3504_gen_0.sv,xiaomi/mimo-v2-flash:free,stop,,gen-1766307709-PFELNvMtCz97WaHvlDs5
438,mbpp_test,0,975,1739,0,C:\Users\durgamaniryudh\Desktop\Learn\llm_eval\test\mbpp_test\438\438_gen_0.sv,xiaomi/mimo-v2-flash:free,stop,,gen-1766307719-F9H6Ipfe15lROpIipq2w
3353,aapp_competition_test,0,823,4950,0,C:\Users\durgamaniryudh\Desktop\Learn\llm_eval\test\aapp_competition_test\3353\3353_gen_0.sv,xiaomi/mimo-v2-flash:free,stop,,gen-1766307674-kfIPzzodOPJQzE5G99U0
3706,aapp_competition_test,0,888,4815,0,C:\Users\durgamaniryudh\Desktop\Learn\llm_eval\test\aapp_competition_test\3706\3706_gen_0.sv,xiaomi/mimo-v2-flash:free,stop,,gen-1766307716-0SPkgg2gIh90GNd6nLMz
293,mbpp_test,0,1463,25171,0,C:\Users\durgamaniryudh\Desktop\Learn\llm_eval\test\mbpp_test\293\293_gen_0.sv,xiaomi/mimo-v2-flash:free,stop,,gen-1766307558-12BMzO5nKWCUmVqH02R6
297,mbpp_test,0,766,2629,0,C:\Users\durgamaniryudh\Desktop\Learn\llm_eval\test\mbpp_test\297\297_gen_0.sv,xiaomi/mimo-v2-flash:free,stop,,gen-1766307738-ir3v5lwmsXYiSvPD7HTM
304,mbpp_test,0,805,576,0,C:\Users\durgamaniryudh\Desktop\Learn\llm_eval\test\mbpp_test\304\304_gen_0.sv,xiaomi/mimo-v2-flash:free,stop,,gen-1766307765-JdzecqJvtoPO6LKn23Yq
458,mbpp_test,0,492,60,0,C:\Users\durgamaniryudh\Desktop\Learn\llm_eval\test\mbpp_test\458\458_gen_0.sv,xiaomi/mimo-v2-flash:free,stop,,gen-1766307784-BFFB7m1IKDXYXQZtX5RU
3711,aapp_competition_test,0,807,1781,0,C:\Users\durgamaniryudh\Desktop\Learn\llm_eval\test\aapp_competition_test\3711\3711_gen_0.sv,xiaomi/mimo-v2-flash:free,stop,,gen-1766307764-j2qrxqN9xxuje09UPbJF
3356,aapp_competition_test,0,1844,15595,0,C:\Users\durgamaniryudh\Desktop\Learn\llm_eval\test\aapp_competition_test\3356\3356_gen_0.sv,xiaomi/mimo-v2-flash:free,stop,,gen-1766307693-iHaQf16F2QgNOlhPBpl6
3713,aapp_competition_test,0,734,901,0,C:\Users\durgamaniryudh\Desktop\Learn\llm_eval\test\aapp_competition_test\3713\3713_gen_0.sv,xiaomi/mimo-v2-flash:free,stop,,gen-1766307850-paNJSEDMl5QtVhfFFizy
463,mbpp_test,0,737,2039,0,C:\Users\durgamaniryudh\Desktop\Learn\llm_eval\test\mbpp_test\463\463_gen_0.sv,xiaomi/mimo-v2-flash:free,stop,,gen-1766307858-NM6Sa5tziFeUlCGe0XFS
309,mbpp_test,0,442,75,0,C:\Users\durgamaniryudh\Desktop\Learn\llm_eval\test\mbpp_test\309\309_gen_0.sv,xiaomi/mimo-v2-flash:free,stop,,gen-1766307875-QOQ8cYJpt4XcWjyzrNw3
3507,aapp_competition_test,0,697,23160,0,C:\Users\durgamaniryudh\Desktop\Learn\llm_eval\test\aapp_competition_test\3507\3507_gen_0.sv,xiaomi/mimo-v2-flash:free,stop,,gen-1766307794-P4Cn41wXfY8GehgG8FMr
3355,aapp_competition_test,0,1053,23936,0,C:\Users\durgamaniryudh\Desktop\Learn\llm_eval\test\aapp_competition_test\3355\3355_gen_0.sv,xiaomi/mimo-v2-flash:free,stop,,gen-1766307785-DDwAtMWEIFi6E8TPROjN
3357,aapp_competition_test,0,972,22707,0,C:\Users\durgamaniryudh\Desktop\Learn\llm_eval\test\aapp_competition_test\3357\3357_gen_0.sv,xiaomi/mimo-v2-flash:free,stop,,gen-1766307747-nUYeI0fO54aIfpqaYARX
465,mbpp_test,0,599,808,0,C:\Users\durgamaniryudh\Desktop\Learn\llm_eval\test\mbpp_test\465\465_gen_0.sv,xiaomi/mimo-v2-flash:free,stop,,gen-1766308051-TQ8aJ2XSih7ZtFZOrVyW
299,mbpp_test,0,863,1730,0,C:\Users\durgamaniryudh\Desktop\Learn\llm_eval\test\mbpp_test\299\299_gen_0.sv,xiaomi/mimo-v2-flash:free,stop,,gen-1766308057-gN3XeaB3SSN9G20JXsKa
3361,aapp_competition_test,0,780,18352,0,C:\Users\durgamaniryudh\Desktop\Learn\llm_eval\test\aapp_competition_test\3361\3361_gen_0.sv,xiaomi/mimo-v2-flash:free,stop,,gen-1766307881-WzL1ttTYS9E9p3LCEIzP
3710,aapp_competition_test,0,761,8186,0,C:\Users\durgamaniryudh\Desktop\Learn\llm_eval\test\aapp_competition_test\3710\3710_gen_0.sv,xiaomi/mimo-v2-flash:free,stop,,gen-1766308045-N7droJdkMACouBXFw4Yx
3508,aapp_competition_test,0,806,5002,0,C:\Users\durgamaniryudh\Desktop\Learn\llm_eval\test\aapp_competition_test\3508\3508_gen_0.sv,xiaomi/mimo-v2-flash:free,stop,,gen-1766308076-oGhVBdf9OYW2XzBtnFlr
3498,aapp_competition_test,0,1236,11161,0,C:\Users\durgamaniryudh\Desktop\Learn\llm_eval\test\aapp_competition_test\3498\3498_gen_0.sv,xiaomi/mimo-v2-flash:free,stop,,gen-1766308030-a2MMRfIK4XPjEIDVyOKm
472,mbpp_test,0,608,404,0,C:\Users\durgamaniryudh\Desktop\Learn\llm_eval\test\mbpp_test\472\472_gen_0.sv,xiaomi/mimo-v2-flash:free,stop,,gen-1766308137-bVYWGudsI7QuQfs2dQyJ
3714,aapp_competition_test,0,663,2162,0,C:\Users\durgamaniryudh\Desktop\Learn\llm_eval\test\aapp_competition_test\3714\3714_gen_0.sv,xiaomi/mimo-v2-flash:free,stop,,gen-1766308128-Gn79xIwXxj4IcB6XAGE6
307,mbpp_test,0,627,3996,0,C:\Users\durgamaniryudh\Desktop\Learn\llm_eval\test\mbpp_test\307\307_gen_0.sv,xiaomi/mimo-v2-flash:free,stop,,gen-1766308134-hmqDgLEfC3rUzpL806YE
3715,aapp_competition_test,0,870,2037,0,C:\Users\durgamaniryudh\Desktop\Learn\llm_eval\test\aapp_competition_test\3715\3715_gen_0.sv,xiaomi/mimo-v2-flash:free,stop,,gen-1766308176-guaXWLGvXmJ0CRdjYNO1
305,mbpp_test,0,1084,3261,0,C:\Users\durgamaniryudh\Desktop\Learn\llm_eval\test\mbpp_test\305\305_gen_0.sv,xiaomi/mimo-v2-flash:free,stop,,gen-1766308193-GgRgCwlc2XhvBRLyCPQ1
462,mbpp_test,0,882,1753,0,C:\Users\durgamaniryudh\Desktop\Learn\llm_eval\test\mbpp_test\462\462_gen_0.sv,xiaomi/mimo-v2-flash:free,stop,,gen-1766308218-Us8GNEBGTyUDTtgPku1a
3505,aapp_competition_test,0,599,65536,0,C:\Users\durgamaniryudh\Desktop\Learn\llm_eval\test\aapp_competition_test\3505\3505_gen_0.sv,xiaomi/mimo-v2-flash:free,length,,gen-1766307760-fqtBmuFvqnSLmE4w0SYL
3703,aapp_competition_test,0,798,65536,0,C:\Users\durgamaniryudh\Desktop\Learn\llm_eval\test\aapp_competition_test\3703\3703_gen_0.sv,xiaomi/mimo-v2-flash:free,length,,gen-1766307603-pUIczW2vNCxn3sH8JETQ
3510,aapp_competition_test,0,891,1521,0,C:\Users\durgamaniryudh\Desktop\Learn\llm_eval\test\aapp_competition_test\3510\3510_gen_0.sv,xiaomi/mimo-v2-flash:free,stop,,gen-1766308236-9sZdGvfaYRJykh1HI85g
3364,aapp_competition_test,0,759,3542,0,C:\Users\durgamaniryudh\Desktop\Learn\llm_eval\test\aapp_competition_test\3364\3364_gen_0.sv,xiaomi/mimo-v2-flash:free,stop,,gen-1766308232-KJqNXKYpj3hD5ociWSX0
3712,aapp_competition_test,0,1008,5810,0,C:\Users\durgamaniryudh\Desktop\Learn\llm_eval\test\aapp_competition_test\3712\3712_gen_0.sv,xiaomi/mimo-v2-flash:free,stop,,gen-1766308250-6pe3fFngfy2PKArsOOHr
3506,aapp_competition_test,0,1033,15457,0,C:\Users\durgamaniryudh\Desktop\Learn\llm_eval\test\aapp_competition_test\3506\3506_gen_0.sv,xiaomi/mimo-v2-flash:free,stop,,gen-1766308146-9mErxEaKIQJ3bY3Ks2Q8
301,mbpp_test,0,1292,5428,0,C:\Users\durgamaniryudh\Desktop\Learn\llm_eval\test\mbpp_test\301\301_gen_0.sv,xiaomi/mimo-v2-flash:free,stop,,gen-1766308253-FqWJ8d5GsYpGj8Wk9iHn
3511,aapp_competition_test,0,1217,1471,0,C:\Users\durgamaniryudh\Desktop\Learn\llm_eval\test\aapp_competition_test\3511\3511_gen_0.sv,xiaomi/mimo-v2-flash:free,stop,,gen-1766308294-NDlZOozxSPW9L5ZpTRVE
3718,aapp_competition_test,0,687,140,0,C:\Users\durgamaniryudh\Desktop\Learn\llm_eval\test\aapp_competition_test\3718\3718_gen_0.sv,xiaomi/mimo-v2-flash:free,stop,,gen-1766308300-GH6WtgkVuN6qG7rNfNrw
3360,aapp_competition_test,0,821,17427,0,C:\Users\durgamaniryudh\Desktop\Learn\llm_eval\test\aapp_competition_test\3360\3360_gen_0.sv,xiaomi/mimo-v2-flash:free,stop,,gen-1766308141-rsA8TYPjWxTjlhHwlRJx
471,mbpp_test,0,612,1522,0,C:\Users\durgamaniryudh\Desktop\Learn\llm_eval\test\mbpp_test\471\471_gen_0.sv,xiaomi/mimo-v2-flash:free,stop,,gen-1766308309-DUv6VJCSCMyjl81g7pPt
306,mbpp_test,0,769,3066,0,C:\Users\durgamaniryudh\Desktop\Learn\llm_eval\test\mbpp_test\306\306_gen_0.sv,xiaomi/mimo-v2-flash:free,stop,,gen-1766308308-g0ILdaypr4UycZZSa1Tk
3363,aapp_competition_test,0,1836,3189,0,C:\Users\durgamaniryudh\Desktop\Learn\llm_eval\test\aapp_competition_test\3363\3363_gen_0.sv,xiaomi/mimo-v2-flash:free,stop,,gen-1766308312-UsbR05PVMpjpMwpBx4TG
3089,aapp_competition_test,0,868,65536,0,C:\Users\durgamaniryudh\Desktop\Learn\llm_eval\test\aapp_competition_test\3089\3089_gen_0.sv,xiaomi/mimo-v2-flash:free,length,,gen-1766306367-cqzCVMf6lW3fgE4e8S4s
3365,aapp_competition_test,0,736,8019,0,C:\Users\durgamaniryudh\Desktop\Learn\llm_eval\test\aapp_competition_test\3365\3365_gen_0.sv,xiaomi/mimo-v2-flash:free,stop,,gen-1766308289-2hqLgrjd5R8GfLvBkdmV
470,mbpp_test,0,487,170,0,C:\Users\durgamaniryudh\Desktop\Learn\llm_eval\test\mbpp_test\470\470_gen_0.sv,xiaomi/mimo-v2-flash:free,stop,,gen-1766308361-PvLFi5X9ksJsCA5wgydu
311,mbpp_test,0,686,1656,0,C:\Users\durgamaniryudh\Desktop\Learn\llm_eval\test\mbpp_test\311\311_gen_0.sv,xiaomi/mimo-v2-flash:free,stop,,gen-1766308358-zkjnlAO84XEP6PNfe5x3
3366,aapp_competition_test,0,696,1461,0,C:\Users\durgamaniryudh\Desktop\Learn\llm_eval\test\aapp_competition_test\3366\3366_gen_0.sv,xiaomi/mimo-v2-flash:free,stop,,gen-1766308368-DQktext7cCga28oCX0v1
3514,aapp_competition_test,0,665,394,0,C:\Users\durgamaniryudh\Desktop\Learn\llm_eval\test\aapp_competition_test\3514\3514_gen_0.sv,xiaomi/mimo-v2-flash:free,stop,,gen-1766308375-Kl9iCCK0ljpElwKVP3en
474,mbpp_test,0,524,142,0,C:\Users\durgamaniryudh\Desktop\Learn\llm_eval\test\mbpp_test\474\474_gen_0.sv,xiaomi/mimo-v2-flash:free,stop,,gen-1766308382-lHmnVTiXASJYe62R9mQV
388,mbpp_test,0,696,143,0,C:\Users\durgamaniryudh\Desktop\Learn\llm_eval\test\mbpp_test\388\388_gen_0.sv,xiaomi/mimo-v2-flash:free,stop,,gen-1766308382-uwcnhRkTSpyrhiItJgXU
3717,aapp_competition_test,0,965,5973,0,C:\Users\durgamaniryudh\Desktop\Learn\llm_eval\test\aapp_competition_test\3717\3717_gen_0.sv,xiaomi/mimo-v2-flash:free,stop,,gen-1766308336-9iA7chKk3WGZDglooBGv
3362,aapp_competition_test,0,1082,35140,0,C:\Users\durgamaniryudh\Desktop\Learn\llm_eval\test\aapp_competition_test\3362\3362_gen_0.sv,xiaomi/mimo-v2-flash:free,stop,,gen-1766308072-7Wnla71eP0hm3RTSNrxk
468,mbpp_test,0,649,12716,0,C:\Users\durgamaniryudh\Desktop\Learn\llm_eval\test\mbpp_test\468\468_gen_0.sv,xiaomi/mimo-v2-flash:free,stop,,gen-1766308263-hoDIGSE5087gB9NQp8wz
3512,aapp_competition_test,0,918,7802,0,C:\Users\durgamaniryudh\Desktop\Learn\llm_eval\test\aapp_competition_test\3512\3512_gen_0.sv,xiaomi/mimo-v2-flash:free,stop,,gen-1766308329-W29Hraoet5C2LaIOCi2y
473,mbpp_test,0,1127,1736,0,C:\Users\durgamaniryudh\Desktop\Learn\llm_eval\test\mbpp_test\473\473_gen_0.sv,xiaomi/mimo-v2-flash:free,stop,,gen-1766308388-IYxTocU1riQsPu8SscV8
3720,aapp_competition_test,0,900,1607,0,C:\Users\durgamaniryudh\Desktop\Learn\llm_eval\test\aapp_competition_test\3720\3720_gen_0.sv,xiaomi/mimo-v2-flash:free,stop,,gen-1766308378-mHPtKHhvUOBBsnPh4F8Y
308,mbpp_test,0,743,2449,0,C:\Users\durgamaniryudh\Desktop\Learn\llm_eval\test\mbpp_test\308\308_gen_0.sv,xiaomi/mimo-v2-flash:free,stop,,gen-1766308384-uR9WeukpOG1ZloswSIqF
476,mbpp_test,0,532,1608,0,C:\Users\durgamaniryudh\Desktop\Learn\llm_eval\test\mbpp_test\476\476_gen_0.sv,xiaomi/mimo-v2-flash:free,stop,,gen-1766308396-pJ0hy0FeQMZZEpjwL7LG
3369,aapp_competition_test,0,1720,1087,0,C:\Users\durgamaniryudh\Desktop\Learn\llm_eval\test\aapp_competition_test\3369\3369_gen_0.sv,xiaomi/mimo-v2-flash:free,stop,,gen-1766308401-RMizwAbRB8qP2vhqGqhv
310,mbpp_test,0,738,970,0,C:\Users\durgamaniryudh\Desktop\Learn\llm_eval\test\mbpp_test\310\310_gen_0.sv,xiaomi/mimo-v2-flash:free,stop,,gen-1766308410-4Ewjk9XErPsSSvpHVxyK
477,mbpp_test,0,777,437,0,C:\Users\durgamaniryudh\Desktop\Learn\llm_eval\test\mbpp_test\477\477_gen_0.sv,xiaomi/mimo-v2-flash:free,stop,,gen-1766308413-ldNJv95LiZNfy1xCkWNl
3721,aapp_competition_test,0,902,3651,0,C:\Users\durgamaniryudh\Desktop\Learn\llm_eval\test\aapp_competition_test\3721\3721_gen_0.sv,xiaomi/mimo-v2-flash:free,stop,,gen-1766308388-XSP2EE7LJ1qhLyZ1GcQC
3517,aapp_competition_test,0,721,2655,0,C:\Users\durgamaniryudh\Desktop\Learn\llm_eval\test\aapp_competition_test\3517\3517_gen_0.sv,xiaomi/mimo-v2-flash:free,stop,,gen-1766308402-B60Bo6RAnYSq6P2urzGt
3722,aapp_competition_test,0,777,1321,0,C:\Users\durgamaniryudh\Desktop\Learn\llm_eval\test\aapp_competition_test\3722\3722_gen_0.sv,xiaomi/mimo-v2-flash:free,stop,,gen-1766308407-yWqeMa6ByOlY683OT7OY
389,mbpp_test,0,767,919,0,C:\Users\durgamaniryudh\Desktop\Learn\llm_eval\test\mbpp_test\389\389_gen_0.sv,xiaomi/mimo-v2-flash:free,stop,,gen-1766308429-jP3M3xKpt44PvaJ3BKB4
312,mbpp_test,0,794,626,0,C:\Users\durgamaniryudh\Desktop\Learn\llm_eval\test\mbpp_test\312\312_gen_0.sv,xiaomi/mimo-v2-flash:free,stop,,gen-1766308425-auiD1l8Z8SyaWUmw4bAq
3370,aapp_competition_test,0,821,500,0,C:\Users\durgamaniryudh\Desktop\Learn\llm_eval\test\aapp_competition_test\3370\3370_gen_0.sv,xiaomi/mimo-v2-flash:free,stop,,gen-1766308445-S1dyrovD2IasODV64h6V
479,mbpp_test,0,653,2345,0,C:\Users\durgamaniryudh\Desktop\Learn\llm_eval\test\mbpp_test\479\479_gen_0.sv,xiaomi/mimo-v2-flash:free,stop,,gen-1766308438-m4Fg6XzuNj4PTuwEu8sV
3723,aapp_competition_test,0,628,1881,0,C:\Users\durgamaniryudh\Desktop\Learn\llm_eval\test\aapp_competition_test\3723\3723_gen_0.sv,xiaomi/mimo-v2-flash:free,stop,,gen-1766308467-284UtuiB2TsW1weF6OUU
394,mbpp_test,0,618,169,0,C:\Users\durgamaniryudh\Desktop\Learn\llm_eval\test\mbpp_test\394\394_gen_0.sv,xiaomi/mimo-v2-flash:free,stop,,gen-1766308483-srpwtYdvtojpf1sARw99
3515,aapp_competition_test,0,676,8810,0,C:\Users\durgamaniryudh\Desktop\Learn\llm_eval\test\aapp_competition_test\3515\3515_gen_0.sv,xiaomi/mimo-v2-flash:free,stop,,gen-1766308417-i6TYqBgLlXkFzVkaWPTS
478,mbpp_test,0,817,1559,0,C:\Users\durgamaniryudh\Desktop\Learn\llm_eval\test\mbpp_test\478\478_gen_0.sv,xiaomi/mimo-v2-flash:free,stop,,gen-1766308490-B1KzambACZMgOsA1GdHC
3373,aapp_competition_test,0,695,7699,0,C:\Users\durgamaniryudh\Desktop\Learn\llm_eval\test\aapp_competition_test\3373\3373_gen_0.sv,xiaomi/mimo-v2-flash:free,stop,,gen-1766308417-9lzB5kFm2lc1WtuEa11K
3726,aapp_competition_test,0,663,776,0,C:\Users\durgamaniryudh\Desktop\Learn\llm_eval\test\aapp_competition_test\3726\3726_gen_0.sv,xiaomi/mimo-v2-flash:free,stop,,gen-1766308509-9q96PwfebuAWD1527KY3
391,mbpp_test,0,886,515,0,C:\Users\durgamaniryudh\Desktop\Learn\llm_eval\test\mbpp_test\391\391_gen_0.sv,xiaomi/mimo-v2-flash:free,stop,,gen-1766308517-bFq2b1feLcq51CfdyqbT
3518,aapp_competition_test,0,769,4721,0,C:\Users\durgamaniryudh\Desktop\Learn\llm_eval\test\aapp_competition_test\3518\3518_gen_0.sv,xiaomi/mimo-v2-flash:free,stop,,gen-1766308456-m5X3Ng5JVk5NNvcwPrvR
3495,aapp_competition_test,0,829,65536,0,C:\Users\durgamaniryudh\Desktop\Learn\llm_eval\test\aapp_competition_test\3495\3495_gen_0.sv,xiaomi/mimo-v2-flash:free,length,,gen-1766307491-S5SY8OdrmiRGuf6IBu0E
3375,aapp_competition_test,0,1070,2467,0,C:\Users\durgamaniryudh\Desktop\Learn\llm_eval\test\aapp_competition_test\3375\3375_gen_0.sv,xiaomi/mimo-v2-flash:free,stop,,gen-1766308522-Do5aDT1KsyVQyvXM0pPl
3719,aapp_competition_test,0,891,13952,0,C:\Users\durgamaniryudh\Desktop\Learn\llm_eval\test\aapp_competition_test\3719\3719_gen_0.sv,xiaomi/mimo-v2-flash:free,stop,,gen-1766308423-UqMETlORzIv4jWWmdEO9
3516,aapp_competition_test,0,812,12258,0,C:\Users\durgamaniryudh\Desktop\Learn\llm_eval\test\aapp_competition_test\3516\3516_gen_0.sv,xiaomi/mimo-v2-flash:free,stop,,gen-1766308386-rTLAeulPnBeuJ5CO1WnF
3522,aapp_competition_test,0,789,4145,0,C:\Users\durgamaniryudh\Desktop\Learn\llm_eval\test\aapp_competition_test\3522\3522_gen_0.sv,xiaomi/mimo-v2-flash:free,stop,,gen-1766308529-fkwEzgMGHUaCO3gIpVlk
390,mbpp_test,0,609,1629,0,C:\Users\durgamaniryudh\Desktop\Learn\llm_eval\test\mbpp_test\390\390_gen_0.sv,xiaomi/mimo-v2-flash:free,stop,,gen-1766308553-9m7ArfrmZpSoNj21vmfl
3368,aapp_competition_test,0,627,17721,0,C:\Users\durgamaniryudh\Desktop\Learn\llm_eval\test\aapp_competition_test\3368\3368_gen_0.sv,xiaomi/mimo-v2-flash:free,stop,,gen-1766308384-Ueh4ci3zSTtpz58aeWps
475,mbpp_test,0,863,4318,0,C:\Users\durgamaniryudh\Desktop\Learn\llm_eval\test\mbpp_test\475\475_gen_0.sv,xiaomi/mimo-v2-flash:free,stop,,gen-1766308542-l2Ngqolpz5BshUav46TJ
3524,aapp_competition_test,0,832,1896,0,C:\Users\durgamaniryudh\Desktop\Learn\llm_eval\test\aapp_competition_test\3524\3524_gen_0.sv,xiaomi/mimo-v2-flash:free,stop,,gen-1766308562-Lcrnq7rtRfwKV8IlM3hG
602,mbpp_train,0,552,1750,0,C:\Users\durgamaniryudh\Desktop\Learn\llm_eval\test\mbpp_train\602\602_gen_0.sv,xiaomi/mimo-v2-flash:free,stop,,gen-1766308573-wOq68amIHGLrmDmVZuuM
392,mbpp_test,0,704,2340,0,C:\Users\durgamaniryudh\Desktop\Learn\llm_eval\test\mbpp_test\392\392_gen_0.sv,xiaomi/mimo-v2-flash:free,stop,,gen-1766308577-GOQdBiRm68acF5LUdcmU
3382,aapp_competition_test,0,836,6133,0,C:\Users\durgamaniryudh\Desktop\Learn\llm_eval\test\aapp_competition_test\3382\3382_gen_0.sv,xiaomi/mimo-v2-flash:free,stop,,gen-1766308579-zvsUhDnyIcalAgLshAIj
606,mbpp_train,0,737,379,0,C:\Users\durgamaniryudh\Desktop\Learn\llm_eval\test\mbpp_train\606\606_gen_0.sv,xiaomi/mimo-v2-flash:free,stop,,gen-1766308630-eq5cwseifp2460ZEjfr3
3376,aapp_competition_test,0,1107,5142,0,C:\Users\durgamaniryudh\Desktop\Learn\llm_eval\test\aapp_competition_test\3376\3376_gen_0.sv,xiaomi/mimo-v2-flash:free,stop,,gen-1766308556-QrGzJSELTqln3JngRsmY
3728,aapp_competition_test,0,723,5866,0,C:\Users\durgamaniryudh\Desktop\Learn\llm_eval\test\aapp_competition_test\3728\3728_gen_0.sv,xiaomi/mimo-v2-flash:free,stop,,gen-1766308600-SVOcGDUbvXVZWKaYD0b4
3509,aapp_competition_test,0,3088,1720,0,C:\Users\durgamaniryudh\Desktop\Learn\llm_eval\test\aapp_competition_test\3509\3509_gen_0.sv,xiaomi/mimo-v2-flash:free,stop,,gen-1766308640-yJKv1RevOVL2rHceKnoF
397,mbpp_test,0,523,247,0,C:\Users\durgamaniryudh\Desktop\Learn\llm_eval\test\mbpp_test\397\397_gen_0.sv,xiaomi/mimo-v2-flash:free,stop,,gen-1766308652-oMwOPmAecb28qbt8gadA
611,mbpp_train,0,546,289,0,C:\Users\durgamaniryudh\Desktop\Learn\llm_eval\test\mbpp_train\611\611_gen_0.sv,xiaomi/mimo-v2-flash:free,stop,,gen-1766308655-bO8uaMeCAFgweImUkkhl
3727,aapp_competition_test,0,569,8632,0,C:\Users\durgamaniryudh\Desktop\Learn\llm_eval\test\aapp_competition_test\3727\3727_gen_0.sv,xiaomi/mimo-v2-flash:free,stop,,gen-1766308568-Qcrz1YTImvmjEcPRuf3X
3380,aapp_competition_test,0,2775,1476,0,C:\Users\durgamaniryudh\Desktop\Learn\llm_eval\test\aapp_competition_test\3380\3380_gen_0.sv,xiaomi/mimo-v2-flash:free,stop,,gen-1766308659-mSZlVtKGLFb5z3RNMm06
3735,aapp_competition_test,0,828,2111,0,C:\Users\durgamaniryudh\Desktop\Learn\llm_eval\test\aapp_competition_test\3735\3735_gen_0.sv,xiaomi/mimo-v2-flash:free,stop,,gen-1766308651-LLoaZtBGiqhDe2dfjNva
3519,aapp_competition_test,0,680,12880,0,C:\Users\durgamaniryudh\Desktop\Learn\llm_eval\test\aapp_competition_test\3519\3519_gen_0.sv,xiaomi/mimo-v2-flash:free,stop,,gen-1766308505-IcSkiPVMxOAo8fkTkpvZ
3383,aapp_competition_test,0,711,4678,0,C:\Users\durgamaniryudh\Desktop\Learn\llm_eval\test\aapp_competition_test\3383\3383_gen_0.sv,xiaomi/mimo-v2-flash:free,stop,,gen-1766308636-GLMLDmtJvVT8BwuIr9VD
393,mbpp_test,0,776,1239,0,C:\Users\durgamaniryudh\Desktop\Learn\llm_eval\test\mbpp_test\393\393_gen_0.sv,xiaomi/mimo-v2-flash:free,stop,,gen-1766308675-9VHLyadRwzvnZYGt1qb1
3523,aapp_competition_test,0,965,2538,0,C:\Users\durgamaniryudh\Desktop\Learn\llm_eval\test\aapp_competition_test\3523\3523_gen_0.sv,xiaomi/mimo-v2-flash:free,stop,,gen-1766308671-0Q7t6WBYV2GIKLXhuRXc
3521,aapp_competition_test,0,1223,14947,0,C:\Users\durgamaniryudh\Desktop\Learn\llm_eval\test\aapp_competition_test\3521\3521_gen_0.sv,xiaomi/mimo-v2-flash:free,stop,,gen-1766308590-ZiWh8VgkSpr0G9ssyFg8
3371,aapp_competition_test,0,852,22562,0,C:\Users\durgamaniryudh\Desktop\Learn\llm_eval\test\aapp_competition_test\3371\3371_gen_0.sv,xiaomi/mimo-v2-flash:free,stop,,gen-1766308503-ctCjeRBcDVIfMBOKyDvi
605,mbpp_train,0,946,1172,0,C:\Users\durgamaniryudh\Desktop\Learn\llm_eval\test\mbpp_train\605\605_gen_0.sv,xiaomi/mimo-v2-flash:free,stop,,gen-1766308741-41Vys18859CoFsTobk7V
604,mbpp_train,0,847,8496,0,C:\Users\durgamaniryudh\Desktop\Learn\llm_eval\test\mbpp_train\604\604_gen_0.sv,xiaomi/mimo-v2-flash:free,stop,,gen-1766308676-fzNTm7pnIhha88Wak6uy
3525,aapp_competition_test,0,878,8188,0,C:\Users\durgamaniryudh\Desktop\Learn\llm_eval\test\aapp_competition_test\3525\3525_gen_0.sv,xiaomi/mimo-v2-flash:free,stop,,gen-1766308687-vMYIf1O7sUCQUfS7103P
3729,aapp_competition_test,0,805,22275,0,C:\Users\durgamaniryudh\Desktop\Learn\llm_eval\test\aapp_competition_test\3729\3729_gen_0.sv,xiaomi/mimo-v2-flash:free,stop,,gen-1766308530-qDgihIdMsnkVtEdfCuMA
395,mbpp_test,0,660,1422,0,C:\Users\durgamaniryudh\Desktop\Learn\llm_eval\test\mbpp_test\395\395_gen_0.sv,xiaomi/mimo-v2-flash:free,stop,,gen-1766308762-cmN79WEgxwka5h6Jl22C
3733,aapp_competition_test,0,757,2217,0,C:\Users\durgamaniryudh\Desktop\Learn\llm_eval\test\aapp_competition_test\3733\3733_gen_0.sv,xiaomi/mimo-v2-flash:free,stop,,gen-1766308762-EeFmzKKd5K6jF0jhVR4A
608,mbpp_train,0,877,1143,0,C:\Users\durgamaniryudh\Desktop\Learn\llm_eval\test\mbpp_train\608\608_gen_0.sv,xiaomi/mimo-v2-flash:free,stop,,gen-1766308777-GcwW8IHfEEGvt8GAEWae
3384,aapp_competition_test,0,837,7476,0,C:\Users\durgamaniryudh\Desktop\Learn\llm_eval\test\aapp_competition_test\3384\3384_gen_0.sv,xiaomi/mimo-v2-flash:free,stop,,gen-1766308752-Q4qa8jUjtn58Haqw3VoB
3374,aapp_competition_test,0,1032,12976,0,C:\Users\durgamaniryudh\Desktop\Learn\llm_eval\test\aapp_competition_test\3374\3374_gen_0.sv,xiaomi/mimo-v2-flash:free,stop,,gen-1766308677-leIQUFCUjR5JZWMMRVPr
3737,aapp_competition_test,0,766,753,0,C:\Users\durgamaniryudh\Desktop\Learn\llm_eval\test\aapp_competition_test\3737\3737_gen_0.sv,xiaomi/mimo-v2-flash:free,stop,,gen-1766308848-lpxOHSiiK1NpzBYRTx0t
612,mbpp_train,0,556,182,0,C:\Users\durgamaniryudh\Desktop\Learn\llm_eval\test\mbpp_train\612\612_gen_0.sv,xiaomi/mimo-v2-flash:free,stop,,gen-1766308856-LvhTzMH2isrFJMpAuymP
3379,aapp_competition_test,0,577,7583,0,C:\Users\durgamaniryudh\Desktop\Learn\llm_eval\test\aapp_competition_test\3379\3379_gen_0.sv,xiaomi/mimo-v2-flash:free,stop,,gen-1766308783-KSWIN33m44rpVzjA4lpJ
404,mbpp_test,0,421,73,0,C:\Users\durgamaniryudh\Desktop\Learn\llm_eval\test\mbpp_test\404\404_gen_0.sv,xiaomi/mimo-v2-flash:free,stop,,gen-1766308851-RF6wzOnDq4PdQzRKHBvv
3386,aapp_competition_test,0,782,2414,0,C:\Users\durgamaniryudh\Desktop\Learn\llm_eval\test\aapp_competition_test\3386\3386_gen_0.sv,xiaomi/mimo-v2-flash:free,stop,,gen-1766308859-ZcJXpSau7lrE8eg1h5Ri
3736,aapp_competition_test,0,795,2202,0,C:\Users\durgamaniryudh\Desktop\Learn\llm_eval\test\aapp_competition_test\3736\3736_gen_0.sv,xiaomi/mimo-v2-flash:free,stop,,gen-1766308860-YHES5hVYYseTJGmXb7SG
607,mbpp_train,0,608,863,0,C:\Users\durgamaniryudh\Desktop\Learn\llm_eval\test\mbpp_train\607\607_gen_0.sv,xiaomi/mimo-v2-flash:free,stop,,gen-1766308880-3ZFlUO2Q0ytTKcafBelh
3526,aapp_competition_test,0,808,9969,0,C:\Users\durgamaniryudh\Desktop\Learn\llm_eval\test\aapp_competition_test\3526\3526_gen_0.sv,xiaomi/mimo-v2-flash:free,stop,,gen-1766308753-CnY5mNQYL4aJtz043qtY
396,mbpp_test,0,607,17648,0,C:\Users\durgamaniryudh\Desktop\Learn\llm_eval\test\mbpp_test\396\396_gen_0.sv,xiaomi/mimo-v2-flash:free,stop,,gen-1766308733-sY8UErlMl39f2xO0m2gf
400,mbpp_test,0,600,2122,0,C:\Users\durgamaniryudh\Desktop\Learn\llm_eval\test\mbpp_test\400\400_gen_0.sv,xiaomi/mimo-v2-flash:free,stop,,gen-1766308878-a2wbTH5YrnzDd07nIGbt
3732,aapp_competition_test,0,1162,15792,0,C:\Users\durgamaniryudh\Desktop\Learn\llm_eval\test\aapp_competition_test\3732\3732_gen_0.sv,xiaomi/mimo-v2-flash:free,stop,,gen-1766308674-iOORJn1lRjWruPmrGroS
3529,aapp_competition_test,0,784,16412,0,C:\Users\durgamaniryudh\Desktop\Learn\llm_eval\test\aapp_competition_test\3529\3529_gen_0.sv,xiaomi/mimo-v2-flash:free,stop,,gen-1766308787-1nDwJ53sYmC6X2TDgKLs
399,mbpp_test,0,621,240,0,C:\Users\durgamaniryudh\Desktop\Learn\llm_eval\test\mbpp_test\399\399_gen_0.sv,xiaomi/mimo-v2-flash:free,stop,,gen-1766308928-hfWWwuFEAL7IV0AVtbEc
603,mbpp_train,0,702,2199,0,C:\Users\durgamaniryudh\Desktop\Learn\llm_eval\test\mbpp_train\603\603_gen_0.sv,xiaomi/mimo-v2-flash:free,stop,,gen-1766308930-6lwT4qjJOJRdXsjLOSiJ
3734,aapp_competition_test,0,837,707,0,C:\Users\durgamaniryudh\Desktop\Learn\llm_eval\test\aapp_competition_test\3734\3734_gen_0.sv,xiaomi/mimo-v2-flash:free,stop,,gen-1766308947-kYDCr1PYADvAiiEJypJ9
398,mbpp_test,0,974,1128,0,C:\Users\durgamaniryudh\Desktop\Learn\llm_eval\test\mbpp_test\398\398_gen_0.sv,xiaomi/mimo-v2-flash:free,stop,,gen-1766308954-fyQ7XLMdg5jqsJrWj6XC
3390,aapp_competition_test,0,740,5000,0,C:\Users\durgamaniryudh\Desktop\Learn\llm_eval\test\aapp_competition_test\3390\3390_gen_0.sv,xiaomi/mimo-v2-flash:free,stop,,gen-1766308931-athIvlHgDDv5hX9aexj7
610,mbpp_train,0,842,2143,0,C:\Users\durgamaniryudh\Desktop\Learn\llm_eval\test\mbpp_train\610\610_gen_0.sv,xiaomi/mimo-v2-flash:free,stop,,gen-1766308963-TfFetpGEYFNtSnS66yZi
3391,aapp_competition_test,0,1974,1530,0,C:\Users\durgamaniryudh\Desktop\Learn\llm_eval\test\aapp_competition_test\3391\3391_gen_0.sv,xiaomi/mimo-v2-flash:free,stop,,gen-1766308979-jOuXnP4dvTH91U5mcqLx
3528,aapp_competition_test,0,931,8388,0,C:\Users\durgamaniryudh\Desktop\Learn\llm_eval\test\aapp_competition_test\3528\3528_gen_0.sv,xiaomi/mimo-v2-flash:free,stop,,gen-1766308895-WiK9WkB9JM1ZSCdhefcE
405,mbpp_test,0,688,672,0,C:\Users\durgamaniryudh\Desktop\Learn\llm_eval\test\mbpp_test\405\405_gen_0.sv,xiaomi/mimo-v2-flash:free,stop,,gen-1766308993-OjZOQ3iofJeQCdyYEruL
617,mbpp_train,0,670,820,0,C:\Users\durgamaniryudh\Desktop\Learn\llm_eval\test\mbpp_train\617\617_gen_0.sv,xiaomi/mimo-v2-flash:free,stop,,gen-1766308999-dSUxJZH7YjQ6tq4slptE
3527,aapp_competition_test,0,1118,15602,0,C:\Users\durgamaniryudh\Desktop\Learn\llm_eval\test\aapp_competition_test\3527\3527_gen_0.sv,xiaomi/mimo-v2-flash:free,stop,,gen-1766308859-7tp9nf5ToUGktq2FeZO7
3531,aapp_competition_test,0,1010,6962,0,C:\Users\durgamaniryudh\Desktop\Learn\llm_eval\test\aapp_competition_test\3531\3531_gen_0.sv,xiaomi/mimo-v2-flash:free,stop,,gen-1766308931-weGhJjyzJlQgNtFoM1jN
3739,aapp_competition_test,0,825,10770,0,C:\Users\durgamaniryudh\Desktop\Learn\llm_eval\test\aapp_competition_test\3739\3739_gen_0.sv,xiaomi/mimo-v2-flash:free,stop,,gen-1766308908-tgZ8pvmDbuAxBp1IDUUm
624,mbpp_train,0,661,216,0,C:\Users\durgamaniryudh\Desktop\Learn\llm_eval\test\mbpp_train\624\624_gen_0.sv,xiaomi/mimo-v2-flash:free,stop,,gen-1766309051-1XXiGD5rgKytYN3pZ1W4
3740,aapp_competition_test,0,1217,2994,0,C:\Users\durgamaniryudh\Desktop\Learn\llm_eval\test\aapp_competition_test\3740\3740_gen_0.sv,xiaomi/mimo-v2-flash:free,stop,,gen-1766309013-tLuy9aZ0niQZB1ca9gPv
401,mbpp_test,0,494,184,0,C:\Users\durgamaniryudh\Desktop\Learn\llm_eval\test\mbpp_test\401\401_gen_0.sv,xiaomi/mimo-v2-flash:free,stop,,gen-1766309054-EDrWV7hDMC5FKlLJFDbW
3534,aapp_competition_test,0,1219,5801,0,C:\Users\durgamaniryudh\Desktop\Learn\llm_eval\test\aapp_competition_test\3534\3534_gen_0.sv,xiaomi/mimo-v2-flash:free,stop,,gen-1766308987-1Jk9SrAcVeCSUerNijip
3738,aapp_competition_test,0,864,7893,0,C:\Users\durgamaniryudh\Desktop\Learn\llm_eval\test\aapp_competition_test\3738\3738_gen_0.sv,xiaomi/mimo-v2-flash:free,stop,,gen-1766308992-vcfEdKmBwOPNmVA4biub
3393,aapp_competition_test,0,1004,2002,0,C:\Users\durgamaniryudh\Desktop\Learn\llm_eval\test\aapp_competition_test\3393\3393_gen_0.sv,xiaomi/mimo-v2-flash:free,stop,,gen-1766309054-sURGHn3EvOdk6MTSGyg2
623,mbpp_train,0,642,575,0,C:\Users\durgamaniryudh\Desktop\Learn\llm_eval\test\mbpp_train\623\623_gen_0.sv,xiaomi/mimo-v2-flash:free,stop,,gen-1766309061-11NlhIdddkzfZtuPk3tf
406,mbpp_test,0,540,46,0,C:\Users\durgamaniryudh\Desktop\Learn\llm_eval\test\mbpp_test\406\406_gen_0.sv,xiaomi/mimo-v2-flash:free,stop,,gen-1766309070-EmQZafB8242FksUUSIW0
409,mbpp_test,0,497,274,0,C:\Users\durgamaniryudh\Desktop\Learn\llm_eval\test\mbpp_test\409\409_gen_0.sv,xiaomi/mimo-v2-flash:free,stop,,gen-1766309071-FGtHWcCq9Yxg6D1ExqJa
3385,aapp_competition_test,0,1097,23053,0,C:\Users\durgamaniryudh\Desktop\Learn\llm_eval\test\aapp_competition_test\3385\3385_gen_0.sv,xiaomi/mimo-v2-flash:free,stop,,gen-1766308887-2ZUqcRpzvz2m8RyToYMv
3392,aapp_competition_test,0,1204,3179,0,C:\Users\durgamaniryudh\Desktop\Learn\llm_eval\test\aapp_competition_test\3392\3392_gen_0.sv,xiaomi/mimo-v2-flash:free,stop,,gen-1766309072-2cYq0mm6DPp6Xjwzv0sz
618,mbpp_train,0,585,511,0,C:\Users\durgamaniryudh\Desktop\Learn\llm_eval\test\mbpp_train\618\618_gen_0.sv,xiaomi/mimo-v2-flash:free,stop,,gen-1766309112-2uVl9Hlcv07B3iQEVgBA
410,mbpp_test,0,723,960,0,C:\Users\durgamaniryudh\Desktop\Learn\llm_eval\test\mbpp_test\410\410_gen_0.sv,xiaomi/mimo-v2-flash:free,stop,,gen-1766309117-FgKjVlGh8ASeoShAohCr
616,mbpp_train,0,797,903,0,C:\Users\durgamaniryudh\Desktop\Learn\llm_eval\test\mbpp_train\616\616_gen_0.sv,xiaomi/mimo-v2-flash:free,stop,,gen-1766309127-7whSNYFtfRjc9XSWJtLx
3532,aapp_competition_test,0,1013,11564,0,C:\Users\durgamaniryudh\Desktop\Learn\llm_eval\test\aapp_competition_test\3532\3532_gen_0.sv,xiaomi/mimo-v2-flash:free,stop,,gen-1766309057-vQP8cOgKR6FS9VnNFK6T
3395,aapp_competition_test,0,803,3111,0,C:\Users\durgamaniryudh\Desktop\Learn\llm_eval\test\aapp_competition_test\3395\3395_gen_0.sv,xiaomi/mimo-v2-flash:free,stop,,gen-1766309138-5xORUlIDkv6w8yrqvCgo
3743,aapp_competition_test,0,765,11127,0,C:\Users\durgamaniryudh\Desktop\Learn\llm_eval\test\aapp_competition_test\3743\3743_gen_0.sv,xiaomi/mimo-v2-flash:free,stop,,gen-1766309079-dXzW9oHcyKynQcHmrKKT
412,mbpp_test,0,541,276,0,C:\Users\durgamaniryudh\Desktop\Learn\llm_eval\test\mbpp_test\412\412_gen_0.sv,xiaomi/mimo-v2-flash:free,stop,,gen-1766309189-YeBfAJmaTUz47MeNMBw6
3533,aapp_competition_test,0,1018,3251,0,C:\Users\durgamaniryudh\Desktop\Learn\llm_eval\test\aapp_competition_test\3533\3533_gen_0.sv,xiaomi/mimo-v2-flash:free,stop,,gen-1766309167-DQekhGYm7V0jgIrtMwZo
3539,aapp_competition_test,0,1065,8721,0,C:\Users\durgamaniryudh\Desktop\Learn\llm_eval\test\aapp_competition_test\3539\3539_gen_0.sv,xiaomi/mimo-v2-flash:free,stop,,gen-1766309076-KNb0mL9o5ZfcvkHcs5El
614,mbpp_train,0,684,947,0,C:\Users\durgamaniryudh\Desktop\Learn\llm_eval\test\mbpp_train\614\614_gen_0.sv,xiaomi/mimo-v2-flash:free,stop,,gen-1766309193-2YWf83we68Ae2moMUPWx
3742,aapp_competition_test,0,661,11695,0,C:\Users\durgamaniryudh\Desktop\Learn\llm_eval\test\aapp_competition_test\3742\3742_gen_0.sv,xiaomi/mimo-v2-flash:free,stop,,gen-1766309057-Vry6RasID1rnoXVZLRW9
18,human_eval_test,0,680,65536,0,C:\Users\durgamaniryudh\Desktop\Learn\llm_eval\test\human_eval_test\18\18_gen_0.sv,xiaomi/mimo-v2-flash:free,length,,gen-1766307273-Q4Xu4WsKDtHalUhPaLRI
3396,aapp_competition_test,0,934,2061,0,C:\Users\durgamaniryudh\Desktop\Learn\llm_eval\test\aapp_competition_test\3396\3396_gen_0.sv,xiaomi/mimo-v2-flash:free,stop,,gen-1766309194-1NFYVe12GsWjg6E6FBfB
3747,aapp_competition_test,0,632,1114,0,C:\Users\durgamaniryudh\Desktop\Learn\llm_eval\test\aapp_competition_test\3747\3747_gen_0.sv,xiaomi/mimo-v2-flash:free,stop,,gen-1766309209-ZxCeqaY61XF03HNlCX7f
3542,aapp_competition_test,0,753,2286,0,C:\Users\durgamaniryudh\Desktop\Learn\llm_eval\test\aapp_competition_test\3542\3542_gen_0.sv,xiaomi/mimo-v2-flash:free,stop,,gen-1766309194-TTkmperObCIC1QFqpMRZ
3744,aapp_competition_test,0,901,6095,0,C:\Users\durgamaniryudh\Desktop\Learn\llm_eval\test\aapp_competition_test\3744\3744_gen_0.sv,xiaomi/mimo-v2-flash:free,stop,,gen-1766309167-VMkIv2xkN3ruN8A5FVBQ
3377,aapp_competition_test,0,4048,2132,0,C:\Users\durgamaniryudh\Desktop\Learn\llm_eval\test\aapp_competition_test\3377\3377_gen_0.sv,xiaomi/mimo-v2-flash:free,stop,,gen-1766309218-HMDyHpNdATosoD25jKOV
133,mbpp_test,0,596,627,0,C:\Users\durgamaniryudh\Desktop\Learn\llm_eval\test\mbpp_test\133\133_gen_0.sv,xiaomi/mimo-v2-flash:free,stop,,gen-1766309221-mUodeq0kY4CiXBUzniy5
407,mbpp_test,0,842,6444,0,C:\Users\durgamaniryudh\Desktop\Learn\llm_eval\test\mbpp_test\407\407_gen_0.sv,xiaomi/mimo-v2-flash:free,stop,,gen-1766309212-nYHEM5q3oy6v0JJ1ViAT
785,mbpp_train,0,747,3545,0,C:\Users\durgamaniryudh\Desktop\Learn\llm_eval\test\mbpp_train\785\785_gen_0.sv,xiaomi/mimo-v2-flash:free,stop,,gen-1766309236-VWHBTEBVK1DvFajm3cRy
3540,aapp_competition_test,0,3043,8252,0,C:\Users\durgamaniryudh\Desktop\Learn\llm_eval\test\aapp_competition_test\3540\3540_gen_0.sv,xiaomi/mimo-v2-flash:free,stop,,gen-1766309218-cDvh5jTq3217GxtAdWmG
788,mbpp_train,0,548,253,0,C:\Users\durgamaniryudh\Desktop\Learn\llm_eval\test\mbpp_train\788\788_gen_0.sv,xiaomi/mimo-v2-flash:free,stop,,gen-1766309303-Y0f2Y1emqI0fsrl8Wx9e
3387,aapp_competition_test,0,910,13144,0,C:\Users\durgamaniryudh\Desktop\Learn\llm_eval\test\aapp_competition_test\3387\3387_gen_0.sv,xiaomi/mimo-v2-flash:free,stop,,gen-1766309007-jilDR8vovA6mPBkJyFa0
3748,aapp_competition_test,0,1014,13196,0,C:\Users\durgamaniryudh\Desktop\Learn\llm_eval\test\aapp_competition_test\3748\3748_gen_0.sv,xiaomi/mimo-v2-flash:free,stop,,gen-1766309220-BiMjfIe7IR8LOxu8DvoE
128,mbpp_test,0,613,6607,0,C:\Users\durgamaniryudh\Desktop\Learn\llm_eval\test\mbpp_test\128\128_gen_0.sv,xiaomi/mimo-v2-flash:free,stop,,gen-1766309263-L6ZUGLO9h1pz01rCo7Oo
3596,aapp_competition_test,0,890,7785,0,C:\Users\durgamaniryudh\Desktop\Learn\llm_eval\test\aapp_competition_test\3596\3596_gen_0.sv,xiaomi/mimo-v2-flash:free,stop,,gen-1766309236-EAYgSHpw0h7rLKWlfptd
790,mbpp_train,0,623,392,0,C:\Users\durgamaniryudh\Desktop\Learn\llm_eval\test\mbpp_train\790\790_gen_0.sv,xiaomi/mimo-v2-flash:free,stop,,gen-1766309345-4czSsXHCyUw9t35iw92e
138,mbpp_test,0,1180,112,0,C:\Users\durgamaniryudh\Desktop\Learn\llm_eval\test\mbpp_test\138\138_gen_0.sv,xiaomi/mimo-v2-flash:free,stop,,gen-1766309354-rbyQ4jRJCYESKvwgE62R
3591,aapp_competition_test,0,3106,1379,0,C:\Users\durgamaniryudh\Desktop\Learn\llm_eval\test\aapp_competition_test\3591\3591_gen_0.sv,xiaomi/mimo-v2-flash:free,stop,,gen-1766309354-ysL0fwWyYKhJZV6hpql5
131,mbpp_test,0,842,6118,0,C:\Users\durgamaniryudh\Desktop\Learn\llm_eval\test\mbpp_test\131\131_gen_0.sv,xiaomi/mimo-v2-flash:free,stop,,gen-1766309306-zjoox39GwS8bMHyxqAum
792,mbpp_train,0,799,591,0,C:\Users\durgamaniryudh\Desktop\Learn\llm_eval\test\mbpp_train\792\792_gen_0.sv,xiaomi/mimo-v2-flash:free,stop,,gen-1766309367-eeptOSPVDRiIVr696K2A
796,mbpp_train,0,464,462,0,C:\Users\durgamaniryudh\Desktop\Learn\llm_eval\test\mbpp_train\796\796_gen_0.sv,xiaomi/mimo-v2-flash:free,stop,,gen-1766309362-IoRNBVjaCJ1aHDhe2Fzb
145,mbpp_test,0,648,661,0,C:\Users\durgamaniryudh\Desktop\Learn\llm_eval\test\mbpp_test\145\145_gen_0.sv,xiaomi/mimo-v2-flash:free,stop,,gen-1766309372-dHktrmNIdw4CrHGbHaZ7
3599,aapp_competition_test,0,1689,1236,0,C:\Users\durgamaniryudh\Desktop\Learn\llm_eval\test\aapp_competition_test\3599\3599_gen_0.sv,xiaomi/mimo-v2-flash:free,stop,,gen-1766309373-DJJjB4BB3k1ppd2GGhEd
3083,aapp_competition_test,0,888,65536,0,C:\Users\durgamaniryudh\Desktop\Learn\llm_eval\test\aapp_competition_test\3083\3083_gen_0.sv,xiaomi/mimo-v2-flash:free,length,,gen-1766306043-ycG8ssRbMSUi1dm3Rvll
793,mbpp_train,0,707,1079,0,C:\Users\durgamaniryudh\Desktop\Learn\llm_eval\test\mbpp_train\793\793_gen_0.sv,xiaomi/mimo-v2-flash:free,stop,,gen-1766309380-7l4fWjp8cmL4XYFC6LiP
140,mbpp_test,0,740,2193,0,C:\Users\durgamaniryudh\Desktop\Learn\llm_eval\test\mbpp_test\140\140_gen_0.sv,xiaomi/mimo-v2-flash:free,stop,,gen-1766309364-vzS9Gx6LrI1aYmBFqKQI
3593,aapp_competition_test,0,1257,10697,0,C:\Users\durgamaniryudh\Desktop\Learn\llm_eval\test\aapp_competition_test\3593\3593_gen_0.sv,xiaomi/mimo-v2-flash:free,stop,,gen-1766309293-Ef3eDfjjGtdyRX3Vn3lF
791,mbpp_train,0,581,253,0,C:\Users\durgamaniryudh\Desktop\Learn\llm_eval\test\mbpp_train\791\791_gen_0.sv,xiaomi/mimo-v2-flash:free,stop,,gen-1766309390-mVmvluOBxfWroGLM6MeA
620,mbpp_train,0,837,13080,0,C:\Users\durgamaniryudh\Desktop\Learn\llm_eval\test\mbpp_train\620\620_gen_0.sv,xiaomi/mimo-v2-flash:free,stop,,gen-1766309214-SKDirmqzAIJI0N5EyrIG
801,mbpp_train,0,463,198,0,C:\Users\durgamaniryudh\Desktop\Learn\llm_eval\test\mbpp_train\801\801_gen_0.sv,xiaomi/mimo-v2-flash:free,stop,,gen-1766309393-f665mRh3Kt7KexJDVuIj
143,mbpp_test,0,489,239,0,C:\Users\durgamaniryudh\Desktop\Learn\llm_eval\test\mbpp_test\143\143_gen_0.sv,xiaomi/mimo-v2-flash:free,stop,,gen-1766309388-rHpDm4klSVsFjRr7d7lu
142,mbpp_test,0,536,169,0,C:\Users\durgamaniryudh\Desktop\Learn\llm_eval\test\mbpp_test\142\142_gen_0.sv,xiaomi/mimo-v2-flash:free,stop,,gen-1766309396-DQs4TA09QX6LRPqtt81B
799,mbpp_train,0,503,300,0,C:\Users\durgamaniryudh\Desktop\Learn\llm_eval\test\mbpp_train\799\799_gen_0.sv,xiaomi/mimo-v2-flash:free,stop,,gen-1766309396-scspKDlLCTINHkqRBExn
3603,aapp_competition_test,0,832,1656,0,C:\Users\durgamaniryudh\Desktop\Learn\llm_eval\test\aapp_competition_test\3603\3603_gen_0.sv,xiaomi/mimo-v2-flash:free,stop,,gen-1766309391-dPWIGaJLHiQ3JBbdIs0i
160,mbpp_test,0,684,1527,0,C:\Users\durgamaniryudh\Desktop\Learn\llm_eval\test\mbpp_test\160\160_gen_0.sv,xiaomi/mimo-v2-flash:free,stop,,gen-1766309391-uQoni4jD3nmp2UpSGWvA
3605,aapp_competition_test,0,1421,1367,0,C:\Users\durgamaniryudh\Desktop\Learn\llm_eval\test\aapp_competition_test\3605\3605_gen_0.sv,xiaomi/mimo-v2-flash:free,stop,,gen-1766309395-muVcuzouI0gZjfBimNmk
797,mbpp_train,0,661,282,0,C:\Users\durgamaniryudh\Desktop\Learn\llm_eval\test\mbpp_train\797\797_gen_0.sv,xiaomi/mimo-v2-flash:free,stop,,gen-1766309405-kOvLvcMebnciS8V9L8Xx
141,mbpp_test,0,614,1112,0,C:\Users\durgamaniryudh\Desktop\Learn\llm_eval\test\mbpp_test\141\141_gen_0.sv,xiaomi/mimo-v2-flash:free,stop,,gen-1766309401-fivdhtBOy3pukqyVXH3f
164,mbpp_test,0,583,1304,0,C:\Users\durgamaniryudh\Desktop\Learn\llm_eval\test\mbpp_test\164\164_gen_0.sv,xiaomi/mimo-v2-flash:free,stop,,gen-1766309408-Md0EHU7soJwnf65rUlKw
798,mbpp_train,0,607,907,0,C:\Users\durgamaniryudh\Desktop\Learn\llm_eval\test\mbpp_train\798\798_gen_0.sv,xiaomi/mimo-v2-flash:free,stop,,gen-1766309409-ZIr2xTAY8x4lazjnwjL4
161,mbpp_test,0,591,739,0,C:\Users\durgamaniryudh\Desktop\Learn\llm_eval\test\mbpp_test\161\161_gen_0.sv,xiaomi/mimo-v2-flash:free,stop,,gen-1766309420-Kwnrkamm0ZCEkpzF4VzM
3600,aapp_competition_test,0,1035,8604,0,C:\Users\durgamaniryudh\Desktop\Learn\llm_eval\test\aapp_competition_test\3600\3600_gen_0.sv,xiaomi/mimo-v2-flash:free,stop,,gen-1766309365-LsG3Z74RR8uzFBoAeknV
800,mbpp_train,0,648,2046,0,C:\Users\durgamaniryudh\Desktop\Learn\llm_eval\test\mbpp_train\800\800_gen_0.sv,xiaomi/mimo-v2-flash:free,stop,,gen-1766309420-uakxPgMQzSP41POPARJW
3607,aapp_competition_test,0,2572,2273,0,C:\Users\durgamaniryudh\Desktop\Learn\llm_eval\test\aapp_competition_test\3607\3607_gen_0.sv,xiaomi/mimo-v2-flash:free,stop,,gen-1766309426-qwy1r8ASs6VwDpYK3zyA
3606,aapp_competition_test,0,879,2312,0,C:\Users\durgamaniryudh\Desktop\Learn\llm_eval\test\aapp_competition_test\3606\3606_gen_0.sv,xiaomi/mimo-v2-flash:free,stop,,gen-1766309408-KZ5UXP5AAFhT7xHnU3Sb
802,mbpp_train,0,709,1461,0,C:\Users\durgamaniryudh\Desktop\Learn\llm_eval\test\mbpp_train\802\802_gen_0.sv,xiaomi/mimo-v2-flash:free,stop,,gen-1766309439-47eZJyb5NicGEihaYFV5
803,mbpp_train,0,774,194,0,C:\Users\durgamaniryudh\Desktop\Learn\llm_eval\test\mbpp_train\803\803_gen_0.sv,xiaomi/mimo-v2-flash:free,stop,,gen-1766309453-e5EzT0PQb5iqvjlReJdG
165,mbpp_test,0,822,936,0,C:\Users\durgamaniryudh\Desktop\Learn\llm_eval\test\mbpp_test\165\165_gen_0.sv,xiaomi/mimo-v2-flash:free,stop,,gen-1766309447-uAzdxIkr5kux7kArEPCk
162,mbpp_test,0,571,140,0,C:\Users\durgamaniryudh\Desktop\Learn\llm_eval\test\mbpp_test\162\162_gen_0.sv,xiaomi/mimo-v2-flash:free,stop,,gen-1766309455-dZdfAMqGBhJ1GKEyB6le
804,mbpp_train,0,581,171,0,C:\Users\durgamaniryudh\Desktop\Learn\llm_eval\test\mbpp_train\804\804_gen_0.sv,xiaomi/mimo-v2-flash:free,stop,,gen-1766309459-AdLMrn8p0mHzopfCGMEP
168,mbpp_test,0,496,847,0,C:\Users\durgamaniryudh\Desktop\Learn\llm_eval\test\mbpp_test\168\168_gen_0.sv,xiaomi/mimo-v2-flash:free,stop,,gen-1766309463-g344rG0CDGu7MTPZirdm
3609,aapp_competition_test,0,866,9839,0,C:\Users\durgamaniryudh\Desktop\Learn\llm_eval\test\aapp_competition_test\3609\3609_gen_0.sv,xiaomi/mimo-v2-flash:free,stop,,gen-1766309419-EJYv5ESo2i2V9hinb8Cb
805,mbpp_train,0,526,481,0,C:\Users\durgamaniryudh\Desktop\Learn\llm_eval\test\mbpp_train\805\805_gen_0.sv,xiaomi/mimo-v2-flash:free,stop,,gen-1766309515-hyLBRVdM5nRd0PeSEBRT
166,mbpp_test,0,913,559,0,C:\Users\durgamaniryudh\Desktop\Learn\llm_eval\test\mbpp_test\166\166_gen_0.sv,xiaomi/mimo-v2-flash:free,stop,,gen-1766309522-vIPgagZCyVbnmJULMEG8
3613,aapp_competition_test,0,1393,7720,0,C:\Users\durgamaniryudh\Desktop\Learn\llm_eval\test\aapp_competition_test\3613\3613_gen_0.sv,xiaomi/mimo-v2-flash:free,stop,,gen-1766309455-iDnzzV4V8dJGP5FtVyd6
806,mbpp_train,0,1306,1565,0,C:\Users\durgamaniryudh\Desktop\Learn\llm_eval\test\mbpp_train\806\806_gen_0.sv,xiaomi/mimo-v2-flash:free,stop,,gen-1766309542-yMk8D5xMaa6aAePxxN8j
171,mbpp_test,0,496,108,0,C:\Users\durgamaniryudh\Desktop\Learn\llm_eval\test\mbpp_test\171\171_gen_0.sv,xiaomi/mimo-v2-flash:free,stop,,gen-1766309555-SzYfZyCQL0MfFOmoBfhE
3601,aapp_competition_test,0,1012,19213,0,C:\Users\durgamaniryudh\Desktop\Learn\llm_eval\test\aapp_competition_test\3601\3601_gen_0.sv,xiaomi/mimo-v2-flash:free,stop,,gen-1766309384-TT8TIRtIsI05GuP6qnLd
808,mbpp_train,0,549,202,0,C:\Users\durgamaniryudh\Desktop\Learn\llm_eval\test\mbpp_train\808\808_gen_0.sv,xiaomi/mimo-v2-flash:free,stop,,gen-1766309584-jxfXKAFz28XqRbnrNESk
3610,aapp_competition_test,0,821,14821,0,C:\Users\durgamaniryudh\Desktop\Learn\llm_eval\test\aapp_competition_test\3610\3610_gen_0.sv,xiaomi/mimo-v2-flash:free,stop,,gen-1766309449-tD9riwpze0aigbBeBok8
222,mbpp_test,0,468,307,0,C:\Users\durgamaniryudh\Desktop\Learn\llm_eval\test\mbpp_test\222\222_gen_0.sv,xiaomi/mimo-v2-flash:free,stop,,gen-1766309587-m4t9Z4A0K2do2gTyvZCu
809,mbpp_train,0,537,193,0,C:\Users\durgamaniryudh\Desktop\Learn\llm_eval\test\mbpp_train\809\809_gen_0.sv,xiaomi/mimo-v2-flash:free,stop,,gen-1766309590-cwPcjGWRpOWOQki7eAKk
227,mbpp_test,0,466,172,0,C:\Users\durgamaniryudh\Desktop\Learn\llm_eval\test\mbpp_test\227\227_gen_0.sv,xiaomi/mimo-v2-flash:free,stop,,gen-1766309599-15i5mE1IU0tCvNC0vjlL
3595,aapp_competition_test,0,1052,29562,0,C:\Users\durgamaniryudh\Desktop\Learn\llm_eval\test\aapp_competition_test\3595\3595_gen_0.sv,xiaomi/mimo-v2-flash:free,stop,,gen-1766309312-hFFtSgtrnwP3R4o9yngL
807,mbpp_train,0,732,792,0,C:\Users\durgamaniryudh\Desktop\Learn\llm_eval\test\mbpp_train\807\807_gen_0.sv,xiaomi/mimo-v2-flash:free,stop,,gen-1766309608-e4xQmfOetqBTAX6Sz4XD
224,mbpp_test,0,609,136,0,C:\Users\durgamaniryudh\Desktop\Learn\llm_eval\test\mbpp_test\224\224_gen_0.sv,xiaomi/mimo-v2-flash:free,stop,,gen-1766309618-VLz2O0sciBqVgk9jOI6s
3617,aapp_competition_test,0,1100,9426,0,C:\Users\durgamaniryudh\Desktop\Learn\llm_eval\test\aapp_competition_test\3617\3617_gen_0.sv,xiaomi/mimo-v2-flash:free,stop,,gen-1766309558-EFRNmP0ToV3fJjggJ0lL
787,mbpp_train,0,743,1190,0,C:\Users\durgamaniryudh\Desktop\Learn\llm_eval\test\mbpp_train\787\787_gen_0.sv,xiaomi/mimo-v2-flash:free,stop,,gen-1766309642-aC264eTosUk7OSK6ikIJ
3620,aapp_competition_test,0,861,4204,0,C:\Users\durgamaniryudh\Desktop\Learn\llm_eval\test\aapp_competition_test\3620\3620_gen_0.sv,xiaomi/mimo-v2-flash:free,stop,,gen-1766309621-xjy0kb40lVvxoTiwgX8y
223,mbpp_test,0,761,1071,0,C:\Users\durgamaniryudh\Desktop\Learn\llm_eval\test\mbpp_test\223\223_gen_0.sv,xiaomi/mimo-v2-flash:free,stop,,gen-1766309652-GeRjztrJrZkjV3YsDNFB
555,mbpp_validation,0,551,490,0,C:\Users\durgamaniryudh\Desktop\Learn\llm_eval\test\mbpp_validation\555\555_gen_0.sv,xiaomi/mimo-v2-flash:free,stop,,gen-1766309663-Oz1i3Um5hV3Segcn1s4p
3619,aapp_competition_test,0,1226,7479,0,C:\Users\durgamaniryudh\Desktop\Learn\llm_eval\test\aapp_competition_test\3619\3619_gen_0.sv,xiaomi/mimo-v2-flash:free,stop,,gen-1766309603-gXCvRTECky6ns0hi5CXb
170,mbpp_test,0,561,961,0,C:\Users\durgamaniryudh\Desktop\Learn\llm_eval\test\mbpp_test\170\170_gen_0.sv,xiaomi/mimo-v2-flash:free,stop,,gen-1766309670-mUoKEpZOiwwUGm4oZTiM
3597,aapp_competition_test,0,18203,10125,0,C:\Users\durgamaniryudh\Desktop\Learn\llm_eval\test\aapp_competition_test\3597\3597_gen_0.sv,xiaomi/mimo-v2-flash:free,stop,,gen-1766309588-gHc5TMNVnexyz5d9RmFJ
226,mbpp_test,0,575,274,0,C:\Users\durgamaniryudh\Desktop\Learn\llm_eval\test\mbpp_test\226\226_gen_0.sv,xiaomi/mimo-v2-flash:free,stop,,gen-1766309680-KiDeBWpDLp049pr2bjzp
558,mbpp_validation,0,699,2026,0,C:\Users\durgamaniryudh\Desktop\Learn\llm_eval\test\mbpp_validation\558\558_gen_0.sv,xiaomi/mimo-v2-flash:free,stop,,gen-1766309679-V0kN4tbg0LDSufURNmql
3621,aapp_competition_test,0,882,3479,0,C:\Users\durgamaniryudh\Desktop\Learn\llm_eval\test\aapp_competition_test\3621\3621_gen_0.sv,xiaomi/mimo-v2-flash:free,stop,,gen-1766309658-HqnzmH42vK1Ryfba9xMo
230,mbpp_test,0,514,200,0,C:\Users\durgamaniryudh\Desktop\Learn\llm_eval\test\mbpp_test\230\230_gen_0.sv,xiaomi/mimo-v2-flash:free,stop,,gen-1766309703-kLOgBjqNfVzghvL7TryA
562,mbpp_validation,0,685,869,0,C:\Users\durgamaniryudh\Desktop\Learn\llm_eval\test\mbpp_validation\562\562_gen_0.sv,xiaomi/mimo-v2-flash:free,stop,,gen-1766309699-xFxOQ0dDKEeVpZuyByHc
3614,aapp_competition_test,0,839,22181,0,C:\Users\durgamaniryudh\Desktop\Learn\llm_eval\test\aapp_competition_test\3614\3614_gen_0.sv,xiaomi/mimo-v2-flash:free,stop,,gen-1766309470-SuzyrawLtFpjPpwF6O2V
559,mbpp_validation,0,714,802,0,C:\Users\durgamaniryudh\Desktop\Learn\llm_eval\test\mbpp_validation\559\559_gen_0.sv,xiaomi/mimo-v2-flash:free,stop,,gen-1766309707-9MvhZ2jOISLaoXvB9EYO
3623,aapp_competition_test,0,1624,3207,0,C:\Users\durgamaniryudh\Desktop\Learn\llm_eval\test\aapp_competition_test\3623\3623_gen_0.sv,xiaomi/mimo-v2-flash:free,stop,,gen-1766309683-WheSCDfgp5sNRo3jnzs7
228,mbpp_test,0,637,392,0,C:\Users\durgamaniryudh\Desktop\Learn\llm_eval\test\mbpp_test\228\228_gen_0.sv,xiaomi/mimo-v2-flash:free,stop,,gen-1766309709-mAiKmKXWvuOXlZ6Vyeh1
3630,aapp_competition_test,0,678,823,0,C:\Users\durgamaniryudh\Desktop\Learn\llm_eval\test\aapp_competition_test\3630\3630_gen_0.sv,xiaomi/mimo-v2-flash:free,stop,,gen-1766309706-qAw8W2mQ5oJj8g6fbPcA
556,mbpp_validation,0,700,719,0,C:\Users\durgamaniryudh\Desktop\Learn\llm_eval\test\mbpp_validation\556\556_gen_0.sv,xiaomi/mimo-v2-flash:free,stop,,gen-1766309714-QaJSUAr7mgVOQpdLiLF5
554,mbpp_validation,0,540,248,0,C:\Users\durgamaniryudh\Desktop\Learn\llm_eval\test\mbpp_validation\554\554_gen_0.sv,xiaomi/mimo-v2-flash:free,stop,,gen-1766309724-7d8VfYJ0wd1UQIROL5Vq
229,mbpp_test,0,682,1461,0,C:\Users\durgamaniryudh\Desktop\Learn\llm_eval\test\mbpp_test\229\229_gen_0.sv,xiaomi/mimo-v2-flash:free,stop,,gen-1766309718-DWiGwTNguAcYrlB9Vt5K
3634,aapp_competition_test,0,800,432,0,C:\Users\durgamaniryudh\Desktop\Learn\llm_eval\test\aapp_competition_test\3634\3634_gen_0.sv,xiaomi/mimo-v2-flash:free,stop,,gen-1766309728-ON0GUU6AD6CfvinQz6y1
3628,aapp_competition_test,0,1345,2326,0,C:\Users\durgamaniryudh\Desktop\Learn\llm_eval\test\aapp_competition_test\3628\3628_gen_0.sv,xiaomi/mimo-v2-flash:free,stop,,gen-1766309714-G9gDhPdzDwzhsxwpo1KL
234,mbpp_test,0,499,97,0,C:\Users\durgamaniryudh\Desktop\Learn\llm_eval\test\mbpp_test\234\234_gen_0.sv,xiaomi/mimo-v2-flash:free,stop,,gen-1766309732-CO9qQUiNoFFpzmBWbnJA
566,mbpp_validation,0,562,681,0,C:\Users\durgamaniryudh\Desktop\Learn\llm_eval\test\mbpp_validation\566\566_gen_0.sv,xiaomi/mimo-v2-flash:free,stop,,gen-1766309732-h8b1f1gMrpSTU36fVxgx
564,mbpp_validation,0,1069,865,0,C:\Users\durgamaniryudh\Desktop\Learn\llm_eval\test\mbpp_validation\564\564_gen_0.sv,xiaomi/mimo-v2-flash:free,stop,,gen-1766309739-ZPQegMGp3UkKuV4gr0QW
233,mbpp_test,0,801,501,0,C:\Users\durgamaniryudh\Desktop\Learn\llm_eval\test\mbpp_test\233\233_gen_0.sv,xiaomi/mimo-v2-flash:free,stop,,gen-1766309746-InrUzwF1xYmgNHdPu05C
3618,aapp_competition_test,0,1203,21979,0,C:\Users\durgamaniryudh\Desktop\Learn\llm_eval\test\aapp_competition_test\3618\3618_gen_0.sv,xiaomi/mimo-v2-flash:free,stop,,gen-1766309533-UJW9Bx9B3SZFLX77IiZg
172,mbpp_test,0,767,1946,0,C:\Users\durgamaniryudh\Desktop\Learn\llm_eval\test\mbpp_test\172\172_gen_0.sv,xiaomi/mimo-v2-flash:free,stop,,gen-1766309731-zXC2sKKNsSrB3IPneUdn
557,mbpp_validation,0,784,488,0,C:\Users\durgamaniryudh\Desktop\Learn\llm_eval\test\mbpp_validation\557\557_gen_0.sv,xiaomi/mimo-v2-flash:free,stop,,gen-1766309754-g99eUPTHsqFPWVb4X29G
3635,aapp_competition_test,0,661,1349,0,C:\Users\durgamaniryudh\Desktop\Learn\llm_eval\test\aapp_competition_test\3635\3635_gen_0.sv,xiaomi/mimo-v2-flash:free,stop,,gen-1766309753-9yj7ctgbd1BmOtzwC2W4
565,mbpp_validation,0,540,97,0,C:\Users\durgamaniryudh\Desktop\Learn\llm_eval\test\mbpp_validation\565\565_gen_0.sv,xiaomi/mimo-v2-flash:free,stop,,gen-1766309774-MDA6MeXn3KAponRsrlzh
3625,aapp_competition_test,0,5158,4288,0,C:\Users\durgamaniryudh\Desktop\Learn\llm_eval\test\aapp_competition_test\3625\3625_gen_0.sv,xiaomi/mimo-v2-flash:free,stop,,gen-1766309734-MQGar30dS1wJVsYgBfQg
238,mbpp_test,0,780,705,0,C:\Users\durgamaniryudh\Desktop\Learn\llm_eval\test\mbpp_test\238\238_gen_0.sv,xiaomi/mimo-v2-flash:free,stop,,gen-1766309776-dIzSdxJd8kTw2ki7CvRG
163,mbpp_test,0,1054,38607,0,C:\Users\durgamaniryudh\Desktop\Learn\llm_eval\test\mbpp_test\163\163_gen_0.sv,xiaomi/mimo-v2-flash:free,stop,,gen-1766309429-1UHWWaquLfAab2WyfXEk
3624,aapp_competition_test,0,798,13014,0,C:\Users\durgamaniryudh\Desktop\Learn\llm_eval\test\aapp_competition_test\3624\3624_gen_0.sv,xiaomi/mimo-v2-flash:free,stop,,gen-1766309672-mejM4d7YPklgxr9VbJ0p
244,mbpp_test,0,625,185,0,C:\Users\durgamaniryudh\Desktop\Learn\llm_eval\test\mbpp_test\244\244_gen_0.sv,xiaomi/mimo-v2-flash:free,stop,,gen-1766309797-p0uqxbuOzYQ2b1A84Tkb
577,mbpp_validation,0,491,148,0,C:\Users\durgamaniryudh\Desktop\Learn\llm_eval\test\mbpp_validation\577\577_gen_0.sv,xiaomi/mimo-v2-flash:free,stop,,gen-1766309799-1o72lIJ9ItszNH29EXp1
232,mbpp_test,0,704,6005,0,C:\Users\durgamaniryudh\Desktop\Learn\llm_eval\test\mbpp_test\232\232_gen_0.sv,xiaomi/mimo-v2-flash:free,stop,,gen-1766309761-gdlCqL3287hRRgT2BGZC
239,mbpp_test,0,885,1807,0,C:\Users\durgamaniryudh\Desktop\Learn\llm_eval\test\mbpp_test\239\239_gen_0.sv,xiaomi/mimo-v2-flash:free,stop,,gen-1766309802-lbFQErqQCIr0r2P1wi22
568,mbpp_validation,0,690,894,0,C:\Users\durgamaniryudh\Desktop\Learn\llm_eval\test\mbpp_validation\568\568_gen_0.sv,xiaomi/mimo-v2-flash:free,stop,,gen-1766309818-IuKKEn2iSyWWzEznA0Uj
3641,aapp_competition_test,0,1189,2013,0,C:\Users\durgamaniryudh\Desktop\Learn\llm_eval\test\aapp_competition_test\3641\3641_gen_0.sv,xiaomi/mimo-v2-flash:free,stop,,gen-1766309808-0gpPgg6s48ohpLLkA1Nm
560,mbpp_validation,0,887,4808,0,C:\Users\durgamaniryudh\Desktop\Learn\llm_eval\test\mbpp_validation\560\560_gen_0.sv,xiaomi/mimo-v2-flash:free,stop,,gen-1766309790-8myN8QL6QgLZUKt9K4Ea
3636,aapp_competition_test,0,806,7323,0,C:\Users\durgamaniryudh\Desktop\Learn\llm_eval\test\aapp_competition_test\3636\3636_gen_0.sv,xiaomi/mimo-v2-flash:free,stop,,gen-1766309767-eYKHWAU19BThoLIbWcP8
576,mbpp_validation,0,704,933,0,C:\Users\durgamaniryudh\Desktop\Learn\llm_eval\test\mbpp_validation\576\576_gen_0.sv,xiaomi/mimo-v2-flash:free,stop,,gen-1766309833-j4nLjNXyk1LckUyI022L
3632,aapp_competition_test,0,864,4482,0,C:\Users\durgamaniryudh\Desktop\Learn\llm_eval\test\aapp_competition_test\3632\3632_gen_0.sv,xiaomi/mimo-v2-flash:free,stop,,gen-1766309786-J6dJdp1woUygjc0vtwia
242,mbpp_test,0,453,72,0,C:\Users\durgamaniryudh\Desktop\Learn\llm_eval\test\mbpp_test\242\242_gen_0.sv,xiaomi/mimo-v2-flash:free,stop,,gen-1766309839-jTOQT16ZOjV55AptT14G
567,mbpp_validation,0,816,921,0,C:\Users\durgamaniryudh\Desktop\Learn\llm_eval\test\mbpp_validation\567\567_gen_0.sv,xiaomi/mimo-v2-flash:free,stop,,gen-1766309842-VFT3iSnPuxe9fIwJMq0k
3637,aapp_competition_test,0,1129,5030,0,C:\Users\durgamaniryudh\Desktop\Learn\llm_eval\test\aapp_competition_test\3637\3637_gen_0.sv,xiaomi/mimo-v2-flash:free,stop,,gen-1766309797-c7UFGBYtXbBEk8zuHFiM
3643,aapp_competition_test,0,898,1431,0,C:\Users\durgamaniryudh\Desktop\Learn\llm_eval\test\aapp_competition_test\3643\3643_gen_0.sv,xiaomi/mimo-v2-flash:free,stop,,gen-1766309851-CTPdKugxP8A2uEXyY7Nr
572,mbpp_validation,0,830,937,0,C:\Users\durgamaniryudh\Desktop\Learn\llm_eval\test\mbpp_validation\572\572_gen_0.sv,xiaomi/mimo-v2-flash:free,stop,,gen-1766309855-gILb6WcnV3qwgyc6GZ4V
3638,aapp_competition_test,0,1223,2775,0,C:\Users\durgamaniryudh\Desktop\Learn\llm_eval\test\aapp_competition_test\3638\3638_gen_0.sv,xiaomi/mimo-v2-flash:free,stop,,gen-1766309841-z3pXYekjSUnnkYd6TiLk
574,mbpp_validation,0,826,575,0,C:\Users\durgamaniryudh\Desktop\Learn\llm_eval\test\mbpp_validation\574\574_gen_0.sv,xiaomi/mimo-v2-flash:free,stop,,gen-1766309876-uH57uzbbNthDuKYvTK9s
240,mbpp_test,0,811,4083,0,C:\Users\durgamaniryudh\Desktop\Learn\llm_eval\test\mbpp_test\240\240_gen_0.sv,xiaomi/mimo-v2-flash:free,stop,,gen-1766309843-55CpkBy6DdiL3sNiL5fY
250,mbpp_test,0,534,632,0,C:\Users\durgamaniryudh\Desktop\Learn\llm_eval\test\mbpp_test\250\250_gen_0.sv,xiaomi/mimo-v2-flash:free,stop,,gen-1766309882-c8PspTc5VSukfwydF7pm
582,mbpp_validation,0,435,47,0,C:\Users\durgamaniryudh\Desktop\Learn\llm_eval\test\mbpp_validation\582\582_gen_0.sv,xiaomi/mimo-v2-flash:free,stop,,gen-1766309888-hskqhEFxuIcy0JbYy9J0
3631,aapp_competition_test,0,1480,22627,0,C:\Users\durgamaniryudh\Desktop\Learn\llm_eval\test\aapp_competition_test\3631\3631_gen_0.sv,xiaomi/mimo-v2-flash:free,stop,,gen-1766309715-Ii05JensUuPy9N9NIEzH
3644,aapp_competition_test,0,995,4344,0,C:\Users\durgamaniryudh\Desktop\Learn\llm_eval\test\aapp_competition_test\3644\3644_gen_0.sv,xiaomi/mimo-v2-flash:free,stop,,gen-1766309869-dhaPKEhjwP2C5svL9Kjb
3640,aapp_competition_test,0,999,11155,0,C:\Users\durgamaniryudh\Desktop\Learn\llm_eval\test\aapp_competition_test\3640\3640_gen_0.sv,xiaomi/mimo-v2-flash:free,stop,,gen-1766309829-IGuE6J8Lkp86neCv43Dp
3851,aapp_competition_test,0,1006,3460,0,C:\Users\durgamaniryudh\Desktop\Learn\llm_eval\test\aapp_competition_test\3851\3851_gen_0.sv,xiaomi/mimo-v2-flash:free,stop,,gen-1766309912-0gpYNoC0z9Tlkd0CIt2A
3399,aapp_competition_test,0,905,4118,0,C:\Users\durgamaniryudh\Desktop\Learn\llm_eval\test\aapp_competition_test\3399\3399_gen_0.sv,xiaomi/mimo-v2-flash:free,stop,,gen-1766309939-QAAS9LI7yxJ2za1S4J4t
3943,aapp_competition_test,0,799,4893,0,C:\Users\durgamaniryudh\Desktop\Learn\llm_eval\test\aapp_competition_test\3943\3943_gen_0.sv,xiaomi/mimo-v2-flash:free,stop,,gen-1766309913-QOHRvaVYxuIVswXH8OmP
3947,aapp_competition_test,0,697,3569,0,C:\Users\durgamaniryudh\Desktop\Learn\llm_eval\test\aapp_competition_test\3947\3947_gen_0.sv,xiaomi/mimo-v2-flash:free,stop,,gen-1766309969-4gWnuenisOPnPKof0HRL
245,mbpp_test,0,899,15511,0,C:\Users\durgamaniryudh\Desktop\Learn\llm_eval\test\mbpp_test\245\245_gen_0.sv,xiaomi/mimo-v2-flash:free,stop,,gen-1766309863-yRyGARDvQAyiWpaLLbv3
3400,aapp_competition_test,0,947,10881,0,C:\Users\durgamaniryudh\Desktop\Learn\llm_eval\test\aapp_competition_test\3400\3400_gen_0.sv,xiaomi/mimo-v2-flash:free,stop,,gen-1766309889-E1kamOZKd494he7Rgrl5
3944,aapp_competition_test,0,2355,1493,0,C:\Users\durgamaniryudh\Desktop\Learn\llm_eval\test\aapp_competition_test\3944\3944_gen_0.sv,xiaomi/mimo-v2-flash:free,stop,,gen-1766310012-hZuByqfYpK4MFRl0PRO6
246,mbpp_test,0,782,13997,0,C:\Users\durgamaniryudh\Desktop\Learn\llm_eval\test\mbpp_test\246\246_gen_0.sv,xiaomi/mimo-v2-flash:free,stop,,gen-1766309827-gqe4xFqOOGCsB2nBMoNg
3854,aapp_competition_test,0,776,3978,0,C:\Users\durgamaniryudh\Desktop\Learn\llm_eval\test\aapp_competition_test\3854\3854_gen_0.sv,xiaomi/mimo-v2-flash:free,stop,,gen-1766309960-PmoGprGS4yXsiWYLb4TC
3853,aapp_competition_test,0,945,1627,0,C:\Users\durgamaniryudh\Desktop\Learn\llm_eval\test\aapp_competition_test\3853\3853_gen_0.sv,xiaomi/mimo-v2-flash:free,stop,,gen-1766310026-ETM1Z6ux7VDDutJArN76
3648,aapp_competition_test,0,923,16249,0,C:\Users\durgamaniryudh\Desktop\Learn\llm_eval\test\aapp_competition_test\3648\3648_gen_0.sv,xiaomi/mimo-v2-flash:free,stop,,gen-1766309883-1uKb4IvscP95C4Jap2TT
3856,aapp_competition_test,0,965,2315,0,C:\Users\durgamaniryudh\Desktop\Learn\llm_eval\test\aapp_competition_test\3856\3856_gen_0.sv,xiaomi/mimo-v2-flash:free,stop,,gen-1766310038-1ezTJPqLBDc95qiDVdnz
3403,aapp_competition_test,0,683,3743,0,C:\Users\durgamaniryudh\Desktop\Learn\llm_eval\test\aapp_competition_test\3403\3403_gen_0.sv,xiaomi/mimo-v2-flash:free,stop,,gen-1766310035-yZYBIA8Dwk7l78s72rTP
3852,aapp_competition_test,0,737,3785,0,C:\Users\durgamaniryudh\Desktop\Learn\llm_eval\test\aapp_competition_test\3852\3852_gen_0.sv,xiaomi/mimo-v2-flash:free,stop,,gen-1766310004-3cIkt8WAHGFE4zZaeoEu
3849,aapp_competition_test,0,926,1244,0,C:\Users\durgamaniryudh\Desktop\Learn\llm_eval\test\aapp_competition_test\3849\3849_gen_0.sv,xiaomi/mimo-v2-flash:free,stop,,gen-1766310069-KiSHBbQN6GEIJEoDpQ9z
3398,aapp_competition_test,0,743,7912,0,C:\Users\durgamaniryudh\Desktop\Learn\llm_eval\test\aapp_competition_test\3398\3398_gen_0.sv,xiaomi/mimo-v2-flash:free,stop,,gen-1766310016-e0xXRY4wh8BXrKrYFlii
3949,aapp_competition_test,0,853,8130,0,C:\Users\durgamaniryudh\Desktop\Learn\llm_eval\test\aapp_competition_test\3949\3949_gen_0.sv,xiaomi/mimo-v2-flash:free,stop,,gen-1766310035-cKSt7mZuPcZdevGPXCHe
3405,aapp_competition_test,0,651,2424,0,C:\Users\durgamaniryudh\Desktop\Learn\llm_eval\test\aapp_competition_test\3405\3405_gen_0.sv,xiaomi/mimo-v2-flash:free,stop,,gen-1766310094-jmgwGa9vyaNi4iRVsGAT
3860,aapp_competition_test,0,627,911,0,C:\Users\durgamaniryudh\Desktop\Learn\llm_eval\test\aapp_competition_test\3860\3860_gen_0.sv,xiaomi/mimo-v2-flash:free,stop,,gen-1766310124-xATvO0RUgAQM2JZf9kAb
3404,aapp_competition_test,0,1835,1573,0,C:\Users\durgamaniryudh\Desktop\Learn\llm_eval\test\aapp_competition_test\3404\3404_gen_0.sv,xiaomi/mimo-v2-flash:free,stop,,gen-1766310126-0qFVm3DSc73XVMRSNZ9Y
3955,aapp_competition_test,0,645,1784,0,C:\Users\durgamaniryudh\Desktop\Learn\llm_eval\test\aapp_competition_test\3955\3955_gen_0.sv,xiaomi/mimo-v2-flash:free,stop,,gen-1766310125-Wws6jDSjcXAGFXS3WoBx
3402,aapp_competition_test,0,782,12191,0,C:\Users\durgamaniryudh\Desktop\Learn\llm_eval\test\aapp_competition_test\3402\3402_gen_0.sv,xiaomi/mimo-v2-flash:free,stop,,gen-1766309989-fObHws0lGcbxMACWTlYw
3401,aapp_competition_test,0,1087,7168,0,C:\Users\durgamaniryudh\Desktop\Learn\llm_eval\test\aapp_competition_test\3401\3401_gen_0.sv,xiaomi/mimo-v2-flash:free,stop,,gen-1766310058-fxdVEyzyCdlFOg3np1iL
3960,aapp_competition_test,0,743,1461,0,C:\Users\durgamaniryudh\Desktop\Learn\llm_eval\test\aapp_competition_test\3960\3960_gen_0.sv,xiaomi/mimo-v2-flash:free,stop,,gen-1766310139-WNjm1OjeWPk0R2ejNgs3
3410,aapp_competition_test,0,843,1900,0,C:\Users\durgamaniryudh\Desktop\Learn\llm_eval\test\aapp_competition_test\3410\3410_gen_0.sv,xiaomi/mimo-v2-flash:free,stop,,gen-1766310139-gI3y3U5XLEPCe9IcOJeE
3961,aapp_competition_test,0,683,1351,0,C:\Users\durgamaniryudh\Desktop\Learn\llm_eval\test\aapp_competition_test\3961\3961_gen_0.sv,xiaomi/mimo-v2-flash:free,stop,,gen-1766310154-uu2Qb8OcgxVSNeSwBI8p
3862,aapp_competition_test,0,1008,2529,0,C:\Users\durgamaniryudh\Desktop\Learn\llm_eval\test\aapp_competition_test\3862\3862_gen_0.sv,xiaomi/mimo-v2-flash:free,stop,,gen-1766310153-A39wzfvy02HDFJ7Tzuxf
3858,aapp_competition_test,0,1156,5022,0,C:\Users\durgamaniryudh\Desktop\Learn\llm_eval\test\aapp_competition_test\3858\3858_gen_0.sv,xiaomi/mimo-v2-flash:free,stop,,gen-1766310134-5ayUtUxcaZVK6AKGW3cP
3953,aapp_competition_test,0,656,10854,0,C:\Users\durgamaniryudh\Desktop\Learn\llm_eval\test\aapp_competition_test\3953\3953_gen_0.sv,xiaomi/mimo-v2-flash:free,stop,,gen-1766310077-0Jz41PBgtYps4HJ6Jy5t
3408,aapp_competition_test,0,1006,2999,0,C:\Users\durgamaniryudh\Desktop\Learn\llm_eval\test\aapp_competition_test\3408\3408_gen_0.sv,xiaomi/mimo-v2-flash:free,stop,,gen-1766310156-A1e1yYYw7YXgK7mOFle8
3950,aapp_competition_test,0,864,14898,0,C:\Users\durgamaniryudh\Desktop\Learn\llm_eval\test\aapp_competition_test\3950\3950_gen_0.sv,xiaomi/mimo-v2-flash:free,stop,,gen-1766310043-7fIzfvVOEUz8Sl5SytrX
3866,aapp_competition_test,0,945,751,0,C:\Users\durgamaniryudh\Desktop\Learn\llm_eval\test\aapp_competition_test\3866\3866_gen_0.sv,xiaomi/mimo-v2-flash:free,stop,,gen-1766310181-4dFoGXJH32RuTjuaNzGp
3604,aapp_competition_test,0,1015,65536,0,C:\Users\durgamaniryudh\Desktop\Learn\llm_eval\test\aapp_competition_test\3604\3604_gen_0.sv,xiaomi/mimo-v2-flash:free,length,,gen-1766309399-RWjDYW7n8XGl0MipMpur
3962,aapp_competition_test,0,775,2342,0,C:\Users\durgamaniryudh\Desktop\Learn\llm_eval\test\aapp_competition_test\3962\3962_gen_0.sv,xiaomi/mimo-v2-flash:free,stop,,gen-1766310182-fpqjZxcooekZx4Wt1WoT
3406,aapp_competition_test,0,821,3994,0,C:\Users\durgamaniryudh\Desktop\Learn\llm_eval\test\aapp_competition_test\3406\3406_gen_0.sv,xiaomi/mimo-v2-flash:free,stop,,gen-1766310181-gw6b8PcmtozRH1ym8AeE
3861,aapp_competition_test,0,1341,5597,0,C:\Users\durgamaniryudh\Desktop\Learn\llm_eval\test\aapp_competition_test\3861\3861_gen_0.sv,xiaomi/mimo-v2-flash:free,stop,,gen-1766310157-Re17B5nYeM6fw6gPVHgZ
3967,aapp_competition_test,0,781,5390,0,C:\Users\durgamaniryudh\Desktop\Learn\llm_eval\test\aapp_competition_test\3967\3967_gen_0.sv,xiaomi/mimo-v2-flash:free,stop,,gen-1766310197-SXdwhgl4O1RZ7vrqmq0N
3413,aapp_competition_test,0,651,4513,0,C:\Users\durgamaniryudh\Desktop\Learn\llm_eval\test\aapp_competition_test\3413\3413_gen_0.sv,xiaomi/mimo-v2-flash:free,stop,,gen-1766310203-HWElV4Ep9Wae6ntTuzD0
3418,aapp_competition_test,0,713,2909,0,C:\Users\durgamaniryudh\Desktop\Learn\llm_eval\test\aapp_competition_test\3418\3418_gen_0.sv,xiaomi/mimo-v2-flash:free,stop,,gen-1766310229-ozQ6f1M0zaLKB8My33Sm
3414,aapp_competition_test,0,937,8965,0,C:\Users\durgamaniryudh\Desktop\Learn\llm_eval\test\aapp_competition_test\3414\3414_gen_0.sv,xiaomi/mimo-v2-flash:free,stop,,gen-1766310189-l3pbC4UuHAHs9oV3EJZZ
3966,aapp_competition_test,0,643,1579,0,C:\Users\durgamaniryudh\Desktop\Learn\llm_eval\test\aapp_competition_test\3966\3966_gen_0.sv,xiaomi/mimo-v2-flash:free,stop,,gen-1766310260-S9L83ox7TAMkfPWfdive
3965,aapp_competition_test,0,740,857,0,C:\Users\durgamaniryudh\Desktop\Learn\llm_eval\test\aapp_competition_test\3965\3965_gen_0.sv,xiaomi/mimo-v2-flash:free,stop,,gen-1766310275-XOTqq5B8C2ncn1eYVB2Q
3867,aapp_competition_test,0,1057,1791,0,C:\Users\durgamaniryudh\Desktop\Learn\llm_eval\test\aapp_competition_test\3867\3867_gen_0.sv,xiaomi/mimo-v2-flash:free,stop,,gen-1766310273-epxYO3tsDjV3Re2KSHmI
3870,aapp_competition_test,0,896,6072,0,C:\Users\durgamaniryudh\Desktop\Learn\llm_eval\test\aapp_competition_test\3870\3870_gen_0.sv,xiaomi/mimo-v2-flash:free,stop,,gen-1766310209-G2N4DwcT0sF5054bVlg9
3419,aapp_competition_test,0,809,1080,0,C:\Users\durgamaniryudh\Desktop\Learn\llm_eval\test\aapp_competition_test\3419\3419_gen_0.sv,xiaomi/mimo-v2-flash:free,stop,,gen-1766310283-jBtlZazlSqzi7v3O8MtV
3969,aapp_competition_test,0,688,1699,0,C:\Users\durgamaniryudh\Desktop\Learn\llm_eval\test\aapp_competition_test\3969\3969_gen_0.sv,xiaomi/mimo-v2-flash:free,stop,,gen-1766310288-MCnFdwwuyJtZjSRhQ0yg
3873,aapp_competition_test,0,921,2512,0,C:\Users\durgamaniryudh\Desktop\Learn\llm_eval\test\aapp_competition_test\3873\3873_gen_0.sv,xiaomi/mimo-v2-flash:free,stop,,gen-1766310288-NrxLqYujZCu5Q8YnIi06
3872,aapp_competition_test,0,853,3434,0,C:\Users\durgamaniryudh\Desktop\Learn\llm_eval\test\aapp_competition_test\3872\3872_gen_0.sv,xiaomi/mimo-v2-flash:free,stop,,gen-1766310254-dZYXD7264iTUHywOEivI
3421,aapp_competition_test,0,641,1738,0,C:\Users\durgamaniryudh\Desktop\Learn\llm_eval\test\aapp_competition_test\3421\3421_gen_0.sv,xiaomi/mimo-v2-flash:free,stop,,gen-1766310300-rydjBJZN4Ixfe5EPeub4
3865,aapp_competition_test,0,591,2623,0,C:\Users\durgamaniryudh\Desktop\Learn\llm_eval\test\aapp_competition_test\3865\3865_gen_0.sv,xiaomi/mimo-v2-flash:free,stop,,gen-1766310304-Wf5Dhipm7BKPT6rkJAei
3417,aapp_competition_test,0,778,7872,0,C:\Users\durgamaniryudh\Desktop\Learn\llm_eval\test\aapp_competition_test\3417\3417_gen_0.sv,xiaomi/mimo-v2-flash:free,stop,,gen-1766310271-AU7c1bipzDd40pLdTNgj
3530,aapp_competition_test,0,1097,65536,0,C:\Users\durgamaniryudh\Desktop\Learn\llm_eval\test\aapp_competition_test\3530\3530_gen_0.sv,xiaomi/mimo-v2-flash:free,length,,gen-1766309008-3Bf21YghBoihvIDXS9rO
3422,aapp_competition_test,0,2030,1551,0,C:\Users\durgamaniryudh\Desktop\Learn\llm_eval\test\aapp_competition_test\3422\3422_gen_0.sv,xiaomi/mimo-v2-flash:free,stop,,gen-1766310352-dN7vrsL7dxR6WPIOjiEa
3964,aapp_competition_test,0,1052,7334,0,C:\Users\durgamaniryudh\Desktop\Learn\llm_eval\test\aapp_competition_test\3964\3964_gen_0.sv,xiaomi/mimo-v2-flash:free,stop,,gen-1766310307-LFgWGIuu29Ex6xFtWMEi
3974,aapp_competition_test,0,714,1061,0,C:\Users\durgamaniryudh\Desktop\Learn\llm_eval\test\aapp_competition_test\3974\3974_gen_0.sv,xiaomi/mimo-v2-flash:free,stop,,gen-1766310373-mXFTkTbQpy9ZZs4Z7U6o
3730,aapp_competition_test,0,1078,65536,0,C:\Users\durgamaniryudh\Desktop\Learn\llm_eval\test\aapp_competition_test\3730\3730_gen_0.sv,xiaomi/mimo-v2-flash:free,length,,gen-1766308691-1Wa1fD0T6R2Rr5WXQA2t
3416,aapp_competition_test,0,636,1400,0,C:\Users\durgamaniryudh\Desktop\Learn\llm_eval\test\aapp_competition_test\3416\3416_gen_0.sv,xiaomi/mimo-v2-flash:free,stop,,gen-1766310378-wAwFVVfxD4PeK6VQErHg
3954,aapp_competition_test,0,775,17432,0,C:\Users\durgamaniryudh\Desktop\Learn\llm_eval\test\aapp_competition_test\3954\3954_gen_0.sv,xiaomi/mimo-v2-flash:free,stop,,gen-1766310168-dBxqWitKSWt7OM2HEtlX
3874,aapp_competition_test,0,873,3524,0,C:\Users\durgamaniryudh\Desktop\Learn\llm_eval\test\aapp_competition_test\3874\3874_gen_0.sv,xiaomi/mimo-v2-flash:free,stop,,gen-1766310354-BJdyRUvpiTI6n2S3gIYm
3428,aapp_competition_test,0,717,1459,0,C:\Users\durgamaniryudh\Desktop\Learn\llm_eval\test\aapp_competition_test\3428\3428_gen_0.sv,xiaomi/mimo-v2-flash:free,stop,,gen-1766310389-Kl25Or3dEBlRXTdX79uB
3968,aapp_competition_test,0,976,1350,0,C:\Users\durgamaniryudh\Desktop\Learn\llm_eval\test\aapp_competition_test\3968\3968_gen_0.sv,xiaomi/mimo-v2-flash:free,stop,,gen-1766310399-woKc2RNswjaNtCccb0tA
3976,aapp_competition_test,0,658,3661,0,C:\Users\durgamaniryudh\Desktop\Learn\llm_eval\test\aapp_competition_test\3976\3976_gen_0.sv,xiaomi/mimo-v2-flash:free,stop,,gen-1766310385-4lL87NVMOiQ6urntjxtA
3869,aapp_competition_test,0,703,25367,0,C:\Users\durgamaniryudh\Desktop\Learn\llm_eval\test\aapp_competition_test\3869\3869_gen_0.sv,xiaomi/mimo-v2-flash:free,stop,,gen-1766310189-KbKCJI4mcTIK2xPgEGqA
3971,aapp_competition_test,0,807,1495,0,C:\Users\durgamaniryudh\Desktop\Learn\llm_eval\test\aapp_competition_test\3971\3971_gen_0.sv,xiaomi/mimo-v2-flash:free,stop,,gen-1766310431-soSXxlCuVwJ28mt86582
3879,aapp_competition_test,0,676,5556,0,C:\Users\durgamaniryudh\Desktop\Learn\llm_eval\test\aapp_competition_test\3879\3879_gen_0.sv,xiaomi/mimo-v2-flash:free,stop,,gen-1766310399-Ft0hYU3c6SC5rnFtnECM
3882,aapp_competition_test,0,633,1539,0,C:\Users\durgamaniryudh\Desktop\Learn\llm_eval\test\aapp_competition_test\3882\3882_gen_0.sv,xiaomi/mimo-v2-flash:free,stop,,gen-1766310446-vGsCJirkLJ1SsseXafYF
3423,aapp_competition_test,0,980,15024,0,C:\Users\durgamaniryudh\Desktop\Learn\llm_eval\test\aapp_competition_test\3423\3423_gen_0.sv,xiaomi/mimo-v2-flash:free,stop,,gen-1766310317-h4IIJa7nZQuhol5Czrgq
3978,aapp_competition_test,0,693,1307,0,C:\Users\durgamaniryudh\Desktop\Learn\llm_eval\test\aapp_competition_test\3978\3978_gen_0.sv,xiaomi/mimo-v2-flash:free,stop,,gen-1766310459-CORWFhYBWJjh9RH7ahT1
3430,aapp_competition_test,0,766,3651,0,C:\Users\durgamaniryudh\Desktop\Learn\llm_eval\test\aapp_competition_test\3430\3430_gen_0.sv,xiaomi/mimo-v2-flash:free,stop,,gen-1766310445-tJtlCMB4DGIE73G3kocl
3880,aapp_competition_test,0,1007,811,0,C:\Users\durgamaniryudh\Desktop\Learn\llm_eval\test\aapp_competition_test\3880\3880_gen_0.sv,xiaomi/mimo-v2-flash:free,stop,,gen-1766310464-7VdxZRZPjDuuDnoeHdqE
3980,aapp_competition_test,0,649,643,0,C:\Users\durgamaniryudh\Desktop\Learn\llm_eval\test\aapp_competition_test\3980\3980_gen_0.sv,xiaomi/mimo-v2-flash:free,stop,,gen-1766310469-FPjIh4QVmKZYtQk2Ajaz
3885,aapp_competition_test,0,535,56,0,C:\Users\durgamaniryudh\Desktop\Learn\llm_eval\test\aapp_competition_test\3885\3885_gen_0.sv,xiaomi/mimo-v2-flash:free,stop,,gen-1766310474-LxGiinCHAP52c9GkTV5T
3432,aapp_competition_test,0,662,1850,0,C:\Users\durgamaniryudh\Desktop\Learn\llm_eval\test\aapp_competition_test\3432\3432_gen_0.sv,xiaomi/mimo-v2-flash:free,stop,,gen-1766310471-ilBr7Clw0brNKemxz8ve
3970,aapp_competition_test,0,660,17497,1,C:\Users\durgamaniryudh\Desktop\Learn\llm_eval\test\aapp_competition_test\3970\3970_gen_0.sv,xiaomi/mimo-v2-flash:free,stop,,gen-1766310329-KKid8W9I3qKKH12yHGD5
3420,aapp_competition_test,0,774,9540,0,C:\Users\durgamaniryudh\Desktop\Learn\llm_eval\test\aapp_competition_test\3420\3420_gen_0.sv,xiaomi/mimo-v2-flash:free,stop,,gen-1766310400-99K8XtOXkMHM2j4PICRM
3977,aapp_competition_test,0,2100,1044,0,C:\Users\durgamaniryudh\Desktop\Learn\llm_eval\test\aapp_competition_test\3977\3977_gen_0.sv,xiaomi/mimo-v2-flash:free,stop,,gen-1766310490-CZf98U0eTdPmelNhcBDz
3963,aapp_competition_test,0,672,35896,0,C:\Users\durgamaniryudh\Desktop\Learn\llm_eval\test\aapp_competition_test\3963\3963_gen_0.sv,xiaomi/mimo-v2-flash:free,stop,,gen-1766310185-WhxBJ9sOhCZ4Mcu03D70
3878,aapp_competition_test,0,1005,11001,0,C:\Users\durgamaniryudh\Desktop\Learn\llm_eval\test\aapp_competition_test\3878\3878_gen_0.sv,xiaomi/mimo-v2-flash:free,stop,,gen-1766310415-IWAg8tfZci5QNO2ykHxN
3431,aapp_competition_test,0,696,9070,0,C:\Users\durgamaniryudh\Desktop\Learn\llm_eval\test\aapp_competition_test\3431\3431_gen_0.sv,xiaomi/mimo-v2-flash:free,stop,,gen-1766310461-al3WsfjL8tPG5jvyA4oe
3877,aapp_competition_test,0,715,20381,0,C:\Users\durgamaniryudh\Desktop\Learn\llm_eval\test\aapp_competition_test\3877\3877_gen_0.sv,xiaomi/mimo-v2-flash:free,stop,,gen-1766310384-if18nsoyDmLBUbEumCxf
3883,aapp_competition_test,0,890,6829,0,C:\Users\durgamaniryudh\Desktop\Learn\llm_eval\test\aapp_competition_test\3883\3883_gen_0.sv,xiaomi/mimo-v2-flash:free,stop,,gen-1766310486-6j29EAcS1UFeTZb7NkkD
3984,aapp_competition_test,0,597,1210,0,C:\Users\durgamaniryudh\Desktop\Learn\llm_eval\test\aapp_competition_test\3984\3984_gen_0.sv,xiaomi/mimo-v2-flash:free,stop,,gen-1766310569-NyB9mJ3iVq0ngYWCT2PE
3437,aapp_competition_test,0,799,1295,0,C:\Users\durgamaniryudh\Desktop\Learn\llm_eval\test\aapp_competition_test\3437\3437_gen_0.sv,xiaomi/mimo-v2-flash:free,stop,,gen-1766310580-F7Fd8XTxAreSgEYrXDmN
3884,aapp_competition_test,0,1281,3343,0,C:\Users\durgamaniryudh\Desktop\Learn\llm_eval\test\aapp_competition_test\3884\3884_gen_0.sv,xiaomi/mimo-v2-flash:free,stop,,gen-1766310564-ekCeEwIeqHB0eBLrytQo
3986,aapp_competition_test,0,791,1562,0,C:\Users\durgamaniryudh\Desktop\Learn\llm_eval\test\aapp_competition_test\3986\3986_gen_0.sv,xiaomi/mimo-v2-flash:free,stop,,gen-1766310600-Aynh5UDDZeANuEjy3gAn
3886,aapp_competition_test,0,970,3581,0,C:\Users\durgamaniryudh\Desktop\Learn\llm_eval\test\aapp_competition_test\3886\3886_gen_0.sv,xiaomi/mimo-v2-flash:free,stop,,gen-1766310592-zmtZHwUFnk9oAFkK1Vrh
3981,aapp_competition_test,0,772,8405,0,C:\Users\durgamaniryudh\Desktop\Learn\llm_eval\test\aapp_competition_test\3981\3981_gen_0.sv,xiaomi/mimo-v2-flash:free,stop,,gen-1766310530-oJ3QPKhZDkWe8YIOT5yJ
3979,aapp_competition_test,0,725,10719,0,C:\Users\durgamaniryudh\Desktop\Learn\llm_eval\test\aapp_competition_test\3979\3979_gen_0.sv,xiaomi/mimo-v2-flash:free,stop,,gen-1766310518-9lJHemCAPfmrs8jSjB4f
3982,aapp_competition_test,0,907,9974,0,C:\Users\durgamaniryudh\Desktop\Learn\llm_eval\test\aapp_competition_test\3982\3982_gen_0.sv,xiaomi/mimo-v2-flash:free,stop,,gen-1766310475-tGGSJP9ePuZEXQRmfJTJ
3889,aapp_competition_test,0,541,1209,0,C:\Users\durgamaniryudh\Desktop\Learn\llm_eval\test\aapp_competition_test\3889\3889_gen_0.sv,xiaomi/mimo-v2-flash:free,stop,,gen-1766310628-8Erbb9qUwrmlJ6tZOGTc
3987,aapp_competition_test,0,853,1518,0,C:\Users\durgamaniryudh\Desktop\Learn\llm_eval\test\aapp_competition_test\3987\3987_gen_0.sv,xiaomi/mimo-v2-flash:free,stop,,gen-1766310637-rKWDNuLHK2IfaEOJgEBj
3871,aapp_competition_test,0,705,40079,0,C:\Users\durgamaniryudh\Desktop\Learn\llm_eval\test\aapp_competition_test\3871\3871_gen_0.sv,xiaomi/mimo-v2-flash:free,stop,,gen-1766310317-PkPoEX2NBnVxt0h2Vpsg
3439,aapp_competition_test,0,1071,5299,0,C:\Users\durgamaniryudh\Desktop\Learn\llm_eval\test\aapp_competition_test\3439\3439_gen_0.sv,xiaomi/mimo-v2-flash:free,stop,,gen-1766310652-RkoXlJycaDPupI78ydif
3436,aapp_competition_test,0,813,18355,0,C:\Users\durgamaniryudh\Desktop\Learn\llm_eval\test\aapp_competition_test\3436\3436_gen_0.sv,xiaomi/mimo-v2-flash:free,stop,,gen-1766310541-SXbSnDhz4YN1MscCkh7h
3887,aapp_competition_test,0,832,11659,0,C:\Users\durgamaniryudh\Desktop\Learn\llm_eval\test\aapp_competition_test\3887\3887_gen_0.sv,xiaomi/mimo-v2-flash:free,stop,,gen-1766310642-FBLQnQG9AluohVWgYJ8w
3985,aapp_competition_test,0,909,8539,0,C:\Users\durgamaniryudh\Desktop\Learn\llm_eval\test\aapp_competition_test\3985\3985_gen_0.sv,xiaomi/mimo-v2-flash:free,stop,,gen-1766310643-C3eoNhyBcRioP3kfs7OO
3438,aapp_competition_test,0,753,3288,0,C:\Users\durgamaniryudh\Desktop\Learn\llm_eval\test\aapp_competition_test\3438\3438_gen_0.sv,xiaomi/mimo-v2-flash:free,stop,,gen-1766310726-TkAJIbDvN1oFvAB73odz
3881,aapp_competition_test,0,743,29372,0,C:\Users\durgamaniryudh\Desktop\Learn\llm_eval\test\aapp_competition_test\3881\3881_gen_0.sv,xiaomi/mimo-v2-flash:free,stop,,gen-1766310500-TKWXub3slkQPBqNvy1DH
3893,aapp_competition_test,0,932,310,0,C:\Users\durgamaniryudh\Desktop\Learn\llm_eval\test\aapp_competition_test\3893\3893_gen_0.sv,xiaomi/mimo-v2-flash:free,stop,,gen-1766310770-CooGC7YIcUuuJIuhkZVH
3892,aapp_competition_test,0,885,2563,0,C:\Users\durgamaniryudh\Desktop\Learn\llm_eval\test\aapp_competition_test\3892\3892_gen_0.sv,xiaomi/mimo-v2-flash:free,stop,,gen-1766310756-DdAIEzyoXwBdB9Lle0ok
3991,aapp_competition_test,0,864,1804,0,C:\Users\durgamaniryudh\Desktop\Learn\llm_eval\test\aapp_competition_test\3991\3991_gen_0.sv,xiaomi/mimo-v2-flash:free,stop,,gen-1766310772-lOlaMBFvesBpLyOubMUP
3890,aapp_competition_test,0,865,11668,0,C:\Users\durgamaniryudh\Desktop\Learn\llm_eval\test\aapp_competition_test\3890\3890_gen_0.sv,xiaomi/mimo-v2-flash:free,stop,,gen-1766310683-1LeOnFIQsah6UVkIBNoa
3891,aapp_competition_test,0,776,1120,0,C:\Users\durgamaniryudh\Desktop\Learn\llm_eval\test\aapp_competition_test\3891\3891_gen_0.sv,xiaomi/mimo-v2-flash:free,stop,,gen-1766310788-MmUOXng8deszTF6aCMvM
3445,aapp_competition_test,0,664,2585,0,C:\Users\durgamaniryudh\Desktop\Learn\llm_eval\test\aapp_competition_test\3445\3445_gen_0.sv,xiaomi/mimo-v2-flash:free,stop,,gen-1766310780-O8OaPZf2jFch58b8OfiB
3444,aapp_competition_test,0,1103,2884,0,C:\Users\durgamaniryudh\Desktop\Learn\llm_eval\test\aapp_competition_test\3444\3444_gen_0.sv,xiaomi/mimo-v2-flash:free,stop,,gen-1766310795-34JuuxeFf8OS91EZFEgD
3992,aapp_competition_test,0,627,4647,0,C:\Users\durgamaniryudh\Desktop\Learn\llm_eval\test\aapp_competition_test\3992\3992_gen_0.sv,xiaomi/mimo-v2-flash:free,stop,,gen-1766310789-8TtiftSSETtY4rafkWuo
3895,aapp_competition_test,0,778,4557,0,C:\Users\durgamaniryudh\Desktop\Learn\llm_eval\test\aapp_competition_test\3895\3895_gen_0.sv,xiaomi/mimo-v2-flash:free,stop,,gen-1766310797-OdZYKARZGa9zUf2IX0Z6
3433,aapp_competition_test,0,861,21628,0,C:\Users\durgamaniryudh\Desktop\Learn\llm_eval\test\aapp_competition_test\3433\3433_gen_0.sv,xiaomi/mimo-v2-flash:free,stop,,gen-1766310621-ZBSYK2MDaKDhj1aQG17c
3448,aapp_competition_test,0,1309,770,0,C:\Users\durgamaniryudh\Desktop\Learn\llm_eval\test\aapp_competition_test\3448\3448_gen_0.sv,xiaomi/mimo-v2-flash:free,stop,,gen-1766310848-qxi2YngCAaNTv9b2WGUc
3990,aapp_competition_test,0,929,5996,0,C:\Users\durgamaniryudh\Desktop\Learn\llm_eval\test\aapp_competition_test\3990\3990_gen_0.sv,xiaomi/mimo-v2-flash:free,stop,,gen-1766310803-sAoyjaWDpZOtnDKZNJDX
3446,aapp_competition_test,0,922,6173,0,C:\Users\durgamaniryudh\Desktop\Learn\llm_eval\test\aapp_competition_test\3446\3446_gen_0.sv,xiaomi/mimo-v2-flash:free,stop,,gen-1766310819-zPuXAMwGunhFWVWVR3Bt
3450,aapp_competition_test,0,708,1528,0,C:\Users\durgamaniryudh\Desktop\Learn\llm_eval\test\aapp_competition_test\3450\3450_gen_0.sv,xiaomi/mimo-v2-flash:free,stop,,gen-1766310880-SV97YnFtZgL6Wudn2sn4
3443,aapp_competition_test,0,685,10191,0,C:\Users\durgamaniryudh\Desktop\Learn\llm_eval\test\aapp_competition_test\3443\3443_gen_0.sv,xiaomi/mimo-v2-flash:free,stop,,gen-1766310762-D8A4c92x6s0rhfuvA4kK
3995,aapp_competition_test,0,553,4364,0,C:\Users\durgamaniryudh\Desktop\Learn\llm_eval\test\aapp_competition_test\3995\3995_gen_0.sv,xiaomi/mimo-v2-flash:free,stop,,gen-1766310860-tEerJPIif556S815SaR9
3897,aapp_competition_test,0,758,6946,0,C:\Users\durgamaniryudh\Desktop\Learn\llm_eval\test\aapp_competition_test\3897\3897_gen_0.sv,xiaomi/mimo-v2-flash:free,stop,,gen-1766310855-DDwB9PDrl65QBD4tAFTL
85,human_eval_test,0,729,318,0,C:\Users\durgamaniryudh\Desktop\Learn\llm_eval\test\human_eval_test\85\85_gen_0.sv,xiaomi/mimo-v2-flash:free,stop,,gen-1766310920-tC11jdXvpyA6QKVjLsBQ
3994,aapp_competition_test,0,715,1936,0,C:\Users\durgamaniryudh\Desktop\Learn\llm_eval\test\aapp_competition_test\3994\3994_gen_0.sv,xiaomi/mimo-v2-flash:free,stop,,gen-1766310905-0CbWLNkVKBM2GFv2wUoG
3993,aapp_competition_test,0,817,8976,0,C:\Users\durgamaniryudh\Desktop\Learn\llm_eval\test\aapp_competition_test\3993\3993_gen_0.sv,xiaomi/mimo-v2-flash:free,stop,,gen-1766310835-iyOw8VHA4yHqoLzVttE4
622,mbpp_train,0,691,1254,0,C:\Users\durgamaniryudh\Desktop\Learn\llm_eval\test\mbpp_train\622\622_gen_0.sv,xiaomi/mimo-v2-flash:free,stop,,gen-1766310921-qWVYbtKNYYycnwVVYNAw
3750,aapp_competition_test,0,767,610,0,C:\Users\durgamaniryudh\Desktop\Learn\llm_eval\test\aapp_competition_test\3750\3750_gen_0.sv,xiaomi/mimo-v2-flash:free,stop,,gen-1766310931-soiKY5ST6UaPnJZbSa8J
151,human_eval_test,0,714,197,0,C:\Users\durgamaniryudh\Desktop\Learn\llm_eval\test\human_eval_test\151\151_gen_0.sv,xiaomi/mimo-v2-flash:free,stop,,gen-1766310940-RjvJ5LTwosbVF1fQ1jzE
3208,aapp_competition_test,0,1109,5951,0,C:\Users\durgamaniryudh\Desktop\Learn\llm_eval\test\aapp_competition_test\3208\3208_gen_0.sv,xiaomi/mimo-v2-flash:free,stop,,gen-1766310926-nqIDGCBZbzZBobFjGgQv
3099,aapp_competition_test,0,673,5128,0,C:\Users\durgamaniryudh\Desktop\Learn\llm_eval\test\aapp_competition_test\3099\3099_gen_0.sv,xiaomi/mimo-v2-flash:free,stop,,gen-1766310924-O9qU2kRFbUwpAq5plZ5j
3896,aapp_competition_test,0,721,15651,0,C:\Users\durgamaniryudh\Desktop\Learn\llm_eval\test\aapp_competition_test\3896\3896_gen_0.sv,xiaomi/mimo-v2-flash:free,stop,,gen-1766310831-uzQkxPCOjYdEOklzt6cd
124,human_eval_test,0,776,2817,0,C:\Users\durgamaniryudh\Desktop\Learn\llm_eval\test\human_eval_test\124\124_gen_0.sv,xiaomi/mimo-v2-flash:free,stop,,gen-1766310951-quhGl6TpSrR2QmiLrxhl
59,human_eval_test,0,792,1377,0,C:\Users\durgamaniryudh\Desktop\Learn\llm_eval\test\human_eval_test\59\59_gen_0.sv,xiaomi/mimo-v2-flash:free,stop,,gen-1766310976-NQVWQda9wuvEQkkfsXgT
3996,aapp_competition_test,0,1468,5343,0,C:\Users\durgamaniryudh\Desktop\Learn\llm_eval\test\aapp_competition_test\3996\3996_gen_0.sv,xiaomi/mimo-v2-flash:free,stop,,gen-1766310934-s8t9wdVgQrN9rjVqQA87
3903,aapp_competition_test,0,661,11323,0,C:\Users\durgamaniryudh\Desktop\Learn\llm_eval\test\aapp_competition_test\3903\3903_gen_0.sv,xiaomi/mimo-v2-flash:free,stop,,gen-1766310896-daGaEaZVmTytjv68dryO
3989,aapp_competition_test,0,762,21024,0,C:\Users\durgamaniryudh\Desktop\Learn\llm_eval\test\aapp_competition_test\3989\3989_gen_0.sv,xiaomi/mimo-v2-flash:free,stop,,gen-1766310706-TH9R0lyG3sUcfcFSxrkU
3213,aapp_competition_test,0,716,1701,0,C:\Users\durgamaniryudh\Desktop\Learn\llm_eval\test\aapp_competition_test\3213\3213_gen_0.sv,xiaomi/mimo-v2-flash:free,stop,,gen-1766310984-049Nx6a3gktbZ9cNOE0V
138,human_eval_test,0,650,81,0,C:\Users\durgamaniryudh\Desktop\Learn\llm_eval\test\human_eval_test\138\138_gen_0.sv,xiaomi/mimo-v2-flash:free,stop,,gen-1766311006-6z5Dur7Eoq1hqdwgdW2V
619,mbpp_train,0,717,1353,0,C:\Users\durgamaniryudh\Desktop\Learn\llm_eval\test\mbpp_train\619\619_gen_0.sv,xiaomi/mimo-v2-flash:free,stop,,gen-1766310993-jDfFbMvS3Vq4fL7dQC9o
3108,aapp_competition_test,0,764,2155,0,C:\Users\durgamaniryudh\Desktop\Learn\llm_eval\test\aapp_competition_test\3108\3108_gen_0.sv,xiaomi/mimo-v2-flash:free,stop,,gen-1766311007-37S8lGl8g7TfGcbEqDcx
3752,aapp_competition_test,0,860,3765,0,C:\Users\durgamaniryudh\Desktop\Learn\llm_eval\test\aapp_competition_test\3752\3752_gen_0.sv,xiaomi/mimo-v2-flash:free,stop,,gen-1766310985-sbKTiIWQdy1SIYFLJqzs
125,human_eval_test,0,772,5310,0,C:\Users\durgamaniryudh\Desktop\Learn\llm_eval\test\human_eval_test\125\125_gen_0.sv,xiaomi/mimo-v2-flash:free,stop,,gen-1766310995-EudBKBMITtuJHxEUAE2a
615,mbpp_train,0,982,349,0,C:\Users\durgamaniryudh\Desktop\Learn\llm_eval\test\mbpp_train\615\615_gen_0.sv,xiaomi/mimo-v2-flash:free,stop,,gen-1766311034-cKv9IrRuI4d96n4a4ONs
73,human_eval_test,0,681,175,0,C:\Users\durgamaniryudh\Desktop\Learn\llm_eval\test\human_eval_test\73\73_gen_0.sv,xiaomi/mimo-v2-flash:free,stop,,gen-1766311045-WceUbz7pSPnefBTzOmGv
3745,aapp_competition_test,0,936,3658,0,C:\Users\durgamaniryudh\Desktop\Learn\llm_eval\test\aapp_competition_test\3745\3745_gen_0.sv,xiaomi/mimo-v2-flash:free,stop,,gen-1766311011-PeOf2cAbY7j2BMyvUrmT
3998,aapp_competition_test,0,659,5566,0,C:\Users\durgamaniryudh\Desktop\Learn\llm_eval\test\aapp_competition_test\3998\3998_gen_0.sv,xiaomi/mimo-v2-flash:free,stop,,gen-1766310988-M4EfAHPJDunaT8232jq4
3988,aapp_competition_test,0,1115,4778,0,C:\Users\durgamaniryudh\Desktop\Learn\llm_eval\test\aapp_competition_test\3988\3988_gen_0.sv,xiaomi/mimo-v2-flash:free,stop,,gen-1766311034-oiBeFx8rEbdSYe9EW7qT
3746,aapp_competition_test,0,1151,3969,0,C:\Users\durgamaniryudh\Desktop\Learn\llm_eval\test\aapp_competition_test\3746\3746_gen_0.sv,xiaomi/mimo-v2-flash:free,stop,,gen-1766311063-eCsKbnDarXiXE07AZJxQ
625,mbpp_train,0,738,619,0,C:\Users\durgamaniryudh\Desktop\Learn\llm_eval\test\mbpp_train\625\625_gen_0.sv,xiaomi/mimo-v2-flash:free,stop,,gen-1766311100-jylsrW6bDSfXjw8oLm6I
126,human_eval_test,0,621,1683,0,C:\Users\durgamaniryudh\Desktop\Learn\llm_eval\test\human_eval_test\126\126_gen_0.sv,xiaomi/mimo-v2-flash:free,stop,,gen-1766311106-ouwVJPu069egxAWoWPz0
112,human_eval_test,0,762,8511,0,C:\Users\durgamaniryudh\Desktop\Learn\llm_eval\test\human_eval_test\112\112_gen_0.sv,xiaomi/mimo-v2-flash:free,stop,,gen-1766311046-TwcHyRXVyn834bLRPRos
3216,aapp_competition_test,0,1211,7871,0,C:\Users\durgamaniryudh\Desktop\Learn\llm_eval\test\aapp_competition_test\3216\3216_gen_0.sv,xiaomi/mimo-v2-flash:free,stop,,gen-1766311051-emKIFVc75cqKcSjhCirR
3111,aapp_competition_test,0,1626,1274,0,C:\Users\durgamaniryudh\Desktop\Learn\llm_eval\test\aapp_competition_test\3111\3111_gen_0.sv,xiaomi/mimo-v2-flash:free,stop,,gen-1766311130-3Y6dYH4jlFIu6JPdomGj
3104,aapp_competition_test,0,551,18202,0,C:\Users\durgamaniryudh\Desktop\Learn\llm_eval\test\aapp_competition_test\3104\3104_gen_0.sv,xiaomi/mimo-v2-flash:free,stop,,gen-1766310981-p7uQJeC1r77VGXSFI9vh
3999,aapp_competition_test,0,991,9269,0,C:\Users\durgamaniryudh\Desktop\Learn\llm_eval\test\aapp_competition_test\3999\3999_gen_0.sv,xiaomi/mimo-v2-flash:free,stop,,gen-1766311080-aKWsXjOlwOBKOAHup7hu
629,mbpp_train,0,507,225,0,C:\Users\durgamaniryudh\Desktop\Learn\llm_eval\test\mbpp_train\629\629_gen_0.sv,xiaomi/mimo-v2-flash:free,stop,,gen-1766311164-YJ5l4HRKOneT9fvZN1Il
60,human_eval_test,0,520,174,0,C:\Users\durgamaniryudh\Desktop\Learn\llm_eval\test\human_eval_test\60\60_gen_0.sv,xiaomi/mimo-v2-flash:free,stop,,gen-1766311167-qxIdv0UanRBJ95t2RN2P
3751,aapp_competition_test,0,768,4099,0,C:\Users\durgamaniryudh\Desktop\Learn\llm_eval\test\aapp_competition_test\3751\3751_gen_0.sv,xiaomi/mimo-v2-flash:free,stop,,gen-1766311142-K8OdraTBb6LxNAQJw5wN
3435,aapp_competition_test,0,828,65536,0,C:\Users\durgamaniryudh\Desktop\Learn\llm_eval\test\aapp_competition_test\3435\3435_gen_0.sv,xiaomi/mimo-v2-flash:free,length,,gen-1766310491-E81Bq9YqtYeMtzueCFmo
20,human_eval_test,0,749,1889,0,C:\Users\durgamaniryudh\Desktop\Learn\llm_eval\test\human_eval_test\20\20_gen_0.sv,xiaomi/mimo-v2-flash:free,stop,,gen-1766311170-PydlOOPh4ppJD0yVKgjF
3220,aapp_competition_test,0,1860,2195,0,C:\Users\durgamaniryudh\Desktop\Learn\llm_eval\test\aapp_competition_test\3220\3220_gen_0.sv,xiaomi/mimo-v2-flash:free,stop,,gen-1766311190-vjfCTT8vLcxOmDEeQcXI
3215,aapp_competition_test,0,665,25483,0,C:\Users\durgamaniryudh\Desktop\Learn\llm_eval\test\aapp_competition_test\3215\3215_gen_0.sv,xiaomi/mimo-v2-flash:free,stop,,gen-1766311010-m0QfH9jzZN1mV64K9VWQ
32,human_eval_test,0,853,10183,0,C:\Users\durgamaniryudh\Desktop\Learn\llm_eval\test\human_eval_test\32\32_gen_0.sv,xiaomi/mimo-v2-flash:free,stop,,gen-1766311125-Zs4gQ4AuLe9nPkIhb7N1
626,mbpp_train,0,621,126,0,C:\Users\durgamaniryudh\Desktop\Learn\llm_eval\test\mbpp_train\626\626_gen_0.sv,xiaomi/mimo-v2-flash:free,stop,,gen-1766311252-jr4bjp59JY5XUz2oDFez
17,mbpp_test,0,687,89,0,C:\Users\durgamaniryudh\Desktop\Learn\llm_eval\test\mbpp_test\17\17_gen_0.sv,xiaomi/mimo-v2-flash:free,stop,,gen-1766311266-BkErUqWqdbVfIH8gF47b
152,human_eval_test,0,488,384,0,C:\Users\durgamaniryudh\Desktop\Learn\llm_eval\test\human_eval_test\152\152_gen_0.sv,xiaomi/mimo-v2-flash:free,stop,,gen-1766311263-dE82W5rBuXZjWZaLd8t0
3997,aapp_competition_test,0,1446,15054,0,C:\Users\durgamaniryudh\Desktop\Learn\llm_eval\test\aapp_competition_test\3997\3997_gen_0.sv,xiaomi/mimo-v2-flash:free,stop,,gen-1766311152-YIM9TLUOfdZ9PoLtBpWO
3218,aapp_competition_test,0,957,13037,0,C:\Users\durgamaniryudh\Desktop\Learn\llm_eval\test\aapp_competition_test\3218\3218_gen_0.sv,xiaomi/mimo-v2-flash:free,stop,,gen-1766311135-fLUF1dupcoEGGiLQpXky
3222,aapp_competition_test,0,994,3670,0,C:\Users\durgamaniryudh\Desktop\Learn\llm_eval\test\aapp_competition_test\3222\3222_gen_0.sv,xiaomi/mimo-v2-flash:free,stop,,gen-1766311272-fdlGgTuRY6HB3pn6sOFL
637,mbpp_train,0,403,65,0,C:\Users\durgamaniryudh\Desktop\Learn\llm_eval\test\mbpp_train\637\637_gen_0.sv,xiaomi/mimo-v2-flash:free,stop,,gen-1766311307-xXxLVnQsoeCyqcXPH7PK
61,human_eval_test,0,592,1839,0,C:\Users\durgamaniryudh\Desktop\Learn\llm_eval\test\human_eval_test\61\61_gen_0.sv,xiaomi/mimo-v2-flash:free,stop,,gen-1766311300-zu0rBAv71WpVo3WOzNFm
3757,aapp_competition_test,0,950,3133,0,C:\Users\durgamaniryudh\Desktop\Learn\llm_eval\test\aapp_competition_test\3757\3757_gen_0.sv,xiaomi/mimo-v2-flash:free,stop,,gen-1766311292-idPcAqfSIAySso1OkCbb
3753,aapp_competition_test,0,847,12802,0,C:\Users\durgamaniryudh\Desktop\Learn\llm_eval\test\aapp_competition_test\3753\3753_gen_0.sv,xiaomi/mimo-v2-flash:free,stop,,gen-1766311211-uh7luWG6uxjmxo932Ipf
3112,aapp_competition_test,0,861,16498,0,C:\Users\durgamaniryudh\Desktop\Learn\llm_eval\test\aapp_competition_test\3112\3112_gen_0.sv,xiaomi/mimo-v2-flash:free,stop,,gen-1766311189-J8oZdICcapgQoxj4gLL3
3223,aapp_competition_test,0,2020,2178,0,C:\Users\durgamaniryudh\Desktop\Learn\llm_eval\test\aapp_competition_test\3223\3223_gen_0.sv,xiaomi/mimo-v2-flash:free,stop,,gen-1766311320-6shbyhhAu4jX8PcOAkIO
14,mbpp_test,0,636,157,0,C:\Users\durgamaniryudh\Desktop\Learn\llm_eval\test\mbpp_test\14\14_gen_0.sv,xiaomi/mimo-v2-flash:free,stop,,gen-1766311342-euMktPHzoV08cFafJCgo
3105,aapp_competition_test,0,681,10930,0,C:\Users\durgamaniryudh\Desktop\Learn\llm_eval\test\aapp_competition_test\3105\3105_gen_0.sv,xiaomi/mimo-v2-flash:free,stop,,gen-1766311270-hytQKb5w9ISYILq8PNg0
627,mbpp_train,0,773,1133,0,C:\Users\durgamaniryudh\Desktop\Learn\llm_eval\test\mbpp_train\627\627_gen_0.sv,xiaomi/mimo-v2-flash:free,stop,,gen-1766311345-hsXNMC8qhdk4maYDkFSe
632,mbpp_train,0,617,713,0,C:\Users\durgamaniryudh\Desktop\Learn\llm_eval\test\mbpp_train\632\632_gen_0.sv,xiaomi/mimo-v2-flash:free,stop,,gen-1766311353-FhcbHul3Qvy7r2HFTJEk
21,human_eval_test,0,744,1300,0,C:\Users\durgamaniryudh\Desktop\Learn\llm_eval\test\human_eval_test\21\21_gen_0.sv,xiaomi/mimo-v2-flash:free,stop,,gen-1766311356-sl9FVQyK04x0WDYoo0JK
7,human_eval_test,0,754,2441,0,C:\Users\durgamaniryudh\Desktop\Learn\llm_eval\test\human_eval_test\7\7_gen_0.sv,xiaomi/mimo-v2-flash:free,stop,,gen-1766311339-DuAzaBHtHg0v97moQ90K
3102,aapp_competition_test,0,1270,2793,0,C:\Users\durgamaniryudh\Desktop\Learn\llm_eval\test\aapp_competition_test\3102\3102_gen_0.sv,xiaomi/mimo-v2-flash:free,stop,,gen-1766311360-WR7n0RfBnOIqfUtdgvX3
8,human_eval_test,0,559,824,0,C:\Users\durgamaniryudh\Desktop\Learn\llm_eval\test\human_eval_test\8\8_gen_0.sv,xiaomi/mimo-v2-flash:free,stop,,gen-1766311384-JnJnkLe7iU6CE3JGtwlK
99,human_eval_test,0,1156,9081,0,C:\Users\durgamaniryudh\Desktop\Learn\llm_eval\test\human_eval_test\99\99_gen_0.sv,xiaomi/mimo-v2-flash:free,stop,,gen-1766311309-op27ZpXXjUOXJicRunxj
3103,aapp_competition_test,0,1117,23737,0,C:\Users\durgamaniryudh\Desktop\Learn\llm_eval\test\aapp_competition_test\3103\3103_gen_0.sv,xiaomi/mimo-v2-flash:free,stop,,gen-1766311050-czOx6Q6xwKpb4YbWr9er
633,mbpp_train,0,641,1113,0,C:\Users\durgamaniryudh\Desktop\Learn\llm_eval\test\mbpp_train\633\633_gen_0.sv,xiaomi/mimo-v2-flash:free,stop,,gen-1766311400-JyZhQIv4pUip1c6WRbo0
3110,aapp_competition_test,0,827,8991,0,C:\Users\durgamaniryudh\Desktop\Learn\llm_eval\test\aapp_competition_test\3110\3110_gen_0.sv,xiaomi/mimo-v2-flash:free,stop,,gen-1766311317-ZBKZaowpIKv2neVaCIDR
16,mbpp_test,0,612,1791,0,C:\Users\durgamaniryudh\Desktop\Learn\llm_eval\test\mbpp_test\16\16_gen_0.sv,xiaomi/mimo-v2-flash:free,stop,,gen-1766311392-U7M7gzlBDlXjJr5yMgXO
3760,aapp_competition_test,0,1419,3567,0,C:\Users\durgamaniryudh\Desktop\Learn\llm_eval\test\aapp_competition_test\3760\3760_gen_0.sv,xiaomi/mimo-v2-flash:free,stop,,gen-1766311369-0ViPRpIFG6WiIWQx6bqM
3759,aapp_competition_test,0,3090,495,0,C:\Users\durgamaniryudh\Desktop\Learn\llm_eval\test\aapp_competition_test\3759\3759_gen_0.sv,xiaomi/mimo-v2-flash:free,stop,,gen-1766311415-bMZGnS09CsukFtQGirW1
47,human_eval_test,0,922,4111,0,C:\Users\durgamaniryudh\Desktop\Learn\llm_eval\test\human_eval_test\47\47_gen_0.sv,xiaomi/mimo-v2-flash:free,stop,,gen-1766311406-Mk3K4AI5X9G5sBFYO9s2
57,mbpp_test,0,616,3498,0,C:\Users\durgamaniryudh\Desktop\Learn\llm_eval\test\mbpp_test\57\57_gen_0.sv,xiaomi/mimo-v2-flash:free,stop,,gen-1766311421-WiAV4kMNdrAvyNZi2ZqU
631,mbpp_train,0,606,326,0,C:\Users\durgamaniryudh\Desktop\Learn\llm_eval\test\mbpp_train\631\631_gen_0.sv,xiaomi/mimo-v2-flash:free,stop,,gen-1766311440-BlKGWCh2XDzsvI5ZcAGf
33,human_eval_test,0,776,1308,0,C:\Users\durgamaniryudh\Desktop\Learn\llm_eval\test\human_eval_test\33\33_gen_0.sv,xiaomi/mimo-v2-flash:free,stop,,gen-1766311445-psdiMZdZ8XFFpLbIIksh
3228,aapp_competition_test,0,849,1509,0,C:\Users\durgamaniryudh\Desktop\Learn\llm_eval\test\aapp_competition_test\3228\3228_gen_0.sv,xiaomi/mimo-v2-flash:free,stop,,gen-1766311462-2YVXeDMmVp7cmpClW66c
3226,aapp_competition_test,0,1022,8917,0,C:\Users\durgamaniryudh\Desktop\Learn\llm_eval\test\aapp_competition_test\3226\3226_gen_0.sv,xiaomi/mimo-v2-flash:free,stop,,gen-1766311411-pBL0rsIcYwxBpN7KnNhs
3224,aapp_competition_test,0,686,12877,0,C:\Users\durgamaniryudh\Desktop\Learn\llm_eval\test\aapp_competition_test\3224\3224_gen_0.sv,xiaomi/mimo-v2-flash:free,stop,,gen-1766311369-5IiTjpuiRrVTwUzPPjto
100,human_eval_test,0,987,669,0,C:\Users\durgamaniryudh\Desktop\Learn\llm_eval\test\human_eval_test\100\100_gen_0.sv,xiaomi/mimo-v2-flash:free,stop,,gen-1766311489-c7uhpzToMq2D34exLcWw
630,mbpp_train,0,652,408,0,C:\Users\durgamaniryudh\Desktop\Learn\llm_eval\test\mbpp_train\630\630_gen_0.sv,xiaomi/mimo-v2-flash:free,stop,,gen-1766311503-PidLxmKFnBeEf8h00w4J
3114,aapp_competition_test,0,766,13350,0,C:\Users\durgamaniryudh\Desktop\Learn\llm_eval\test\aapp_competition_test\3114\3114_gen_0.sv,xiaomi/mimo-v2-flash:free,stop,,gen-1766311410-5xSw4DxvPkfaL4QVNcwq
3434,aapp_competition_test,0,679,65536,0,C:\Users\durgamaniryudh\Desktop\Learn\llm_eval\test\aapp_competition_test\3434\3434_gen_0.sv,xiaomi/mimo-v2-flash:free,length,,gen-1766310476-LdNzD1HE93ITQjMLIKGt
3227,aapp_competition_test,0,2227,3067,0,C:\Users\durgamaniryudh\Desktop\Learn\llm_eval\test\aapp_competition_test\3227\3227_gen_0.sv,xiaomi/mimo-v2-flash:free,stop,,gen-1766311581-kOltWX76PYURWTwbZvnV
113,human_eval_test,0,961,20379,0,C:\Users\durgamaniryudh\Desktop\Learn\llm_eval\test\human_eval_test\113\113_gen_0.sv,xiaomi/mimo-v2-flash:free,stop,,gen-1766311421-BKvMvHo8QRs1PZLbdkm4
75,human_eval_test,0,836,568,0,C:\Users\durgamaniryudh\Desktop\Learn\llm_eval\test\human_eval_test\75\75_gen_0.sv,xiaomi/mimo-v2-flash:free,stop,,gen-1766311615-QixZVJwdZURL3G9RO5NQ
3116,aapp_competition_test,0,790,13452,0,C:\Users\durgamaniryudh\Desktop\Learn\llm_eval\test\aapp_competition_test\3116\3116_gen_0.sv,xiaomi/mimo-v2-flash:free,stop,,gen-1766311450-GhW9SpoXCfUTwGoTMWsf
12,mbpp_test,0,681,823,0,C:\Users\durgamaniryudh\Desktop\Learn\llm_eval\test\mbpp_test\12\12_gen_0.sv,xiaomi/mimo-v2-flash:free,stop,,gen-1766311621-jMxPMdrILLbS9heeNIzQ
3117,aapp_competition_test,0,856,13926,0,C:\Users\durgamaniryudh\Desktop\Learn\llm_eval\test\aapp_competition_test\3117\3117_gen_0.sv,xiaomi/mimo-v2-flash:free,stop,,gen-1766311507-RXSnL3ViZ9buQTnlw0Fa
638,mbpp_train,0,828,3803,0,C:\Users\durgamaniryudh\Desktop\Learn\llm_eval\test\mbpp_train\638\638_gen_0.sv,xiaomi/mimo-v2-flash:free,stop,,gen-1766311626-Ulw2DGwqbNwesOO8FEll
3113,aapp_competition_test,0,1505,4481,0,C:\Users\durgamaniryudh\Desktop\Learn\llm_eval\test\aapp_competition_test\3113\3113_gen_0.sv,xiaomi/mimo-v2-flash:free,stop,,gen-1766311632-YxIwma8n7EJS9r2K1ZGR
139,human_eval_test,0,922,4194,0,C:\Users\durgamaniryudh\Desktop\Learn\llm_eval\test\human_eval_test\139\139_gen_0.sv,xiaomi/mimo-v2-flash:free,stop,,gen-1766311607-QPQJKf7hpbH2PjN3qDNG
127,human_eval_test,0,775,445,0,C:\Users\durgamaniryudh\Desktop\Learn\llm_eval\test\human_eval_test\127\127_gen_0.sv,xiaomi/mimo-v2-flash:free,stop,,gen-1766311667-4cI3IMUcVc2sUYYFKi4v
59,mbpp_test,0,523,221,0,C:\Users\durgamaniryudh\Desktop\Learn\llm_eval\test\mbpp_test\59\59_gen_0.sv,xiaomi/mimo-v2-flash:free,stop,,gen-1766311672-IHz9h32j4lf0qMUKOEDX
635,mbpp_train,0,646,1820,0,C:\Users\durgamaniryudh\Desktop\Learn\llm_eval\test\mbpp_train\635\635_gen_0.sv,xiaomi/mimo-v2-flash:free,stop,,gen-1766311675-bioH1OZbgCBLowfDBhSa
3762,aapp_competition_test,0,628,19148,0,C:\Users\durgamaniryudh\Desktop\Learn\llm_eval\test\aapp_competition_test\3762\3762_gen_0.sv,xiaomi/mimo-v2-flash:free,stop,,gen-1766311478-CJenMatbVnaxHKvhSwX1
140,human_eval_test,0,642,1393,0,C:\Users\durgamaniryudh\Desktop\Learn\llm_eval\test\human_eval_test\140\140_gen_0.sv,xiaomi/mimo-v2-flash:free,stop,,gen-1766311666-REExCZnW9czsDb5GvKwb
11,mbpp_test,0,837,21758,0,C:\Users\durgamaniryudh\Desktop\Learn\llm_eval\test\mbpp_test\11\11_gen_0.sv,xiaomi/mimo-v2-flash:free,stop,,gen-1766311494-FFkXXuexa4rUfsKiJwQN
3766,aapp_competition_test,0,716,5667,0,C:\Users\durgamaniryudh\Desktop\Learn\llm_eval\test\aapp_competition_test\3766\3766_gen_0.sv,xiaomi/mimo-v2-flash:free,stop,,gen-1766311659-1z4e6r450neIQDiENKpv
87,human_eval_test,0,791,2335,0,C:\Users\durgamaniryudh\Desktop\Learn\llm_eval\test\human_eval_test\87\87_gen_0.sv,xiaomi/mimo-v2-flash:free,stop,,gen-1766311710-GsEPcEFCTBfyPpVOZf20
3763,aapp_competition_test,0,1011,12365,0,C:\Users\durgamaniryudh\Desktop\Learn\llm_eval\test\aapp_competition_test\3763\3763_gen_0.sv,xiaomi/mimo-v2-flash:free,stop,,gen-1766311594-bFnWwE9CfY7gYrc691fn
22,human_eval_test,0,582,1777,0,C:\Users\durgamaniryudh\Desktop\Learn\llm_eval\test\human_eval_test\22\22_gen_0.sv,xiaomi/mimo-v2-flash:free,stop,,gen-1766311727-mmSU0gx6T8juZqasbW2e
56,mbpp_test,0,842,1222,0,C:\Users\durgamaniryudh\Desktop\Learn\llm_eval\test\mbpp_test\56\56_gen_0.sv,xiaomi/mimo-v2-flash:free,stop,,gen-1766311730-2gH2X6oxulCIbSRUPuxS
19,mbpp_test,0,1632,988,0,C:\Users\durgamaniryudh\Desktop\Learn\llm_eval\test\mbpp_test\19\19_gen_0.sv,xiaomi/mimo-v2-flash:free,stop,,gen-1766311729-1H5BLC8QjFkDO3XWlQhX
628,mbpp_train,0,1158,1242,0,C:\Users\durgamaniryudh\Desktop\Learn\llm_eval\test\mbpp_train\628\628_gen_0.sv,xiaomi/mimo-v2-flash:free,stop,,gen-1766311741-6JybEEXiUGI5OpwjktiW
3764,aapp_competition_test,0,1247,5052,0,C:\Users\durgamaniryudh\Desktop\Learn\llm_eval\test\aapp_competition_test\3764\3764_gen_0.sv,xiaomi/mimo-v2-flash:free,stop,,gen-1766311696-LRAgRKj7KMQFsDUKNweE
3234,aapp_competition_test,0,641,1349,0,C:\Users\durgamaniryudh\Desktop\Learn\llm_eval\test\aapp_competition_test\3234\3234_gen_0.sv,xiaomi/mimo-v2-flash:free,stop,,gen-1766311742-1O6u8kPOWt4BGPtWystX
3756,aapp_competition_test,0,1027,47208,0,C:\Users\durgamaniryudh\Desktop\Learn\llm_eval\test\aapp_competition_test\3756\3756_gen_0.sv,xiaomi/mimo-v2-flash:free,stop,,gen-1766311325-Pez1gw4U2SliJaez8aAP
58,mbpp_test,0,539,80,0,C:\Users\durgamaniryudh\Desktop\Learn\llm_eval\test\mbpp_test\58\58_gen_0.sv,xiaomi/mimo-v2-flash:free,stop,,gen-1766311757-7hSUa0aY70Fc9nfJXQvf
3765,aapp_competition_test,0,1648,1395,0,C:\Users\durgamaniryudh\Desktop\Learn\llm_eval\test\aapp_competition_test\3765\3765_gen_0.sv,xiaomi/mimo-v2-flash:free,stop,,gen-1766311750-MYtFqoGI7OY4vNHiRIUj
74,human_eval_test,0,1031,512,0,C:\Users\durgamaniryudh\Desktop\Learn\llm_eval\test\human_eval_test\74\74_gen_0.sv,xiaomi/mimo-v2-flash:free,stop,,gen-1766311754-f4hk5PTWVTm3UfE6BPco
3774,aapp_competition_test,0,747,980,0,C:\Users\durgamaniryudh\Desktop\Learn\llm_eval\test\aapp_competition_test\3774\3774_gen_0.sv,xiaomi/mimo-v2-flash:free,stop,,gen-1766311763-bM9P2a2kB5MM8AFwPMGi
3232,aapp_competition_test,0,681,13965,0,C:\Users\durgamaniryudh\Desktop\Learn\llm_eval\test\aapp_competition_test\3232\3232_gen_0.sv,xiaomi/mimo-v2-flash:free,stop,,gen-1766311649-yFZy7Nw4x6XAXnXNlwdV
86,human_eval_test,0,988,3682,0,C:\Users\durgamaniryudh\Desktop\Learn\llm_eval\test\human_eval_test\86\86_gen_0.sv,xiaomi/mimo-v2-flash:free,stop,,gen-1766311751-83S3nWh2mrd1kY8z6CVu
641,mbpp_train,0,533,261,0,C:\Users\durgamaniryudh\Desktop\Learn\llm_eval\test\mbpp_train\641\641_gen_0.sv,xiaomi/mimo-v2-flash:free,stop,,gen-1766311788-ZVBLAGFtpUxPLuAHH3E2
48,human_eval_test,0,859,668,0,C:\Users\durgamaniryudh\Desktop\Learn\llm_eval\test\human_eval_test\48\48_gen_0.sv,xiaomi/mimo-v2-flash:free,stop,,gen-1766311791-x8Bs8i4eXR0gNBLBtJNr
88,human_eval_test,0,654,3084,0,C:\Users\durgamaniryudh\Desktop\Learn\llm_eval\test\human_eval_test\88\88_gen_0.sv,xiaomi/mimo-v2-flash:free,stop,,gen-1766311774-12A7TT33yI6JL5tN0CKi
3237,aapp_competition_test,0,761,3587,0,C:\Users\durgamaniryudh\Desktop\Learn\llm_eval\test\aapp_competition_test\3237\3237_gen_0.sv,xiaomi/mimo-v2-flash:free,stop,,gen-1766311761-eBhOWYz4aXfPL8MBTMEz
101,human_eval_test,0,617,5552,0,C:\Users\durgamaniryudh\Desktop\Learn\llm_eval\test\human_eval_test\101\101_gen_0.sv,xiaomi/mimo-v2-flash:free,stop,,gen-1766311784-fryMbMkcTi5hqvm1TuAM
3231,aapp_competition_test,0,1608,17995,0,C:\Users\durgamaniryudh\Desktop\Learn\llm_eval\test\aapp_competition_test\3231\3231_gen_0.sv,xiaomi/mimo-v2-flash:free,stop,,gen-1766311691-KeXbnn4nWPKqXTHbgMrL
18,mbpp_test,0,969,6521,0,C:\Users\durgamaniryudh\Desktop\Learn\llm_eval\test\mbpp_test\18\18_gen_0.sv,xiaomi/mimo-v2-flash:free,stop,,gen-1766311797-xS6YRCVpUFaLTYOndLYX
35,human_eval_test,0,546,654,0,C:\Users\durgamaniryudh\Desktop\Learn\llm_eval\test\human_eval_test\35\35_gen_0.sv,xiaomi/mimo-v2-flash:free,stop,,gen-1766311850-kGzoVcc4N5Rjsqq2GGWT
3772,aapp_competition_test,0,671,1457,0,C:\Users\durgamaniryudh\Desktop\Learn\llm_eval\test\aapp_competition_test\3772\3772_gen_0.sv,xiaomi/mimo-v2-flash:free,stop,,gen-1766311841-A921JpNFNuLlBmJmN5ej
643,mbpp_train,0,719,605,0,C:\Users\durgamaniryudh\Desktop\Learn\llm_eval\test\mbpp_train\643\643_gen_0.sv,xiaomi/mimo-v2-flash:free,stop,,gen-1766311855-ijCc3SQASXxYik9tbMQX
128,human_eval_test,0,856,1102,0,C:\Users\durgamaniryudh\Desktop\Learn\llm_eval\test\human_eval_test\128\128_gen_0.sv,xiaomi/mimo-v2-flash:free,stop,,gen-1766311856-LDAnQOj6673pp3hHnnaD
3235,aapp_competition_test,0,1143,5029,0,C:\Users\durgamaniryudh\Desktop\Learn\llm_eval\test\aapp_competition_test\3235\3235_gen_0.sv,xiaomi/mimo-v2-flash:free,stop,,gen-1766311812-gyOTwBxI9sXiwjxxuogP
3122,aapp_competition_test,0,1251,2076,0,C:\Users\durgamaniryudh\Desktop\Learn\llm_eval\test\aapp_competition_test\3122\3122_gen_0.sv,xiaomi/mimo-v2-flash:free,stop,,gen-1766311857-LakZbRFut51JJrOxEcbA
20,mbpp_test,0,1040,187,0,C:\Users\durgamaniryudh\Desktop\Learn\llm_eval\test\mbpp_test\20\20_gen_0.sv,xiaomi/mimo-v2-flash:free,stop,,gen-1766311874-lMk3HD7klr9RJO56QNLn
34,human_eval_test,0,782,1735,0,C:\Users\durgamaniryudh\Desktop\Learn\llm_eval\test\human_eval_test\34\34_gen_0.sv,xiaomi/mimo-v2-flash:free,stop,,gen-1766311868-dcsIl2yWvkmVMK49hsgO
3769,aapp_competition_test,0,1073,2092,0,C:\Users\durgamaniryudh\Desktop\Learn\llm_eval\test\aapp_competition_test\3769\3769_gen_0.sv,xiaomi/mimo-v2-flash:free,stop,,gen-1766311866-aBmpETm8eUOfJsf7JW3H
62,mbpp_test,0,446,358,0,C:\Users\durgamaniryudh\Desktop\Learn\llm_eval\test\mbpp_test\62\62_gen_0.sv,xiaomi/mimo-v2-flash:free,stop,,gen-1766311885-4CiY5TCofHLKQyVJzK2d
3221,aapp_competition_test,0,1242,3079,0,C:\Users\durgamaniryudh\Desktop\Learn\llm_eval\test\aapp_competition_test\3221\3221_gen_0.sv,xiaomi/mimo-v2-flash:free,stop,,gen-1766311861-L7YjZkmM0xFVeybgR7ip
3120,aapp_competition_test,0,722,16058,0,C:\Users\durgamaniryudh\Desktop\Learn\llm_eval\test\aapp_competition_test\3120\3120_gen_0.sv,xiaomi/mimo-v2-flash:free,stop,,gen-1766311759-PuV4Cu380pgYUwyG6C1U
639,mbpp_train,0,860,1754,0,C:\Users\durgamaniryudh\Desktop\Learn\llm_eval\test\mbpp_train\639\639_gen_0.sv,xiaomi/mimo-v2-flash:free,stop,,gen-1766311881-JlgYpfxJowKG5D1waL1z
62,human_eval_test,0,821,230,0,C:\Users\durgamaniryudh\Desktop\Learn\llm_eval\test\human_eval_test\62\62_gen_0.sv,xiaomi/mimo-v2-flash:free,stop,,gen-1766311903-gWkTTwk6Mbhx2sFwZP9e
3233,aapp_competition_test,0,802,1329,0,C:\Users\durgamaniryudh\Desktop\Learn\llm_eval\test\aapp_competition_test\3233\3233_gen_0.sv,xiaomi/mimo-v2-flash:free,stop,,gen-1766311894-wRmoHNdzX5hIxLdJ6etP
723,mbpp_train,0,528,209,0,C:\Users\durgamaniryudh\Desktop\Learn\llm_eval\test\mbpp_train\723\723_gen_0.sv,xiaomi/mimo-v2-flash:free,stop,,gen-1766311906-vM4cLYYC1fhHurRzlyIu
66,mbpp_test,0,562,123,0,C:\Users\durgamaniryudh\Desktop\Learn\llm_eval\test\mbpp_test\66\66_gen_0.sv,xiaomi/mimo-v2-flash:free,stop,,gen-1766311910-QZX9VdTJ8ysC8dJL0l1O
3118,aapp_competition_test,0,1353,24860,0,C:\Users\durgamaniryudh\Desktop\Learn\llm_eval\test\aapp_competition_test\3118\3118_gen_0.sv,xiaomi/mimo-v2-flash:free,stop,,gen-1766311691-20f9ZDnc1WUXSXiqMQjN
3126,aapp_competition_test,0,734,1479,0,C:\Users\durgamaniryudh\Desktop\Learn\llm_eval\test\aapp_competition_test\3126\3126_gen_0.sv,xiaomi/mimo-v2-flash:free,stop,,gen-1766311913-JsonweICTi4opDBi9NBC
49,human_eval_test,0,547,3195,0,C:\Users\durgamaniryudh\Desktop\Learn\llm_eval\test\human_eval_test\49\49_gen_0.sv,xiaomi/mimo-v2-flash:free,stop,,gen-1766311907-ogMrgZQh2brBm9LFovR3
3119,aapp_competition_test,0,831,15630,0,C:\Users\durgamaniryudh\Desktop\Learn\llm_eval\test\aapp_competition_test\3119\3119_gen_0.sv,xiaomi/mimo-v2-flash:free,stop,,gen-1766311742-T3S8PAyehPM00TB0LxCl
141,human_eval_test,0,577,1244,0,C:\Users\durgamaniryudh\Desktop\Learn\llm_eval\test\human_eval_test\141\141_gen_0.sv,xiaomi/mimo-v2-flash:free,stop,,gen-1766311940-mEqygtVN01LDeMGN8g3S
644,mbpp_train,0,735,1100,0,C:\Users\durgamaniryudh\Desktop\Learn\llm_eval\test\mbpp_train\644\644_gen_0.sv,xiaomi/mimo-v2-flash:free,stop,,gen-1766311947-74hSNT1FRfV9KQGxO08P
102,human_eval_test,0,496,281,0,C:\Users\durgamaniryudh\Desktop\Learn\llm_eval\test\human_eval_test\102\102_gen_0.sv,xiaomi/mimo-v2-flash:free,stop,,gen-1766311957-kDhfqEjIJEl3APVN1xmZ
3773,aapp_competition_test,0,627,6265,0,C:\Users\durgamaniryudh\Desktop\Learn\llm_eval\test\aapp_competition_test\3773\3773_gen_0.sv,xiaomi/mimo-v2-flash:free,stop,,gen-1766311903-nxlKCm5UeGBzkWqrVlCG
154,human_eval_test,0,744,11899,0,C:\Users\durgamaniryudh\Desktop\Learn\llm_eval\test\human_eval_test\154\154_gen_0.sv,xiaomi/mimo-v2-flash:free,stop,,gen-1766311882-sQi8C3nl4b5IZjuKH5eV
9,human_eval_test,0,769,978,0,C:\Users\durgamaniryudh\Desktop\Learn\llm_eval\test\human_eval_test\9\9_gen_0.sv,xiaomi/mimo-v2-flash:free,stop,,gen-1766311950-eFisCdaBEFE4AnA7LpGO
3442,aapp_competition_test,0,550,65536,0,C:\Users\durgamaniryudh\Desktop\Learn\llm_eval\test\aapp_competition_test\3442\3442_gen_0.sv,xiaomi/mimo-v2-flash:free,length,,gen-1766310638-mSiKILbtoHjcLVypjJZy
640,mbpp_train,0,876,1138,0,C:\Users\durgamaniryudh\Desktop\Learn\llm_eval\test\mbpp_train\640\640_gen_0.sv,xiaomi/mimo-v2-flash:free,stop,,gen-1766311963-et25X79KsxjBhGVuxENw
3124,aapp_competition_test,0,756,13654,0,C:\Users\durgamaniryudh\Desktop\Learn\llm_eval\test\aapp_competition_test\3124\3124_gen_0.sv,xiaomi/mimo-v2-flash:free,stop,,gen-1766311802-36lTVFzKvOIfTENMvItc
64,mbpp_test,0,735,784,0,C:\Users\durgamaniryudh\Desktop\Learn\llm_eval\test\mbpp_test\64\64_gen_0.sv,xiaomi/mimo-v2-flash:free,stop,,gen-1766311963-dOh90UguGZoQMcUvJq3Q
23,human_eval_test,0,583,1128,0,C:\Users\durgamaniryudh\Desktop\Learn\llm_eval\test\human_eval_test\23\23_gen_0.sv,xiaomi/mimo-v2-flash:free,stop,,gen-1766311973-XJRWYD8MzQFjP162irRl
3128,aapp_competition_test,0,941,1771,0,C:\Users\durgamaniryudh\Desktop\Learn\llm_eval\test\aapp_competition_test\3128\3128_gen_0.sv,xiaomi/mimo-v2-flash:free,stop,,gen-1766311977-g7HZrzEfzJLRpGEbuQxp
3238,aapp_competition_test,0,839,3522,0,C:\Users\durgamaniryudh\Desktop\Learn\llm_eval\test\aapp_competition_test\3238\3238_gen_0.sv,xiaomi/mimo-v2-flash:free,stop,,gen-1766311962-11vj71QQ5I3AMySNyTHw
89,human_eval_test,0,670,528,0,C:\Users\durgamaniryudh\Desktop\Learn\llm_eval\test\human_eval_test\89\89_gen_0.sv,xiaomi/mimo-v2-flash:free,stop,,gen-1766312004-t4dmFjGMTS2YK35D5VQ8
720,mbpp_train,0,964,308,0,C:\Users\durgamaniryudh\Desktop\Learn\llm_eval\test\mbpp_train\720\720_gen_0.sv,xiaomi/mimo-v2-flash:free,stop,,gen-1766312009-yrGeiqRUQqgCiMqbetZ7
67,mbpp_test,0,666,5408,0,C:\Users\durgamaniryudh\Desktop\Learn\llm_eval\test\mbpp_test\67\67_gen_0.sv,xiaomi/mimo-v2-flash:free,stop,,gen-1766311976-PFvNHUnsfkW9RzAkCN3q
142,human_eval_test,0,597,1995,0,C:\Users\durgamaniryudh\Desktop\Learn\llm_eval\test\human_eval_test\142\142_gen_0.sv,xiaomi/mimo-v2-flash:free,stop,,gen-1766312014-tZyhtbuRLQNA7na7JJ9Y
63,mbpp_test,0,608,920,0,C:\Users\durgamaniryudh\Desktop\Learn\llm_eval\test\mbpp_test\63\63_gen_0.sv,xiaomi/mimo-v2-flash:free,stop,,gen-1766312035-LovTwUB8WO59fa5Ev9Fn
155,human_eval_test,0,727,1429,0,C:\Users\durgamaniryudh\Desktop\Learn\llm_eval\test\human_eval_test\155\155_gen_0.sv,xiaomi/mimo-v2-flash:free,stop,,gen-1766312027-EJZZHECRlKedyKXGQTKJ
3778,aapp_competition_test,0,781,6663,0,C:\Users\durgamaniryudh\Desktop\Learn\llm_eval\test\aapp_competition_test\3778\3778_gen_0.sv,xiaomi/mimo-v2-flash:free,stop,,gen-1766311994-spDtd9UQbYHdbfMD1QWO
3132,aapp_competition_test,0,664,2123,0,C:\Users\durgamaniryudh\Desktop\Learn\llm_eval\test\aapp_competition_test\3132\3132_gen_0.sv,xiaomi/mimo-v2-flash:free,stop,,gen-1766312043-IbBaTGHWi3pT1FxzoPOK
3236,aapp_competition_test,0,2516,2229,0,C:\Users\durgamaniryudh\Desktop\Learn\llm_eval\test\aapp_competition_test\3236\3236_gen_0.sv,xiaomi/mimo-v2-flash:free,stop,,gen-1766312045-eSLS07NKoM6lN9888qRD
726,mbpp_train,0,448,114,0,C:\Users\durgamaniryudh\Desktop\Learn\llm_eval\test\mbpp_train\726\726_gen_0.sv,xiaomi/mimo-v2-flash:free,stop,,gen-1766312059-dyNx6rxVkJt3YlhwIzoq
70,mbpp_test,0,570,291,0,C:\Users\durgamaniryudh\Desktop\Learn\llm_eval\test\mbpp_test\70\70_gen_0.sv,xiaomi/mimo-v2-flash:free,stop,,gen-1766312069-qb1y41g7luefNeoeX3JZ
3775,aapp_competition_test,0,919,13199,0,C:\Users\durgamaniryudh\Desktop\Learn\llm_eval\test\aapp_competition_test\3775\3775_gen_0.sv,xiaomi/mimo-v2-flash:free,stop,,gen-1766311962-T2fBZ8p2CGeePGxsho2G
3229,aapp_competition_test,0,961,7144,0,C:\Users\durgamaniryudh\Desktop\Learn\llm_eval\test\aapp_competition_test\3229\3229_gen_0.sv,xiaomi/mimo-v2-flash:free,stop,,gen-1766311987-DvuE2ZpHmYJMqNNjZQrB
76,human_eval_test,0,755,3075,0,C:\Users\durgamaniryudh\Desktop\Learn\llm_eval\test\human_eval_test\76\76_gen_0.sv,xiaomi/mimo-v2-flash:free,stop,,gen-1766312062-hmjCKwHvvoXEXZySic6I
3131,aapp_competition_test,0,858,1773,0,C:\Users\durgamaniryudh\Desktop\Learn\llm_eval\test\aapp_competition_test\3131\3131_gen_0.sv,xiaomi/mimo-v2-flash:free,stop,,gen-1766312073-gmJE11hnt3TqEMVJ0vfz
3240,aapp_competition_test,0,975,16165,0,C:\Users\durgamaniryudh\Desktop\Learn\llm_eval\test\aapp_competition_test\3240\3240_gen_0.sv,xiaomi/mimo-v2-flash:free,stop,,gen-1766311930-P1W44abPtbQhUD2ABPe8
732,mbpp_train,0,582,316,0,C:\Users\durgamaniryudh\Desktop\Learn\llm_eval\test\mbpp_train\732\732_gen_0.sv,xiaomi/mimo-v2-flash:free,stop,,gen-1766312093-DemnxBjPJ941Eij3BHSs
10,human_eval_test,0,987,2023,0,C:\Users\durgamaniryudh\Desktop\Learn\llm_eval\test\human_eval_test\10\10_gen_0.sv,xiaomi/mimo-v2-flash:free,stop,,gen-1766312086-Ln8MTNfCi1D7BWU759wo
24,human_eval_test,0,673,832,0,C:\Users\durgamaniryudh\Desktop\Learn\llm_eval\test\human_eval_test\24\24_gen_0.sv,xiaomi/mimo-v2-flash:free,stop,,gen-1766312094-8rHe4VkVfqkD1V1tONQx
65,mbpp_test,0,782,1348,0,C:\Users\durgamaniryudh\Desktop\Learn\llm_eval\test\mbpp_test\65\65_gen_0.sv,xiaomi/mimo-v2-flash:free,stop,,gen-1766312099-OmQODEy9XOHMVyUMDLIk
3135,aapp_competition_test,0,699,1270,0,C:\Users\durgamaniryudh\Desktop\Learn\llm_eval\test\aapp_competition_test\3135\3135_gen_0.sv,xiaomi/mimo-v2-flash:free,stop,,gen-1766312102-iKvLeRpBzupOX9j1KgiR
64,human_eval_test,0,704,1435,0,C:\Users\durgamaniryudh\Desktop\Learn\llm_eval\test\human_eval_test\64\64_gen_0.sv,xiaomi/mimo-v2-flash:free,stop,,gen-1766312120-lZWdeVJxTmjH1mzwFFGC
3244,aapp_competition_test,0,982,3511,0,C:\Users\durgamaniryudh\Desktop\Learn\llm_eval\test\aapp_competition_test\3244\3244_gen_0.sv,xiaomi/mimo-v2-flash:free,stop,,gen-1766312103-3JFP1MCXgPEUdVQPjfmR
3776,aapp_competition_test,0,2043,1463,0,C:\Users\durgamaniryudh\Desktop\Learn\llm_eval\test\aapp_competition_test\3776\3776_gen_0.sv,xiaomi/mimo-v2-flash:free,stop,,gen-1766312115-dPLgHo4RLPSlD08aKn4C
3779,aapp_competition_test,0,699,9602,0,C:\Users\durgamaniryudh\Desktop\Learn\llm_eval\test\aapp_competition_test\3779\3779_gen_0.sv,xiaomi/mimo-v2-flash:free,stop,,gen-1766312051-A3wWtqNxucxptX3jPoEQ
69,mbpp_test,0,696,504,0,C:\Users\durgamaniryudh\Desktop\Learn\llm_eval\test\mbpp_test\69\69_gen_0.sv,xiaomi/mimo-v2-flash:free,stop,,gen-1766312134-zdrXpBHuQdWymvOOzoJa
3242,aapp_competition_test,0,1105,7618,0,C:\Users\durgamaniryudh\Desktop\Learn\llm_eval\test\aapp_competition_test\3242\3242_gen_0.sv,xiaomi/mimo-v2-flash:free,stop,,gen-1766312077-ArrDkkExPXBHFajr3UAt
721,mbpp_train,0,1190,2593,0,C:\Users\durgamaniryudh\Desktop\Learn\llm_eval\test\mbpp_train\721\721_gen_0.sv,xiaomi/mimo-v2-flash:free,stop,,gen-1766312133-2lL8tvRDvMpqvokFRwlY
77,human_eval_test,0,627,1254,0,C:\Users\durgamaniryudh\Desktop\Learn\llm_eval\test\human_eval_test\77\77_gen_0.sv,xiaomi/mimo-v2-flash:free,stop,,gen-1766312160-LsZUMauTgQQA1ziZ9RQ4
3243,aapp_competition_test,0,926,4259,0,C:\Users\durgamaniryudh\Desktop\Learn\llm_eval\test\aapp_competition_test\3243\3243_gen_0.sv,xiaomi/mimo-v2-flash:free,stop,,gen-1766312141-w6lUGw62fjMWgsOJzyUA
116,human_eval_test,0,705,6344,0,C:\Users\durgamaniryudh\Desktop\Learn\llm_eval\test\human_eval_test\116\116_gen_0.sv,xiaomi/mimo-v2-flash:free,stop,,gen-1766312134-XI4gM7C47C4I6ataV6qP
50,human_eval_test,0,781,471,0,C:\Users\durgamaniryudh\Desktop\Learn\llm_eval\test\human_eval_test\50\50_gen_0.sv,xiaomi/mimo-v2-flash:free,stop,,gen-1766312176-szlV3JUdOoJ9s4aGVWwO
3138,aapp_competition_test,0,575,277,0,C:\Users\durgamaniryudh\Desktop\Learn\llm_eval\test\aapp_competition_test\3138\3138_gen_0.sv,xiaomi/mimo-v2-flash:free,stop,,gen-1766312181-JykLItrhqGS3dlUicWIw
68,mbpp_test,0,727,1458,0,C:\Users\durgamaniryudh\Desktop\Learn\llm_eval\test\mbpp_test\68\68_gen_0.sv,xiaomi/mimo-v2-flash:free,stop,,gen-1766312181-ah2vKfpIrk3jUFzDQQGh
722,mbpp_train,0,976,3175,0,C:\Users\durgamaniryudh\Desktop\Learn\llm_eval\test\mbpp_train\722\722_gen_0.sv,xiaomi/mimo-v2-flash:free,stop,,gen-1766312173-WYngEKjuF04OjgAsoMF7
11,human_eval_test,0,762,172,0,C:\Users\durgamaniryudh\Desktop\Learn\llm_eval\test\human_eval_test\11\11_gen_0.sv,xiaomi/mimo-v2-flash:free,stop,,gen-1766312203-iLMFbkYMo5J84tkPIMS7
3784,aapp_competition_test,0,873,5805,0,C:\Users\durgamaniryudh\Desktop\Learn\llm_eval\test\aapp_competition_test\3784\3784_gen_0.sv,xiaomi/mimo-v2-flash:free,stop,,gen-1766312153-PtusJYLNez4nLZzFhAfb
3245,aapp_competition_test,0,969,4316,0,C:\Users\durgamaniryudh\Desktop\Learn\llm_eval\test\aapp_competition_test\3245\3245_gen_0.sv,xiaomi/mimo-v2-flash:free,stop,,gen-1766312184-QqCAvBuiO0ev1Ch2MM66
72,mbpp_test,0,509,171,0,C:\Users\durgamaniryudh\Desktop\Learn\llm_eval\test\mbpp_test\72\72_gen_0.sv,xiaomi/mimo-v2-flash:free,stop,,gen-1766312228-xt4jjXSgkEWpqjF2qHGp
103,human_eval_test,0,806,1017,0,C:\Users\durgamaniryudh\Desktop\Learn\llm_eval\test\human_eval_test\103\103_gen_0.sv,xiaomi/mimo-v2-flash:free,stop,,gen-1766312227-SNWoHSKoXqYwOnQhTxnN
3137,aapp_competition_test,0,791,2187,0,C:\Users\durgamaniryudh\Desktop\Learn\llm_eval\test\aapp_competition_test\3137\3137_gen_0.sv,xiaomi/mimo-v2-flash:free,stop,,gen-1766312235-s9RUzAV2SXBa2PfAnnlQ
3780,aapp_competition_test,0,1064,18712,0,C:\Users\durgamaniryudh\Desktop\Learn\llm_eval\test\aapp_competition_test\3780\3780_gen_0.sv,xiaomi/mimo-v2-flash:free,stop,,gen-1766312081-ZwgISaRbPL5g8Smt9vjU
3786,aapp_competition_test,0,832,1935,0,C:\Users\durgamaniryudh\Desktop\Learn\llm_eval\test\aapp_competition_test\3786\3786_gen_0.sv,xiaomi/mimo-v2-flash:free,stop,,gen-1766312255-cbI1TXYSCwHm1YiUEt9P
36,human_eval_test,0,1997,2177,0,C:\Users\durgamaniryudh\Desktop\Learn\llm_eval\test\human_eval_test\36\36_gen_0.sv,xiaomi/mimo-v2-flash:free,stop,,gen-1766312256-CCLvfTPvKLQE34aj8GFv
3127,aapp_competition_test,0,705,29832,0,C:\Users\durgamaniryudh\Desktop\Learn\llm_eval\test\aapp_competition_test\3127\3127_gen_0.sv,xiaomi/mimo-v2-flash:free,stop,,gen-1766311960-BycVZj7s9mWpF2LDi6jG
3134,aapp_competition_test,0,651,15361,0,C:\Users\durgamaniryudh\Desktop\Learn\llm_eval\test\aapp_competition_test\3134\3134_gen_0.sv,xiaomi/mimo-v2-flash:free,stop,,gen-1766312139-ARKgP1mCmA6Ser3KVOG9
728,mbpp_train,0,594,314,0,C:\Users\durgamaniryudh\Desktop\Learn\llm_eval\test\mbpp_train\728\728_gen_0.sv,xiaomi/mimo-v2-flash:free,stop,,gen-1766312274-k9ur588mSI83skUuTMbO
3788,aapp_competition_test,0,894,1856,0,C:\Users\durgamaniryudh\Desktop\Learn\llm_eval\test\aapp_competition_test\3788\3788_gen_0.sv,xiaomi/mimo-v2-flash:free,stop,,gen-1766312283-hVPWnU3bdz1lPWPqb3Hk
63,human_eval_test,0,748,1719,0,C:\Users\durgamaniryudh\Desktop\Learn\llm_eval\test\human_eval_test\63\63_gen_0.sv,xiaomi/mimo-v2-flash:free,stop,,gen-1766312300-x42s7zzElFjLUi8LTRJP
80,mbpp_test,0,572,399,0,C:\Users\durgamaniryudh\Desktop\Learn\llm_eval\test\mbpp_test\80\80_gen_0.sv,xiaomi/mimo-v2-flash:free,stop,,gen-1766312315-Gq7gy2X7UCFCQfN5V5w3
725,mbpp_train,0,949,2863,0,C:\Users\durgamaniryudh\Desktop\Learn\llm_eval\test\mbpp_train\725\725_gen_0.sv,xiaomi/mimo-v2-flash:free,stop,,gen-1766312320-Xug8ziCYQc4IuXkVP3Qd
3142,aapp_competition_test,0,697,450,0,C:\Users\durgamaniryudh\Desktop\Learn\llm_eval\test\aapp_competition_test\3142\3142_gen_0.sv,xiaomi/mimo-v2-flash:free,stop,,gen-1766312277-402nfTm6ZOukr4Cg9E4m
3783,aapp_competition_test,0,767,14184,0,C:\Users\durgamaniryudh\Desktop\Learn\llm_eval\test\aapp_competition_test\3783\3783_gen_0.sv,xiaomi/mimo-v2-flash:free,stop,,gen-1766312195-aM4OzlrzDHqZNjvhwvpN
3770,aapp_competition_test,0,1123,37761,0,C:\Users\durgamaniryudh\Desktop\Learn\llm_eval\test\aapp_competition_test\3770\3770_gen_0.sv,xiaomi/mimo-v2-flash:free,stop,,gen-1766311931-rrrzJhrUiG9lXpvR4PJW
51,human_eval_test,0,732,2116,0,C:\Users\durgamaniryudh\Desktop\Learn\llm_eval\test\human_eval_test\51\51_gen_0.sv,xiaomi/mimo-v2-flash:free,stop,,gen-1766312274-ifNVBORXsk8Qs1DJ6ybR
3250,aapp_competition_test,0,543,864,0,C:\Users\durgamaniryudh\Desktop\Learn\llm_eval\test\aapp_competition_test\3250\3250_gen_0.sv,xiaomi/mimo-v2-flash:free,stop,,gen-1766312364-LCKpHXpPj4L542V950GL
3125,aapp_competition_test,0,677,65536,0,C:\Users\durgamaniryudh\Desktop\Learn\llm_eval\test\aapp_competition_test\3125\3125_gen_0.sv,xiaomi/mimo-v2-flash:free,length,,gen-1766311889-U8vDUigIkS5oBDuy87oR
37,human_eval_test,0,700,1427,0,C:\Users\durgamaniryudh\Desktop\Learn\llm_eval\test\human_eval_test\37\37_gen_0.sv,xiaomi/mimo-v2-flash:free,stop,,gen-1766312376-V6XPLli2wAR2dhzvzKqJ
735,mbpp_train,0,569,252,0,C:\Users\durgamaniryudh\Desktop\Learn\llm_eval\test\mbpp_train\735\735_gen_0.sv,xiaomi/mimo-v2-flash:free,stop,,gen-1766312387-tGM3RQ6dMp0SAmI0NTiu
79,mbpp_test,0,939,825,0,C:\Users\durgamaniryudh\Desktop\Learn\llm_eval\test\mbpp_test\79\79_gen_0.sv,xiaomi/mimo-v2-flash:free,stop,,gen-1766312389-tgflCpcuYbrH8yvOdVOw
77,mbpp_test,0,614,8001,0,C:\Users\durgamaniryudh\Desktop\Learn\llm_eval\test\mbpp_test\77\77_gen_0.sv,xiaomi/mimo-v2-flash:free,stop,,gen-1766312348-KIB5e97oQYcFW324EtxR
3139,aapp_competition_test,0,953,8426,0,C:\Users\durgamaniryudh\Desktop\Learn\llm_eval\test\aapp_competition_test\3139\3139_gen_0.sv,xiaomi/mimo-v2-flash:free,stop,,gen-1766312360-q9E9mxfnHLJwxU6gaD9s
117,human_eval_test,0,932,6238,0,C:\Users\durgamaniryudh\Desktop\Learn\llm_eval\test\human_eval_test\117\117_gen_0.sv,xiaomi/mimo-v2-flash:free,stop,,gen-1766312391-J6BwLl7R2YRbOJYzuYYE
3247,aapp_competition_test,0,799,14498,0,C:\Users\durgamaniryudh\Desktop\Learn\llm_eval\test\aapp_competition_test\3247\3247_gen_0.sv,xiaomi/mimo-v2-flash:free,stop,,gen-1766312241-WWzYagZf7yS6m4enBvZY
730,mbpp_train,0,661,778,0,C:\Users\durgamaniryudh\Desktop\Learn\llm_eval\test\mbpp_train\730\730_gen_0.sv,xiaomi/mimo-v2-flash:free,stop,,gen-1766312449-9hnPAexUxaBe2Kuj3BrZ
75,mbpp_test,0,828,637,0,C:\Users\durgamaniryudh\Desktop\Learn\llm_eval\test\mbpp_test\75\75_gen_0.sv,xiaomi/mimo-v2-flash:free,stop,,gen-1766312455-qlC0T8DBuqPD9N8GXE7I
3246,aapp_competition_test,0,854,21575,0,C:\Users\durgamaniryudh\Desktop\Learn\llm_eval\test\aapp_competition_test\3246\3246_gen_0.sv,xiaomi/mimo-v2-flash:free,stop,,gen-1766312280-wzbclqvInzxQ3B1bEQ5u
3252,aapp_competition_test,0,967,6274,0,C:\Users\durgamaniryudh\Desktop\Learn\llm_eval\test\aapp_competition_test\3252\3252_gen_0.sv,xiaomi/mimo-v2-flash:free,stop,,gen-1766312430-HHbMZeKXTyTmo7rz9pwk
129,human_eval_test,0,773,10519,0,C:\Users\durgamaniryudh\Desktop\Learn\llm_eval\test\human_eval_test\129\129_gen_0.sv,xiaomi/mimo-v2-flash:free,stop,,gen-1766312353-IrrDd7WFU32dmZy3uBpK
156,human_eval_test,0,971,5754,0,C:\Users\durgamaniryudh\Desktop\Learn\llm_eval\test\human_eval_test\156\156_gen_0.sv,xiaomi/mimo-v2-flash:free,stop,,gen-1766312448-qBGjveG3vz0SjfDtZoS8
731,mbpp_train,0,721,33166,0,C:\Users\durgamaniryudh\Desktop\Learn\llm_eval\test\mbpp_train\731\731_gen_0.sv,xiaomi/mimo-v2-flash:free,stop,,gen-1766312206-LgqnVzq6lTSYp59kwqIS
3141,aapp_competition_test,0,758,3659,0,C:\Users\durgamaniryudh\Desktop\Learn\llm_eval\test\aapp_competition_test\3141\3141_gen_0.sv,xiaomi/mimo-v2-flash:free,stop,,gen-1766312465-xUFWfSnpJBebkt8M298o
3248,aapp_competition_test,0,1761,4803,0,C:\Users\durgamaniryudh\Desktop\Learn\llm_eval\test\aapp_competition_test\3248\3248_gen_0.sv,xiaomi/mimo-v2-flash:free,stop,,gen-1766312486-IOQNa8uuX2DXoINsoIcy
130,human_eval_test,0,765,2013,0,C:\Users\durgamaniryudh\Desktop\Learn\llm_eval\test\human_eval_test\130\130_gen_0.sv,xiaomi/mimo-v2-flash:free,stop,,gen-1766312498-yc0CgvOIsPsX1U6PiuIA
25,human_eval_test,0,669,3371,0,C:\Users\durgamaniryudh\Desktop\Learn\llm_eval\test\human_eval_test\25\25_gen_0.sv,xiaomi/mimo-v2-flash:free,stop,,gen-1766312510-u6hwsjLktIfNUtMndAXO
3790,aapp_competition_test,0,765,18669,0,C:\Users\durgamaniryudh\Desktop\Learn\llm_eval\test\aapp_competition_test\3790\3790_gen_0.sv,xiaomi/mimo-v2-flash:free,stop,,gen-1766312366-LzM2YtEgHzY8Zg5dy4hC
3251,aapp_competition_test,0,600,2571,0,C:\Users\durgamaniryudh\Desktop\Learn\llm_eval\test\aapp_competition_test\3251\3251_gen_0.sv,xiaomi/mimo-v2-flash:free,stop,,gen-1766312539-gsD86PlKe9KxYzg6p2he
3792,aapp_competition_test,0,825,1361,0,C:\Users\durgamaniryudh\Desktop\Learn\llm_eval\test\aapp_competition_test\3792\3792_gen_0.sv,xiaomi/mimo-v2-flash:free,stop,,gen-1766312555-gB3uQK55L4xTx0DPZi0C
143,human_eval_test,0,1575,1005,0,C:\Users\durgamaniryudh\Desktop\Learn\llm_eval\test\human_eval_test\143\143_gen_0.sv,xiaomi/mimo-v2-flash:free,stop,,gen-1766312562-8euMJzzY2SJ94dvng86V
739,mbpp_train,0,829,3558,0,C:\Users\durgamaniryudh\Desktop\Learn\llm_eval\test\mbpp_train\739\739_gen_0.sv,xiaomi/mimo-v2-flash:free,stop,,gen-1766312574-7ZIYJwS2W3VlEOa8QJPq
131,human_eval_test,0,670,3132,0,C:\Users\durgamaniryudh\Desktop\Learn\llm_eval\test\human_eval_test\131\131_gen_0.sv,xiaomi/mimo-v2-flash:free,stop,,gen-1766312581-LsXqifurdGBRKlHF605g
3789,aapp_competition_test,0,924,11287,0,C:\Users\durgamaniryudh\Desktop\Learn\llm_eval\test\aapp_competition_test\3789\3789_gen_0.sv,xiaomi/mimo-v2-flash:free,stop,,gen-1766312490-CHSPofVP03YXP8iTumcn
734,mbpp_train,0,649,14502,0,C:\Users\durgamaniryudh\Desktop\Learn\llm_eval\test\mbpp_train\734\734_gen_0.sv,xiaomi/mimo-v2-flash:free,stop,,gen-1766312499-OuxBMAY2qNqhfXyr36AJ
3143,aapp_competition_test,0,885,17199,0,C:\Users\durgamaniryudh\Desktop\Learn\llm_eval\test\aapp_competition_test\3143\3143_gen_0.sv,xiaomi/mimo-v2-flash:free,stop,,gen-1766312400-dSLu8dHFZSYZBXik4xjr
12,human_eval_test,0,749,423,0,C:\Users\durgamaniryudh\Desktop\Learn\llm_eval\test\human_eval_test\12\12_gen_0.sv,xiaomi/mimo-v2-flash:free,stop,,gen-1766312636-PbTYCNgOVB0U9dq3BpaF
3787,aapp_competition_test,0,2415,1263,0,C:\Users\durgamaniryudh\Desktop\Learn\llm_eval\test\aapp_competition_test\3787\3787_gen_0.sv,xiaomi/mimo-v2-flash:free,stop,,gen-1766312635-n0SJccMwUxHCbU7BFnKv
90,human_eval_test,0,714,16202,0,C:\Users\durgamaniryudh\Desktop\Learn\llm_eval\test\human_eval_test\90\90_gen_0.sv,xiaomi/mimo-v2-flash:free,stop,,gen-1766312490-FMRLLQ4iJcS69WGCBgW0
733,mbpp_train,0,894,1331,0,C:\Users\durgamaniryudh\Desktop\Learn\llm_eval\test\mbpp_train\733\733_gen_0.sv,xiaomi/mimo-v2-flash:free,stop,,gen-1766312642-e3miYz9ZnQtJnkU9ZJjv
26,human_eval_test,0,592,564,0,C:\Users\durgamaniryudh\Desktop\Learn\llm_eval\test\human_eval_test\26\26_gen_0.sv,xiaomi/mimo-v2-flash:free,stop,,gen-1766312650-YWw4Tvaxl9Zwse1J1uzT
82,mbpp_test,0,809,873,0,C:\Users\durgamaniryudh\Desktop\Learn\llm_eval\test\mbpp_test\82\82_gen_0.sv,xiaomi/mimo-v2-flash:free,stop,,gen-1766312654-dHnNNnyipVZin4nKLHE0
3147,aapp_competition_test,0,632,3117,0,C:\Users\durgamaniryudh\Desktop\Learn\llm_eval\test\aapp_competition_test\3147\3147_gen_0.sv,xiaomi/mimo-v2-flash:free,stop,,gen-1766312620-9qYsnwwuBYUo5XAr4ujv
3145,aapp_competition_test,0,1120,1177,0,C:\Users\durgamaniryudh\Desktop\Learn\llm_eval\test\aapp_competition_test\3145\3145_gen_0.sv,xiaomi/mimo-v2-flash:free,stop,,gen-1766312658-IQX4SfLFwaHl2XJTcCk4
736,mbpp_train,0,673,752,0,C:\Users\durgamaniryudh\Desktop\Learn\llm_eval\test\mbpp_train\736\736_gen_0.sv,xiaomi/mimo-v2-flash:free,stop,,gen-1766312670-O7EZy55rHwcGoUlsz9j2
3256,aapp_competition_test,0,666,1219,0,C:\Users\durgamaniryudh\Desktop\Learn\llm_eval\test\aapp_competition_test\3256\3256_gen_0.sv,xiaomi/mimo-v2-flash:free,stop,,gen-1766312662-qxvWIyybEShXxzhbSZdJ
91,human_eval_test,0,965,2750,0,C:\Users\durgamaniryudh\Desktop\Learn\llm_eval\test\human_eval_test\91\91_gen_0.sv,xiaomi/mimo-v2-flash:free,stop,,gen-1766312647-YcADTGblLDhDN1piCwix
85,mbpp_test,0,718,362,0,C:\Users\durgamaniryudh\Desktop\Learn\llm_eval\test\mbpp_test\85\85_gen_0.sv,xiaomi/mimo-v2-flash:free,stop,,gen-1766312682-GBKZeql2XeuUKwM2nUOc
144,human_eval_test,0,877,2544,0,C:\Users\durgamaniryudh\Desktop\Learn\llm_eval\test\human_eval_test\144\144_gen_0.sv,xiaomi/mimo-v2-flash:free,stop,,gen-1766312681-TRDBO68LOJVHrhgVraX9
78,human_eval_test,0,727,2813,0,C:\Users\durgamaniryudh\Desktop\Learn\llm_eval\test\human_eval_test\78\78_gen_0.sv,xiaomi/mimo-v2-flash:free,stop,,gen-1766312681-9EMhtw6QZeOrsiA3V48d
3791,aapp_competition_test,0,795,29222,0,C:\Users\durgamaniryudh\Desktop\Learn\llm_eval\test\aapp_competition_test\3791\3791_gen_0.sv,xiaomi/mimo-v2-flash:free,stop,,gen-1766312446-VjUJ43ousmTWEJ3EEfgR
3148,aapp_competition_test,0,889,4087,0,C:\Users\durgamaniryudh\Desktop\Learn\llm_eval\test\aapp_competition_test\3148\3148_gen_0.sv,xiaomi/mimo-v2-flash:free,stop,,gen-1766312687-eZUn0GV2BLM6EvGRNcFq
39,human_eval_test,0,641,266,0,C:\Users\durgamaniryudh\Desktop\Learn\llm_eval\test\human_eval_test\39\39_gen_0.sv,xiaomi/mimo-v2-flash:free,stop,,gen-1766312728-L3KNeVrb7RaMclumbApM
157,human_eval_test,0,838,307,0,C:\Users\durgamaniryudh\Desktop\Learn\llm_eval\test\human_eval_test\157\157_gen_0.sv,xiaomi/mimo-v2-flash:free,stop,,gen-1766312731-UWhgQAusE3k2N8oUmWb7
61,mbpp_test,0,1098,23058,0,C:\Users\durgamaniryudh\Desktop\Learn\llm_eval\test\mbpp_test\61\61_gen_0.sv,xiaomi/mimo-v2-flash:free,stop,,gen-1766312521-EMaEqPwkR7LTRxJVrZCx
737,mbpp_train,0,717,1653,0,C:\Users\durgamaniryudh\Desktop\Learn\llm_eval\test\mbpp_train\737\737_gen_0.sv,xiaomi/mimo-v2-flash:free,stop,,gen-1766312715-Eu42Yf8mGeyMl0nFGUrj
83,mbpp_test,0,849,1338,0,C:\Users\durgamaniryudh\Desktop\Learn\llm_eval\test\mbpp_test\83\83_gen_0.sv,xiaomi/mimo-v2-flash:free,stop,,gen-1766312734-wJKdv1w2xlF98s23QSOm
3151,aapp_competition_test,0,754,916,0,C:\Users\durgamaniryudh\Desktop\Learn\llm_eval\test\aapp_competition_test\3151\3151_gen_0.sv,xiaomi/mimo-v2-flash:free,stop,,gen-1766312739-DXwos0q4hFtbadupc0Bc
742,mbpp_train,0,589,362,0,C:\Users\durgamaniryudh\Desktop\Learn\llm_eval\test\mbpp_train\742\742_gen_0.sv,xiaomi/mimo-v2-flash:free,stop,,gen-1766312746-0zYAh8LIUblLribq2vEZ
66,human_eval_test,0,658,673,0,C:\Users\durgamaniryudh\Desktop\Learn\llm_eval\test\human_eval_test\66\66_gen_0.sv,xiaomi/mimo-v2-flash:free,stop,,gen-1766312751-MEH5Z8uFZQR6pnB2DauB
3253,aapp_competition_test,0,857,7515,0,C:\Users\durgamaniryudh\Desktop\Learn\llm_eval\test\aapp_competition_test\3253\3253_gen_0.sv,xiaomi/mimo-v2-flash:free,stop,,gen-1766312700-6iaU3XKIi0mjm38tMk3B
3796,aapp_competition_test,0,919,6072,0,C:\Users\durgamaniryudh\Desktop\Learn\llm_eval\test\aapp_competition_test\3796\3796_gen_0.sv,xiaomi/mimo-v2-flash:free,stop,,gen-1766312701-VWBFOxCRPKNXXWZ8UStS
3797,aapp_competition_test,0,620,2993,0,C:\Users\durgamaniryudh\Desktop\Learn\llm_eval\test\aapp_competition_test\3797\3797_gen_0.sv,xiaomi/mimo-v2-flash:free,stop,,gen-1766312745-q7nZNTISLEOe1fg3lEoU
3794,aapp_competition_test,0,678,10126,0,C:\Users\durgamaniryudh\Desktop\Learn\llm_eval\test\aapp_competition_test\3794\3794_gen_0.sv,xiaomi/mimo-v2-flash:free,stop,,gen-1766312663-ejpHDKlL9SskuC8FHxLC
3254,aapp_competition_test,0,1124,5420,0,C:\Users\durgamaniryudh\Desktop\Learn\llm_eval\test\aapp_competition_test\3254\3254_gen_0.sv,xiaomi/mimo-v2-flash:free,stop,,gen-1766312739-wVm4wkHHEyGIrvG9sAqw
744,mbpp_train,0,476,146,0,C:\Users\durgamaniryudh\Desktop\Learn\llm_eval\test\mbpp_train\744\744_gen_0.sv,xiaomi/mimo-v2-flash:free,stop,,gen-1766312806-YxcqLqMiZzQXnnX5HQxD
111,human_eval_test,0,869,65536,0,C:\Users\durgamaniryudh\Desktop\Learn\llm_eval\test\human_eval_test\111\111_gen_0.sv,xiaomi/mimo-v2-flash:free,length,,gen-1766311179-K4PdhJUCBoTFhjoJi0Ts
118,human_eval_test,0,1629,1701,0,C:\Users\durgamaniryudh\Desktop\Learn\llm_eval\test\human_eval_test\118\118_gen_0.sv,xiaomi/mimo-v2-flash:free,stop,,gen-1766312808-n7sKxl28ZxsLBYcoGoRS
89,mbpp_test,0,418,54,0,C:\Users\durgamaniryudh\Desktop\Learn\llm_eval\test\mbpp_test\89\89_gen_0.sv,xiaomi/mimo-v2-flash:free,stop,,gen-1766312824-IBsXI1Dd9xekzfvhEUIO
74,mbpp_test,0,693,20977,0,C:\Users\durgamaniryudh\Desktop\Learn\llm_eval\test\mbpp_test\74\74_gen_0.sv,xiaomi/mimo-v2-flash:free,stop,,gen-1766312609-amnfIm9Sr5AIwqr3mlPU
3800,aapp_competition_test,0,1083,2183,0,C:\Users\durgamaniryudh\Desktop\Learn\llm_eval\test\aapp_competition_test\3800\3800_gen_0.sv,xiaomi/mimo-v2-flash:free,stop,,gen-1766312800-uIMiydwF4yylg4vMozze
84,mbpp_test,0,905,5032,0,C:\Users\durgamaniryudh\Desktop\Learn\llm_eval\test\mbpp_test\84\84_gen_0.sv,xiaomi/mimo-v2-flash:free,stop,,gen-1766312758-T3BHFnB63aMKl6csh8dC
3146,aapp_competition_test,0,996,2990,0,C:\Users\durgamaniryudh\Desktop\Learn\llm_eval\test\aapp_competition_test\3146\3146_gen_0.sv,xiaomi/mimo-v2-flash:free,stop,,gen-1766312825-4ZLQaizcYmMMUpwIkNGA
132,human_eval_test,0,688,3147,0,C:\Users\durgamaniryudh\Desktop\Learn\llm_eval\test\human_eval_test\132\132_gen_0.sv,xiaomi/mimo-v2-flash:free,stop,,gen-1766312816-CzA7bTWlfMtLnthjlvj6
741,mbpp_train,0,620,2593,0,C:\Users\durgamaniryudh\Desktop\Learn\llm_eval\test\mbpp_train\741\741_gen_0.sv,xiaomi/mimo-v2-flash:free,stop,,gen-1766312836-oJ6TwVreRnkdENFUHWLY
3144,aapp_competition_test,0,917,23677,0,C:\Users\durgamaniryudh\Desktop\Learn\llm_eval\test\aapp_competition_test\3144\3144_gen_0.sv,xiaomi/mimo-v2-flash:free,stop,,gen-1766312527-IEKzIrzYIIQwcEdfGdSV
3230,aapp_competition_test,0,1280,3392,0,C:\Users\durgamaniryudh\Desktop\Learn\llm_eval\test\aapp_competition_test\3230\3230_gen_0.sv,xiaomi/mimo-v2-flash:free,stop,,gen-1766312830-OPCWgqPYi3SNOwRGwYwA
3149,aapp_competition_test,0,1090,14662,0,C:\Users\durgamaniryudh\Desktop\Learn\llm_eval\test\aapp_competition_test\3149\3149_gen_0.sv,xiaomi/mimo-v2-flash:free,stop,,gen-1766312769-ZbjAaBrjWWcgeTja8w7S
3803,aapp_competition_test,0,901,8629,0,C:\Users\durgamaniryudh\Desktop\Learn\llm_eval\test\aapp_competition_test\3803\3803_gen_0.sv,xiaomi/mimo-v2-flash:free,stop,,gen-1766312836-0TFUjJ6JBjSAzHq0bWAT
3257,aapp_competition_test,0,1709,24256,0,C:\Users\durgamaniryudh\Desktop\Learn\llm_eval\test\aapp_competition_test\3257\3257_gen_0.sv,xiaomi/mimo-v2-flash:free,stop,,gen-1766312775-dkUNS0Bv5t4hDjOc3mOj
79,human_eval_test,0,652,65536,0,C:\Users\durgamaniryudh\Desktop\Learn\llm_eval\test\human_eval_test\79\79_gen_0.sv,xiaomi/mimo-v2-flash:free,length,,gen-1766312767-Q5jLryLj3KaP4vEp0ySY
3249,aapp_competition_test,0,876,65536,0,C:\Users\durgamaniryudh\Desktop\Learn\llm_eval\test\aapp_competition_test\3249\3249_gen_0.sv,xiaomi/mimo-v2-flash:free,length,,gen-1766312633-GFchRaa0gpLWmB8cqOfH
