task_id,source,iteration,input_tokens,output_tokens,reasoning_tokens,verilog_file,model_name,finish_reason,system_fingerprint,run_id
3735,aapp_competition_test,0,519,558,0,D:\PythonProjects\llm_eval\test\aapp_competition_test\3735\3735_gen_0.sv,openrouter/polaris-alpha,stop,,gen-1762675532-Zm77rrbvKjgoqa0WK31T
115,human_eval_test,0,399,768,0,D:\PythonProjects\llm_eval\test\human_eval_test\115\115_gen_0.sv,openrouter/polaris-alpha,stop,,gen-1762675532-3s77waMWpJWALz2QhQwq
79,human_eval_test,0,321,56,0,D:\PythonProjects\llm_eval\test\human_eval_test\79\79_gen_0.sv,openrouter/polaris-alpha,stop,,gen-1762675545-9HRmZ4pLTtqdRgmBNMYl
142,mbpp_test,0,421,236,0,D:\PythonProjects\llm_eval\test\mbpp_test\142\142_gen_0.sv,openrouter/polaris-alpha,stop,,gen-1762675542-Nl6tuLY0aPZOj63xQk3T
43,human_eval_test,0,523,722,0,D:\PythonProjects\llm_eval\test\human_eval_test\43\43_gen_0.sv,openrouter/polaris-alpha,stop,,gen-1762675532-onP4mEyS3wgtg1QGpVCe
782,mbpp_train,0,377,276,0,D:\PythonProjects\llm_eval\test\mbpp_train\782\782_gen_0.sv,openrouter/polaris-alpha,stop,,gen-1762675547-NVTaNKR2yp0bXUSgjj4Q
734,mbpp_train,0,504,806,0,D:\PythonProjects\llm_eval\test\mbpp_train\734\734_gen_0.sv,openrouter/polaris-alpha,stop,,gen-1762675548-K8n9Ruu5qxNtVJJE4gbm
3664,aapp_competition_test,0,698,1961,0,D:\PythonProjects\llm_eval\test\aapp_competition_test\3664\3664_gen_0.sv,openrouter/polaris-alpha,stop,,gen-1762675532-A0L0MPSrVi9IlXPul918
602,mbpp_train,0,497,992,0,D:\PythonProjects\llm_eval\test\mbpp_train\602\602_gen_0.sv,openrouter/polaris-alpha,stop,,gen-1762675549-hDWnNWzaeKj0slp14i3d
3049,aapp_competition_test,0,703,1308,0,D:\PythonProjects\llm_eval\test\aapp_competition_test\3049\3049_gen_0.sv,openrouter/polaris-alpha,stop,,gen-1762675555-jBTimOcvUaUZRnVgBdpH
3925,aapp_competition_test,0,593,1836,0,D:\PythonProjects\llm_eval\test\aapp_competition_test\3925\3925_gen_0.sv,openrouter/polaris-alpha,stop,,gen-1762675532-eEP12qSNTVP4rqs3gXxN
3517,aapp_competition_test,0,575,2857,0,D:\PythonProjects\llm_eval\test\aapp_competition_test\3517\3517_gen_0.sv,openrouter/polaris-alpha,stop,,gen-1762675532-oFtMiG1kmU5BxCEHdWIU
3037,aapp_competition_test,0,755,3050,0,D:\PythonProjects\llm_eval\test\aapp_competition_test\3037\3037_gen_0.sv,openrouter/polaris-alpha,stop,,gen-1762675532-XltOfnFwXB6dCShhiyIU
3862,aapp_competition_test,0,598,2360,0,D:\PythonProjects\llm_eval\test\aapp_competition_test\3862\3862_gen_0.sv,openrouter/polaris-alpha,stop,,gen-1762675532-7UlnPpwuefaBv3DtJ17p
3181,aapp_competition_test,0,489,314,0,D:\PythonProjects\llm_eval\test\aapp_competition_test\3181\3181_gen_0.sv,openrouter/polaris-alpha,stop,,gen-1762675581-hXz9Y24jfiacuOGbodnC
18,human_eval_test,0,449,928,0,D:\PythonProjects\llm_eval\test\human_eval_test\18\18_gen_0.sv,openrouter/polaris-alpha,stop,,gen-1762675588-NrmMVCmoix1Z3pEW1mlC
3406,aapp_competition_test,0,685,4514,0,D:\PythonProjects\llm_eval\test\aapp_competition_test\3406\3406_gen_0.sv,openrouter/polaris-alpha,stop,,gen-1762675532-sKExOqmaxFcmRyQ24GPf
3188,aapp_competition_test,0,570,4534,0,D:\PythonProjects\llm_eval\test\aapp_competition_test\3188\3188_gen_0.sv,openrouter/polaris-alpha,stop,,gen-1762675532-UMpe2u9keJy6IlAX1fBm
804,mbpp_train,0,368,94,0,D:\PythonProjects\llm_eval\test\mbpp_train\804\804_gen_0.sv,openrouter/polaris-alpha,stop,,gen-1762675609-BfFrwu5yopQ3ZMbqJ9pW
399,mbpp_test,0,387,132,0,D:\PythonProjects\llm_eval\test\mbpp_test\399\399_gen_0.sv,openrouter/polaris-alpha,stop,,gen-1762675610-bjPsjbi2foK5vEsWWQrb
90,human_eval_test,0,596,1550,0,D:\PythonProjects\llm_eval\test\human_eval_test\90\90_gen_0.sv,openrouter/polaris-alpha,stop,,gen-1762675587-DuM0xpq7Vc8KD8XZJ22F
3944,aapp_competition_test,0,624,2576,0,D:\PythonProjects\llm_eval\test\aapp_competition_test\3944\3944_gen_0.sv,openrouter/polaris-alpha,stop,,gen-1762675578-nXGB2H6x6sOnbjSZufGa
3863,aapp_competition_test,0,643,2635,0,D:\PythonProjects\llm_eval\test\aapp_competition_test\3863\3863_gen_0.sv,openrouter/polaris-alpha,stop,,gen-1762675578-GiAvq7mKMquWNigXSeC9
3407,aapp_competition_test,0,626,2373,0,D:\PythonProjects\llm_eval\test\aapp_competition_test\3407\3407_gen_0.sv,openrouter/polaris-alpha,stop,,gen-1762675584-4g3DxcBEToETpXFF4TQY
3663,aapp_competition_test,0,630,2231,0,D:\PythonProjects\llm_eval\test\aapp_competition_test\3663\3663_gen_0.sv,openrouter/polaris-alpha,stop,,gen-1762675575-p2pY30x1ZBCWOcxZ3zTa
442,mbpp_test,0,474,1043,0,D:\PythonProjects\llm_eval\test\mbpp_test\442\442_gen_0.sv,openrouter/polaris-alpha,stop,,gen-1762675605-sDw2rJ2vJGR9KIgcClYD
3756,aapp_competition_test,0,604,2647,0,D:\PythonProjects\llm_eval\test\aapp_competition_test\3756\3756_gen_0.sv,openrouter/polaris-alpha,stop,,gen-1762675576-0PjqyTmz87RZWHrq0I1g
223,mbpp_test,0,425,1356,0,D:\PythonProjects\llm_eval\test\mbpp_test\223\223_gen_0.sv,openrouter/polaris-alpha,stop,,gen-1762675612-VRKlx0olRjaQoIkB57nu
3861,aapp_competition_test,0,563,1373,0,D:\PythonProjects\llm_eval\test\aapp_competition_test\3861\3861_gen_0.sv,openrouter/polaris-alpha,stop,,gen-1762675626-S4FdYKBOoGi2OXcqp9Uv
3518,aapp_competition_test,0,647,4477,0,D:\PythonProjects\llm_eval\test\aapp_competition_test\3518\3518_gen_0.sv,openrouter/polaris-alpha,stop,,gen-1762675562-vtUQQwvzVFgTPnXPnEYj
3053,aapp_competition_test,0,601,2258,0,D:\PythonProjects\llm_eval\test\aapp_competition_test\3053\3053_gen_0.sv,openrouter/polaris-alpha,stop,,gen-1762675613-chZ2khCaZbmxaQFLGoa7
3411,aapp_competition_test,0,584,1896,0,D:\PythonProjects\llm_eval\test\aapp_competition_test\3411\3411_gen_0.sv,openrouter/polaris-alpha,stop,,gen-1762675635-bI2FGh0T9tb1RfqT37hX
743,mbpp_train,0,409,133,0,D:\PythonProjects\llm_eval\test\mbpp_train\743\743_gen_0.sv,openrouter/polaris-alpha,stop,,gen-1762675668-G3mjnTn5NbZheZk0FBN1
3758,aapp_competition_test,0,559,1652,0,D:\PythonProjects\llm_eval\test\aapp_competition_test\3758\3758_gen_0.sv,openrouter/polaris-alpha,stop,,gen-1762675623-pCixF3uJWfLtp1USiVcM
3520,aapp_competition_test,0,685,2213,0,D:\PythonProjects\llm_eval\test\aapp_competition_test\3520\3520_gen_0.sv,openrouter/polaris-alpha,stop,,gen-1762675622-K0zcaNXYG9fnYElntCyo
3945,aapp_competition_test,0,598,2713,0,D:\PythonProjects\llm_eval\test\aapp_competition_test\3945\3945_gen_0.sv,openrouter/polaris-alpha,stop,,gen-1762675627-JPaIJHRgWepQuA61Dyau
143,human_eval_test,0,484,1364,0,D:\PythonProjects\llm_eval\test\human_eval_test\143\143_gen_0.sv,openrouter/polaris-alpha,stop,,gen-1762675643-jrPoa7EttjgexFrJZliE
444,mbpp_test,0,529,464,0,D:\PythonProjects\llm_eval\test\mbpp_test\444\444_gen_0.sv,openrouter/polaris-alpha,stop,,gen-1762675672-mDZPLhsw8q1TKlHfNPZJ
17,human_eval_test,0,561,1680,0,D:\PythonProjects\llm_eval\test\human_eval_test\17\17_gen_0.sv,openrouter/polaris-alpha,stop,,gen-1762675650-zOzHymjx7ugOLorMI3Of
3,human_eval_test,0,512,784,0,D:\PythonProjects\llm_eval\test\human_eval_test\3\3_gen_0.sv,openrouter/polaris-alpha,stop,,gen-1762675662-LUS5hncLkc5J7jCxdttM
3667,aapp_competition_test,0,709,3609,0,D:\PythonProjects\llm_eval\test\aapp_competition_test\3667\3667_gen_0.sv,openrouter/polaris-alpha,stop,,gen-1762675623-GF9TA23KXdceMjGp3ENI
3759,aapp_competition_test,0,503,284,0,D:\PythonProjects\llm_eval\test\aapp_competition_test\3759\3759_gen_0.sv,openrouter/polaris-alpha,stop,,gen-1762675677-tLsU5bOnw15ZdzoHDlNr
3187,aapp_competition_test,0,662,2953,0,D:\PythonProjects\llm_eval\test\aapp_competition_test\3187\3187_gen_0.sv,openrouter/polaris-alpha,stop,,gen-1762675628-Bt82r4ThJDTBK8Vq4wPd
45,human_eval_test,0,375,166,0,D:\PythonProjects\llm_eval\test\human_eval_test\45\45_gen_0.sv,openrouter/polaris-alpha,stop,,gen-1762675692-4yyUUAzL23ELiaFTFjpS
272,mbpp_test,0,362,218,0,D:\PythonProjects\llm_eval\test\mbpp_test\272\272_gen_0.sv,openrouter/polaris-alpha,stop,,gen-1762675696-DFjfjrGXlZ3i3MCUdl1V
3523,aapp_competition_test,0,639,1144,0,D:\PythonProjects\llm_eval\test\aapp_competition_test\3523\3523_gen_0.sv,openrouter/polaris-alpha,stop,,gen-1762675673-3ORp8LtwPYqM3cF4Noeb
3671,aapp_competition_test,0,637,1505,0,D:\PythonProjects\llm_eval\test\aapp_competition_test\3671\3671_gen_0.sv,openrouter/polaris-alpha,stop,,gen-1762675674-lM4vHyUyLH27FhdpBGqE
127,mbpp_test,0,334,73,0,D:\PythonProjects\llm_eval\test\mbpp_test\127\127_gen_0.sv,openrouter/polaris-alpha,stop,,gen-1762675700-TZ4NB2xVQdJWOFYyui2U
142,human_eval_test,0,546,940,0,D:\PythonProjects\llm_eval\test\human_eval_test\142\142_gen_0.sv,openrouter/polaris-alpha,stop,,gen-1762675686-RdALLbW0umBb9nXN4QVr
767,mbpp_train,0,456,431,0,D:\PythonProjects\llm_eval\test\mbpp_train\767\767_gen_0.sv,openrouter/polaris-alpha,stop,,gen-1762675700-8baSdURbr4mCEWajU8ig
3035,aapp_competition_test,0,712,2466,0,D:\PythonProjects\llm_eval\test\aapp_competition_test\3035\3035_gen_0.sv,openrouter/polaris-alpha,stop,,gen-1762675672-aPE3RQ2Jp8OSNJjafHp4
620,mbpp_train,0,531,2118,0,D:\PythonProjects\llm_eval\test\mbpp_train\620\620_gen_0.sv,openrouter/polaris-alpha,stop,,gen-1762675668-GpDUCYkrxSSHvMkS25zX
103,human_eval_test,0,425,551,0,D:\PythonProjects\llm_eval\test\human_eval_test\103\103_gen_0.sv,openrouter/polaris-alpha,stop,,gen-1762675703-SXPhWTzyBiLK9zOYQifr
563,mbpp_validation,0,579,957,0,D:\PythonProjects\llm_eval\test\mbpp_validation\563\563_gen_0.sv,openrouter/polaris-alpha,stop,,gen-1762675700-h8R1F4sLCqu6szIwRWzy
310,mbpp_test,0,510,1054,0,D:\PythonProjects\llm_eval\test\mbpp_test\310\310_gen_0.sv,openrouter/polaris-alpha,stop,,gen-1762675702-sm5sjMEcDFCMkLX4GqAz
3868,aapp_competition_test,0,743,2782,0,D:\PythonProjects\llm_eval\test\aapp_competition_test\3868\3868_gen_0.sv,openrouter/polaris-alpha,stop,,gen-1762675680-y0A7QDOCVil6TI8pNEMf
3190,aapp_competition_test,0,462,2106,0,D:\PythonProjects\llm_eval\test\aapp_competition_test\3190\3190_gen_0.sv,openrouter/polaris-alpha,stop,,gen-1762675683-ZNxcgAI3RAQVspcGRxE2
3943,aapp_competition_test,0,630,2364,0,D:\PythonProjects\llm_eval\test\aapp_competition_test\3943\3943_gen_0.sv,openrouter/polaris-alpha,stop,,gen-1762675681-BOM2uwzZZX3HPypM8OVX
589,mbpp_validation,0,545,1076,0,D:\PythonProjects\llm_eval\test\mbpp_validation\589\589_gen_0.sv,openrouter/polaris-alpha,stop,,gen-1762675711-IXkCFpysRUxH6sWbKy8y
3649,aapp_competition_test,0,585,929,0,D:\PythonProjects\llm_eval\test\aapp_competition_test\3649\3649_gen_0.sv,openrouter/polaris-alpha,stop,,gen-1762675719-FDTgtdyWreRLvXcCFtoj
3397,aapp_competition_test,0,788,2927,0,D:\PythonProjects\llm_eval\test\aapp_competition_test\3397\3397_gen_0.sv,openrouter/polaris-alpha,stop,,gen-1762675686-0BpJgrb0PnZlP3AKHDkq
3408,aapp_competition_test,0,530,942,0,D:\PythonProjects\llm_eval\test\aapp_competition_test\3408\3408_gen_0.sv,openrouter/polaris-alpha,stop,,gen-1762675734-mYNPebjO3zqQdutd9Qgq
117,human_eval_test,0,454,1459,0,D:\PythonProjects\llm_eval\test\human_eval_test\117\117_gen_0.sv,openrouter/polaris-alpha,stop,,gen-1762675736-fFuvnelS9yKkkziVHbHE
3050,aapp_competition_test,0,793,2776,0,D:\PythonProjects\llm_eval\test\aapp_competition_test\3050\3050_gen_0.sv,openrouter/polaris-alpha,stop,,gen-1762675714-82GbdMvbCy9AINO76AVd
471,mbpp_test,0,522,846,0,D:\PythonProjects\llm_eval\test\mbpp_test\471\471_gen_0.sv,openrouter/polaris-alpha,stop,,gen-1762675751-OFxwwT3G9vDCW9CY2e1B
3506,aapp_competition_test,0,702,2957,0,D:\PythonProjects\llm_eval\test\aapp_competition_test\3506\3506_gen_0.sv,openrouter/polaris-alpha,stop,,gen-1762675716-da7o8e0tPD5bPIlltUxB
3947,aapp_competition_test,0,592,1842,0,D:\PythonProjects\llm_eval\test\aapp_competition_test\3947\3947_gen_0.sv,openrouter/polaris-alpha,stop,,gen-1762675729-k9khZHRvKOFkvc9wYELg
3765,aapp_competition_test,0,648,2963,0,D:\PythonProjects\llm_eval\test\aapp_competition_test\3765\3765_gen_0.sv,openrouter/polaris-alpha,stop,,gen-1762675723-3S43xo2FzLKyZAti7vNG
44,human_eval_test,0,561,1413,0,D:\PythonProjects\llm_eval\test\human_eval_test\44\44_gen_0.sv,openrouter/polaris-alpha,stop,,gen-1762675742-WMjfxYrNcN74ECJ8BFqE
787,mbpp_train,0,474,703,0,D:\PythonProjects\llm_eval\test\mbpp_train\787\787_gen_0.sv,openrouter/polaris-alpha,stop,,gen-1762675763-t3EfxF5sPS6YdTxdbWVK
3526,aapp_competition_test,0,550,541,0,D:\PythonProjects\llm_eval\test\aapp_competition_test\3526\3526_gen_0.sv,openrouter/polaris-alpha,stop,,gen-1762675771-xy7b6jX2NLKRBulUV612
299,mbpp_test,0,516,926,0,D:\PythonProjects\llm_eval\test\mbpp_test\299\299_gen_0.sv,openrouter/polaris-alpha,stop,,gen-1762675766-7qILI85N4wfvjSF7ukoG
640,mbpp_train,0,526,964,0,D:\PythonProjects\llm_eval\test\mbpp_train\640\640_gen_0.sv,openrouter/polaris-alpha,stop,,gen-1762675762-Emp93wx430NT3EewE1Vh
3193,aapp_competition_test,0,550,3404,0,D:\PythonProjects\llm_eval\test\aapp_competition_test\3193\3193_gen_0.sv,openrouter/polaris-alpha,stop,,gen-1762675730-0cMJy9ukApejCiwoJF25
3760,aapp_competition_test,0,601,987,0,D:\PythonProjects\llm_eval\test\aapp_competition_test\3760\3760_gen_0.sv,openrouter/polaris-alpha,stop,,gen-1762675774-AaEsn9v9Wxx3dqO9Lj2R
3191,aapp_competition_test,0,490,550,0,D:\PythonProjects\llm_eval\test\aapp_competition_test\3191\3191_gen_0.sv,openrouter/polaris-alpha,stop,,gen-1762675783-M5fEzl4sFNmcklwLrbsP
3870,aapp_competition_test,0,690,3990,0,D:\PythonProjects\llm_eval\test\aapp_competition_test\3870\3870_gen_0.sv,openrouter/polaris-alpha,stop,,gen-1762675726-U4iiwWWTTl76KWoftW6t
428,mbpp_test,0,550,1832,0,D:\PythonProjects\llm_eval\test\mbpp_test\428\428_gen_0.sv,openrouter/polaris-alpha,stop,,gen-1762675750-b3mk6oCBVmKAtPcBLAHx
89,human_eval_test,0,368,203,0,D:\PythonProjects\llm_eval\test\human_eval_test\89\89_gen_0.sv,openrouter/polaris-alpha,stop,,gen-1762675789-jLJpvzBdclkDicOKA5GA
775,mbpp_train,0,382,209,0,D:\PythonProjects\llm_eval\test\mbpp_train\775\775_gen_0.sv,openrouter/polaris-alpha,stop,,gen-1762675795-MRC50rfMHIUDecAKxKv8
137,mbpp_test,0,559,957,0,D:\PythonProjects\llm_eval\test\mbpp_test\137\137_gen_0.sv,openrouter/polaris-alpha,stop,,gen-1762675793-EAIe3qn6vd13KBaCAxaB
133,human_eval_test,0,533,1065,0,D:\PythonProjects\llm_eval\test\human_eval_test\133\133_gen_0.sv,openrouter/polaris-alpha,stop,,gen-1762675795-CdwNnEaAgkUyj1dKqxKd
3856,aapp_competition_test,0,731,2699,0,D:\PythonProjects\llm_eval\test\aapp_competition_test\3856\3856_gen_0.sv,openrouter/polaris-alpha,stop,,gen-1762675775-80YLYTsndCoytzIz5BJZ
3942,aapp_competition_test,0,557,1726,0,D:\PythonProjects\llm_eval\test\aapp_competition_test\3942\3942_gen_0.sv,openrouter/polaris-alpha,stop,,gen-1762675781-mlddlzC56fBUqFdV4PlB
3524,aapp_competition_test,0,609,2252,0,D:\PythonProjects\llm_eval\test\aapp_competition_test\3524\3524_gen_0.sv,openrouter/polaris-alpha,stop,,gen-1762675810-srKu9tkEXcZ5k7qXJudl
3766,aapp_competition_test,0,588,1725,0,D:\PythonProjects\llm_eval\test\aapp_competition_test\3766\3766_gen_0.sv,openrouter/polaris-alpha,stop,,gen-1762675822-nQdSTxGWJuOJzuUOYCNt
3054,aapp_competition_test,0,656,3435,0,D:\PythonProjects\llm_eval\test\aapp_competition_test\3054\3054_gen_0.sv,openrouter/polaris-alpha,stop,,gen-1762675799-0GiuP9GGQdHX6VlW0qid
3414,aapp_competition_test,0,619,4675,0,D:\PythonProjects\llm_eval\test\aapp_competition_test\3414\3414_gen_0.sv,openrouter/polaris-alpha,stop,,gen-1762675785-xHiNJMuHNsccS5FedqHd
150,human_eval_test,0,404,749,0,D:\PythonProjects\llm_eval\test\human_eval_test\150\150_gen_0.sv,openrouter/polaris-alpha,stop,,gen-1762675792-iiYbVlWC4YEseVqrncvn
3051,aapp_competition_test,0,827,2302,0,D:\PythonProjects\llm_eval\test\aapp_competition_test\3051\3051_gen_0.sv,openrouter/polaris-alpha,stop,,gen-1762675767-fYMHnwPskHEf3mG3dXrf
3673,aapp_competition_test,0,577,2031,0,D:\PythonProjects\llm_eval\test\aapp_competition_test\3673\3673_gen_0.sv,openrouter/polaris-alpha,stop,,gen-1762675774-KYORz6HO4IktsahLo5ad
3197,aapp_competition_test,0,518,1274,0,D:\PythonProjects\llm_eval\test\aapp_competition_test\3197\3197_gen_0.sv,openrouter/polaris-alpha,stop,,gen-1762675853-DFSxbPM6bNDQosrVAVcg
397,mbpp_test,0,363,171,0,D:\PythonProjects\llm_eval\test\mbpp_test\397\397_gen_0.sv,openrouter/polaris-alpha,stop,,gen-1762675880-r4QNAgAtm4ebmkTiQY2g
222,mbpp_test,0,329,123,0,D:\PythonProjects\llm_eval\test\mbpp_test\222\222_gen_0.sv,openrouter/polaris-alpha,stop,,gen-1762675884-ePdM3tG01HzAeK6p6evG
38,human_eval_test,0,512,977,0,D:\PythonProjects\llm_eval\test\human_eval_test\38\38_gen_0.sv,openrouter/polaris-alpha,stop,,gen-1762675865-Koaby70RQ79pW6rx4O1k
805,mbpp_train,0,357,571,0,D:\PythonProjects\llm_eval\test\mbpp_train\805\805_gen_0.sv,openrouter/polaris-alpha,stop,,gen-1762675879-gjhldtn7HQZfXrCV23vK
764,mbpp_train,0,456,483,0,D:\PythonProjects\llm_eval\test\mbpp_train\764\764_gen_0.sv,openrouter/polaris-alpha,stop,,gen-1762675880-Yxz5CI8HuhXHknp5qS7F
736,mbpp_train,0,526,1376,0,D:\PythonProjects\llm_eval\test\mbpp_train\736\736_gen_0.sv,openrouter/polaris-alpha,stop,,gen-1762675795-vrXFXNNEGHXaLUBWapIA
3871,aapp_competition_test,0,660,3186,0,D:\PythonProjects\llm_eval\test\aapp_competition_test\3871\3871_gen_0.sv,openrouter/polaris-alpha,stop,,gen-1762675822-xr6V90ZLRECzvmOxDNww
3678,aapp_competition_test,0,614,3411,0,D:\PythonProjects\llm_eval\test\aapp_competition_test\3678\3678_gen_0.sv,openrouter/polaris-alpha,stop,,gen-1762675814-uQ6XXxAhBvGvt05HZgsO
124,human_eval_test,0,466,831,0,D:\PythonProjects\llm_eval\test\human_eval_test\124\124_gen_0.sv,openrouter/polaris-alpha,stop,,gen-1762675877-GEwbdBSMenxozh7JDqzC
3877,aapp_competition_test,0,519,857,0,D:\PythonProjects\llm_eval\test\aapp_competition_test\3877\3877_gen_0.sv,openrouter/polaris-alpha,stop,,gen-1762675890-DkjVNWri2pk8vaaJgGQj
3416,aapp_competition_test,0,574,2541,0,D:\PythonProjects\llm_eval\test\aapp_competition_test\3416\3416_gen_0.sv,openrouter/polaris-alpha,stop,,gen-1762675859-Hf3zZm3hQRilje7TkYs7
3948,aapp_competition_test,0,582,2974,0,D:\PythonProjects\llm_eval\test\aapp_competition_test\3948\3948_gen_0.sv,openrouter/polaris-alpha,stop,,gen-1762675850-M7uFi1waoVv8jWsRfCHg
30,human_eval_test,0,383,155,0,D:\PythonProjects\llm_eval\test\human_eval_test\30\30_gen_0.sv,openrouter/polaris-alpha,stop,,gen-1762675916-9pitwJHxkHESRpeA8LZR
144,human_eval_test,0,452,185,0,D:\PythonProjects\llm_eval\test\human_eval_test\144\144_gen_0.sv,openrouter/polaris-alpha,stop,,gen-1762675909-3IkeJMMMhdALeWpVR4D0
3525,aapp_competition_test,0,666,2043,0,D:\PythonProjects\llm_eval\test\aapp_competition_test\3525\3525_gen_0.sv,openrouter/polaris-alpha,stop,,gen-1762675888-QsO5Gzn5jEjjMYrVhNmG
3767,aapp_competition_test,0,586,2190,0,D:\PythonProjects\llm_eval\test\aapp_competition_test\3767\3767_gen_0.sv,openrouter/polaris-alpha,stop,,gen-1762675890-o7WjLFILIoS53Gkjhp4x
3418,aapp_competition_test,0,624,1701,0,D:\PythonProjects\llm_eval\test\aapp_competition_test\3418\3418_gen_0.sv,openrouter/polaris-alpha,stop,,gen-1762675899-AvjpUt9p8GK3QFpitRpH
746,mbpp_train,0,536,625,0,D:\PythonProjects\llm_eval\test\mbpp_train\746\746_gen_0.sv,openrouter/polaris-alpha,stop,,gen-1762675920-eihejZc4wts8TYng3owF
123,human_eval_test,0,520,751,0,D:\PythonProjects\llm_eval\test\human_eval_test\123\123_gen_0.sv,openrouter/polaris-alpha,stop,,gen-1762675915-OanZCdUnPHw2pBSwLYbA
3682,aapp_competition_test,0,605,3122,0,D:\PythonProjects\llm_eval\test\aapp_competition_test\3682\3682_gen_0.sv,openrouter/polaris-alpha,stop,,gen-1762675889-EfLrPaoeUHofC2Myfx5R
3189,aapp_competition_test,0,601,2216,0,D:\PythonProjects\llm_eval\test\aapp_competition_test\3189\3189_gen_0.sv,openrouter/polaris-alpha,stop,,gen-1762675896-cDxjW6jhuEjBRpEfAfIn
622,mbpp_train,0,539,953,0,D:\PythonProjects\llm_eval\test\mbpp_train\622\622_gen_0.sv,openrouter/polaris-alpha,stop,,gen-1762675921-1ulGTXb5xwfYXDqFnhy8
3059,aapp_competition_test,0,639,1929,0,D:\PythonProjects\llm_eval\test\aapp_competition_test\3059\3059_gen_0.sv,openrouter/polaris-alpha,stop,,gen-1762675924-1uSDiKCyyEzxvcai5sa5
3950,aapp_competition_test,0,776,2918,0,D:\PythonProjects\llm_eval\test\aapp_competition_test\3950\3950_gen_0.sv,openrouter/polaris-alpha,stop,,gen-1762675894-vuyC0doRLGHP8V3PImwi
12,human_eval_test,0,405,379,0,D:\PythonProjects\llm_eval\test\human_eval_test\12\12_gen_0.sv,openrouter/polaris-alpha,stop,,gen-1762675958-MyvDA79znR1uUxImLe9h
3530,aapp_competition_test,0,667,2500,0,D:\PythonProjects\llm_eval\test\aapp_competition_test\3530\3530_gen_0.sv,openrouter/polaris-alpha,stop,,gen-1762675928-hXdKt4kWmGtQBkvR28iK
281,mbpp_test,0,394,209,0,D:\PythonProjects\llm_eval\test\mbpp_test\281\281_gen_0.sv,openrouter/polaris-alpha,stop,,gen-1762675968-ZWPXkhdho3bEbdUS0n3w
568,mbpp_validation,0,413,175,0,D:\PythonProjects\llm_eval\test\mbpp_validation\568\568_gen_0.sv,openrouter/polaris-alpha,stop,,gen-1762675971-RDaHAxkJPyuoq9jtczhu
3764,aapp_competition_test,0,651,2546,0,D:\PythonProjects\llm_eval\test\aapp_competition_test\3764\3764_gen_0.sv,openrouter/polaris-alpha,stop,,gen-1762675932-PRwBKbCVDCNPKeZo50Z7
3952,aapp_competition_test,0,528,1931,0,D:\PythonProjects\llm_eval\test\aapp_competition_test\3952\3952_gen_0.sv,openrouter/polaris-alpha,stop,,gen-1762675943-bPWQEFPigY4vdjghf6Gs
3058,aapp_competition_test,0,598,3838,0,D:\PythonProjects\llm_eval\test\aapp_competition_test\3058\3058_gen_0.sv,openrouter/polaris-alpha,stop,,gen-1762675887-kOoOpgXa0F4PEUNyrMhE
3878,aapp_competition_test,0,633,2582,0,D:\PythonProjects\llm_eval\test\aapp_competition_test\3878\3878_gen_0.sv,openrouter/polaris-alpha,stop,,gen-1762675933-nzKZr8LWsthbg9S5HWBc
3686,aapp_competition_test,0,703,2238,0,D:\PythonProjects\llm_eval\test\aapp_competition_test\3686\3686_gen_0.sv,openrouter/polaris-alpha,stop,,gen-1762675928-9QMbtpqkiKeaQwW8MGlw
23,human_eval_test,0,433,600,0,D:\PythonProjects\llm_eval\test\human_eval_test\23\23_gen_0.sv,openrouter/polaris-alpha,stop,,gen-1762675975-eCAGSF5wNQiKcUBqs2ZC
125,mbpp_test,0,541,865,0,D:\PythonProjects\llm_eval\test\mbpp_test\125\125_gen_0.sv,openrouter/polaris-alpha,stop,,gen-1762675973-rtADDwhUUlkLFqAAkJVj
3200,aapp_competition_test,0,593,2537,0,D:\PythonProjects\llm_eval\test\aapp_competition_test\3200\3200_gen_0.sv,openrouter/polaris-alpha,stop,,gen-1762675945-jc6C11SxMMtV1yS3iWhh
65,human_eval_test,0,488,1729,0,D:\PythonProjects\llm_eval\test\human_eval_test\65\65_gen_0.sv,openrouter/polaris-alpha,stop,,gen-1762675960-vnpbWZLcSwJJ9rU6CRet
590,mbpp_validation,0,624,1328,0,D:\PythonProjects\llm_eval\test\mbpp_validation\590\590_gen_0.sv,openrouter/polaris-alpha,stop,,gen-1762675976-vc9Jjc4IE8KX6VVKWLxT
3421,aapp_competition_test,0,560,1727,0,D:\PythonProjects\llm_eval\test\aapp_competition_test\3421\3421_gen_0.sv,openrouter/polaris-alpha,stop,,gen-1762675949-E3piSgTQh9sT5VILXqK4
3955,aapp_competition_test,0,677,1099,0,D:\PythonProjects\llm_eval\test\aapp_competition_test\3955\3955_gen_0.sv,openrouter/polaris-alpha,stop,,gen-1762675988-lYENs0JeayqKi1DHP6fz
433,mbpp_test,0,349,256,0,D:\PythonProjects\llm_eval\test\mbpp_test\433\433_gen_0.sv,openrouter/polaris-alpha,stop,,gen-1762676008-QVsqRFaMmr93MAa1flrQ
3880,aapp_competition_test,0,578,1158,0,D:\PythonProjects\llm_eval\test\aapp_competition_test\3880\3880_gen_0.sv,openrouter/polaris-alpha,stop,,gen-1762675987-HhRh8ymO2CRhiv3HAKX7
720,mbpp_train,0,436,173,0,D:\PythonProjects\llm_eval\test\mbpp_train\720\720_gen_0.sv,openrouter/polaris-alpha,stop,,gen-1762676014-wB3vujuAcTFDlXfhn0CD
118,human_eval_test,0,467,1681,0,D:\PythonProjects\llm_eval\test\human_eval_test\118\118_gen_0.sv,openrouter/polaris-alpha,stop,,gen-1762675999-bkywiRmRHY0BeT78bvJd
3529,aapp_competition_test,0,658,2290,0,D:\PythonProjects\llm_eval\test\aapp_competition_test\3529\3529_gen_0.sv,openrouter/polaris-alpha,stop,,gen-1762675977-UFGriHcvshcpffqZPqHn
3419,aapp_competition_test,0,609,1771,0,D:\PythonProjects\llm_eval\test\aapp_competition_test\3419\3419_gen_0.sv,openrouter/polaris-alpha,stop,,gen-1762675992-ClgHMutsOFjRJq90mx0v
3048,aapp_competition_test,0,531,378,0,D:\PythonProjects\llm_eval\test\aapp_competition_test\3048\3048_gen_0.sv,openrouter/polaris-alpha,stop,,gen-1762676031-ctYbNwhIUs4kurEL1wWv
304,mbpp_test,0,554,774,0,D:\PythonProjects\llm_eval\test\mbpp_test\304\304_gen_0.sv,openrouter/polaris-alpha,stop,,gen-1762676029-dtLIZ8CEmBMDSc9aA1yM
3769,aapp_competition_test,0,547,2373,0,D:\PythonProjects\llm_eval\test\aapp_competition_test\3769\3769_gen_0.sv,openrouter/polaris-alpha,stop,,gen-1762675979-Hdpl8jQ8wigDBFPjIZEv
473,mbpp_test,0,522,1400,0,D:\PythonProjects\llm_eval\test\mbpp_test\473\473_gen_0.sv,openrouter/polaris-alpha,stop,,gen-1762676013-sDAjzY0XMBOzRxCgQoQR
3772,aapp_competition_test,0,497,586,0,D:\PythonProjects\llm_eval\test\aapp_competition_test\3772\3772_gen_0.sv,openrouter/polaris-alpha,stop,,gen-1762676043-OD8omcoFO7nJvsH64g7O
3681,aapp_competition_test,0,842,1803,0,D:\PythonProjects\llm_eval\test\aapp_competition_test\3681\3681_gen_0.sv,openrouter/polaris-alpha,stop,,gen-1762675978-WUomYiVLlTqPbhCpWvYQ
3061,aapp_competition_test,0,560,4537,0,D:\PythonProjects\llm_eval\test\aapp_competition_test\3061\3061_gen_0.sv,openrouter/polaris-alpha,stop,,gen-1762675977-MnLMZZ2ZwZtasqN80jxB
91,human_eval_test,0,495,654,0,D:\PythonProjects\llm_eval\test\human_eval_test\91\91_gen_0.sv,openrouter/polaris-alpha,stop,,gen-1762676081-dsWVoSmqjYxkdLGBmTnq
151,human_eval_test,0,484,439,0,D:\PythonProjects\llm_eval\test\human_eval_test\151\151_gen_0.sv,openrouter/polaris-alpha,stop,,gen-1762676093-TLkE4AyRJnldatREuLud
3423,aapp_competition_test,0,624,1529,0,D:\PythonProjects\llm_eval\test\aapp_competition_test\3423\3423_gen_0.sv,openrouter/polaris-alpha,stop,,gen-1762676076-lnHbtoDIG4f5pJoFaRAa
3528,aapp_competition_test,0,627,4641,0,D:\PythonProjects\llm_eval\test\aapp_competition_test\3528\3528_gen_0.sv,openrouter/polaris-alpha,stop,,gen-1762676034-oHhIOl3aL9sxbte99oGw
145,mbpp_test,0,451,808,0,D:\PythonProjects\llm_eval\test\mbpp_test\145\145_gen_0.sv,openrouter/polaris-alpha,stop,,gen-1762676101-1NNBKWfcFGhHPCFJG2tH
3205,aapp_competition_test,0,731,2779,0,D:\PythonProjects\llm_eval\test\aapp_competition_test\3205\3205_gen_0.sv,openrouter/polaris-alpha,stop,,gen-1762676054-aVhtALyHyxVtuPJA641p
3652,aapp_competition_test,0,733,3454,0,D:\PythonProjects\llm_eval\test\aapp_competition_test\3652\3652_gen_0.sv,openrouter/polaris-alpha,stop,,gen-1762676042-UUzGiKE8BwCQf1ASKI8F
71,human_eval_test,0,645,2439,0,D:\PythonProjects\llm_eval\test\human_eval_test\71\71_gen_0.sv,openrouter/polaris-alpha,stop,,gen-1762676006-Q15Qo2mTRgvbhSSm5wOc
780,mbpp_train,0,645,574,0,D:\PythonProjects\llm_eval\test\mbpp_train\780\780_gen_0.sv,openrouter/polaris-alpha,stop,,gen-1762676113-RVDTWG5cScDKtAWANRa7
3881,aapp_competition_test,0,517,3605,0,D:\PythonProjects\llm_eval\test\aapp_competition_test\3881\3881_gen_0.sv,openrouter/polaris-alpha,stop,,gen-1762676045-DKvieFvSLiq9H1L0PRs2
739,mbpp_train,0,533,665,0,D:\PythonProjects\llm_eval\test\mbpp_train\739\739_gen_0.sv,openrouter/polaris-alpha,stop,,gen-1762676116-erb3PJ4ckuSOOk4DD6Kv
3885,aapp_competition_test,0,379,68,0,D:\PythonProjects\llm_eval\test\aapp_competition_test\3885\3885_gen_0.sv,openrouter/polaris-alpha,stop,,gen-1762676127-Guv3naLCbMKjqIL2lJVv
3196,aapp_competition_test,0,584,4511,0,D:\PythonProjects\llm_eval\test\aapp_competition_test\3196\3196_gen_0.sv,openrouter/polaris-alpha,stop,,gen-1762675988-lBSMJjtFo27Zdp9VJiJI
1,human_eval_test,0,682,1552,0,D:\PythonProjects\llm_eval\test\human_eval_test\1\1_gen_0.sv,openrouter/polaris-alpha,stop,,gen-1762676111-KF0ohwTVHAsAZ7BjxRp5
783,mbpp_train,0,674,3004,0,D:\PythonProjects\llm_eval\test\mbpp_train\783\783_gen_0.sv,openrouter/polaris-alpha,stop,,gen-1762676018-QQ4wXb4jggwO8WN8ycdL
97,human_eval_test,0,370,187,0,D:\PythonProjects\llm_eval\test\human_eval_test\97\97_gen_0.sv,openrouter/polaris-alpha,stop,,gen-1762676142-YGfbHRGyBUDDIh95ymkl
802,mbpp_train,0,467,555,0,D:\PythonProjects\llm_eval\test\mbpp_train\802\802_gen_0.sv,openrouter/polaris-alpha,stop,,gen-1762676146-BHsbZAKoiEhgjoXf5afD
3959,aapp_competition_test,0,520,2148,0,D:\PythonProjects\llm_eval\test\aapp_competition_test\3959\3959_gen_0.sv,openrouter/polaris-alpha,stop,,gen-1762676049-UGSZOgVDJRq2g8qcsrKb
396,mbpp_test,0,324,70,0,D:\PythonProjects\llm_eval\test\mbpp_test\396\396_gen_0.sv,openrouter/polaris-alpha,stop,,gen-1762676156-IqYHuIsJBcr5EvM5CIxF
3689,aapp_competition_test,0,579,1694,0,D:\PythonProjects\llm_eval\test\aapp_competition_test\3689\3689_gen_0.sv,openrouter/polaris-alpha,stop,,gen-1762676121-OMDxHodHfiOxawymwTt7
3522,aapp_competition_test,0,455,2452,0,D:\PythonProjects\llm_eval\test\aapp_competition_test\3522\3522_gen_0.sv,openrouter/polaris-alpha,stop,,gen-1762676120-cdiVai7Z4HnECnSVFdLj
226,mbpp_test,0,427,373,0,D:\PythonProjects\llm_eval\test\mbpp_test\226\226_gen_0.sv,openrouter/polaris-alpha,stop,,gen-1762676157-gvUCBFVPw508c7bEzU1o
3957,aapp_competition_test,0,632,2123,0,D:\PythonProjects\llm_eval\test\aapp_competition_test\3957\3957_gen_0.sv,openrouter/polaris-alpha,stop,,gen-1762676128-7CJ46ogGpmvmIgXOtfCv
3676,aapp_competition_test,0,595,231,0,D:\PythonProjects\llm_eval\test\aapp_competition_test\3676\3676_gen_0.sv,openrouter/polaris-alpha,stop,,gen-1762676163-XFkZGcAL1ucrRChCxMsV
39,human_eval_test,0,516,1740,0,D:\PythonProjects\llm_eval\test\human_eval_test\39\39_gen_0.sv,openrouter/polaris-alpha,stop,,gen-1762676138-oXvudGueKMOxnMZXzsnb
3778,aapp_competition_test,0,750,2451,0,D:\PythonProjects\llm_eval\test\aapp_competition_test\3778\3778_gen_0.sv,openrouter/polaris-alpha,stop,,gen-1762676124-vNV3OyDioVAd1Gpc1dCj
3884,aapp_competition_test,0,617,1162,0,D:\PythonProjects\llm_eval\test\aapp_competition_test\3884\3884_gen_0.sv,openrouter/polaris-alpha,stop,,gen-1762676165-bIwezweM7QrEQnnsPNfZ
3209,aapp_competition_test,0,683,3051,0,D:\PythonProjects\llm_eval\test\aapp_competition_test\3209\3209_gen_0.sv,openrouter/polaris-alpha,stop,,gen-1762676129-BOpYVzpwMITsGpSrz6Sh
66,human_eval_test,0,437,390,0,D:\PythonProjects\llm_eval\test\human_eval_test\66\66_gen_0.sv,openrouter/polaris-alpha,stop,,gen-1762676193-U4HkhRmeZh1t7CXAcb22
3958,aapp_competition_test,0,596,1930,0,D:\PythonProjects\llm_eval\test\aapp_competition_test\3958\3958_gen_0.sv,openrouter/polaris-alpha,stop,,gen-1762676168-cpEmwSa8MHnvgqU4BXzE
98,human_eval_test,0,426,359,0,D:\PythonProjects\llm_eval\test\human_eval_test\98\98_gen_0.sv,openrouter/polaris-alpha,stop,,gen-1762676195-NNKuSLQqDuKkiSFVGPnx
748,mbpp_train,0,566,852,0,D:\PythonProjects\llm_eval\test\mbpp_train\748\748_gen_0.sv,openrouter/polaris-alpha,stop,,gen-1762676201-jrdNAFktCv6ne60ZGSkn
3211,aapp_competition_test,0,538,2175,0,D:\PythonProjects\llm_eval\test\aapp_competition_test\3211\3211_gen_0.sv,openrouter/polaris-alpha,stop,,gen-1762676169-NyUXy7Tlk9VQOwwCD9jM
624,mbpp_train,0,384,563,0,D:\PythonProjects\llm_eval\test\mbpp_train\624\624_gen_0.sv,openrouter/polaris-alpha,stop,,gen-1762676202-xHdNxmkBjKGgNv08Q9cb
586,mbpp_validation,0,383,152,0,D:\PythonProjects\llm_eval\test\mbpp_validation\586\586_gen_0.sv,openrouter/polaris-alpha,stop,,gen-1762676216-7zyfa5tYlakfBaUyAWfV
3425,aapp_competition_test,0,608,2654,0,D:\PythonProjects\llm_eval\test\aapp_competition_test\3425\3425_gen_0.sv,openrouter/polaris-alpha,stop,,gen-1762676180-J2ldqxKpStqVU8VCSSOw
3063,aapp_competition_test,0,497,5024,0,D:\PythonProjects\llm_eval\test\aapp_competition_test\3063\3063_gen_0.sv,openrouter/polaris-alpha,stop,,gen-1762676119-vFtcBQTvHgOUqyfJGLW5
3779,aapp_competition_test,0,814,2887,0,D:\PythonProjects\llm_eval\test\aapp_competition_test\3779\3779_gen_0.sv,openrouter/polaris-alpha,stop,,gen-1762676164-i88DE5WqcoS5CnGO4oAq
414,mbpp_test,0,388,167,0,D:\PythonProjects\llm_eval\test\mbpp_test\414\414_gen_0.sv,openrouter/polaris-alpha,stop,,gen-1762676216-3fXD1sqPkiXSBtBqwmkO
569,mbpp_validation,0,568,1633,0,D:\PythonProjects\llm_eval\test\mbpp_validation\569\569_gen_0.sv,openrouter/polaris-alpha,stop,,gen-1762676202-ADda0dX1226HqTzkC8S3
3422,aapp_competition_test,0,724,6383,0,D:\PythonProjects\llm_eval\test\aapp_competition_test\3422\3422_gen_0.sv,openrouter/polaris-alpha,stop,,gen-1762676137-Fe6JJR0IXY98s51wq7JQ
3213,aapp_competition_test,0,699,921,0,D:\PythonProjects\llm_eval\test\aapp_competition_test\3213\3213_gen_0.sv,openrouter/polaris-alpha,stop,,gen-1762676239-bso2bBFkwngTA27gOHlN
3531,aapp_competition_test,0,670,4281,0,D:\PythonProjects\llm_eval\test\aapp_competition_test\3531\3531_gen_0.sv,openrouter/polaris-alpha,stop,,gen-1762676161-dJgSUOHAx7O2BDgjFvy7
3965,aapp_competition_test,0,598,1286,0,D:\PythonProjects\llm_eval\test\aapp_competition_test\3965\3965_gen_0.sv,openrouter/polaris-alpha,stop,,gen-1762676235-s8HnaESjCwkPePcOxz6l
284,mbpp_test,0,367,135,0,D:\PythonProjects\llm_eval\test\mbpp_test\284\284_gen_0.sv,openrouter/polaris-alpha,stop,,gen-1762676258-v5RzYPzAOp8Pz98zOXUS
13,human_eval_test,0,507,383,0,D:\PythonProjects\llm_eval\test\human_eval_test\13\13_gen_0.sv,openrouter/polaris-alpha,stop,,gen-1762676255-oZSLBKuf0SXiqtRLgck4
3062,aapp_competition_test,0,631,3014,0,D:\PythonProjects\llm_eval\test\aapp_competition_test\3062\3062_gen_0.sv,openrouter/polaris-alpha,stop,,gen-1762676158-h6y3AOuvDN7Pfgwb7rRg
3693,aapp_competition_test,0,637,2425,0,D:\PythonProjects\llm_eval\test\aapp_competition_test\3693\3693_gen_0.sv,openrouter/polaris-alpha,stop,,gen-1762676226-0w35Y1sCKyQCLxxRW4rQ
3887,aapp_competition_test,0,573,1605,0,D:\PythonProjects\llm_eval\test\aapp_competition_test\3887\3887_gen_0.sv,openrouter/polaris-alpha,stop,,gen-1762676234-vwpLhi0YbOH76gc1JjRh
566,mbpp_validation,0,467,960,0,D:\PythonProjects\llm_eval\test\mbpp_validation\566\566_gen_0.sv,openrouter/polaris-alpha,stop,,gen-1762676261-awV5yGIcfyV4AEFHKktN
3516,aapp_competition_test,0,897,3705,0,D:\PythonProjects\llm_eval\test\aapp_competition_test\3516\3516_gen_0.sv,openrouter/polaris-alpha,stop,,gen-1762676219-1wTeYCT6KmlUbgOWgQqQ
19,human_eval_test,0,509,1395,0,D:\PythonProjects\llm_eval\test\human_eval_test\19\19_gen_0.sv,openrouter/polaris-alpha,stop,,gen-1762676255-IDXp5rV6GN0dY9E7cB3v
104,human_eval_test,0,525,1642,0,D:\PythonProjects\llm_eval\test\human_eval_test\104\104_gen_0.sv,openrouter/polaris-alpha,stop,,gen-1762676265-2PsuNnJ3JeGTKhxg8jEb
3064,aapp_competition_test,0,577,3163,0,D:\PythonProjects\llm_eval\test\aapp_competition_test\3064\3064_gen_0.sv,openrouter/polaris-alpha,stop,,gen-1762676217-hzAjhP1TGVvj62HGtwu0
3060,aapp_competition_test,0,587,1145,0,D:\PythonProjects\llm_eval\test\aapp_competition_test\3060\3060_gen_0.sv,openrouter/polaris-alpha,stop,,gen-1762676271-IetGs4YdyXhKPgHO9Jr9
3780,aapp_competition_test,0,697,2205,0,D:\PythonProjects\llm_eval\test\aapp_competition_test\3780\3780_gen_0.sv,openrouter/polaris-alpha,stop,,gen-1762676229-A628w8LhopDXP8pa8W9F
3427,aapp_competition_test,0,624,2291,0,D:\PythonProjects\llm_eval\test\aapp_competition_test\3427\3427_gen_0.sv,openrouter/polaris-alpha,stop,,gen-1762676247-76Zaoiefy8IjvLXjtzlA
11,human_eval_test,0,353,69,0,D:\PythonProjects\llm_eval\test\human_eval_test\11\11_gen_0.sv,openrouter/polaris-alpha,stop,,gen-1762676301-plZEZj4K23dSAIHAtxhz
99,human_eval_test,0,406,334,0,D:\PythonProjects\llm_eval\test\human_eval_test\99\99_gen_0.sv,openrouter/polaris-alpha,stop,,gen-1762676303-ApZ43UZrsJczDDu2V93R
3889,aapp_competition_test,0,522,625,0,D:\PythonProjects\llm_eval\test\aapp_competition_test\3889\3889_gen_0.sv,openrouter/polaris-alpha,stop,,gen-1762676293-rRiPLJqlO0J3GJG6ZVAY
460,mbpp_test,0,491,86,0,D:\PythonProjects\llm_eval\test\mbpp_test\460\460_gen_0.sv,openrouter/polaris-alpha,stop,,gen-1762676309-183zvBxjWNr5XGQ0kSma
117,mbpp_test,0,448,2951,0,D:\PythonProjects\llm_eval\test\mbpp_test\117\117_gen_0.sv,openrouter/polaris-alpha,stop,,gen-1762676262-BXqTvCfTJEYNF7Hg3npV
629,mbpp_train,0,414,161,0,D:\PythonProjects\llm_eval\test\mbpp_train\629\629_gen_0.sv,openrouter/polaris-alpha,stop,,gen-1762676311-VWKpp59TPHTGscCIWHwK
593,mbpp_validation,0,483,2722,0,D:\PythonProjects\llm_eval\test\mbpp_validation\593\593_gen_0.sv,openrouter/polaris-alpha,stop,,gen-1762676268-yY49CNjpV8vEND5Eb1WO
766,mbpp_train,0,431,503,0,D:\PythonProjects\llm_eval\test\mbpp_train\766\766_gen_0.sv,openrouter/polaris-alpha,stop,,gen-1762676313-gLZztBGCEzjF3kMTtzjM
305,mbpp_test,0,467,732,0,D:\PythonProjects\llm_eval\test\mbpp_test\305\305_gen_0.sv,openrouter/polaris-alpha,stop,,gen-1762676314-IkCW20IuALilhxeuNYgP
3532,aapp_competition_test,0,734,3120,0,D:\PythonProjects\llm_eval\test\aapp_competition_test\3532\3532_gen_0.sv,openrouter/polaris-alpha,stop,,gen-1762676278-eG27z4i6Y9PeR71VCYIo
3786,aapp_competition_test,0,537,3765,0,D:\PythonProjects\llm_eval\test\aapp_competition_test\3786\3786_gen_0.sv,openrouter/polaris-alpha,stop,,gen-1762676287-emf2smNSktZggSMApy4r
745,mbpp_train,0,494,1869,0,D:\PythonProjects\llm_eval\test\mbpp_train\745\745_gen_0.sv,openrouter/polaris-alpha,stop,,gen-1762676312-lXbYmZyUzrc47c273HtI
3697,aapp_competition_test,0,696,2696,0,D:\PythonProjects\llm_eval\test\aapp_competition_test\3697\3697_gen_0.sv,openrouter/polaris-alpha,stop,,gen-1762676283-TnIGxBLjQVMb2zvk07ht
3066,aapp_competition_test,0,647,2637,0,D:\PythonProjects\llm_eval\test\aapp_competition_test\3066\3066_gen_0.sv,openrouter/polaris-alpha,stop,,gen-1762676315-aGltAy2jXDDE1MxyeiQ1
3214,aapp_competition_test,0,567,3053,0,D:\PythonProjects\llm_eval\test\aapp_competition_test\3214\3214_gen_0.sv,openrouter/polaris-alpha,stop,,gen-1762676300-jklF4r19M42tpHBJGiP6
64,human_eval_test,0,429,1086,0,D:\PythonProjects\llm_eval\test\human_eval_test\64\64_gen_0.sv,openrouter/polaris-alpha,stop,,gen-1762676367-ex4AOhfKo3b3GB2XkZpR
3790,aapp_competition_test,0,584,2265,0,D:\PythonProjects\llm_eval\test\aapp_competition_test\3790\3790_gen_0.sv,openrouter/polaris-alpha,stop,,gen-1762676348-Nksxomw32aU0UdFE4Hnd
72,human_eval_test,0,457,777,0,D:\PythonProjects\llm_eval\test\human_eval_test\72\72_gen_0.sv,openrouter/polaris-alpha,stop,,gen-1762676386-PCxh72bZHtcxU74cbpNs
3963,aapp_competition_test,0,652,2651,0,D:\PythonProjects\llm_eval\test\aapp_competition_test\3963\3963_gen_0.sv,openrouter/polaris-alpha,stop,,gen-1762676354-e7bBSYOGt5YEZzwfLnDI
165,mbpp_test,0,351,1005,0,D:\PythonProjects\llm_eval\test\mbpp_test\165\165_gen_0.sv,openrouter/polaris-alpha,stop,,gen-1762676387-0GI7mOkNHWIzO21BEO0w
3424,aapp_competition_test,0,598,1933,0,D:\PythonProjects\llm_eval\test\aapp_competition_test\3424\3424_gen_0.sv,openrouter/polaris-alpha,stop,,gen-1762676300-f4heVIugmBU72z6oSXJA
786,mbpp_train,0,421,265,0,D:\PythonProjects\llm_eval\test\mbpp_train\786\786_gen_0.sv,openrouter/polaris-alpha,stop,,gen-1762676400-Gf3ZZozbl453kV7DZN8o
81,human_eval_test,0,532,409,0,D:\PythonProjects\llm_eval\test\human_eval_test\81\81_gen_0.sv,openrouter/polaris-alpha,stop,,gen-1762676400-j4HJDBu0ofKbJdpI5d1m
3890,aapp_competition_test,0,597,3580,0,D:\PythonProjects\llm_eval\test\aapp_competition_test\3890\3890_gen_0.sv,openrouter/polaris-alpha,stop,,gen-1762676352-Kc9YbIxQKpo53ffiH80b
3698,aapp_competition_test,0,496,2640,0,D:\PythonProjects\llm_eval\test\aapp_competition_test\3698\3698_gen_0.sv,openrouter/polaris-alpha,stop,,gen-1762676334-vfHgaMBsOBN9Mk9u6oBT
3966,aapp_competition_test,0,480,2697,0,D:\PythonProjects\llm_eval\test\aapp_competition_test\3966\3966_gen_0.sv,openrouter/polaris-alpha,stop,,gen-1762676297-xywqRMnRNP5ShF8qjkOc
3212,aapp_competition_test,0,659,2739,0,D:\PythonProjects\llm_eval\test\aapp_competition_test\3212\3212_gen_0.sv,openrouter/polaris-alpha,stop,,gen-1762676354-KRK92BkwVrJ5epy6wb0n
3536,aapp_competition_test,0,613,860,0,D:\PythonProjects\llm_eval\test\aapp_competition_test\3536\3536_gen_0.sv,openrouter/polaris-alpha,stop,,gen-1762676405-a5xog6oQOBs7M8Ya1oCL
3969,aapp_competition_test,0,518,668,0,D:\PythonProjects\llm_eval\test\aapp_competition_test\3969\3969_gen_0.sv,openrouter/polaris-alpha,stop,,gen-1762676414-Sn0WIBTJuNC4I5keZtEt
3893,aapp_competition_test,0,616,691,0,D:\PythonProjects\llm_eval\test\aapp_competition_test\3893\3893_gen_0.sv,openrouter/polaris-alpha,stop,,gen-1762676413-9qYAgCl5k2FVuqoQLR5q
73,human_eval_test,0,390,171,0,D:\PythonProjects\llm_eval\test\human_eval_test\73\73_gen_0.sv,openrouter/polaris-alpha,stop,,gen-1762676426-0tefVPTfEiyCDN98LmZN
3538,aapp_competition_test,0,651,1943,0,D:\PythonProjects\llm_eval\test\aapp_competition_test\3538\3538_gen_0.sv,openrouter/polaris-alpha,stop,,gen-1762676325-dfGvQ1DBXHHfrbzuXqMf
3431,aapp_competition_test,0,611,3174,0,D:\PythonProjects\llm_eval\test\aapp_competition_test\3431\3431_gen_0.sv,openrouter/polaris-alpha,stop,,gen-1762676360-yoep8yKHIT0XNdk0Psxb
614,mbpp_train,0,452,414,0,D:\PythonProjects\llm_eval\test\mbpp_train\614\614_gen_0.sv,openrouter/polaris-alpha,stop,,gen-1762676426-TMFl82T69GS5GBGhjbWF
809,mbpp_train,0,375,145,0,D:\PythonProjects\llm_eval\test\mbpp_train\809\809_gen_0.sv,openrouter/polaris-alpha,stop,,gen-1762676430-r94tQet9IWPezEluwCBM
234,mbpp_test,0,330,82,0,D:\PythonProjects\llm_eval\test\mbpp_test\234\234_gen_0.sv,openrouter/polaris-alpha,stop,,gen-1762676432-l0q3GWAxubhIqwoak9Wa
227,mbpp_test,0,342,124,0,D:\PythonProjects\llm_eval\test\mbpp_test\227\227_gen_0.sv,openrouter/polaris-alpha,stop,,gen-1762676434-FqYX3lI5KtvOjAnW3WD9
393,mbpp_test,0,491,653,0,D:\PythonProjects\llm_eval\test\mbpp_test\393\393_gen_0.sv,openrouter/polaris-alpha,stop,,gen-1762676430-LlC0gDStfMmU0dp1R9eV
3702,aapp_competition_test,0,526,416,0,D:\PythonProjects\llm_eval\test\aapp_competition_test\3702\3702_gen_0.sv,openrouter/polaris-alpha,stop,,gen-1762676437-eFNpD5NQSdIUUcbA5NrW
3795,aapp_competition_test,0,547,1666,0,D:\PythonProjects\llm_eval\test\aapp_competition_test\3795\3795_gen_0.sv,openrouter/polaris-alpha,stop,,gen-1762676408-FjVb2nHrIpF4BEnfp4qC
119,human_eval_test,0,554,1700,0,D:\PythonProjects\llm_eval\test\human_eval_test\119\119_gen_0.sv,openrouter/polaris-alpha,stop,,gen-1762676421-BceHii2jav0ub055CzYL
3694,aapp_competition_test,0,615,2529,0,D:\PythonProjects\llm_eval\test\aapp_competition_test\3694\3694_gen_0.sv,openrouter/polaris-alpha,stop,,gen-1762676406-3lrzoptJj7OWkKnVYYDZ
3089,aapp_competition_test,0,603,2788,0,D:\PythonProjects\llm_eval\test\aapp_competition_test\3089\3089_gen_0.sv,openrouter/polaris-alpha,stop,,gen-1762676405-WOR8Tu5qbuio02kdUi6p
67,human_eval_test,0,400,83,0,D:\PythonProjects\llm_eval\test\human_eval_test\67\67_gen_0.sv,openrouter/polaris-alpha,stop,,gen-1762676467-MkFRySQsOBdWcjm0pKTv
3791,aapp_competition_test,0,636,1589,0,D:\PythonProjects\llm_eval\test\aapp_competition_test\3791\3791_gen_0.sv,openrouter/polaris-alpha,stop,,gen-1762676442-LpO5j9yOJZhPbpZyISVz
3222,aapp_competition_test,0,579,3784,0,D:\PythonProjects\llm_eval\test\aapp_competition_test\3222\3222_gen_0.sv,openrouter/polaris-alpha,stop,,gen-1762676415-rORojDVp6ZJvWRmPSzv4
3895,aapp_competition_test,0,617,1552,0,D:\PythonProjects\llm_eval\test\aapp_competition_test\3895\3895_gen_0.sv,openrouter/polaris-alpha,stop,,gen-1762676445-lJvT7v5CWZe27WniIdqf
46,human_eval_test,0,583,724,0,D:\PythonProjects\llm_eval\test\human_eval_test\46\46_gen_0.sv,openrouter/polaris-alpha,stop,,gen-1762676469-AoC2xCmngcJne4liLEcG
455,mbpp_test,0,339,163,0,D:\PythonProjects\llm_eval\test\mbpp_test\455\455_gen_0.sv,openrouter/polaris-alpha,stop,,gen-1762676482-SQLxaiY3gUqZebwpwix0
3420,aapp_competition_test,0,506,3155,0,D:\PythonProjects\llm_eval\test\aapp_competition_test\3420\3420_gen_0.sv,openrouter/polaris-alpha,stop,,gen-1762676419-qUekuquH61mQ4aWRWY0J
3970,aapp_competition_test,0,553,1855,0,D:\PythonProjects\llm_eval\test\aapp_competition_test\3970\3970_gen_0.sv,openrouter/polaris-alpha,stop,,gen-1762676446-GTKxzlLz3NPAOMUU3nUK
3070,aapp_competition_test,0,701,3381,0,D:\PythonProjects\llm_eval\test\aapp_competition_test\3070\3070_gen_0.sv,openrouter/polaris-alpha,stop,,gen-1762676435-FkqrHL9MnmV9GfvvqM0w
752,mbpp_train,0,520,952,0,D:\PythonProjects\llm_eval\test\mbpp_train\752\752_gen_0.sv,openrouter/polaris-alpha,stop,,gen-1762676478-rdUxfqPufwJXunBEuW6P
576,mbpp_validation,0,545,883,0,D:\PythonProjects\llm_eval\test\mbpp_validation\576\576_gen_0.sv,openrouter/polaris-alpha,,,gen-1762676480-IGuQgXMATvQcIDrrgyqs
623,mbpp_train,0,494,1334,0,D:\PythonProjects\llm_eval\test\mbpp_train\623\623_gen_0.sv,openrouter/polaris-alpha,stop,,gen-1762676480-zyxmFzHUgTOkmU8vSFL3
3221,aapp_competition_test,0,700,2720,0,D:\PythonProjects\llm_eval\test\aapp_competition_test\3221\3221_gen_0.sv,openrouter/polaris-alpha,stop,,gen-1762676459-SzZrHecdonMj2d9sMHVk
3542,aapp_competition_test,0,563,5292,0,D:\PythonProjects\llm_eval\test\aapp_competition_test\3542\3542_gen_0.sv,openrouter/polaris-alpha,stop,,gen-1762676435-kQzbYR4cxSq0u4qTuWYj
3968,aapp_competition_test,0,661,1070,0,D:\PythonProjects\llm_eval\test\aapp_competition_test\3968\3968_gen_0.sv,openrouter/polaris-alpha,stop,,gen-1762676502-P3QQDbeaIzWBGTrRVp8K
92,human_eval_test,0,373,211,0,D:\PythonProjects\llm_eval\test\human_eval_test\92\92_gen_0.sv,openrouter/polaris-alpha,stop,,gen-1762676526-vav47PeOxrpOQzugeHv2
3430,aapp_competition_test,0,760,3304,0,D:\PythonProjects\llm_eval\test\aapp_competition_test\3430\3430_gen_0.sv,openrouter/polaris-alpha,stop,,gen-1762676462-je0uZVlQRVlRUREUyxEU
282,mbpp_test,0,402,307,0,D:\PythonProjects\llm_eval\test\mbpp_test\282\282_gen_0.sv,openrouter/polaris-alpha,stop,,gen-1762676530-ZfeUEql3KvmAoyiEpfSh
3537,aapp_competition_test,0,617,2082,0,D:\PythonProjects\llm_eval\test\aapp_competition_test\3537\3537_gen_0.sv,openrouter/polaris-alpha,stop,,gen-1762676488-sFmjMQ5zGw6UDdWwDReC
3074,aapp_competition_test,0,609,2270,0,D:\PythonProjects\llm_eval\test\aapp_competition_test\3074\3074_gen_0.sv,openrouter/polaris-alpha,stop,,gen-1762676486-xL9WlAyrOx3U4y8roLF1
3706,aapp_competition_test,0,489,3133,0,D:\PythonProjects\llm_eval\test\aapp_competition_test\3706\3706_gen_0.sv,openrouter/polaris-alpha,stop,,gen-1762676489-V4B4t6tiUPZSSnyDWxV6
565,mbpp_validation,0,406,476,0,D:\PythonProjects\llm_eval\test\mbpp_validation\565\565_gen_0.sv,openrouter/polaris-alpha,stop,,gen-1762676535-DVbKsQOB8vgEfbAQef48
157,human_eval_test,0,366,247,0,D:\PythonProjects\llm_eval\test\human_eval_test\157\157_gen_0.sv,openrouter/polaris-alpha,stop,,gen-1762676541-kg3zuZ9gLT2iiZ6fZdzD
595,mbpp_validation,0,363,248,0,D:\PythonProjects\llm_eval\test\mbpp_validation\595\595_gen_0.sv,openrouter/polaris-alpha,stop,,gen-1762676543-VXdH1LpaXeofwfg4KTgl
3217,aapp_competition_test,0,659,1768,0,D:\PythonProjects\llm_eval\test\aapp_competition_test\3217\3217_gen_0.sv,openrouter/polaris-alpha,stop,,gen-1762676510-lIpKYKrCojDUTxqbOqMV
126,mbpp_test,0,441,843,0,D:\PythonProjects\llm_eval\test\mbpp_test\126\126_gen_0.sv,openrouter/polaris-alpha,stop,,gen-1762676536-kEpDhnHsBtnUoY5L8RpX
778,mbpp_train,0,556,1228,0,D:\PythonProjects\llm_eval\test\mbpp_train\778\778_gen_0.sv,openrouter/polaris-alpha,stop,,gen-1762676540-YtNppy7nrKIbJjBX1I6g
3805,aapp_competition_test,0,527,855,0,D:\PythonProjects\llm_eval\test\aapp_competition_test\3805\3805_gen_0.sv,openrouter/polaris-alpha,stop,,gen-1762676551-fF8S39aQ5cmMOFayeoUu
3433,aapp_competition_test,0,611,2689,0,D:\PythonProjects\llm_eval\test\aapp_competition_test\3433\3433_gen_0.sv,openrouter/polaris-alpha,stop,,gen-1762676521-QC6Ej1bhOCVl1BN4Dq1X
3775,aapp_competition_test,0,616,5091,0,D:\PythonProjects\llm_eval\test\aapp_competition_test\3775\3775_gen_0.sv,openrouter/polaris-alpha,stop,,gen-1762676493-le7Ub222LvYi3wET4vQF
3543,aapp_competition_test,0,615,2431,0,D:\PythonProjects\llm_eval\test\aapp_competition_test\3543\3543_gen_0.sv,openrouter/polaris-alpha,stop,,gen-1762676548-jzOf5Oc0L53jeE30Ucie
3710,aapp_competition_test,0,537,2463,0,D:\PythonProjects\llm_eval\test\aapp_competition_test\3710\3710_gen_0.sv,openrouter/polaris-alpha,stop,,gen-1762676548-iNS8UzmVCJcmTBiymE2m
3899,aapp_competition_test,0,509,2641,0,D:\PythonProjects\llm_eval\test\aapp_competition_test\3899\3899_gen_0.sv,openrouter/polaris-alpha,stop,,gen-1762676501-YCCGgAfpZMOPp8NNWmq4
477,mbpp_test,0,396,403,0,D:\PythonProjects\llm_eval\test\mbpp_test\477\477_gen_0.sv,openrouter/polaris-alpha,stop,,gen-1762676591-bDD1535jYK7gQT6d66MM
3073,aapp_competition_test,0,655,3289,0,D:\PythonProjects\llm_eval\test\aapp_competition_test\3073\3073_gen_0.sv,openrouter/polaris-alpha,stop,,gen-1762676545-0BKVsJ6tnokivEA2VCcY
3216,aapp_competition_test,0,657,1996,0,D:\PythonProjects\llm_eval\test\aapp_competition_test\3216\3216_gen_0.sv,openrouter/polaris-alpha,stop,,gen-1762676567-hRNdHxJaXi89PdDP93eJ
431,mbpp_test,0,488,250,0,D:\PythonProjects\llm_eval\test\mbpp_test\431\431_gen_0.sv,openrouter/polaris-alpha,stop,,gen-1762676598-kMYtTQC6FbTPvplejlh4
125,human_eval_test,0,487,902,0,D:\PythonProjects\llm_eval\test\human_eval_test\125\125_gen_0.sv,openrouter/polaris-alpha,stop,,gen-1762676529-xkbNAE72u5NKdginzJDD
3437,aapp_competition_test,0,602,3485,0,D:\PythonProjects\llm_eval\test\aapp_competition_test\3437\3437_gen_0.sv,openrouter/polaris-alpha,stop,,gen-1762676568-Knauy2mCV50GHfBn5GKu
3075,aapp_competition_test,0,683,2742,0,D:\PythonProjects\llm_eval\test\aapp_competition_test\3075\3075_gen_0.sv,openrouter/polaris-alpha,stop,,gen-1762676604-438oae4NW4ea3TtR6ero
3972,aapp_competition_test,0,588,1246,0,D:\PythonProjects\llm_eval\test\aapp_competition_test\3972\3972_gen_0.sv,openrouter/polaris-alpha,stop,,gen-1762676561-5r50xlnsMXDc0FMNcVEI
40,human_eval_test,0,392,298,0,D:\PythonProjects\llm_eval\test\human_eval_test\40\40_gen_0.sv,openrouter/polaris-alpha,stop,,gen-1762676580-IoxlPEestv2p8xgJUZ3Y
152,human_eval_test,0,405,231,0,D:\PythonProjects\llm_eval\test\human_eval_test\152\152_gen_0.sv,openrouter/polaris-alpha,stop,,gen-1762676590-KNu9uElmC6UlVJ8ao6pW
3883,aapp_competition_test,0,640,2958,0,D:\PythonProjects\llm_eval\test\aapp_competition_test\3883\3883_gen_0.sv,openrouter/polaris-alpha,stop,,gen-1762676551-9jDjDbOSPmNDCqIYkPf3
723,mbpp_train,0,407,363,0,D:\PythonProjects\llm_eval\test\mbpp_train\723\723_gen_0.sv,openrouter/polaris-alpha,stop,,gen-1762676596-r0qlOCo04JlzPjRZrQuN
742,mbpp_train,0,430,231,0,D:\PythonProjects\llm_eval\test\mbpp_train\742\742_gen_0.sv,openrouter/polaris-alpha,stop,,gen-1762676601-K5ihTzgUgMHT16EVyUyK
3978,aapp_competition_test,0,536,1731,0,D:\PythonProjects\llm_eval\test\aapp_competition_test\3978\3978_gen_0.sv,openrouter/polaris-alpha,stop,,gen-1762676656-L6cIfC0CkuZZKludQ7Tp
127,human_eval_test,0,393,653,0,D:\PythonProjects\llm_eval\test\human_eval_test\127\127_gen_0.sv,openrouter/polaris-alpha,stop,,gen-1762676677-8e82AixMeHITZ7lMk5Kx
54,human_eval_test,0,422,463,0,D:\PythonProjects\llm_eval\test\human_eval_test\54\54_gen_0.sv,openrouter/polaris-alpha,stop,,gen-1762676689-DDjVRvytRmbpFrV9oJTA
286,mbpp_test,0,646,1623,0,D:\PythonProjects\llm_eval\test\mbpp_test\286\286_gen_0.sv,openrouter/polaris-alpha,stop,,gen-1762676601-sbgyIIaz62Ik9edaEReb
3076,aapp_competition_test,0,637,1004,0,D:\PythonProjects\llm_eval\test\aapp_competition_test\3076\3076_gen_0.sv,openrouter/polaris-alpha,stop,,gen-1762676698-PsJx6yA1feRWAudCs1gB
3903,aapp_competition_test,0,512,3909,0,D:\PythonProjects\llm_eval\test\aapp_competition_test\3903\3903_gen_0.sv,openrouter/polaris-alpha,stop,,gen-1762676654-RrnkSoBRdPy47fw9rN0Q
3546,aapp_competition_test,0,808,2241,0,D:\PythonProjects\llm_eval\test\aapp_competition_test\3546\3546_gen_0.sv,openrouter/polaris-alpha,stop,,gen-1762676616-yk3S2EQXPOXFbAuhLyS5
3802,aapp_competition_test,0,633,4841,0,D:\PythonProjects\llm_eval\test\aapp_competition_test\3802\3802_gen_0.sv,openrouter/polaris-alpha,stop,,gen-1762676651-LByDDQ9nDg21GXQAIyog
3553,aapp_competition_test,0,530,2145,0,D:\PythonProjects\llm_eval\test\aapp_competition_test\3553\3553_gen_0.sv,openrouter/polaris-alpha,stop,,gen-1762676700-ate4jXLbtaKGQw1fqN0t
3226,aapp_competition_test,0,528,4198,0,D:\PythonProjects\llm_eval\test\aapp_competition_test\3226\3226_gen_0.sv,openrouter/polaris-alpha,stop,,gen-1762676667-NwUrrxOR7uKJ7nyNoH7j
3712,aapp_competition_test,0,760,1875,0,D:\PythonProjects\llm_eval\test\aapp_competition_test\3712\3712_gen_0.sv,openrouter/polaris-alpha,stop,,gen-1762676716-T6yQsXjlTNgTVIKB0PjO
3714,aapp_competition_test,0,565,3325,0,D:\PythonProjects\llm_eval\test\aapp_competition_test\3714\3714_gen_0.sv,openrouter/polaris-alpha,stop,,gen-1762676628-bFQdR0DK5tehZLbvCsS0
14,human_eval_test,0,523,826,0,D:\PythonProjects\llm_eval\test\human_eval_test\14\14_gen_0.sv,openrouter/polaris-alpha,stop,,gen-1762676674-AFd7DXzOYM8QeMFIiPPo
808,mbpp_train,0,339,227,0,D:\PythonProjects\llm_eval\test\mbpp_train\808\808_gen_0.sv,openrouter/polaris-alpha,stop,,gen-1762676760-v0ZPijx14IrCd7kXWZv4
93,human_eval_test,0,541,829,0,D:\PythonProjects\llm_eval\test\human_eval_test\93\93_gen_0.sv,openrouter/polaris-alpha,stop,,gen-1762676750-f2oH3uxrU9D6426t7DPi
140,mbpp_test,0,527,855,0,D:\PythonProjects\llm_eval\test\mbpp_test\140\140_gen_0.sv,openrouter/polaris-alpha,stop,,gen-1762676687-TMc7M27CDpDSXQAtA5d1
392,mbpp_test,0,590,902,0,D:\PythonProjects\llm_eval\test\mbpp_test\392\392_gen_0.sv,openrouter/polaris-alpha,stop,,gen-1762676764-5QmdihBfJWRfhqDxnse3
47,human_eval_test,0,478,1352,0,D:\PythonProjects\llm_eval\test\human_eval_test\47\47_gen_0.sv,openrouter/polaris-alpha,stop,,gen-1762676756-kpICKfhfJZSXR21vHSef
3806,aapp_competition_test,0,494,129,0,D:\PythonProjects\llm_eval\test\aapp_competition_test\3806\3806_gen_0.sv,openrouter/polaris-alpha,stop,,gen-1762676781-6uwUaUybJR6rZiGmtmVw
3428,aapp_competition_test,0,730,2772,0,D:\PythonProjects\llm_eval\test\aapp_competition_test\3428\3428_gen_0.sv,openrouter/polaris-alpha,stop,,gen-1762676673-NwLsRhtlHDUiDZ5GdXib
3807,aapp_competition_test,0,669,1906,0,D:\PythonProjects\llm_eval\test\aapp_competition_test\3807\3807_gen_0.sv,openrouter/polaris-alpha,stop,,gen-1762676721-INpxxCGqMdvtXkVJbebS
3225,aapp_competition_test,0,589,1541,0,D:\PythonProjects\llm_eval\test\aapp_competition_test\3225\3225_gen_0.sv,openrouter/polaris-alpha,stop,,gen-1762676738-oAjbz3dQoNf0Gx0GGmHn
3904,aapp_competition_test,0,532,2519,0,D:\PythonProjects\llm_eval\test\aapp_competition_test\3904\3904_gen_0.sv,openrouter/polaris-alpha,stop,,gen-1762676728-HbPy6Slyrtt2UMDPDqrV
41,human_eval_test,0,337,62,0,D:\PythonProjects\llm_eval\test\human_eval_test\41\41_gen_0.sv,openrouter/polaris-alpha,stop,,gen-1762676842-y9dl0Cd523w9K7oFVLD1
3977,aapp_competition_test,0,646,2615,0,D:\PythonProjects\llm_eval\test\aapp_competition_test\3977\3977_gen_0.sv,openrouter/polaris-alpha,stop,,gen-1762676735-L1LQVgpSke6HJvackfsc
606,mbpp_train,0,378,115,0,D:\PythonProjects\llm_eval\test\mbpp_train\606\606_gen_0.sv,openrouter/polaris-alpha,stop,,gen-1762676850-7lql0P1LQLfvwm5aignQ
3716,aapp_competition_test,0,491,877,0,D:\PythonProjects\llm_eval\test\aapp_competition_test\3716\3716_gen_0.sv,openrouter/polaris-alpha,stop,,gen-1762676781-HPxcdbpmk69eluw465kK
3444,aapp_competition_test,0,707,2324,0,D:\PythonProjects\llm_eval\test\aapp_competition_test\3444\3444_gen_0.sv,openrouter/polaris-alpha,stop,,gen-1762676835-2UdfKfh1qYA4tKfj67se
3441,aapp_competition_test,0,607,3897,0,D:\PythonProjects\llm_eval\test\aapp_competition_test\3441\3441_gen_0.sv,openrouter/polaris-alpha,stop,,gen-1762676739-Zs8I1EPvLJDeFU7KsL35
3554,aapp_competition_test,0,594,2128,0,D:\PythonProjects\llm_eval\test\aapp_competition_test\3554\3554_gen_0.sv,openrouter/polaris-alpha,stop,,gen-1762676773-Kj2TpDsuue9NRBL6YWrB
628,mbpp_train,0,498,727,0,D:\PythonProjects\llm_eval\test\mbpp_train\628\628_gen_0.sv,openrouter/polaris-alpha,stop,,gen-1762676877-nDxi5Locm0eNoEvk0zNp
3229,aapp_competition_test,0,573,4383,0,D:\PythonProjects\llm_eval\test\aapp_competition_test\3229\3229_gen_0.sv,openrouter/polaris-alpha,stop,,gen-1762676825-UEJBhZIuIndkNNn9lyrf
3080,aapp_competition_test,0,604,4740,0,D:\PythonProjects\llm_eval\test\aapp_competition_test\3080\3080_gen_0.sv,openrouter/polaris-alpha,stop,,gen-1762676765-O4cPJ3MIoiVTs0DzRfIp
3534,aapp_competition_test,0,604,1751,0,D:\PythonProjects\llm_eval\test\aapp_competition_test\3534\3534_gen_0.sv,openrouter/polaris-alpha,stop,,gen-1762676891-W23mLBjvlnU5bAGSwgEk
3705,aapp_competition_test,0,521,2048,0,D:\PythonProjects\llm_eval\test\aapp_competition_test\3705\3705_gen_0.sv,openrouter/polaris-alpha,stop,,gen-1762676901-pprSfTmdS3HmuRjoWOz0
21,human_eval_test,0,544,1466,0,D:\PythonProjects\llm_eval\test\human_eval_test\21\21_gen_0.sv,openrouter/polaris-alpha,stop,,gen-1762676844-FXnnaMyXw8JtoS90oSgD
3911,aapp_competition_test,0,607,1084,0,D:\PythonProjects\llm_eval\test\aapp_competition_test\3911\3911_gen_0.sv,openrouter/polaris-alpha,stop,,gen-1762676921-x1BPtJCVWw4OJjjyP5qb
749,mbpp_train,0,519,1038,0,D:\PythonProjects\llm_eval\test\mbpp_train\749\749_gen_0.sv,openrouter/polaris-alpha,stop,,gen-1762676853-xXKIwtA0I830qI4UcToK
581,mbpp_validation,0,354,182,0,D:\PythonProjects\llm_eval\test\mbpp_validation\581\581_gen_0.sv,openrouter/polaris-alpha,stop,,gen-1762676876-PgjNg0ckiBXC44JHbhFg
573,mbpp_validation,0,540,909,0,D:\PythonProjects\llm_eval\test\mbpp_validation\573\573_gen_0.sv,openrouter/polaris-alpha,stop,,gen-1762676866-cQ5Sw4ooHcmf5oJvBXEm
280,mbpp_test,0,573,434,0,D:\PythonProjects\llm_eval\test\mbpp_test\280\280_gen_0.sv,openrouter/polaris-alpha,stop,,gen-1762676954-nZbAAHD7Z9RK5c0Si67y
48,human_eval_test,0,435,710,0,D:\PythonProjects\llm_eval\test\human_eval_test\48\48_gen_0.sv,openrouter/polaris-alpha,stop,,gen-1762676951-0afIyT6bOKjCjstsRsqD
52,human_eval_test,0,351,109,0,D:\PythonProjects\llm_eval\test\human_eval_test\52\52_gen_0.sv,openrouter/polaris-alpha,stop,,gen-1762676964-2L8tg3cMPCh9XkrVYYuh
3905,aapp_competition_test,0,676,3783,0,D:\PythonProjects\llm_eval\test\aapp_competition_test\3905\3905_gen_0.sv,openrouter/polaris-alpha,stop,,gen-1762676836-an4QjxIWt7x8Dp3aaoTY
3981,aapp_competition_test,0,600,8060,0,D:\PythonProjects\llm_eval\test\aapp_competition_test\3981\3981_gen_0.sv,openrouter/polaris-alpha,stop,,gen-1762676792-kMJhUFcrdVkklFg210Ai
3082,aapp_competition_test,0,738,3117,0,D:\PythonProjects\llm_eval\test\aapp_competition_test\3082\3082_gen_0.sv,openrouter/polaris-alpha,stop,,gen-1762676881-MWzNByevlMQEIuWNEXOj
3081,aapp_competition_test,0,641,2116,0,D:\PythonProjects\llm_eval\test\aapp_competition_test\3081\3081_gen_0.sv,openrouter/polaris-alpha,stop,,gen-1762676971-Nfs4ctulrcXuh1RDFOJ5
3776,aapp_competition_test,0,713,2249,0,D:\PythonProjects\llm_eval\test\aapp_competition_test\3776\3776_gen_0.sv,openrouter/polaris-alpha,stop,,gen-1762676918-lHdEdl38PPmNpCA604UR
146,human_eval_test,0,501,1479,0,D:\PythonProjects\llm_eval\test\human_eval_test\146\146_gen_0.sv,openrouter/polaris-alpha,stop,,gen-1762676942-gxmxLbZxGNWYvXKxiY6q
3228,aapp_competition_test,0,736,1788,0,D:\PythonProjects\llm_eval\test\aapp_competition_test\3228\3228_gen_0.sv,openrouter/polaris-alpha,stop,,gen-1762676940-BrMIKKdPfrWZT14RrRxZ
128,mbpp_test,0,435,599,0,D:\PythonProjects\llm_eval\test\mbpp_test\128\128_gen_0.sv,openrouter/polaris-alpha,stop,,gen-1762676963-ZgDv7DWao2GE0rvTvxzr
3558,aapp_competition_test,0,551,3031,0,D:\PythonProjects\llm_eval\test\aapp_competition_test\3558\3558_gen_0.sv,openrouter/polaris-alpha,stop,,gen-1762677001-wMwm2K8QDYxEaCj1smGu
3987,aapp_competition_test,0,671,1219,0,D:\PythonProjects\llm_eval\test\aapp_competition_test\3987\3987_gen_0.sv,openrouter/polaris-alpha,stop,,gen-1762677039-3Z4Myxwpjh00uafjWKRB
598,mbpp_validation,0,472,1467,0,D:\PythonProjects\llm_eval\test\mbpp_validation\598\598_gen_0.sv,openrouter/polaris-alpha,stop,,gen-1762676966-CV6YIffmEXUdXaJOGgmJ
3442,aapp_competition_test,0,618,3012,0,D:\PythonProjects\llm_eval\test\aapp_competition_test\3442\3442_gen_0.sv,openrouter/polaris-alpha,stop,,gen-1762676940-WIARJ5vXmkkU28h56yMl
476,mbpp_test,0,377,261,0,D:\PythonProjects\llm_eval\test\mbpp_test\476\476_gen_0.sv,openrouter/polaris-alpha,stop,,gen-1762677062-CIkLV1X7b4FW0nZGvvrZ
100,human_eval_test,0,421,539,0,D:\PythonProjects\llm_eval\test\human_eval_test\100\100_gen_0.sv,openrouter/polaris-alpha,stop,,gen-1762677061-LqmiWVbfh64AZekJC2jq
3810,aapp_competition_test,0,593,3759,0,D:\PythonProjects\llm_eval\test\aapp_competition_test\3810\3810_gen_0.sv,openrouter/polaris-alpha,stop,,gen-1762677008-wTHOjO9gAKyKb25qSngm
798,mbpp_train,0,357,101,0,D:\PythonProjects\llm_eval\test\mbpp_train\798\798_gen_0.sv,openrouter/polaris-alpha,stop,,gen-1762677071-k3kD3uuhhlEpzWeYdTVe
309,mbpp_test,0,344,61,0,D:\PythonProjects\llm_eval\test\mbpp_test\309\309_gen_0.sv,openrouter/polaris-alpha,stop,,gen-1762677072-8tZy2jd2Kmz9VMvvyR32
3985,aapp_competition_test,0,555,4114,0,D:\PythonProjects\llm_eval\test\aapp_competition_test\3985\3985_gen_0.sv,openrouter/polaris-alpha,stop,,gen-1762676936-33YvvGoTPemW3i0OQ5jy
724,mbpp_train,0,449,1547,0,D:\PythonProjects\llm_eval\test\mbpp_train\724\724_gen_0.sv,openrouter/polaris-alpha,stop,,gen-1762677063-l64ON6TnJ3SQ6S63NTE9
3230,aapp_competition_test,0,570,2788,0,D:\PythonProjects\llm_eval\test\aapp_competition_test\3230\3230_gen_0.sv,openrouter/polaris-alpha,stop,,gen-1762677042-JydYpve7wl6OUKlTjm7K
763,mbpp_train,0,493,1761,0,D:\PythonProjects\llm_eval\test\mbpp_train\763\763_gen_0.sv,openrouter/polaris-alpha,stop,,gen-1762677068-gdZvZpSsie7iOlLspejK
3715,aapp_competition_test,0,519,1334,0,D:\PythonProjects\llm_eval\test\aapp_competition_test\3715\3715_gen_0.sv,openrouter/polaris-alpha,stop,,gen-1762677005-sr76oANABqUZ7SOwmeIB
3085,aapp_competition_test,0,493,1807,0,D:\PythonProjects\llm_eval\test\aapp_competition_test\3085\3085_gen_0.sv,openrouter/polaris-alpha,stop,,gen-1762677074-eHBGusqtSW6lgUpr3P4z
3984,aapp_competition_test,0,680,599,0,D:\PythonProjects\llm_eval\test\aapp_competition_test\3984\3984_gen_0.sv,openrouter/polaris-alpha,stop,,gen-1762677098-SrcgYtSMddNxxm6puKwq
120,human_eval_test,0,574,1057,0,D:\PythonProjects\llm_eval\test\human_eval_test\120\120_gen_0.sv,openrouter/polaris-alpha,stop,,gen-1762677053-yyJKCYTegZzAIg7r1LCc
3231,aapp_competition_test,0,633,2746,0,D:\PythonProjects\llm_eval\test\aapp_competition_test\3231\3231_gen_0.sv,openrouter/polaris-alpha,stop,,gen-1762677100-F0OBhm4a1MBk7mVjmRya
3858,aapp_competition_test,0,502,3025,0,D:\PythonProjects\llm_eval\test\aapp_competition_test\3858\3858_gen_0.sv,openrouter/polaris-alpha,stop,,gen-1762677027-yEovWfezVnoGymBvKurq
161,mbpp_test,0,451,361,0,D:\PythonProjects\llm_eval\test\mbpp_test\161\161_gen_0.sv,openrouter/polaris-alpha,stop,,gen-1762677148-9KaxrPj7HEmO4wjBKMwc
3434,aapp_competition_test,0,677,3974,0,D:\PythonProjects\llm_eval\test\aapp_competition_test\3434\3434_gen_0.sv,openrouter/polaris-alpha,stop,,gen-1762677105-qJGXp7YcBdtIPtxrvCTM
3445,aapp_competition_test,0,642,3508,0,D:\PythonProjects\llm_eval\test\aapp_competition_test\3445\3445_gen_0.sv,openrouter/polaris-alpha,stop,,gen-1762677044-KZmGnh951F3PkgW0tmtW
3720,aapp_competition_test,0,544,1604,0,D:\PythonProjects\llm_eval\test\aapp_competition_test\3720\3720_gen_0.sv,openrouter/polaris-alpha,stop,,gen-1762677079-1XiTNGqIrDZ2JlkfE10U
20,human_eval_test,0,442,2199,0,D:\PythonProjects\llm_eval\test\human_eval_test\20\20_gen_0.sv,openrouter/polaris-alpha,stop,,gen-1762677143-GiDZZktQYHOBtvohhVer
3815,aapp_competition_test,0,707,2173,0,D:\PythonProjects\llm_eval\test\aapp_competition_test\3815\3815_gen_0.sv,openrouter/polaris-alpha,stop,,gen-1762677090-5FMlVkd1RVtWUHxNm7Ze
15,human_eval_test,0,529,1050,0,D:\PythonProjects\llm_eval\test\human_eval_test\15\15_gen_0.sv,openrouter/polaris-alpha,stop,,gen-1762677110-nuYcyFfvP9tbfv1e2QA4
3912,aapp_competition_test,0,639,2878,0,D:\PythonProjects\llm_eval\test\aapp_competition_test\3912\3912_gen_0.sv,openrouter/polaris-alpha,stop,,gen-1762677090-B6CtDDtX1hAJoG3DnIeg
3717,aapp_competition_test,0,727,2176,0,D:\PythonProjects\llm_eval\test\aapp_competition_test\3717\3717_gen_0.sv,openrouter/polaris-alpha,stop,,gen-1762677176-0TTq1ipFMi0UcUkwkiqF
121,human_eval_test,0,515,447,0,D:\PythonProjects\llm_eval\test\human_eval_test\121\121_gen_0.sv,openrouter/polaris-alpha,stop,,gen-1762677214-0C8rKRvIbxn01a4ym50k
22,human_eval_test,0,476,449,0,D:\PythonProjects\llm_eval\test\human_eval_test\22\22_gen_0.sv,openrouter/polaris-alpha,stop,,gen-1762677222-6iRUJCubP4KjW49hlCG6
801,mbpp_train,0,369,177,0,D:\PythonProjects\llm_eval\test\mbpp_train\801\801_gen_0.sv,openrouter/polaris-alpha,stop,,gen-1762677230-SGY2w1zm8aa0UqBFGMYQ
404,mbpp_test,0,326,80,0,D:\PythonProjects\llm_eval\test\mbpp_test\404\404_gen_0.sv,openrouter/polaris-alpha,stop,,gen-1762677234-HSffkN4hWklrcAuX7vT6
106,human_eval_test,0,611,1388,0,D:\PythonProjects\llm_eval\test\human_eval_test\106\106_gen_0.sv,openrouter/polaris-alpha,stop,,gen-1762677150-bhWSHSMtnWS1ReYoNfq3
3084,aapp_competition_test,0,589,625,0,D:\PythonProjects\llm_eval\test\aapp_competition_test\3084\3084_gen_0.sv,openrouter/polaris-alpha,stop,,gen-1762677236-30sP1OPSaBhV2dxFFtJL
3559,aapp_competition_test,0,752,6883,0,D:\PythonProjects\llm_eval\test\aapp_competition_test\3559\3559_gen_0.sv,openrouter/polaris-alpha,stop,,gen-1762677074-lqWiTQr4wZN0NU3f2zcl
3083,aapp_competition_test,0,665,2343,0,D:\PythonProjects\llm_eval\test\aapp_competition_test\3083\3083_gen_0.sv,openrouter/polaris-alpha,stop,,gen-1762677155-6fn0fl3OPl8dXaU8a5Pl
3817,aapp_competition_test,0,547,1154,0,D:\PythonProjects\llm_eval\test\aapp_competition_test\3817\3817_gen_0.sv,openrouter/polaris-alpha,stop,,gen-1762677177-KKlZydyJYijaqqy0TDQ3
3824,aapp_competition_test,0,500,404,0,D:\PythonProjects\llm_eval\test\aapp_competition_test\3824\3824_gen_0.sv,openrouter/polaris-alpha,stop,,gen-1762677263-5qYdP1nQs19ip94AOtk1
3703,aapp_competition_test,0,499,1007,0,D:\PythonProjects\llm_eval\test\aapp_competition_test\3703\3703_gen_0.sv,openrouter/polaris-alpha,stop,,gen-1762677248-v5F63y4ekIUyh5z522Wk
3913,aapp_competition_test,0,580,1723,0,D:\PythonProjects\llm_eval\test\aapp_competition_test\3913\3913_gen_0.sv,openrouter/polaris-alpha,stop,,gen-1762677181-jsltooDua9A6BvrXJgLX
3562,aapp_competition_test,0,681,2372,0,D:\PythonProjects\llm_eval\test\aapp_competition_test\3562\3562_gen_0.sv,openrouter/polaris-alpha,stop,,gen-1762677173-fBdtG5FJKslwFLn4zsSU
75,human_eval_test,0,393,299,0,D:\PythonProjects\llm_eval\test\human_eval_test\75\75_gen_0.sv,openrouter/polaris-alpha,stop,,gen-1762677285-zuDD73rzyEhNVsFylIk7
3916,aapp_competition_test,0,447,2362,0,D:\PythonProjects\llm_eval\test\aapp_competition_test\3916\3916_gen_0.sv,openrouter/polaris-alpha,stop,,gen-1762677266-AUMt1fhx9sysa9TE7w05
3203,aapp_competition_test,0,551,2051,0,D:\PythonProjects\llm_eval\test\aapp_competition_test\3203\3203_gen_0.sv,openrouter/polaris-alpha,stop,,gen-1762677202-UVuVxQiGk6F4dLJlHR4G
3447,aapp_competition_test,0,628,5736,0,D:\PythonProjects\llm_eval\test\aapp_competition_test\3447\3447_gen_0.sv,openrouter/polaris-alpha,stop,,gen-1762677210-5VDMM0RcsmPyrejJ4If0
3446,aapp_competition_test,0,684,2274,0,D:\PythonProjects\llm_eval\test\aapp_competition_test\3446\3446_gen_0.sv,openrouter/polaris-alpha,stop,,gen-1762677273-0KBvNfECpRcYcDbLK7Vy
625,mbpp_train,0,516,240,0,D:\PythonProjects\llm_eval\test\mbpp_train\625\625_gen_0.sv,openrouter/polaris-alpha,stop,,gen-1762677308-Ne0SYFwso4m9JIqvCQKi
3234,aapp_competition_test,0,574,2690,0,D:\PythonProjects\llm_eval\test\aapp_competition_test\3234\3234_gen_0.sv,openrouter/polaris-alpha,stop,,gen-1762677271-sQ4W9nC5VtFT2fc6yprq
3988,aapp_competition_test,0,628,3270,0,D:\PythonProjects\llm_eval\test\aapp_competition_test\3988\3988_gen_0.sv,openrouter/polaris-alpha,stop,,gen-1762677268-nIaQVgXDbujqSu3OxScB
747,mbpp_train,0,726,1569,0,D:\PythonProjects\llm_eval\test\mbpp_train\747\747_gen_0.sv,openrouter/polaris-alpha,stop,,gen-1762677307-YaA30ZxktNms1ATkfySD
3989,aapp_competition_test,0,585,3714,0,D:\PythonProjects\llm_eval\test\aapp_competition_test\3989\3989_gen_0.sv,openrouter/polaris-alpha,stop,,gen-1762677199-J1Jihko9cp5J3Aah1PXG
579,mbpp_validation,0,507,2888,0,D:\PythonProjects\llm_eval\test\mbpp_validation\579\579_gen_0.sv,openrouter/polaris-alpha,stop,,gen-1762677291-Auz00ycrTYGZHOtVKa2B
3995,aapp_competition_test,0,505,407,0,D:\PythonProjects\llm_eval\test\aapp_competition_test\3995\3995_gen_0.sv,openrouter/polaris-alpha,stop,,gen-1762677335-YaRB80cFIwmiOj4vR5dM
3564,aapp_competition_test,0,795,4800,0,D:\PythonProjects\llm_eval\test\aapp_competition_test\3564\3564_gen_0.sv,openrouter/polaris-alpha,stop,,gen-1762677274-dstEg1hacKJ4uqfxJwJD
68,human_eval_test,0,451,273,0,D:\PythonProjects\llm_eval\test\human_eval_test\68\68_gen_0.sv,openrouter/polaris-alpha,stop,,gen-1762677357-9CoIDlpjq850jrB3mn5e
16,human_eval_test,0,456,933,0,D:\PythonProjects\llm_eval\test\human_eval_test\16\16_gen_0.sv,openrouter/polaris-alpha,stop,,gen-1762677282-vNQfCLACssIJJhqMm83h
287,mbpp_test,0,390,352,0,D:\PythonProjects\llm_eval\test\mbpp_test\287\287_gen_0.sv,openrouter/polaris-alpha,stop,,gen-1762677370-d309GkUwVR33CXsMXPG1
3709,aapp_competition_test,0,445,4181,0,D:\PythonProjects\llm_eval\test\aapp_competition_test\3709\3709_gen_0.sv,openrouter/polaris-alpha,stop,,gen-1762677317-nybl1l1XQ64VdEDaryFn
453,mbpp_test,0,566,2548,0,D:\PythonProjects\llm_eval\test\mbpp_test\453\453_gen_0.sv,openrouter/polaris-alpha,stop,,gen-1762677309-boqAYRhLPMsEwDQu5LSn
600,mbpp_validation,0,314,69,0,D:\PythonProjects\llm_eval\test\mbpp_validation\600\600_gen_0.sv,openrouter/polaris-alpha,stop,,gen-1762677424-LVRT6BUxZFrhCTX19aIJ
3091,aapp_competition_test,0,542,3073,0,D:\PythonProjects\llm_eval\test\aapp_competition_test\3091\3091_gen_0.sv,openrouter/polaris-alpha,stop,,gen-1762677312-ObF7FgS4fMXu2OBOjTmu
3822,aapp_competition_test,0,710,2533,0,D:\PythonProjects\llm_eval\test\aapp_competition_test\3822\3822_gen_0.sv,openrouter/polaris-alpha,stop,,gen-1762677324-Zt40amyGpWxbU9MGvTlE
3240,aapp_competition_test,0,649,2003,0,D:\PythonProjects\llm_eval\test\aapp_competition_test\3240\3240_gen_0.sv,openrouter/polaris-alpha,stop,,gen-1762677340-nmugQNLDvGZL7SnaY9zG
3574,aapp_competition_test,0,593,543,0,D:\PythonProjects\llm_eval\test\aapp_competition_test\3574\3574_gen_0.sv,openrouter/polaris-alpha,stop,,gen-1762677437-hfbMvDJPdKZN5XOTCu4K
101,human_eval_test,0,524,1194,0,D:\PythonProjects\llm_eval\test\human_eval_test\101\101_gen_0.sv,openrouter/polaris-alpha,stop,,gen-1762677362-6epJHKkULCYCyx9o07UL
3725,aapp_competition_test,0,616,881,0,D:\PythonProjects\llm_eval\test\aapp_competition_test\3725\3725_gen_0.sv,openrouter/polaris-alpha,stop,,gen-1762677438-aSiby2h0YXD2MWDuyZvd
3571,aapp_competition_test,0,692,4323,0,D:\PythonProjects\llm_eval\test\aapp_competition_test\3571\3571_gen_0.sv,openrouter/polaris-alpha,stop,,gen-1762677313-gF1vl1R69mMFrZSAovKl
3451,aapp_competition_test,0,668,2936,0,D:\PythonProjects\llm_eval\test\aapp_competition_test\3451\3451_gen_0.sv,openrouter/polaris-alpha,stop,,gen-1762677343-ke8TlCkHctV1a0fTmRgx
95,human_eval_test,0,465,722,0,D:\PythonProjects\llm_eval\test\human_eval_test\95\95_gen_0.sv,openrouter/polaris-alpha,stop,,gen-1762677465-AFDFwmkW2MRNtho0Jrp4
129,mbpp_test,0,521,1975,0,D:\PythonProjects\llm_eval\test\mbpp_test\129\129_gen_0.sv,openrouter/polaris-alpha,stop,,gen-1762677377-lL79yb9SrKpCXm1rr3Zj
26,human_eval_test,0,421,1374,0,D:\PythonProjects\llm_eval\test\human_eval_test\26\26_gen_0.sv,openrouter/polaris-alpha,stop,,gen-1762677389-Fyzggo5eeZLteXaPKduG
726,mbpp_train,0,346,144,0,D:\PythonProjects\llm_eval\test\mbpp_train\726\726_gen_0.sv,openrouter/polaris-alpha,stop,,gen-1762677482-a2UjEr2tR784QQ2g37Mc
3915,aapp_competition_test,0,584,4709,0,D:\PythonProjects\llm_eval\test\aapp_competition_test\3915\3915_gen_0.sv,openrouter/polaris-alpha,stop,,gen-1762677334-8CmfgOIRidX98ZYVKRlJ
3993,aapp_competition_test,0,655,1909,0,D:\PythonProjects\llm_eval\test\aapp_competition_test\3993\3993_gen_0.sv,openrouter/polaris-alpha,stop,,gen-1762677453-pDAduuuuP48efPD1gycx
435,mbpp_test,0,315,58,0,D:\PythonProjects\llm_eval\test\mbpp_test\435\435_gen_0.sv,openrouter/polaris-alpha,stop,,gen-1762677486-6kRDVo3ype3v3CTemD9S
3232,aapp_competition_test,0,486,2727,0,D:\PythonProjects\llm_eval\test\aapp_competition_test\3232\3232_gen_0.sv,openrouter/polaris-alpha,stop,,gen-1762677454-9xv9LH8RFT9zW90fwbdI
3926,aapp_competition_test,0,653,3651,0,D:\PythonProjects\llm_eval\test\aapp_competition_test\3926\3926_gen_0.sv,openrouter/polaris-alpha,stop,,gen-1762677447-2GqkS34Uf0WNR51wcn5W
3094,aapp_competition_test,0,668,1581,0,D:\PythonProjects\llm_eval\test\aapp_competition_test\3094\3094_gen_0.sv,openrouter/polaris-alpha,stop,,gen-1762677426-SPcOyPKVM4K8rWZs0zQg
3826,aapp_competition_test,0,556,1725,0,D:\PythonProjects\llm_eval\test\aapp_competition_test\3826\3826_gen_0.sv,openrouter/polaris-alpha,stop,,gen-1762677446-HdPsY55ptgmZhMBhax1r
3568,aapp_competition_test,0,760,2688,0,D:\PythonProjects\llm_eval\test\aapp_competition_test\3568\3568_gen_0.sv,openrouter/polaris-alpha,stop,,gen-1762677501-rmYHfbzfpAgMAFsqLb1w
3828,aapp_competition_test,0,514,1700,0,D:\PythonProjects\llm_eval\test\aapp_competition_test\3828\3828_gen_0.sv,openrouter/polaris-alpha,stop,,gen-1762677525-lr2J6rrJyVNQxNOpuqVB
797,mbpp_train,0,401,268,0,D:\PythonProjects\llm_eval\test\mbpp_train\797\797_gen_0.sv,openrouter/polaris-alpha,stop,,gen-1762677487-jyQrBdZ8sb4H0cL7BIo5
49,human_eval_test,0,530,895,0,D:\PythonProjects\llm_eval\test\human_eval_test\49\49_gen_0.sv,openrouter/polaris-alpha,stop,,gen-1762677478-HSa0FdHLwbdxb7938PDP
3924,aapp_competition_test,0,635,1121,0,D:\PythonProjects\llm_eval\test\aapp_competition_test\3924\3924_gen_0.sv,openrouter/polaris-alpha,stop,,gen-1762677546-X3EWfnQrYPhE9XnODaiR
770,mbpp_train,0,494,601,0,D:\PythonProjects\llm_eval\test\mbpp_train\770\770_gen_0.sv,openrouter/polaris-alpha,stop,,gen-1762677486-DZbBtNQe9exFiMJYTkC6
42,human_eval_test,0,353,111,0,D:\PythonProjects\llm_eval\test\human_eval_test\42\42_gen_0.sv,openrouter/polaris-alpha,stop,,gen-1762677564-ccWLEHBPHcwYYM8m7LaL
3097,aapp_competition_test,0,428,509,0,D:\PythonProjects\llm_eval\test\aapp_competition_test\3097\3097_gen_0.sv,openrouter/polaris-alpha,stop,,gen-1762677488-fbbKUyB1jwkReMQ2WVBs
74,human_eval_test,0,461,351,0,D:\PythonProjects\llm_eval\test\human_eval_test\74\74_gen_0.sv,openrouter/polaris-alpha,stop,,gen-1762677566-O0dkGW7g2muib9p4mZuq
3242,aapp_competition_test,0,519,1190,0,D:\PythonProjects\llm_eval\test\aapp_competition_test\3242\3242_gen_0.sv,openrouter/polaris-alpha,stop,,gen-1762677554-CPElHVPqG3JhH3hZwp0G
475,mbpp_test,0,499,1195,0,D:\PythonProjects\llm_eval\test\mbpp_test\475\475_gen_0.sv,openrouter/polaris-alpha,stop,,gen-1762677484-ikCi8apCAWaHjee7RGDh
132,human_eval_test,0,478,635,0,D:\PythonProjects\llm_eval\test\human_eval_test\132\132_gen_0.sv,openrouter/polaris-alpha,stop,,gen-1762677567-NSWqHp0DCl3tg9FO74Uy
3996,aapp_competition_test,0,695,1886,0,D:\PythonProjects\llm_eval\test\aapp_competition_test\3996\3996_gen_0.sv,openrouter/polaris-alpha,stop,,gen-1762677548-H8srCcM2zZcPnxz0NHae
3449,aapp_competition_test,0,694,3278,0,D:\PythonProjects\llm_eval\test\aapp_competition_test\3449\3449_gen_0.sv,openrouter/polaris-alpha,stop,,gen-1762677458-5LlNJuxzMsZllvsQC3WP
3830,aapp_competition_test,0,411,848,0,D:\PythonProjects\llm_eval\test\aapp_competition_test\3830\3830_gen_0.sv,openrouter/polaris-alpha,stop,,gen-1762677576-5be7iDcGreDMdvxo9s8k
3898,aapp_competition_test,0,525,759,0,D:\PythonProjects\llm_eval\test\aapp_competition_test\3898\3898_gen_0.sv,openrouter/polaris-alpha,stop,,gen-1762677579-U3chGcPUXUj0bA4I8QrL
3572,aapp_competition_test,0,625,1278,0,D:\PythonProjects\llm_eval\test\aapp_competition_test\3572\3572_gen_0.sv,openrouter/polaris-alpha,stop,,gen-1762677573-vdviExUCAddeRAzJPIq5
3457,aapp_competition_test,0,600,2142,0,D:\PythonProjects\llm_eval\test\aapp_competition_test\3457\3457_gen_0.sv,openrouter/polaris-alpha,stop,,gen-1762677563-izq89ZPlAj8KvqB8HaX7
807,mbpp_train,0,390,258,0,D:\PythonProjects\llm_eval\test\mbpp_train\807\807_gen_0.sv,openrouter/polaris-alpha,stop,,gen-1762677601-uuik8NUUmb0CzJ5Xzx2q
3721,aapp_competition_test,0,648,1786,0,D:\PythonProjects\llm_eval\test\aapp_competition_test\3721\3721_gen_0.sv,openrouter/polaris-alpha,stop,,gen-1762677575-kPGuTMEhx5GgonYdS5fS
69,human_eval_test,0,456,1435,0,D:\PythonProjects\llm_eval\test\human_eval_test\69\69_gen_0.sv,openrouter/polaris-alpha,stop,,gen-1762677592-6pylnSTWyU2kZph7O2QA
3723,aapp_competition_test,0,643,2222,0,D:\PythonProjects\llm_eval\test\aapp_competition_test\3723\3723_gen_0.sv,openrouter/polaris-alpha,stop,,gen-1762677510-wKPXWu00o3eOCBx4zpt7
759,mbpp_train,0,566,1020,0,D:\PythonProjects\llm_eval\test\mbpp_train\759\759_gen_0.sv,openrouter/polaris-alpha,stop,,gen-1762677607-DrE8M6gKieq9YfXPCINu
3455,aapp_competition_test,0,646,2622,0,D:\PythonProjects\llm_eval\test\aapp_competition_test\3455\3455_gen_0.sv,openrouter/polaris-alpha,stop,,gen-1762677591-RsRFXDTg8OQNtPqcIf6Z
154,human_eval_test,0,581,2690,0,D:\PythonProjects\llm_eval\test\human_eval_test\154\154_gen_0.sv,openrouter/polaris-alpha,stop,,gen-1762677595-VEYR5a7VsmQqZNxKHSRD
3078,aapp_competition_test,0,522,766,0,D:\PythonProjects\llm_eval\test\aapp_competition_test\3078\3078_gen_0.sv,openrouter/polaris-alpha,stop,,gen-1762677568-MlohBcFMSnaayIoRFoB9
3246,aapp_competition_test,0,750,4059,0,D:\PythonProjects\llm_eval\test\aapp_competition_test\3246\3246_gen_0.sv,openrouter/polaris-alpha,stop,,gen-1762677585-SPLJygPzNBXNSAI2Zfbb
160,mbpp_test,0,582,1168,0,D:\PythonProjects\llm_eval\test\mbpp_test\160\160_gen_0.sv,openrouter/polaris-alpha,stop,,gen-1762677567-Ki7jfa7BI44PKidawHID
3738,aapp_competition_test,0,591,2695,0,D:\PythonProjects\llm_eval\test\aapp_competition_test\3738\3738_gen_0.sv,openrouter/polaris-alpha,stop,,gen-1762677625-CmGCFR1nBuf5gemfZHJH
3994,aapp_competition_test,0,636,1258,0,D:\PythonProjects\llm_eval\test\aapp_competition_test\3994\3994_gen_0.sv,openrouter/polaris-alpha,stop,,gen-1762677581-hGIXpr90FQoEgGH2G69z
3997,aapp_competition_test,0,623,1900,0,D:\PythonProjects\llm_eval\test\aapp_competition_test\3997\3997_gen_0.sv,openrouter/polaris-alpha,stop,,gen-1762677653-7Gmu71kcc2WoLrn0gqpA
76,human_eval_test,0,501,737,0,D:\PythonProjects\llm_eval\test\human_eval_test\76\76_gen_0.sv,openrouter/polaris-alpha,stop,,gen-1762677673-3iyxqa53KUlQWz6XqAPq
3248,aapp_competition_test,0,615,1975,0,D:\PythonProjects\llm_eval\test\aapp_competition_test\3248\3248_gen_0.sv,openrouter/polaris-alpha,stop,,gen-1762677655-ASYDpaywtdaBVYMk6sFI
583,mbpp_validation,0,419,261,0,D:\PythonProjects\llm_eval\test\mbpp_validation\583\583_gen_0.sv,openrouter/polaris-alpha,stop,,gen-1762677686-s6WmSvUf7V3rxwyBINmb
751,mbpp_train,0,398,239,0,D:\PythonProjects\llm_eval\test\mbpp_train\751\751_gen_0.sv,openrouter/polaris-alpha,stop,,gen-1762677687-pJweZEyHxHXaDavmzZNQ
398,mbpp_test,0,464,877,0,D:\PythonProjects\llm_eval\test\mbpp_test\398\398_gen_0.sv,openrouter/polaris-alpha,stop,,gen-1762677606-D0cVtzGWrx4domcm5ytc
3570,aapp_competition_test,0,707,4277,0,D:\PythonProjects\llm_eval\test\aapp_competition_test\3570\3570_gen_0.sv,openrouter/polaris-alpha,stop,,gen-1762677619-d3l5792LGc34SAE03hwX
630,mbpp_train,0,430,505,0,D:\PythonProjects\llm_eval\test\mbpp_train\630\630_gen_0.sv,openrouter/polaris-alpha,stop,,gen-1762677689-wuEAIv9z4ezYtdanTzMw
3452,aapp_competition_test,0,633,2616,0,D:\PythonProjects\llm_eval\test\aapp_competition_test\3452\3452_gen_0.sv,openrouter/polaris-alpha,stop,,gen-1762677659-MRmyjWDNlrOlbNVQY5BU
3086,aapp_competition_test,0,922,2240,0,D:\PythonProjects\llm_eval\test\aapp_competition_test\3086\3086_gen_0.sv,openrouter/polaris-alpha,stop,,gen-1762677618-D6oVghp3jzTiy6btacVZ
3072,aapp_competition_test,0,566,2261,0,D:\PythonProjects\llm_eval\test\aapp_competition_test\3072\3072_gen_0.sv,openrouter/polaris-alpha,stop,,gen-1762677692-Ulf5XhTduTpngg6uWYJo
3829,aapp_competition_test,0,589,1824,0,D:\PythonProjects\llm_eval\test\aapp_competition_test\3829\3829_gen_0.sv,openrouter/polaris-alpha,stop,,gen-1762677637-a5WVWOTts5sHZv9TwlkT
3575,aapp_competition_test,0,546,2767,0,D:\PythonProjects\llm_eval\test\aapp_competition_test\3575\3575_gen_0.sv,openrouter/polaris-alpha,stop,,gen-1762677692-IDtLIkllRTh8xhNjtge9
50,human_eval_test,0,439,387,0,D:\PythonProjects\llm_eval\test\human_eval_test\50\50_gen_0.sv,openrouter/polaris-alpha,stop,,gen-1762677740-VwSOdnIlEa1yKQkbJyqG
3741,aapp_competition_test,0,583,3302,0,D:\PythonProjects\llm_eval\test\aapp_competition_test\3741\3741_gen_0.sv,openrouter/polaris-alpha,stop,,gen-1762677692-bpjQEGmqvacZ8nW0G3xX
148,human_eval_test,0,591,559,0,D:\PythonProjects\llm_eval\test\human_eval_test\148\148_gen_0.sv,openrouter/polaris-alpha,stop,,gen-1762677740-r5lSM2J8yBz4ww3z3Myk
133,mbpp_test,0,340,152,0,D:\PythonProjects\llm_eval\test\mbpp_test\133\133_gen_0.sv,openrouter/polaris-alpha,stop,,gen-1762677750-kzhG9jo7LWbX1e65iKSw
147,human_eval_test,0,432,755,0,D:\PythonProjects\llm_eval\test\human_eval_test\147\147_gen_0.sv,openrouter/polaris-alpha,stop,,gen-1762677672-7KawwHRztaBpEO9Z5DJk
3927,aapp_competition_test,0,519,2955,0,D:\PythonProjects\llm_eval\test\aapp_competition_test\3927\3927_gen_0.sv,openrouter/polaris-alpha,stop,,gen-1762677642-pQYgetw4YJ7iTtZenXaS
3461,aapp_competition_test,0,587,1878,0,D:\PythonProjects\llm_eval\test\aapp_competition_test\3461\3461_gen_0.sv,openrouter/polaris-alpha,stop,,gen-1762677731-A2xTYMYyIlqB3Ksax7o6
285,mbpp_test,0,634,1274,0,D:\PythonProjects\llm_eval\test\mbpp_test\285\285_gen_0.sv,openrouter/polaris-alpha,stop,,gen-1762677748-NppIYbcHTDLSViwm3Dnj
3932,aapp_competition_test,0,435,275,0,D:\PythonProjects\llm_eval\test\aapp_competition_test\3932\3932_gen_0.sv,openrouter/polaris-alpha,stop,,gen-1762677698-dhmQfxarf9srC94FqSSj
3504,aapp_competition_test,0,722,1721,0,D:\PythonProjects\llm_eval\test\aapp_competition_test\3504\3504_gen_0.sv,openrouter/polaris-alpha,stop,,gen-1762677753-UgMPevDK5dvRKiXTDybS
3740,aapp_competition_test,0,513,1244,0,D:\PythonProjects\llm_eval\test\aapp_competition_test\3740\3740_gen_0.sv,openrouter/polaris-alpha,stop,,gen-1762677764-FMnEghMVOANgtx6xKXyr
3832,aapp_competition_test,0,520,2738,0,D:\PythonProjects\llm_eval\test\aapp_competition_test\3832\3832_gen_0.sv,openrouter/polaris-alpha,stop,,gen-1762677693-Sd9L6N2A99wda2byBwT5
3255,aapp_competition_test,0,662,1844,0,D:\PythonProjects\llm_eval\test\aapp_competition_test\3255\3255_gen_0.sv,openrouter/polaris-alpha,stop,,gen-1762677783-b6P1VcQ2Cas4ab99YKm3
102,human_eval_test,0,355,183,0,D:\PythonProjects\llm_eval\test\human_eval_test\102\102_gen_0.sv,openrouter/polaris-alpha,stop,,gen-1762677815-0NFwTRl2xxNtHVbbDjiB
122,human_eval_test,0,489,607,0,D:\PythonProjects\llm_eval\test\human_eval_test\122\122_gen_0.sv,openrouter/polaris-alpha,stop,,gen-1762677812-75MIEULDk874riMs5dlT
3464,aapp_competition_test,0,623,2131,0,D:\PythonProjects\llm_eval\test\aapp_competition_test\3464\3464_gen_0.sv,openrouter/polaris-alpha,stop,,gen-1762677786-QVqGcL6q7sMKYlGguwXJ
3998,aapp_competition_test,0,742,3053,0,D:\PythonProjects\llm_eval\test\aapp_competition_test\3998\3998_gen_0.sv,openrouter/polaris-alpha,stop,,gen-1762677704-J69BCprDz2iizKDDM1um
432,mbpp_test,0,473,119,0,D:\PythonProjects\llm_eval\test\mbpp_test\432\432_gen_0.sv,openrouter/polaris-alpha,stop,,gen-1762677828-LwWy5VxlgmOGWLkkjKPh
3107,aapp_competition_test,0,710,3419,0,D:\PythonProjects\llm_eval\test\aapp_competition_test\3107\3107_gen_0.sv,openrouter/polaris-alpha,stop,,gen-1762677775-4hAGBf0vgvUXjF1RZl56
765,mbpp_train,0,437,597,0,D:\PythonProjects\llm_eval\test\mbpp_train\765\765_gen_0.sv,openrouter/polaris-alpha,stop,,gen-1762677823-Xothza6axy3TtjCHZkDq
3254,aapp_competition_test,0,530,2172,0,D:\PythonProjects\llm_eval\test\aapp_competition_test\3254\3254_gen_0.sv,openrouter/polaris-alpha,stop,,gen-1762677728-Us4t8FhvwwSluAUH9rEa
155,human_eval_test,0,433,890,0,D:\PythonProjects\llm_eval\test\human_eval_test\155\155_gen_0.sv,openrouter/polaris-alpha,stop,,gen-1762677750-6gazdSmWQAw41WkQOuE3
725,mbpp_train,0,487,1229,0,D:\PythonProjects\llm_eval\test\mbpp_train\725\725_gen_0.sv,openrouter/polaris-alpha,stop,,gen-1762677819-zibxihbgU7saAPf5MSH0
3934,aapp_competition_test,0,482,996,0,D:\PythonProjects\llm_eval\test\aapp_competition_test\3934\3934_gen_0.sv,openrouter/polaris-alpha,stop,,gen-1762677770-TIf4njhJXvJdmJgfEdnV
3836,aapp_competition_test,0,583,1721,0,D:\PythonProjects\llm_eval\test\aapp_competition_test\3836\3836_gen_0.sv,openrouter/polaris-alpha,stop,,gen-1762677837-PK6zgAAZkwU55bMM2JDF
3582,aapp_competition_test,0,550,2548,0,D:\PythonProjects\llm_eval\test\aapp_competition_test\3582\3582_gen_0.sv,openrouter/polaris-alpha,stop,,gen-1762677756-q6mgOlOg7ZZPZ9RbpXvz
3508,aapp_competition_test,0,576,2346,0,D:\PythonProjects\llm_eval\test\aapp_competition_test\3508\3508_gen_0.sv,openrouter/polaris-alpha,stop,,gen-1762677833-b74W8KJwh3uVnxrEKRsz
3833,aapp_competition_test,0,632,2675,0,D:\PythonProjects\llm_eval\test\aapp_competition_test\3833\3833_gen_0.sv,openrouter/polaris-alpha,stop,,gen-1762677764-VO18sdJRxAq0Ariri7sI
3581,aapp_competition_test,0,603,2987,0,D:\PythonProjects\llm_eval\test\aapp_competition_test\3581\3581_gen_0.sv,openrouter/polaris-alpha,stop,,gen-1762677834-sZAMKTjQt7tHR0CHAh8r
3264,aapp_competition_test,0,448,1016,0,D:\PythonProjects\llm_eval\test\aapp_competition_test\3264\3264_gen_0.sv,openrouter/polaris-alpha,stop,,gen-1762677868-3rDLeV5F5L0Z3LFpOFeI
164,mbpp_test,0,398,459,0,D:\PythonProjects\llm_eval\test\mbpp_test\164\164_gen_0.sv,openrouter/polaris-alpha,stop,,gen-1762677886-LDglWxkfzfKlk3FVLEUl
153,human_eval_test,0,528,1155,0,D:\PythonProjects\llm_eval\test\human_eval_test\153\153_gen_0.sv,openrouter/polaris-alpha,stop,,gen-1762677881-0aXNcgmz7N1gXEpsxmNT
478,mbpp_test,0,526,954,0,D:\PythonProjects\llm_eval\test\mbpp_test\478\478_gen_0.sv,openrouter/polaris-alpha,stop,,gen-1762677823-pIbRDIPJWTwE08xDpN0G
3465,aapp_competition_test,0,514,2647,0,D:\PythonProjects\llm_eval\test\aapp_competition_test\3465\3465_gen_0.sv,openrouter/polaris-alpha,stop,,gen-1762677871-RdlU1XTAp03tEqM31zMe
793,mbpp_train,0,523,962,0,D:\PythonProjects\llm_eval\test\mbpp_train\793\793_gen_0.sv,openrouter/polaris-alpha,stop,,gen-1762677831-p8HnVejdzwyNEFLhSyiv
3933,aapp_competition_test,0,495,1124,0,D:\PythonProjects\llm_eval\test\aapp_competition_test\3933\3933_gen_0.sv,openrouter/polaris-alpha,stop,,gen-1762677841-1cARbHv0WUAlJ49rfpco
3744,aapp_competition_test,0,677,1844,0,D:\PythonProjects\llm_eval\test\aapp_competition_test\3744\3744_gen_0.sv,openrouter/polaris-alpha,stop,,gen-1762677837-1bPFSOc8u1O03GF1CcEK
3244,aapp_competition_test,0,506,259,0,D:\PythonProjects\llm_eval\test\aapp_competition_test\3244\3244_gen_0.sv,openrouter/polaris-alpha,stop,,gen-1762677940-TeFOYDOV8adKSoTXtbpJ
3930,aapp_competition_test,0,609,2426,0,D:\PythonProjects\llm_eval\test\aapp_competition_test\3930\3930_gen_0.sv,openrouter/polaris-alpha,stop,,gen-1762677918-7p9eDGeGybahvatjp18L
70,human_eval_test,0,573,1512,0,D:\PythonProjects\llm_eval\test\human_eval_test\70\70_gen_0.sv,openrouter/polaris-alpha,stop,,gen-1762677874-WsQDHyeZxJjbulqGC6Mh
134,human_eval_test,0,579,949,0,D:\PythonProjects\llm_eval\test\human_eval_test\134\134_gen_0.sv,openrouter/polaris-alpha,stop,,gen-1762677886-WkrbrJoXEaK44hpcNrGr
3112,aapp_competition_test,0,613,2791,0,D:\PythonProjects\llm_eval\test\aapp_competition_test\3112\3112_gen_0.sv,openrouter/polaris-alpha,stop,,gen-1762677858-Mp1gD3GzfPJuFEhlzJzP
406,mbpp_test,0,353,142,0,D:\PythonProjects\llm_eval\test\mbpp_test\406\406_gen_0.sv,openrouter/polaris-alpha,stop,,gen-1762677976-SfLbDNo4oJWDFkZu2AAd
24,human_eval_test,0,507,659,0,D:\PythonProjects\llm_eval\test\human_eval_test\24\24_gen_0.sv,openrouter/polaris-alpha,stop,,gen-1762677971-6TDafL1yCMZbsrkuSe9W
3501,aapp_competition_test,0,508,1311,0,D:\PythonProjects\llm_eval\test\aapp_competition_test\3501\3501_gen_0.sv,openrouter/polaris-alpha,stop,,gen-1762677894-6vAmT84Yi0Ali22ct5f9
94,human_eval_test,0,502,2051,0,D:\PythonProjects\llm_eval\test\human_eval_test\94\94_gen_0.sv,openrouter/polaris-alpha,stop,,gen-1762677960-GtB79219s2dnIyry7tdF
3746,aapp_competition_test,0,716,1584,0,D:\PythonProjects\llm_eval\test\aapp_competition_test\3746\3746_gen_0.sv,openrouter/polaris-alpha,stop,,gen-1762677910-rLp0RG4sZIsmAW9jlBgF
3840,aapp_competition_test,0,666,1026,0,D:\PythonProjects\llm_eval\test\aapp_competition_test\3840\3840_gen_0.sv,openrouter/polaris-alpha,stop,,gen-1762677996-X1u2ksOlAIvbFrzeJLo2
3590,aapp_competition_test,0,712,2221,0,D:\PythonProjects\llm_eval\test\aapp_competition_test\3590\3590_gen_0.sv,openrouter/polaris-alpha,stop,,gen-1762677983-4hR6YL1APEm5nAKl1v1d
3578,aapp_competition_test,0,679,2921,0,D:\PythonProjects\llm_eval\test\aapp_competition_test\3578\3578_gen_0.sv,openrouter/polaris-alpha,stop,,gen-1762677901-ud5qKAatKGNEu0MSVByA
3838,aapp_competition_test,0,586,2085,0,D:\PythonProjects\llm_eval\test\aapp_competition_test\3838\3838_gen_0.sv,openrouter/polaris-alpha,stop,,gen-1762677917-ePrdptJt1KnXzt6bUNAA
562,mbpp_validation,0,427,262,0,D:\PythonProjects\llm_eval\test\mbpp_validation\562\562_gen_0.sv,openrouter/polaris-alpha,stop,,gen-1762677972-zsiULt76bzvN7eOce2Ll
3102,aapp_competition_test,0,578,2766,0,D:\PythonProjects\llm_eval\test\aapp_competition_test\3102\3102_gen_0.sv,openrouter/polaris-alpha,stop,,gen-1762677931-3z9lEQZ71eghvW9jNYmL
3114,aapp_competition_test,0,526,2178,0,D:\PythonProjects\llm_eval\test\aapp_competition_test\3114\3114_gen_0.sv,openrouter/polaris-alpha,stop,,gen-1762678014-21hGWiRj6aVQQaA6Nyok
582,mbpp_validation,0,406,112,0,D:\PythonProjects\llm_eval\test\mbpp_validation\582\582_gen_0.sv,openrouter/polaris-alpha,stop,,gen-1762678049-ooWYswa326IZL9Mab8j8
3469,aapp_competition_test,0,661,2642,0,D:\PythonProjects\llm_eval\test\aapp_competition_test\3469\3469_gen_0.sv,openrouter/polaris-alpha,stop,,gen-1762677945-Oe9QJ693G7Cmh18rugBm
627,mbpp_train,0,585,819,0,D:\PythonProjects\llm_eval\test\mbpp_train\627\627_gen_0.sv,openrouter/polaris-alpha,stop,,gen-1762678053-VTcIApVdywGLuxEFkeHT
412,mbpp_test,0,369,139,0,D:\PythonProjects\llm_eval\test\mbpp_test\412\412_gen_0.sv,openrouter/polaris-alpha,stop,,gen-1762678067-wVlBHEPGTLaSPRBPlcq9
3514,aapp_competition_test,0,609,1294,0,D:\PythonProjects\llm_eval\test\aapp_competition_test\3514\3514_gen_0.sv,openrouter/polaris-alpha,stop,,gen-1762677980-RphY6HuuGv8U7VolO9ub
3747,aapp_competition_test,0,639,1678,0,D:\PythonProjects\llm_eval\test\aapp_competition_test\3747\3747_gen_0.sv,openrouter/polaris-alpha,stop,,gen-1762677988-udyE2ROfF828kJhMFhbW
584,mbpp_validation,0,560,1891,0,D:\PythonProjects\llm_eval\test\mbpp_validation\584\584_gen_0.sv,openrouter/polaris-alpha,stop,,gen-1762678061-PgPG7fdWrK1p1Keifwb9
3923,aapp_competition_test,0,561,944,0,D:\PythonProjects\llm_eval\test\aapp_competition_test\3923\3923_gen_0.sv,openrouter/polaris-alpha,stop,,gen-1762678009-f6SrbtUmyRuMrzLlIx1H
3839,aapp_competition_test,0,651,830,0,D:\PythonProjects\llm_eval\test\aapp_competition_test\3839\3839_gen_0.sv,openrouter/polaris-alpha,stop,,gen-1762678094-glv4cZtDT34ycRWgvnnH
149,human_eval_test,0,459,1023,0,D:\PythonProjects\llm_eval\test\human_eval_test\149\149_gen_0.sv,openrouter/polaris-alpha,stop,,gen-1762678024-4SOM4r0KaJpoRzIpLdur
3935,aapp_competition_test,0,619,1919,0,D:\PythonProjects\llm_eval\test\aapp_competition_test\3935\3935_gen_0.sv,openrouter/polaris-alpha,stop,,gen-1762678096-nGUDJMlfNCvMyDQgfTLa
77,human_eval_test,0,442,820,0,D:\PythonProjects\llm_eval\test\human_eval_test\77\77_gen_0.sv,openrouter/polaris-alpha,stop,,gen-1762678048-hi9BSCmxGreBR55SHZXz
3263,aapp_competition_test,0,642,2340,0,D:\PythonProjects\llm_eval\test\aapp_competition_test\3263\3263_gen_0.sv,openrouter/polaris-alpha,stop,,gen-1762678022-hsDzqgTq1zMrqAMIHMdK
3259,aapp_competition_test,0,706,1812,0,D:\PythonProjects\llm_eval\test\aapp_competition_test\3259\3259_gen_0.sv,openrouter/polaris-alpha,stop,,gen-1762678114-VhiCB12p1KuEJQIM5p1l
292,mbpp_test,0,337,69,0,D:\PythonProjects\llm_eval\test\mbpp_test\292\292_gen_0.sv,openrouter/polaris-alpha,stop,,gen-1762678145-kqExnGyKwLf1kAsV9Lf1
132,mbpp_test,0,426,147,0,D:\PythonProjects\llm_eval\test\mbpp_test\132\132_gen_0.sv,openrouter/polaris-alpha,stop,,gen-1762678148-s9a3rrVG6ISaAktXJe9B
753,mbpp_train,0,580,1639,0,D:\PythonProjects\llm_eval\test\mbpp_train\753\753_gen_0.sv,openrouter/polaris-alpha,stop,,gen-1762678052-oi8Ordw9dU09C7UtuSDp
96,human_eval_test,0,448,1429,0,D:\PythonProjects\llm_eval\test\human_eval_test\96\96_gen_0.sv,openrouter/polaris-alpha,stop,,gen-1762678133-5EjSkmt5OSseBOWf09AC
3591,aapp_competition_test,0,723,1077,0,D:\PythonProjects\llm_eval\test\aapp_competition_test\3591\3591_gen_0.sv,openrouter/polaris-alpha,stop,,gen-1762678073-WAahnwnf9mtfiZhyVqqK
3468,aapp_competition_test,0,684,4110,0,D:\PythonProjects\llm_eval\test\aapp_competition_test\3468\3468_gen_0.sv,openrouter/polaris-alpha,stop,,gen-1762678023-opxYV1bBn6P8zwTyF3JZ
722,mbpp_train,0,487,269,0,D:\PythonProjects\llm_eval\test\mbpp_train\722\722_gen_0.sv,openrouter/polaris-alpha,stop,,gen-1762678162-F4Pekp9zBQdx7PCXUvNZ
769,mbpp_train,0,423,724,0,D:\PythonProjects\llm_eval\test\mbpp_train\769\769_gen_0.sv,openrouter/polaris-alpha,stop,,gen-1762678158-PINEgtnMAgR79RrsoJUx
3476,aapp_competition_test,0,567,2509,0,D:\PythonProjects\llm_eval\test\aapp_competition_test\3476\3476_gen_0.sv,openrouter/polaris-alpha,stop,,gen-1762678129-8HX0OvOclWklUouBJzPR
3512,aapp_competition_test,0,550,2058,0,D:\PythonProjects\llm_eval\test\aapp_competition_test\3512\3512_gen_0.sv,openrouter/polaris-alpha,stop,,gen-1762678070-TscYbQoHw9eEroBNQpTV
0,human_eval_test,0,463,1698,0,D:\PythonProjects\llm_eval\test\human_eval_test\0\0_gen_0.sv,openrouter/polaris-alpha,stop,,gen-1762678151-WH9kM3BBKSLbBRGvjZfI
3261,aapp_competition_test,0,651,706,0,D:\PythonProjects\llm_eval\test\aapp_competition_test\3261\3261_gen_0.sv,openrouter/polaris-alpha,stop,,gen-1762678171-FvOeRIjVMxXcROCny6Y6
3743,aapp_competition_test,0,551,1529,0,D:\PythonProjects\llm_eval\test\aapp_competition_test\3743\3743_gen_0.sv,openrouter/polaris-alpha,stop,,gen-1762678087-r8ZONlpraO9r6dmIDUVj
3117,aapp_competition_test,0,531,2494,0,D:\PythonProjects\llm_eval\test\aapp_competition_test\3117\3117_gen_0.sv,openrouter/polaris-alpha,stop,,gen-1762678109-OwqI54gNXtRfbnsQpr6h
390,mbpp_test,0,410,155,0,D:\PythonProjects\llm_eval\test\mbpp_test\390\390_gen_0.sv,openrouter/polaris-alpha,stop,,gen-1762678223-UAA3wKNHKAQnqEez4EiO
3113,aapp_competition_test,0,690,3798,0,D:\PythonProjects\llm_eval\test\aapp_competition_test\3113\3113_gen_0.sv,openrouter/polaris-alpha,stop,,gen-1762678167-M4Y9SNB4FC1GZHoxBGdl
129,human_eval_test,0,569,2743,0,D:\PythonProjects\llm_eval\test\human_eval_test\129\129_gen_0.sv,openrouter/polaris-alpha,stop,,gen-1762678133-HLmeV0ShtXu07OeFiNH3
597,mbpp_validation,0,612,1786,0,D:\PythonProjects\llm_eval\test\mbpp_validation\597\597_gen_0.sv,openrouter/polaris-alpha,stop,,gen-1762678152-vPtHHfzNT12wfLQCCyui
794,mbpp_train,0,389,87,0,D:\PythonProjects\llm_eval\test\mbpp_train\794\794_gen_0.sv,openrouter/polaris-alpha,stop,,gen-1762678252-gmS6yXpip57wxBLXc5mk
109,human_eval_test,0,526,1319,0,D:\PythonProjects\llm_eval\test\human_eval_test\109\109_gen_0.sv,openrouter/polaris-alpha,stop,,gen-1762678181-pxnydF18R0T7qavLLZZ2
229,mbpp_test,0,452,1227,0,D:\PythonProjects\llm_eval\test\mbpp_test\229\229_gen_0.sv,openrouter/polaris-alpha,stop,,gen-1762678185-uOSZik0uozWr1E74Rvuf
3475,aapp_competition_test,0,711,2402,0,D:\PythonProjects\llm_eval\test\aapp_competition_test\3475\3475_gen_0.sv,openrouter/polaris-alpha,stop,,gen-1762678177-yhQmKzTqKvQZwQ54OAaJ
445,mbpp_test,0,458,201,0,D:\PythonProjects\llm_eval\test\mbpp_test\445\445_gen_0.sv,openrouter/polaris-alpha,stop,,gen-1762678227-w8HlPFKb6mwaINadY5QH
3593,aapp_competition_test,0,714,4060,0,D:\PythonProjects\llm_eval\test\aapp_competition_test\3593\3593_gen_0.sv,openrouter/polaris-alpha,stop,,gen-1762678164-3mmuZfaoNyay2AA7Ofer
69,mbpp_test,0,520,3029,0,D:\PythonProjects\llm_eval\test\mbpp_test\69\69_gen_0.sv,openrouter/polaris-alpha,stop,,gen-1762678184-HuIpsSqQ8JSdKL1knmZP
72,mbpp_test,0,370,83,0,D:\PythonProjects\llm_eval\test\mbpp_test\72\72_gen_0.sv,openrouter/polaris-alpha,stop,,gen-1762678307-k7eC1tO3gA8KUPguzV10
479,mbpp_test,0,405,376,0,D:\PythonProjects\llm_eval\test\mbpp_test\479\479_gen_0.sv,openrouter/polaris-alpha,stop,,gen-1762678233-w06BnjNFxEoSqM2Gn0T3
2,human_eval_test,0,336,60,0,D:\PythonProjects\llm_eval\test\human_eval_test\2\2_gen_0.sv,openrouter/polaris-alpha,stop,,gen-1762678311-gGlo20duElpneDVypiFi
136,human_eval_test,0,530,444,0,D:\PythonProjects\llm_eval\test\human_eval_test\136\136_gen_0.sv,openrouter/polaris-alpha,stop,,gen-1762678305-cV4P1WvfrJJLjdxFIJhH
235,mbpp_test,0,317,63,0,D:\PythonProjects\llm_eval\test\mbpp_test\235\235_gen_0.sv,openrouter/polaris-alpha,stop,,gen-1762678312-NSe5xbBTyrQgTCvbbVTT
3342,aapp_competition_test,0,765,4450,0,D:\PythonProjects\llm_eval\test\aapp_competition_test\3342\3342_gen_0.sv,openrouter/polaris-alpha,stop,,gen-1762678172-FAOvfV8cgQEJBwZ4AwdS
3595,aapp_competition_test,0,531,4472,0,D:\PythonProjects\llm_eval\test\aapp_competition_test\3595\3595_gen_0.sv,openrouter/polaris-alpha,stop,,gen-1762678254-IonEdBRP0oeHzUtJnbIq
3266,aapp_competition_test,0,536,3409,0,D:\PythonProjects\llm_eval\test\aapp_competition_test\3266\3266_gen_0.sv,openrouter/polaris-alpha,stop,,gen-1762678277-9P2BlEmOK0rLtUYitNjL
141,mbpp_test,0,559,1602,0,D:\PythonProjects\llm_eval\test\mbpp_test\141\141_gen_0.sv,openrouter/polaris-alpha,stop,,gen-1762678310-hizQxr2IIVeDpnY5gjoL
3474,aapp_competition_test,0,642,2176,0,D:\PythonProjects\llm_eval\test\aapp_competition_test\3474\3474_gen_0.sv,openrouter/polaris-alpha,stop,,gen-1762678301-OK8fXdZBtq0ma19ehPnu
83,human_eval_test,0,342,464,0,D:\PythonProjects\llm_eval\test\human_eval_test\83\83_gen_0.sv,openrouter/polaris-alpha,stop,,gen-1762678338-2QEpHVRZ0i9XIzhVJNKr
306,mbpp_test,0,636,1459,0,D:\PythonProjects\llm_eval\test\mbpp_test\306\306_gen_0.sv,openrouter/polaris-alpha,stop,,gen-1762678254-NoIc432TQMYNonIeMPeS
401,mbpp_test,0,461,427,0,D:\PythonProjects\llm_eval\test\mbpp_test\401\401_gen_0.sv,openrouter/polaris-alpha,stop,,gen-1762678351-r2vIJgDUlDPULfWTXbs2
3265,aapp_competition_test,0,690,2327,0,D:\PythonProjects\llm_eval\test\aapp_competition_test\3265\3265_gen_0.sv,openrouter/polaris-alpha,stop,,gen-1762678319-ktUQH6ccjsH6BXBI2Kqb
3345,aapp_competition_test,0,686,4300,0,D:\PythonProjects\llm_eval\test\aapp_competition_test\3345\3345_gen_0.sv,openrouter/polaris-alpha,stop,,gen-1762678289-j1DYMa9KHqRyOSs2oYiB
230,mbpp_test,0,388,1273,0,D:\PythonProjects\llm_eval\test\mbpp_test\230\230_gen_0.sv,openrouter/polaris-alpha,stop,,gen-1762678346-P7SPnY9w8BP05ZDI88nA
448,mbpp_test,0,527,796,0,D:\PythonProjects\llm_eval\test\mbpp_test\448\448_gen_0.sv,openrouter/polaris-alpha,stop,,gen-1762678359-KUA0aW6LiEKeGkMXkNlT
3119,aapp_competition_test,0,716,1678,0,D:\PythonProjects\llm_eval\test\aapp_competition_test\3119\3119_gen_0.sv,openrouter/polaris-alpha,stop,,gen-1762678275-aABBVxmpio22wsEMXHaH
3592,aapp_competition_test,0,679,1160,0,D:\PythonProjects\llm_eval\test\aapp_competition_test\3592\3592_gen_0.sv,openrouter/polaris-alpha,stop,,gen-1762678313-XnVMODhbdBlgPXZ2893T
3124,aapp_competition_test,0,489,2596,0,D:\PythonProjects\llm_eval\test\aapp_competition_test\3124\3124_gen_0.sv,openrouter/polaris-alpha,stop,,gen-1762678314-UOHcv9biOEeghEaG3D7X
3347,aapp_competition_test,0,693,1896,0,D:\PythonProjects\llm_eval\test\aapp_competition_test\3347\3347_gen_0.sv,openrouter/polaris-alpha,stop,,gen-1762678331-jP9WpSCOJTQySNWbiVtd
555,mbpp_validation,0,333,313,0,D:\PythonProjects\llm_eval\test\mbpp_validation\555\555_gen_0.sv,openrouter/polaris-alpha,stop,,gen-1762678360-lNrNy6QghKxkcQpraS7w
3482,aapp_competition_test,0,724,2065,0,D:\PythonProjects\llm_eval\test\aapp_competition_test\3482\3482_gen_0.sv,openrouter/polaris-alpha,stop,,gen-1762678335-rFxovTyN14AfW2aKUTR9
228,mbpp_test,0,473,159,0,D:\PythonProjects\llm_eval\test\mbpp_test\228\228_gen_0.sv,openrouter/polaris-alpha,stop,,gen-1762678441-n1RozeyK2DQzFtU9n7La
74,mbpp_test,0,471,519,0,D:\PythonProjects\llm_eval\test\mbpp_test\74\74_gen_0.sv,openrouter/polaris-alpha,stop,,gen-1762678436-H37wFadvUqnc5cIIC7Qi
578,mbpp_validation,0,574,998,0,D:\PythonProjects\llm_eval\test\mbpp_validation\578\578_gen_0.sv,openrouter/polaris-alpha,stop,,gen-1762678363-mwEEzUFOVLwLJNck5dJl
71,mbpp_test,0,518,2495,0,D:\PythonProjects\llm_eval\test\mbpp_test\71\71_gen_0.sv,openrouter/polaris-alpha,stop,,gen-1762678339-ceAtqPCteyVlEMIJ1zPk
462,mbpp_test,0,413,370,0,D:\PythonProjects\llm_eval\test\mbpp_test\462\462_gen_0.sv,openrouter/polaris-alpha,stop,,gen-1762678451-7rYHCcUiVo3kMsU4gyRM
450,mbpp_test,0,465,790,0,D:\PythonProjects\llm_eval\test\mbpp_test\450\450_gen_0.sv,openrouter/polaris-alpha,stop,,gen-1762678445-j4z3hEbA9DXKFcmUf5Rd
3599,aapp_competition_test,0,558,1310,0,D:\PythonProjects\llm_eval\test\aapp_competition_test\3599\3599_gen_0.sv,openrouter/polaris-alpha,stop,,gen-1762678369-OgyvYynQ7bougun0FbFM
754,mbpp_train,0,434,291,0,D:\PythonProjects\llm_eval\test\mbpp_train\754\754_gen_0.sv,openrouter/polaris-alpha,stop,,gen-1762678458-fzArX5wZltprPfdagy8I
400,mbpp_test,0,533,1406,0,D:\PythonProjects\llm_eval\test\mbpp_test\400\400_gen_0.sv,openrouter/polaris-alpha,stop,,gen-1762678445-58sC0M0MKu0cjU3QzeZf
3269,aapp_competition_test,0,601,1326,0,D:\PythonProjects\llm_eval\test\aapp_competition_test\3269\3269_gen_0.sv,openrouter/polaris-alpha,stop,,gen-1762678375-ezpXjmE5jXVA8IvYCW11
3334,aapp_competition_test,0,557,3872,0,D:\PythonProjects\llm_eval\test\aapp_competition_test\3334\3334_gen_0.sv,openrouter/polaris-alpha,stop,,gen-1762678405-KkcQkjCeXghOayyLevvr
631,mbpp_train,0,372,1068,0,D:\PythonProjects\llm_eval\test\mbpp_train\631\631_gen_0.sv,openrouter/polaris-alpha,stop,,gen-1762678453-Xjl6GNGKLqQfT1YofIsJ
291,mbpp_test,0,537,1537,0,D:\PythonProjects\llm_eval\test\mbpp_test\291\291_gen_0.sv,openrouter/polaris-alpha,stop,,gen-1762678459-io2IEh6zPt5PdHSoFxr1
31,human_eval_test,0,520,862,0,D:\PythonProjects\llm_eval\test\human_eval_test\31\31_gen_0.sv,openrouter/polaris-alpha,stop,,gen-1762678472-2sFLMtlA9u2BjyhWcRXr
3126,aapp_competition_test,0,639,1414,0,D:\PythonProjects\llm_eval\test\aapp_competition_test\3126\3126_gen_0.sv,openrouter/polaris-alpha,stop,,gen-1762678464-Yu6oNAR0PGci5P5SnLwX
75,mbpp_test,0,507,497,0,D:\PythonProjects\llm_eval\test\mbpp_test\75\75_gen_0.sv,openrouter/polaris-alpha,stop,,gen-1762678486-JyP5Gfb2hEgCquNVLOlz
3121,aapp_competition_test,0,806,3070,0,D:\PythonProjects\llm_eval\test\aapp_competition_test\3121\3121_gen_0.sv,openrouter/polaris-alpha,stop,,gen-1762678373-95buqPO2gO8PVHOkW5MW
3275,aapp_competition_test,0,632,1653,0,D:\PythonProjects\llm_eval\test\aapp_competition_test\3275\3275_gen_0.sv,openrouter/polaris-alpha,stop,,gen-1762678469-l9ugNI843R0bqRfsfEPV
391,mbpp_test,0,467,165,0,D:\PythonProjects\llm_eval\test\mbpp_test\391\391_gen_0.sv,openrouter/polaris-alpha,stop,,gen-1762678496-6aNZxdS9Bhx35hf8qFGq
105,human_eval_test,0,616,974,0,D:\PythonProjects\llm_eval\test\human_eval_test\105\105_gen_0.sv,openrouter/polaris-alpha,stop,,gen-1762678498-iACTSedNhPUAqcFeuKGi
4,human_eval_test,0,480,1263,0,D:\PythonProjects\llm_eval\test\human_eval_test\4\4_gen_0.sv,openrouter/polaris-alpha,stop,,gen-1762678435-Kj4NCvv91wJA3gmTzZZl
3584,aapp_competition_test,0,647,3878,0,D:\PythonProjects\llm_eval\test\aapp_competition_test\3584\3584_gen_0.sv,openrouter/polaris-alpha,stop,,gen-1762678462-WB1aKSjf90h7NyB0VSVC
771,mbpp_train,0,549,1201,0,D:\PythonProjects\llm_eval\test\mbpp_train\771\771_gen_0.sv,openrouter/polaris-alpha,stop,,gen-1762678515-uPSBZbZGMVaGcpHempit
3485,aapp_competition_test,0,819,2325,0,D:\PythonProjects\llm_eval\test\aapp_competition_test\3485\3485_gen_0.sv,openrouter/polaris-alpha,stop,,gen-1762678429-17BpsauzQ4eOs0yZNFci
3348,aapp_competition_test,0,480,165,0,D:\PythonProjects\llm_eval\test\aapp_competition_test\3348\3348_gen_0.sv,openrouter/polaris-alpha,stop,,gen-1762678540-tquzApAB7mKUDky5c7Lb
135,mbpp_test,0,346,207,0,D:\PythonProjects\llm_eval\test\mbpp_test\135\135_gen_0.sv,openrouter/polaris-alpha,stop,,gen-1762678489-2Zror7dCuGvEFUsftMlg
110,human_eval_test,0,378,288,0,D:\PythonProjects\llm_eval\test\human_eval_test\110\110_gen_0.sv,openrouter/polaris-alpha,stop,,gen-1762678564-4II03rY1NoUOkBeKJ2vG
163,mbpp_test,0,473,749,0,D:\PythonProjects\llm_eval\test\mbpp_test\163\163_gen_0.sv,openrouter/polaris-alpha,stop,,gen-1762678488-eTklmU25Q9spiY7sVR50
781,mbpp_train,0,365,185,0,D:\PythonProjects\llm_eval\test\mbpp_train\781\781_gen_0.sv,openrouter/polaris-alpha,stop,,gen-1762678497-SwWoO2lD5MPLzdftcaH5
594,mbpp_validation,0,440,312,0,D:\PythonProjects\llm_eval\test\mbpp_validation\594\594_gen_0.sv,openrouter/polaris-alpha,stop,,gen-1762678500-DHzxpzzzRV0N5ojppjCi
3587,aapp_competition_test,0,615,3007,0,D:\PythonProjects\llm_eval\test\aapp_competition_test\3587\3587_gen_0.sv,openrouter/polaris-alpha,stop,,gen-1762678528-ujLw2auiPgaDs16ZWmUP
3484,aapp_competition_test,0,654,2281,0,D:\PythonProjects\llm_eval\test\aapp_competition_test\3484\3484_gen_0.sv,openrouter/polaris-alpha,stop,,gen-1762678471-BG7W1ffMpask9NHQyvFa
3487,aapp_competition_test,0,671,2207,0,D:\PythonProjects\llm_eval\test\aapp_competition_test\3487\3487_gen_0.sv,openrouter/polaris-alpha,stop,,gen-1762678544-r9VBbtOtpQ4HsPToJC3W
3358,aapp_competition_test,0,569,2538,0,D:\PythonProjects\llm_eval\test\aapp_competition_test\3358\3358_gen_0.sv,openrouter/polaris-alpha,stop,,gen-1762678469-E58NbJd9igwfdyVIV62O
796,mbpp_train,0,447,103,0,D:\PythonProjects\llm_eval\test\mbpp_train\796\796_gen_0.sv,openrouter/polaris-alpha,stop,,gen-1762678582-atz6BbiR8eyO3mpaz6fg
311,mbpp_test,0,434,191,0,D:\PythonProjects\llm_eval\test\mbpp_test\311\311_gen_0.sv,openrouter/polaris-alpha,stop,,gen-1762678583-U5LltknRoXUFZuDdBAGa
611,mbpp_train,0,372,398,0,D:\PythonProjects\llm_eval\test\mbpp_train\611\611_gen_0.sv,openrouter/polaris-alpha,stop,,gen-1762678580-FhWqCvX158JAGmmtN6S1
3274,aapp_competition_test,0,579,3109,0,D:\PythonProjects\llm_eval\test\aapp_competition_test\3274\3274_gen_0.sv,openrouter/polaris-alpha,stop,,gen-1762678536-2UuAjzvYmooyuypO3oHp
232,mbpp_test,0,572,1556,0,D:\PythonProjects\llm_eval\test\mbpp_test\232\232_gen_0.sv,openrouter/polaris-alpha,stop,,gen-1762678571-J4SPblDinblVKXWrmr54
57,human_eval_test,0,417,504,0,D:\PythonProjects\llm_eval\test\human_eval_test\57\57_gen_0.sv,openrouter/polaris-alpha,stop,,gen-1762678599-112fWcuDIFEzSLHvMvMT
3355,aapp_competition_test,0,651,1463,0,D:\PythonProjects\llm_eval\test\aapp_competition_test\3355\3355_gen_0.sv,openrouter/polaris-alpha,stop,,gen-1762678587-ji75b5CPyN5KU0H6irzi
80,mbpp_test,0,380,265,0,D:\PythonProjects\llm_eval\test\mbpp_test\80\80_gen_0.sv,openrouter/polaris-alpha,stop,,gen-1762678608-NmYjdRRwOoeUgbmlQthN
3104,aapp_competition_test,0,503,1760,0,D:\PythonProjects\llm_eval\test\aapp_competition_test\3104\3104_gen_0.sv,openrouter/polaris-alpha,stop,,gen-1762678584-qkgOPEVfKKp2qCfga1RS
238,mbpp_test,0,356,118,0,D:\PythonProjects\llm_eval\test\mbpp_test\238\238_gen_0.sv,openrouter/polaris-alpha,stop,,gen-1762678613-XQ6eFZPi89UhPCQ5TuhN
3472,aapp_competition_test,0,658,1689,0,D:\PythonProjects\llm_eval\test\aapp_competition_test\3472\3472_gen_0.sv,openrouter/polaris-alpha,stop,,gen-1762678590-6R26AVrX8xakaskK3rz9
162,mbpp_test,0,472,372,0,D:\PythonProjects\llm_eval\test\mbpp_test\162\162_gen_0.sv,openrouter/polaris-alpha,stop,,gen-1762678613-UhRjmiqszBFrr3sQWUmh
3127,aapp_competition_test,0,609,2898,0,D:\PythonProjects\llm_eval\test\aapp_competition_test\3127\3127_gen_0.sv,openrouter/polaris-alpha,stop,,gen-1762678529-epTzsWPSOYTWpcqr5Vkc
70,mbpp_test,0,409,748,0,D:\PythonProjects\llm_eval\test\mbpp_test\70\70_gen_0.sv,openrouter/polaris-alpha,stop,,gen-1762678570-mTrHlbjleoLwVuddwMmY
409,mbpp_test,0,354,604,0,D:\PythonProjects\llm_eval\test\mbpp_test\409\409_gen_0.sv,openrouter/polaris-alpha,stop,,gen-1762678576-5x3A8VmkT0cNRYLZgArT
3577,aapp_competition_test,0,567,545,0,D:\PythonProjects\llm_eval\test\aapp_competition_test\3577\3577_gen_0.sv,openrouter/polaris-alpha,stop,,gen-1762678584-2LJm1cKwDHIPal3X0n5A
163,human_eval_test,0,514,875,0,D:\PythonProjects\llm_eval\test\human_eval_test\163\163_gen_0.sv,openrouter/polaris-alpha,stop,,gen-1762678657-xMTI6C1aGi1fjHmEOmoW
83,mbpp_test,0,443,684,0,D:\PythonProjects\llm_eval\test\mbpp_test\83\83_gen_0.sv,openrouter/polaris-alpha,stop,,gen-1762678664-0G322VBNOK3nNnC824sX
410,mbpp_test,0,396,581,0,D:\PythonProjects\llm_eval\test\mbpp_test\410\410_gen_0.sv,openrouter/polaris-alpha,stop,,gen-1762678677-eyFK1G1oPm5gDPZEjpZF
3281,aapp_competition_test,0,1665,4073,0,D:\PythonProjects\llm_eval\test\aapp_competition_test\3281\3281_gen_0.sv,openrouter/polaris-alpha,stop,,gen-1762678620-UMUZURqWrizRClLGLPCQ
408,mbpp_test,0,512,2802,0,D:\PythonProjects\llm_eval\test\mbpp_test\408\408_gen_0.sv,openrouter/polaris-alpha,stop,,gen-1762678572-sDIapLvYcHSLagSX6U2L
3280,aapp_competition_test,0,571,1986,0,D:\PythonProjects\llm_eval\test\aapp_competition_test\3280\3280_gen_0.sv,openrouter/polaris-alpha,stop,,gen-1762678587-px8W98H75KHAya7KIYum
454,mbpp_test,0,350,289,0,D:\PythonProjects\llm_eval\test\mbpp_test\454\454_gen_0.sv,openrouter/polaris-alpha,stop,,gen-1762678688-6v8ItbjGP2UeOCa4bkjH
554,mbpp_validation,0,462,273,0,D:\PythonProjects\llm_eval\test\mbpp_validation\554\554_gen_0.sv,openrouter/polaris-alpha,stop,,gen-1762678690-jXeVIl40codxPapijE4I
3491,aapp_competition_test,0,763,2701,0,D:\PythonProjects\llm_eval\test\aapp_competition_test\3491\3491_gen_0.sv,openrouter/polaris-alpha,stop,,gen-1762678654-J7A4YlCzzK1t3kNKEx2B
3357,aapp_competition_test,0,638,3195,0,D:\PythonProjects\llm_eval\test\aapp_competition_test\3357\3357_gen_0.sv,openrouter/polaris-alpha,stop,,gen-1762678649-U3Y5bCy0MpDHrIM1gpcO
107,human_eval_test,0,561,1097,0,D:\PythonProjects\llm_eval\test\human_eval_test\107\107_gen_0.sv,openrouter/polaris-alpha,stop,,gen-1762678615-40INe8V9963TWod5dBFl
3135,aapp_competition_test,0,569,1061,0,D:\PythonProjects\llm_eval\test\aapp_competition_test\3135\3135_gen_0.sv,openrouter/polaris-alpha,stop,,gen-1762678620-dFWJ9HcZYFw5Zb23cbMD
3604,aapp_competition_test,0,593,1161,0,D:\PythonProjects\llm_eval\test\aapp_competition_test\3604\3604_gen_0.sv,openrouter/polaris-alpha,stop,,gen-1762678692-LIGcasPAOwchUPKKhEQf
5,human_eval_test,0,454,493,0,D:\PythonProjects\llm_eval\test\human_eval_test\5\5_gen_0.sv,openrouter/polaris-alpha,stop,,gen-1762678706-M6tSUJBNmy7OFuhhvXOu
242,mbpp_test,0,376,177,0,D:\PythonProjects\llm_eval\test\mbpp_test\242\242_gen_0.sv,openrouter/polaris-alpha,stop,,gen-1762678713-qfv8t8EVGy9pkfTHpKLM
436,mbpp_test,0,356,220,0,D:\PythonProjects\llm_eval\test\mbpp_test\436\436_gen_0.sv,openrouter/polaris-alpha,stop,,gen-1762678716-x4SbArn5WjGTry4jESoL
84,mbpp_test,0,548,823,0,D:\PythonProjects\llm_eval\test\mbpp_test\84\84_gen_0.sv,openrouter/polaris-alpha,stop,,gen-1762678709-ZsXX9la9iakGLPjm8abJ
633,mbpp_train,0,432,247,0,D:\PythonProjects\llm_eval\test\mbpp_train\633\633_gen_0.sv,openrouter/polaris-alpha,stop,,gen-1762678721-hX4GjhNroHqOpKqFhQMZ
3134,aapp_competition_test,0,638,1960,0,D:\PythonProjects\llm_eval\test\aapp_competition_test\3134\3134_gen_0.sv,openrouter/polaris-alpha,stop,,gen-1762678694-HmJTsIUyLWoRh4bZ5kgP
3493,aapp_competition_test,0,505,1586,0,D:\PythonProjects\llm_eval\test\aapp_competition_test\3493\3493_gen_0.sv,openrouter/polaris-alpha,stop,,gen-1762678704-K3gWe6ogoT64SFdYJo1n
741,mbpp_train,0,434,333,0,D:\PythonProjects\llm_eval\test\mbpp_train\741\741_gen_0.sv,openrouter/polaris-alpha,stop,,gen-1762678726-vPVKEolN0IeeRFw7shtZ
3602,aapp_competition_test,0,631,3146,0,D:\PythonProjects\llm_eval\test\aapp_competition_test\3602\3602_gen_0.sv,openrouter/polaris-alpha,stop,,gen-1762678616-Tu8aYVpZr6RhBjGs6Yxs
3359,aapp_competition_test,0,557,2396,0,D:\PythonProjects\llm_eval\test\aapp_competition_test\3359\3359_gen_0.sv,openrouter/polaris-alpha,stop,,gen-1762678700-C8KjfQnBm6nwoaHNv60b
233,mbpp_test,0,520,507,0,D:\PythonProjects\llm_eval\test\mbpp_test\233\233_gen_0.sv,openrouter/polaris-alpha,stop,,gen-1762678674-10Z5SL7hDiEEx6dIY1sy
3284,aapp_competition_test,0,636,1115,0,D:\PythonProjects\llm_eval\test\aapp_competition_test\3284\3284_gen_0.sv,openrouter/polaris-alpha,stop,,gen-1762678742-xUEeOtzkOVgtxIbeHfpe
776,mbpp_train,0,458,642,0,D:\PythonProjects\llm_eval\test\mbpp_train\776\776_gen_0.sv,openrouter/polaris-alpha,stop,,gen-1762678691-1AuQB2T63NFxlZSGgLoi
417,mbpp_test,0,584,3197,0,D:\PythonProjects\llm_eval\test\mbpp_test\417\417_gen_0.sv,openrouter/polaris-alpha,stop,,gen-1762678728-ztxDL3xyvgq8wRKkbI6D
3285,aapp_competition_test,0,673,1391,0,D:\PythonProjects\llm_eval\test\aapp_competition_test\3285\3285_gen_0.sv,openrouter/polaris-alpha,stop,,gen-1762678696-2hSdYteDbBHNableiN1C
113,mbpp_test,0,390,550,0,D:\PythonProjects\llm_eval\test\mbpp_test\113\113_gen_0.sv,openrouter/polaris-alpha,stop,,gen-1762678791-Onw30NfhXMChJfd5fTxL
457,mbpp_test,0,416,400,0,D:\PythonProjects\llm_eval\test\mbpp_test\457\457_gen_0.sv,openrouter/polaris-alpha,stop,,gen-1762678724-9oXvO3OLBXmQjeexYCEa
411,mbpp_test,0,485,1217,0,D:\PythonProjects\llm_eval\test\mbpp_test\411\411_gen_0.sv,openrouter/polaris-alpha,stop,,gen-1762678715-7jCt32f1RoSeXld2Axzm
290,mbpp_test,0,453,699,0,D:\PythonProjects\llm_eval\test\mbpp_test\290\290_gen_0.sv,openrouter/polaris-alpha,stop,,gen-1762678801-dyAWSoMTuvtwF3dEPQcN
591,mbpp_validation,0,431,472,0,D:\PythonProjects\llm_eval\test\mbpp_validation\591\591_gen_0.sv,openrouter/polaris-alpha,stop,,gen-1762678807-G8zoM0pRgnHee0JkG5PY
3489,aapp_competition_test,0,606,5198,0,D:\PythonProjects\llm_eval\test\aapp_competition_test\3489\3489_gen_0.sv,openrouter/polaris-alpha,stop,,gen-1762678755-HkmBrskPbpyRDXicQJME
82,mbpp_test,0,448,307,0,D:\PythonProjects\llm_eval\test\mbpp_test\82\82_gen_0.sv,openrouter/polaris-alpha,stop,,gen-1762678774-EtVvaUZM7dNegzPRPgbW
3136,aapp_competition_test,0,745,3079,0,D:\PythonProjects\llm_eval\test\aapp_competition_test\3136\3136_gen_0.sv,openrouter/polaris-alpha,stop,,gen-1762678732-BnpHftM1ydtUMiq7VFNQ
3603,aapp_competition_test,0,728,3205,0,D:\PythonProjects\llm_eval\test\aapp_competition_test\3603\3603_gen_0.sv,openrouter/polaris-alpha,stop,,gen-1762678732-kjLwmO1giEGGoTbsJov1
3287,aapp_competition_test,0,634,861,0,D:\PythonProjects\llm_eval\test\aapp_competition_test\3287\3287_gen_0.sv,openrouter/polaris-alpha,stop,,gen-1762678850-EQH0tZKrpZmJ75vwVVpW
162,human_eval_test,0,504,2478,0,D:\PythonProjects\llm_eval\test\human_eval_test\162\162_gen_0.sv,openrouter/polaris-alpha,stop,,gen-1762678761-44FD6mg9RsVS1pbdygAg
84,human_eval_test,0,358,482,0,D:\PythonProjects\llm_eval\test\human_eval_test\84\84_gen_0.sv,openrouter/polaris-alpha,stop,,gen-1762678866-bYWgfc7jMp73LRd8nnYu
3360,aapp_competition_test,0,605,3708,0,D:\PythonProjects\llm_eval\test\aapp_competition_test\3360\3360_gen_0.sv,openrouter/polaris-alpha,stop,,gen-1762678743-mwRpESnpnEC9QKpmKh6E
27,human_eval_test,0,363,550,0,D:\PythonProjects\llm_eval\test\human_eval_test\27\27_gen_0.sv,openrouter/polaris-alpha,stop,,gen-1762678803-ubszAJAd7WsU5NkAQxtm
458,mbpp_test,0,295,70,0,D:\PythonProjects\llm_eval\test\mbpp_test\458\458_gen_0.sv,openrouter/polaris-alpha,stop,,gen-1762678884-iHFDidlw3kvN73TF34wd
237,mbpp_test,0,544,1971,0,D:\PythonProjects\llm_eval\test\mbpp_test\237\237_gen_0.sv,openrouter/polaris-alpha,stop,,gen-1762678783-T0JIvPbc2BPZD9zEORi4
791,mbpp_train,0,488,671,0,D:\PythonProjects\llm_eval\test\mbpp_train\791\791_gen_0.sv,openrouter/polaris-alpha,stop,,gen-1762678887-uvsoJGf5elkbetGQpsql
388,mbpp_test,0,491,391,0,D:\PythonProjects\llm_eval\test\mbpp_test\388\388_gen_0.sv,openrouter/polaris-alpha,stop,,gen-1762678899-4r6hIQ2RAa6INiv22K65
772,mbpp_train,0,548,2120,0,D:\PythonProjects\llm_eval\test\mbpp_train\772\772_gen_0.sv,openrouter/polaris-alpha,stop,,gen-1762678814-btbKIaSlwAFHl3L6xjhx
3610,aapp_competition_test,0,610,2284,0,D:\PythonProjects\llm_eval\test\aapp_competition_test\3610\3610_gen_0.sv,openrouter/polaris-alpha,stop,,gen-1762678816-2HjkMlsnexOrjcp8eKpo
3608,aapp_competition_test,0,604,1135,0,D:\PythonProjects\llm_eval\test\aapp_competition_test\3608\3608_gen_0.sv,openrouter/polaris-alpha,stop,,gen-1762678907-Z9VsgQG5HySq7XAbhuqX
3481,aapp_competition_test,0,763,4762,0,D:\PythonProjects\llm_eval\test\aapp_competition_test\3481\3481_gen_0.sv,openrouter/polaris-alpha,stop,,gen-1762678858-IqbH5lX5CJ39xzJyqgCT
3366,aapp_competition_test,0,598,953,0,D:\PythonProjects\llm_eval\test\aapp_competition_test\3366\3366_gen_0.sv,openrouter/polaris-alpha,stop,,gen-1762678927-0N1Xv1Ip9UmTuWy9O5ui
135,human_eval_test,0,456,287,0,D:\PythonProjects\llm_eval\test\human_eval_test\135\135_gen_0.sv,openrouter/polaris-alpha,stop,,gen-1762678944-0nvLTM1W8fK92Y2d6Kai
3337,aapp_competition_test,0,684,1417,0,D:\PythonProjects\llm_eval\test\aapp_competition_test\3337\3337_gen_0.sv,openrouter/polaris-alpha,stop,,gen-1762678856-8KodZxpCkzG8YV6F7JRT
3130,aapp_competition_test,0,708,2102,0,D:\PythonProjects\llm_eval\test\aapp_competition_test\3130\3130_gen_0.sv,openrouter/polaris-alpha,stop,,gen-1762678844-XTyhulB81uRt1na51myI
171,mbpp_test,0,297,76,0,D:\PythonProjects\llm_eval\test\mbpp_test\171\171_gen_0.sv,openrouter/polaris-alpha,stop,,gen-1762678951-7GTJs2wsUkmPy3Ykk2uN
86,mbpp_test,0,374,208,0,D:\PythonProjects\llm_eval\test\mbpp_test\86\86_gen_0.sv,openrouter/polaris-alpha,stop,,gen-1762678950-D5YAJfsndVJjrz6kYtPK
413,mbpp_test,0,408,134,0,D:\PythonProjects\llm_eval\test\mbpp_test\413\413_gen_0.sv,openrouter/polaris-alpha,stop,,gen-1762678953-AEUtxgl10KLwDJE8e4YF
3282,aapp_competition_test,0,685,1746,0,D:\PythonProjects\llm_eval\test\aapp_competition_test\3282\3282_gen_0.sv,openrouter/polaris-alpha,stop,,gen-1762678926-c5fKW9xuVLBewdtqQktj
77,mbpp_test,0,386,688,0,D:\PythonProjects\llm_eval\test\mbpp_test\77\77_gen_0.sv,openrouter/polaris-alpha,stop,,gen-1762678875-sFNAa4xvxxESZbk47Xt0
644,mbpp_train,0,389,150,0,D:\PythonProjects\llm_eval\test\mbpp_train\644\644_gen_0.sv,openrouter/polaris-alpha,stop,,gen-1762678956-1yISZ2AlIr9Pj2njWfgR
405,mbpp_test,0,369,186,0,D:\PythonProjects\llm_eval\test\mbpp_test\405\405_gen_0.sv,openrouter/polaris-alpha,stop,,gen-1762678957-mHHWnU4SYTE38zd2Ps8v
244,mbpp_test,0,444,1048,0,D:\PythonProjects\llm_eval\test\mbpp_test\244\244_gen_0.sv,openrouter/polaris-alpha,stop,,gen-1762678875-syt3wThp3LGnkcer8oCe
415,mbpp_test,0,372,2145,0,D:\PythonProjects\llm_eval\test\mbpp_test\415\415_gen_0.sv,openrouter/polaris-alpha,stop,,gen-1762678877-jkeFYoV0O7i4HD3Ps8O5
3495,aapp_competition_test,0,892,3181,0,D:\PythonProjects\llm_eval\test\aapp_competition_test\3495\3495_gen_0.sv,openrouter/polaris-alpha,stop,,gen-1762678939-H370AEThoeEJDb3qAHMI
610,mbpp_train,0,433,3520,0,D:\PythonProjects\llm_eval\test\mbpp_train\610\610_gen_0.sv,openrouter/polaris-alpha,stop,,gen-1762678886-oJBVp2dfD3wm1DijzEkS
85,mbpp_test,0,406,244,0,D:\PythonProjects\llm_eval\test\mbpp_test\85\85_gen_0.sv,openrouter/polaris-alpha,stop,,gen-1762679017-okYKKEbiAm5YBzUzZQ0s
82,human_eval_test,0,403,130,0,D:\PythonProjects\llm_eval\test\human_eval_test\82\82_gen_0.sv,openrouter/polaris-alpha,stop,,gen-1762678954-SW5Ofp9oTa28Uiq3e5xT
3140,aapp_competition_test,0,700,2306,0,D:\PythonProjects\llm_eval\test\aapp_competition_test\3140\3140_gen_0.sv,openrouter/polaris-alpha,stop,,gen-1762678921-TIHBlowjBHs5NdvJnyEn
250,mbpp_test,0,409,866,0,D:\PythonProjects\llm_eval\test\mbpp_test\250\250_gen_0.sv,openrouter/polaris-alpha,stop,,gen-1762679022-vByUZIjp9T8OG0XHJxo3
461,mbpp_test,0,382,490,0,D:\PythonProjects\llm_eval\test\mbpp_test\461\461_gen_0.sv,openrouter/polaris-alpha,stop,,gen-1762679031-aoBwwmWHNVjWi4NW4Nck
3288,aapp_competition_test,0,727,701,0,D:\PythonProjects\llm_eval\test\aapp_competition_test\3288\3288_gen_0.sv,openrouter/polaris-alpha,stop,,gen-1762678961-ae4cASQTFSRlPaz2ORCG
558,mbpp_validation,0,534,384,0,D:\PythonProjects\llm_eval\test\mbpp_validation\558\558_gen_0.sv,openrouter/polaris-alpha,stop,,gen-1762679038-ekMwXUQGPdgeHM0lyTX5
3144,aapp_competition_test,0,545,1230,0,D:\PythonProjects\llm_eval\test\aapp_competition_test\3144\3144_gen_0.sv,openrouter/polaris-alpha,stop,,gen-1762678960-REG0qrStTfAc76AitfVa
239,mbpp_test,0,585,1695,0,D:\PythonProjects\llm_eval\test\mbpp_test\239\239_gen_0.sv,openrouter/polaris-alpha,stop,,gen-1762678951-jK9VurOwUiFD1frHD9YC
3497,aapp_competition_test,0,639,4248,0,D:\PythonProjects\llm_eval\test\aapp_competition_test\3497\3497_gen_0.sv,openrouter/polaris-alpha,stop,,gen-1762678985-kPfHp2eXw7pQo6VOqTyu
3367,aapp_competition_test,0,745,1856,0,D:\PythonProjects\llm_eval\test\aapp_competition_test\3367\3367_gen_0.sv,openrouter/polaris-alpha,stop,,gen-1762678964-BIZLocYrC0pMQXvlB3jF
3279,aapp_competition_test,0,587,933,0,D:\PythonProjects\llm_eval\test\aapp_competition_test\3279\3279_gen_0.sv,openrouter/polaris-alpha,stop,,gen-1762679051-r59EH1EVzRWClFoWS11c
89,mbpp_test,0,316,60,0,D:\PythonProjects\llm_eval\test\mbpp_test\89\89_gen_0.sv,openrouter/polaris-alpha,stop,,gen-1762679068-1Fu0EEwAnJPJPY9hALmO
3614,aapp_competition_test,0,670,2690,0,D:\PythonProjects\llm_eval\test\aapp_competition_test\3614\3614_gen_0.sv,openrouter/polaris-alpha,stop,,gen-1762678958-lkW3dxNXGPOjc6t7ikvc
3616,aapp_competition_test,0,568,1788,0,D:\PythonProjects\llm_eval\test\aapp_competition_test\3616\3616_gen_0.sv,openrouter/polaris-alpha,stop,,gen-1762679044-fxuvqUJ15oVjTyESRaQS
58,human_eval_test,0,533,2300,0,D:\PythonProjects\llm_eval\test\human_eval_test\58\58_gen_0.sv,openrouter/polaris-alpha,stop,,gen-1762678994-nU5SHhCpkW5T0TLwQXw5
637,mbpp_train,0,329,84,0,D:\PythonProjects\llm_eval\test\mbpp_train\637\637_gen_0.sv,openrouter/polaris-alpha,stop,,gen-1762679105-MT4iCU6GRqVnry91QtCu
750,mbpp_train,0,528,345,0,D:\PythonProjects\llm_eval\test\mbpp_train\750\750_gen_0.sv,openrouter/polaris-alpha,stop,,gen-1762679107-NZm2MsOealtUaoYlZNwX
464,mbpp_test,0,404,180,0,D:\PythonProjects\llm_eval\test\mbpp_test\464\464_gen_0.sv,openrouter/polaris-alpha,stop,,gen-1762679114-icmKyxJLd7fqzBiUJGWd
51,human_eval_test,0,478,606,0,D:\PythonProjects\llm_eval\test\human_eval_test\51\51_gen_0.sv,openrouter/polaris-alpha,stop,,gen-1762679040-jsHPXRxCUtmroRFo56PE
418,mbpp_test,0,286,2250,0,D:\PythonProjects\llm_eval\test\mbpp_test\418\418_gen_0.sv,openrouter/polaris-alpha,stop,,gen-1762679027-7ll7vLigiV01BvhwrAAq
3123,aapp_competition_test,0,682,1741,0,D:\PythonProjects\llm_eval\test\aapp_competition_test\3123\3123_gen_0.sv,openrouter/polaris-alpha,stop,,gen-1762679045-5G1wOiSo5Q8ix9l5VFCw
420,mbpp_test,0,370,306,0,D:\PythonProjects\llm_eval\test\mbpp_test\420\420_gen_0.sv,openrouter/polaris-alpha,stop,,gen-1762679076-bma6HNZbQglUbbPwlvzK
240,mbpp_test,0,574,785,0,D:\PythonProjects\llm_eval\test\mbpp_test\240\240_gen_0.sv,openrouter/polaris-alpha,stop,,gen-1762679071-YnkjBoSTDMj29NZ9HuxZ
3131,aapp_competition_test,0,624,1021,0,D:\PythonProjects\llm_eval\test\aapp_competition_test\3131\3131_gen_0.sv,openrouter/polaris-alpha,stop,,gen-1762679137-VQN8YhLY3eKeuoJbIPaF
459,mbpp_test,0,515,620,0,D:\PythonProjects\llm_eval\test\mbpp_test\459\459_gen_0.sv,openrouter/polaris-alpha,stop,,gen-1762679076-5zfvJNlGzGeDvGVZ47DG
90,mbpp_test,0,309,182,0,D:\PythonProjects\llm_eval\test\mbpp_test\90\90_gen_0.sv,openrouter/polaris-alpha,stop,,gen-1762679157-JJcxVnaeVETeHg6E3rsl
3617,aapp_competition_test,0,653,2290,0,D:\PythonProjects\llm_eval\test\aapp_competition_test\3617\3617_gen_0.sv,openrouter/polaris-alpha,stop,,gen-1762679122-gvpUBTZnZfQ4kZ2jFyVX
3368,aapp_competition_test,0,616,3085,0,D:\PythonProjects\llm_eval\test\aapp_competition_test\3368\3368_gen_0.sv,openrouter/polaris-alpha,stop,,gen-1762679052-STGk5U0HCO7PGw3RtJmZ
283,mbpp_test,0,347,505,0,D:\PythonProjects\llm_eval\test\mbpp_test\283\283_gen_0.sv,openrouter/polaris-alpha,stop,,gen-1762679176-LnW7hvWtm4le7A7Ldlhn
3292,aapp_competition_test,0,552,2394,0,D:\PythonProjects\llm_eval\test\aapp_competition_test\3292\3292_gen_0.sv,openrouter/polaris-alpha,stop,,gen-1762679146-6T8r6IV8ZlhJjdRRjugh
3471,aapp_competition_test,0,743,1922,0,D:\PythonProjects\llm_eval\test\aapp_competition_test\3471\3471_gen_0.sv,openrouter/polaris-alpha,stop,,gen-1762679154-JIzUssCW7mDCMnEKZWPQ
3498,aapp_competition_test,0,556,3531,0,D:\PythonProjects\llm_eval\test\aapp_competition_test\3498\3498_gen_0.sv,openrouter/polaris-alpha,stop,,gen-1762679058-60NLYp1NOMDuAJai0yj4
32,human_eval_test,0,560,3506,0,D:\PythonProjects\llm_eval\test\human_eval_test\32\32_gen_0.sv,openrouter/polaris-alpha,stop,,gen-1762679068-BBNGVDmlrebb2JB7tWWD
3009,aapp_competition_test,0,630,4918,0,D:\PythonProjects\llm_eval\test\aapp_competition_test\3009\3009_gen_0.sv,openrouter/polaris-alpha,stop,,gen-1762679117-xMTeWnHDWIJy6A0UWhYg
3005,aapp_competition_test,0,571,2123,0,D:\PythonProjects\llm_eval\test\aapp_competition_test\3005\3005_gen_0.sv,openrouter/polaris-alpha,stop,,gen-1762679188-vErKJsoqvzT9IXlLXB51
3606,aapp_competition_test,0,687,2074,0,D:\PythonProjects\llm_eval\test\aapp_competition_test\3606\3606_gen_0.sv,openrouter/polaris-alpha,stop,,gen-1762679189-uB82kqsU1JkEgH5ia3Xf
131,mbpp_test,0,410,822,0,D:\PythonProjects\llm_eval\test\mbpp_test\131\131_gen_0.sv,openrouter/polaris-alpha,stop,,gen-1762679162-LvbDdw5FsdVxzsCACGmx
138,human_eval_test,0,316,68,0,D:\PythonProjects\llm_eval\test\human_eval_test\138\138_gen_0.sv,openrouter/polaris-alpha,stop,,gen-1762679247-00pX8Av4gdCuAcAulfdG
248,mbpp_test,0,595,1002,0,D:\PythonProjects\llm_eval\test\mbpp_test\248\248_gen_0.sv,openrouter/polaris-alpha,stop,,gen-1762679161-ucLJoEr8u2IK31TwMgVq
3496,aapp_competition_test,0,597,1515,0,D:\PythonProjects\llm_eval\test\aapp_competition_test\3496\3496_gen_0.sv,openrouter/polaris-alpha,stop,,gen-1762679225-grZImB2wbgTI6Eseigzc
3370,aapp_competition_test,0,660,2138,0,D:\PythonProjects\llm_eval\test\aapp_competition_test\3370\3370_gen_0.sv,openrouter/polaris-alpha,stop,,gen-1762679152-DXnw1ntmX2f7AerkLas8
421,mbpp_test,0,524,484,0,D:\PythonProjects\llm_eval\test\mbpp_test\421\421_gen_0.sv,openrouter/polaris-alpha,stop,,gen-1762679252-gpbI78ajdUOGlsWXBUGH
137,human_eval_test,0,544,2662,0,D:\PythonProjects\llm_eval\test\human_eval_test\137\137_gen_0.sv,openrouter/polaris-alpha,stop,,gen-1762679155-Z95THExTdsJOMWX3WJaN
792,mbpp_train,0,355,119,0,D:\PythonProjects\llm_eval\test\mbpp_train\792\792_gen_0.sv,openrouter/polaris-alpha,stop,,gen-1762679271-DlfZNuAl8dIc5WuRd8aB
773,mbpp_train,0,469,1306,0,D:\PythonProjects\llm_eval\test\mbpp_train\773\773_gen_0.sv,openrouter/polaris-alpha,stop,,gen-1762679187-hF2y7zL3mmKrD00Vaynd
3142,aapp_competition_test,0,666,691,0,D:\PythonProjects\llm_eval\test\aapp_competition_test\3142\3142_gen_0.sv,openrouter/polaris-alpha,stop,,gen-1762679199-WJcPgolez7yhnLF9CrvU
158,human_eval_test,0,455,1677,0,D:\PythonProjects\llm_eval\test\human_eval_test\158\158_gen_0.sv,openrouter/polaris-alpha,stop,,gen-1762679185-HNwv8eBMSep1bwBlfBQo
3295,aapp_competition_test,0,595,1699,0,D:\PythonProjects\llm_eval\test\aapp_competition_test\3295\3295_gen_0.sv,openrouter/polaris-alpha,stop,,gen-1762679202-MfYdBlyGEdDNhxsRDGEM
3298,aapp_competition_test,0,437,210,0,D:\PythonProjects\llm_eval\test\aapp_competition_test\3298\3298_gen_0.sv,openrouter/polaris-alpha,stop,,gen-1762679302-6ua6MJUIX5pqfItAeR3G
16,mbpp_test,0,458,610,0,D:\PythonProjects\llm_eval\test\mbpp_test\16\16_gen_0.sv,openrouter/polaris-alpha,stop,,gen-1762679249-fKlRVreYlWT5J58yq9EG
3371,aapp_competition_test,0,679,2679,0,D:\PythonProjects\llm_eval\test\aapp_competition_test\3371\3371_gen_0.sv,openrouter/polaris-alpha,stop,,gen-1762679225-epnQnNjDUNxNs1uvDyUc
247,mbpp_test,0,667,1324,0,D:\PythonProjects\llm_eval\test\mbpp_test\247\247_gen_0.sv,openrouter/polaris-alpha,stop,,gen-1762679249-os3Hw62HHnWCztJDdlRp
85,human_eval_test,0,406,252,0,D:\PythonProjects\llm_eval\test\human_eval_test\85\85_gen_0.sv,openrouter/polaris-alpha,stop,,gen-1762679342-MxiEyEZ9WSKFRJmcKIej
605,mbpp_train,0,459,916,0,D:\PythonProjects\llm_eval\test\mbpp_train\605\605_gen_0.sv,openrouter/polaris-alpha,stop,,gen-1762679261-biUHlqUhgpwQ0IWuV3ox
253,mbpp_test,0,319,78,0,D:\PythonProjects\llm_eval\test\mbpp_test\253\253_gen_0.sv,openrouter/polaris-alpha,stop,,gen-1762679347-fVuMnhc8GidAvuxGucun
312,mbpp_test,0,554,483,0,D:\PythonProjects\llm_eval\test\mbpp_test\312\312_gen_0.sv,openrouter/polaris-alpha,stop,,gen-1762679274-PdudetQWm7AmJzPjatqG
29,human_eval_test,0,538,451,0,D:\PythonProjects\llm_eval\test\human_eval_test\29\29_gen_0.sv,openrouter/polaris-alpha,stop,,gen-1762679349-UgeIyNh7HGTbtEAIN2RV
612,mbpp_train,0,421,374,0,D:\PythonProjects\llm_eval\test\mbpp_train\612\612_gen_0.sv,openrouter/polaris-alpha,stop,,gen-1762679353-prJ1Li4IM6SUjf0JfXhV
167,mbpp_test,0,455,763,0,D:\PythonProjects\llm_eval\test\mbpp_test\167\167_gen_0.sv,openrouter/polaris-alpha,stop,,gen-1762679347-JxmHKmDLROwQjHP8X5yj
438,mbpp_test,0,415,1817,0,D:\PythonProjects\llm_eval\test\mbpp_test\438\438_gen_0.sv,openrouter/polaris-alpha,stop,,gen-1762679259-WHdaolMoxs6E1EhUDCQJ
446,mbpp_test,0,373,674,0,D:\PythonProjects\llm_eval\test\mbpp_test\446\446_gen_0.sv,openrouter/polaris-alpha,stop,,gen-1762679358-Fv5AtTUZBInvJTuegYLI
3143,aapp_competition_test,0,599,1308,0,D:\PythonProjects\llm_eval\test\aapp_competition_test\3143\3143_gen_0.sv,openrouter/polaris-alpha,stop,,gen-1762679285-Dq4tO5al4d1qTnGUwDMq
3299,aapp_competition_test,0,432,615,0,D:\PythonProjects\llm_eval\test\aapp_competition_test\3299\3299_gen_0.sv,openrouter/polaris-alpha,stop,,gen-1762679370-Sv8WmVjXTrvEj3XyJFiI
3626,aapp_competition_test,0,716,1721,0,D:\PythonProjects\llm_eval\test\aapp_competition_test\3626\3626_gen_0.sv,openrouter/polaris-alpha,stop,,gen-1762679282-VvYrdPR94lEGZaR2eUns
60,human_eval_test,0,371,114,0,D:\PythonProjects\llm_eval\test\human_eval_test\60\60_gen_0.sv,openrouter/polaris-alpha,stop,,gen-1762679381-xvhSUik9jxulbXs2Mwcx
3488,aapp_competition_test,0,674,3357,0,D:\PythonProjects\llm_eval\test\aapp_competition_test\3488\3488_gen_0.sv,openrouter/polaris-alpha,stop,,gen-1762679330-MtshyVtB4pNIyYUgWkK5
3150,aapp_competition_test,0,635,2082,0,D:\PythonProjects\llm_eval\test\aapp_competition_test\3150\3150_gen_0.sv,openrouter/polaris-alpha,stop,,gen-1762679361-SoPvbNW6KT9kI0rBzFyl
6,human_eval_test,0,452,934,0,D:\PythonProjects\llm_eval\test\human_eval_test\6\6_gen_0.sv,openrouter/polaris-alpha,stop,,gen-1762679382-nHN2XHk5IydyVWTF656y
3002,aapp_competition_test,0,637,2869,0,D:\PythonProjects\llm_eval\test\aapp_competition_test\3002\3002_gen_0.sv,openrouter/polaris-alpha,stop,,gen-1762679281-IUddIFywwr6bmQGVMMZk
3008,aapp_competition_test,0,664,2313,0,D:\PythonProjects\llm_eval\test\aapp_competition_test\3008\3008_gen_0.sv,openrouter/polaris-alpha,stop,,gen-1762679360-mKARES2QbngdPzh7Hroe
424,mbpp_test,0,413,462,0,D:\PythonProjects\llm_eval\test\mbpp_test\424\424_gen_0.sv,openrouter/polaris-alpha,stop,,gen-1762679397-LLEtOhiICapCifOEPcmf
557,mbpp_validation,0,369,373,0,D:\PythonProjects\llm_eval\test\mbpp_validation\557\557_gen_0.sv,openrouter/polaris-alpha,stop,,gen-1762679399-kkmvNwaybTjRoY3TaGcC
3372,aapp_competition_test,0,849,1993,0,D:\PythonProjects\llm_eval\test\aapp_competition_test\3372\3372_gen_0.sv,openrouter/polaris-alpha,stop,,gen-1762679307-pyz8U2IBhefQ0te79m8P
308,mbpp_test,0,543,1646,0,D:\PythonProjects\llm_eval\test\mbpp_test\308\308_gen_0.sv,openrouter/polaris-alpha,stop,,gen-1762679400-r8BAmthzcpMl86GqQRa8
88,mbpp_test,0,448,1131,0,D:\PythonProjects\llm_eval\test\mbpp_test\88\88_gen_0.sv,openrouter/polaris-alpha,stop,,gen-1762679343-NGVWSwyrqejwbZhYQco0
156,human_eval_test,0,461,3141,0,D:\PythonProjects\llm_eval\test\human_eval_test\156\156_gen_0.sv,openrouter/polaris-alpha,stop,,gen-1762679400-Nc5vQ6tNzmkgbNds0WK8
61,human_eval_test,0,435,694,0,D:\PythonProjects\llm_eval\test\human_eval_test\61\61_gen_0.sv,openrouter/polaris-alpha,stop,,gen-1762679455-v11JgYH4jL2YRNXMvNd9
3628,aapp_competition_test,0,623,2288,0,D:\PythonProjects\llm_eval\test\aapp_competition_test\3628\3628_gen_0.sv,openrouter/polaris-alpha,stop,,gen-1762679361-49guerR3vMjrCYtwsKza
95,mbpp_test,0,445,344,0,D:\PythonProjects\llm_eval\test\mbpp_test\95\95_gen_0.sv,openrouter/polaris-alpha,stop,,gen-1762679471-VpsCYXKi7Y5c2yCDcAhq
87,mbpp_test,0,538,1427,0,D:\PythonProjects\llm_eval\test\mbpp_test\87\87_gen_0.sv,openrouter/polaris-alpha,stop,,gen-1762679384-PGMpYDBDQimLvebO9szA
257,mbpp_test,0,313,87,0,D:\PythonProjects\llm_eval\test\mbpp_test\257\257_gen_0.sv,openrouter/polaris-alpha,stop,,gen-1762679478-VLViPYQcfdLd4kyFfTlv
3375,aapp_competition_test,0,617,1842,0,D:\PythonProjects\llm_eval\test\aapp_competition_test\3375\3375_gen_0.sv,openrouter/polaris-alpha,stop,,gen-1762679378-X1EzxdLU3D4a7nCdCknt
246,mbpp_test,0,537,1357,0,D:\PythonProjects\llm_eval\test\mbpp_test\246\246_gen_0.sv,openrouter/polaris-alpha,stop,,gen-1762679388-taOgUNcehiwpB3YNsaeO
426,mbpp_test,0,482,149,0,D:\PythonProjects\llm_eval\test\mbpp_test\426\426_gen_0.sv,openrouter/polaris-alpha,stop,,gen-1762679479-rS3GAqlFGy8t0yQysR5E
59,human_eval_test,0,597,1067,0,D:\PythonProjects\llm_eval\test\human_eval_test\59\59_gen_0.sv,openrouter/polaris-alpha,stop,,gen-1762679467-9Bzsz9EuoHld2w78WOFX
3146,aapp_competition_test,0,752,4965,0,D:\PythonProjects\llm_eval\test\aapp_competition_test\3146\3146_gen_0.sv,openrouter/polaris-alpha,stop,,gen-1762679412-9250TvlQf3p43nUW00wd
3365,aapp_competition_test,0,633,3978,0,D:\PythonProjects\llm_eval\test\aapp_competition_test\3365\3365_gen_0.sv,openrouter/polaris-alpha,stop,,gen-1762679434-dEvrnvpvhNgfqrASXAd1
3004,aapp_competition_test,0,725,1629,0,D:\PythonProjects\llm_eval\test\aapp_competition_test\3004\3004_gen_0.sv,openrouter/polaris-alpha,stop,,gen-1762679406-x3vAw7Va7Ip3oZhUauFr
3627,aapp_competition_test,0,627,1844,0,D:\PythonProjects\llm_eval\test\aapp_competition_test\3627\3627_gen_0.sv,openrouter/polaris-alpha,stop,,gen-1762679406-iPftWE7haEhtbzicNaQZ
3380,aapp_competition_test,0,521,446,0,D:\PythonProjects\llm_eval\test\aapp_competition_test\3380\3380_gen_0.sv,openrouter/polaris-alpha,stop,,gen-1762679504-XD63aJ8fmpXDsXdXj9gi
3302,aapp_competition_test,0,581,913,0,D:\PythonProjects\llm_eval\test\aapp_competition_test\3302\3302_gen_0.sv,openrouter/polaris-alpha,stop,,gen-1762679429-cV0mOcTzw4hFtc28W31G
635,mbpp_train,0,468,2134,0,D:\PythonProjects\llm_eval\test\mbpp_train\635\635_gen_0.sv,openrouter/polaris-alpha,stop,,gen-1762679480-4HQSECRK0b1vfkQk84wC
93,mbpp_test,0,585,526,0,D:\PythonProjects\llm_eval\test\mbpp_test\93\93_gen_0.sv,openrouter/polaris-alpha,stop,,gen-1762679516-i6r6sDhOjRY9RdnNF4mh
3152,aapp_competition_test,0,682,1666,0,D:\PythonProjects\llm_eval\test\aapp_competition_test\3152\3152_gen_0.sv,openrouter/polaris-alpha,stop,,gen-1762679497-xzaat4CfWoqtSjcauzGf
33,human_eval_test,0,429,961,0,D:\PythonProjects\llm_eval\test\human_eval_test\33\33_gen_0.sv,openrouter/polaris-alpha,stop,,gen-1762679510-TFyN7M8KoeblaMf7CGzS
138,mbpp_test,0,321,72,0,D:\PythonProjects\llm_eval\test\mbpp_test\138\138_gen_0.sv,openrouter/polaris-alpha,stop,,gen-1762679527-67QyW6dDsKLPYVzcnV8G
53,human_eval_test,0,308,68,0,D:\PythonProjects\llm_eval\test\human_eval_test\53\53_gen_0.sv,openrouter/polaris-alpha,stop,,gen-1762679527-Pux6L3NUt5cIkz1kPk25
295,mbpp_test,0,505,531,0,D:\PythonProjects\llm_eval\test\mbpp_test\295\295_gen_0.sv,openrouter/polaris-alpha,stop,,gen-1762679526-nX5TGm0IiWaCjOJ71BiT
3305,aapp_competition_test,0,643,2657,0,D:\PythonProjects\llm_eval\test\aapp_competition_test\3305\3305_gen_0.sv,openrouter/polaris-alpha,stop,,gen-1762679502-Z4MnstYjGzCAbiyW3cGH
3615,aapp_competition_test,0,647,3931,0,D:\PythonProjects\llm_eval\test\aapp_competition_test\3615\3615_gen_0.sv,openrouter/polaris-alpha,stop,,gen-1762679486-QCeGKuahggzh3gjXnozZ
470,mbpp_test,0,387,204,0,D:\PythonProjects\llm_eval\test\mbpp_test\470\470_gen_0.sv,openrouter/polaris-alpha,stop,,gen-1762679481-Ng2lpWhc7FxwFaQEZh06
3156,aapp_competition_test,0,586,1715,0,D:\PythonProjects\llm_eval\test\aapp_competition_test\3156\3156_gen_0.sv,openrouter/polaris-alpha,stop,,gen-1762679535-XiZFXkjs1NUTwKCsZGW7
3377,aapp_competition_test,0,712,849,0,D:\PythonProjects\llm_eval\test\aapp_competition_test\3377\3377_gen_0.sv,openrouter/polaris-alpha,stop,,gen-1762679554-ahKMzfBOITfzvVW1t2Io
97,mbpp_test,0,453,630,0,D:\PythonProjects\llm_eval\test\mbpp_test\97\97_gen_0.sv,openrouter/polaris-alpha,stop,,gen-1762679569-Gs2CdcxolgDhtWTPt8UB
755,mbpp_train,0,495,1683,0,D:\PythonProjects\llm_eval\test\mbpp_train\755\755_gen_0.sv,openrouter/polaris-alpha,stop,,gen-1762679481-5Rgz6JJ2Rfzr8KCAoFas
427,mbpp_test,0,362,88,0,D:\PythonProjects\llm_eval\test\mbpp_test\427\427_gen_0.sv,openrouter/polaris-alpha,stop,,gen-1762679582-4elR5aXZoCWhdaqgZOT3
441,mbpp_test,0,354,64,0,D:\PythonProjects\llm_eval\test\mbpp_test\441\441_gen_0.sv,openrouter/polaris-alpha,stop,,gen-1762679584-UrwSuACQb9Ms0EKFqBxY
3003,aapp_competition_test,0,563,1901,0,D:\PythonProjects\llm_eval\test\aapp_competition_test\3003\3003_gen_0.sv,openrouter/polaris-alpha,stop,,gen-1762679483-7gv2j3lMCCO4dUOhBZSv
3013,aapp_competition_test,0,665,3416,0,D:\PythonProjects\llm_eval\test\aapp_competition_test\3013\3013_gen_0.sv,openrouter/polaris-alpha,stop,,gen-1762679529-dBYxBcRaC3LyMSrEH1U1
799,mbpp_train,0,360,81,0,D:\PythonProjects\llm_eval\test\mbpp_train\799\799_gen_0.sv,openrouter/polaris-alpha,stop,,gen-1762679588-Ofdl6OFAX0TzfxGme0g6
728,mbpp_train,0,434,169,0,D:\PythonProjects\llm_eval\test\mbpp_train\728\728_gen_0.sv,openrouter/polaris-alpha,stop,,gen-1762679587-89cfe0PPhORQK6kcTuW9
307,mbpp_test,0,527,289,0,D:\PythonProjects\llm_eval\test\mbpp_test\307\307_gen_0.sv,openrouter/polaris-alpha,stop,,gen-1762679590-1anOeZp3wyIE46cTxpoY
111,human_eval_test,0,499,1070,0,D:\PythonProjects\llm_eval\test\human_eval_test\111\111_gen_0.sv,openrouter/polaris-alpha,stop,,gen-1762679513-aYuH5UNPtASZU54T8NVw
608,mbpp_train,0,617,1411,0,D:\PythonProjects\llm_eval\test\mbpp_train\608\608_gen_0.sv,openrouter/polaris-alpha,stop,,gen-1762679586-1zo4hsPPI9qRU1c7LzdE
252,mbpp_test,0,567,2844,0,D:\PythonProjects\llm_eval\test\mbpp_test\252\252_gen_0.sv,openrouter/polaris-alpha,stop,,gen-1762679517-7b1yLdCCSxHcNnFOe3gR
112,human_eval_test,0,755,1180,0,D:\PythonProjects\llm_eval\test\human_eval_test\112\112_gen_0.sv,openrouter/polaris-alpha,stop,,gen-1762679565-UMFbNlERo6jaz5yxOBW3
3306,aapp_competition_test,0,674,2395,0,D:\PythonProjects\llm_eval\test\aapp_competition_test\3306\3306_gen_0.sv,openrouter/polaris-alpha,stop,,gen-1762679548-v1eilYRpvZNhkKFfMBMY
251,mbpp_test,0,390,221,0,D:\PythonProjects\llm_eval\test\mbpp_test\251\251_gen_0.sv,openrouter/polaris-alpha,stop,,gen-1762679580-FstwVEqardrsCus56LJu
17,mbpp_test,0,323,63,0,D:\PythonProjects\llm_eval\test\mbpp_test\17\17_gen_0.sv,openrouter/polaris-alpha,stop,,gen-1762679660-06WI01og3E0fDWaGMkxo
168,mbpp_test,0,339,260,0,D:\PythonProjects\llm_eval\test\mbpp_test\168\168_gen_0.sv,openrouter/polaris-alpha,stop,,gen-1762679662-LktCuz5uSKGnBRiB0H4Q
34,human_eval_test,0,446,2686,0,D:\PythonProjects\llm_eval\test\human_eval_test\34\34_gen_0.sv,openrouter/polaris-alpha,stop,,gen-1762679557-nqDJmN7DFuEGVS1WiIza
3015,aapp_competition_test,0,664,1666,0,D:\PythonProjects\llm_eval\test\aapp_competition_test\3015\3015_gen_0.sv,openrouter/polaris-alpha,stop,,gen-1762679591-H13i04c2nyBL8dT2J5E6
3629,aapp_competition_test,0,684,5367,0,D:\PythonProjects\llm_eval\test\aapp_competition_test\3629\3629_gen_0.sv,openrouter/polaris-alpha,stop,,gen-1762679529-qnwa3jMyNN1ShWRGjAt2
3309,aapp_competition_test,0,562,611,0,D:\PythonProjects\llm_eval\test\aapp_competition_test\3309\3309_gen_0.sv,openrouter/polaris-alpha,stop,,gen-1762679611-eEyLLFDLWE7lF5dV05XO
740,mbpp_train,0,401,210,0,D:\PythonProjects\llm_eval\test\mbpp_train\740\740_gen_0.sv,openrouter/polaris-alpha,stop,,gen-1762679690-RXwv54ArIdNOTR7iOoft
3619,aapp_competition_test,0,665,2342,0,D:\PythonProjects\llm_eval\test\aapp_competition_test\3619\3619_gen_0.sv,openrouter/polaris-alpha,stop,,gen-1762679596-RA7eTAFIHfZ86gsGjibh
3154,aapp_competition_test,0,703,2841,0,D:\PythonProjects\llm_eval\test\aapp_competition_test\3154\3154_gen_0.sv,openrouter/polaris-alpha,stop,,gen-1762679603-RJ3BVNFVL3y4YOLqetqs
3139,aapp_competition_test,0,693,965,0,D:\PythonProjects\llm_eval\test\aapp_competition_test\3139\3139_gen_0.sv,openrouter/polaris-alpha,stop,,gen-1762679707-N83povVIrQ5RFxAM0T1W
3007,aapp_competition_test,0,735,1911,0,D:\PythonProjects\llm_eval\test\aapp_competition_test\3007\3007_gen_0.sv,openrouter/polaris-alpha,stop,,gen-1762679693-lzfU0aa4i4qQ3rPlRIYT
98,mbpp_test,0,324,183,0,D:\PythonProjects\llm_eval\test\mbpp_test\98\98_gen_0.sv,openrouter/polaris-alpha,stop,,gen-1762679660-tdXyDIZ9JoRMRtiMR2AW
56,mbpp_test,0,404,370,0,D:\PythonProjects\llm_eval\test\mbpp_test\56\56_gen_0.sv,openrouter/polaris-alpha,stop,,gen-1762679734-W89csrn3Fjn5UPTHyVKN
139,human_eval_test,0,509,1052,0,D:\PythonProjects\llm_eval\test\human_eval_test\139\139_gen_0.sv,openrouter/polaris-alpha,stop,,gen-1762679657-MiQ79LF5UG2J7VMSoM5M
96,mbpp_test,0,462,423,0,D:\PythonProjects\llm_eval\test\mbpp_test\96\96_gen_0.sv,openrouter/polaris-alpha,stop,,gen-1762679741-tLtAHa8HVQfJKwqWdGsR
55,human_eval_test,0,444,488,0,D:\PythonProjects\llm_eval\test\human_eval_test\55\55_gen_0.sv,openrouter/polaris-alpha,stop,,gen-1762679674-HQenPevK4GjpmhxpgcHk
429,mbpp_test,0,432,179,0,D:\PythonProjects\llm_eval\test\mbpp_test\429\429_gen_0.sv,openrouter/polaris-alpha,stop,,gen-1762679749-QPdCUCvGm2Z4Scw8dg12
3379,aapp_competition_test,0,674,3039,0,D:\PythonProjects\llm_eval\test\aapp_competition_test\3379\3379_gen_0.sv,openrouter/polaris-alpha,stop,,gen-1762679637-puY12K7lMgAfALPyHAfh
260,mbpp_test,0,530,722,0,D:\PythonProjects\llm_eval\test\mbpp_test\260\260_gen_0.sv,openrouter/polaris-alpha,stop,,gen-1762679746-RRqEEt1ZUtGLr8D2tyOV
616,mbpp_train,0,414,184,0,D:\PythonProjects\llm_eval\test\mbpp_train\616\616_gen_0.sv,openrouter/polaris-alpha,stop,,gen-1762679691-8q3UbZ1T58s8B6VE7ap1
560,mbpp_validation,0,440,835,0,D:\PythonProjects\llm_eval\test\mbpp_validation\560\560_gen_0.sv,openrouter/polaris-alpha,stop,,gen-1762679753-VK1rfZl4fYZHcGNNEP5x
255,mbpp_test,0,587,2035,0,D:\PythonProjects\llm_eval\test\mbpp_test\255\255_gen_0.sv,openrouter/polaris-alpha,stop,,gen-1762679667-N0N8M8eN4jl0tGjoyrOs
3635,aapp_competition_test,0,578,1047,0,D:\PythonProjects\llm_eval\test\aapp_competition_test\3635\3635_gen_0.sv,openrouter/polaris-alpha,stop,,gen-1762679694-GsKClAI3vQsYmUMdNj6i
3304,aapp_competition_test,0,640,1517,0,D:\PythonProjects\llm_eval\test\aapp_competition_test\3304\3304_gen_0.sv,openrouter/polaris-alpha,stop,,gen-1762679765-VtGronpo1Okgvq0yjk0a
19,mbpp_test,0,346,385,0,D:\PythonProjects\llm_eval\test\mbpp_test\19\19_gen_0.sv,openrouter/polaris-alpha,stop,,gen-1762679792-PHKM4FCzZX0ZZeMiFAUK
126,human_eval_test,0,498,916,0,D:\PythonProjects\llm_eval\test\human_eval_test\126\126_gen_0.sv,openrouter/polaris-alpha,stop,,gen-1762679783-pJsnA5sdoOF2drtbtDPq
262,mbpp_test,0,429,557,0,D:\PythonProjects\llm_eval\test\mbpp_test\262\262_gen_0.sv,openrouter/polaris-alpha,stop,,gen-1762679800-bha11svlWKANu5BJBHqr
3639,aapp_competition_test,0,695,3249,0,D:\PythonProjects\llm_eval\test\aapp_competition_test\3639\3639_gen_0.sv,openrouter/polaris-alpha,stop,,gen-1762679760-ER8yv8snL0axQlM7x7Yx
3308,aapp_competition_test,0,743,1373,0,D:\PythonProjects\llm_eval\test\aapp_competition_test\3308\3308_gen_0.sv,openrouter/polaris-alpha,stop,,gen-1762679723-yNmh4foziMpHw861zuTD
762,mbpp_train,0,343,110,0,D:\PythonProjects\llm_eval\test\mbpp_train\762\762_gen_0.sv,openrouter/polaris-alpha,stop,,gen-1762679816-Oq0GJ7UcLbcNAoxnoR6E
587,mbpp_validation,0,330,78,0,D:\PythonProjects\llm_eval\test\mbpp_validation\587\587_gen_0.sv,openrouter/polaris-alpha,stop,,gen-1762679818-XMuU5xVVfGYyKKjXuzNo
425,mbpp_test,0,468,526,0,D:\PythonProjects\llm_eval\test\mbpp_test\425\425_gen_0.sv,openrouter/polaris-alpha,stop,,gen-1762679819-xvzl68lGFaVo5DJ0IJOZ
86,human_eval_test,0,581,1974,0,D:\PythonProjects\llm_eval\test\human_eval_test\86\86_gen_0.sv,openrouter/polaris-alpha,stop,,gen-1762679726-DRpIXeJJQKSOuFYiD2kO
3352,aapp_competition_test,0,701,2214,0,D:\PythonProjects\llm_eval\test\aapp_competition_test\3352\3352_gen_0.sv,openrouter/polaris-alpha,stop,,gen-1762679725-OmkmrLUP9L64A7GjhgMo
100,mbpp_test,0,482,1474,0,D:\PythonProjects\llm_eval\test\mbpp_test\100\100_gen_0.sv,openrouter/polaris-alpha,stop,,gen-1762679799-LPtWHv07Xw5CtVC4qCLO
3011,aapp_competition_test,0,660,2141,0,D:\PythonProjects\llm_eval\test\aapp_competition_test\3011\3011_gen_0.sv,openrouter/polaris-alpha,stop,,gen-1762679753-dWUtDXxxaTqGsFQEipTR
3157,aapp_competition_test,0,656,1726,0,D:\PythonProjects\llm_eval\test\aapp_competition_test\3157\3157_gen_0.sv,openrouter/polaris-alpha,stop,,gen-1762679763-xr0vTC6sWw0LIrDS9ujc
140,human_eval_test,0,527,1102,0,D:\PythonProjects\llm_eval\test\human_eval_test\140\140_gen_0.sv,openrouter/polaris-alpha,stop,,gen-1762679774-HU7x7H4oB7xTfl4dkfzU
14,mbpp_test,0,344,157,0,D:\PythonProjects\llm_eval\test\mbpp_test\14\14_gen_0.sv,openrouter/polaris-alpha,stop,,gen-1762679865-8nVJTSTotA3zxK252CLR
35,human_eval_test,0,429,395,0,D:\PythonProjects\llm_eval\test\human_eval_test\35\35_gen_0.sv,openrouter/polaris-alpha,stop,,gen-1762679863-uXR3FyUx8QluXRwL0D11
3640,aapp_competition_test,0,529,2368,0,D:\PythonProjects\llm_eval\test\aapp_competition_test\3640\3640_gen_0.sv,openrouter/polaris-alpha,stop,,gen-1762679831-W0oaX2ev14tay8M9XKSc
264,mbpp_test,0,390,95,0,D:\PythonProjects\llm_eval\test\mbpp_test\264\264_gen_0.sv,openrouter/polaris-alpha,stop,,gen-1762679870-KR1u0rRpgXz1zKZNLP7I
3384,aapp_competition_test,0,641,2122,0,D:\PythonProjects\llm_eval\test\aapp_competition_test\3384\3384_gen_0.sv,openrouter/polaris-alpha,stop,,gen-1762679768-YTdfT7ObPq6JVD77lhyM
99,mbpp_test,0,388,389,0,D:\PythonProjects\llm_eval\test\mbpp_test\99\99_gen_0.sv,openrouter/polaris-alpha,stop,,gen-1762679868-EmHNWI9VdmUMbA9ydo1u
139,mbpp_test,0,404,131,0,D:\PythonProjects\llm_eval\test\mbpp_test\139\139_gen_0.sv,openrouter/polaris-alpha,stop,,gen-1762679876-KUjqvtgM8ipBXPN636oc
3314,aapp_competition_test,0,601,2828,0,D:\PythonProjects\llm_eval\test\aapp_competition_test\3314\3314_gen_0.sv,openrouter/polaris-alpha,stop,,gen-1762679839-PjSfIsUIfFvUZRjw6lEs
784,mbpp_train,0,554,897,0,D:\PythonProjects\llm_eval\test\mbpp_train\784\784_gen_0.sv,openrouter/polaris-alpha,stop,,gen-1762679872-ExQfNax3OQQadMY2QL67
638,mbpp_train,0,484,5062,0,D:\PythonProjects\llm_eval\test\mbpp_train\638\638_gen_0.sv,openrouter/polaris-alpha,stop,,gen-1762679810-1yUzVcmmBQthwIC4Ui0F
3023,aapp_competition_test,0,637,1787,0,D:\PythonProjects\llm_eval\test\aapp_competition_test\3023\3023_gen_0.sv,openrouter/polaris-alpha,stop,,gen-1762679878-97ototZJPu45vVjGu9L0
3383,aapp_competition_test,0,651,3305,0,D:\PythonProjects\llm_eval\test\aapp_competition_test\3383\3383_gen_0.sv,openrouter/polaris-alpha,stop,,gen-1762679860-ysJ1CeygbjDHdeMtccgZ
472,mbpp_test,0,498,1611,0,D:\PythonProjects\llm_eval\test\mbpp_test\472\472_gen_0.sv,openrouter/polaris-alpha,stop,,gen-1762679819-7rEYFD2SLhBja6EHSLxb
3385,aapp_competition_test,0,476,805,0,D:\PythonProjects\llm_eval\test\aapp_competition_test\3385\3385_gen_0.sv,openrouter/polaris-alpha,stop,,gen-1762679910-mzlAgoo36o4JAdaH4rJu
3017,aapp_competition_test,0,631,1949,0,D:\PythonProjects\llm_eval\test\aapp_competition_test\3017\3017_gen_0.sv,openrouter/polaris-alpha,stop,,gen-1762679830-oia5WxC0zJoZNIM8DhH0
259,mbpp_test,0,646,548,0,D:\PythonProjects\llm_eval\test\mbpp_test\259\259_gen_0.sv,openrouter/polaris-alpha,stop,,gen-1762679935-Ny4SCq4Tvby46hstY9VB
294,mbpp_test,0,414,188,0,D:\PythonProjects\llm_eval\test\mbpp_test\294\294_gen_0.sv,openrouter/polaris-alpha,stop,,gen-1762679872-fRoQ7vbFTBwX8LII9FdW
422,mbpp_test,0,400,255,0,D:\PythonProjects\llm_eval\test\mbpp_test\422\422_gen_0.sv,openrouter/polaris-alpha,stop,,gen-1762679946-Tnl4b0YE2efFH2LhvTFK
732,mbpp_train,0,438,191,0,D:\PythonProjects\llm_eval\test\mbpp_train\732\732_gen_0.sv,openrouter/polaris-alpha,stop,,gen-1762679951-0Uh7dLR2AbwgSAm79QDB
607,mbpp_train,0,509,771,0,D:\PythonProjects\llm_eval\test\mbpp_train\607\607_gen_0.sv,openrouter/polaris-alpha,stop,,gen-1762679947-gBobtFh89PIy3fc1d8BK
800,mbpp_train,0,528,546,0,D:\PythonProjects\llm_eval\test\mbpp_train\800\800_gen_0.sv,openrouter/polaris-alpha,stop,,gen-1762679955-VtH2O9EuSauZTT5N2kCQ
3644,aapp_competition_test,0,583,1362,0,D:\PythonProjects\llm_eval\test\aapp_competition_test\3644\3644_gen_0.sv,openrouter/polaris-alpha,stop,,gen-1762679888-7ShpC1ixrfT6mSjzGjgV
3161,aapp_competition_test,0,606,4972,0,D:\PythonProjects\llm_eval\test\aapp_competition_test\3161\3161_gen_0.sv,openrouter/polaris-alpha,stop,,gen-1762679833-D4W1ojK0bQgmEZT3J0Ie
62,human_eval_test,0,363,219,0,D:\PythonProjects\llm_eval\test\human_eval_test\62\62_gen_0.sv,openrouter/polaris-alpha,stop,,gen-1762679917-PsF2HqXDw09YXsbAiMt4
78,human_eval_test,0,496,2726,0,D:\PythonProjects\llm_eval\test\human_eval_test\78\78_gen_0.sv,openrouter/polaris-alpha,stop,,gen-1762679876-x7GFQDYhcLQvVo9ib7gy
3646,aapp_competition_test,0,598,875,0,D:\PythonProjects\llm_eval\test\aapp_competition_test\3646\3646_gen_0.sv,openrouter/polaris-alpha,stop,,gen-1762679982-zW6QrBMgapBEHz2akHtC
92,mbpp_test,0,468,263,0,D:\PythonProjects\llm_eval\test\mbpp_test\92\92_gen_0.sv,openrouter/polaris-alpha,stop,,gen-1762679924-r4yxRoFLdZY8XknPQsnN
3313,aapp_competition_test,0,653,2126,0,D:\PythonProjects\llm_eval\test\aapp_competition_test\3313\3313_gen_0.sv,openrouter/polaris-alpha,stop,,gen-1762679897-x8FhISO3J3RzLz6HTIdz
3164,aapp_competition_test,0,619,1508,0,D:\PythonProjects\llm_eval\test\aapp_competition_test\3164\3164_gen_0.sv,openrouter/polaris-alpha,stop,,gen-1762679989-TrY9eyGPSdVgBe8JqxSF
12,mbpp_test,0,444,1733,0,D:\PythonProjects\llm_eval\test\mbpp_test\12\12_gen_0.sv,openrouter/polaris-alpha,stop,,gen-1762679917-rUfGQ06wxHlp1ARfYLHW
20,mbpp_test,0,503,1304,0,D:\PythonProjects\llm_eval\test\mbpp_test\20\20_gen_0.sv,openrouter/polaris-alpha,stop,,gen-1762680000-o5k1AYEcWDAHncoH7JDu
166,mbpp_test,0,381,464,0,D:\PythonProjects\llm_eval\test\mbpp_test\166\166_gen_0.sv,openrouter/polaris-alpha,stop,,gen-1762680016-21HQT7cBV9MjSbe5wNeO
735,mbpp_train,0,415,177,0,D:\PythonProjects\llm_eval\test\mbpp_train\735\735_gen_0.sv,openrouter/polaris-alpha,stop,,gen-1762680025-uSgyliytsIn3wfb4fXdp
108,human_eval_test,0,395,714,0,D:\PythonProjects\llm_eval\test\human_eval_test\108\108_gen_0.sv,openrouter/polaris-alpha,stop,,gen-1762680023-JlnHauR5RLMqgTCzhfVK
256,mbpp_test,0,423,1055,0,D:\PythonProjects\llm_eval\test\mbpp_test\256\256_gen_0.sv,openrouter/polaris-alpha,stop,,gen-1762680018-OIkwSdGGKxH1i82R8btX
389,mbpp_test,0,587,760,0,D:\PythonProjects\llm_eval\test\mbpp_test\389\389_gen_0.sv,openrouter/polaris-alpha,stop,,gen-1762679961-fPVqY1DgN9pOJLwOJS0b
3315,aapp_competition_test,0,595,3182,0,D:\PythonProjects\llm_eval\test\aapp_competition_test\3315\3315_gen_0.sv,openrouter/polaris-alpha,stop,,gen-1762679992-7Suc1sjkD9ERgByvSHDp
3158,aapp_competition_test,0,716,5879,0,D:\PythonProjects\llm_eval\test\aapp_competition_test\3158\3158_gen_0.sv,openrouter/polaris-alpha,stop,,gen-1762679888-wOl9VCVjD0FRbzC5Dcp0
3630,aapp_competition_test,0,571,1326,0,D:\PythonProjects\llm_eval\test\aapp_competition_test\3630\3630_gen_0.sv,openrouter/polaris-alpha,stop,,gen-1762680046-n5E1D1ywVtI2pOieDRoP
580,mbpp_validation,0,642,1928,0,D:\PythonProjects\llm_eval\test\mbpp_validation\580\580_gen_0.sv,openrouter/polaris-alpha,stop,,gen-1762680036-q6qUUS4X1cewP7EYdNQl
3165,aapp_competition_test,0,636,1607,0,D:\PythonProjects\llm_eval\test\aapp_competition_test\3165\3165_gen_0.sv,openrouter/polaris-alpha,stop,,gen-1762680047-YlgMcBFammvYV80588oh
58,mbpp_test,0,335,77,0,D:\PythonProjects\llm_eval\test\mbpp_test\58\58_gen_0.sv,openrouter/polaris-alpha,stop,,gen-1762680075-Jd1Lf42iEFnTInugM8bD
8,human_eval_test,0,400,590,0,D:\PythonProjects\llm_eval\test\human_eval_test\8\8_gen_0.sv,openrouter/polaris-alpha,stop,,gen-1762680069-6OXekOFXF1hWLn5vzg7j
268,mbpp_test,0,353,196,0,D:\PythonProjects\llm_eval\test\mbpp_test\268\268_gen_0.sv,openrouter/polaris-alpha,stop,,gen-1762680080-T8e9sRik7mjLU6Oj5YRs
114,human_eval_test,0,539,1142,0,D:\PythonProjects\llm_eval\test\human_eval_test\114\114_gen_0.sv,openrouter/polaris-alpha,stop,,gen-1762679998-Huc5k6mwTAQw7BvChF6n
3019,aapp_competition_test,0,614,3377,0,D:\PythonProjects\llm_eval\test\aapp_competition_test\3019\3019_gen_0.sv,openrouter/polaris-alpha,stop,,gen-1762679965-2uVMbqklh6McdAWFfiHE
556,mbpp_validation,0,418,236,0,D:\PythonProjects\llm_eval\test\mbpp_validation\556\556_gen_0.sv,openrouter/polaris-alpha,stop,,gen-1762680089-8S0Yln7OpVekKUJFIesW
103,mbpp_test,0,769,1082,0,D:\PythonProjects\llm_eval\test\mbpp_test\103\103_gen_0.sv,openrouter/polaris-alpha,stop,,gen-1762680077-Xz0mnL9O7dvqFR118YQT
434,mbpp_test,0,526,1004,0,D:\PythonProjects\llm_eval\test\mbpp_test\434\434_gen_0.sv,openrouter/polaris-alpha,stop,,gen-1762680084-O3UoBPg9K8dMKbPT0Cl8
101,mbpp_test,0,567,1739,0,D:\PythonProjects\llm_eval\test\mbpp_test\101\101_gen_0.sv,openrouter/polaris-alpha,stop,,gen-1762680004-zeCamHIiPAGhogyM7L0M
617,mbpp_train,0,465,802,0,D:\PythonProjects\llm_eval\test\mbpp_train\617\617_gen_0.sv,openrouter/polaris-alpha,stop,,gen-1762680029-evcV56t3ZjGPcpmoxRKr
3317,aapp_competition_test,0,524,1005,0,D:\PythonProjects\llm_eval\test\aapp_competition_test\3317\3317_gen_0.sv,openrouter/polaris-alpha,stop,,gen-1762680104-LR6mkP4ye8JGPbDiblxv
3031,aapp_competition_test,0,641,2140,0,D:\PythonProjects\llm_eval\test\aapp_competition_test\3031\3031_gen_0.sv,openrouter/polaris-alpha,stop,,gen-1762680094-Rvb2VdPZbZY4KGVs2D3E
3387,aapp_competition_test,0,649,3908,0,D:\PythonProjects\llm_eval\test\aapp_competition_test\3387\3387_gen_0.sv,openrouter/polaris-alpha,stop,,gen-1762679994-A2AuZiHFSEdPKmYP3vNt
3316,aapp_competition_test,0,601,4169,0,D:\PythonProjects\llm_eval\test\aapp_competition_test\3316\3316_gen_0.sv,openrouter/polaris-alpha,stop,,gen-1762680060-7OwG0aq6N3FQz55RVWpk
105,mbpp_test,0,368,136,0,D:\PythonProjects\llm_eval\test\mbpp_test\105\105_gen_0.sv,openrouter/polaris-alpha,stop,,gen-1762680133-oBinDbBPxUb9jaqi4jzC
266,mbpp_test,0,324,85,0,D:\PythonProjects\llm_eval\test\mbpp_test\266\266_gen_0.sv,openrouter/polaris-alpha,stop,,gen-1762680136-NSdDv0QvNBIsIiifTbqu
760,mbpp_train,0,324,149,0,D:\PythonProjects\llm_eval\test\mbpp_train\760\760_gen_0.sv,openrouter/polaris-alpha,stop,,gen-1762680138-88dS7nlA755RmscNGsLf
641,mbpp_train,0,312,214,0,D:\PythonProjects\llm_eval\test\mbpp_train\641\641_gen_0.sv,openrouter/polaris-alpha,stop,,gen-1762680142-rPokMmWHPczVs1hVJBQO
25,human_eval_test,0,589,910,0,D:\PythonProjects\llm_eval\test\human_eval_test\25\25_gen_0.sv,openrouter/polaris-alpha,stop,,gen-1762680131-sCiRDTKfViqw2FwabJQd
87,human_eval_test,0,705,1677,0,D:\PythonProjects\llm_eval\test\human_eval_test\87\87_gen_0.sv,openrouter/polaris-alpha,stop,,gen-1762680122-9PJVjX5r87GD6NqCotYe
11,mbpp_test,0,424,1214,0,D:\PythonProjects\llm_eval\test\mbpp_test\11\11_gen_0.sv,openrouter/polaris-alpha,stop,,gen-1762680132-r3a8WHXcH72aaGQe8xIR
585,mbpp_validation,0,497,658,0,D:\PythonProjects\llm_eval\test\mbpp_validation\585\585_gen_0.sv,openrouter/polaris-alpha,stop,,gen-1762680146-uCYxJXHQ1ySVoJBGU9bj
3027,aapp_competition_test,0,723,3416,0,D:\PythonProjects\llm_eval\test\aapp_competition_test\3027\3027_gen_0.sv,openrouter/polaris-alpha,stop,,gen-1762680037-GeQA5BOoL7z3IKZOh11j
3388,aapp_competition_test,0,608,1748,0,D:\PythonProjects\llm_eval\test\aapp_competition_test\3388\3388_gen_0.sv,openrouter/polaris-alpha,stop,,gen-1762680069-s3LTZ1yfHRBE8KqlWOWZ
3321,aapp_competition_test,0,584,1423,0,D:\PythonProjects\llm_eval\test\aapp_competition_test\3321\3321_gen_0.sv,openrouter/polaris-alpha,stop,,gen-1762680167-9ZzCttxz5XoBNouyVYq1
123,mbpp_test,0,597,1807,0,D:\PythonProjects\llm_eval\test\mbpp_test\123\123_gen_0.sv,openrouter/polaris-alpha,stop,,gen-1762680094-yzCiW0RgqKhQfvICmPHS
3032,aapp_competition_test,0,660,2669,0,D:\PythonProjects\llm_eval\test\aapp_competition_test\3032\3032_gen_0.sv,openrouter/polaris-alpha,stop,,gen-1762680151-qAGbEaWO84pMSKGvak3l
59,mbpp_test,0,463,229,0,D:\PythonProjects\llm_eval\test\mbpp_test\59\59_gen_0.sv,openrouter/polaris-alpha,stop,,gen-1762680196-etHMi6UrzICxxxwaYy7F
269,mbpp_test,0,290,57,0,D:\PythonProjects\llm_eval\test\mbpp_test\269\269_gen_0.sv,openrouter/polaris-alpha,stop,,gen-1762680201-U7bgFVfqyxjNtseU4iEC
113,human_eval_test,0,372,674,0,D:\PythonProjects\llm_eval\test\human_eval_test\113\113_gen_0.sv,openrouter/polaris-alpha,stop,,gen-1762680192-WCtTn8CUonSWa101BkwD
788,mbpp_train,0,392,114,0,D:\PythonProjects\llm_eval\test\mbpp_train\788\788_gen_0.sv,openrouter/polaris-alpha,stop,,gen-1762680204-iYZwYooyb6rljTJwBc7e
3160,aapp_competition_test,0,584,2682,0,D:\PythonProjects\llm_eval\test\aapp_competition_test\3160\3160_gen_0.sv,openrouter/polaris-alpha,stop,,gen-1762680102-Z0k87touCjXojMwUdVbO
3650,aapp_competition_test,0,538,3045,0,D:\PythonProjects\llm_eval\test\aapp_competition_test\3650\3650_gen_0.sv,openrouter/polaris-alpha,stop,,gen-1762680097-BUaHPKrQEBLExHfbNJ59
3374,aapp_competition_test,0,717,2258,0,D:\PythonProjects\llm_eval\test\aapp_competition_test\3374\3374_gen_0.sv,openrouter/polaris-alpha,stop,,gen-1762680114-1tdM817YDpbBYvtYlxFI
3159,aapp_competition_test,0,607,4001,0,D:\PythonProjects\llm_eval\test\aapp_competition_test\3159\3159_gen_0.sv,openrouter/polaris-alpha,stop,,gen-1762680158-y0nzzYSvZqUgrwVlTKIJ
468,mbpp_test,0,524,1227,0,D:\PythonProjects\llm_eval\test\mbpp_test\468\468_gen_0.sv,openrouter/polaris-alpha,stop,,gen-1762680147-gk9Z17Gu5FVSZ19YsAjY
3153,aapp_competition_test,0,616,986,0,D:\PythonProjects\llm_eval\test\aapp_competition_test\3153\3153_gen_0.sv,openrouter/polaris-alpha,stop,,gen-1762680227-x8tsLervGFPFYaYUNNyR
3632,aapp_competition_test,0,639,1546,0,D:\PythonProjects\llm_eval\test\aapp_competition_test\3632\3632_gen_0.sv,openrouter/polaris-alpha,stop,,gen-1762680153-IDkgTlYwHJjWrayj4e5r
3373,aapp_competition_test,0,529,1515,0,D:\PythonProjects\llm_eval\test\aapp_competition_test\3373\3373_gen_0.sv,openrouter/polaris-alpha,stop,,gen-1762680170-NIJWX03U0bISsp0yuiSl
3645,aapp_competition_test,0,587,3123,0,D:\PythonProjects\llm_eval\test\aapp_competition_test\3645\3645_gen_0.sv,openrouter/polaris-alpha,stop,,gen-1762680223-jLnQJzVEjLXtVVGgfP9F
300,mbpp_test,0,361,249,0,D:\PythonProjects\llm_eval\test\mbpp_test\300\300_gen_0.sv,openrouter/polaris-alpha,stop,,gen-1762680203-ZYLvJDxHiik2dSMwj7J1
106,mbpp_test,0,429,153,0,D:\PythonProjects\llm_eval\test\mbpp_test\106\106_gen_0.sv,openrouter/polaris-alpha,stop,,gen-1762680277-BapySUSUyjcUJpJlnnUZ
102,mbpp_test,0,554,1076,0,D:\PythonProjects\llm_eval\test\mbpp_test\102\102_gen_0.sv,openrouter/polaris-alpha,stop,,gen-1762680198-Mt0jtiDsJzYys7dj8wb0
437,mbpp_test,0,458,415,0,D:\PythonProjects\llm_eval\test\mbpp_test\437\437_gen_0.sv,openrouter/polaris-alpha,stop,,gen-1762680281-rul97HtBS9b9FXp7Wp2D
80,human_eval_test,0,478,325,0,D:\PythonProjects\llm_eval\test\human_eval_test\80\80_gen_0.sv,openrouter/polaris-alpha,stop,,gen-1762680220-H1o3HuiotZT7eCoKVcql
130,mbpp_test,0,488,1196,0,D:\PythonProjects\llm_eval\test\mbpp_test\130\130_gen_0.sv,openrouter/polaris-alpha,stop,,gen-1762680207-zTbjtt1QHDgaRUGwNI9f
803,mbpp_train,0,452,649,0,D:\PythonProjects\llm_eval\test\mbpp_train\803\803_gen_0.sv,openrouter/polaris-alpha,stop,,gen-1762680298-9RJIxMl7kNUnBZBypFkT
394,mbpp_test,0,381,819,0,D:\PythonProjects\llm_eval\test\mbpp_test\394\394_gen_0.sv,openrouter/polaris-alpha,stop,,gen-1762680310-NRrIBHKmvyHtw28sMcr8
3021,aapp_competition_test,0,693,3033,0,D:\PythonProjects\llm_eval\test\aapp_competition_test\3021\3021_gen_0.sv,openrouter/polaris-alpha,stop,,gen-1762680220-ljbQYxSVYj3oihLfWV9e
18,mbpp_test,0,457,518,0,D:\PythonProjects\llm_eval\test\mbpp_test\18\18_gen_0.sv,openrouter/polaris-alpha,stop,,gen-1762680266-GTAKV8kpleWos6XNX4kc
88,human_eval_test,0,561,1604,0,D:\PythonProjects\llm_eval\test\human_eval_test\88\88_gen_0.sv,openrouter/polaris-alpha,stop,,gen-1762680251-HqMUJV2Y0biaES03eXJB
267,mbpp_test,0,309,308,0,D:\PythonProjects\llm_eval\test\mbpp_test\267\267_gen_0.sv,openrouter/polaris-alpha,stop,,gen-1762680279-qGCbklerOhw3JAkt4itE
3392,aapp_competition_test,0,584,3429,0,D:\PythonProjects\llm_eval\test\aapp_competition_test\3392\3392_gen_0.sv,openrouter/polaris-alpha,stop,,gen-1762680244-J4CwESfhQDSRFCFRnoiX
3393,aapp_competition_test,0,690,1668,0,D:\PythonProjects\llm_eval\test\aapp_competition_test\3393\3393_gen_0.sv,openrouter/polaris-alpha,stop,,gen-1762680355-MZm4YLTzhpvfwqv4fXyP
9,human_eval_test,0,411,586,0,D:\PythonProjects\llm_eval\test\human_eval_test\9\9_gen_0.sv,openrouter/polaris-alpha,stop,,gen-1762680374-cPfu7qYRfXN8rlvrDfx7
3319,aapp_competition_test,0,718,4547,0,D:\PythonProjects\llm_eval\test\aapp_competition_test\3319\3319_gen_0.sv,openrouter/polaris-alpha,stop,,gen-1762680239-efqEkbFQdye3A7fOb9dm
62,mbpp_test,0,351,568,0,D:\PythonProjects\llm_eval\test\mbpp_test\62\62_gen_0.sv,openrouter/polaris-alpha,stop,,gen-1762680384-g8iRsn4h3OSdiFVuke2z
440,mbpp_test,0,476,2175,0,D:\PythonProjects\llm_eval\test\mbpp_test\440\440_gen_0.sv,openrouter/polaris-alpha,stop,,gen-1762680288-9febt42RJDt70TJJ5tRc
170,mbpp_test,0,480,509,0,D:\PythonProjects\llm_eval\test\mbpp_test\170\170_gen_0.sv,openrouter/polaris-alpha,stop,,gen-1762680388-fNU24SNJVp2T38Xk3v8s
604,mbpp_train,0,493,2287,0,D:\PythonProjects\llm_eval\test\mbpp_train\604\604_gen_0.sv,openrouter/polaris-alpha,stop,,gen-1762680288-Tur7sGat3HZUP53naFWr
744,mbpp_train,0,335,126,0,D:\PythonProjects\llm_eval\test\mbpp_train\744\744_gen_0.sv,openrouter/polaris-alpha,stop,,gen-1762680398-RTiFpTg2F9FqM4vjCZpD
567,mbpp_validation,0,394,278,0,D:\PythonProjects\llm_eval\test\mbpp_validation\567\567_gen_0.sv,openrouter/polaris-alpha,stop,,gen-1762680396-LCYFKdDrSTvpIYyRa1LL
618,mbpp_train,0,409,185,0,D:\PythonProjects\llm_eval\test\mbpp_train\618\618_gen_0.sv,openrouter/polaris-alpha,stop,,gen-1762680401-Uc4AlI45GZyHTCj0UkDs
447,mbpp_test,0,427,349,0,D:\PythonProjects\llm_eval\test\mbpp_test\447\447_gen_0.sv,openrouter/polaris-alpha,stop,,gen-1762680402-Ka4zU3om7MgCHlNEzhoQ
731,mbpp_train,0,541,3246,0,D:\PythonProjects\llm_eval\test\mbpp_train\731\731_gen_0.sv,openrouter/polaris-alpha,stop,,gen-1762680297-MuSmBK355UIrmipNwTX1
3033,aapp_competition_test,0,593,2501,0,D:\PythonProjects\llm_eval\test\aapp_competition_test\3033\3033_gen_0.sv,openrouter/polaris-alpha,stop,,gen-1762680325-Cv8TArrcxU2xYUQzo10p
3163,aapp_competition_test,0,563,1333,0,D:\PythonProjects\llm_eval\test\aapp_competition_test\3163\3163_gen_0.sv,openrouter/polaris-alpha,stop,,gen-1762680423-VLRuff6s0C3LITbIHiup
3325,aapp_competition_test,0,644,2250,0,D:\PythonProjects\llm_eval\test\aapp_competition_test\3325\3325_gen_0.sv,openrouter/polaris-alpha,stop,,gen-1762680350-6kUFBDOINvGDaCw2BnF5
3170,aapp_competition_test,0,616,2621,0,D:\PythonProjects\llm_eval\test\aapp_competition_test\3170\3170_gen_0.sv,openrouter/polaris-alpha,stop,,gen-1762680347-ZYypMmkRj2frLngARqOd
3018,aapp_competition_test,0,529,3535,0,D:\PythonProjects\llm_eval\test\aapp_competition_test\3018\3018_gen_0.sv,openrouter/polaris-alpha,stop,,gen-1762680404-5kwKEjzNqaj7LX1kb4Be
116,mbpp_test,0,361,161,0,D:\PythonProjects\llm_eval\test\mbpp_test\116\116_gen_0.sv,openrouter/polaris-alpha,stop,,gen-1762680466-T9sjnzWFWDjgBhppAoj0
3390,aapp_competition_test,0,546,1640,0,D:\PythonProjects\llm_eval\test\aapp_competition_test\3390\3390_gen_0.sv,openrouter/polaris-alpha,stop,,gen-1762680447-kW4BfKVE0r87w6acOH8h
63,mbpp_test,0,443,794,0,D:\PythonProjects\llm_eval\test\mbpp_test\63\63_gen_0.sv,openrouter/polaris-alpha,stop,,gen-1762680463-58nQfA4n6EHuOn9P5EmZ
271,mbpp_test,0,494,715,0,D:\PythonProjects\llm_eval\test\mbpp_test\271\271_gen_0.sv,openrouter/polaris-alpha,stop,,gen-1762680394-2M8ayn92SjE9K0CHku4y
104,mbpp_test,0,524,1323,0,D:\PythonProjects\llm_eval\test\mbpp_test\104\104_gen_0.sv,openrouter/polaris-alpha,stop,,gen-1762680384-4f172e0ihn17Ls7UD2VS
3648,aapp_competition_test,0,739,4067,0,D:\PythonProjects\llm_eval\test\aapp_competition_test\3648\3648_gen_0.sv,openrouter/polaris-alpha,stop,,gen-1762680343-p9w68NCvK7iGP5pmw5Ce
120,mbpp_test,0,442,429,0,D:\PythonProjects\llm_eval\test\mbpp_test\120\120_gen_0.sv,openrouter/polaris-alpha,stop,,gen-1762680478-4LMt86epuIRWVPEbLK5T
161,human_eval_test,0,468,1063,0,D:\PythonProjects\llm_eval\test\human_eval_test\161\161_gen_0.sv,openrouter/polaris-alpha,stop,,gen-1762680397-1IufSoBrEfjaRJ5Vcq6r
559,mbpp_validation,0,515,810,0,D:\PythonProjects\llm_eval\test\mbpp_validation\559\559_gen_0.sv,openrouter/polaris-alpha,stop,,gen-1762680478-JYu59boZYA9us6CWiiRh
419,mbpp_test,0,518,1148,0,D:\PythonProjects\llm_eval\test\mbpp_test\419\419_gen_0.sv,openrouter/polaris-alpha,stop,,gen-1762680476-AVfGHpBSh8CXqD9LFwiP
10,human_eval_test,0,464,2181,0,D:\PythonProjects\llm_eval\test\human_eval_test\10\10_gen_0.sv,openrouter/polaris-alpha,stop,,gen-1762680459-RBHH2mGZBEy7RTFck0Gk
777,mbpp_train,0,488,1105,0,D:\PythonProjects\llm_eval\test\mbpp_train\777\777_gen_0.sv,openrouter/polaris-alpha,stop,,gen-1762680479-TShrt0IgMy3SMx21hdrg
3637,aapp_competition_test,0,774,1405,0,D:\PythonProjects\llm_eval\test\aapp_competition_test\3637\3637_gen_0.sv,openrouter/polaris-alpha,stop,,gen-1762680408-nhyHahBCRT5x8XmpeM3y
66,mbpp_test,0,359,175,0,D:\PythonProjects\llm_eval\test\mbpp_test\66\66_gen_0.sv,openrouter/polaris-alpha,stop,,gen-1762680504-fxyHsUHujGRTovXlWxpr
131,human_eval_test,0,402,855,0,D:\PythonProjects\llm_eval\test\human_eval_test\131\131_gen_0.sv,openrouter/polaris-alpha,stop,,gen-1762680498-QeNgJDdGdZ1obn2R3eZh
274,mbpp_test,0,316,106,0,D:\PythonProjects\llm_eval\test\mbpp_test\274\274_gen_0.sv,openrouter/polaris-alpha,stop,,gen-1762680514-UJsDB3RHqVUwjbts0ik5
3036,aapp_competition_test,0,724,2611,0,D:\PythonProjects\llm_eval\test\aapp_competition_test\3036\3036_gen_0.sv,openrouter/polaris-alpha,stop,,gen-1762680484-JZ0gFqDz6FJhGIanGHu5
588,mbpp_validation,0,371,305,0,D:\PythonProjects\llm_eval\test\mbpp_validation\588\588_gen_0.sv,openrouter/polaris-alpha,stop,,gen-1762680529-ePRd560vNy2ZfsFvyVwC
3394,aapp_competition_test,0,725,2414,0,D:\PythonProjects\llm_eval\test\aapp_competition_test\3394\3394_gen_0.sv,openrouter/polaris-alpha,stop,,gen-1762680496-yjhrbfLTgbE4I9ummVJA
273,mbpp_test,0,350,170,0,D:\PythonProjects\llm_eval\test\mbpp_test\273\273_gen_0.sv,openrouter/polaris-alpha,stop,,gen-1762680470-h5hZQYvr8rqguyzyhwJv
758,mbpp_train,0,583,1848,0,D:\PythonProjects\llm_eval\test\mbpp_train\758\758_gen_0.sv,openrouter/polaris-alpha,stop,,gen-1762680516-tsn6Dwer0JjAt4ym1zox
430,mbpp_test,0,340,381,0,D:\PythonProjects\llm_eval\test\mbpp_test\430\430_gen_0.sv,openrouter/polaris-alpha,stop,,gen-1762680545-EQ0wYMXEimTjIIDTiCsa
3656,aapp_competition_test,0,565,685,0,D:\PythonProjects\llm_eval\test\aapp_competition_test\3656\3656_gen_0.sv,openrouter/polaris-alpha,stop,,gen-1762680552-hUWTWcP8DLv431NRhkHe
3326,aapp_competition_test,0,701,3643,0,D:\PythonProjects\llm_eval\test\aapp_competition_test\3326\3326_gen_0.sv,openrouter/polaris-alpha,stop,,gen-1762680439-RVTK2O9KzJNN7twrE1xu
109,mbpp_test,0,467,177,0,D:\PythonProjects\llm_eval\test\mbpp_test\109\109_gen_0.sv,openrouter/polaris-alpha,stop,,gen-1762680507-ehQpIRCAM7xd5VfIPuqv
3651,aapp_competition_test,0,620,5720,0,D:\PythonProjects\llm_eval\test\aapp_competition_test\3651\3651_gen_0.sv,openrouter/polaris-alpha,stop,,gen-1762680486-rk9ad67z70ZSlpPVyw2F
36,human_eval_test,0,474,1241,0,D:\PythonProjects\llm_eval\test\human_eval_test\36\36_gen_0.sv,openrouter/polaris-alpha,stop,,gen-1762680498-Lh2YHN0mlSjbYJsYTsr9
3166,aapp_competition_test,0,623,2490,0,D:\PythonProjects\llm_eval\test\aapp_competition_test\3166\3166_gen_0.sv,openrouter/polaris-alpha,stop,,gen-1762680487-LGVIigck6PRoYlzE6ZFi
3172,aapp_competition_test,0,612,2513,0,D:\PythonProjects\llm_eval\test\aapp_competition_test\3172\3172_gen_0.sv,openrouter/polaris-alpha,stop,,gen-1762680564-QEDplYtr2Zwqr3ZL3eUt
111,mbpp_test,0,450,381,0,D:\PythonProjects\llm_eval\test\mbpp_test\111\111_gen_0.sv,openrouter/polaris-alpha,stop,,gen-1762680602-1pV8prISlhO8RHCfwn4Y
278,mbpp_test,0,359,222,0,D:\PythonProjects\llm_eval\test\mbpp_test\278\278_gen_0.sv,openrouter/polaris-alpha,stop,,gen-1762680608-cRTllfCTdLGH4LiYugFa
3330,aapp_competition_test,0,716,2957,0,D:\PythonProjects\llm_eval\test\aapp_competition_test\3330\3330_gen_0.sv,openrouter/polaris-alpha,stop,,gen-1762680492-zeVd8Y6z0mygKa4wc8Vh
64,mbpp_test,0,406,1350,0,D:\PythonProjects\llm_eval\test\mbpp_test\64\64_gen_0.sv,openrouter/polaris-alpha,stop,,gen-1762680590-EWoQobORBwAjO4cmQhNl
143,mbpp_test,0,404,95,0,D:\PythonProjects\llm_eval\test\mbpp_test\143\143_gen_0.sv,openrouter/polaris-alpha,stop,,gen-1762680614-rAotJWZSHqpc5m4eWoLL
28,human_eval_test,0,418,368,0,D:\PythonProjects\llm_eval\test\human_eval_test\28\28_gen_0.sv,openrouter/polaris-alpha,stop,,gen-1762680614-iIFI9wfMitJRfRNF7lWo
643,mbpp_train,0,495,1200,0,D:\PythonProjects\llm_eval\test\mbpp_train\643\643_gen_0.sv,openrouter/polaris-alpha,stop,,gen-1762680535-rhZm2JvI1ZcmIaeXG5kA
785,mbpp_train,0,532,1207,0,D:\PythonProjects\llm_eval\test\mbpp_train\785\785_gen_0.sv,openrouter/polaris-alpha,stop,,gen-1762680612-Juyf9T3ddTN6ciQEpa3X
301,mbpp_test,0,473,1454,0,D:\PythonProjects\llm_eval\test\mbpp_test\301\301_gen_0.sv,openrouter/polaris-alpha,stop,,gen-1762680610-T19vlUEC1CEPNvs1Awqp
463,mbpp_test,0,502,1493,0,D:\PythonProjects\llm_eval\test\mbpp_test\463\463_gen_0.sv,openrouter/polaris-alpha,stop,,gen-1762680538-VhA497nBEOB9Xm0zy2sf
3338,aapp_competition_test,0,728,3665,0,D:\PythonProjects\llm_eval\test\aapp_competition_test\3338\3338_gen_0.sv,openrouter/polaris-alpha,stop,,gen-1762680573-RldvWFiwyhwlcZ0ljmQU
65,mbpp_test,0,374,477,0,D:\PythonProjects\llm_eval\test\mbpp_test\65\65_gen_0.sv,openrouter/polaris-alpha,stop,,gen-1762680637-Gmt5kkuTONHx399Ib2QZ
115,mbpp_test,0,349,58,0,D:\PythonProjects\llm_eval\test\mbpp_test\115\115_gen_0.sv,openrouter/polaris-alpha,stop,,gen-1762680646-TUCAgWigMaYMT7NnTjoA
3638,aapp_competition_test,0,718,1625,0,D:\PythonProjects\llm_eval\test\aapp_competition_test\3638\3638_gen_0.sv,openrouter/polaris-alpha,stop,,gen-1762680622-gWIJqMTA0GypNR67SkL7
279,mbpp_test,0,323,196,0,D:\PythonProjects\llm_eval\test\mbpp_test\279\279_gen_0.sv,openrouter/polaris-alpha,stop,,gen-1762680648-dfuxv2UQGab9MBLQG6vU
3039,aapp_competition_test,0,423,2063,0,D:\PythonProjects\llm_eval\test\aapp_competition_test\3039\3039_gen_0.sv,openrouter/polaris-alpha,stop,,gen-1762680548-WDlfwGZHOyxVyNTYfaxL
3331,aapp_competition_test,0,677,2097,0,D:\PythonProjects\llm_eval\test\aapp_competition_test\3331\3331_gen_0.sv,openrouter/polaris-alpha,stop,,gen-1762680633-xkHeThm0bNWXRToKtfEL
737,mbpp_train,0,460,240,0,D:\PythonProjects\llm_eval\test\mbpp_train\737\737_gen_0.sv,openrouter/polaris-alpha,stop,,gen-1762680670-5fehrCtMmNBTpk7M3cAM
3042,aapp_competition_test,0,631,3497,0,D:\PythonProjects\llm_eval\test\aapp_competition_test\3042\3042_gen_0.sv,openrouter/polaris-alpha,stop,,gen-1762680616-l8dzjNSVGT6CXOUzXIAs
141,human_eval_test,0,471,1322,0,D:\PythonProjects\llm_eval\test\human_eval_test\141\141_gen_0.sv,openrouter/polaris-alpha,stop,,gen-1762680584-iUGbYcu3ot782KWUp8BL
806,mbpp_train,0,444,821,0,D:\PythonProjects\llm_eval\test\mbpp_train\806\806_gen_0.sv,openrouter/polaris-alpha,stop,,gen-1762680675-oX5FWhM332q6WrootTE0
3395,aapp_competition_test,0,793,2628,0,D:\PythonProjects\llm_eval\test\aapp_competition_test\3395\3395_gen_0.sv,openrouter/polaris-alpha,stop,,gen-1762680582-Xhn10WNXln8l91q1wQ4r
3045,aapp_competition_test,0,684,1822,0,D:\PythonProjects\llm_eval\test\aapp_competition_test\3045\3045_gen_0.sv,openrouter/polaris-alpha,stop,,gen-1762680679-MRpGcWc3esJCGg4XN41D
63,human_eval_test,0,525,669,0,D:\PythonProjects\llm_eval\test\human_eval_test\63\63_gen_0.sv,openrouter/polaris-alpha,stop,,gen-1762680635-sN9Jzk18tzR2KXV9Bkpw
3399,aapp_competition_test,0,716,4858,0,D:\PythonProjects\llm_eval\test\aapp_competition_test\3399\3399_gen_0.sv,openrouter/polaris-alpha,stop,,gen-1762680635-wnalrLMzBTNTB4FmkYRw
443,mbpp_test,0,366,326,0,D:\PythonProjects\llm_eval\test\mbpp_test\443\443_gen_0.sv,openrouter/polaris-alpha,stop,,gen-1762680656-8Lfar6HsFt8xrnx5HUJf
3178,aapp_competition_test,0,546,2056,0,D:\PythonProjects\llm_eval\test\aapp_competition_test\3178\3178_gen_0.sv,openrouter/polaris-alpha,stop,,gen-1762680627-eZKRg1niByQBCXLioEKb
3177,aapp_competition_test,0,512,2698,0,D:\PythonProjects\llm_eval\test\aapp_competition_test\3177\3177_gen_0.sv,openrouter/polaris-alpha,stop,,gen-1762680698-Os6pQQSc9mlNjzOvbhE0
68,mbpp_test,0,444,694,0,D:\PythonProjects\llm_eval\test\mbpp_test\68\68_gen_0.sv,openrouter/polaris-alpha,stop,,gen-1762680733-gCCwVNLtAqvk8sDCIYab
118,mbpp_test,0,563,951,0,D:\PythonProjects\llm_eval\test\mbpp_test\118\118_gen_0.sv,openrouter/polaris-alpha,stop,,gen-1762680734-rxlyM8hNfbGzWpDEdyaC
439,mbpp_test,0,464,1728,0,D:\PythonProjects\llm_eval\test\mbpp_test\439\439_gen_0.sv,openrouter/polaris-alpha,stop,,gen-1762680650-N9GZkm1ktPUPUqxaTGt8
249,mbpp_test,0,481,382,0,D:\PythonProjects\llm_eval\test\mbpp_test\249\249_gen_0.sv,openrouter/polaris-alpha,stop,,gen-1762680746-ghN2dEURewXMaVhIhLVw
603,mbpp_train,0,627,1736,0,D:\PythonProjects\llm_eval\test\mbpp_train\603\603_gen_0.sv,openrouter/polaris-alpha,stop,,gen-1762680652-yVR6T3dCVN7Z6lHq7NYh
577,mbpp_validation,0,388,156,0,D:\PythonProjects\llm_eval\test\mbpp_validation\577\577_gen_0.sv,openrouter/polaris-alpha,stop,,gen-1762680753-bslFsoZOOF8i3jtRD34B
738,mbpp_train,0,511,513,0,D:\PythonProjects\llm_eval\test\mbpp_train\738\738_gen_0.sv,openrouter/polaris-alpha,stop,,gen-1762680756-O7n7ajxEcVkCeAhYyrp0
395,mbpp_test,0,471,1275,0,D:\PythonProjects\llm_eval\test\mbpp_test\395\395_gen_0.sv,openrouter/polaris-alpha,stop,,gen-1762680677-xvl4l9qj1CvGFquoVDGO
452,mbpp_test,0,331,95,0,D:\PythonProjects\llm_eval\test\mbpp_test\452\452_gen_0.sv,openrouter/polaris-alpha,stop,,gen-1762680770-wixfgKkH4Jm95MWKqQP8
619,mbpp_train,0,591,1030,0,D:\PythonProjects\llm_eval\test\mbpp_train\619\619_gen_0.sv,openrouter/polaris-alpha,stop,,gen-1762680766-JpqC31Eht1Vwf6huyDy0
3340,aapp_competition_test,0,649,5181,0,D:\PythonProjects\llm_eval\test\aapp_competition_test\3340\3340_gen_0.sv,openrouter/polaris-alpha,stop,,gen-1762680710-DifrP5nPyvBFio9sjaYI
3659,aapp_competition_test,0,635,2539,0,D:\PythonProjects\llm_eval\test\aapp_competition_test\3659\3659_gen_0.sv,openrouter/polaris-alpha,stop,,gen-1762680690-rBLmbxbYM6337PT0Zdmz
721,mbpp_train,0,627,3383,0,D:\PythonProjects\llm_eval\test\mbpp_train\721\721_gen_0.sv,openrouter/polaris-alpha,stop,,gen-1762680753-vNqUnFATLvpCgsUBElmK
3402,aapp_competition_test,0,601,1416,0,D:\PythonProjects\llm_eval\test\aapp_competition_test\3402\3402_gen_0.sv,openrouter/polaris-alpha,stop,,gen-1762680717-aLYPlLoYsFNv5qR40ZmT
116,human_eval_test,0,494,1432,0,D:\PythonProjects\llm_eval\test\human_eval_test\116\116_gen_0.sv,openrouter/polaris-alpha,stop,,gen-1762680718-Liyf8RXU80nAUSLOLSE6
572,mbpp_validation,0,466,445,0,D:\PythonProjects\llm_eval\test\mbpp_validation\572\572_gen_0.sv,openrouter/polaris-alpha,stop,,gen-1762680750-xcgM1MRcFSaeqTb6fWxU
119,mbpp_test,0,390,161,0,D:\PythonProjects\llm_eval\test\mbpp_test\119\119_gen_0.sv,openrouter/polaris-alpha,stop,,gen-1762680829-1WitYumAEUsqx44yh0po
172,mbpp_test,0,404,1043,0,D:\PythonProjects\llm_eval\test\mbpp_test\172\172_gen_0.sv,openrouter/polaris-alpha,stop,,gen-1762680745-ziH2IBae4urRfd8VG8Hp
56,human_eval_test,0,379,1058,0,D:\PythonProjects\llm_eval\test\human_eval_test\56\56_gen_0.sv,openrouter/polaris-alpha,stop,,gen-1762680752-4qTRmmipyvDPtrUwiUqA
265,mbpp_test,0,510,630,0,D:\PythonProjects\llm_eval\test\mbpp_test\265\265_gen_0.sv,openrouter/polaris-alpha,stop,,gen-1762680832-2fB8H8DGe6YWslqkKzW2
564,mbpp_validation,0,451,516,0,D:\PythonProjects\llm_eval\test\mbpp_validation\564\564_gen_0.sv,openrouter/polaris-alpha,stop,,gen-1762680841-EgH6ii1Nvpc5LrgoK8dI
3400,aapp_competition_test,0,710,3414,0,D:\PythonProjects\llm_eval\test\aapp_competition_test\3400\3400_gen_0.sv,openrouter/polaris-alpha,stop,,gen-1762680811-PlermbMfnhvXf4lJ1sEM
3339,aapp_competition_test,0,657,3860,0,D:\PythonProjects\llm_eval\test\aapp_competition_test\3339\3339_gen_0.sv,openrouter/polaris-alpha,stop,,gen-1762680805-a6ZniewjrHl5Lw7gkXNQ
407,mbpp_test,0,492,2464,0,D:\PythonProjects\llm_eval\test\mbpp_test\407\407_gen_0.sv,openrouter/polaris-alpha,stop,,gen-1762680834-yUe3LduYosze7vzz7MjB
3047,aapp_competition_test,0,647,1976,0,D:\PythonProjects\llm_eval\test\aapp_competition_test\3047\3047_gen_0.sv,openrouter/polaris-alpha,stop,,gen-1762680851-fd7zKMRPjfJ1DC47TXVG
3179,aapp_competition_test,0,523,1382,0,D:\PythonProjects\llm_eval\test\aapp_competition_test\3179\3179_gen_0.sv,openrouter/polaris-alpha,stop,,gen-1762680799-JaY7TBH2pSKfftx8WLNC
3029,aapp_competition_test,0,669,3172,0,D:\PythonProjects\llm_eval\test\aapp_competition_test\3029\3029_gen_0.sv,openrouter/polaris-alpha,stop,,gen-1762680773-IPTHpSFNwAPuVJAb1yVe
67,mbpp_test,0,563,1289,0,D:\PythonProjects\llm_eval\test\mbpp_test\67\67_gen_0.sv,openrouter/polaris-alpha,stop,,gen-1762680814-cFdacbnQH9rmF3XBYDll
128,human_eval_test,0,529,669,0,D:\PythonProjects\llm_eval\test\human_eval_test\128\128_gen_0.sv,openrouter/polaris-alpha,stop,,gen-1762680898-ae3YbnklxnqocVI38MDd
3660,aapp_competition_test,0,676,3310,0,D:\PythonProjects\llm_eval\test\aapp_competition_test\3660\3660_gen_0.sv,openrouter/polaris-alpha,stop,,gen-1762680784-1A5636zsMWHVPIpSPigw
37,human_eval_test,0,462,1647,0,D:\PythonProjects\llm_eval\test\human_eval_test\37\37_gen_0.sv,openrouter/polaris-alpha,stop,,gen-1762680812-PuM3FabxkbQODicUFr0X
57,mbpp_test,0,441,881,0,D:\PythonProjects\llm_eval\test\mbpp_test\57\57_gen_0.sv,openrouter/polaris-alpha,stop,,gen-1762680907-rPnfS74CmADojNDgR3YQ
3344,aapp_competition_test,0,704,2841,0,D:\PythonProjects\llm_eval\test\aapp_competition_test\3344\3344_gen_0.sv,openrouter/polaris-alpha,stop,,gen-1762680876-VrmhpbwephKn0BhCDuTw
276,mbpp_test,0,595,794,0,D:\PythonProjects\llm_eval\test\mbpp_test\276\276_gen_0.sv,openrouter/polaris-alpha,stop,,gen-1762680911-SzDbag5atFStnLKT0lZ6
592,mbpp_validation,0,413,536,0,D:\PythonProjects\llm_eval\test\mbpp_validation\592\592_gen_0.sv,openrouter/polaris-alpha,stop,,gen-1762680923-4Kyx2FuIsYwPNzh77nVZ
596,mbpp_validation,0,374,78,0,D:\PythonProjects\llm_eval\test\mbpp_validation\596\596_gen_0.sv,openrouter/polaris-alpha,stop,,gen-1762680933-0RHA1NnMUFNhRrKeCahP
790,mbpp_train,0,323,151,0,D:\PythonProjects\llm_eval\test\mbpp_train\790\790_gen_0.sv,openrouter/polaris-alpha,stop,,gen-1762680935-xIP3ynv6U9M1IkfjYym7
124,mbpp_test,0,566,2469,0,D:\PythonProjects\llm_eval\test\mbpp_test\124\124_gen_0.sv,openrouter/polaris-alpha,stop,,gen-1762680844-gs9Sj62LkPAkYJcUq04U
3653,aapp_competition_test,0,522,1078,0,D:\PythonProjects\llm_eval\test\aapp_competition_test\3653\3653_gen_0.sv,openrouter/polaris-alpha,stop,,gen-1762680870-VjgkZnogYjLY7o9uCdcT
3403,aapp_competition_test,0,737,1614,0,D:\PythonProjects\llm_eval\test\aapp_competition_test\3403\3403_gen_0.sv,openrouter/polaris-alpha,stop,,gen-1762680885-MkahG8lwLtBn1P9wHSYI
7,human_eval_test,0,559,1465,0,D:\PythonProjects\llm_eval\test\human_eval_test\7\7_gen_0.sv,openrouter/polaris-alpha,stop,,gen-1762680894-I2ap8qAQscPoQWOrMaYc
3183,aapp_competition_test,0,692,3216,0,D:\PythonProjects\llm_eval\test\aapp_competition_test\3183\3183_gen_0.sv,openrouter/polaris-alpha,stop,,gen-1762680871-jnuzXcbA8VaUGtaFyiUG
108,mbpp_test,0,595,1024,0,D:\PythonProjects\llm_eval\test\mbpp_test\108\108_gen_0.sv,openrouter/polaris-alpha,stop,,gen-1762680910-JYZp5KCGF4COsOBBdx0J
757,mbpp_train,0,473,1260,0,D:\PythonProjects\llm_eval\test\mbpp_train\757\757_gen_0.sv,openrouter/polaris-alpha,stop,,gen-1762680911-UOOOUCeBjWtaVoKq4RXT
474,mbpp_test,0,455,648,0,D:\PythonProjects\llm_eval\test\mbpp_test\474\474_gen_0.sv,openrouter/polaris-alpha,stop,,gen-1762680925-SrEeNayxGRiU0cuvRQyT
639,mbpp_train,0,572,1284,0,D:\PythonProjects\llm_eval\test\mbpp_train\639\639_gen_0.sv,openrouter/polaris-alpha,stop,,gen-1762680925-FVVSVGRjiLqII0WzrImd
293,mbpp_test,0,488,1251,0,D:\PythonProjects\llm_eval\test\mbpp_test\293\293_gen_0.sv,openrouter/polaris-alpha,stop,,gen-1762680939-cumJ6j0FpM1XWrQj1H8y
