problem,iteration,input_tokens,output_tokens,reasoning_tokens,verilog_file,model_name,finish_reason,system_fingerprint,run_id
Prob154_fsm_ps2data,1,1093,7062,0,C:\Users\durgamaniryudh\Desktop\Learn\llm_eval\dataset_spec-to-rtl\test\Prob154_fsm_ps2data\Prob154_fsm_ps2data_gen_1.sv,tngtech/deepseek-r1t2-chimera:free,stop,,gen-1760218230-WeI02evoepEq62hShjjc
Prob154_fsm_ps2data,2,1093,6628,0,C:\Users\durgamaniryudh\Desktop\Learn\llm_eval\dataset_spec-to-rtl\test\Prob154_fsm_ps2data\Prob154_fsm_ps2data_gen_2.sv,tngtech/deepseek-r1t2-chimera:free,stop,,gen-1760218422-VOrZFohoej4u80B09IVK
Prob154_fsm_ps2data,0,1093,6319,0,C:\Users\durgamaniryudh\Desktop\Learn\llm_eval\dataset_spec-to-rtl\test\Prob154_fsm_ps2data\Prob154_fsm_ps2data_gen_0.sv,tngtech/deepseek-r1t2-chimera:free,stop,,gen-1760218053-XstmwN4zizxGygakKX1l
Prob154_fsm_ps2data,3,1093,5607,0,C:\Users\durgamaniryudh\Desktop\Learn\llm_eval\dataset_spec-to-rtl\test\Prob154_fsm_ps2data\Prob154_fsm_ps2data_gen_3.sv,tngtech/deepseek-r1t2-chimera:free,stop,,gen-1760218606-seNA2fUbxepQL0srSi2k
Prob154_fsm_ps2data,4,1093,7108,0,C:\Users\durgamaniryudh\Desktop\Learn\llm_eval\dataset_spec-to-rtl\test\Prob154_fsm_ps2data\Prob154_fsm_ps2data_gen_4.sv,tngtech/deepseek-r1t2-chimera:free,stop,,gen-1760218758-6S2Xpm8j1BSRfEzpSP8h
Prob154_fsm_ps2data,7,1093,6644,0,C:\Users\durgamaniryudh\Desktop\Learn\llm_eval\dataset_spec-to-rtl\test\Prob154_fsm_ps2data\Prob154_fsm_ps2data_gen_7.sv,tngtech/deepseek-r1t2-chimera:free,stop,,gen-1760219163-dmo7q8j1kA42dcDatSvR
Prob154_fsm_ps2data,8,1093,4551,0,C:\Users\durgamaniryudh\Desktop\Learn\llm_eval\dataset_spec-to-rtl\test\Prob154_fsm_ps2data\Prob154_fsm_ps2data_gen_8.sv,tngtech/deepseek-r1t2-chimera:free,stop,,gen-1760219344-d7K5MFXfRgs8ZlDmgkR5
Prob154_fsm_ps2data,5,1093,4841,0,C:\Users\durgamaniryudh\Desktop\Learn\llm_eval\dataset_spec-to-rtl\test\Prob154_fsm_ps2data\Prob154_fsm_ps2data_gen_5.sv,tngtech/deepseek-r1t2-chimera:free,stop,,gen-1760218942-s3rqqroxkpFxMQpow72G
Prob154_fsm_ps2data,6,1093,4046,0,C:\Users\durgamaniryudh\Desktop\Learn\llm_eval\dataset_spec-to-rtl\test\Prob154_fsm_ps2data\Prob154_fsm_ps2data_gen_6.sv,tngtech/deepseek-r1t2-chimera:free,stop,,gen-1760219056-nctQLNwcWvvWFU5Hd8QW
Prob154_fsm_ps2data,9,1093,7240,0,C:\Users\durgamaniryudh\Desktop\Learn\llm_eval\dataset_spec-to-rtl\test\Prob154_fsm_ps2data\Prob154_fsm_ps2data_gen_9.sv,tngtech/deepseek-r1t2-chimera:free,stop,,gen-1760219474-ivQrLSYpVskLDcl0bSg9
Prob068_countbcd,0,375,3153,0,C:\Users\durgamaniryudh\Desktop\Learn\llm_eval\dataset_spec-to-rtl\test\Prob068_countbcd\Prob068_countbcd_gen_0.sv,tngtech/deepseek-r1t2-chimera:free,stop,,gen-1760219687-sbtXr2wEsxYkUHGcxEvQ
Prob068_countbcd,1,375,3474,0,C:\Users\durgamaniryudh\Desktop\Learn\llm_eval\dataset_spec-to-rtl\test\Prob068_countbcd\Prob068_countbcd_gen_1.sv,tngtech/deepseek-r1t2-chimera:free,stop,,gen-1760219756-D29QKsjNR5MVVCOXSVSl
Prob068_countbcd,2,375,2938,0,C:\Users\durgamaniryudh\Desktop\Learn\llm_eval\dataset_spec-to-rtl\test\Prob068_countbcd\Prob068_countbcd_gen_2.sv,tngtech/deepseek-r1t2-chimera:free,stop,,gen-1760219835-YtJCQIWyP2tSHvUepC5z
Prob068_countbcd,4,375,3971,0,C:\Users\durgamaniryudh\Desktop\Learn\llm_eval\dataset_spec-to-rtl\test\Prob068_countbcd\Prob068_countbcd_gen_4.sv,tngtech/deepseek-r1t2-chimera:free,stop,,gen-1760219997-yENrxesrqy4zaz3qaXNp
Prob068_countbcd,3,375,3456,0,C:\Users\durgamaniryudh\Desktop\Learn\llm_eval\dataset_spec-to-rtl\test\Prob068_countbcd\Prob068_countbcd_gen_3.sv,tngtech/deepseek-r1t2-chimera:free,stop,,gen-1760219909-tIJfy1DrDvIcNcG9D3Ln
Prob068_countbcd,5,375,2716,0,C:\Users\durgamaniryudh\Desktop\Learn\llm_eval\dataset_spec-to-rtl\test\Prob068_countbcd\Prob068_countbcd_gen_5.sv,tngtech/deepseek-r1t2-chimera:free,stop,,gen-1760220089-IupbVIRRxowDnMJCahqI
Prob068_countbcd,6,375,5032,0,C:\Users\durgamaniryudh\Desktop\Learn\llm_eval\dataset_spec-to-rtl\test\Prob068_countbcd\Prob068_countbcd_gen_6.sv,tngtech/deepseek-r1t2-chimera:free,stop,,gen-1760220152-nE4922X6QOqDdCOJ67RQ
Prob068_countbcd,7,375,2889,0,C:\Users\durgamaniryudh\Desktop\Learn\llm_eval\dataset_spec-to-rtl\test\Prob068_countbcd\Prob068_countbcd_gen_7.sv,tngtech/deepseek-r1t2-chimera:free,stop,,gen-1760220267-wVyJacRi0r90RpNUQwkC
Prob068_countbcd,8,375,1236,0,C:\Users\durgamaniryudh\Desktop\Learn\llm_eval\dataset_spec-to-rtl\test\Prob068_countbcd\Prob068_countbcd_gen_8.sv,tngtech/deepseek-r1t2-chimera:free,stop,,gen-1760220354-8Ds4cpKYKlH4oUvGPKmz
Prob068_countbcd,9,375,3515,0,C:\Users\durgamaniryudh\Desktop\Learn\llm_eval\dataset_spec-to-rtl\test\Prob068_countbcd\Prob068_countbcd_gen_9.sv,tngtech/deepseek-r1t2-chimera:free,stop,,gen-1760220389-ow8jtyj1WkXLYXBzREEJ
Prob030_popcount255,0,298,1215,0,C:\Users\durgamaniryudh\Desktop\Learn\llm_eval\dataset_spec-to-rtl\test\Prob030_popcount255\Prob030_popcount255_gen_0.sv,tngtech/deepseek-r1t2-chimera:free,stop,,gen-1760220485-RlW9wLxZDlbRO4mFUtq4
Prob030_popcount255,2,298,2885,0,C:\Users\durgamaniryudh\Desktop\Learn\llm_eval\dataset_spec-to-rtl\test\Prob030_popcount255\Prob030_popcount255_gen_2.sv,tngtech/deepseek-r1t2-chimera:free,stop,,gen-1760220571-957Zb2i9enS6mV8wCaRZ
Prob030_popcount255,1,298,1856,0,C:\Users\durgamaniryudh\Desktop\Learn\llm_eval\dataset_spec-to-rtl\test\Prob030_popcount255\Prob030_popcount255_gen_1.sv,tngtech/deepseek-r1t2-chimera:free,stop,,gen-1760220519-buWsKkQBI7uB0qLMM3KG
Prob030_popcount255,3,298,1175,0,C:\Users\durgamaniryudh\Desktop\Learn\llm_eval\dataset_spec-to-rtl\test\Prob030_popcount255\Prob030_popcount255_gen_3.sv,tngtech/deepseek-r1t2-chimera:free,stop,,gen-1760220651-sTJWcFfbR050qWbSCG1k
Prob030_popcount255,4,298,5070,0,C:\Users\durgamaniryudh\Desktop\Learn\llm_eval\dataset_spec-to-rtl\test\Prob030_popcount255\Prob030_popcount255_gen_4.sv,tngtech/deepseek-r1t2-chimera:free,stop,,gen-1760220679-cPR85IrLMy5yzh6PF3oC
Prob030_popcount255,5,298,1198,0,C:\Users\durgamaniryudh\Desktop\Learn\llm_eval\dataset_spec-to-rtl\test\Prob030_popcount255\Prob030_popcount255_gen_5.sv,tngtech/deepseek-r1t2-chimera:free,stop,,gen-1760220806-ntF9k8Shb55VxMt8R2xj
Prob030_popcount255,7,298,1120,0,C:\Users\durgamaniryudh\Desktop\Learn\llm_eval\dataset_spec-to-rtl\test\Prob030_popcount255\Prob030_popcount255_gen_7.sv,tngtech/deepseek-r1t2-chimera:free,stop,,gen-1760220878-BNF9rOqk073LezbHj23m
Prob030_popcount255,6,298,1531,0,C:\Users\durgamaniryudh\Desktop\Learn\llm_eval\dataset_spec-to-rtl\test\Prob030_popcount255\Prob030_popcount255_gen_6.sv,tngtech/deepseek-r1t2-chimera:free,stop,,gen-1760220842-83j06qGfrPdy840UCKtk
Prob030_popcount255,8,298,767,0,C:\Users\durgamaniryudh\Desktop\Learn\llm_eval\dataset_spec-to-rtl\test\Prob030_popcount255\Prob030_popcount255_gen_8.sv,tngtech/deepseek-r1t2-chimera:free,stop,,gen-1760220908-0OQOQQio8ej5Qs4xfbno
Prob030_popcount255,9,298,971,0,C:\Users\durgamaniryudh\Desktop\Learn\llm_eval\dataset_spec-to-rtl\test\Prob030_popcount255\Prob030_popcount255_gen_9.sv,tngtech/deepseek-r1t2-chimera:free,stop,,gen-1760220930-4bB2vGa7JZnvNJ99anWm
Prob131_mt2015_q4,0,582,1853,0,C:\Users\durgamaniryudh\Desktop\Learn\llm_eval\dataset_spec-to-rtl\test\Prob131_mt2015_q4\Prob131_mt2015_q4_gen_0.sv,tngtech/deepseek-r1t2-chimera:free,stop,,gen-1760220951-Xd0HHYjQp9Dzja56FpLe
Prob131_mt2015_q4,2,582,1714,0,C:\Users\durgamaniryudh\Desktop\Learn\llm_eval\dataset_spec-to-rtl\test\Prob131_mt2015_q4\Prob131_mt2015_q4_gen_2.sv,tngtech/deepseek-r1t2-chimera:free,stop,,gen-1760221052-6NZcFkstKkHGQ0efHe1R
Prob131_mt2015_q4,4,582,1400,0,C:\Users\durgamaniryudh\Desktop\Learn\llm_eval\dataset_spec-to-rtl\test\Prob131_mt2015_q4\Prob131_mt2015_q4_gen_4.sv,tngtech/deepseek-r1t2-chimera:free,stop,,gen-1760221123-t37ESAJsuvP0fzp2KCMV
Prob131_mt2015_q4,3,582,1438,0,C:\Users\durgamaniryudh\Desktop\Learn\llm_eval\dataset_spec-to-rtl\test\Prob131_mt2015_q4\Prob131_mt2015_q4_gen_3.sv,tngtech/deepseek-r1t2-chimera:free,stop,,gen-1760221092-xBw38G5g5hmm3Vi6PqhV
Prob131_mt2015_q4,1,582,2139,0,C:\Users\durgamaniryudh\Desktop\Learn\llm_eval\dataset_spec-to-rtl\test\Prob131_mt2015_q4\Prob131_mt2015_q4_gen_1.sv,tngtech/deepseek-r1t2-chimera:free,stop,,gen-1760220996-INPGCTMwYI5krrf31oaU
Prob131_mt2015_q4,5,582,1154,0,C:\Users\durgamaniryudh\Desktop\Learn\llm_eval\dataset_spec-to-rtl\test\Prob131_mt2015_q4\Prob131_mt2015_q4_gen_5.sv,tngtech/deepseek-r1t2-chimera:free,stop,,gen-1760221167-QVaVsVjuyXwWTfKjdlC8
Prob131_mt2015_q4,6,582,2270,0,C:\Users\durgamaniryudh\Desktop\Learn\llm_eval\dataset_spec-to-rtl\test\Prob131_mt2015_q4\Prob131_mt2015_q4_gen_6.sv,tngtech/deepseek-r1t2-chimera:free,stop,,gen-1760221198-h2y3ktuGJaOyHi1SWjER
Prob131_mt2015_q4,7,582,1292,0,C:\Users\durgamaniryudh\Desktop\Learn\llm_eval\dataset_spec-to-rtl\test\Prob131_mt2015_q4\Prob131_mt2015_q4_gen_7.sv,tngtech/deepseek-r1t2-chimera:free,stop,,gen-1760221256-uUL5funqblOpVrf8qEH1
Prob131_mt2015_q4,9,582,2462,0,C:\Users\durgamaniryudh\Desktop\Learn\llm_eval\dataset_spec-to-rtl\test\Prob131_mt2015_q4\Prob131_mt2015_q4_gen_9.sv,tngtech/deepseek-r1t2-chimera:free,stop,,gen-1760221315-HgTrZP7YD6tDhxmpGEtm
Prob131_mt2015_q4,8,582,810,0,C:\Users\durgamaniryudh\Desktop\Learn\llm_eval\dataset_spec-to-rtl\test\Prob131_mt2015_q4\Prob131_mt2015_q4_gen_8.sv,tngtech/deepseek-r1t2-chimera:free,stop,,gen-1760221294-Jk6wtTHMSa5k5dSebkPR
Prob153_gshare,0,863,2942,0,C:\Users\durgamaniryudh\Desktop\Learn\llm_eval\dataset_spec-to-rtl\test\Prob153_gshare\Prob153_gshare_gen_0.sv,tngtech/deepseek-r1t2-chimera:free,stop,,gen-1760221374-VR95ZCwdKNyBNRIasbz2
Prob153_gshare,1,863,2519,0,C:\Users\durgamaniryudh\Desktop\Learn\llm_eval\dataset_spec-to-rtl\test\Prob153_gshare\Prob153_gshare_gen_1.sv,tngtech/deepseek-r1t2-chimera:free,stop,,gen-1760221441-sGsolIr6UdU8OFVuts1r
Prob153_gshare,3,863,3523,0,C:\Users\durgamaniryudh\Desktop\Learn\llm_eval\dataset_spec-to-rtl\test\Prob153_gshare\Prob153_gshare_gen_3.sv,tngtech/deepseek-r1t2-chimera:free,stop,,gen-1760221566-HnhiPRkFI4lYzuf9cLsU
Prob153_gshare,6,863,1333,0,C:\Users\durgamaniryudh\Desktop\Learn\llm_eval\dataset_spec-to-rtl\test\Prob153_gshare\Prob153_gshare_gen_6.sv,tngtech/deepseek-r1t2-chimera:free,stop,,gen-1760221847-aHSxcrRx2ygj9HRPKRP5
Prob153_gshare,5,863,5865,0,C:\Users\durgamaniryudh\Desktop\Learn\llm_eval\dataset_spec-to-rtl\test\Prob153_gshare\Prob153_gshare_gen_5.sv,tngtech/deepseek-r1t2-chimera:free,stop,,gen-1760221723-9zLwGrF0dsNY8B001wy5
Prob153_gshare,4,863,3124,0,C:\Users\durgamaniryudh\Desktop\Learn\llm_eval\dataset_spec-to-rtl\test\Prob153_gshare\Prob153_gshare_gen_4.sv,tngtech/deepseek-r1t2-chimera:free,stop,,gen-1760221648-rIJim83D1ChUYfROy12e
Prob153_gshare,9,863,3350,0,C:\Users\durgamaniryudh\Desktop\Learn\llm_eval\dataset_spec-to-rtl\test\Prob153_gshare\Prob153_gshare_gen_9.sv,tngtech/deepseek-r1t2-chimera:free,stop,,gen-1760222010-F7oDQSslGfmpa96hemmd
Prob153_gshare,7,863,2395,0,C:\Users\durgamaniryudh\Desktop\Learn\llm_eval\dataset_spec-to-rtl\test\Prob153_gshare\Prob153_gshare_gen_7.sv,tngtech/deepseek-r1t2-chimera:free,stop,,gen-1760221891-bfmm29oRI4x3zh4WelVU
Prob153_gshare,8,863,2668,0,C:\Users\durgamaniryudh\Desktop\Learn\llm_eval\dataset_spec-to-rtl\test\Prob153_gshare\Prob153_gshare_gen_8.sv,tngtech/deepseek-r1t2-chimera:free,stop,,gen-1760221949-rGDfRUAjoxjM7AeV72aF
Prob153_gshare,2,863,2570,0,C:\Users\durgamaniryudh\Desktop\Learn\llm_eval\dataset_spec-to-rtl\test\Prob153_gshare\Prob153_gshare_gen_2.sv,tngtech/deepseek-r1t2-chimera:free,stop,,gen-1760222105-Yn1GlZJ73T9dxOmcS21V
Prob139_2013_q2bfsm,0,565,3764,0,C:\Users\durgamaniryudh\Desktop\Learn\llm_eval\dataset_spec-to-rtl\test\Prob139_2013_q2bfsm\Prob139_2013_q2bfsm_gen_0.sv,tngtech/deepseek-r1t2-chimera:free,stop,,gen-1760222172-Srp6s0euyQGOTgNyDQwx
Prob139_2013_q2bfsm,2,565,6037,0,C:\Users\durgamaniryudh\Desktop\Learn\llm_eval\dataset_spec-to-rtl\test\Prob139_2013_q2bfsm\Prob139_2013_q2bfsm_gen_2.sv,tngtech/deepseek-r1t2-chimera:free,stop,,gen-1760222340-ic2I482steWk3W3LWotJ
Prob139_2013_q2bfsm,4,565,6413,0,C:\Users\durgamaniryudh\Desktop\Learn\llm_eval\dataset_spec-to-rtl\test\Prob139_2013_q2bfsm\Prob139_2013_q2bfsm_gen_4.sv,tngtech/deepseek-r1t2-chimera:free,stop,,gen-1760222568-3XzxSe68k5ZkRlDbryNM
Prob139_2013_q2bfsm,1,565,3688,0,C:\Users\durgamaniryudh\Desktop\Learn\llm_eval\dataset_spec-to-rtl\test\Prob139_2013_q2bfsm\Prob139_2013_q2bfsm_gen_1.sv,tngtech/deepseek-r1t2-chimera:free,stop,,gen-1760222258-mDWhyF2iSZLjyf8ZNqHI
Prob139_2013_q2bfsm,3,565,4083,0,C:\Users\durgamaniryudh\Desktop\Learn\llm_eval\dataset_spec-to-rtl\test\Prob139_2013_q2bfsm\Prob139_2013_q2bfsm_gen_3.sv,tngtech/deepseek-r1t2-chimera:free,stop,,gen-1760222475-9e2BjuZLJRWQ8kDczXF4
Prob139_2013_q2bfsm,6,565,4583,0,C:\Users\durgamaniryudh\Desktop\Learn\llm_eval\dataset_spec-to-rtl\test\Prob139_2013_q2bfsm\Prob139_2013_q2bfsm_gen_6.sv,tngtech/deepseek-r1t2-chimera:free,stop,,gen-1760222793-PKlHpXihZHkVYhbe0FpF
Prob139_2013_q2bfsm,5,565,4083,0,C:\Users\durgamaniryudh\Desktop\Learn\llm_eval\dataset_spec-to-rtl\test\Prob139_2013_q2bfsm\Prob139_2013_q2bfsm_gen_5.sv,tngtech/deepseek-r1t2-chimera:free,stop,,gen-1760222706-nlFaH6YD04jtINoOvJqI
Prob139_2013_q2bfsm,8,565,4947,0,C:\Users\durgamaniryudh\Desktop\Learn\llm_eval\dataset_spec-to-rtl\test\Prob139_2013_q2bfsm\Prob139_2013_q2bfsm_gen_8.sv,tngtech/deepseek-r1t2-chimera:free,stop,,gen-1760222992-OGz9hx7pyvt36uKEZbzy
Prob139_2013_q2bfsm,7,565,4570,0,C:\Users\durgamaniryudh\Desktop\Learn\llm_eval\dataset_spec-to-rtl\test\Prob139_2013_q2bfsm\Prob139_2013_q2bfsm_gen_7.sv,tngtech/deepseek-r1t2-chimera:free,stop,,gen-1760222893-o59R1608C77aNQvnmLIm
Prob139_2013_q2bfsm,9,565,4125,0,C:\Users\durgamaniryudh\Desktop\Learn\llm_eval\dataset_spec-to-rtl\test\Prob139_2013_q2bfsm\Prob139_2013_q2bfsm_gen_9.sv,tngtech/deepseek-r1t2-chimera:free,stop,,gen-1760223108-1t4pqJeWxnhwZRinokNN
Prob074_ece241_2014_q4,2,423,2296,0,C:\Users\durgamaniryudh\Desktop\Learn\llm_eval\dataset_spec-to-rtl\test\Prob074_ece241_2014_q4\Prob074_ece241_2014_q4_gen_2.sv,tngtech/deepseek-r1t2-chimera:free,stop,,gen-1760223269-Eb6MdyrqZiubc7QpD1NH
Prob074_ece241_2014_q4,3,423,975,0,C:\Users\durgamaniryudh\Desktop\Learn\llm_eval\dataset_spec-to-rtl\test\Prob074_ece241_2014_q4\Prob074_ece241_2014_q4_gen_3.sv,tngtech/deepseek-r1t2-chimera:free,stop,,gen-1760223320-nyt8Ucmqen71vKq4VTjC
Prob074_ece241_2014_q4,0,423,1137,0,C:\Users\durgamaniryudh\Desktop\Learn\llm_eval\dataset_spec-to-rtl\test\Prob074_ece241_2014_q4\Prob074_ece241_2014_q4_gen_0.sv,tngtech/deepseek-r1t2-chimera:free,stop,,gen-1760223204-zl5zMlqGf8rVWJLtySb6
Prob074_ece241_2014_q4,1,423,1752,0,C:\Users\durgamaniryudh\Desktop\Learn\llm_eval\dataset_spec-to-rtl\test\Prob074_ece241_2014_q4\Prob074_ece241_2014_q4_gen_1.sv,tngtech/deepseek-r1t2-chimera:free,stop,,gen-1760223232-iRZlx71KHYBeWUZ3cPwC
Prob074_ece241_2014_q4,4,423,1312,0,C:\Users\durgamaniryudh\Desktop\Learn\llm_eval\dataset_spec-to-rtl\test\Prob074_ece241_2014_q4\Prob074_ece241_2014_q4_gen_4.sv,tngtech/deepseek-r1t2-chimera:free,stop,,gen-1760223344-GkWaEleqWclPV8quA76L
Prob074_ece241_2014_q4,6,423,1049,0,C:\Users\durgamaniryudh\Desktop\Learn\llm_eval\dataset_spec-to-rtl\test\Prob074_ece241_2014_q4\Prob074_ece241_2014_q4_gen_6.sv,tngtech/deepseek-r1t2-chimera:free,stop,,gen-1760223400-3LZQixyZUZEfmxSybtfo
Prob074_ece241_2014_q4,5,423,1159,0,C:\Users\durgamaniryudh\Desktop\Learn\llm_eval\dataset_spec-to-rtl\test\Prob074_ece241_2014_q4\Prob074_ece241_2014_q4_gen_5.sv,tngtech/deepseek-r1t2-chimera:free,stop,,gen-1760223372-vkSHmAOYk6dge8NOI9O3
Prob074_ece241_2014_q4,8,423,2358,0,C:\Users\durgamaniryudh\Desktop\Learn\llm_eval\dataset_spec-to-rtl\test\Prob074_ece241_2014_q4\Prob074_ece241_2014_q4_gen_8.sv,tngtech/deepseek-r1t2-chimera:free,stop,,gen-1760223459-7cn2Asqt2Jr4FlxpAren
Prob074_ece241_2014_q4,7,423,1678,0,C:\Users\durgamaniryudh\Desktop\Learn\llm_eval\dataset_spec-to-rtl\test\Prob074_ece241_2014_q4\Prob074_ece241_2014_q4_gen_7.sv,tngtech/deepseek-r1t2-chimera:free,stop,,gen-1760223424-Xp7Qr6xgb7icrOKzjCay
Prob074_ece241_2014_q4,9,423,1066,0,C:\Users\durgamaniryudh\Desktop\Learn\llm_eval\dataset_spec-to-rtl\test\Prob074_ece241_2014_q4\Prob074_ece241_2014_q4_gen_9.sv,tngtech/deepseek-r1t2-chimera:free,stop,,gen-1760223515-9YudP17jxdLMFy2G1XIv
Prob138_2012_q2fsm,0,478,1177,0,C:\Users\durgamaniryudh\Desktop\Learn\llm_eval\dataset_spec-to-rtl\test\Prob138_2012_q2fsm\Prob138_2012_q2fsm_gen_0.sv,tngtech/deepseek-r1t2-chimera:free,stop,,gen-1760223549-GyhoqIt1fjj3ksEfoU2a
Prob138_2012_q2fsm,2,478,1413,0,C:\Users\durgamaniryudh\Desktop\Learn\llm_eval\dataset_spec-to-rtl\test\Prob138_2012_q2fsm\Prob138_2012_q2fsm_gen_2.sv,tngtech/deepseek-r1t2-chimera:free,stop,,gen-1760223599-ebgSFk7kSs8xzSwwNg3l
Prob138_2012_q2fsm,1,478,779,0,C:\Users\durgamaniryudh\Desktop\Learn\llm_eval\dataset_spec-to-rtl\test\Prob138_2012_q2fsm\Prob138_2012_q2fsm_gen_1.sv,tngtech/deepseek-r1t2-chimera:free,stop,,gen-1760223579-TjQXcQ27nsWrGm76ldrY
Prob138_2012_q2fsm,3,478,1427,0,C:\Users\durgamaniryudh\Desktop\Learn\llm_eval\dataset_spec-to-rtl\test\Prob138_2012_q2fsm\Prob138_2012_q2fsm_gen_3.sv,tngtech/deepseek-r1t2-chimera:free,stop,,gen-1760223632-Q03YxazhTHl42eSx6MyH
Prob138_2012_q2fsm,4,478,873,0,C:\Users\durgamaniryudh\Desktop\Learn\llm_eval\dataset_spec-to-rtl\test\Prob138_2012_q2fsm\Prob138_2012_q2fsm_gen_4.sv,tngtech/deepseek-r1t2-chimera:free,stop,,gen-1760223670-TEhsdUJv3o5ILNIm1daI
Prob138_2012_q2fsm,5,478,1604,0,C:\Users\durgamaniryudh\Desktop\Learn\llm_eval\dataset_spec-to-rtl\test\Prob138_2012_q2fsm\Prob138_2012_q2fsm_gen_5.sv,tngtech/deepseek-r1t2-chimera:free,stop,,gen-1760223699-Qj0lH9dthCmx4zcRHBfc
Prob138_2012_q2fsm,7,478,827,0,C:\Users\durgamaniryudh\Desktop\Learn\llm_eval\dataset_spec-to-rtl\test\Prob138_2012_q2fsm\Prob138_2012_q2fsm_gen_7.sv,tngtech/deepseek-r1t2-chimera:free,stop,,gen-1760223774-cuB4SbCM8ckX1Ib7YGmY
Prob138_2012_q2fsm,6,478,1451,0,C:\Users\durgamaniryudh\Desktop\Learn\llm_eval\dataset_spec-to-rtl\test\Prob138_2012_q2fsm\Prob138_2012_q2fsm_gen_6.sv,tngtech/deepseek-r1t2-chimera:free,stop,,gen-1760223737-NXKjjBpQSsR1GSvEbRzE
Prob138_2012_q2fsm,8,478,1789,0,C:\Users\durgamaniryudh\Desktop\Learn\llm_eval\dataset_spec-to-rtl\test\Prob138_2012_q2fsm\Prob138_2012_q2fsm_gen_8.sv,tngtech/deepseek-r1t2-chimera:free,stop,,gen-1760223807-9NAPRmK3a0BlrpEYegPf
Prob138_2012_q2fsm,9,478,1222,0,C:\Users\durgamaniryudh\Desktop\Learn\llm_eval\dataset_spec-to-rtl\test\Prob138_2012_q2fsm\Prob138_2012_q2fsm_gen_9.sv,tngtech/deepseek-r1t2-chimera:free,stop,,gen-1760223851-8AgddPgLVMnWJ7qATTNZ
Prob014_andgate,2,271,636,0,C:\Users\durgamaniryudh\Desktop\Learn\llm_eval\dataset_spec-to-rtl\test\Prob014_andgate\Prob014_andgate_gen_2.sv,tngtech/deepseek-r1t2-chimera:free,stop,,gen-1760223907-QmdR9X4qxXbtSNs2nEy2
Prob014_andgate,1,271,337,0,C:\Users\durgamaniryudh\Desktop\Learn\llm_eval\dataset_spec-to-rtl\test\Prob014_andgate\Prob014_andgate_gen_1.sv,tngtech/deepseek-r1t2-chimera:free,stop,,gen-1760223897-LTEkGINK2PQAP1Yh5T4Z
Prob014_andgate,3,271,464,0,C:\Users\durgamaniryudh\Desktop\Learn\llm_eval\dataset_spec-to-rtl\test\Prob014_andgate\Prob014_andgate_gen_3.sv,tngtech/deepseek-r1t2-chimera:free,stop,,gen-1760223923-RQp5qrnpgzAjyjt26H3y
Prob014_andgate,6,271,257,0,C:\Users\durgamaniryudh\Desktop\Learn\llm_eval\dataset_spec-to-rtl\test\Prob014_andgate\Prob014_andgate_gen_6.sv,tngtech/deepseek-r1t2-chimera:free,stop,,gen-1760223968-q5HpphTyZyEX2EeNM1r6
Prob014_andgate,4,271,551,0,C:\Users\durgamaniryudh\Desktop\Learn\llm_eval\dataset_spec-to-rtl\test\Prob014_andgate\Prob014_andgate_gen_4.sv,tngtech/deepseek-r1t2-chimera:free,stop,,gen-1760223935-kFQbak71NpRWKnWvJrxj
Prob014_andgate,5,271,504,0,C:\Users\durgamaniryudh\Desktop\Learn\llm_eval\dataset_spec-to-rtl\test\Prob014_andgate\Prob014_andgate_gen_5.sv,tngtech/deepseek-r1t2-chimera:free,stop,,gen-1760223954-hS2FwrgfAsTRkmcnorNO
Prob014_andgate,0,271,398,0,C:\Users\durgamaniryudh\Desktop\Learn\llm_eval\dataset_spec-to-rtl\test\Prob014_andgate\Prob014_andgate_gen_0.sv,tngtech/deepseek-r1t2-chimera:free,stop,,gen-1760223887-vfO8cm6UghS1K52kXFmS
Prob014_andgate,7,271,282,0,C:\Users\durgamaniryudh\Desktop\Learn\llm_eval\dataset_spec-to-rtl\test\Prob014_andgate\Prob014_andgate_gen_7.sv,tngtech/deepseek-r1t2-chimera:free,stop,,gen-1760223975-y2TC5nALDdVACYGhuzmz
Prob014_andgate,8,271,431,0,C:\Users\durgamaniryudh\Desktop\Learn\llm_eval\dataset_spec-to-rtl\test\Prob014_andgate\Prob014_andgate_gen_8.sv,tngtech/deepseek-r1t2-chimera:free,stop,,gen-1760223991-i8llCxA3g8put98Iy3R7
Prob014_andgate,9,271,594,0,C:\Users\durgamaniryudh\Desktop\Learn\llm_eval\dataset_spec-to-rtl\test\Prob014_andgate\Prob014_andgate_gen_9.sv,tngtech/deepseek-r1t2-chimera:free,stop,,gen-1760224012-v0uxJwr7AmuQIbGTzSMT
Prob120_fsm3s,0,388,858,0,C:\Users\durgamaniryudh\Desktop\Learn\llm_eval\dataset_spec-to-rtl\test\Prob120_fsm3s\Prob120_fsm3s_gen_0.sv,tngtech/deepseek-r1t2-chimera:free,stop,,gen-1760224028-YBwKYjJYtaF4hn5GMNxF
Prob120_fsm3s,1,388,1456,0,C:\Users\durgamaniryudh\Desktop\Learn\llm_eval\dataset_spec-to-rtl\test\Prob120_fsm3s\Prob120_fsm3s_gen_1.sv,tngtech/deepseek-r1t2-chimera:free,stop,,gen-1760224050-S2Tmvubr78DdjlTquOuZ
Prob120_fsm3s,2,388,1223,0,C:\Users\durgamaniryudh\Desktop\Learn\llm_eval\dataset_spec-to-rtl\test\Prob120_fsm3s\Prob120_fsm3s_gen_2.sv,tngtech/deepseek-r1t2-chimera:free,stop,,gen-1760224090-yGmWqiyaTlZifvIqQebv
Prob120_fsm3s,4,388,853,0,C:\Users\durgamaniryudh\Desktop\Learn\llm_eval\dataset_spec-to-rtl\test\Prob120_fsm3s\Prob120_fsm3s_gen_4.sv,tngtech/deepseek-r1t2-chimera:free,stop,,gen-1760224183-yNjh3HLXkGixXaFICIg5
Prob120_fsm3s,3,388,2626,0,C:\Users\durgamaniryudh\Desktop\Learn\llm_eval\dataset_spec-to-rtl\test\Prob120_fsm3s\Prob120_fsm3s_gen_3.sv,tngtech/deepseek-r1t2-chimera:free,stop,,gen-1760224120-iLjeadayE9GDVMlc3d7O
Prob120_fsm3s,5,388,888,0,C:\Users\durgamaniryudh\Desktop\Learn\llm_eval\dataset_spec-to-rtl\test\Prob120_fsm3s\Prob120_fsm3s_gen_5.sv,tngtech/deepseek-r1t2-chimera:free,stop,,gen-1760224205-VlIdXWg3yBxOERfiisQC
Prob120_fsm3s,6,388,1757,0,C:\Users\durgamaniryudh\Desktop\Learn\llm_eval\dataset_spec-to-rtl\test\Prob120_fsm3s\Prob120_fsm3s_gen_6.sv,tngtech/deepseek-r1t2-chimera:free,stop,,gen-1760224227-9iQYMmLmi4njTjYtR5sD
Prob120_fsm3s,8,388,1375,0,C:\Users\durgamaniryudh\Desktop\Learn\llm_eval\dataset_spec-to-rtl\test\Prob120_fsm3s\Prob120_fsm3s_gen_8.sv,tngtech/deepseek-r1t2-chimera:free,stop,,gen-1760224309-SCuBGkcMbSLQLHu56mvg
Prob120_fsm3s,7,388,1469,0,C:\Users\durgamaniryudh\Desktop\Learn\llm_eval\dataset_spec-to-rtl\test\Prob120_fsm3s\Prob120_fsm3s_gen_7.sv,tngtech/deepseek-r1t2-chimera:free,stop,,gen-1760224270-1Nr5RuJhRmw7TMZAbYMa
Prob120_fsm3s,9,388,1196,0,C:\Users\durgamaniryudh\Desktop\Learn\llm_eval\dataset_spec-to-rtl\test\Prob120_fsm3s\Prob120_fsm3s_gen_9.sv,tngtech/deepseek-r1t2-chimera:free,stop,,gen-1760224345-dzqP0CZ8sKG8SfryGnWO
Prob084_ece241_2013_q12,0,505,1967,0,C:\Users\durgamaniryudh\Desktop\Learn\llm_eval\dataset_spec-to-rtl\test\Prob084_ece241_2013_q12\Prob084_ece241_2013_q12_gen_0.sv,tngtech/deepseek-r1t2-chimera:free,stop,,gen-1760224378-wFsY5kOp8rGSfu3uICRn
Prob084_ece241_2013_q12,1,505,614,0,C:\Users\durgamaniryudh\Desktop\Learn\llm_eval\dataset_spec-to-rtl\test\Prob084_ece241_2013_q12\Prob084_ece241_2013_q12_gen_1.sv,tngtech/deepseek-r1t2-chimera:free,stop,,gen-1760224429-Ud5eHltQMnXRSGTwQX8L
Prob084_ece241_2013_q12,2,505,4464,0,C:\Users\durgamaniryudh\Desktop\Learn\llm_eval\dataset_spec-to-rtl\test\Prob084_ece241_2013_q12\Prob084_ece241_2013_q12_gen_2.sv,tngtech/deepseek-r1t2-chimera:free,stop,,gen-1760224442-4aYEeqUbBt7KOB4jtsHv
Prob084_ece241_2013_q12,4,505,2278,0,C:\Users\durgamaniryudh\Desktop\Learn\llm_eval\dataset_spec-to-rtl\test\Prob084_ece241_2013_q12\Prob084_ece241_2013_q12_gen_4.sv,tngtech/deepseek-r1t2-chimera:free,stop,,gen-1760224611-lyhTTMuxIllK7hb6Ya4n
Prob084_ece241_2013_q12,3,505,2748,0,C:\Users\durgamaniryudh\Desktop\Learn\llm_eval\dataset_spec-to-rtl\test\Prob084_ece241_2013_q12\Prob084_ece241_2013_q12_gen_3.sv,tngtech/deepseek-r1t2-chimera:free,stop,,gen-1760224543-Muj6kEgDS5tSB2bkVoYA
Prob084_ece241_2013_q12,5,505,3626,0,C:\Users\durgamaniryudh\Desktop\Learn\llm_eval\dataset_spec-to-rtl\test\Prob084_ece241_2013_q12\Prob084_ece241_2013_q12_gen_5.sv,tngtech/deepseek-r1t2-chimera:free,stop,,gen-1760224660-zLvEmDmZTVjyIL5amlYJ
Prob084_ece241_2013_q12,8,505,1206,0,C:\Users\durgamaniryudh\Desktop\Learn\llm_eval\dataset_spec-to-rtl\test\Prob084_ece241_2013_q12\Prob084_ece241_2013_q12_gen_8.sv,tngtech/deepseek-r1t2-chimera:free,stop,,gen-1760224876-yzqmhaMwUDIwYSgrLoko
Prob084_ece241_2013_q12,7,505,4017,0,C:\Users\durgamaniryudh\Desktop\Learn\llm_eval\dataset_spec-to-rtl\test\Prob084_ece241_2013_q12\Prob084_ece241_2013_q12_gen_7.sv,tngtech/deepseek-r1t2-chimera:free,stop,,gen-1760224800-wJ9eNbe5WRf1ogsdKQoU
Prob084_ece241_2013_q12,9,505,5198,0,C:\Users\durgamaniryudh\Desktop\Learn\llm_eval\dataset_spec-to-rtl\test\Prob084_ece241_2013_q12\Prob084_ece241_2013_q12_gen_9.sv,tngtech/deepseek-r1t2-chimera:free,stop,,gen-1760224903-AV1gMHDfLPhBxofp7v7y
Prob084_ece241_2013_q12,6,505,2585,0,C:\Users\durgamaniryudh\Desktop\Learn\llm_eval\dataset_spec-to-rtl\test\Prob084_ece241_2013_q12\Prob084_ece241_2013_q12_gen_6.sv,tngtech/deepseek-r1t2-chimera:free,stop,,gen-1760224740-qZqTT0ucTbOHN5fyLmt8
Prob013_m2014_q4e,0,273,436,0,C:\Users\durgamaniryudh\Desktop\Learn\llm_eval\dataset_spec-to-rtl\test\Prob013_m2014_q4e\Prob013_m2014_q4e_gen_0.sv,tngtech/deepseek-r1t2-chimera:free,stop,,gen-1760225023-sDKUAJ9GwE8yS4SLfunj
Prob013_m2014_q4e,3,273,377,0,C:\Users\durgamaniryudh\Desktop\Learn\llm_eval\dataset_spec-to-rtl\test\Prob013_m2014_q4e\Prob013_m2014_q4e_gen_3.sv,tngtech/deepseek-r1t2-chimera:free,stop,,gen-1760225069-Pr47gXT3g374Tdd92ztY
Prob013_m2014_q4e,2,273,762,0,C:\Users\durgamaniryudh\Desktop\Learn\llm_eval\dataset_spec-to-rtl\test\Prob013_m2014_q4e\Prob013_m2014_q4e_gen_2.sv,tngtech/deepseek-r1t2-chimera:free,stop,,gen-1760225053-q9HlIB75r3c70imzrD6m
Prob013_m2014_q4e,5,273,454,0,C:\Users\durgamaniryudh\Desktop\Learn\llm_eval\dataset_spec-to-rtl\test\Prob013_m2014_q4e\Prob013_m2014_q4e_gen_5.sv,tngtech/deepseek-r1t2-chimera:free,stop,,gen-1760225088-oBk4IY7Ogq8Y3ttde7UX
Prob013_m2014_q4e,6,273,432,0,C:\Users\durgamaniryudh\Desktop\Learn\llm_eval\dataset_spec-to-rtl\test\Prob013_m2014_q4e\Prob013_m2014_q4e_gen_6.sv,tngtech/deepseek-r1t2-chimera:free,stop,,gen-1760225098-zrbALgLpL3x89tCdq2M1
Prob013_m2014_q4e,4,273,362,0,C:\Users\durgamaniryudh\Desktop\Learn\llm_eval\dataset_spec-to-rtl\test\Prob013_m2014_q4e\Prob013_m2014_q4e_gen_4.sv,tngtech/deepseek-r1t2-chimera:free,stop,,gen-1760225080-Qym6XncMuparOMaEQ0wU
Prob013_m2014_q4e,1,273,988,0,C:\Users\durgamaniryudh\Desktop\Learn\llm_eval\dataset_spec-to-rtl\test\Prob013_m2014_q4e\Prob013_m2014_q4e_gen_1.sv,tngtech/deepseek-r1t2-chimera:free,stop,,gen-1760225033-cZTxgy6YBU1Eia9CEEwO
Prob013_m2014_q4e,8,273,247,0,C:\Users\durgamaniryudh\Desktop\Learn\llm_eval\dataset_spec-to-rtl\test\Prob013_m2014_q4e\Prob013_m2014_q4e_gen_8.sv,tngtech/deepseek-r1t2-chimera:free,stop,,gen-1760225124-ky2IJBcUy3ujnKKHVZGf
Prob013_m2014_q4e,7,273,819,0,C:\Users\durgamaniryudh\Desktop\Learn\llm_eval\dataset_spec-to-rtl\test\Prob013_m2014_q4e\Prob013_m2014_q4e_gen_7.sv,tngtech/deepseek-r1t2-chimera:free,stop,,gen-1760225109-wLQZU0Cl9JOhFPFyNehd
Prob013_m2014_q4e,9,273,935,0,C:\Users\durgamaniryudh\Desktop\Learn\llm_eval\dataset_spec-to-rtl\test\Prob013_m2014_q4e\Prob013_m2014_q4e_gen_9.sv,tngtech/deepseek-r1t2-chimera:free,stop,,gen-1760225133-38od1mbumpTOeNnyxfkm
Prob037_review2015_count1k,0,325,759,0,C:\Users\durgamaniryudh\Desktop\Learn\llm_eval\dataset_spec-to-rtl\test\Prob037_review2015_count1k\Prob037_review2015_count1k_gen_0.sv,tngtech/deepseek-r1t2-chimera:free,stop,,gen-1760225150-pmM3GT24jLWg4jHQFOza
Prob037_review2015_count1k,1,325,1210,0,C:\Users\durgamaniryudh\Desktop\Learn\llm_eval\dataset_spec-to-rtl\test\Prob037_review2015_count1k\Prob037_review2015_count1k_gen_1.sv,tngtech/deepseek-r1t2-chimera:free,stop,,gen-1760225164-j3wVZfB6VcrZwNyBJNyq
Prob037_review2015_count1k,2,325,756,0,C:\Users\durgamaniryudh\Desktop\Learn\llm_eval\dataset_spec-to-rtl\test\Prob037_review2015_count1k\Prob037_review2015_count1k_gen_2.sv,tngtech/deepseek-r1t2-chimera:free,stop,,gen-1760225186-no8wfLkdakvEVZd163KX
Prob037_review2015_count1k,4,325,1262,0,C:\Users\durgamaniryudh\Desktop\Learn\llm_eval\dataset_spec-to-rtl\test\Prob037_review2015_count1k\Prob037_review2015_count1k_gen_4.sv,tngtech/deepseek-r1t2-chimera:free,stop,,gen-1760225220-2ypV8zBp4duP8HbiLcLF
Prob037_review2015_count1k,3,325,888,0,C:\Users\durgamaniryudh\Desktop\Learn\llm_eval\dataset_spec-to-rtl\test\Prob037_review2015_count1k\Prob037_review2015_count1k_gen_3.sv,tngtech/deepseek-r1t2-chimera:free,stop,,gen-1760225202-e0rguLQJIAr1QA069oNp
Prob037_review2015_count1k,7,325,654,0,C:\Users\durgamaniryudh\Desktop\Learn\llm_eval\dataset_spec-to-rtl\test\Prob037_review2015_count1k\Prob037_review2015_count1k_gen_7.sv,tngtech/deepseek-r1t2-chimera:free,stop,,gen-1760225341-X2hNfxuD4xKLlpLH5wkH
Prob037_review2015_count1k,5,325,2697,0,C:\Users\durgamaniryudh\Desktop\Learn\llm_eval\dataset_spec-to-rtl\test\Prob037_review2015_count1k\Prob037_review2015_count1k_gen_5.sv,tngtech/deepseek-r1t2-chimera:free,stop,,gen-1760225248-M46dbJnSowfcEZYhZLAk
Prob037_review2015_count1k,6,325,1131,0,C:\Users\durgamaniryudh\Desktop\Learn\llm_eval\dataset_spec-to-rtl\test\Prob037_review2015_count1k\Prob037_review2015_count1k_gen_6.sv,tngtech/deepseek-r1t2-chimera:free,stop,,gen-1760225312-uyBMsd5kogmNxq4G143v
Prob037_review2015_count1k,8,325,611,0,C:\Users\durgamaniryudh\Desktop\Learn\llm_eval\dataset_spec-to-rtl\test\Prob037_review2015_count1k\Prob037_review2015_count1k_gen_8.sv,tngtech/deepseek-r1t2-chimera:free,stop,,gen-1760225356-hzdUuIQTA7ZnhhEbB4Mm
Prob037_review2015_count1k,9,325,1105,0,C:\Users\durgamaniryudh\Desktop\Learn\llm_eval\dataset_spec-to-rtl\test\Prob037_review2015_count1k\Prob037_review2015_count1k_gen_9.sv,tngtech/deepseek-r1t2-chimera:free,stop,,gen-1760225368-azBlF25Omk3WXHLG0DB6
Prob023_vector100r,0,279,878,0,C:\Users\durgamaniryudh\Desktop\Learn\llm_eval\dataset_spec-to-rtl\test\Prob023_vector100r\Prob023_vector100r_gen_0.sv,tngtech/deepseek-r1t2-chimera:free,stop,,gen-1760225393-T4NjcCfSVhnoZhVPO0rQ
Prob023_vector100r,1,279,584,0,C:\Users\durgamaniryudh\Desktop\Learn\llm_eval\dataset_spec-to-rtl\test\Prob023_vector100r\Prob023_vector100r_gen_1.sv,tngtech/deepseek-r1t2-chimera:free,stop,,gen-1760225413-7KL6bNPYgDXiQzA4Asr0
Prob023_vector100r,3,279,1349,0,C:\Users\durgamaniryudh\Desktop\Learn\llm_eval\dataset_spec-to-rtl\test\Prob023_vector100r\Prob023_vector100r_gen_3.sv,tngtech/deepseek-r1t2-chimera:free,stop,,gen-1760225456-1ZkMIIG1wcThst88cRfx
Prob023_vector100r,5,279,2368,0,C:\Users\durgamaniryudh\Desktop\Learn\llm_eval\dataset_spec-to-rtl\test\Prob023_vector100r\Prob023_vector100r_gen_5.sv,tngtech/deepseek-r1t2-chimera:free,stop,,gen-1760225514-K07xR9dwmHAdSriPYs9L
Prob023_vector100r,7,279,726,0,C:\Users\durgamaniryudh\Desktop\Learn\llm_eval\dataset_spec-to-rtl\test\Prob023_vector100r\Prob023_vector100r_gen_7.sv,tngtech/deepseek-r1t2-chimera:free,stop,,gen-1760225584-JXEAbWeuxqqkizRAkwU2
Prob023_vector100r,4,279,1426,0,C:\Users\durgamaniryudh\Desktop\Learn\llm_eval\dataset_spec-to-rtl\test\Prob023_vector100r\Prob023_vector100r_gen_4.sv,tngtech/deepseek-r1t2-chimera:free,stop,,gen-1760225483-rdfXg6ty0W7V07QOfwoB
Prob023_vector100r,6,279,1130,0,C:\Users\durgamaniryudh\Desktop\Learn\llm_eval\dataset_spec-to-rtl\test\Prob023_vector100r\Prob023_vector100r_gen_6.sv,tngtech/deepseek-r1t2-chimera:free,stop,,gen-1760225563-OeP9L83rA7reZ4bJf341
Prob023_vector100r,2,279,1612,0,C:\Users\durgamaniryudh\Desktop\Learn\llm_eval\dataset_spec-to-rtl\test\Prob023_vector100r\Prob023_vector100r_gen_2.sv,tngtech/deepseek-r1t2-chimera:free,stop,,gen-1760225427-95luGxl8bnBSBF0ipMOp
Prob023_vector100r,9,279,708,0,C:\Users\durgamaniryudh\Desktop\Learn\llm_eval\dataset_spec-to-rtl\test\Prob023_vector100r\Prob023_vector100r_gen_9.sv,tngtech/deepseek-r1t2-chimera:free,stop,,gen-1760225622-5SFfo8RWiQpWaQzwslkQ
Prob023_vector100r,8,279,646,0,C:\Users\durgamaniryudh\Desktop\Learn\llm_eval\dataset_spec-to-rtl\test\Prob023_vector100r\Prob023_vector100r_gen_8.sv,tngtech/deepseek-r1t2-chimera:free,stop,,gen-1760225601-SokhCrQUZx5SxqlGwafW
Prob075_counter_2bc,0,420,2067,0,C:\Users\durgamaniryudh\Desktop\Learn\llm_eval\dataset_spec-to-rtl\test\Prob075_counter_2bc\Prob075_counter_2bc_gen_0.sv,tngtech/deepseek-r1t2-chimera:free,stop,,gen-1760225638-kSfCmoD169ziWrreLLvv
Prob075_counter_2bc,1,420,1048,0,C:\Users\durgamaniryudh\Desktop\Learn\llm_eval\dataset_spec-to-rtl\test\Prob075_counter_2bc\Prob075_counter_2bc_gen_1.sv,tngtech/deepseek-r1t2-chimera:free,stop,,gen-1760225675-ppXUuhlmPihcLJ1LBuTJ
Prob075_counter_2bc,2,420,1913,0,C:\Users\durgamaniryudh\Desktop\Learn\llm_eval\dataset_spec-to-rtl\test\Prob075_counter_2bc\Prob075_counter_2bc_gen_2.sv,tngtech/deepseek-r1t2-chimera:free,stop,,gen-1760225695-rrhZXpFY8ZuT1rkk302I
Prob075_counter_2bc,3,420,1678,0,C:\Users\durgamaniryudh\Desktop\Learn\llm_eval\dataset_spec-to-rtl\test\Prob075_counter_2bc\Prob075_counter_2bc_gen_3.sv,tngtech/deepseek-r1t2-chimera:free,stop,,gen-1760225752-5iy9ExRhTlZm1YvrEZys
Prob075_counter_2bc,5,420,1230,0,C:\Users\durgamaniryudh\Desktop\Learn\llm_eval\dataset_spec-to-rtl\test\Prob075_counter_2bc\Prob075_counter_2bc_gen_5.sv,tngtech/deepseek-r1t2-chimera:free,stop,,gen-1760225841-YpAm8h7X4Z5f0E5ztUdW
Prob075_counter_2bc,4,420,2808,0,C:\Users\durgamaniryudh\Desktop\Learn\llm_eval\dataset_spec-to-rtl\test\Prob075_counter_2bc\Prob075_counter_2bc_gen_4.sv,tngtech/deepseek-r1t2-chimera:free,stop,,gen-1760225791-uPhG7654EpXUKxxhuei9
Prob075_counter_2bc,6,420,1258,0,C:\Users\durgamaniryudh\Desktop\Learn\llm_eval\dataset_spec-to-rtl\test\Prob075_counter_2bc\Prob075_counter_2bc_gen_6.sv,tngtech/deepseek-r1t2-chimera:free,stop,,gen-1760225876-PVSRBDqK26kVXpIH2goP
Prob075_counter_2bc,9,420,2206,0,C:\Users\durgamaniryudh\Desktop\Learn\llm_eval\dataset_spec-to-rtl\test\Prob075_counter_2bc\Prob075_counter_2bc_gen_9.sv,tngtech/deepseek-r1t2-chimera:free,stop,,gen-1760225959-4Wgy1LTLnqh6uP7kJmu9
Prob075_counter_2bc,7,420,1125,0,C:\Users\durgamaniryudh\Desktop\Learn\llm_eval\dataset_spec-to-rtl\test\Prob075_counter_2bc\Prob075_counter_2bc_gen_7.sv,tngtech/deepseek-r1t2-chimera:free,stop,,gen-1760225899-ADdYPzrnwVm2bdP3YFe0
Prob075_counter_2bc,8,420,2044,0,C:\Users\durgamaniryudh\Desktop\Learn\llm_eval\dataset_spec-to-rtl\test\Prob075_counter_2bc\Prob075_counter_2bc_gen_8.sv,tngtech/deepseek-r1t2-chimera:free,stop,,gen-1760225921-0fUGwQEUdYJK7VtXoC9h
Prob099_m2014_q6c,0,536,1335,0,C:\Users\durgamaniryudh\Desktop\Learn\llm_eval\dataset_spec-to-rtl\test\Prob099_m2014_q6c\Prob099_m2014_q6c_gen_0.sv,tngtech/deepseek-r1t2-chimera:free,stop,,gen-1760226013-6IOCah28CAYOEnljzNNv
Prob099_m2014_q6c,3,536,1920,0,C:\Users\durgamaniryudh\Desktop\Learn\llm_eval\dataset_spec-to-rtl\test\Prob099_m2014_q6c\Prob099_m2014_q6c_gen_3.sv,tngtech/deepseek-r1t2-chimera:free,stop,,gen-1760226081-j3PeA1MMfdngN1IRKtj8
Prob099_m2014_q6c,2,536,700,0,C:\Users\durgamaniryudh\Desktop\Learn\llm_eval\dataset_spec-to-rtl\test\Prob099_m2014_q6c\Prob099_m2014_q6c_gen_2.sv,tngtech/deepseek-r1t2-chimera:free,stop,,gen-1760226066-jgnBGgPhXYUTFvIFIPt5
Prob099_m2014_q6c,7,536,1504,0,C:\Users\durgamaniryudh\Desktop\Learn\llm_eval\dataset_spec-to-rtl\test\Prob099_m2014_q6c\Prob099_m2014_q6c_gen_7.sv,tngtech/deepseek-r1t2-chimera:free,stop,,gen-1760226176-mBSKJnDeA0fZLViRoKiO
Prob099_m2014_q6c,1,536,1540,0,C:\Users\durgamaniryudh\Desktop\Learn\llm_eval\dataset_spec-to-rtl\test\Prob099_m2014_q6c\Prob099_m2014_q6c_gen_1.sv,tngtech/deepseek-r1t2-chimera:free,stop,,gen-1760226038-2sjqQyEICXjNhv0mx81Y
Prob099_m2014_q6c,4,536,1179,0,C:\Users\durgamaniryudh\Desktop\Learn\llm_eval\dataset_spec-to-rtl\test\Prob099_m2014_q6c\Prob099_m2014_q6c_gen_4.sv,tngtech/deepseek-r1t2-chimera:free,stop,,gen-1760226114-CYfCwUq5ccG4N9ZppPnV
Prob099_m2014_q6c,8,536,1343,0,C:\Users\durgamaniryudh\Desktop\Learn\llm_eval\dataset_spec-to-rtl\test\Prob099_m2014_q6c\Prob099_m2014_q6c_gen_8.sv,tngtech/deepseek-r1t2-chimera:free,stop,,gen-1760226209-4oekze89PphZ8gNK6cKv
Prob099_m2014_q6c,6,536,1155,0,C:\Users\durgamaniryudh\Desktop\Learn\llm_eval\dataset_spec-to-rtl\test\Prob099_m2014_q6c\Prob099_m2014_q6c_gen_6.sv,tngtech/deepseek-r1t2-chimera:free,stop,,gen-1760226154-SupfHYy88FZmx9BXJNKy
Prob099_m2014_q6c,5,536,898,0,C:\Users\durgamaniryudh\Desktop\Learn\llm_eval\dataset_spec-to-rtl\test\Prob099_m2014_q6c\Prob099_m2014_q6c_gen_5.sv,tngtech/deepseek-r1t2-chimera:free,stop,,gen-1760226137-eUc6Wk1ZxbOn0dLZ516R
Prob099_m2014_q6c,9,536,973,0,C:\Users\durgamaniryudh\Desktop\Learn\llm_eval\dataset_spec-to-rtl\test\Prob099_m2014_q6c\Prob099_m2014_q6c_gen_9.sv,tngtech/deepseek-r1t2-chimera:free,stop,,gen-1760226236-HpFlEzvapiRYhsL4xAXK
Prob021_mux256to1v,1,349,804,0,C:\Users\durgamaniryudh\Desktop\Learn\llm_eval\dataset_spec-to-rtl\test\Prob021_mux256to1v\Prob021_mux256to1v_gen_1.sv,tngtech/deepseek-r1t2-chimera:free,stop,,gen-1760226296-onS6ODxCpVBNezg0s2gi
Prob021_mux256to1v,2,349,825,0,C:\Users\durgamaniryudh\Desktop\Learn\llm_eval\dataset_spec-to-rtl\test\Prob021_mux256to1v\Prob021_mux256to1v_gen_2.sv,tngtech/deepseek-r1t2-chimera:free,stop,,gen-1760226314-YKcjoB5mTY5T4yfmSzrd
Prob021_mux256to1v,0,349,2276,0,C:\Users\durgamaniryudh\Desktop\Learn\llm_eval\dataset_spec-to-rtl\test\Prob021_mux256to1v\Prob021_mux256to1v_gen_0.sv,tngtech/deepseek-r1t2-chimera:free,stop,,gen-1760226255-XjHXLnX5vku5A3Y7O6FJ
Prob021_mux256to1v,3,349,644,0,C:\Users\durgamaniryudh\Desktop\Learn\llm_eval\dataset_spec-to-rtl\test\Prob021_mux256to1v\Prob021_mux256to1v_gen_3.sv,tngtech/deepseek-r1t2-chimera:free,stop,,gen-1760226333-4aUB3tNLK01jk4OMnQJU
Prob021_mux256to1v,4,349,826,0,C:\Users\durgamaniryudh\Desktop\Learn\llm_eval\dataset_spec-to-rtl\test\Prob021_mux256to1v\Prob021_mux256to1v_gen_4.sv,tngtech/deepseek-r1t2-chimera:free,stop,,gen-1760226348-IZDjCVr3MphgI4TYS7tJ
Prob021_mux256to1v,5,349,821,0,C:\Users\durgamaniryudh\Desktop\Learn\llm_eval\dataset_spec-to-rtl\test\Prob021_mux256to1v\Prob021_mux256to1v_gen_5.sv,tngtech/deepseek-r1t2-chimera:free,stop,,gen-1760226367-9YoWSb0fuu7H0V9gnepv
Prob021_mux256to1v,6,349,827,0,C:\Users\durgamaniryudh\Desktop\Learn\llm_eval\dataset_spec-to-rtl\test\Prob021_mux256to1v\Prob021_mux256to1v_gen_6.sv,tngtech/deepseek-r1t2-chimera:free,stop,,gen-1760226386-5tKMu2RsKDJxGR7vGOlg
Prob021_mux256to1v,7,349,1032,0,C:\Users\durgamaniryudh\Desktop\Learn\llm_eval\dataset_spec-to-rtl\test\Prob021_mux256to1v\Prob021_mux256to1v_gen_7.sv,tngtech/deepseek-r1t2-chimera:free,stop,,gen-1760226403-Kg7EOFgMnim1ZCJf4X5g
Prob021_mux256to1v,9,349,600,0,C:\Users\durgamaniryudh\Desktop\Learn\llm_eval\dataset_spec-to-rtl\test\Prob021_mux256to1v\Prob021_mux256to1v_gen_9.sv,tngtech/deepseek-r1t2-chimera:free,stop,,gen-1760226454-xD5WEgEXJzrMgq2ho9h8
Prob021_mux256to1v,8,349,771,0,C:\Users\durgamaniryudh\Desktop\Learn\llm_eval\dataset_spec-to-rtl\test\Prob021_mux256to1v\Prob021_mux256to1v_gen_8.sv,tngtech/deepseek-r1t2-chimera:free,stop,,gen-1760226435-KEXFwjufyzPvug4AhYCC
Prob149_ece241_2013_q4,0,620,6941,0,C:\Users\durgamaniryudh\Desktop\Learn\llm_eval\dataset_spec-to-rtl\test\Prob149_ece241_2013_q4\Prob149_ece241_2013_q4_gen_0.sv,tngtech/deepseek-r1t2-chimera:free,stop,,gen-1760226470-Z56iHZL3zZmqcFeR2QTA
Prob149_ece241_2013_q4,1,620,5094,0,C:\Users\durgamaniryudh\Desktop\Learn\llm_eval\dataset_spec-to-rtl\test\Prob149_ece241_2013_q4\Prob149_ece241_2013_q4_gen_1.sv,tngtech/deepseek-r1t2-chimera:free,stop,,gen-1760226626-7No4pt7TZlHivJvynU4r
Prob149_ece241_2013_q4,2,620,5195,0,C:\Users\durgamaniryudh\Desktop\Learn\llm_eval\dataset_spec-to-rtl\test\Prob149_ece241_2013_q4\Prob149_ece241_2013_q4_gen_2.sv,tngtech/deepseek-r1t2-chimera:free,stop,,gen-1760226722-EQMQy3P2JyzPvvYK0s3X
Prob149_ece241_2013_q4,3,620,5552,0,C:\Users\durgamaniryudh\Desktop\Learn\llm_eval\dataset_spec-to-rtl\test\Prob149_ece241_2013_q4\Prob149_ece241_2013_q4_gen_3.sv,tngtech/deepseek-r1t2-chimera:free,stop,,gen-1760226821-B2CcGXwL06U8VWS5O5ar
Prob149_ece241_2013_q4,6,620,5138,0,C:\Users\durgamaniryudh\Desktop\Learn\llm_eval\dataset_spec-to-rtl\test\Prob149_ece241_2013_q4\Prob149_ece241_2013_q4_gen_6.sv,tngtech/deepseek-r1t2-chimera:free,stop,,gen-1760227108-D98IjaOupkwWjg2VEWdd
Prob149_ece241_2013_q4,4,620,4522,0,C:\Users\durgamaniryudh\Desktop\Learn\llm_eval\dataset_spec-to-rtl\test\Prob149_ece241_2013_q4\Prob149_ece241_2013_q4_gen_4.sv,tngtech/deepseek-r1t2-chimera:free,stop,,gen-1760226930-BIo1rfR7cVRaRsrbowal
Prob149_ece241_2013_q4,5,620,5257,0,C:\Users\durgamaniryudh\Desktop\Learn\llm_eval\dataset_spec-to-rtl\test\Prob149_ece241_2013_q4\Prob149_ece241_2013_q4_gen_5.sv,tngtech/deepseek-r1t2-chimera:free,stop,,gen-1760227013-zhJBrgu4MN5n43MGmKbb
Prob149_ece241_2013_q4,8,620,5215,0,C:\Users\durgamaniryudh\Desktop\Learn\llm_eval\dataset_spec-to-rtl\test\Prob149_ece241_2013_q4\Prob149_ece241_2013_q4_gen_8.sv,tngtech/deepseek-r1t2-chimera:free,stop,,gen-1760227290-3z1oU2iOMikydfrhQcMo
Prob149_ece241_2013_q4,9,620,5467,0,C:\Users\durgamaniryudh\Desktop\Learn\llm_eval\dataset_spec-to-rtl\test\Prob149_ece241_2013_q4\Prob149_ece241_2013_q4_gen_9.sv,tngtech/deepseek-r1t2-chimera:free,stop,,gen-1760227385-4DMsDfJUCpXODAHPCGRZ
Prob149_ece241_2013_q4,7,620,5580,0,C:\Users\durgamaniryudh\Desktop\Learn\llm_eval\dataset_spec-to-rtl\test\Prob149_ece241_2013_q4\Prob149_ece241_2013_q4_gen_7.sv,tngtech/deepseek-r1t2-chimera:free,stop,,gen-1760227492-8yZQze6NT8CHxab7a6zA
Prob085_shift4,2,433,2192,0,C:\Users\durgamaniryudh\Desktop\Learn\llm_eval\dataset_spec-to-rtl\test\Prob085_shift4\Prob085_shift4_gen_2.sv,tngtech/deepseek-r1t2-chimera:free,stop,,gen-1760227689-yAiwf4tsCWz2jYe1Fp2I
Prob085_shift4,1,433,2528,0,C:\Users\durgamaniryudh\Desktop\Learn\llm_eval\dataset_spec-to-rtl\test\Prob085_shift4\Prob085_shift4_gen_1.sv,tngtech/deepseek-r1t2-chimera:free,stop,,gen-1760227637-W0P41XApXR0A05c66gNm
Prob085_shift4,4,433,1019,0,C:\Users\durgamaniryudh\Desktop\Learn\llm_eval\dataset_spec-to-rtl\test\Prob085_shift4\Prob085_shift4_gen_4.sv,tngtech/deepseek-r1t2-chimera:free,stop,,gen-1760227769-jBUZcV9tjA2jxrmArFC6
Prob085_shift4,3,433,1377,0,C:\Users\durgamaniryudh\Desktop\Learn\llm_eval\dataset_spec-to-rtl\test\Prob085_shift4\Prob085_shift4_gen_3.sv,tngtech/deepseek-r1t2-chimera:free,stop,,gen-1760227734-SGWdpjt8ADwNqTTiuwD9
Prob085_shift4,0,433,1427,0,C:\Users\durgamaniryudh\Desktop\Learn\llm_eval\dataset_spec-to-rtl\test\Prob085_shift4\Prob085_shift4_gen_0.sv,tngtech/deepseek-r1t2-chimera:free,stop,,gen-1760227609-sblkI0Tv2qq8gSJbjGHB
Prob085_shift4,5,433,1641,0,C:\Users\durgamaniryudh\Desktop\Learn\llm_eval\dataset_spec-to-rtl\test\Prob085_shift4\Prob085_shift4_gen_5.sv,tngtech/deepseek-r1t2-chimera:free,stop,,gen-1760227796-1NsnN5ViZjF6skgj2JM2
Prob085_shift4,7,433,708,0,C:\Users\durgamaniryudh\Desktop\Learn\llm_eval\dataset_spec-to-rtl\test\Prob085_shift4\Prob085_shift4_gen_7.sv,tngtech/deepseek-r1t2-chimera:free,stop,,gen-1760227855-AxTZWcmZP85cnygHVZgG
Prob085_shift4,8,433,640,0,C:\Users\durgamaniryudh\Desktop\Learn\llm_eval\dataset_spec-to-rtl\test\Prob085_shift4\Prob085_shift4_gen_8.sv,tngtech/deepseek-r1t2-chimera:free,stop,,gen-1760227869-xlchIOJVYfEM3Ri1Hgx8
Prob085_shift4,9,433,1030,0,C:\Users\durgamaniryudh\Desktop\Learn\llm_eval\dataset_spec-to-rtl\test\Prob085_shift4\Prob085_shift4_gen_9.sv,tngtech/deepseek-r1t2-chimera:free,stop,,gen-1760227891-gLFh7dqsK12hRMbTdvlg
Prob085_shift4,6,433,665,0,C:\Users\durgamaniryudh\Desktop\Learn\llm_eval\dataset_spec-to-rtl\test\Prob085_shift4\Prob085_shift4_gen_6.sv,tngtech/deepseek-r1t2-chimera:free,stop,,gen-1760227839-Y6AR6FsaX469FP82hhyH
Prob119_fsm3,0,397,2239,0,C:\Users\durgamaniryudh\Desktop\Learn\llm_eval\dataset_spec-to-rtl\test\Prob119_fsm3\Prob119_fsm3_gen_0.sv,tngtech/deepseek-r1t2-chimera:free,stop,,gen-1760227917-u3g54aBg1gqKSsqMq0b8
Prob119_fsm3,1,397,1715,0,C:\Users\durgamaniryudh\Desktop\Learn\llm_eval\dataset_spec-to-rtl\test\Prob119_fsm3\Prob119_fsm3_gen_1.sv,tngtech/deepseek-r1t2-chimera:free,stop,,gen-1760227978-i6fQqBtxYPLAtpnWmp4J
Prob119_fsm3,3,397,1887,0,C:\Users\durgamaniryudh\Desktop\Learn\llm_eval\dataset_spec-to-rtl\test\Prob119_fsm3\Prob119_fsm3_gen_3.sv,tngtech/deepseek-r1t2-chimera:free,stop,,gen-1760228043-iMjm8eSZB0Ygg8t4stLL
Prob119_fsm3,4,397,1995,0,C:\Users\durgamaniryudh\Desktop\Learn\llm_eval\dataset_spec-to-rtl\test\Prob119_fsm3\Prob119_fsm3_gen_4.sv,tngtech/deepseek-r1t2-chimera:free,stop,,gen-1760228086-GlYY6pKAxYrBi6M5gKDG
Prob119_fsm3,2,397,776,0,C:\Users\durgamaniryudh\Desktop\Learn\llm_eval\dataset_spec-to-rtl\test\Prob119_fsm3\Prob119_fsm3_gen_2.sv,tngtech/deepseek-r1t2-chimera:free,stop,,gen-1760228024-axY5n0ebGXy9AB7qU9G8
Prob119_fsm3,6,397,1605,0,C:\Users\durgamaniryudh\Desktop\Learn\llm_eval\dataset_spec-to-rtl\test\Prob119_fsm3\Prob119_fsm3_gen_6.sv,tngtech/deepseek-r1t2-chimera:free,stop,,gen-1760228199-vM9IoR3kh9kqY0bRd5L8
Prob119_fsm3,9,397,962,0,C:\Users\durgamaniryudh\Desktop\Learn\llm_eval\dataset_spec-to-rtl\test\Prob119_fsm3\Prob119_fsm3_gen_9.sv,tngtech/deepseek-r1t2-chimera:free,stop,,gen-1760228348-de5c7wH8pDqkqKEzttyU
Prob119_fsm3,8,397,1478,0,C:\Users\durgamaniryudh\Desktop\Learn\llm_eval\dataset_spec-to-rtl\test\Prob119_fsm3\Prob119_fsm3_gen_8.sv,tngtech/deepseek-r1t2-chimera:free,stop,,gen-1760228302-0yDprsvXMtO0iV09HISr
Prob119_fsm3,7,397,2457,0,C:\Users\durgamaniryudh\Desktop\Learn\llm_eval\dataset_spec-to-rtl\test\Prob119_fsm3\Prob119_fsm3_gen_7.sv,tngtech/deepseek-r1t2-chimera:free,stop,,gen-1760228232-PDncmDm3y8oOrs1iiFU8
Prob119_fsm3,5,397,2692,0,C:\Users\durgamaniryudh\Desktop\Learn\llm_eval\dataset_spec-to-rtl\test\Prob119_fsm3\Prob119_fsm3_gen_5.sv,tngtech/deepseek-r1t2-chimera:free,stop,,gen-1760228140-Nm3VHnt43KHQEWtxa9Eo
Prob001_zero,0,258,249,0,C:\Users\durgamaniryudh\Desktop\Learn\llm_eval\dataset_spec-to-rtl\test\Prob001_zero\Prob001_zero_gen_0.sv,tngtech/deepseek-r1t2-chimera:free,stop,,gen-1760228383-fQlytVwv3LhJeq1fVMbm
Prob001_zero,2,258,348,0,C:\Users\durgamaniryudh\Desktop\Learn\llm_eval\dataset_spec-to-rtl\test\Prob001_zero\Prob001_zero_gen_2.sv,tngtech/deepseek-r1t2-chimera:free,stop,,gen-1760228404-v7SVluOrPemTf7bDJ0ou
Prob001_zero,1,258,260,0,C:\Users\durgamaniryudh\Desktop\Learn\llm_eval\dataset_spec-to-rtl\test\Prob001_zero\Prob001_zero_gen_1.sv,tngtech/deepseek-r1t2-chimera:free,stop,,gen-1760228394-6hBEk9Nkgqrmbvfn5tF8
Prob001_zero,4,258,470,0,C:\Users\durgamaniryudh\Desktop\Learn\llm_eval\dataset_spec-to-rtl\test\Prob001_zero\Prob001_zero_gen_4.sv,tngtech/deepseek-r1t2-chimera:free,stop,,gen-1760228424-sZfoN6QX3eQ8541VxpBl
Prob001_zero,3,258,300,0,C:\Users\durgamaniryudh\Desktop\Learn\llm_eval\dataset_spec-to-rtl\test\Prob001_zero\Prob001_zero_gen_3.sv,tngtech/deepseek-r1t2-chimera:free,stop,,gen-1760228413-usmKhjCo9lLo7GyXfO6W
Prob001_zero,7,258,326,0,C:\Users\durgamaniryudh\Desktop\Learn\llm_eval\dataset_spec-to-rtl\test\Prob001_zero\Prob001_zero_gen_7.sv,tngtech/deepseek-r1t2-chimera:free,stop,,gen-1760228457-kkE828HEoBvGXUhyfBrL
Prob001_zero,5,258,420,0,C:\Users\durgamaniryudh\Desktop\Learn\llm_eval\dataset_spec-to-rtl\test\Prob001_zero\Prob001_zero_gen_5.sv,tngtech/deepseek-r1t2-chimera:free,stop,,gen-1760228435-Azm4UDOef5QzKp5F1cwr
Prob001_zero,8,258,297,0,C:\Users\durgamaniryudh\Desktop\Learn\llm_eval\dataset_spec-to-rtl\test\Prob001_zero\Prob001_zero_gen_8.sv,tngtech/deepseek-r1t2-chimera:free,stop,,gen-1760228463-mlDIhjxlDQV1QlZ5khMc
Prob001_zero,6,258,391,0,C:\Users\durgamaniryudh\Desktop\Learn\llm_eval\dataset_spec-to-rtl\test\Prob001_zero\Prob001_zero_gen_6.sv,tngtech/deepseek-r1t2-chimera:free,stop,,gen-1760228445-AACZL2QP0MxfitK5Muth
Prob001_zero,9,258,359,0,C:\Users\durgamaniryudh\Desktop\Learn\llm_eval\dataset_spec-to-rtl\test\Prob001_zero\Prob001_zero_gen_9.sv,tngtech/deepseek-r1t2-chimera:free,stop,,gen-1760228471-lOePpxdCLjRRD3hC23DY
Prob054_edgedetect,3,327,1220,0,C:\Users\durgamaniryudh\Desktop\Learn\llm_eval\dataset_spec-to-rtl\test\Prob054_edgedetect\Prob054_edgedetect_gen_3.sv,tngtech/deepseek-r1t2-chimera:free,stop,,gen-1760228640-lJWADc4ZAhVJzyUSyduM
Prob054_edgedetect,2,327,2230,0,C:\Users\durgamaniryudh\Desktop\Learn\llm_eval\dataset_spec-to-rtl\test\Prob054_edgedetect\Prob054_edgedetect_gen_2.sv,tngtech/deepseek-r1t2-chimera:free,stop,,gen-1760228593-84xalkR7WK6yTqsgJ4n3
Prob054_edgedetect,0,327,1494,0,C:\Users\durgamaniryudh\Desktop\Learn\llm_eval\dataset_spec-to-rtl\test\Prob054_edgedetect\Prob054_edgedetect_gen_0.sv,tngtech/deepseek-r1t2-chimera:free,stop,,gen-1760228479-HE3cCS9RFLacpdeSCicp
Prob054_edgedetect,1,327,4384,0,C:\Users\durgamaniryudh\Desktop\Learn\llm_eval\dataset_spec-to-rtl\test\Prob054_edgedetect\Prob054_edgedetect_gen_1.sv,tngtech/deepseek-r1t2-chimera:free,stop,,gen-1760228515-mHQC5JvcwqrfQruJku4W
Prob054_edgedetect,4,327,2897,0,C:\Users\durgamaniryudh\Desktop\Learn\llm_eval\dataset_spec-to-rtl\test\Prob054_edgedetect\Prob054_edgedetect_gen_4.sv,tngtech/deepseek-r1t2-chimera:free,stop,,gen-1760228669-tZnyTnNFrf6f1KvoKETV
Prob054_edgedetect,5,327,3170,0,C:\Users\durgamaniryudh\Desktop\Learn\llm_eval\dataset_spec-to-rtl\test\Prob054_edgedetect\Prob054_edgedetect_gen_5.sv,tngtech/deepseek-r1t2-chimera:free,stop,,gen-1760228743-L50Q70JTVlNT6rmojYEB
Prob054_edgedetect,7,327,1980,0,C:\Users\durgamaniryudh\Desktop\Learn\llm_eval\dataset_spec-to-rtl\test\Prob054_edgedetect\Prob054_edgedetect_gen_7.sv,tngtech/deepseek-r1t2-chimera:free,stop,,gen-1760228837-3My3OvdxSQsLCXaSkkAG
Prob054_edgedetect,6,327,1327,0,C:\Users\durgamaniryudh\Desktop\Learn\llm_eval\dataset_spec-to-rtl\test\Prob054_edgedetect\Prob054_edgedetect_gen_6.sv,tngtech/deepseek-r1t2-chimera:free,stop,,gen-1760228807-j3ujleEcAH8aNFD7DqCq
Prob054_edgedetect,8,327,2016,0,C:\Users\durgamaniryudh\Desktop\Learn\llm_eval\dataset_spec-to-rtl\test\Prob054_edgedetect\Prob054_edgedetect_gen_8.sv,tngtech/deepseek-r1t2-chimera:free,stop,,gen-1760228875-QaLLYvIcCXfObDO8lGYl
Prob054_edgedetect,9,327,1901,0,C:\Users\durgamaniryudh\Desktop\Learn\llm_eval\dataset_spec-to-rtl\test\Prob054_edgedetect\Prob054_edgedetect_gen_9.sv,tngtech/deepseek-r1t2-chimera:free,stop,,gen-1760228915-snWdwidVFuyWjk0Dydy2
Prob147_circuit10,2,908,9954,0,C:\Users\durgamaniryudh\Desktop\Learn\llm_eval\dataset_spec-to-rtl\test\Prob147_circuit10\Prob147_circuit10_gen_2.sv,tngtech/deepseek-r1t2-chimera:free,stop,,gen-1760229216-ybGnwFKC44SPiaPmIfIq
Prob147_circuit10,3,908,8532,0,C:\Users\durgamaniryudh\Desktop\Learn\llm_eval\dataset_spec-to-rtl\test\Prob147_circuit10\Prob147_circuit10_gen_3.sv,tngtech/deepseek-r1t2-chimera:free,stop,,gen-1760229425-2NhwbsorUbCcKMN9Wzzd
Prob147_circuit10,1,908,8330,0,C:\Users\durgamaniryudh\Desktop\Learn\llm_eval\dataset_spec-to-rtl\test\Prob147_circuit10\Prob147_circuit10_gen_1.sv,tngtech/deepseek-r1t2-chimera:free,stop,,gen-1760229038-XP2JJ4lZpmifgGjTzplH
Prob147_circuit10,0,908,4513,0,C:\Users\durgamaniryudh\Desktop\Learn\llm_eval\dataset_spec-to-rtl\test\Prob147_circuit10\Prob147_circuit10_gen_0.sv,tngtech/deepseek-r1t2-chimera:free,stop,,gen-1760228952-o8IgR7xSjsIVTbGkqHb3
Prob147_circuit10,5,908,3209,0,C:\Users\durgamaniryudh\Desktop\Learn\llm_eval\dataset_spec-to-rtl\test\Prob147_circuit10\Prob147_circuit10_gen_5.sv,tngtech/deepseek-r1t2-chimera:free,stop,,gen-1760229782-aXofDUwRplc6bI8XQRjD
Prob147_circuit10,6,908,5804,0,C:\Users\durgamaniryudh\Desktop\Learn\llm_eval\dataset_spec-to-rtl\test\Prob147_circuit10\Prob147_circuit10_gen_6.sv,tngtech/deepseek-r1t2-chimera:free,stop,,gen-1760229854-E7woYYfpEao69cMz0VZm
Prob147_circuit10,7,908,5505,0,C:\Users\durgamaniryudh\Desktop\Learn\llm_eval\dataset_spec-to-rtl\test\Prob147_circuit10\Prob147_circuit10_gen_7.sv,tngtech/deepseek-r1t2-chimera:free,stop,,gen-1760229975-hCdd5NIUUiROFX30AK3o
Prob147_circuit10,4,908,9327,0,C:\Users\durgamaniryudh\Desktop\Learn\llm_eval\dataset_spec-to-rtl\test\Prob147_circuit10\Prob147_circuit10_gen_4.sv,tngtech/deepseek-r1t2-chimera:free,stop,,gen-1760229592-PsrHTQpk6qOQx5bj2Lp2
Prob147_circuit10,9,908,8874,0,C:\Users\durgamaniryudh\Desktop\Learn\llm_eval\dataset_spec-to-rtl\test\Prob147_circuit10\Prob147_circuit10_gen_9.sv,tngtech/deepseek-r1t2-chimera:free,stop,,gen-1760230277-VaBgzVIsnN3WEMkWAbzM
Prob147_circuit10,8,908,9685,0,C:\Users\durgamaniryudh\Desktop\Learn\llm_eval\dataset_spec-to-rtl\test\Prob147_circuit10\Prob147_circuit10_gen_8.sv,tngtech/deepseek-r1t2-chimera:free,stop,,gen-1760230079-dd1jwMiiNyBquJznE2ga
Prob089_ece241_2014_q5a,0,386,6743,0,C:\Users\durgamaniryudh\Desktop\Learn\llm_eval\dataset_spec-to-rtl\test\Prob089_ece241_2014_q5a\Prob089_ece241_2014_q5a_gen_0.sv,tngtech/deepseek-r1t2-chimera:free,stop,,gen-1760230453-QKXOtOESHUodz2zG9w0w
Prob089_ece241_2014_q5a,1,386,1969,0,C:\Users\durgamaniryudh\Desktop\Learn\llm_eval\dataset_spec-to-rtl\test\Prob089_ece241_2014_q5a\Prob089_ece241_2014_q5a_gen_1.sv,tngtech/deepseek-r1t2-chimera:free,stop,,gen-1760230595-KpgX0ptdO4UcKFjWR3MO
Prob089_ece241_2014_q5a,2,386,2571,0,C:\Users\durgamaniryudh\Desktop\Learn\llm_eval\dataset_spec-to-rtl\test\Prob089_ece241_2014_q5a\Prob089_ece241_2014_q5a_gen_2.sv,tngtech/deepseek-r1t2-chimera:free,stop,,gen-1760230633-iv57aigCNSLpN5Bzzvf0
Prob089_ece241_2014_q5a,6,386,5063,0,C:\Users\durgamaniryudh\Desktop\Learn\llm_eval\dataset_spec-to-rtl\test\Prob089_ece241_2014_q5a\Prob089_ece241_2014_q5a_gen_6.sv,tngtech/deepseek-r1t2-chimera:free,stop,,gen-1760230918-jGR61jfZMp2Pi0GYvax9
Prob089_ece241_2014_q5a,5,386,2641,0,C:\Users\durgamaniryudh\Desktop\Learn\llm_eval\dataset_spec-to-rtl\test\Prob089_ece241_2014_q5a\Prob089_ece241_2014_q5a_gen_5.sv,tngtech/deepseek-r1t2-chimera:free,stop,,gen-1760230854-Znb7YhNmZmjp6wd0bMQg
Prob089_ece241_2014_q5a,3,386,5045,0,C:\Users\durgamaniryudh\Desktop\Learn\llm_eval\dataset_spec-to-rtl\test\Prob089_ece241_2014_q5a\Prob089_ece241_2014_q5a_gen_3.sv,tngtech/deepseek-r1t2-chimera:free,stop,,gen-1760230683-GwIkBLmdygQEAh93DWX2
Prob089_ece241_2014_q5a,7,386,1007,0,C:\Users\durgamaniryudh\Desktop\Learn\llm_eval\dataset_spec-to-rtl\test\Prob089_ece241_2014_q5a\Prob089_ece241_2014_q5a_gen_7.sv,tngtech/deepseek-r1t2-chimera:free,stop,,gen-1760231021-wv3LiGdHX7cDVbq0xmBC
Prob089_ece241_2014_q5a,8,386,5375,0,C:\Users\durgamaniryudh\Desktop\Learn\llm_eval\dataset_spec-to-rtl\test\Prob089_ece241_2014_q5a\Prob089_ece241_2014_q5a_gen_8.sv,tngtech/deepseek-r1t2-chimera:free,stop,,gen-1760231044-4dnDWLhKfhWsf1yiUM6r
Prob089_ece241_2014_q5a,4,386,3047,0,C:\Users\durgamaniryudh\Desktop\Learn\llm_eval\dataset_spec-to-rtl\test\Prob089_ece241_2014_q5a\Prob089_ece241_2014_q5a_gen_4.sv,tngtech/deepseek-r1t2-chimera:free,stop,,gen-1760231293-fxqkV28tHTdlminUA4P0
Prob089_ece241_2014_q5a,9,386,5861,0,C:\Users\durgamaniryudh\Desktop\Learn\llm_eval\dataset_spec-to-rtl\test\Prob089_ece241_2014_q5a\Prob089_ece241_2014_q5a_gen_9.sv,tngtech/deepseek-r1t2-chimera:free,stop,,gen-1760231167-XYV1U18AgLppQBSo9RB8
Prob066_edgecapture,1,350,1173,0,C:\Users\durgamaniryudh\Desktop\Learn\llm_eval\dataset_spec-to-rtl\test\Prob066_edgecapture\Prob066_edgecapture_gen_1.sv,tngtech/deepseek-r1t2-chimera:free,stop,,gen-1760231401-cGuV38retYmcLq7CjqML
Prob066_edgecapture,0,350,1517,0,C:\Users\durgamaniryudh\Desktop\Learn\llm_eval\dataset_spec-to-rtl\test\Prob066_edgecapture\Prob066_edgecapture_gen_0.sv,tngtech/deepseek-r1t2-chimera:free,stop,,gen-1760231366-4PzGDD2gn9LOzB4zEJNC
Prob066_edgecapture,2,350,1327,0,C:\Users\durgamaniryudh\Desktop\Learn\llm_eval\dataset_spec-to-rtl\test\Prob066_edgecapture\Prob066_edgecapture_gen_2.sv,tngtech/deepseek-r1t2-chimera:free,stop,,gen-1760231435-fqjd83GlVogIu5Sm6Lt4
Prob066_edgecapture,3,350,1368,0,C:\Users\durgamaniryudh\Desktop\Learn\llm_eval\dataset_spec-to-rtl\test\Prob066_edgecapture\Prob066_edgecapture_gen_3.sv,tngtech/deepseek-r1t2-chimera:free,stop,,gen-1760231488-e88IGVR666xcRCq1JEKR
Prob066_edgecapture,5,350,1922,0,C:\Users\durgamaniryudh\Desktop\Learn\llm_eval\dataset_spec-to-rtl\test\Prob066_edgecapture\Prob066_edgecapture_gen_5.sv,tngtech/deepseek-r1t2-chimera:free,stop,,gen-1760231560-Klzq0jx4BqqfhtjsYCgG
Prob066_edgecapture,4,350,1612,0,C:\Users\durgamaniryudh\Desktop\Learn\llm_eval\dataset_spec-to-rtl\test\Prob066_edgecapture\Prob066_edgecapture_gen_4.sv,tngtech/deepseek-r1t2-chimera:free,stop,,gen-1760231524-0j1ASut675ab7jdC863D
Prob066_edgecapture,6,350,1797,0,C:\Users\durgamaniryudh\Desktop\Learn\llm_eval\dataset_spec-to-rtl\test\Prob066_edgecapture\Prob066_edgecapture_gen_6.sv,tngtech/deepseek-r1t2-chimera:free,stop,,gen-1760231621-CfDDv1fGcQDe1V5tLiF4
Prob066_edgecapture,7,350,1103,0,C:\Users\durgamaniryudh\Desktop\Learn\llm_eval\dataset_spec-to-rtl\test\Prob066_edgecapture\Prob066_edgecapture_gen_7.sv,tngtech/deepseek-r1t2-chimera:free,stop,,gen-1760231659-95nTaAL5zn4HiJPBEjkU
Prob066_edgecapture,8,350,1119,0,C:\Users\durgamaniryudh\Desktop\Learn\llm_eval\dataset_spec-to-rtl\test\Prob066_edgecapture\Prob066_edgecapture_gen_8.sv,tngtech/deepseek-r1t2-chimera:free,stop,,gen-1760231689-KS9HGVEeBfbqRvt6m7PG
Prob066_edgecapture,9,350,2308,0,C:\Users\durgamaniryudh\Desktop\Learn\llm_eval\dataset_spec-to-rtl\test\Prob066_edgecapture\Prob066_edgecapture_gen_9.sv,tngtech/deepseek-r1t2-chimera:free,stop,,gen-1760231715-g6pAG9ZKcPyDNjugKcXB
Prob124_rule110,0,585,3332,0,C:\Users\durgamaniryudh\Desktop\Learn\llm_eval\dataset_spec-to-rtl\test\Prob124_rule110\Prob124_rule110_gen_0.sv,tngtech/deepseek-r1t2-chimera:free,stop,,gen-1760231765-K2k7zW9z4Sq09WVKjK06
Prob124_rule110,1,585,5057,0,C:\Users\durgamaniryudh\Desktop\Learn\llm_eval\dataset_spec-to-rtl\test\Prob124_rule110\Prob124_rule110_gen_1.sv,tngtech/deepseek-r1t2-chimera:free,stop,,gen-1760231850-laa7t19psyX3Dh4HI5n6
Prob124_rule110,2,585,1774,0,C:\Users\durgamaniryudh\Desktop\Learn\llm_eval\dataset_spec-to-rtl\test\Prob124_rule110\Prob124_rule110_gen_2.sv,tngtech/deepseek-r1t2-chimera:free,stop,,gen-1760231962-Z5nl4fJzARthcjzoYSth
Prob124_rule110,6,585,2922,0,C:\Users\durgamaniryudh\Desktop\Learn\llm_eval\dataset_spec-to-rtl\test\Prob124_rule110\Prob124_rule110_gen_6.sv,tngtech/deepseek-r1t2-chimera:free,stop,,gen-1760232233-tq3SBPER3HFjxKB5pRvB
Prob124_rule110,4,585,3830,0,C:\Users\durgamaniryudh\Desktop\Learn\llm_eval\dataset_spec-to-rtl\test\Prob124_rule110\Prob124_rule110_gen_4.sv,tngtech/deepseek-r1t2-chimera:free,stop,,gen-1760232064-N4u7MjEHzrEYoj0XzeVi
Prob124_rule110,3,585,3078,0,C:\Users\durgamaniryudh\Desktop\Learn\llm_eval\dataset_spec-to-rtl\test\Prob124_rule110\Prob124_rule110_gen_3.sv,tngtech/deepseek-r1t2-chimera:free,stop,,gen-1760231995-opHZQ9o81Pw65z5s7FBi
Prob124_rule110,8,585,2822,0,C:\Users\durgamaniryudh\Desktop\Learn\llm_eval\dataset_spec-to-rtl\test\Prob124_rule110\Prob124_rule110_gen_8.sv,tngtech/deepseek-r1t2-chimera:free,stop,,gen-1760232369-GcbqA8Q8IpRKA4B1rfJL
Prob124_rule110,5,585,3543,0,C:\Users\durgamaniryudh\Desktop\Learn\llm_eval\dataset_spec-to-rtl\test\Prob124_rule110\Prob124_rule110_gen_5.sv,tngtech/deepseek-r1t2-chimera:free,stop,,gen-1760232163-scKXzZH0ZFq4QfWux1pm
Prob124_rule110,7,585,3261,0,C:\Users\durgamaniryudh\Desktop\Learn\llm_eval\dataset_spec-to-rtl\test\Prob124_rule110\Prob124_rule110_gen_7.sv,tngtech/deepseek-r1t2-chimera:free,stop,,gen-1760232295-EgCVyeGU4VxkLjbgyxlw
Prob124_rule110,9,585,3340,0,C:\Users\durgamaniryudh\Desktop\Learn\llm_eval\dataset_spec-to-rtl\test\Prob124_rule110\Prob124_rule110_gen_9.sv,tngtech/deepseek-r1t2-chimera:free,stop,,gen-1760232486-zSjuG4LBdHWKUUSWIvYS
Prob004_vector2,0,276,681,0,C:\Users\durgamaniryudh\Desktop\Learn\llm_eval\dataset_spec-to-rtl\test\Prob004_vector2\Prob004_vector2_gen_0.sv,tngtech/deepseek-r1t2-chimera:free,stop,,gen-1760232562-vK6N9KoA8ik17YTXMffN
Prob004_vector2,2,276,866,0,C:\Users\durgamaniryudh\Desktop\Learn\llm_eval\dataset_spec-to-rtl\test\Prob004_vector2\Prob004_vector2_gen_2.sv,tngtech/deepseek-r1t2-chimera:free,stop,,gen-1760232593-KyzYg7lz9MXbQgdW7h7N
Prob004_vector2,1,276,603,0,C:\Users\durgamaniryudh\Desktop\Learn\llm_eval\dataset_spec-to-rtl\test\Prob004_vector2\Prob004_vector2_gen_1.sv,tngtech/deepseek-r1t2-chimera:free,stop,,gen-1760232578-bhesiEFHmpeGPT8QxuQ4
Prob004_vector2,4,276,505,0,C:\Users\durgamaniryudh\Desktop\Learn\llm_eval\dataset_spec-to-rtl\test\Prob004_vector2\Prob004_vector2_gen_4.sv,tngtech/deepseek-r1t2-chimera:free,stop,,gen-1760232633-G8yNqi28U2OU9sE6ogKx
Prob004_vector2,6,276,680,0,C:\Users\durgamaniryudh\Desktop\Learn\llm_eval\dataset_spec-to-rtl\test\Prob004_vector2\Prob004_vector2_gen_6.sv,tngtech/deepseek-r1t2-chimera:free,stop,,gen-1760232668-9lESpNi5SReJBCK21L0G
Prob004_vector2,7,276,1622,0,C:\Users\durgamaniryudh\Desktop\Learn\llm_eval\dataset_spec-to-rtl\test\Prob004_vector2\Prob004_vector2_gen_7.sv,tngtech/deepseek-r1t2-chimera:free,stop,,gen-1760232690-CrwAODqCORmeT84bO8An
Prob004_vector2,5,276,760,0,C:\Users\durgamaniryudh\Desktop\Learn\llm_eval\dataset_spec-to-rtl\test\Prob004_vector2\Prob004_vector2_gen_5.sv,tngtech/deepseek-r1t2-chimera:free,stop,,gen-1760232649-Fgpj8lqrPkMj5xHnI5eZ
Prob004_vector2,3,276,860,0,C:\Users\durgamaniryudh\Desktop\Learn\llm_eval\dataset_spec-to-rtl\test\Prob004_vector2\Prob004_vector2_gen_3.sv,tngtech/deepseek-r1t2-chimera:free,stop,,gen-1760232612-hK5XiKSiuA2sQkqIV8Ua
Prob004_vector2,8,276,453,0,C:\Users\durgamaniryudh\Desktop\Learn\llm_eval\dataset_spec-to-rtl\test\Prob004_vector2\Prob004_vector2_gen_8.sv,tngtech/deepseek-r1t2-chimera:free,stop,,gen-1760232725-tyUDTnDTKLmmuvae7y1m
Prob004_vector2,9,276,774,0,C:\Users\durgamaniryudh\Desktop\Learn\llm_eval\dataset_spec-to-rtl\test\Prob004_vector2\Prob004_vector2_gen_9.sv,tngtech/deepseek-r1t2-chimera:free,stop,,gen-1760232735-fFG7rIaTYoe2yk6VcGAo
Prob044_vectorgates,0,363,1039,0,C:\Users\durgamaniryudh\Desktop\Learn\llm_eval\dataset_spec-to-rtl\test\Prob044_vectorgates\Prob044_vectorgates_gen_0.sv,tngtech/deepseek-r1t2-chimera:free,stop,,gen-1760232764-rq3wTFpJldXH1Z0eJt6T
Prob044_vectorgates,1,363,658,0,C:\Users\durgamaniryudh\Desktop\Learn\llm_eval\dataset_spec-to-rtl\test\Prob044_vectorgates\Prob044_vectorgates_gen_1.sv,tngtech/deepseek-r1t2-chimera:free,stop,,gen-1760232788-wbl6p2RXuQhIcbnyDePG
Prob044_vectorgates,2,363,857,0,C:\Users\durgamaniryudh\Desktop\Learn\llm_eval\dataset_spec-to-rtl\test\Prob044_vectorgates\Prob044_vectorgates_gen_2.sv,tngtech/deepseek-r1t2-chimera:free,stop,,gen-1760232805-S4M054rkgWybppqF1r1e
Prob044_vectorgates,3,363,1294,0,C:\Users\durgamaniryudh\Desktop\Learn\llm_eval\dataset_spec-to-rtl\test\Prob044_vectorgates\Prob044_vectorgates_gen_3.sv,tngtech/deepseek-r1t2-chimera:free,stop,,gen-1760232825-viGAFLtjXwGjyIZMeI6q
Prob044_vectorgates,5,363,1999,0,C:\Users\durgamaniryudh\Desktop\Learn\llm_eval\dataset_spec-to-rtl\test\Prob044_vectorgates\Prob044_vectorgates_gen_5.sv,tngtech/deepseek-r1t2-chimera:free,stop,,gen-1760232887-LaYJsW6yDG0xJsw7rAkX
Prob044_vectorgates,4,363,1495,0,C:\Users\durgamaniryudh\Desktop\Learn\llm_eval\dataset_spec-to-rtl\test\Prob044_vectorgates\Prob044_vectorgates_gen_4.sv,tngtech/deepseek-r1t2-chimera:free,stop,,gen-1760232853-nlsKG7A5gk8fA2K1xFpH
Prob044_vectorgates,6,363,1183,0,C:\Users\durgamaniryudh\Desktop\Learn\llm_eval\dataset_spec-to-rtl\test\Prob044_vectorgates\Prob044_vectorgates_gen_6.sv,tngtech/deepseek-r1t2-chimera:free,stop,,gen-1760232938-qf1tbL8BltVjEB6jis8d
Prob044_vectorgates,7,363,714,0,C:\Users\durgamaniryudh\Desktop\Learn\llm_eval\dataset_spec-to-rtl\test\Prob044_vectorgates\Prob044_vectorgates_gen_7.sv,tngtech/deepseek-r1t2-chimera:free,stop,,gen-1760232969-GVzSjP8492YX8dPaa8KK
Prob044_vectorgates,9,363,488,0,C:\Users\durgamaniryudh\Desktop\Learn\llm_eval\dataset_spec-to-rtl\test\Prob044_vectorgates\Prob044_vectorgates_gen_9.sv,tngtech/deepseek-r1t2-chimera:free,stop,,gen-1760233003-9bjpTib5XSiAyLKyGTva
Prob044_vectorgates,8,363,907,0,C:\Users\durgamaniryudh\Desktop\Learn\llm_eval\dataset_spec-to-rtl\test\Prob044_vectorgates\Prob044_vectorgates_gen_8.sv,tngtech/deepseek-r1t2-chimera:free,stop,,gen-1760232984-pPWY1af1EKdqEhNjdned
Prob059_wire4,1,308,1639,0,C:\Users\durgamaniryudh\Desktop\Learn\llm_eval\dataset_spec-to-rtl\test\Prob059_wire4\Prob059_wire4_gen_1.sv,tngtech/deepseek-r1t2-chimera:free,stop,,gen-1760233037-FY503sYaJKmgBBmu3NpY
Prob059_wire4,0,308,380,0,C:\Users\durgamaniryudh\Desktop\Learn\llm_eval\dataset_spec-to-rtl\test\Prob059_wire4\Prob059_wire4_gen_0.sv,tngtech/deepseek-r1t2-chimera:free,stop,,gen-1760233021-IkL2PttqCwe2Ay5WMk6J
Prob059_wire4,2,308,476,0,C:\Users\durgamaniryudh\Desktop\Learn\llm_eval\dataset_spec-to-rtl\test\Prob059_wire4\Prob059_wire4_gen_2.sv,tngtech/deepseek-r1t2-chimera:free,stop,,gen-1760233073-R7DjErJcTiGWu2jcNQ27
Prob059_wire4,5,308,625,0,C:\Users\durgamaniryudh\Desktop\Learn\llm_eval\dataset_spec-to-rtl\test\Prob059_wire4\Prob059_wire4_gen_5.sv,tngtech/deepseek-r1t2-chimera:free,stop,,gen-1760233118-x5snHnpLLldiIFpq4oSZ
Prob059_wire4,3,308,706,0,C:\Users\durgamaniryudh\Desktop\Learn\llm_eval\dataset_spec-to-rtl\test\Prob059_wire4\Prob059_wire4_gen_3.sv,tngtech/deepseek-r1t2-chimera:free,stop,,gen-1760233085-gBaYl6yXIA3tL10iJy6j
Prob059_wire4,4,308,630,0,C:\Users\durgamaniryudh\Desktop\Learn\llm_eval\dataset_spec-to-rtl\test\Prob059_wire4\Prob059_wire4_gen_4.sv,tngtech/deepseek-r1t2-chimera:free,stop,,gen-1760233102-VmHrfsth8ZBjeeRagFv4
Prob059_wire4,7,308,781,0,C:\Users\durgamaniryudh\Desktop\Learn\llm_eval\dataset_spec-to-rtl\test\Prob059_wire4\Prob059_wire4_gen_7.sv,tngtech/deepseek-r1t2-chimera:free,stop,,gen-1760233144-WMR6Buz1AetKiDN6akha
Prob059_wire4,6,308,477,0,C:\Users\durgamaniryudh\Desktop\Learn\llm_eval\dataset_spec-to-rtl\test\Prob059_wire4\Prob059_wire4_gen_6.sv,tngtech/deepseek-r1t2-chimera:free,stop,,gen-1760233133-sG4moyEYN2aSVUBGmU9Z
Prob059_wire4,8,308,449,0,C:\Users\durgamaniryudh\Desktop\Learn\llm_eval\dataset_spec-to-rtl\test\Prob059_wire4\Prob059_wire4_gen_8.sv,tngtech/deepseek-r1t2-chimera:free,stop,,gen-1760233164-aYR9UWnk1iH2ZOvOh4sz
Prob059_wire4,9,308,739,0,C:\Users\durgamaniryudh\Desktop\Learn\llm_eval\dataset_spec-to-rtl\test\Prob059_wire4\Prob059_wire4_gen_9.sv,tngtech/deepseek-r1t2-chimera:free,stop,,gen-1760233182-8DXjzXyT7qcseJJe8qSb
Prob007_wire,1,263,246,0,C:\Users\durgamaniryudh\Desktop\Learn\llm_eval\dataset_spec-to-rtl\test\Prob007_wire\Prob007_wire_gen_1.sv,tngtech/deepseek-r1t2-chimera:free,stop,,gen-1760233210-wmxhdKJ94KXrEap5fWu6
Prob007_wire,0,263,370,0,C:\Users\durgamaniryudh\Desktop\Learn\llm_eval\dataset_spec-to-rtl\test\Prob007_wire\Prob007_wire_gen_0.sv,tngtech/deepseek-r1t2-chimera:free,stop,,gen-1760233200-3OiigxCXTCV8cjfaO3vW
Prob007_wire,2,263,501,0,C:\Users\durgamaniryudh\Desktop\Learn\llm_eval\dataset_spec-to-rtl\test\Prob007_wire\Prob007_wire_gen_2.sv,tngtech/deepseek-r1t2-chimera:free,stop,,gen-1760233217-6JgesLVXkwAeLHc0T0ox
Prob007_wire,5,263,337,0,C:\Users\durgamaniryudh\Desktop\Learn\llm_eval\dataset_spec-to-rtl\test\Prob007_wire\Prob007_wire_gen_5.sv,tngtech/deepseek-r1t2-chimera:free,stop,,gen-1760233250-S38qJDlzd12sT4fbrOYT
Prob007_wire,6,263,305,0,C:\Users\durgamaniryudh\Desktop\Learn\llm_eval\dataset_spec-to-rtl\test\Prob007_wire\Prob007_wire_gen_6.sv,tngtech/deepseek-r1t2-chimera:free,stop,,gen-1760233258-wqMk35vGm2feB7YG2OGf
Prob007_wire,4,263,329,0,C:\Users\durgamaniryudh\Desktop\Learn\llm_eval\dataset_spec-to-rtl\test\Prob007_wire\Prob007_wire_gen_4.sv,tngtech/deepseek-r1t2-chimera:free,stop,,gen-1760233240-j6cC78CefhrN1W4gneTT
Prob007_wire,7,263,387,0,C:\Users\durgamaniryudh\Desktop\Learn\llm_eval\dataset_spec-to-rtl\test\Prob007_wire\Prob007_wire_gen_7.sv,tngtech/deepseek-r1t2-chimera:free,stop,,gen-1760233267-EyvPy4QHqNKKGTFwl1VW
Prob007_wire,3,263,408,0,C:\Users\durgamaniryudh\Desktop\Learn\llm_eval\dataset_spec-to-rtl\test\Prob007_wire\Prob007_wire_gen_3.sv,tngtech/deepseek-r1t2-chimera:free,stop,,gen-1760233229-ClZ1dl7nJKuX0Dd8tYoq
Prob007_wire,9,263,238,0,C:\Users\durgamaniryudh\Desktop\Learn\llm_eval\dataset_spec-to-rtl\test\Prob007_wire\Prob007_wire_gen_9.sv,tngtech/deepseek-r1t2-chimera:free,stop,,gen-1760233285-quwycKtiwlFvAFbEsoDV
Prob007_wire,8,263,322,0,C:\Users\durgamaniryudh\Desktop\Learn\llm_eval\dataset_spec-to-rtl\test\Prob007_wire\Prob007_wire_gen_8.sv,tngtech/deepseek-r1t2-chimera:free,stop,,gen-1760233277-ZJTk9QeDojzZlwrqq6RD
Prob083_mt2015_q4b,0,470,527,0,C:\Users\durgamaniryudh\Desktop\Learn\llm_eval\dataset_spec-to-rtl\test\Prob083_mt2015_q4b\Prob083_mt2015_q4b_gen_0.sv,tngtech/deepseek-r1t2-chimera:free,stop,,gen-1760233292-tznnN5nupgcDkR6b7zcI
Prob083_mt2015_q4b,1,470,770,0,C:\Users\durgamaniryudh\Desktop\Learn\llm_eval\dataset_spec-to-rtl\test\Prob083_mt2015_q4b\Prob083_mt2015_q4b_gen_1.sv,tngtech/deepseek-r1t2-chimera:free,stop,,gen-1760233305-bsmST0ludWkySNddzHqm
Prob083_mt2015_q4b,3,470,752,0,C:\Users\durgamaniryudh\Desktop\Learn\llm_eval\dataset_spec-to-rtl\test\Prob083_mt2015_q4b\Prob083_mt2015_q4b_gen_3.sv,tngtech/deepseek-r1t2-chimera:free,stop,,gen-1760233337-pnitxuaule9lcdLH3ss4
Prob083_mt2015_q4b,2,470,534,0,C:\Users\durgamaniryudh\Desktop\Learn\llm_eval\dataset_spec-to-rtl\test\Prob083_mt2015_q4b\Prob083_mt2015_q4b_gen_2.sv,tngtech/deepseek-r1t2-chimera:free,stop,,gen-1760233324-6QpxD6HNf1uyy35wtHlD
Prob083_mt2015_q4b,4,470,713,0,C:\Users\durgamaniryudh\Desktop\Learn\llm_eval\dataset_spec-to-rtl\test\Prob083_mt2015_q4b\Prob083_mt2015_q4b_gen_4.sv,tngtech/deepseek-r1t2-chimera:free,stop,,gen-1760233354-lZjWUm0ekbUlBHWkdNAi
Prob083_mt2015_q4b,6,470,597,0,C:\Users\durgamaniryudh\Desktop\Learn\llm_eval\dataset_spec-to-rtl\test\Prob083_mt2015_q4b\Prob083_mt2015_q4b_gen_6.sv,tngtech/deepseek-r1t2-chimera:free,stop,,gen-1760233382-ocydWsVDVeUAPE8uRKLy
Prob083_mt2015_q4b,8,470,556,0,C:\Users\durgamaniryudh\Desktop\Learn\llm_eval\dataset_spec-to-rtl\test\Prob083_mt2015_q4b\Prob083_mt2015_q4b_gen_8.sv,tngtech/deepseek-r1t2-chimera:free,stop,,gen-1760233414-alnyCFLb0V7yXiZUqZBo
Prob083_mt2015_q4b,9,470,615,0,C:\Users\durgamaniryudh\Desktop\Learn\llm_eval\dataset_spec-to-rtl\test\Prob083_mt2015_q4b\Prob083_mt2015_q4b_gen_9.sv,tngtech/deepseek-r1t2-chimera:free,stop,,gen-1760233428-zQ1AbISfTotOlcuREk9O
Prob083_mt2015_q4b,7,470,676,0,C:\Users\durgamaniryudh\Desktop\Learn\llm_eval\dataset_spec-to-rtl\test\Prob083_mt2015_q4b\Prob083_mt2015_q4b_gen_7.sv,tngtech/deepseek-r1t2-chimera:free,stop,,gen-1760233399-NIbOv2myLHBw71sDW4he
Prob083_mt2015_q4b,5,470,552,0,C:\Users\durgamaniryudh\Desktop\Learn\llm_eval\dataset_spec-to-rtl\test\Prob083_mt2015_q4b\Prob083_mt2015_q4b_gen_5.sv,tngtech/deepseek-r1t2-chimera:free,stop,,gen-1760233371-0RR2KEeEmmxmc4esiOR1
Prob088_ece241_2014_q5b,0,383,3099,0,C:\Users\durgamaniryudh\Desktop\Learn\llm_eval\dataset_spec-to-rtl\test\Prob088_ece241_2014_q5b\Prob088_ece241_2014_q5b_gen_0.sv,tngtech/deepseek-r1t2-chimera:free,stop,,gen-1760233444-Oy3Yz28OPFA7eNkKUSHa
Prob088_ece241_2014_q5b,2,383,2932,0,C:\Users\durgamaniryudh\Desktop\Learn\llm_eval\dataset_spec-to-rtl\test\Prob088_ece241_2014_q5b\Prob088_ece241_2014_q5b_gen_2.sv,tngtech/deepseek-r1t2-chimera:free,stop,,gen-1760233565-Ew7ZPrqNxBMk0J4032Hw
Prob088_ece241_2014_q5b,3,383,1988,0,C:\Users\durgamaniryudh\Desktop\Learn\llm_eval\dataset_spec-to-rtl\test\Prob088_ece241_2014_q5b\Prob088_ece241_2014_q5b_gen_3.sv,tngtech/deepseek-r1t2-chimera:free,stop,,gen-1760233635-sJnzePFsXMKynGsZuflU
Prob088_ece241_2014_q5b,5,383,2807,0,C:\Users\durgamaniryudh\Desktop\Learn\llm_eval\dataset_spec-to-rtl\test\Prob088_ece241_2014_q5b\Prob088_ece241_2014_q5b_gen_5.sv,tngtech/deepseek-r1t2-chimera:free,stop,,gen-1760233751-c8JdaBnoGiCM2A0wlMcB
Prob088_ece241_2014_q5b,4,383,2713,0,C:\Users\durgamaniryudh\Desktop\Learn\llm_eval\dataset_spec-to-rtl\test\Prob088_ece241_2014_q5b\Prob088_ece241_2014_q5b_gen_4.sv,tngtech/deepseek-r1t2-chimera:free,stop,,gen-1760233687-PMxAqTGltLnmqpdn7cph
Prob088_ece241_2014_q5b,1,383,2257,0,C:\Users\durgamaniryudh\Desktop\Learn\llm_eval\dataset_spec-to-rtl\test\Prob088_ece241_2014_q5b\Prob088_ece241_2014_q5b_gen_1.sv,tngtech/deepseek-r1t2-chimera:free,stop,,gen-1760233518-VjQCxdGk9v8ogVTxvlio
Prob088_ece241_2014_q5b,6,383,2131,0,C:\Users\durgamaniryudh\Desktop\Learn\llm_eval\dataset_spec-to-rtl\test\Prob088_ece241_2014_q5b\Prob088_ece241_2014_q5b_gen_6.sv,tngtech/deepseek-r1t2-chimera:free,stop,,gen-1760233810-aH60xMMr3tguSreNiIFy
Prob088_ece241_2014_q5b,7,383,1876,0,C:\Users\durgamaniryudh\Desktop\Learn\llm_eval\dataset_spec-to-rtl\test\Prob088_ece241_2014_q5b\Prob088_ece241_2014_q5b_gen_7.sv,tngtech/deepseek-r1t2-chimera:free,stop,,gen-1760233866-g2xXidtCY1jqAyaXi33O
Prob088_ece241_2014_q5b,9,383,614,0,C:\Users\durgamaniryudh\Desktop\Learn\llm_eval\dataset_spec-to-rtl\test\Prob088_ece241_2014_q5b\Prob088_ece241_2014_q5b_gen_9.sv,tngtech/deepseek-r1t2-chimera:free,stop,,gen-1760233926-5LzqK3H3ciw4d4eMsT6f
Prob088_ece241_2014_q5b,8,383,770,0,C:\Users\durgamaniryudh\Desktop\Learn\llm_eval\dataset_spec-to-rtl\test\Prob088_ece241_2014_q5b\Prob088_ece241_2014_q5b_gen_8.sv,tngtech/deepseek-r1t2-chimera:free,stop,,gen-1760233909-crDnA1fgTmFpn4LZR9e2
Prob049_m2014_q4b,2,288,1207,0,C:\Users\durgamaniryudh\Desktop\Learn\llm_eval\dataset_spec-to-rtl\test\Prob049_m2014_q4b\Prob049_m2014_q4b_gen_2.sv,tngtech/deepseek-r1t2-chimera:free,stop,,gen-1760233967-CHVSMbRMlFAfb1wZ88Ed
Prob049_m2014_q4b,1,288,665,0,C:\Users\durgamaniryudh\Desktop\Learn\llm_eval\dataset_spec-to-rtl\test\Prob049_m2014_q4b\Prob049_m2014_q4b_gen_1.sv,tngtech/deepseek-r1t2-chimera:free,stop,,gen-1760233952-bCUqUudQvlJhhGUML6Z9
Prob049_m2014_q4b,0,288,527,0,C:\Users\durgamaniryudh\Desktop\Learn\llm_eval\dataset_spec-to-rtl\test\Prob049_m2014_q4b\Prob049_m2014_q4b_gen_0.sv,tngtech/deepseek-r1t2-chimera:free,stop,,gen-1760233941-rZaBhHaxjX2h5ryxUglU
Prob049_m2014_q4b,4,288,1433,0,C:\Users\durgamaniryudh\Desktop\Learn\llm_eval\dataset_spec-to-rtl\test\Prob049_m2014_q4b\Prob049_m2014_q4b_gen_4.sv,tngtech/deepseek-r1t2-chimera:free,stop,,gen-1760234016-0V3ZV0rlOwkdAyUISFSd
Prob049_m2014_q4b,3,288,747,0,C:\Users\durgamaniryudh\Desktop\Learn\llm_eval\dataset_spec-to-rtl\test\Prob049_m2014_q4b\Prob049_m2014_q4b_gen_3.sv,tngtech/deepseek-r1t2-chimera:free,stop,,gen-1760233996-rkCYlvmMwdFwUqpG4oR2
Prob049_m2014_q4b,5,288,806,0,C:\Users\durgamaniryudh\Desktop\Learn\llm_eval\dataset_spec-to-rtl\test\Prob049_m2014_q4b\Prob049_m2014_q4b_gen_5.sv,tngtech/deepseek-r1t2-chimera:free,stop,,gen-1760234048-xEEjZoxUZHLLembPEdVG
Prob049_m2014_q4b,6,288,789,0,C:\Users\durgamaniryudh\Desktop\Learn\llm_eval\dataset_spec-to-rtl\test\Prob049_m2014_q4b\Prob049_m2014_q4b_gen_6.sv,tngtech/deepseek-r1t2-chimera:free,stop,,gen-1760234069-rm7cVBvSfU2iGC4kkPXh
Prob049_m2014_q4b,9,288,1745,0,C:\Users\durgamaniryudh\Desktop\Learn\llm_eval\dataset_spec-to-rtl\test\Prob049_m2014_q4b\Prob049_m2014_q4b_gen_9.sv,tngtech/deepseek-r1t2-chimera:free,stop,,gen-1760234147-AG7jegjFhgvefE2cBHw1
Prob049_m2014_q4b,8,288,1635,0,C:\Users\durgamaniryudh\Desktop\Learn\llm_eval\dataset_spec-to-rtl\test\Prob049_m2014_q4b\Prob049_m2014_q4b_gen_8.sv,tngtech/deepseek-r1t2-chimera:free,stop,,gen-1760234110-tkNYIZD51cZt5b6cqNjv
Prob049_m2014_q4b,7,288,908,0,C:\Users\durgamaniryudh\Desktop\Learn\llm_eval\dataset_spec-to-rtl\test\Prob049_m2014_q4b\Prob049_m2014_q4b_gen_7.sv,tngtech/deepseek-r1t2-chimera:free,stop,,gen-1760234087-RG3pFUwc53sT0z8XfbNO
Prob020_mt2015_eq2,0,318,387,0,C:\Users\durgamaniryudh\Desktop\Learn\llm_eval\dataset_spec-to-rtl\test\Prob020_mt2015_eq2\Prob020_mt2015_eq2_gen_0.sv,tngtech/deepseek-r1t2-chimera:free,stop,,gen-1760234192-fw9VXLRE49ZBwjZAEc1X
Prob020_mt2015_eq2,1,318,597,0,C:\Users\durgamaniryudh\Desktop\Learn\llm_eval\dataset_spec-to-rtl\test\Prob020_mt2015_eq2\Prob020_mt2015_eq2_gen_1.sv,tngtech/deepseek-r1t2-chimera:free,stop,,gen-1760234202-OYPySUXdYUBeufZEGRL0
Prob020_mt2015_eq2,2,318,468,0,C:\Users\durgamaniryudh\Desktop\Learn\llm_eval\dataset_spec-to-rtl\test\Prob020_mt2015_eq2\Prob020_mt2015_eq2_gen_2.sv,tngtech/deepseek-r1t2-chimera:free,stop,,gen-1760234219-z2wUMSu2lfQ5lp80X9kT
Prob020_mt2015_eq2,4,318,457,0,C:\Users\durgamaniryudh\Desktop\Learn\llm_eval\dataset_spec-to-rtl\test\Prob020_mt2015_eq2\Prob020_mt2015_eq2_gen_4.sv,tngtech/deepseek-r1t2-chimera:free,stop,,gen-1760234256-AqHUf0lngQiOU9nzG5nO
Prob020_mt2015_eq2,3,318,890,0,C:\Users\durgamaniryudh\Desktop\Learn\llm_eval\dataset_spec-to-rtl\test\Prob020_mt2015_eq2\Prob020_mt2015_eq2_gen_3.sv,tngtech/deepseek-r1t2-chimera:free,stop,,gen-1760234231-KyJ15QkhSWlDqKp5djG6
Prob020_mt2015_eq2,5,318,444,0,C:\Users\durgamaniryudh\Desktop\Learn\llm_eval\dataset_spec-to-rtl\test\Prob020_mt2015_eq2\Prob020_mt2015_eq2_gen_5.sv,tngtech/deepseek-r1t2-chimera:free,stop,,gen-1760234266-EkwRrJ7DMA5nNtNmWdQ2
Prob020_mt2015_eq2,6,318,361,0,C:\Users\durgamaniryudh\Desktop\Learn\llm_eval\dataset_spec-to-rtl\test\Prob020_mt2015_eq2\Prob020_mt2015_eq2_gen_6.sv,tngtech/deepseek-r1t2-chimera:free,stop,,gen-1760234276-wY9DyrWcKSutRMkaqaWb
Prob020_mt2015_eq2,8,318,465,0,C:\Users\durgamaniryudh\Desktop\Learn\llm_eval\dataset_spec-to-rtl\test\Prob020_mt2015_eq2\Prob020_mt2015_eq2_gen_8.sv,tngtech/deepseek-r1t2-chimera:free,stop,,gen-1760234294-W9W11sVgjsByxrbw22yG
Prob020_mt2015_eq2,7,318,306,0,C:\Users\durgamaniryudh\Desktop\Learn\llm_eval\dataset_spec-to-rtl\test\Prob020_mt2015_eq2\Prob020_mt2015_eq2_gen_7.sv,tngtech/deepseek-r1t2-chimera:free,stop,,gen-1760234285-sfKgspgYPItuLegZLRhK
Prob020_mt2015_eq2,9,318,290,0,C:\Users\durgamaniryudh\Desktop\Learn\llm_eval\dataset_spec-to-rtl\test\Prob020_mt2015_eq2\Prob020_mt2015_eq2_gen_9.sv,tngtech/deepseek-r1t2-chimera:free,stop,,gen-1760234305-TgYl4qYEhpehVsqv2evB
Prob053_m2014_q4d,0,327,647,0,C:\Users\durgamaniryudh\Desktop\Learn\llm_eval\dataset_spec-to-rtl\test\Prob053_m2014_q4d\Prob053_m2014_q4d_gen_0.sv,tngtech/deepseek-r1t2-chimera:free,stop,,gen-1760234315-JLjzM6EoQa3OUgXyE8RT
Prob053_m2014_q4d,3,327,846,0,C:\Users\durgamaniryudh\Desktop\Learn\llm_eval\dataset_spec-to-rtl\test\Prob053_m2014_q4d\Prob053_m2014_q4d_gen_3.sv,tngtech/deepseek-r1t2-chimera:free,stop,,gen-1760234390-JWo4YSkn2b8Cb9IIfOjJ
Prob053_m2014_q4d,2,327,944,0,C:\Users\durgamaniryudh\Desktop\Learn\llm_eval\dataset_spec-to-rtl\test\Prob053_m2014_q4d\Prob053_m2014_q4d_gen_2.sv,tngtech/deepseek-r1t2-chimera:free,stop,,gen-1760234368-2qrmkRWfzJ4rKKCWjVT5
Prob053_m2014_q4d,1,327,1350,0,C:\Users\durgamaniryudh\Desktop\Learn\llm_eval\dataset_spec-to-rtl\test\Prob053_m2014_q4d\Prob053_m2014_q4d_gen_1.sv,tngtech/deepseek-r1t2-chimera:free,stop,,gen-1760234334-RHyy2uzWIOT04A9lkSAo
Prob053_m2014_q4d,6,327,936,0,C:\Users\durgamaniryudh\Desktop\Learn\llm_eval\dataset_spec-to-rtl\test\Prob053_m2014_q4d\Prob053_m2014_q4d_gen_6.sv,tngtech/deepseek-r1t2-chimera:free,stop,,gen-1760234454-1fKr8FAh1pAvPc8432bC
Prob053_m2014_q4d,7,327,613,0,C:\Users\durgamaniryudh\Desktop\Learn\llm_eval\dataset_spec-to-rtl\test\Prob053_m2014_q4d\Prob053_m2014_q4d_gen_7.sv,tngtech/deepseek-r1t2-chimera:free,stop,,gen-1760234478-DRCkcSxe3wxz2Vl5g4wQ
Prob053_m2014_q4d,4,327,1065,0,C:\Users\durgamaniryudh\Desktop\Learn\llm_eval\dataset_spec-to-rtl\test\Prob053_m2014_q4d\Prob053_m2014_q4d_gen_4.sv,tngtech/deepseek-r1t2-chimera:free,stop,,gen-1760234408-Ngyjg72savfUvfH1sI2F
Prob053_m2014_q4d,8,327,608,0,C:\Users\durgamaniryudh\Desktop\Learn\llm_eval\dataset_spec-to-rtl\test\Prob053_m2014_q4d\Prob053_m2014_q4d_gen_8.sv,tngtech/deepseek-r1t2-chimera:free,stop,,gen-1760234496-Nes2Tu1BUYmD9xLvkhlh
Prob053_m2014_q4d,9,327,620,0,C:\Users\durgamaniryudh\Desktop\Learn\llm_eval\dataset_spec-to-rtl\test\Prob053_m2014_q4d\Prob053_m2014_q4d_gen_9.sv,tngtech/deepseek-r1t2-chimera:free,stop,,gen-1760234512-ABWpQc1qFKQld8b12pb4
Prob053_m2014_q4d,5,327,913,0,C:\Users\durgamaniryudh\Desktop\Learn\llm_eval\dataset_spec-to-rtl\test\Prob053_m2014_q4d\Prob053_m2014_q4d_gen_5.sv,tngtech/deepseek-r1t2-chimera:free,stop,,gen-1760234432-FHmthF2xTiRvtBJK3oBE
Prob038_count15,0,326,606,0,C:\Users\durgamaniryudh\Desktop\Learn\llm_eval\dataset_spec-to-rtl\test\Prob038_count15\Prob038_count15_gen_0.sv,tngtech/deepseek-r1t2-chimera:free,stop,,gen-1760234525-3Ovuu2wtwnxVVHVMiwkr
Prob038_count15,1,326,934,0,C:\Users\durgamaniryudh\Desktop\Learn\llm_eval\dataset_spec-to-rtl\test\Prob038_count15\Prob038_count15_gen_1.sv,tngtech/deepseek-r1t2-chimera:free,stop,,gen-1760234538-XbSg6GjSoHe7vNqA7fWa
Prob038_count15,2,326,1129,0,C:\Users\durgamaniryudh\Desktop\Learn\llm_eval\dataset_spec-to-rtl\test\Prob038_count15\Prob038_count15_gen_2.sv,tngtech/deepseek-r1t2-chimera:free,stop,,gen-1760234557-VDfuiFdDNqz9GARuJYka
Prob038_count15,6,326,794,0,C:\Users\durgamaniryudh\Desktop\Learn\llm_eval\dataset_spec-to-rtl\test\Prob038_count15\Prob038_count15_gen_6.sv,tngtech/deepseek-r1t2-chimera:free,stop,,gen-1760234637-tm2aYwakpcb2GT2fL4Nq
Prob038_count15,5,326,828,0,C:\Users\durgamaniryudh\Desktop\Learn\llm_eval\dataset_spec-to-rtl\test\Prob038_count15\Prob038_count15_gen_5.sv,tngtech/deepseek-r1t2-chimera:free,stop,,gen-1760234616-H2HQqsJtpbQOLs3bPhz8
Prob038_count15,3,326,802,0,C:\Users\durgamaniryudh\Desktop\Learn\llm_eval\dataset_spec-to-rtl\test\Prob038_count15\Prob038_count15_gen_3.sv,tngtech/deepseek-r1t2-chimera:free,stop,,gen-1760234585-2K7NZyQM3L9xh4gp1mLU
Prob038_count15,4,326,484,0,C:\Users\durgamaniryudh\Desktop\Learn\llm_eval\dataset_spec-to-rtl\test\Prob038_count15\Prob038_count15_gen_4.sv,tngtech/deepseek-r1t2-chimera:free,stop,,gen-1760234604-xqlp8flIFX88X1jGRETh
Prob038_count15,8,326,1085,0,C:\Users\durgamaniryudh\Desktop\Learn\llm_eval\dataset_spec-to-rtl\test\Prob038_count15\Prob038_count15_gen_8.sv,tngtech/deepseek-r1t2-chimera:free,stop,,gen-1760234682-446soWdhrpb3mAyHH0DC
Prob038_count15,7,326,1073,0,C:\Users\durgamaniryudh\Desktop\Learn\llm_eval\dataset_spec-to-rtl\test\Prob038_count15\Prob038_count15_gen_7.sv,tngtech/deepseek-r1t2-chimera:free,stop,,gen-1760234656-CauzFduNqow1yw1hVMLu
Prob038_count15,9,326,541,0,C:\Users\durgamaniryudh\Desktop\Learn\llm_eval\dataset_spec-to-rtl\test\Prob038_count15\Prob038_count15_gen_9.sv,tngtech/deepseek-r1t2-chimera:free,stop,,gen-1760234708-5sLs6QaByQgWi3xv9Hn1
Prob043_vector5,0,386,6024,0,C:\Users\durgamaniryudh\Desktop\Learn\llm_eval\dataset_spec-to-rtl\test\Prob043_vector5\Prob043_vector5_gen_0.sv,tngtech/deepseek-r1t2-chimera:free,stop,,gen-1760234726-hvmHESrva9SjWIQLdga2
Prob043_vector5,2,386,2789,0,C:\Users\durgamaniryudh\Desktop\Learn\llm_eval\dataset_spec-to-rtl\test\Prob043_vector5\Prob043_vector5_gen_2.sv,tngtech/deepseek-r1t2-chimera:free,stop,,gen-1760234981-xWrXkPNDl3AWGcI0Iyc9
Prob043_vector5,3,386,3734,0,C:\Users\durgamaniryudh\Desktop\Learn\llm_eval\dataset_spec-to-rtl\test\Prob043_vector5\Prob043_vector5_gen_3.sv,tngtech/deepseek-r1t2-chimera:free,stop,,gen-1760235049-aWwurNJjURpoxXoUuXLu
Prob043_vector5,5,386,3366,0,C:\Users\durgamaniryudh\Desktop\Learn\llm_eval\dataset_spec-to-rtl\test\Prob043_vector5\Prob043_vector5_gen_5.sv,tngtech/deepseek-r1t2-chimera:free,stop,,gen-1760235214-sj7CZ9q4Z9N96dRxLQVn
Prob043_vector5,6,386,5867,0,C:\Users\durgamaniryudh\Desktop\Learn\llm_eval\dataset_spec-to-rtl\test\Prob043_vector5\Prob043_vector5_gen_6.sv,tngtech/deepseek-r1t2-chimera:free,stop,,gen-1760235300-EiDPPSKc8au8XFwlWQre
Prob043_vector5,1,386,4584,0,C:\Users\durgamaniryudh\Desktop\Learn\llm_eval\dataset_spec-to-rtl\test\Prob043_vector5\Prob043_vector5_gen_1.sv,tngtech/deepseek-r1t2-chimera:free,stop,,gen-1760234871-ECMfKMeA3SNLVYTkZDAg
Prob043_vector5,8,386,2693,0,C:\Users\durgamaniryudh\Desktop\Learn\llm_eval\dataset_spec-to-rtl\test\Prob043_vector5\Prob043_vector5_gen_8.sv,tngtech/deepseek-r1t2-chimera:free,stop,,gen-1760235689-uNZZZ7z4ODKwGBUpUykL
Prob043_vector5,9,386,3820,0,C:\Users\durgamaniryudh\Desktop\Learn\llm_eval\dataset_spec-to-rtl\test\Prob043_vector5\Prob043_vector5_gen_9.sv,tngtech/deepseek-r1t2-chimera:free,stop,,gen-1760235598-FGjGUoFa8K9ge199zyjM
Prob043_vector5,4,386,3286,0,C:\Users\durgamaniryudh\Desktop\Learn\llm_eval\dataset_spec-to-rtl\test\Prob043_vector5\Prob043_vector5_gen_4.sv,tngtech/deepseek-r1t2-chimera:free,stop,,gen-1760235139-w28lbLZGZ2JjRMRgy8fE
Prob043_vector5,7,386,2585,0,C:\Users\durgamaniryudh\Desktop\Learn\llm_eval\dataset_spec-to-rtl\test\Prob043_vector5\Prob043_vector5_gen_7.sv,tngtech/deepseek-r1t2-chimera:free,stop,,gen-1760235462-vutYMrnoaVvSMWzYH1Pa
Prob130_circuit5,0,638,1354,0,C:\Users\durgamaniryudh\Desktop\Learn\llm_eval\dataset_spec-to-rtl\test\Prob130_circuit5\Prob130_circuit5_gen_0.sv,tngtech/deepseek-r1t2-chimera:free,stop,,gen-1760235758-vQTUaeUHtmJKyWTNkcKP
Prob130_circuit5,2,638,2040,0,C:\Users\durgamaniryudh\Desktop\Learn\llm_eval\dataset_spec-to-rtl\test\Prob130_circuit5\Prob130_circuit5_gen_2.sv,tngtech/deepseek-r1t2-chimera:free,stop,,gen-1760235826-cwJIpmh0onQV5xtn0GKd
Prob130_circuit5,5,638,879,0,C:\Users\durgamaniryudh\Desktop\Learn\llm_eval\dataset_spec-to-rtl\test\Prob130_circuit5\Prob130_circuit5_gen_5.sv,tngtech/deepseek-r1t2-chimera:free,stop,,gen-1760235945-jhHgEpxtknZTWpJ1TicO
Prob130_circuit5,3,638,1785,0,C:\Users\durgamaniryudh\Desktop\Learn\llm_eval\dataset_spec-to-rtl\test\Prob130_circuit5\Prob130_circuit5_gen_3.sv,tngtech/deepseek-r1t2-chimera:free,stop,,gen-1760235879-IxSrYNb0sdPEFwjhuKgf
Prob130_circuit5,8,638,2418,0,C:\Users\durgamaniryudh\Desktop\Learn\llm_eval\dataset_spec-to-rtl\test\Prob130_circuit5\Prob130_circuit5_gen_8.sv,tngtech/deepseek-r1t2-chimera:free,stop,,gen-1760236023-Ab5waPbMY09NfcVyAxCG
Prob130_circuit5,1,638,1300,0,C:\Users\durgamaniryudh\Desktop\Learn\llm_eval\dataset_spec-to-rtl\test\Prob130_circuit5\Prob130_circuit5_gen_1.sv,tngtech/deepseek-r1t2-chimera:free,stop,,gen-1760235793-X7XA9qV0uFEiTh9TWm2Z
Prob130_circuit5,6,638,1014,0,C:\Users\durgamaniryudh\Desktop\Learn\llm_eval\dataset_spec-to-rtl\test\Prob130_circuit5\Prob130_circuit5_gen_6.sv,tngtech/deepseek-r1t2-chimera:free,stop,,gen-1760235967-BY6mIUf2dPGQVDXCSF01
Prob130_circuit5,9,638,1128,0,C:\Users\durgamaniryudh\Desktop\Learn\llm_eval\dataset_spec-to-rtl\test\Prob130_circuit5\Prob130_circuit5_gen_9.sv,tngtech/deepseek-r1t2-chimera:free,stop,,gen-1760236079-3hROJLE6GqSk3uvVXWoc
Prob130_circuit5,7,638,1057,0,C:\Users\durgamaniryudh\Desktop\Learn\llm_eval\dataset_spec-to-rtl\test\Prob130_circuit5\Prob130_circuit5_gen_7.sv,tngtech/deepseek-r1t2-chimera:free,stop,,gen-1760235996-Z8TVSaXPrPofsCWLuAH2
Prob130_circuit5,4,638,1042,0,C:\Users\durgamaniryudh\Desktop\Learn\llm_eval\dataset_spec-to-rtl\test\Prob130_circuit5\Prob130_circuit5_gen_4.sv,tngtech/deepseek-r1t2-chimera:free,stop,,gen-1760235918-NDOmhxksNDyfqa2T6Nzk
Prob106_always_nolatches,0,439,1042,0,C:\Users\durgamaniryudh\Desktop\Learn\llm_eval\dataset_spec-to-rtl\test\Prob106_always_nolatches\Prob106_always_nolatches_gen_0.sv,tngtech/deepseek-r1t2-chimera:free,stop,,gen-1760236110-SNg3idnd2CuUDcZT0BQi
Prob106_always_nolatches,1,439,2019,0,C:\Users\durgamaniryudh\Desktop\Learn\llm_eval\dataset_spec-to-rtl\test\Prob106_always_nolatches\Prob106_always_nolatches_gen_1.sv,tngtech/deepseek-r1t2-chimera:free,stop,,gen-1760236139-d0WLj4uRuDZEiPMdzROB
Prob106_always_nolatches,2,439,759,0,C:\Users\durgamaniryudh\Desktop\Learn\llm_eval\dataset_spec-to-rtl\test\Prob106_always_nolatches\Prob106_always_nolatches_gen_2.sv,tngtech/deepseek-r1t2-chimera:free,stop,,gen-1760236186-jjWnNAVilooXpoQsua0A
Prob106_always_nolatches,3,439,1392,0,C:\Users\durgamaniryudh\Desktop\Learn\llm_eval\dataset_spec-to-rtl\test\Prob106_always_nolatches\Prob106_always_nolatches_gen_3.sv,tngtech/deepseek-r1t2-chimera:free,stop,,gen-1760236203-fC31jq9du3N40wYvlNlr
Prob106_always_nolatches,4,439,1033,0,C:\Users\durgamaniryudh\Desktop\Learn\llm_eval\dataset_spec-to-rtl\test\Prob106_always_nolatches\Prob106_always_nolatches_gen_4.sv,tngtech/deepseek-r1t2-chimera:free,stop,,gen-1760236231-PjUrAzx3qTG3mCVZHNPw
Prob106_always_nolatches,6,439,839,0,C:\Users\durgamaniryudh\Desktop\Learn\llm_eval\dataset_spec-to-rtl\test\Prob106_always_nolatches\Prob106_always_nolatches_gen_6.sv,tngtech/deepseek-r1t2-chimera:free,stop,,gen-1760236310-ZUmH0A45p8crlMaFPZyX
Prob106_always_nolatches,7,439,858,0,C:\Users\durgamaniryudh\Desktop\Learn\llm_eval\dataset_spec-to-rtl\test\Prob106_always_nolatches\Prob106_always_nolatches_gen_7.sv,tngtech/deepseek-r1t2-chimera:free,stop,,gen-1760236330-tzJnnXBBPGkQfj7ITNjR
Prob106_always_nolatches,5,439,1624,0,C:\Users\durgamaniryudh\Desktop\Learn\llm_eval\dataset_spec-to-rtl\test\Prob106_always_nolatches\Prob106_always_nolatches_gen_5.sv,tngtech/deepseek-r1t2-chimera:free,stop,,gen-1760236256-DwNGHv9Db5JHOlHSrQkJ
Prob106_always_nolatches,8,439,1096,0,C:\Users\durgamaniryudh\Desktop\Learn\llm_eval\dataset_spec-to-rtl\test\Prob106_always_nolatches\Prob106_always_nolatches_gen_8.sv,tngtech/deepseek-r1t2-chimera:free,stop,,gen-1760236361-saVgFk8NWOPyBHRcntSz
Prob106_always_nolatches,9,439,1086,0,C:\Users\durgamaniryudh\Desktop\Learn\llm_eval\dataset_spec-to-rtl\test\Prob106_always_nolatches\Prob106_always_nolatches_gen_9.sv,tngtech/deepseek-r1t2-chimera:free,stop,,gen-1760236391-9rvXIW0RQex5PGoXcf7X
Prob136_m2014_q6,0,411,1799,0,C:\Users\durgamaniryudh\Desktop\Learn\llm_eval\dataset_spec-to-rtl\test\Prob136_m2014_q6\Prob136_m2014_q6_gen_0.sv,tngtech/deepseek-r1t2-chimera:free,stop,,gen-1760236415-bqtckU7jmZC5lq2aweOi
Prob136_m2014_q6,1,411,1316,0,C:\Users\durgamaniryudh\Desktop\Learn\llm_eval\dataset_spec-to-rtl\test\Prob136_m2014_q6\Prob136_m2014_q6_gen_1.sv,tngtech/deepseek-r1t2-chimera:free,stop,,gen-1760236460-HbTncAUrCxUXon2aZGHi
Prob136_m2014_q6,2,411,1622,0,C:\Users\durgamaniryudh\Desktop\Learn\llm_eval\dataset_spec-to-rtl\test\Prob136_m2014_q6\Prob136_m2014_q6_gen_2.sv,tngtech/deepseek-r1t2-chimera:free,stop,,gen-1760236489-p58L0jxB5a4rpql1ztZD
Prob136_m2014_q6,4,411,1652,0,C:\Users\durgamaniryudh\Desktop\Learn\llm_eval\dataset_spec-to-rtl\test\Prob136_m2014_q6\Prob136_m2014_q6_gen_4.sv,tngtech/deepseek-r1t2-chimera:free,stop,,gen-1760236569-aJJYQDTmp0gpilHSUWLk
Prob136_m2014_q6,6,411,1625,0,C:\Users\durgamaniryudh\Desktop\Learn\llm_eval\dataset_spec-to-rtl\test\Prob136_m2014_q6\Prob136_m2014_q6_gen_6.sv,tngtech/deepseek-r1t2-chimera:free,stop,,gen-1760236637-C8gvhRz2I8CzChUFDdTG
Prob136_m2014_q6,5,411,1414,0,C:\Users\durgamaniryudh\Desktop\Learn\llm_eval\dataset_spec-to-rtl\test\Prob136_m2014_q6\Prob136_m2014_q6_gen_5.sv,tngtech/deepseek-r1t2-chimera:free,stop,,gen-1760236605-Sjy1QR0ix7JJ8UpTLPQg
Prob136_m2014_q6,3,411,2123,0,C:\Users\durgamaniryudh\Desktop\Learn\llm_eval\dataset_spec-to-rtl\test\Prob136_m2014_q6\Prob136_m2014_q6_gen_3.sv,tngtech/deepseek-r1t2-chimera:free,stop,,gen-1760236522-MPo1w5AXATnph5valFgx
Prob136_m2014_q6,7,411,3118,0,C:\Users\durgamaniryudh\Desktop\Learn\llm_eval\dataset_spec-to-rtl\test\Prob136_m2014_q6\Prob136_m2014_q6_gen_7.sv,tngtech/deepseek-r1t2-chimera:free,stop,,gen-1760236674-AKjXvozbv9NGaH1tdm7B
Prob136_m2014_q6,8,411,1129,0,C:\Users\durgamaniryudh\Desktop\Learn\llm_eval\dataset_spec-to-rtl\test\Prob136_m2014_q6\Prob136_m2014_q6_gen_8.sv,tngtech/deepseek-r1t2-chimera:free,stop,,gen-1760236750-Pls2nxCf0ArVVjswcuS0
Prob136_m2014_q6,9,411,1747,0,C:\Users\durgamaniryudh\Desktop\Learn\llm_eval\dataset_spec-to-rtl\test\Prob136_m2014_q6\Prob136_m2014_q6_gen_9.sv,tngtech/deepseek-r1t2-chimera:free,stop,,gen-1760236773-6aSzqxRewNrUbk0leDZl
Prob024_hadd,0,292,477,0,C:\Users\durgamaniryudh\Desktop\Learn\llm_eval\dataset_spec-to-rtl\test\Prob024_hadd\Prob024_hadd_gen_0.sv,tngtech/deepseek-r1t2-chimera:free,stop,,gen-1760236815-gYC8TopSgaRCVd0msKRN
Prob024_hadd,2,292,421,0,C:\Users\durgamaniryudh\Desktop\Learn\llm_eval\dataset_spec-to-rtl\test\Prob024_hadd\Prob024_hadd_gen_2.sv,tngtech/deepseek-r1t2-chimera:free,stop,,gen-1760236843-j3AkvRxgIL5wn03vCBNq
Prob024_hadd,3,292,420,0,C:\Users\durgamaniryudh\Desktop\Learn\llm_eval\dataset_spec-to-rtl\test\Prob024_hadd\Prob024_hadd_gen_3.sv,tngtech/deepseek-r1t2-chimera:free,stop,,gen-1760236853-3ZMaHqOOKv5KxGhfhBSL
Prob024_hadd,1,292,464,0,C:\Users\durgamaniryudh\Desktop\Learn\llm_eval\dataset_spec-to-rtl\test\Prob024_hadd\Prob024_hadd_gen_1.sv,tngtech/deepseek-r1t2-chimera:free,stop,,gen-1760236828-3GCuUDX1QC45rID1wHAE
Prob024_hadd,4,292,325,0,C:\Users\durgamaniryudh\Desktop\Learn\llm_eval\dataset_spec-to-rtl\test\Prob024_hadd\Prob024_hadd_gen_4.sv,tngtech/deepseek-r1t2-chimera:free,stop,,gen-1760236864-2rAZO8rLRbDvlqjjXOx0
Prob024_hadd,5,292,1324,0,C:\Users\durgamaniryudh\Desktop\Learn\llm_eval\dataset_spec-to-rtl\test\Prob024_hadd\Prob024_hadd_gen_5.sv,tngtech/deepseek-r1t2-chimera:free,stop,,gen-1760236874-p5yX8MdwIHZBOj8la4FE
Prob024_hadd,6,292,476,0,C:\Users\durgamaniryudh\Desktop\Learn\llm_eval\dataset_spec-to-rtl\test\Prob024_hadd\Prob024_hadd_gen_6.sv,tngtech/deepseek-r1t2-chimera:free,stop,,gen-1760236907-NXDA74x94ERffgVSdEiZ
Prob024_hadd,8,292,272,0,C:\Users\durgamaniryudh\Desktop\Learn\llm_eval\dataset_spec-to-rtl\test\Prob024_hadd\Prob024_hadd_gen_8.sv,tngtech/deepseek-r1t2-chimera:free,stop,,gen-1760236931-ZNXToWUOUxQ0CfRi6TlW
Prob024_hadd,7,292,423,0,C:\Users\durgamaniryudh\Desktop\Learn\llm_eval\dataset_spec-to-rtl\test\Prob024_hadd\Prob024_hadd_gen_7.sv,tngtech/deepseek-r1t2-chimera:free,stop,,gen-1760236920-Jn2BmjqbW12MtE8VZjW3
Prob024_hadd,9,292,449,0,C:\Users\durgamaniryudh\Desktop\Learn\llm_eval\dataset_spec-to-rtl\test\Prob024_hadd\Prob024_hadd_gen_9.sv,tngtech/deepseek-r1t2-chimera:free,stop,,gen-1760236942-EW2P5eRg13HJocAZQxkB
Prob091_2012_q2b,1,510,1212,0,C:\Users\durgamaniryudh\Desktop\Learn\llm_eval\dataset_spec-to-rtl\test\Prob091_2012_q2b\Prob091_2012_q2b_gen_1.sv,tngtech/deepseek-r1t2-chimera:free,stop,,gen-1760236992-1jlbn51pDjqoBKVpHINB
Prob091_2012_q2b,0,510,1284,0,C:\Users\durgamaniryudh\Desktop\Learn\llm_eval\dataset_spec-to-rtl\test\Prob091_2012_q2b\Prob091_2012_q2b_gen_0.sv,tngtech/deepseek-r1t2-chimera:free,stop,,gen-1760236961-9hJBOfKFnZKHaaI5yp47
Prob091_2012_q2b,3,510,1037,0,C:\Users\durgamaniryudh\Desktop\Learn\llm_eval\dataset_spec-to-rtl\test\Prob091_2012_q2b\Prob091_2012_q2b_gen_3.sv,tngtech/deepseek-r1t2-chimera:free,stop,,gen-1760237071-ZWMG11fdP9gxxsTVH1l9
Prob091_2012_q2b,2,510,1558,0,C:\Users\durgamaniryudh\Desktop\Learn\llm_eval\dataset_spec-to-rtl\test\Prob091_2012_q2b\Prob091_2012_q2b_gen_2.sv,tngtech/deepseek-r1t2-chimera:free,stop,,gen-1760237027-WpPvFXJDmVYEqDwxqQjt
Prob091_2012_q2b,5,510,1163,0,C:\Users\durgamaniryudh\Desktop\Learn\llm_eval\dataset_spec-to-rtl\test\Prob091_2012_q2b\Prob091_2012_q2b_gen_5.sv,tngtech/deepseek-r1t2-chimera:free,stop,,gen-1760237127-Hp6yCWGBqYXjlOO7NvRi
Prob091_2012_q2b,7,510,1118,0,C:\Users\durgamaniryudh\Desktop\Learn\llm_eval\dataset_spec-to-rtl\test\Prob091_2012_q2b\Prob091_2012_q2b_gen_7.sv,tngtech/deepseek-r1t2-chimera:free,stop,,gen-1760237187-ePOw6qgmLK7WoOlc6Hxe
Prob091_2012_q2b,6,510,973,0,C:\Users\durgamaniryudh\Desktop\Learn\llm_eval\dataset_spec-to-rtl\test\Prob091_2012_q2b\Prob091_2012_q2b_gen_6.sv,tngtech/deepseek-r1t2-chimera:free,stop,,gen-1760237150-jOjELsNts65fb2lht0eR
Prob091_2012_q2b,4,510,1403,0,C:\Users\durgamaniryudh\Desktop\Learn\llm_eval\dataset_spec-to-rtl\test\Prob091_2012_q2b\Prob091_2012_q2b_gen_4.sv,tngtech/deepseek-r1t2-chimera:free,stop,,gen-1760237096-TmUua0BAHahvJKGgowCi
Prob091_2012_q2b,9,510,1436,0,C:\Users\durgamaniryudh\Desktop\Learn\llm_eval\dataset_spec-to-rtl\test\Prob091_2012_q2b\Prob091_2012_q2b_gen_9.sv,tngtech/deepseek-r1t2-chimera:free,stop,,gen-1760237241-a3v211twhe458B2tZueK
Prob091_2012_q2b,8,510,1048,0,C:\Users\durgamaniryudh\Desktop\Learn\llm_eval\dataset_spec-to-rtl\test\Prob091_2012_q2b\Prob091_2012_q2b_gen_8.sv,tngtech/deepseek-r1t2-chimera:free,stop,,gen-1760237215-dtCmwHdc8HrZgA0ESD6m
Prob048_m2014_q4c,0,290,705,0,C:\Users\durgamaniryudh\Desktop\Learn\llm_eval\dataset_spec-to-rtl\test\Prob048_m2014_q4c\Prob048_m2014_q4c_gen_0.sv,tngtech/deepseek-r1t2-chimera:free,stop,,gen-1760237277-BvrDF7K2ly4BpsXScf7K
Prob048_m2014_q4c,1,290,1056,0,C:\Users\durgamaniryudh\Desktop\Learn\llm_eval\dataset_spec-to-rtl\test\Prob048_m2014_q4c\Prob048_m2014_q4c_gen_1.sv,tngtech/deepseek-r1t2-chimera:free,stop,,gen-1760237294-T6nnholLMpOwL0dBqkk2
Prob048_m2014_q4c,2,290,449,0,C:\Users\durgamaniryudh\Desktop\Learn\llm_eval\dataset_spec-to-rtl\test\Prob048_m2014_q4c\Prob048_m2014_q4c_gen_2.sv,tngtech/deepseek-r1t2-chimera:free,stop,,gen-1760237319-VsRzQ8iP69UwAQUMspU0
Prob048_m2014_q4c,3,290,993,0,C:\Users\durgamaniryudh\Desktop\Learn\llm_eval\dataset_spec-to-rtl\test\Prob048_m2014_q4c\Prob048_m2014_q4c_gen_3.sv,tngtech/deepseek-r1t2-chimera:free,stop,,gen-1760237330-NOBH3eIDzBDQYg9mklnw
Prob048_m2014_q4c,4,290,486,0,C:\Users\durgamaniryudh\Desktop\Learn\llm_eval\dataset_spec-to-rtl\test\Prob048_m2014_q4c\Prob048_m2014_q4c_gen_4.sv,tngtech/deepseek-r1t2-chimera:free,stop,,gen-1760237356-7w6SG2BWwy9itk2ENYcs
Prob048_m2014_q4c,6,290,598,0,C:\Users\durgamaniryudh\Desktop\Learn\llm_eval\dataset_spec-to-rtl\test\Prob048_m2014_q4c\Prob048_m2014_q4c_gen_6.sv,tngtech/deepseek-r1t2-chimera:free,stop,,gen-1760237384-IQQEVaVuyLq2fx5hwSw8
Prob048_m2014_q4c,7,290,1048,0,C:\Users\durgamaniryudh\Desktop\Learn\llm_eval\dataset_spec-to-rtl\test\Prob048_m2014_q4c\Prob048_m2014_q4c_gen_7.sv,tngtech/deepseek-r1t2-chimera:free,stop,,gen-1760237400-0xlYCtJukyOTNv9ssiis
Prob048_m2014_q4c,8,290,336,0,C:\Users\durgamaniryudh\Desktop\Learn\llm_eval\dataset_spec-to-rtl\test\Prob048_m2014_q4c\Prob048_m2014_q4c_gen_8.sv,tngtech/deepseek-r1t2-chimera:free,stop,,gen-1760237425-SdhRPXRJqdvjbQnjq5o5
Prob048_m2014_q4c,5,290,724,0,C:\Users\durgamaniryudh\Desktop\Learn\llm_eval\dataset_spec-to-rtl\test\Prob048_m2014_q4c\Prob048_m2014_q4c_gen_5.sv,tngtech/deepseek-r1t2-chimera:free,stop,,gen-1760237368-PXTDykDH6GLWCx5zKigp
Prob048_m2014_q4c,9,290,584,0,C:\Users\durgamaniryudh\Desktop\Learn\llm_eval\dataset_spec-to-rtl\test\Prob048_m2014_q4c\Prob048_m2014_q4c_gen_9.sv,tngtech/deepseek-r1t2-chimera:free,stop,,gen-1760237437-mtB8R4etLE1zw24i4i7C
Prob142_lemmings2,0,598,2411,0,C:\Users\durgamaniryudh\Desktop\Learn\llm_eval\dataset_spec-to-rtl\test\Prob142_lemmings2\Prob142_lemmings2_gen_0.sv,tngtech/deepseek-r1t2-chimera:free,stop,,gen-1760237452-bGWvqiYrE9nrnSmB1TmQ
Prob142_lemmings2,1,598,2874,0,C:\Users\durgamaniryudh\Desktop\Learn\llm_eval\dataset_spec-to-rtl\test\Prob142_lemmings2\Prob142_lemmings2_gen_1.sv,tngtech/deepseek-r1t2-chimera:free,stop,,gen-1760237514-renMJXFE3r8SExnRSMMo
Prob142_lemmings2,2,598,1182,0,C:\Users\durgamaniryudh\Desktop\Learn\llm_eval\dataset_spec-to-rtl\test\Prob142_lemmings2\Prob142_lemmings2_gen_2.sv,tngtech/deepseek-r1t2-chimera:free,stop,,gen-1760237581-mPbHAeCyMyb1qlUb3pcI
Prob142_lemmings2,3,598,2195,0,C:\Users\durgamaniryudh\Desktop\Learn\llm_eval\dataset_spec-to-rtl\test\Prob142_lemmings2\Prob142_lemmings2_gen_3.sv,tngtech/deepseek-r1t2-chimera:free,stop,,gen-1760237609-iZQoUPmprVELF2JPBcAN
Prob142_lemmings2,7,598,2712,0,C:\Users\durgamaniryudh\Desktop\Learn\llm_eval\dataset_spec-to-rtl\test\Prob142_lemmings2\Prob142_lemmings2_gen_7.sv,tngtech/deepseek-r1t2-chimera:free,stop,,gen-1760237885-Pzk0On8M15jr0db8uU6z
Prob142_lemmings2,4,598,2829,0,C:\Users\durgamaniryudh\Desktop\Learn\llm_eval\dataset_spec-to-rtl\test\Prob142_lemmings2\Prob142_lemmings2_gen_4.sv,tngtech/deepseek-r1t2-chimera:free,stop,,gen-1760237660-lr58G7ERsB1IKxcxzECc
Prob142_lemmings2,6,598,2215,0,C:\Users\durgamaniryudh\Desktop\Learn\llm_eval\dataset_spec-to-rtl\test\Prob142_lemmings2\Prob142_lemmings2_gen_6.sv,tngtech/deepseek-r1t2-chimera:free,stop,,gen-1760237830-W3n5wQAen2ebF5Y2lpRW
Prob142_lemmings2,9,598,2280,0,C:\Users\durgamaniryudh\Desktop\Learn\llm_eval\dataset_spec-to-rtl\test\Prob142_lemmings2\Prob142_lemmings2_gen_9.sv,tngtech/deepseek-r1t2-chimera:free,stop,,gen-1760238001-rZkwCf3iWro32UpvqOiA
Prob142_lemmings2,8,598,2860,0,C:\Users\durgamaniryudh\Desktop\Learn\llm_eval\dataset_spec-to-rtl\test\Prob142_lemmings2\Prob142_lemmings2_gen_8.sv,tngtech/deepseek-r1t2-chimera:free,stop,,gen-1760237940-ZC9HCTYOIcac2HDJj0qt
Prob142_lemmings2,5,598,2464,0,C:\Users\durgamaniryudh\Desktop\Learn\llm_eval\dataset_spec-to-rtl\test\Prob142_lemmings2\Prob142_lemmings2_gen_5.sv,tngtech/deepseek-r1t2-chimera:free,stop,,gen-1760238051-D0Ds4E6CoZJLcAtK464Q
Prob045_edgedetect2,1,352,1458,0,C:\Users\durgamaniryudh\Desktop\Learn\llm_eval\dataset_spec-to-rtl\test\Prob045_edgedetect2\Prob045_edgedetect2_gen_1.sv,tngtech/deepseek-r1t2-chimera:free,stop,,gen-1760238197-iiRVVApP9RsioNkSRMJ0
Prob045_edgedetect2,0,352,2843,0,C:\Users\durgamaniryudh\Desktop\Learn\llm_eval\dataset_spec-to-rtl\test\Prob045_edgedetect2\Prob045_edgedetect2_gen_0.sv,tngtech/deepseek-r1t2-chimera:free,stop,,gen-1760238120-JSrMqKFbnB5dTKP2V94B
Prob045_edgedetect2,3,352,1109,0,C:\Users\durgamaniryudh\Desktop\Learn\llm_eval\dataset_spec-to-rtl\test\Prob045_edgedetect2\Prob045_edgedetect2_gen_3.sv,tngtech/deepseek-r1t2-chimera:free,stop,,gen-1760238261-inBrI4pNbxlSSGjsgcB6
Prob045_edgedetect2,2,352,1011,0,C:\Users\durgamaniryudh\Desktop\Learn\llm_eval\dataset_spec-to-rtl\test\Prob045_edgedetect2\Prob045_edgedetect2_gen_2.sv,tngtech/deepseek-r1t2-chimera:free,stop,,gen-1760238235-V3b1bwkxqTIcMCUxgUBG
Prob045_edgedetect2,5,352,664,0,C:\Users\durgamaniryudh\Desktop\Learn\llm_eval\dataset_spec-to-rtl\test\Prob045_edgedetect2\Prob045_edgedetect2_gen_5.sv,tngtech/deepseek-r1t2-chimera:free,stop,,gen-1760238382-Uo8YGj0vmcEcwaKGnHAu
Prob045_edgedetect2,6,352,2060,0,C:\Users\durgamaniryudh\Desktop\Learn\llm_eval\dataset_spec-to-rtl\test\Prob045_edgedetect2\Prob045_edgedetect2_gen_6.sv,tngtech/deepseek-r1t2-chimera:free,stop,,gen-1760238399-yFsZ60aDfYxbghmFPJNp
Prob045_edgedetect2,7,352,1174,0,C:\Users\durgamaniryudh\Desktop\Learn\llm_eval\dataset_spec-to-rtl\test\Prob045_edgedetect2\Prob045_edgedetect2_gen_7.sv,tngtech/deepseek-r1t2-chimera:free,stop,,gen-1760238448-CCc7J1fRbuMItW4kxFJh
Prob045_edgedetect2,4,352,3332,0,C:\Users\durgamaniryudh\Desktop\Learn\llm_eval\dataset_spec-to-rtl\test\Prob045_edgedetect2\Prob045_edgedetect2_gen_4.sv,tngtech/deepseek-r1t2-chimera:free,stop,,gen-1760238292-zDAs4x4CyTpGLY9l9J0V
Prob045_edgedetect2,8,352,1478,0,C:\Users\durgamaniryudh\Desktop\Learn\llm_eval\dataset_spec-to-rtl\test\Prob045_edgedetect2\Prob045_edgedetect2_gen_8.sv,tngtech/deepseek-r1t2-chimera:free,stop,,gen-1760238480-KGIDf2gb92SboG3xXdgV
Prob045_edgedetect2,9,352,932,0,C:\Users\durgamaniryudh\Desktop\Learn\llm_eval\dataset_spec-to-rtl\test\Prob045_edgedetect2\Prob045_edgedetect2_gen_9.sv,tngtech/deepseek-r1t2-chimera:free,stop,,gen-1760238519-mu9RrS56lBBAB10WmAxz
Prob067_countslow,0,365,809,0,C:\Users\durgamaniryudh\Desktop\Learn\llm_eval\dataset_spec-to-rtl\test\Prob067_countslow\Prob067_countslow_gen_0.sv,tngtech/deepseek-r1t2-chimera:free,stop,,gen-1760238544-TYyGsvqHToM0xDxqsyYE
Prob067_countslow,2,365,1005,0,C:\Users\durgamaniryudh\Desktop\Learn\llm_eval\dataset_spec-to-rtl\test\Prob067_countslow\Prob067_countslow_gen_2.sv,tngtech/deepseek-r1t2-chimera:free,stop,,gen-1760238581-FAcMlLaIR0joSU93y59a
Prob067_countslow,3,365,1121,0,C:\Users\durgamaniryudh\Desktop\Learn\llm_eval\dataset_spec-to-rtl\test\Prob067_countslow\Prob067_countslow_gen_3.sv,tngtech/deepseek-r1t2-chimera:free,stop,,gen-1760238614-MFVASqV704hrUdvWz7n6
Prob067_countslow,1,365,570,0,C:\Users\durgamaniryudh\Desktop\Learn\llm_eval\dataset_spec-to-rtl\test\Prob067_countslow\Prob067_countslow_gen_1.sv,tngtech/deepseek-r1t2-chimera:free,stop,,gen-1760238566-c27RethOI5ys98FGi7JA
Prob067_countslow,4,365,763,0,C:\Users\durgamaniryudh\Desktop\Learn\llm_eval\dataset_spec-to-rtl\test\Prob067_countslow\Prob067_countslow_gen_4.sv,tngtech/deepseek-r1t2-chimera:free,stop,,gen-1760238644-CD5cfupNKbFpDXfbZCYY
Prob067_countslow,6,365,970,0,C:\Users\durgamaniryudh\Desktop\Learn\llm_eval\dataset_spec-to-rtl\test\Prob067_countslow\Prob067_countslow_gen_6.sv,tngtech/deepseek-r1t2-chimera:free,stop,,gen-1760238692-23991mV1yb3pYmgQyQAW
Prob067_countslow,8,365,1920,0,C:\Users\durgamaniryudh\Desktop\Learn\llm_eval\dataset_spec-to-rtl\test\Prob067_countslow\Prob067_countslow_gen_8.sv,tngtech/deepseek-r1t2-chimera:free,stop,,gen-1760238744-qDl9HqqdqDYGXTLPbW5R
Prob067_countslow,5,365,896,0,C:\Users\durgamaniryudh\Desktop\Learn\llm_eval\dataset_spec-to-rtl\test\Prob067_countslow\Prob067_countslow_gen_5.sv,tngtech/deepseek-r1t2-chimera:free,stop,,gen-1760238668-ywLM6gtbf4BUMwSx7o10
Prob067_countslow,9,365,1036,0,C:\Users\durgamaniryudh\Desktop\Learn\llm_eval\dataset_spec-to-rtl\test\Prob067_countslow\Prob067_countslow_gen_9.sv,tngtech/deepseek-r1t2-chimera:free,stop,,gen-1760238790-C6YLsRokkaYQBrluuVC0
Prob067_countslow,7,365,736,0,C:\Users\durgamaniryudh\Desktop\Learn\llm_eval\dataset_spec-to-rtl\test\Prob067_countslow\Prob067_countslow_gen_7.sv,tngtech/deepseek-r1t2-chimera:free,stop,,gen-1760238724-JUPDqe9mPT9ssUvlJk2f
