task_id,source,iteration,input_tokens,output_tokens,reasoning_tokens,verilog_file,model_name,finish_reason,system_fingerprint,run_id
3164,aapp_competition_test,0,4105,1765,1284,C:\Users\durgamaniryudh\Desktop\Learn\testing_evals\test\aapp_competition_test\3164\3164_gen_0.sv,tngtech/deepseek-r1t2-chimera:free,stop,,gen-1768536591-jxvos62sjtz0aPhOyA30
3434,aapp_competition_test,0,4368,2255,1420,C:\Users\durgamaniryudh\Desktop\Learn\testing_evals\test\aapp_competition_test\3434\3434_gen_0.sv,tngtech/deepseek-r1t2-chimera:free,stop,,gen-1768536591-LCcsNR6586ajaQhQkFRG
3340,aapp_competition_test,0,5640,2563,606,C:\Users\durgamaniryudh\Desktop\Learn\testing_evals\test\aapp_competition_test\3340\3340_gen_0.sv,tngtech/deepseek-r1t2-chimera:free,stop,,gen-1768536591-aYya8FqWuPfZY2dI0yNN
604,mbpp_train,0,3805,2519,1277,C:\Users\durgamaniryudh\Desktop\Learn\testing_evals\test\mbpp_train\604\604_gen_0.sv,tngtech/deepseek-r1t2-chimera:free,stop,,gen-1768536591-xMmrrVqlvUQtupmjmSuQ
3863,aapp_competition_test,0,5162,2724,826,C:\Users\durgamaniryudh\Desktop\Learn\testing_evals\test\aapp_competition_test\3863\3863_gen_0.sv,tngtech/deepseek-r1t2-chimera:free,stop,,gen-1768536591-AY60Q1pSOMAjvGYgRf5b
3016,aapp_competition_test,0,5177,2758,1200,C:\Users\durgamaniryudh\Desktop\Learn\testing_evals\test\aapp_competition_test\3016\3016_gen_0.sv,tngtech/deepseek-r1t2-chimera:free,stop,,gen-1768536591-7UVlIuN1fQQX3P1tZdVx
3202,aapp_competition_test,0,5165,2563,789,C:\Users\durgamaniryudh\Desktop\Learn\testing_evals\test\aapp_competition_test\3202\3202_gen_0.sv,tngtech/deepseek-r1t2-chimera:free,stop,,gen-1768536591-NWNPFgwWl1DEdu1Zi1np
119,mbpp_test,0,4264,1384,713,C:\Users\durgamaniryudh\Desktop\Learn\testing_evals\test\mbpp_test\119\119_gen_0.sv,tngtech/deepseek-r1t2-chimera:free,stop,,gen-1768536659-RXGCVBePCljZQtMUolhM
3543,aapp_competition_test,0,5148,2330,800,C:\Users\durgamaniryudh\Desktop\Learn\testing_evals\test\aapp_competition_test\3543\3543_gen_0.sv,tngtech/deepseek-r1t2-chimera:free,stop,,gen-1768536647-Dt4JQNXipX8ndnwchF8U
3958,aapp_competition_test,0,4812,1971,600,C:\Users\durgamaniryudh\Desktop\Learn\testing_evals\test\aapp_competition_test\3958\3958_gen_0.sv,tngtech/deepseek-r1t2-chimera:free,stop,,gen-1768536659-tuF2CpMeBppALN1LTVDY
3115,aapp_competition_test,0,4733,1989,937,C:\Users\durgamaniryudh\Desktop\Learn\testing_evals\test\aapp_competition_test\3115\3115_gen_0.sv,tngtech/deepseek-r1t2-chimera:free,stop,,gen-1768536663-CRAIzUgZQgoyjcZuchnC
3345,aapp_competition_test,0,4379,1622,974,C:\Users\durgamaniryudh\Desktop\Learn\testing_evals\test\aapp_competition_test\3345\3345_gen_0.sv,tngtech/deepseek-r1t2-chimera:free,stop,,gen-1768536708-56EYHor4QUCNVMbmxB1m
3161,aapp_competition_test,0,4249,1517,792,C:\Users\durgamaniryudh\Desktop\Learn\testing_evals\test\aapp_competition_test\3161\3161_gen_0.sv,tngtech/deepseek-r1t2-chimera:free,stop,,gen-1768536701-90IGghTE9XVIVv48WEZL
3213,aapp_competition_test,0,5018,2039,781,C:\Users\durgamaniryudh\Desktop\Learn\testing_evals\test\aapp_competition_test\3213\3213_gen_0.sv,tngtech/deepseek-r1t2-chimera:free,stop,,gen-1768536703-QpnUO5cVwNFVx2HBTs6Z
3484,aapp_competition_test,0,6012,4471,1069,C:\Users\durgamaniryudh\Desktop\Learn\testing_evals\test\aapp_competition_test\3484\3484_gen_0.sv,tngtech/deepseek-r1t2-chimera:free,stop,,gen-1768536642-GvNAtCV0R0AajXaJEOwU
3683,aapp_competition_test,0,4122,4408,1079,C:\Users\durgamaniryudh\Desktop\Learn\testing_evals\test\aapp_competition_test\3683\3683_gen_0.sv,tngtech/deepseek-r1t2-chimera:free,stop,,gen-1768536657-pEntppWth1pDprlIpmM3
3399,aapp_competition_test,0,5404,2355,618,C:\Users\durgamaniryudh\Desktop\Learn\testing_evals\test\aapp_competition_test\3399\3399_gen_0.sv,tngtech/deepseek-r1t2-chimera:free,stop,,gen-1768536715-pWQE2bPn3s7FvrSASKiD
3445,aapp_competition_test,0,5187,2241,770,C:\Users\durgamaniryudh\Desktop\Learn\testing_evals\test\aapp_competition_test\3445\3445_gen_0.sv,tngtech/deepseek-r1t2-chimera:free,stop,,gen-1768536747-8i1XRY9D1smFI3snZ8pc
3529,aapp_competition_test,0,4770,2412,769,C:\Users\durgamaniryudh\Desktop\Learn\testing_evals\test\aapp_competition_test\3529\3529_gen_0.sv,tngtech/deepseek-r1t2-chimera:free,stop,,gen-1768536750-bVAJhtC08OGAL8MrefVx
3017,aapp_competition_test,0,3915,6539,4074,C:\Users\durgamaniryudh\Desktop\Learn\testing_evals\test\aapp_competition_test\3017\3017_gen_0.sv,tngtech/deepseek-r1t2-chimera:free,stop,,gen-1768536660-yJZ9W4YG1XvfEogGUbx2
39,human_eval_test,0,4205,2210,1089,C:\Users\durgamaniryudh\Desktop\Learn\testing_evals\test\human_eval_test\39\39_gen_0.sv,tngtech/deepseek-r1t2-chimera:free,stop,,gen-1768536770-9y2wmBuH3Q1MQiSgxHJh
3396,aapp_competition_test,0,4095,8020,6175,C:\Users\durgamaniryudh\Desktop\Learn\testing_evals\test\aapp_competition_test\3396\3396_gen_0.sv,tngtech/deepseek-r1t2-chimera:free,stop,,gen-1768536591-azqB4b0fwyaBRgMTvmVb
558,mbpp_validation,0,4018,855,658,C:\Users\durgamaniryudh\Desktop\Learn\testing_evals\test\mbpp_validation\558\558_gen_0.sv,tngtech/deepseek-r1t2-chimera:free,stop,,gen-1768536831-LPOngnx8SILTc99EdZu2
3113,aapp_competition_test,0,3881,10223,7782,C:\Users\durgamaniryudh\Desktop\Learn\testing_evals\test\aapp_competition_test\3113\3113_gen_0.sv,tngtech/deepseek-r1t2-chimera:free,stop,,gen-1768536591-6ABwdRwPR0ruCot0J6dh
731,mbpp_train,0,5232,2340,888,C:\Users\durgamaniryudh\Desktop\Learn\testing_evals\test\mbpp_train\731\731_gen_0.sv,tngtech/deepseek-r1t2-chimera:free,stop,,gen-1768536824-flT9PUrdMZ0jNIvFkOyg
435,mbpp_test,0,5140,2468,966,C:\Users\durgamaniryudh\Desktop\Learn\testing_evals\test\mbpp_test\435\435_gen_0.sv,tngtech/deepseek-r1t2-chimera:free,stop,,gen-1768536815-htRMjbN7tf8pZh3FuBX3
32,human_eval_test,0,4243,11186,7447,C:\Users\durgamaniryudh\Desktop\Learn\testing_evals\test\human_eval_test\32\32_gen_0.sv,tngtech/deepseek-r1t2-chimera:free,stop,,gen-1768536591-DVLBeqIbMcQs6Y5JbtGB
3679,aapp_competition_test,0,3829,5396,4620,C:\Users\durgamaniryudh\Desktop\Learn\testing_evals\test\aapp_competition_test\3679\3679_gen_0.sv,tngtech/deepseek-r1t2-chimera:free,stop,,gen-1768536758-Huy4o2U9CXWTYG7V8BOO
3489,aapp_competition_test,0,4461,6998,4698,C:\Users\durgamaniryudh\Desktop\Learn\testing_evals\test\aapp_competition_test\3489\3489_gen_0.sv,tngtech/deepseek-r1t2-chimera:free,stop,,gen-1768536747-o3nASm2tMmG8yGYbDsoC
3163,aapp_competition_test,0,4792,2286,1109,C:\Users\durgamaniryudh\Desktop\Learn\testing_evals\test\aapp_competition_test\3163\3163_gen_0.sv,tngtech/deepseek-r1t2-chimera:free,stop,,gen-1768536883-nOeiBAFFXNIw87GbhOdY
3021,aapp_competition_test,0,4257,3302,797,C:\Users\durgamaniryudh\Desktop\Learn\testing_evals\test\aapp_competition_test\3021\3021_gen_0.sv,tngtech/deepseek-r1t2-chimera:free,stop,,gen-1768536875-5EstRWqAtfgS1KlX1Rwo
784,mbpp_train,0,4719,7185,6149,C:\Users\durgamaniryudh\Desktop\Learn\testing_evals\test\mbpp_train\784\784_gen_0.sv,tngtech/deepseek-r1t2-chimera:free,stop,,gen-1768536799-6ESmt4VNvqDPWcA4g7we
3397,aapp_competition_test,0,4526,1713,629,C:\Users\durgamaniryudh\Desktop\Learn\testing_evals\test\aapp_competition_test\3397\3397_gen_0.sv,tngtech/deepseek-r1t2-chimera:free,stop,,gen-1768536936-I6VhnxIaUfezw3vJJyPU
3842,aapp_competition_test,0,5767,5198,3435,C:\Users\durgamaniryudh\Desktop\Learn\testing_evals\test\aapp_competition_test\3842\3842_gen_0.sv,tngtech/deepseek-r1t2-chimera:free,stop,,gen-1768536853-LsPaRZs2MXLfHrLSsiga
3208,aapp_competition_test,0,4043,4016,3945,C:\Users\durgamaniryudh\Desktop\Learn\testing_evals\test\aapp_competition_test\3208\3208_gen_0.sv,tngtech/deepseek-r1t2-chimera:free,stop,,gen-1768536898-cgwuII8Gzq0my0BNnIDj
71,mbpp_test,0,5690,4637,3157,C:\Users\durgamaniryudh\Desktop\Learn\testing_evals\test\mbpp_test\71\71_gen_0.sv,tngtech/deepseek-r1t2-chimera:free,stop,,gen-1768536858-wYjKUauo9BDnGQ0uGGMP
3676,aapp_competition_test,0,3967,1015,821,C:\Users\durgamaniryudh\Desktop\Learn\testing_evals\test\aapp_competition_test\3676\3676_gen_0.sv,tngtech/deepseek-r1t2-chimera:free,stop,,gen-1768536990-WJWIwfLvEE9r3zGLQJSL
3488,aapp_competition_test,0,5627,2700,787,C:\Users\durgamaniryudh\Desktop\Learn\testing_evals\test\aapp_competition_test\3488\3488_gen_0.sv,tngtech/deepseek-r1t2-chimera:free,stop,,gen-1768536974-Wz4BLAR0g8hpLB5aALz4
3538,aapp_competition_test,0,4966,2344,727,C:\Users\durgamaniryudh\Desktop\Learn\testing_evals\test\aapp_competition_test\3538\3538_gen_0.sv,tngtech/deepseek-r1t2-chimera:free,stop,,gen-1768536990-S3xCGeWHDjFASOVEtacJ
3348,aapp_competition_test,0,4111,4982,3829,C:\Users\durgamaniryudh\Desktop\Learn\testing_evals\test\aapp_competition_test\3348\3348_gen_0.sv,tngtech/deepseek-r1t2-chimera:free,stop,,gen-1768536919-7DbeZHfLKJuZsi1LVnfi
3014,aapp_competition_test,0,3997,2538,880,C:\Users\durgamaniryudh\Desktop\Learn\testing_evals\test\aapp_competition_test\3014\3014_gen_0.sv,tngtech/deepseek-r1t2-chimera:free,stop,,gen-1768537001-o7EdzOfefqa9jYwUIiPu
3110,aapp_competition_test,0,3929,3172,1332,C:\Users\durgamaniryudh\Desktop\Learn\testing_evals\test\aapp_competition_test\3110\3110_gen_0.sv,tngtech/deepseek-r1t2-chimera:free,stop,,gen-1768537018-TkxzpACKWr47IYpJR6rT
3168,aapp_competition_test,0,4090,2773,1626,C:\Users\durgamaniryudh\Desktop\Learn\testing_evals\test\aapp_competition_test\3168\3168_gen_0.sv,tngtech/deepseek-r1t2-chimera:free,stop,,gen-1768537040-aGi8atEe3i4x2spA6QLW
3119,aapp_competition_test,0,4433,9916,8586,C:\Users\durgamaniryudh\Desktop\Learn\testing_evals\test\aapp_competition_test\3119\3119_gen_0.sv,tngtech/deepseek-r1t2-chimera:free,stop,,gen-1768536877-eEdH6oIvewQdXAkNAzFm
3398,aapp_competition_test,0,5423,2661,798,C:\Users\durgamaniryudh\Desktop\Learn\testing_evals\test\aapp_competition_test\3398\3398_gen_0.sv,tngtech/deepseek-r1t2-chimera:free,stop,,gen-1768537059-RqB0iDF9SCAXidD4P33i
3981,aapp_competition_test,0,4334,14356,8437,C:\Users\durgamaniryudh\Desktop\Learn\testing_evals\test\aapp_competition_test\3981\3981_gen_0.sv,tngtech/deepseek-r1t2-chimera:free,stop,,gen-1768536781-kMAPnK5c5sPJLlLHUTWk
3441,aapp_competition_test,0,4677,1730,786,C:\Users\durgamaniryudh\Desktop\Learn\testing_evals\test\aapp_competition_test\3441\3441_gen_0.sv,tngtech/deepseek-r1t2-chimera:free,stop,,gen-1768537100-mP9ki635TgxPXqKmBsMB
3349,aapp_competition_test,0,4464,3649,964,C:\Users\durgamaniryudh\Desktop\Learn\testing_evals\test\aapp_competition_test\3349\3349_gen_0.sv,tngtech/deepseek-r1t2-chimera:free,stop,,gen-1768537050-3j9DHsdsFEXmuDDNAV5i
3542,aapp_competition_test,0,4673,1339,621,C:\Users\durgamaniryudh\Desktop\Learn\testing_evals\test\aapp_competition_test\3542\3542_gen_0.sv,tngtech/deepseek-r1t2-chimera:free,stop,,gen-1768537121-9UuSpXy7KdReltiRaBn2
3892,aapp_competition_test,0,4373,12750,10258,C:\Users\durgamaniryudh\Desktop\Learn\testing_evals\test\aapp_competition_test\3892\3892_gen_0.sv,tngtech/deepseek-r1t2-chimera:free,stop,,gen-1768536834-RsgbgbLu01dhTWeetXRN
113,human_eval_test,0,4477,7356,5647,C:\Users\durgamaniryudh\Desktop\Learn\testing_evals\test\human_eval_test\113\113_gen_0.sv,tngtech/deepseek-r1t2-chimera:free,stop,,gen-1768537001-BfJ6cG2Z8atFdRuh02wt
3492,aapp_competition_test,0,6184,3445,983,C:\Users\durgamaniryudh\Desktop\Learn\testing_evals\test\aapp_competition_test\3492\3492_gen_0.sv,tngtech/deepseek-r1t2-chimera:free,stop,,gen-1768537111-y4AR0swFpMCypLQM9uhi
3209,aapp_competition_test,0,5180,5236,3755,C:\Users\durgamaniryudh\Desktop\Learn\testing_evals\test\aapp_competition_test\3209\3209_gen_0.sv,tngtech/deepseek-r1t2-chimera:free,stop,,gen-1768537049-O9ySBtGGSHFEonylRmiY
16,mbpp_test,0,4537,2307,651,C:\Users\durgamaniryudh\Desktop\Learn\testing_evals\test\mbpp_test\16\16_gen_0.sv,tngtech/deepseek-r1t2-chimera:free,stop,,gen-1768537172-sH6Ij8K3maFjUtG1nbYl
3022,aapp_competition_test,0,4183,1265,668,C:\Users\durgamaniryudh\Desktop\Learn\testing_evals\test\aapp_competition_test\3022\3022_gen_0.sv,tngtech/deepseek-r1t2-chimera:free,stop,,gen-1768537201-J8hIplnvCxvKO70PIST3
3802,aapp_competition_test,0,6615,4581,1095,C:\Users\durgamaniryudh\Desktop\Learn\testing_evals\test\aapp_competition_test\3802\3802_gen_0.sv,tngtech/deepseek-r1t2-chimera:free,stop,,gen-1768537137-3DsoV6ojcGYqwOtoxzKI
157,human_eval_test,0,3936,1797,1425,C:\Users\durgamaniryudh\Desktop\Learn\testing_evals\test\human_eval_test\157\157_gen_0.sv,tngtech/deepseek-r1t2-chimera:free,stop,,gen-1768537191-Q7tTc0EA4T7ePHYOIuay
3841,aapp_competition_test,0,4050,5359,5098,C:\Users\durgamaniryudh\Desktop\Learn\testing_evals\test\aapp_competition_test\3841\3841_gen_0.sv,tngtech/deepseek-r1t2-chimera:free,stop,,gen-1768537141-mTAxafZv8k9nEidiRexc
3118,aapp_competition_test,0,4345,2693,1019,C:\Users\durgamaniryudh\Desktop\Learn\testing_evals\test\aapp_competition_test\3118\3118_gen_0.sv,tngtech/deepseek-r1t2-chimera:free,stop,,gen-1768537203-8d9QnWhijIMedJa3osK2
3444,aapp_competition_test,0,4282,10511,8794,C:\Users\durgamaniryudh\Desktop\Learn\testing_evals\test\aapp_competition_test\3444\3444_gen_0.sv,tngtech/deepseek-r1t2-chimera:free,stop,,gen-1768536969-v0ms4U6xSZsc7alwn7QQ
293,mbpp_test,0,4404,5326,4170,C:\Users\durgamaniryudh\Desktop\Learn\testing_evals\test\mbpp_test\293\293_gen_0.sv,tngtech/deepseek-r1t2-chimera:free,stop,,gen-1768537161-BDKpM8ztdIGNOO8kBx7P
3393,aapp_competition_test,0,4812,1890,1053,C:\Users\durgamaniryudh\Desktop\Learn\testing_evals\test\aapp_competition_test\3393\3393_gen_0.sv,tngtech/deepseek-r1t2-chimera:free,stop,,gen-1768537268-ANMzjzhJpRqjDjCgEqdo
3214,aapp_competition_test,0,5416,2553,568,C:\Users\durgamaniryudh\Desktop\Learn\testing_evals\test\aapp_competition_test\3214\3214_gen_0.sv,tngtech/deepseek-r1t2-chimera:free,stop,,gen-1768537246-M9yXZJpdrtErvoEUVyvt
3438,aapp_competition_test,0,5087,2342,901,C:\Users\durgamaniryudh\Desktop\Learn\testing_evals\test\aapp_competition_test\3438\3438_gen_0.sv,tngtech/deepseek-r1t2-chimera:free,stop,,gen-1768537291-L0JpP54aTWL1UBc476ek
3495,aapp_competition_test,0,5352,2599,701,C:\Users\durgamaniryudh\Desktop\Learn\testing_evals\test\aapp_competition_test\3495\3495_gen_0.sv,tngtech/deepseek-r1t2-chimera:free,stop,,gen-1768537292-ZBotxxR0B9DAFA9nG6zJ
109,mbpp_test,0,3891,663,595,C:\Users\durgamaniryudh\Desktop\Learn\testing_evals\test\mbpp_test\109\109_gen_0.sv,tngtech/deepseek-r1t2-chimera:free,stop,,gen-1768537352-iNSwXT8KVb7tMVJ7XveL
3686,aapp_competition_test,0,4472,1997,1103,C:\Users\durgamaniryudh\Desktop\Learn\testing_evals\test\aapp_competition_test\3686\3686_gen_0.sv,tngtech/deepseek-r1t2-chimera:free,stop,,gen-1768537318-tvOm7r8959OuGRcWJZI3
142,human_eval_test,0,4177,9164,8766,C:\Users\durgamaniryudh\Desktop\Learn\testing_evals\test\human_eval_test\142\142_gen_0.sv,tngtech/deepseek-r1t2-chimera:free,stop,,gen-1768537150-Uw1qiNkoLMdU8ZUkAY8E
3693,aapp_competition_test,0,4048,10929,8192,C:\Users\durgamaniryudh\Desktop\Learn\testing_evals\test\aapp_competition_test\3693\3693_gen_0.sv,tngtech/deepseek-r1t2-chimera:free,stop,,gen-1768537130-RTfT2X88rCUgLb8vxYly
3162,aapp_competition_test,0,4142,6619,6004,C:\Users\durgamaniryudh\Desktop\Learn\testing_evals\test\aapp_competition_test\3162\3162_gen_0.sv,tngtech/deepseek-r1t2-chimera:free,stop,,gen-1768537242-YRwdmYJz5Lu7dYedYfzl
3008,aapp_competition_test,0,3987,1109,670,C:\Users\durgamaniryudh\Desktop\Learn\testing_evals\test\aapp_competition_test\3008\3008_gen_0.sv,tngtech/deepseek-r1t2-chimera:free,stop,,gen-1768537426-I1v4DhV1LN1CWRVSIxJy
67,mbpp_test,0,4194,3119,2126,C:\Users\durgamaniryudh\Desktop\Learn\testing_evals\test\mbpp_test\67\67_gen_0.sv,tngtech/deepseek-r1t2-chimera:free,stop,,gen-1768537370-7j5StD4YZ7FHS9ZjUJSp
3727,aapp_competition_test,0,4956,5748,4088,C:\Users\durgamaniryudh\Desktop\Learn\testing_evals\test\aapp_competition_test\3727\3727_gen_0.sv,tngtech/deepseek-r1t2-chimera:free,stop,,gen-1768537322-GBwW7g4CD5pTcDLWcBQr
3870,aapp_competition_test,0,6172,3725,884,C:\Users\durgamaniryudh\Desktop\Learn\testing_evals\test\aapp_competition_test\3870\3870_gen_0.sv,tngtech/deepseek-r1t2-chimera:free,stop,,gen-1768537393-ruMzX7kwpBfKn8hWNS5h
3204,aapp_competition_test,0,4537,1788,838,C:\Users\durgamaniryudh\Desktop\Learn\testing_evals\test\aapp_competition_test\3204\3204_gen_0.sv,tngtech/deepseek-r1t2-chimera:free,stop,,gen-1768537466-hkCQ53LzavafvyttqK2T
3122,aapp_competition_test,0,5456,2789,969,C:\Users\durgamaniryudh\Desktop\Learn\testing_evals\test\aapp_competition_test\3122\3122_gen_0.sv,tngtech/deepseek-r1t2-chimera:free,stop,,gen-1768537437-CjxEVhTQJjR7l0sAzQyI
3494,aapp_competition_test,0,4575,1872,846,C:\Users\durgamaniryudh\Desktop\Learn\testing_evals\test\aapp_competition_test\3494\3494_gen_0.sv,tngtech/deepseek-r1t2-chimera:free,stop,,gen-1768537531-kL4BkjxQyDSmT66jO8bv
3541,aapp_competition_test,0,3964,8732,8740,C:\Users\durgamaniryudh\Desktop\Learn\testing_evals\test\aapp_competition_test\3541\3541_gen_0.sv,tngtech/deepseek-r1t2-chimera:free,stop,,gen-1768537300-tCo8u4vhngBiiACUmQsn
565,mbpp_validation,0,4094,7403,7112,C:\Users\durgamaniryudh\Desktop\Learn\testing_evals\test\mbpp_validation\565\565_gen_0.sv,tngtech/deepseek-r1t2-chimera:free,stop,,gen-1768537380-BnvjGY2ma7IHjmOFhUyQ
145,human_eval_test,0,4178,8458,7759,C:\Users\durgamaniryudh\Desktop\Learn\testing_evals\test\human_eval_test\145\145_gen_0.sv,tngtech/deepseek-r1t2-chimera:free,stop,,gen-1768537346-Xm3vcjiAILhKUv1XXmat
3446,aapp_competition_test,0,5806,3217,868,C:\Users\durgamaniryudh\Desktop\Learn\testing_evals\test\aapp_competition_test\3446\3446_gen_0.sv,tngtech/deepseek-r1t2-chimera:free,stop,,gen-1768537515-TnyNPbAWWbRHWuGwwsVW
3402,aapp_competition_test,0,5229,3600,1247,C:\Users\durgamaniryudh\Desktop\Learn\testing_evals\test\aapp_competition_test\3402\3402_gen_0.sv,tngtech/deepseek-r1t2-chimera:free,stop,,gen-1768537532-nqbFhBjrKr7fEwCvARuU
100,mbpp_test,0,4030,1404,1146,C:\Users\durgamaniryudh\Desktop\Learn\testing_evals\test\mbpp_test\100\100_gen_0.sv,tngtech/deepseek-r1t2-chimera:free,stop,,gen-1768537594-XPdWs921UnZ1nHD5f4Ii
3966,aapp_competition_test,0,4223,8906,8270,C:\Users\durgamaniryudh\Desktop\Learn\testing_evals\test\aapp_competition_test\3966\3966_gen_0.sv,tngtech/deepseek-r1t2-chimera:free,stop,,gen-1768537375-SnjTzMplnO1M7IUAr36r
3539,aapp_competition_test,0,4146,2109,1274,C:\Users\durgamaniryudh\Desktop\Learn\testing_evals\test\aapp_competition_test\3539\3539_gen_0.sv,tngtech/deepseek-r1t2-chimera:free,stop,,gen-1768537582-wumYjG5UaKnNd0IJIdEm
595,mbpp_validation,0,4263,1399,718,C:\Users\durgamaniryudh\Desktop\Learn\testing_evals\test\mbpp_validation\595\595_gen_0.sv,tngtech/deepseek-r1t2-chimera:free,stop,,gen-1768537625-TCfXYVNWZ9PHiyHKF3JC
627,mbpp_train,0,4635,3344,2343,C:\Users\durgamaniryudh\Desktop\Learn\testing_evals\test\mbpp_train\627\627_gen_0.sv,tngtech/deepseek-r1t2-chimera:free,stop,,gen-1768537611-Xa92J4OJNeDpO7yf5FGA
3351,aapp_competition_test,0,4048,15078,10816,C:\Users\durgamaniryudh\Desktop\Learn\testing_evals\test\aapp_competition_test\3351\3351_gen_0.sv,tngtech/deepseek-r1t2-chimera:free,stop,,gen-1768537248-PaTxHjaTNGIOUjl8LaNQ
3171,aapp_competition_test,0,5238,1665,592,C:\Users\durgamaniryudh\Desktop\Learn\testing_evals\test\aapp_competition_test\3171\3171_gen_0.sv,tngtech/deepseek-r1t2-chimera:free,stop,,gen-1768537659-uR66Wmy9Ueb8Lr9KshhG
473,mbpp_test,0,5457,2982,893,C:\Users\durgamaniryudh\Desktop\Learn\testing_evals\test\mbpp_test\473\473_gen_0.sv,tngtech/deepseek-r1t2-chimera:free,stop,,gen-1768537632-p7rHy5cg7etKHvqb91YS
3691,aapp_competition_test,0,4585,4186,2776,C:\Users\durgamaniryudh\Desktop\Learn\testing_evals\test\aapp_competition_test\3691\3691_gen_0.sv,tngtech/deepseek-r1t2-chimera:free,stop,,gen-1768537590-OkGV5NAWJzzYpDL8Boyw
3121,aapp_competition_test,0,6058,3810,828,C:\Users\durgamaniryudh\Desktop\Learn\testing_evals\test\aapp_competition_test\3121\3121_gen_0.sv,tngtech/deepseek-r1t2-chimera:free,stop,,gen-1768537644-hz8ATF8OGUYE3Pg9vYaI
3406,aapp_competition_test,0,4739,2008,964,C:\Users\durgamaniryudh\Desktop\Learn\testing_evals\test\aapp_competition_test\3406\3406_gen_0.sv,tngtech/deepseek-r1t2-chimera:free,stop,,gen-1768537697-ruTJRpDocRZVlESgWZD8
3449,aapp_competition_test,0,6924,2205,851,C:\Users\durgamaniryudh\Desktop\Learn\testing_evals\test\aapp_competition_test\3449\3449_gen_0.sv,tngtech/deepseek-r1t2-chimera:free,stop,,gen-1768537707-fsHRt41azfTswaH7s28M
3354,aapp_competition_test,0,4607,10415,8158,C:\Users\durgamaniryudh\Desktop\Learn\testing_evals\test\aapp_competition_test\3354\3354_gen_0.sv,tngtech/deepseek-r1t2-chimera:free,stop,,gen-1768537485-5wOkbbwX5Vz7lPAYmmXa
3827,aapp_competition_test,0,4159,6672,6205,C:\Users\durgamaniryudh\Desktop\Learn\testing_evals\test\aapp_competition_test\3827\3827_gen_0.sv,tngtech/deepseek-r1t2-chimera:free,stop,,gen-1768537591-5DB6DoPWmyIPfHaXa49q
762,mbpp_train,0,3780,527,437,C:\Users\durgamaniryudh\Desktop\Learn\testing_evals\test\mbpp_train\762\762_gen_0.sv,tngtech/deepseek-r1t2-chimera:free,stop,,gen-1768537779-f57jIVHAnGMc0l3w2oOu
3356,aapp_competition_test,0,5458,3935,1207,C:\Users\durgamaniryudh\Desktop\Learn\testing_evals\test\aapp_competition_test\3356\3356_gen_0.sv,tngtech/deepseek-r1t2-chimera:free,stop,,gen-1768537692-XdWyRUMszkUTpcLGOSSf
3986,aapp_competition_test,0,4032,987,660,C:\Users\durgamaniryudh\Desktop\Learn\testing_evals\test\aapp_competition_test\3986\3986_gen_0.sv,tngtech/deepseek-r1t2-chimera:free,stop,,gen-1768537780-pDItii5MnfFyfHwMVnqq
458,mbpp_test,0,3768,420,391,C:\Users\durgamaniryudh\Desktop\Learn\testing_evals\test\mbpp_test\458\458_gen_0.sv,tngtech/deepseek-r1t2-chimera:free,stop,,gen-1768537803-S857BVku2txs9oqBm7X1
3019,aapp_competition_test,0,4410,6380,3876,C:\Users\durgamaniryudh\Desktop\Learn\testing_evals\test\aapp_competition_test\3019\3019_gen_0.sv,tngtech/deepseek-r1t2-chimera:free,stop,,gen-1768537641-QB9PWk8hYlApHRTFa5Xy
3485,aapp_competition_test,0,4949,4077,2495,C:\Users\durgamaniryudh\Desktop\Learn\testing_evals\test\aapp_competition_test\3485\3485_gen_0.sv,tngtech/deepseek-r1t2-chimera:free,stop,,gen-1768537709-GFsmzySfc3Ltw1W2sfl7
3219,aapp_competition_test,0,4204,4707,4102,C:\Users\durgamaniryudh\Desktop\Learn\testing_evals\test\aapp_competition_test\3219\3219_gen_0.sv,tngtech/deepseek-r1t2-chimera:free,stop,,gen-1768537691-RkUVJAadyjg0vi23CDmo
631,mbpp_train,0,4378,1650,1111,C:\Users\durgamaniryudh\Desktop\Learn\testing_evals\test\mbpp_train\631\631_gen_0.sv,tngtech/deepseek-r1t2-chimera:free,stop,,gen-1768537800-xPXHeT4OrZ1NJ5swQdAB
573,mbpp_validation,0,5109,2250,1090,C:\Users\durgamaniryudh\Desktop\Learn\testing_evals\test\mbpp_validation\573\573_gen_0.sv,tngtech/deepseek-r1t2-chimera:free,stop,,gen-1768537807-0XXrK5fYYoqPLjULqx73
3890,aapp_competition_test,0,4683,2259,1091,C:\Users\durgamaniryudh\Desktop\Learn\testing_evals\test\aapp_competition_test\3890\3890_gen_0.sv,tngtech/deepseek-r1t2-chimera:free,stop,,gen-1768537830-Z1HMBkb10l2FgUtV0i3L
3544,aapp_competition_test,0,4543,6608,5673,C:\Users\durgamaniryudh\Desktop\Learn\testing_evals\test\aapp_competition_test\3544\3544_gen_0.sv,tngtech/deepseek-r1t2-chimera:free,stop,,gen-1768537742-9X52KKBqklPnflWhMDe4
3165,aapp_competition_test,0,4475,16162,10715,C:\Users\durgamaniryudh\Desktop\Learn\testing_evals\test\aapp_competition_test\3165\3165_gen_0.sv,tngtech/deepseek-r1t2-chimera:free,stop,,gen-1768537455-RKmEBYDSw7Ie8wPBktUF
3117,aapp_competition_test,0,4673,2733,1501,C:\Users\durgamaniryudh\Desktop\Learn\testing_evals\test\aapp_competition_test\3117\3117_gen_0.sv,tngtech/deepseek-r1t2-chimera:free,stop,,gen-1768537854-8pOJ08mc9KByj8IGlZYc
3220,aapp_competition_test,0,4112,2083,1108,C:\Users\durgamaniryudh\Desktop\Learn\testing_evals\test\aapp_competition_test\3220\3220_gen_0.sv,tngtech/deepseek-r1t2-chimera:free,stop,,gen-1768537888-8f7wHt5EkOEBthL9HXqL
14,human_eval_test,0,4177,4985,4617,C:\Users\durgamaniryudh\Desktop\Learn\testing_evals\test\human_eval_test\14\14_gen_0.sv,tngtech/deepseek-r1t2-chimera:free,stop,,gen-1768537817-5ydI2wZwIv3MRkDV1o15
3364,aapp_competition_test,0,4493,1681,644,C:\Users\durgamaniryudh\Desktop\Learn\testing_evals\test\aapp_competition_test\3364\3364_gen_0.sv,tngtech/deepseek-r1t2-chimera:free,stop,,gen-1768537930-D5fjURCZtyFwoBfkpK7f
3169,aapp_competition_test,0,4086,4745,1659,C:\Users\durgamaniryudh\Desktop\Learn\testing_evals\test\aapp_competition_test\3169\3169_gen_0.sv,tngtech/deepseek-r1t2-chimera:free,stop,,gen-1768537871-WnN7Atp7ydnXzUy09fIi
3694,aapp_competition_test,0,4416,1529,617,C:\Users\durgamaniryudh\Desktop\Learn\testing_evals\test\aapp_competition_test\3694\3694_gen_0.sv,tngtech/deepseek-r1t2-chimera:free,stop,,gen-1768537984-CbowKOnbTbdZgVXrTBnJ
3447,aapp_competition_test,0,5372,3107,1130,C:\Users\durgamaniryudh\Desktop\Learn\testing_evals\test\aapp_competition_test\3447\3447_gen_0.sv,tngtech/deepseek-r1t2-chimera:free,stop,,gen-1768537941-8HSTMqBZwTe0Wuahig2C
3403,aapp_competition_test,0,4531,3317,2399,C:\Users\durgamaniryudh\Desktop\Learn\testing_evals\test\aapp_competition_test\3403\3403_gen_0.sv,tngtech/deepseek-r1t2-chimera:free,stop,,gen-1768537935-aq6kgz3s7zXZdfR0Q6Y9
3500,aapp_competition_test,0,4914,2789,2834,C:\Users\durgamaniryudh\Desktop\Learn\testing_evals\test\aapp_competition_test\3500\3500_gen_0.sv,tngtech/deepseek-r1t2-chimera:free,stop,,gen-1768537956-NSkjGunkFFcSo5m4JuMH
3692,aapp_competition_test,0,3895,11050,9153,C:\Users\durgamaniryudh\Desktop\Learn\testing_evals\test\aapp_competition_test\3692\3692_gen_0.sv,tngtech/deepseek-r1t2-chimera:free,stop,,gen-1768537749-rawbT3zFEoekPDIbeoKf
3550,aapp_competition_test,0,5341,3046,1325,C:\Users\durgamaniryudh\Desktop\Learn\testing_evals\test\aapp_competition_test\3550\3550_gen_0.sv,tngtech/deepseek-r1t2-chimera:free,stop,,gen-1768537966-MktTJnagfUrpGrAmVROJ
105,human_eval_test,0,4209,10403,7152,C:\Users\durgamaniryudh\Desktop\Learn\testing_evals\test\human_eval_test\105\105_gen_0.sv,tngtech/deepseek-r1t2-chimera:free,stop,,gen-1768537772-nmKDG4UzDXgSwOxdIF7G
3359,aapp_competition_test,0,4474,1839,1004,C:\Users\durgamaniryudh\Desktop\Learn\testing_evals\test\aapp_competition_test\3359\3359_gen_0.sv,tngtech/deepseek-r1t2-chimera:free,stop,,gen-1768538060-uJRrSWKyfhyea8U7RGqq
3106,aapp_competition_test,0,3942,2385,1900,C:\Users\durgamaniryudh\Desktop\Learn\testing_evals\test\aapp_competition_test\3106\3106_gen_0.sv,tngtech/deepseek-r1t2-chimera:free,stop,,gen-1768538040-RyxCZylmSskDzZMpd8nK
3018,aapp_competition_test,0,6033,2914,1489,C:\Users\durgamaniryudh\Desktop\Learn\testing_evals\test\aapp_competition_test\3018\3018_gen_0.sv,tngtech/deepseek-r1t2-chimera:free,stop,,gen-1768538032-qCOIZdKAQ6OaXndQU6Gg
3166,aapp_competition_test,0,4256,3400,1370,C:\Users\durgamaniryudh\Desktop\Learn\testing_evals\test\aapp_competition_test\3166\3166_gen_0.sv,tngtech/deepseek-r1t2-chimera:free,stop,,gen-1768538045-UP6i1wlMn6sl6LOIz4Qh
3015,aapp_competition_test,0,4695,10231,9041,C:\Users\durgamaniryudh\Desktop\Learn\testing_evals\test\aapp_competition_test\3015\3015_gen_0.sv,tngtech/deepseek-r1t2-chimera:free,stop,,gen-1768537833-YXMJE8cQEIqtTFtZQjzD
3404,aapp_competition_test,0,4090,3248,1675,C:\Users\durgamaniryudh\Desktop\Learn\testing_evals\test\aapp_competition_test\3404\3404_gen_0.sv,tngtech/deepseek-r1t2-chimera:free,stop,,gen-1768538064-g802jezYnyTWib8zj9q0
3847,aapp_competition_test,0,4086,9553,7545,C:\Users\durgamaniryudh\Desktop\Learn\testing_evals\test\aapp_competition_test\3847\3847_gen_0.sv,tngtech/deepseek-r1t2-chimera:free,stop,,gen-1768537831-WB0dLltfRbkkk6dq09vd
3501,aapp_competition_test,0,5641,2062,524,C:\Users\durgamaniryudh\Desktop\Learn\testing_evals\test\aapp_competition_test\3501\3501_gen_0.sv,tngtech/deepseek-r1t2-chimera:free,stop,,gen-1768538112-eNT4hFqw0hVg8SxMnyWq
3695,aapp_competition_test,0,4736,2179,586,C:\Users\durgamaniryudh\Desktop\Learn\testing_evals\test\aapp_competition_test\3695\3695_gen_0.sv,tngtech/deepseek-r1t2-chimera:free,stop,,gen-1768538114-qKE2TEPSuOUUf2eTZDWt
11,human_eval_test,0,3837,518,502,C:\Users\durgamaniryudh\Desktop\Learn\testing_evals\test\human_eval_test\11\11_gen_0.sv,tngtech/deepseek-r1t2-chimera:free,stop,,gen-1768538177-bwukJcbig3n7VkRdprYU
3800,aapp_competition_test,0,4479,2177,1046,C:\Users\durgamaniryudh\Desktop\Learn\testing_evals\test\aapp_competition_test\3800\3800_gen_0.sv,tngtech/deepseek-r1t2-chimera:free,stop,,gen-1768538144-VDgZrsuHdUGv3rsvJnQf
392,mbpp_test,0,4209,1754,1120,C:\Users\durgamaniryudh\Desktop\Learn\testing_evals\test\mbpp_test\392\392_gen_0.sv,tngtech/deepseek-r1t2-chimera:free,stop,,gen-1768538161-0DgCfNk4b9sAWCbFJPGP
3850,aapp_competition_test,0,3924,2617,1009,C:\Users\durgamaniryudh\Desktop\Learn\testing_evals\test\aapp_competition_test\3850\3850_gen_0.sv,tngtech/deepseek-r1t2-chimera:free,stop,,gen-1768538153-q6RN8fXK37OnsnLrXuN1
3452,aapp_competition_test,0,4241,4985,4156,C:\Users\durgamaniryudh\Desktop\Learn\testing_evals\test\aapp_competition_test\3452\3452_gen_0.sv,tngtech/deepseek-r1t2-chimera:free,stop,,gen-1768538083-C2qLObeMc5gO2TkQqRAA
3123,aapp_competition_test,0,4183,1086,587,C:\Users\durgamaniryudh\Desktop\Learn\testing_evals\test\aapp_competition_test\3123\3123_gen_0.sv,tngtech/deepseek-r1t2-chimera:free,stop,,gen-1768538213-r21GLWvwVGunoP1DobgM
155,human_eval_test,0,4266,7618,7604,C:\Users\durgamaniryudh\Desktop\Learn\testing_evals\test\human_eval_test\155\155_gen_0.sv,tngtech/deepseek-r1t2-chimera:free,stop,,gen-1768538022-m7vfr0Mvl69CONR0Pifc
3170,aapp_competition_test,0,5282,2652,677,C:\Users\durgamaniryudh\Desktop\Learn\testing_evals\test\aapp_competition_test\3170\3170_gen_0.sv,tngtech/deepseek-r1t2-chimera:free,stop,,gen-1768538214-F2ZWn0iCLWmZNtqmoh0q
3216,aapp_competition_test,0,5035,2375,826,C:\Users\durgamaniryudh\Desktop\Learn\testing_evals\test\aapp_competition_test\3216\3216_gen_0.sv,tngtech/deepseek-r1t2-chimera:free,stop,,gen-1768538227-IEWBpuxdisn6WK9qCdyP
3439,aapp_competition_test,0,4231,1227,601,C:\Users\durgamaniryudh\Desktop\Learn\testing_evals\test\aapp_competition_test\3439\3439_gen_0.sv,tngtech/deepseek-r1t2-chimera:free,stop,,gen-1768538257-SatMkNFr5u5deber7Rug
3026,aapp_competition_test,0,6079,3923,829,C:\Users\durgamaniryudh\Desktop\Learn\testing_evals\test\aapp_competition_test\3026\3026_gen_0.sv,tngtech/deepseek-r1t2-chimera:free,stop,,gen-1768538196-bs9H17oIQGOkxWBXAPni
3210,aapp_competition_test,0,4803,9109,6984,C:\Users\durgamaniryudh\Desktop\Learn\testing_evals\test\aapp_competition_test\3210\3210_gen_0.sv,tngtech/deepseek-r1t2-chimera:free,stop,,gen-1768538049-41sdBJyLbkg9vnIB5e2U
409,mbpp_test,0,4282,5088,4612,C:\Users\durgamaniryudh\Desktop\Learn\testing_evals\test\mbpp_test\409\409_gen_0.sv,tngtech/deepseek-r1t2-chimera:free,stop,,gen-1768538172-AaWaczBfjlHdPfL6uGjB
3400,aapp_competition_test,0,5104,3327,1571,C:\Users\durgamaniryudh\Desktop\Learn\testing_evals\test\aapp_competition_test\3400\3400_gen_0.sv,tngtech/deepseek-r1t2-chimera:free,stop,,gen-1768538246-MqFXT9EKYLH3UiKBO7eI
442,mbpp_test,0,4712,1795,849,C:\Users\durgamaniryudh\Desktop\Learn\testing_evals\test\mbpp_test\442\442_gen_0.sv,tngtech/deepseek-r1t2-chimera:free,stop,,gen-1768538306-wWg0wSB1upMDTs4mIJre
3499,aapp_competition_test,0,4761,1944,1217,C:\Users\durgamaniryudh\Desktop\Learn\testing_evals\test\aapp_competition_test\3499\3499_gen_0.sv,tngtech/deepseek-r1t2-chimera:free,stop,,gen-1768538290-iSQxULG0y9P7k94PAB36
3362,aapp_competition_test,0,5955,3941,977,C:\Users\durgamaniryudh\Desktop\Learn\testing_evals\test\aapp_competition_test\3362\3362_gen_0.sv,tngtech/deepseek-r1t2-chimera:free,stop,,gen-1768538245-duqOdfaN46T5QuWIh3Kp
3547,aapp_competition_test,0,4794,2493,1470,C:\Users\durgamaniryudh\Desktop\Learn\testing_evals\test\aapp_competition_test\3547\3547_gen_0.sv,tngtech/deepseek-r1t2-chimera:free,stop,,gen-1768538295-qJuOXHoWFNwTsXQRMmRM
3689,aapp_competition_test,0,4913,2904,1739,C:\Users\durgamaniryudh\Desktop\Learn\testing_evals\test\aapp_competition_test\3689\3689_gen_0.sv,tngtech/deepseek-r1t2-chimera:free,stop,,gen-1768538302-2OrIJsMi4lBfHwSVOLHE
623,mbpp_train,0,4252,7516,6968,C:\Users\durgamaniryudh\Desktop\Learn\testing_evals\test\mbpp_train\623\623_gen_0.sv,tngtech/deepseek-r1t2-chimera:free,stop,,gen-1768538163-WoVapESBDf6lG41g81Ig
3873,aapp_competition_test,0,5213,2466,632,C:\Users\durgamaniryudh\Desktop\Learn\testing_evals\test\aapp_competition_test\3873\3873_gen_0.sv,tngtech/deepseek-r1t2-chimera:free,stop,,gen-1768538358-MHG8ujuIjNDak9pJ5Juj
3962,aapp_competition_test,0,4591,1965,942,C:\Users\durgamaniryudh\Desktop\Learn\testing_evals\test\aapp_competition_test\3962\3962_gen_0.sv,tngtech/deepseek-r1t2-chimera:free,stop,,gen-1768538354-NhFhFARTv6v9STVG9AdS
3029,aapp_competition_test,0,5451,2818,951,C:\Users\durgamaniryudh\Desktop\Learn\testing_evals\test\aapp_competition_test\3029\3029_gen_0.sv,tngtech/deepseek-r1t2-chimera:free,stop,,gen-1768538360-j3c5cnKXbszVe2IFMQsA
3124,aapp_competition_test,0,5332,2833,670,C:\Users\durgamaniryudh\Desktop\Learn\testing_evals\test\aapp_competition_test\3124\3124_gen_0.sv,tngtech/deepseek-r1t2-chimera:free,stop,,gen-1768538361-UJA2vBoNkqYBy5U4l3Y9
3548,aapp_competition_test,0,4447,11265,9797,C:\Users\durgamaniryudh\Desktop\Learn\testing_evals\test\aapp_competition_test\3548\3548_gen_0.sv,tngtech/deepseek-r1t2-chimera:free,stop,,gen-1768538113-2zfrUBkM6gla7hXvei3n
3732,aapp_competition_test,0,3918,3691,3111,C:\Users\durgamaniryudh\Desktop\Learn\testing_evals\test\aapp_competition_test\3732\3732_gen_0.sv,tngtech/deepseek-r1t2-chimera:free,stop,,gen-1768538338-k8p1iuQzsNxxuwaJxmMS
3217,aapp_competition_test,0,5327,2231,923,C:\Users\durgamaniryudh\Desktop\Learn\testing_evals\test\aapp_competition_test\3217\3217_gen_0.sv,tngtech/deepseek-r1t2-chimera:free,stop,,gen-1768538409-e5Lnn1tae0bXkEaoqbdr
3174,aapp_competition_test,0,4129,4367,2202,C:\Users\durgamaniryudh\Desktop\Learn\testing_evals\test\aapp_competition_test\3174\3174_gen_0.sv,tngtech/deepseek-r1t2-chimera:free,stop,,gen-1768538384-7flQ9hualyn4Q0nPWKUi
3368,aapp_competition_test,0,4239,3623,1402,C:\Users\durgamaniryudh\Desktop\Learn\testing_evals\test\aapp_competition_test\3368\3368_gen_0.sv,tngtech/deepseek-r1t2-chimera:free,stop,,gen-1768538413-CADMvFJbzTGsmaBgeZF8
3821,aapp_competition_test,0,4511,2341,989,C:\Users\durgamaniryudh\Desktop\Learn\testing_evals\test\aapp_competition_test\3821\3821_gen_0.sv,tngtech/deepseek-r1t2-chimera:free,stop,,gen-1768538465-6Hj5hwxwEy4qovCKUZQ2
3407,aapp_competition_test,0,6702,3604,941,C:\Users\durgamaniryudh\Desktop\Learn\testing_evals\test\aapp_competition_test\3407\3407_gen_0.sv,tngtech/deepseek-r1t2-chimera:free,stop,,gen-1768538418-1x73uHoZz8oGyigvuNI3
3493,aapp_competition_test,0,5793,3190,1347,C:\Users\durgamaniryudh\Desktop\Learn\testing_evals\test\aapp_competition_test\3493\3493_gen_0.sv,tngtech/deepseek-r1t2-chimera:free,stop,,gen-1768538443-n5bBXIiwA89VO0xktQHe
229,mbpp_test,0,4049,6223,5544,C:\Users\durgamaniryudh\Desktop\Learn\testing_evals\test\mbpp_test\229\229_gen_0.sv,tngtech/deepseek-r1t2-chimera:free,stop,,gen-1768538344-3y26vSWhBDiFFDPvZcKY
433,mbpp_test,0,4234,1353,683,C:\Users\durgamaniryudh\Desktop\Learn\testing_evals\test\mbpp_test\433\433_gen_0.sv,tngtech/deepseek-r1t2-chimera:free,stop,,gen-1768538511-Ocq01V2aR1DR5P52nKHT
3442,aapp_competition_test,0,3947,4047,3848,C:\Users\durgamaniryudh\Desktop\Learn\testing_evals\test\aapp_competition_test\3442\3442_gen_0.sv,tngtech/deepseek-r1t2-chimera:free,stop,,gen-1768538435-UsN1IRWryLrHmcSiE0KP
3697,aapp_competition_test,0,4537,4008,2854,C:\Users\durgamaniryudh\Desktop\Learn\testing_evals\test\aapp_competition_test\3697\3697_gen_0.sv,tngtech/deepseek-r1t2-chimera:free,stop,,gen-1768538454-IYNVU5Rh702FaTF3d1bI
3125,aapp_competition_test,0,4891,1815,810,C:\Users\durgamaniryudh\Desktop\Learn\testing_evals\test\aapp_competition_test\3125\3125_gen_0.sv,tngtech/deepseek-r1t2-chimera:free,stop,,gen-1768538529-hJ7ft3Tc9VOgzfE04pbI
123,human_eval_test,0,4172,8778,7991,C:\Users\durgamaniryudh\Desktop\Learn\testing_evals\test\human_eval_test\123\123_gen_0.sv,tngtech/deepseek-r1t2-chimera:free,stop,,gen-1768538316-HamIv5NhbFr0kQ1pbqJH
3367,aapp_competition_test,0,4484,2541,786,C:\Users\durgamaniryudh\Desktop\Learn\testing_evals\test\aapp_competition_test\3367\3367_gen_0.sv,tngtech/deepseek-r1t2-chimera:free,stop,,gen-1768538548-ppyGjAEUuI5VBoxBgZ0I
3023,aapp_competition_test,0,5184,3002,1021,C:\Users\durgamaniryudh\Desktop\Learn\testing_evals\test\aapp_competition_test\3023\3023_gen_0.sv,tngtech/deepseek-r1t2-chimera:free,stop,,gen-1768538529-ytIdzK4xJ2HmXaa6IAUU
232,mbpp_test,0,4755,3432,2305,C:\Users\durgamaniryudh\Desktop\Learn\testing_evals\test\mbpp_test\232\232_gen_0.sv,tngtech/deepseek-r1t2-chimera:free,stop,,gen-1768538517-CyzSUM539keLYO4o8zWL
3408,aapp_competition_test,0,5336,2186,697,C:\Users\durgamaniryudh\Desktop\Learn\testing_evals\test\aapp_competition_test\3408\3408_gen_0.sv,tngtech/deepseek-r1t2-chimera:free,stop,,gen-1768538567-tlgjSmMO1tXZL7lxiYme
3212,aapp_competition_test,0,5893,3692,823,C:\Users\durgamaniryudh\Desktop\Learn\testing_evals\test\aapp_competition_test\3212\3212_gen_0.sv,tngtech/deepseek-r1t2-chimera:free,stop,,gen-1768538548-tgKPVATNbeA43GCTs4pS
740,mbpp_train,0,4220,1304,674,C:\Users\durgamaniryudh\Desktop\Learn\testing_evals\test\mbpp_train\740\740_gen_0.sv,tngtech/deepseek-r1t2-chimera:free,stop,,gen-1768538644-pBihEJn4RIY6LKUvzWzj
3696,aapp_competition_test,0,5101,2143,517,C:\Users\durgamaniryudh\Desktop\Learn\testing_evals\test\aapp_competition_test\3696\3696_gen_0.sv,tngtech/deepseek-r1t2-chimera:free,stop,,gen-1768538623-t5JJU95AI2989Hl3x5yu
3172,aapp_competition_test,0,4966,5359,2910,C:\Users\durgamaniryudh\Desktop\Learn\testing_evals\test\aapp_competition_test\3172\3172_gen_0.sv,tngtech/deepseek-r1t2-chimera:free,stop,,gen-1768538533-QAgADcNgAlUG8ZFxHzN6
3982,aapp_competition_test,0,4816,1973,699,C:\Users\durgamaniryudh\Desktop\Learn\testing_evals\test\aapp_competition_test\3982\3982_gen_0.sv,tngtech/deepseek-r1t2-chimera:free,stop,,gen-1768538660-lt5Dm2opoM1TXqUjdpOF
3887,aapp_competition_test,0,4619,2024,897,C:\Users\durgamaniryudh\Desktop\Learn\testing_evals\test\aapp_competition_test\3887\3887_gen_0.sv,tngtech/deepseek-r1t2-chimera:free,stop,,gen-1768538706-USLUtU5DdC1Q4y6DGbg2
3546,aapp_competition_test,0,4290,11010,9056,C:\Users\durgamaniryudh\Desktop\Learn\testing_evals\test\aapp_competition_test\3546\3546_gen_0.sv,tngtech/deepseek-r1t2-chimera:free,stop,,gen-1768538446-YK4JOu5xbX3A50C4bgfg
799,mbpp_train,0,4082,4378,4389,C:\Users\durgamaniryudh\Desktop\Learn\testing_evals\test\mbpp_train\799\799_gen_0.sv,tngtech/deepseek-r1t2-chimera:free,stop,,gen-1768538641-hHDiKkJyafqqo1OoIkAB
3838,aapp_competition_test,0,3990,2305,848,C:\Users\durgamaniryudh\Desktop\Learn\testing_evals\test\aapp_competition_test\3838\3838_gen_0.sv,tngtech/deepseek-r1t2-chimera:free,stop,,gen-1768538724-nXrXb2fGLhxjz0WF0ZEU
3032,aapp_competition_test,0,4805,2442,1448,C:\Users\durgamaniryudh\Desktop\Learn\testing_evals\test\aapp_competition_test\3032\3032_gen_0.sv,tngtech/deepseek-r1t2-chimera:free,stop,,gen-1768538764-gCuUftpphsEw46uWSlNI
638,mbpp_train,0,4428,5470,3946,C:\Users\durgamaniryudh\Desktop\Learn\testing_evals\test\mbpp_train\638\638_gen_0.sv,tngtech/deepseek-r1t2-chimera:free,stop,,gen-1768538690-C2kCo7fAmq9U0gvqkxTx
3111,aapp_competition_test,0,4264,1929,1204,C:\Users\durgamaniryudh\Desktop\Learn\testing_evals\test\aapp_competition_test\3111\3111_gen_0.sv,tngtech/deepseek-r1t2-chimera:free,stop,,gen-1768538783-2zwHxSB7bDQXTEME88F1
3486,aapp_competition_test,0,4520,8005,6957,C:\Users\durgamaniryudh\Desktop\Learn\testing_evals\test\aapp_competition_test\3486\3486_gen_0.sv,tngtech/deepseek-r1t2-chimera:free,stop,,gen-1768538578-yc5Gr5CGczCN3BgDHP2x
3177,aapp_competition_test,0,5240,2341,941,C:\Users\durgamaniryudh\Desktop\Learn\testing_evals\test\aapp_competition_test\3177\3177_gen_0.sv,tngtech/deepseek-r1t2-chimera:free,stop,,gen-1768538783-7Q0zO7DyTjKzkNMcHKfI
3451,aapp_competition_test,0,4048,9927,7930,C:\Users\durgamaniryudh\Desktop\Learn\testing_evals\test\aapp_competition_test\3451\3451_gen_0.sv,tngtech/deepseek-r1t2-chimera:free,stop,,gen-1768538577-8Tl4737sqCTTUBCEljhc
3414,aapp_competition_test,0,3965,1954,853,C:\Users\durgamaniryudh\Desktop\Learn\testing_evals\test\aapp_competition_test\3414\3414_gen_0.sv,tngtech/deepseek-r1t2-chimera:free,stop,,gen-1768538833-LivHUaCJi7ee0up2iiaG
3553,aapp_competition_test,0,3923,9998,8269,C:\Users\durgamaniryudh\Desktop\Learn\testing_evals\test\aapp_competition_test\3553\3553_gen_0.sv,tngtech/deepseek-r1t2-chimera:free,stop,,gen-1768538599-gMJ24dtzVhjarYTp4yjf
3456,aapp_competition_test,0,5014,2216,909,C:\Users\durgamaniryudh\Desktop\Learn\testing_evals\test\aapp_competition_test\3456\3456_gen_0.sv,tngtech/deepseek-r1t2-chimera:free,stop,,gen-1768538838-YA8bXiCbITmjQhL2HkqB
3360,aapp_competition_test,0,5401,3406,794,C:\Users\durgamaniryudh\Desktop\Learn\testing_evals\test\aapp_competition_test\3360\3360_gen_0.sv,tngtech/deepseek-r1t2-chimera:free,stop,,gen-1768538823-0T8HITemeDvMkxxMIdRM
147,human_eval_test,0,4031,10564,8252,C:\Users\durgamaniryudh\Desktop\Learn\testing_evals\test\human_eval_test\147\147_gen_0.sv,tngtech/deepseek-r1t2-chimera:free,stop,,gen-1768538624-SbTWN5L3PntU9TPXem4J
3699,aapp_competition_test,0,5559,2748,843,C:\Users\durgamaniryudh\Desktop\Learn\testing_evals\test\aapp_competition_test\3699\3699_gen_0.sv,tngtech/deepseek-r1t2-chimera:free,stop,,gen-1768538851-VWdxHQuz2XYeskXVWlWZ
3218,aapp_competition_test,0,4179,5602,5368,C:\Users\durgamaniryudh\Desktop\Learn\testing_evals\test\aapp_competition_test\3218\3218_gen_0.sv,tngtech/deepseek-r1t2-chimera:free,stop,,gen-1768538787-1nbHaiLQpVkoV1xUCSnv
3502,aapp_competition_test,0,5789,3653,1319,C:\Users\durgamaniryudh\Desktop\Learn\testing_evals\test\aapp_competition_test\3502\3502_gen_0.sv,tngtech/deepseek-r1t2-chimera:free,stop,,gen-1768538849-1kxPh4i5A6Hjm3uaEYUN
3225,aapp_competition_test,0,4937,1859,579,C:\Users\durgamaniryudh\Desktop\Learn\testing_evals\test\aapp_competition_test\3225\3225_gen_0.sv,tngtech/deepseek-r1t2-chimera:free,stop,,gen-1768538905-9PsBCXJoaWOmht82Ch3y
413,mbpp_test,0,4395,8956,8007,C:\Users\durgamaniryudh\Desktop\Learn\testing_evals\test\mbpp_test\413\413_gen_0.sv,tngtech/deepseek-r1t2-chimera:free,stop,,gen-1768538695-8M9w2bCdOZlxRNHN3wiM
3133,aapp_competition_test,0,4661,2856,1634,C:\Users\durgamaniryudh\Desktop\Learn\testing_evals\test\aapp_competition_test\3133\3133_gen_0.sv,tngtech/deepseek-r1t2-chimera:free,stop,,gen-1768538888-P78wS0DN6RlyMsOk3H28
3176,aapp_competition_test,0,5130,2391,707,C:\Users\durgamaniryudh\Desktop\Learn\testing_evals\test\aapp_competition_test\3176\3176_gen_0.sv,tngtech/deepseek-r1t2-chimera:free,stop,,gen-1768538896-y3oTWFbLV2ZTf9wYSDqq
3028,aapp_competition_test,0,5616,3633,792,C:\Users\durgamaniryudh\Desktop\Learn\testing_evals\test\aapp_competition_test\3028\3028_gen_0.sv,tngtech/deepseek-r1t2-chimera:free,stop,,gen-1768538882-vbMgg3gxsBeeyJlOuizM
3700,aapp_competition_test,0,3876,1337,1203,C:\Users\durgamaniryudh\Desktop\Learn\testing_evals\test\aapp_competition_test\3700\3700_gen_0.sv,tngtech/deepseek-r1t2-chimera:free,stop,,gen-1768538951-Fhta423h0QKIZ6WzetJ7
3460,aapp_competition_test,0,5270,2066,832,C:\Users\durgamaniryudh\Desktop\Learn\testing_evals\test\aapp_competition_test\3460\3460_gen_0.sv,tngtech/deepseek-r1t2-chimera:free,stop,,gen-1768538938-rp6EsrVCXC3z3peIvEy0
3558,aapp_competition_test,0,4597,2753,991,C:\Users\durgamaniryudh\Desktop\Learn\testing_evals\test\aapp_competition_test\3558\3558_gen_0.sv,tngtech/deepseek-r1t2-chimera:free,stop,,gen-1768538949-oEjp1tj6cCfBgnhMharW
3412,aapp_competition_test,0,4124,3230,1008,C:\Users\durgamaniryudh\Desktop\Learn\testing_evals\test\aapp_competition_test\3412\3412_gen_0.sv,tngtech/deepseek-r1t2-chimera:free,stop,,gen-1768538927-sYh3c4tea2z6Btulg6cT
53,human_eval_test,0,3793,537,512,C:\Users\durgamaniryudh\Desktop\Learn\testing_evals\test\human_eval_test\53\53_gen_0.sv,tngtech/deepseek-r1t2-chimera:free,stop,,gen-1768539019-74hhBVI9cCr2F7AS0u49
3508,aapp_competition_test,0,4968,3247,1838,C:\Users\durgamaniryudh\Desktop\Learn\testing_evals\test\aapp_competition_test\3508\3508_gen_0.sv,tngtech/deepseek-r1t2-chimera:free,stop,,gen-1768538943-le9gtUpLbzGQ5Uzb10Zx
438,mbpp_test,0,4394,1506,655,C:\Users\durgamaniryudh\Desktop\Learn\testing_evals\test\mbpp_test\438\438_gen_0.sv,tngtech/deepseek-r1t2-chimera:free,stop,,gen-1768538984-UY8JEKFdbWgBcyhlGUZU
3128,aapp_competition_test,0,4331,1338,619,C:\Users\durgamaniryudh\Desktop\Learn\testing_evals\test\aapp_competition_test\3128\3128_gen_0.sv,tngtech/deepseek-r1t2-chimera:free,stop,,gen-1768539035-aR3iRD2Sg7uok3tLTNIq
128,human_eval_test,0,4086,6855,6128,C:\Users\durgamaniryudh\Desktop\Learn\testing_evals\test\human_eval_test\128\128_gen_0.sv,tngtech/deepseek-r1t2-chimera:free,stop,,gen-1768538878-gCkomSRkOjCWHSwp8bqI
3804,aapp_competition_test,0,4279,6531,5886,C:\Users\durgamaniryudh\Desktop\Learn\testing_evals\test\aapp_competition_test\3804\3804_gen_0.sv,tngtech/deepseek-r1t2-chimera:free,stop,,gen-1768538955-KXjJvVPn4Ql1fcpUtzEY
3557,aapp_competition_test,0,4064,11620,10173,C:\Users\durgamaniryudh\Desktop\Learn\testing_evals\test\aapp_competition_test\3557\3557_gen_0.sv,tngtech/deepseek-r1t2-chimera:free,stop,,gen-1768538850-gOLNP4ScYGCWpqVvrgNu
3175,aapp_competition_test,0,6404,3255,861,C:\Users\durgamaniryudh\Desktop\Learn\testing_evals\test\aapp_competition_test\3175\3175_gen_0.sv,tngtech/deepseek-r1t2-chimera:free,stop,,gen-1768539042-CjIWANOTDz69DGDXTYTa
3363,aapp_competition_test,0,5036,2644,1063,C:\Users\durgamaniryudh\Desktop\Learn\testing_evals\test\aapp_competition_test\3363\3363_gen_0.sv,tngtech/deepseek-r1t2-chimera:free,stop,,gen-1768539086-d9BT0AEUlIMv5jDWEb1X
3221,aapp_competition_test,0,4519,3015,712,C:\Users\durgamaniryudh\Desktop\Learn\testing_evals\test\aapp_competition_test\3221\3221_gen_0.sv,tngtech/deepseek-r1t2-chimera:free,stop,,gen-1768539070-T8ZLxGo7xHs6B8J5LmEi
3848,aapp_competition_test,0,3901,8540,7234,C:\Users\durgamaniryudh\Desktop\Learn\testing_evals\test\aapp_competition_test\3848\3848_gen_0.sv,tngtech/deepseek-r1t2-chimera:free,stop,,gen-1768538960-JTceOsasb3rDCEuzO12c
3503,aapp_competition_test,0,4814,1965,748,C:\Users\durgamaniryudh\Desktop\Learn\testing_evals\test\aapp_competition_test\3503\3503_gen_0.sv,tngtech/deepseek-r1t2-chimera:free,stop,,gen-1768539131-ps0ouGKr8zO0Htp5Uh0h
3455,aapp_competition_test,0,5893,3482,645,C:\Users\durgamaniryudh\Desktop\Learn\testing_evals\test\aapp_competition_test\3455\3455_gen_0.sv,tngtech/deepseek-r1t2-chimera:free,stop,,gen-1768539111-fHfuP2oB3sM4UNJMVm6f
3560,aapp_competition_test,0,4587,1933,712,C:\Users\durgamaniryudh\Desktop\Learn\testing_evals\test\aapp_competition_test\3560\3560_gen_0.sv,tngtech/deepseek-r1t2-chimera:free,stop,,gen-1768539152-aFJlDKIcv1QKv1eWqMEV
3372,aapp_competition_test,0,4878,10667,9850,C:\Users\durgamaniryudh\Desktop\Learn\testing_evals\test\aapp_competition_test\3372\3372_gen_0.sv,tngtech/deepseek-r1t2-chimera:free,stop,,gen-1768538917-uPmgIMiVXAPC6th9f7LI
272,mbpp_test,0,3931,756,579,C:\Users\durgamaniryudh\Desktop\Learn\testing_evals\test\mbpp_test\272\272_gen_0.sv,tngtech/deepseek-r1t2-chimera:free,stop,,gen-1768539179-mLeqLGieNUjGmu4DWnnQ
766,mbpp_train,0,4163,8034,7347,C:\Users\durgamaniryudh\Desktop\Learn\testing_evals\test\mbpp_train\766\766_gen_0.sv,tngtech/deepseek-r1t2-chimera:free,stop,,gen-1768538992-aOkzDSDaRKhn885xCBwE
3734,aapp_competition_test,0,4010,1155,681,C:\Users\durgamaniryudh\Desktop\Learn\testing_evals\test\aapp_competition_test\3734\3734_gen_0.sv,tngtech/deepseek-r1t2-chimera:free,stop,,gen-1768539193-wBRZqO8UONwxbmxaVIn4
92,mbpp_test,0,4325,1562,845,C:\Users\durgamaniryudh\Desktop\Learn\testing_evals\test\mbpp_test\92\92_gen_0.sv,tngtech/deepseek-r1t2-chimera:free,stop,,gen-1768539196-lgByg4IjQjCxxRthXJeR
163,mbpp_test,0,4573,10697,8414,C:\Users\durgamaniryudh\Desktop\Learn\testing_evals\test\mbpp_test\163\163_gen_0.sv,tngtech/deepseek-r1t2-chimera:free,stop,,gen-1768539008-L1rzqjf0pz2ynSomI2Ca
3409,aapp_competition_test,0,4092,6825,5811,C:\Users\durgamaniryudh\Desktop\Learn\testing_evals\test\aapp_competition_test\3409\3409_gen_0.sv,tngtech/deepseek-r1t2-chimera:free,stop,,gen-1768539096-SKlRffwLsBkcaR0gaH6c
3964,aapp_competition_test,0,5605,2668,1023,C:\Users\durgamaniryudh\Desktop\Learn\testing_evals\test\aapp_competition_test\3964\3964_gen_0.sv,tngtech/deepseek-r1t2-chimera:free,stop,,gen-1768539196-ew3DzZQTcHphFFvORmUs
3030,aapp_competition_test,0,5797,2812,783,C:\Users\durgamaniryudh\Desktop\Learn\testing_evals\test\aapp_competition_test\3030\3030_gen_0.sv,tngtech/deepseek-r1t2-chimera:free,stop,,gen-1768539219-zexOwdFTbscsmeeGjFPb
3027,aapp_competition_test,0,3859,11070,9965,C:\Users\durgamaniryudh\Desktop\Learn\testing_evals\test\aapp_competition_test\3027\3027_gen_0.sv,tngtech/deepseek-r1t2-chimera:free,stop,,gen-1768539032-MaqoQyOQkX96r9VWN5su
67,human_eval_test,0,5009,5171,3913,C:\Users\durgamaniryudh\Desktop\Learn\testing_evals\test\human_eval_test\67\67_gen_0.sv,tngtech/deepseek-r1t2-chimera:free,stop,,gen-1768539164-nWpjj9DSwfebgdHpfqC7
3702,aapp_competition_test,0,3809,4904,4522,C:\Users\durgamaniryudh\Desktop\Learn\testing_evals\test\aapp_competition_test\3702\3702_gen_0.sv,tngtech/deepseek-r1t2-chimera:free,stop,,gen-1768539157-Xur2cioGqUtmAiLvLVoj
3173,aapp_competition_test,0,5277,2980,803,C:\Users\durgamaniryudh\Desktop\Learn\testing_evals\test\aapp_competition_test\3173\3173_gen_0.sv,tngtech/deepseek-r1t2-chimera:free,stop,,gen-1768539233-TCfkcAFOvToWsntTHEZb
3132,aapp_competition_test,0,5426,3117,1433,C:\Users\durgamaniryudh\Desktop\Learn\testing_evals\test\aapp_competition_test\3132\3132_gen_0.sv,tngtech/deepseek-r1t2-chimera:free,stop,,gen-1768539231-lF5XaB26qnnC1MRKs4Ml
3374,aapp_competition_test,0,5228,2661,1611,C:\Users\durgamaniryudh\Desktop\Learn\testing_evals\test\aapp_competition_test\3374\3374_gen_0.sv,tngtech/deepseek-r1t2-chimera:free,stop,,gen-1768539251-J8PV7eepxkBKqWGOu0Tj
3215,aapp_competition_test,0,4944,2528,835,C:\Users\durgamaniryudh\Desktop\Learn\testing_evals\test\aapp_competition_test\3215\3215_gen_0.sv,tngtech/deepseek-r1t2-chimera:free,stop,,gen-1768539246-jNuD5ZZarXGROODVCs7I
3707,aapp_competition_test,0,3871,1093,1016,C:\Users\durgamaniryudh\Desktop\Learn\testing_evals\test\aapp_competition_test\3707\3707_gen_0.sv,tngtech/deepseek-r1t2-chimera:free,stop,,gen-1768539293-rXheQVVTOKECP5YvRxGF
3413,aapp_competition_test,0,5731,2783,1093,C:\Users\durgamaniryudh\Desktop\Learn\testing_evals\test\aapp_competition_test\3413\3413_gen_0.sv,tngtech/deepseek-r1t2-chimera:free,stop,,gen-1768539272-V0wLoGz7tIuPcItJi3zP
3459,aapp_competition_test,0,5205,2465,1183,C:\Users\durgamaniryudh\Desktop\Learn\testing_evals\test\aapp_competition_test\3459\3459_gen_0.sv,tngtech/deepseek-r1t2-chimera:free,stop,,gen-1768539272-fmjgs8kzJK4TMyoaMSPb
3490,aapp_competition_test,0,4066,3548,2952,C:\Users\durgamaniryudh\Desktop\Learn\testing_evals\test\aapp_competition_test\3490\3490_gen_0.sv,tngtech/deepseek-r1t2-chimera:free,stop,,gen-1768539275-hFFJPgszGS49hVKpfaNJ
736,mbpp_train,0,4503,6273,6227,C:\Users\durgamaniryudh\Desktop\Learn\testing_evals\test\mbpp_train\736\736_gen_0.sv,tngtech/deepseek-r1t2-chimera:free,stop,,gen-1768539215-gsyqVrsIzzMSaI24Yuts
3822,aapp_competition_test,0,4246,3420,2447,C:\Users\durgamaniryudh\Desktop\Learn\testing_evals\test\aapp_competition_test\3822\3822_gen_0.sv,tngtech/deepseek-r1t2-chimera:free,stop,,gen-1768539295-2LpqXuw3wO5icDscoOpg
765,mbpp_train,0,4031,3549,2733,C:\Users\durgamaniryudh\Desktop\Learn\testing_evals\test\mbpp_train\765\765_gen_0.sv,tngtech/deepseek-r1t2-chimera:free,stop,,gen-1768539305-SNk84ZECi2DddRNTTyYd
3131,aapp_competition_test,0,4987,2151,717,C:\Users\durgamaniryudh\Desktop\Learn\testing_evals\test\aapp_competition_test\3131\3131_gen_0.sv,tngtech/deepseek-r1t2-chimera:free,stop,,gen-1768539350-HxKCjZVf9elxaETcFVfC
257,mbpp_test,0,3842,3012,2861,C:\Users\durgamaniryudh\Desktop\Learn\testing_evals\test\mbpp_test\257\257_gen_0.sv,tngtech/deepseek-r1t2-chimera:free,stop,,gen-1768539323-6hAOb5RaCVrHdDM8eGeK
48,human_eval_test,0,4089,3474,2681,C:\Users\durgamaniryudh\Desktop\Learn\testing_evals\test\human_eval_test\48\48_gen_0.sv,tngtech/deepseek-r1t2-chimera:free,stop,,gen-1768539300-IsPU8Z1qonoaJ8fU4TK3
3024,aapp_competition_test,0,4767,3506,2101,C:\Users\durgamaniryudh\Desktop\Learn\testing_evals\test\aapp_competition_test\3024\3024_gen_0.sv,tngtech/deepseek-r1t2-chimera:free,stop,,gen-1768539327-afW1MZR5rgwBSSQbBDtQ
40,human_eval_test,0,4080,9002,8107,C:\Users\durgamaniryudh\Desktop\Learn\testing_evals\test\human_eval_test\40\40_gen_0.sv,tngtech/deepseek-r1t2-chimera:free,stop,,gen-1768539189-4mGOBCaXI9f8OkLMA2eH
3554,aapp_competition_test,0,4135,5748,5208,C:\Users\durgamaniryudh\Desktop\Learn\testing_evals\test\aapp_competition_test\3554\3554_gen_0.sv,tngtech/deepseek-r1t2-chimera:free,stop,,gen-1768539282-s0q2sEVU0dS4bCjXDss2
3370,aapp_competition_test,0,4640,1981,697,C:\Users\durgamaniryudh\Desktop\Learn\testing_evals\test\aapp_competition_test\3370\3370_gen_0.sv,tngtech/deepseek-r1t2-chimera:free,stop,,gen-1768539390-5hYQjNkFk7Ip8xxhXl5H
3411,aapp_competition_test,0,4153,2472,1020,C:\Users\durgamaniryudh\Desktop\Learn\testing_evals\test\aapp_competition_test\3411\3411_gen_0.sv,tngtech/deepseek-r1t2-chimera:free,stop,,gen-1768539393-pT5il6mvjpjeE6SZ6Kd5
3513,aapp_competition_test,0,4019,2435,2086,C:\Users\durgamaniryudh\Desktop\Learn\testing_evals\test\aapp_competition_test\3513\3513_gen_0.sv,tngtech/deepseek-r1t2-chimera:free,stop,,gen-1768539398-22BgrzpEe4mHiB2sBlLX
239,mbpp_test,0,4668,6338,4957,C:\Users\durgamaniryudh\Desktop\Learn\testing_evals\test\mbpp_test\239\239_gen_0.sv,tngtech/deepseek-r1t2-chimera:free,stop,,gen-1768539317-VnwYrBNoJamniOpaayF1
3461,aapp_competition_test,0,5505,3280,1106,C:\Users\durgamaniryudh\Desktop\Learn\testing_evals\test\aapp_competition_test\3461\3461_gen_0.sv,tngtech/deepseek-r1t2-chimera:free,stop,,gen-1768539396-1KTaWIreV5QmInqHbWoT
468,mbpp_test,0,4777,2776,1629,C:\Users\durgamaniryudh\Desktop\Learn\testing_evals\test\mbpp_test\468\468_gen_0.sv,tngtech/deepseek-r1t2-chimera:free,stop,,gen-1768539429-Vl5ThQCPLypOgHntBzCW
3701,aapp_competition_test,0,4410,3950,3266,C:\Users\durgamaniryudh\Desktop\Learn\testing_evals\test\aapp_competition_test\3701\3701_gen_0.sv,tngtech/deepseek-r1t2-chimera:free,stop,,gen-1768539406-tAbATW6BzbhiQWq8qAjv
3226,aapp_competition_test,0,4495,4975,904,C:\Users\durgamaniryudh\Desktop\Learn\testing_evals\test\aapp_competition_test\3226\3226_gen_0.sv,tngtech/deepseek-r1t2-chimera:free,stop,,gen-1768539390-YUHhNieTrtp4R9q0mmJD
3894,aapp_competition_test,0,4898,1729,808,C:\Users\durgamaniryudh\Desktop\Learn\testing_evals\test\aapp_competition_test\3894\3894_gen_0.sv,tngtech/deepseek-r1t2-chimera:free,stop,,gen-1768539484-R1V1xioDopRJYmjzMA24
3844,aapp_competition_test,0,5070,2305,648,C:\Users\durgamaniryudh\Desktop\Learn\testing_evals\test\aapp_competition_test\3844\3844_gen_0.sv,tngtech/deepseek-r1t2-chimera:free,stop,,gen-1768539485-LNNl6fJ2IUgoJAcbtOhO
783,mbpp_train,0,6290,3584,1293,C:\Users\durgamaniryudh\Desktop\Learn\testing_evals\test\mbpp_train\783\783_gen_0.sv,tngtech/deepseek-r1t2-chimera:free,stop,,gen-1768539448-mdiSx4qW76u2aI8GqGx3
42,human_eval_test,0,4078,6011,5804,C:\Users\durgamaniryudh\Desktop\Learn\testing_evals\test\human_eval_test\42\42_gen_0.sv,tngtech/deepseek-r1t2-chimera:free,stop,,gen-1768539406-nH8JupKKlukQ9lD4cOyZ
3991,aapp_competition_test,0,4562,3962,3309,C:\Users\durgamaniryudh\Desktop\Learn\testing_evals\test\aapp_competition_test\3991\3991_gen_0.sv,tngtech/deepseek-r1t2-chimera:free,stop,,gen-1768539456-6ZoY4hYEqOdPZt7osRtx
3181,aapp_competition_test,0,4021,8331,7115,C:\Users\durgamaniryudh\Desktop\Learn\testing_evals\test\aapp_competition_test\3181\3181_gen_0.sv,tngtech/deepseek-r1t2-chimera:free,stop,,gen-1768539366-UWjuxrK3r02P5Itdl1Uh
555,mbpp_validation,0,3913,4361,4010,C:\Users\durgamaniryudh\Desktop\Learn\testing_evals\test\mbpp_validation\555\555_gen_0.sv,tngtech/deepseek-r1t2-chimera:free,stop,,gen-1768539464-Un84fLqUDkeZuk34acFV
3418,aapp_competition_test,0,3922,515,358,C:\Users\durgamaniryudh\Desktop\Learn\testing_evals\test\aapp_competition_test\3418\3418_gen_0.sv,tngtech/deepseek-r1t2-chimera:free,stop,,gen-1768539553-489tUu67yz08Tq8zUvAk
267,mbpp_test,0,3883,3716,3058,C:\Users\durgamaniryudh\Desktop\Learn\testing_evals\test\mbpp_test\267\267_gen_0.sv,tngtech/deepseek-r1t2-chimera:free,stop,,gen-1768539482-DIWNupsMAKX17kzp1JXJ
3511,aapp_competition_test,0,5030,1626,754,C:\Users\durgamaniryudh\Desktop\Learn\testing_evals\test\aapp_competition_test\3511\3511_gen_0.sv,tngtech/deepseek-r1t2-chimera:free,stop,,gen-1768539564-UNDI8Mbc9LgWpEUxsi47
807,mbpp_train,0,3978,7078,5260,C:\Users\durgamaniryudh\Desktop\Learn\testing_evals\test\mbpp_train\807\807_gen_0.sv,tngtech/deepseek-r1t2-chimera:free,stop,,gen-1768539461-jeFmE5wPC7hqtKejrCjn
3552,aapp_competition_test,0,4250,9782,7044,C:\Users\durgamaniryudh\Desktop\Learn\testing_evals\test\aapp_competition_test\3552\3552_gen_0.sv,tngtech/deepseek-r1t2-chimera:free,stop,,gen-1768539399-5bODrIupZNWIqwFzzAFn
3223,aapp_competition_test,0,4885,3479,1728,C:\Users\durgamaniryudh\Desktop\Learn\testing_evals\test\aapp_competition_test\3223\3223_gen_0.sv,tngtech/deepseek-r1t2-chimera:free,stop,,gen-1768539546-YvYGNQROuiCoOA5hlFNF
3453,aapp_competition_test,0,5232,3148,1385,C:\Users\durgamaniryudh\Desktop\Learn\testing_evals\test\aapp_competition_test\3453\3453_gen_0.sv,tngtech/deepseek-r1t2-chimera:free,stop,,gen-1768539564-SisJDbRDe7wmD1ZZbUqT
3137,aapp_competition_test,0,4021,4892,3323,C:\Users\durgamaniryudh\Desktop\Learn\testing_evals\test\aapp_competition_test\3137\3137_gen_0.sv,tngtech/deepseek-r1t2-chimera:free,stop,,gen-1768539530-eFzPOQApw3g79twYG3QP
3556,aapp_competition_test,0,5290,2991,854,C:\Users\durgamaniryudh\Desktop\Learn\testing_evals\test\aapp_competition_test\3556\3556_gen_0.sv,tngtech/deepseek-r1t2-chimera:free,stop,,gen-1768539572-PLH9dLSNOXraOXWzbaBO
260,mbpp_test,0,4236,1433,875,C:\Users\durgamaniryudh\Desktop\Learn\testing_evals\test\mbpp_test\260\260_gen_0.sv,tngtech/deepseek-r1t2-chimera:free,stop,,gen-1768539617-zK4Lps65dLSvNgnCySTg
3135,aapp_competition_test,0,4450,1471,687,C:\Users\durgamaniryudh\Desktop\Learn\testing_evals\test\aapp_competition_test\3135\3135_gen_0.sv,tngtech/deepseek-r1t2-chimera:free,stop,,gen-1768539625-yoSJTrEH3fSZXZ79cOfK
3033,aapp_competition_test,0,4175,2597,1066,C:\Users\durgamaniryudh\Desktop\Learn\testing_evals\test\aapp_competition_test\3033\3033_gen_0.sv,tngtech/deepseek-r1t2-chimera:free,stop,,gen-1768539622-en8XB4NQffSys61oGzLF
3373,aapp_competition_test,0,5482,2490,680,C:\Users\durgamaniryudh\Desktop\Learn\testing_evals\test\aapp_competition_test\3373\3373_gen_0.sv,tngtech/deepseek-r1t2-chimera:free,stop,,gen-1768539654-PiVM2AibIP7cgodwSH4J
3358,aapp_competition_test,0,4132,7183,6269,C:\Users\durgamaniryudh\Desktop\Learn\testing_evals\test\aapp_competition_test\3358\3358_gen_0.sv,tngtech/deepseek-r1t2-chimera:free,stop,,gen-1768539550-ekEaDhfo7tY2nz5l9eNh
3224,aapp_competition_test,0,4648,3910,2683,C:\Users\durgamaniryudh\Desktop\Learn\testing_evals\test\aapp_competition_test\3224\3224_gen_0.sv,tngtech/deepseek-r1t2-chimera:free,stop,,gen-1768539638-5yDY25m0v7wBc5hW9A7m
3705,aapp_competition_test,0,3760,6125,4821,C:\Users\durgamaniryudh\Desktop\Learn\testing_evals\test\aapp_competition_test\3705\3705_gen_0.sv,tngtech/deepseek-r1t2-chimera:free,stop,,gen-1768539594-tynnPM6WyMlA6SBvpB7c
3031,aapp_competition_test,0,4008,9580,8251,C:\Users\durgamaniryudh\Desktop\Learn\testing_evals\test\aapp_competition_test\3031\3031_gen_0.sv,tngtech/deepseek-r1t2-chimera:free,stop,,gen-1768539526-dKYCwUgi1UyPflyDp9Ow
3840,aapp_competition_test,0,4476,1724,834,C:\Users\durgamaniryudh\Desktop\Learn\testing_evals\test\aapp_competition_test\3840\3840_gen_0.sv,tngtech/deepseek-r1t2-chimera:free,stop,,gen-1768539738-UQcjqJ0ij9CaxCnTpV7s
3510,aapp_competition_test,0,5097,2135,637,C:\Users\durgamaniryudh\Desktop\Learn\testing_evals\test\aapp_competition_test\3510\3510_gen_0.sv,tngtech/deepseek-r1t2-chimera:free,stop,,gen-1768539723-SwXqteETFaF8Cl9pBmDh
3808,aapp_competition_test,0,4146,1346,834,C:\Users\durgamaniryudh\Desktop\Learn\testing_evals\test\aapp_competition_test\3808\3808_gen_0.sv,tngtech/deepseek-r1t2-chimera:free,stop,,gen-1768539764-MbmbEZW1aYDh7fUEXFnb
170,mbpp_test,0,4778,1202,602,C:\Users\durgamaniryudh\Desktop\Learn\testing_evals\test\mbpp_test\170\170_gen_0.sv,tngtech/deepseek-r1t2-chimera:free,stop,,gen-1768539776-PB1SpnVeZO0akVrC7GPz
3184,aapp_competition_test,0,4794,11196,9305,C:\Users\durgamaniryudh\Desktop\Learn\testing_evals\test\aapp_competition_test\3184\3184_gen_0.sv,tngtech/deepseek-r1t2-chimera:free,stop,,gen-1768539531-NIuR5LlVlvuO6llXFw35
130,human_eval_test,0,4356,7605,6284,C:\Users\durgamaniryudh\Desktop\Learn\testing_evals\test\human_eval_test\130\130_gen_0.sv,tngtech/deepseek-r1t2-chimera:free,stop,,gen-1768539607-HWHkICVi8UncrITAQqSK
3708,aapp_competition_test,0,4440,2708,1687,C:\Users\durgamaniryudh\Desktop\Learn\testing_evals\test\aapp_competition_test\3708\3708_gen_0.sv,tngtech/deepseek-r1t2-chimera:free,stop,,gen-1768539734-18Sqy6EHi5coRUsSOmxR
746,mbpp_train,0,4923,1815,996,C:\Users\durgamaniryudh\Desktop\Learn\testing_evals\test\mbpp_train\746\746_gen_0.sv,tngtech/deepseek-r1t2-chimera:free,stop,,gen-1768539776-VHCg90ucAeWeb92kS6uf
3420,aapp_competition_test,0,4296,5528,4262,C:\Users\durgamaniryudh\Desktop\Learn\testing_evals\test\aapp_competition_test\3420\3420_gen_0.sv,tngtech/deepseek-r1t2-chimera:free,stop,,gen-1768539680-0gzGMSAvYok1TEiTe4Gx
3139,aapp_competition_test,0,4317,1620,768,C:\Users\durgamaniryudh\Desktop\Learn\testing_evals\test\aapp_competition_test\3139\3139_gen_0.sv,tngtech/deepseek-r1t2-chimera:free,stop,,gen-1768539806-K4aj6giKLJu0MRjXB1BA
3186,aapp_competition_test,0,4324,10065,8584,C:\Users\durgamaniryudh\Desktop\Learn\testing_evals\test\aapp_competition_test\3186\3186_gen_0.sv,tngtech/deepseek-r1t2-chimera:free,stop,,gen-1768539628-79RKC7nVJwe76dFV9het
3034,aapp_competition_test,0,5301,2981,1390,C:\Users\durgamaniryudh\Desktop\Learn\testing_evals\test\aapp_competition_test\3034\3034_gen_0.sv,tngtech/deepseek-r1t2-chimera:free,stop,,gen-1768539805-o6zMeT8xMFn9H9ivmHIB
73,human_eval_test,0,4287,4027,3252,C:\Users\durgamaniryudh\Desktop\Learn\testing_evals\test\human_eval_test\73\73_gen_0.sv,tngtech/deepseek-r1t2-chimera:free,stop,,gen-1768539804-z0yREH9eFqhNH73RU0IU
3179,aapp_competition_test,0,4286,3070,1272,C:\Users\durgamaniryudh\Desktop\Learn\testing_evals\test\aapp_competition_test\3179\3179_gen_0.sv,tngtech/deepseek-r1t2-chimera:free,stop,,gen-1768539816-WuQ3iPkEsFVnb4FjrcK5
3515,aapp_competition_test,0,4218,1384,847,C:\Users\durgamaniryudh\Desktop\Learn\testing_evals\test\aapp_competition_test\3515\3515_gen_0.sv,tngtech/deepseek-r1t2-chimera:free,stop,,gen-1768539870-yYerI0yfoPmyIa3XQ58o
3457,aapp_competition_test,0,4927,2385,818,C:\Users\durgamaniryudh\Desktop\Learn\testing_evals\test\aapp_competition_test\3457\3457_gen_0.sv,tngtech/deepseek-r1t2-chimera:free,stop,,gen-1768539867-i2sLujaxLCyySfy8BItA
3369,aapp_competition_test,0,5395,2918,702,C:\Users\durgamaniryudh\Desktop\Learn\testing_evals\test\aapp_competition_test\3369\3369_gen_0.sv,tngtech/deepseek-r1t2-chimera:free,stop,,gen-1768539857-scw50tg6tX2GJD41UDHU
3415,aapp_competition_test,0,5331,2195,559,C:\Users\durgamaniryudh\Desktop\Learn\testing_evals\test\aapp_competition_test\3415\3415_gen_0.sv,tngtech/deepseek-r1t2-chimera:free,stop,,gen-1768539862-y5ag0vj1V2A5UYUK16Fl
3463,aapp_competition_test,0,3922,9560,7922,C:\Users\durgamaniryudh\Desktop\Learn\testing_evals\test\aapp_competition_test\3463\3463_gen_0.sv,tngtech/deepseek-r1t2-chimera:free,stop,,gen-1768539690-l0KHX6JrrL5QDoyNX63V
3535,aapp_competition_test,0,4765,9800,7962,C:\Users\durgamaniryudh\Desktop\Learn\testing_evals\test\aapp_competition_test\3535\3535_gen_0.sv,tngtech/deepseek-r1t2-chimera:free,stop,,gen-1768539726-yEbKBLtf7k2a3x4Dv2sa
447,mbpp_test,0,4620,1617,608,C:\Users\durgamaniryudh\Desktop\Learn\testing_evals\test\mbpp_test\447\447_gen_0.sv,tngtech/deepseek-r1t2-chimera:free,stop,,gen-1768539923-N3s9mdjM8Zhyvgr9YtjK
87,mbpp_test,0,6076,2599,862,C:\Users\durgamaniryudh\Desktop\Learn\testing_evals\test\mbpp_test\87\87_gen_0.sv,tngtech/deepseek-r1t2-chimera:free,stop,,gen-1768539907-39YBSYyNWFdkowIZyyxH
82,human_eval_test,0,4077,1620,1442,C:\Users\durgamaniryudh\Desktop\Learn\testing_evals\test\human_eval_test\82\82_gen_0.sv,tngtech/deepseek-r1t2-chimera:free,stop,,gen-1768539926-MCKnuTwyF1JlwZONg1B5
3704,aapp_competition_test,0,4722,2917,1593,C:\Users\durgamaniryudh\Desktop\Learn\testing_evals\test\aapp_competition_test\3704\3704_gen_0.sv,tngtech/deepseek-r1t2-chimera:free,stop,,gen-1768539905-INd55vI31OF6kH8np0W1
311,mbpp_test,0,4391,7337,6331,C:\Users\durgamaniryudh\Desktop\Learn\testing_evals\test\mbpp_test\311\311_gen_0.sv,tngtech/deepseek-r1t2-chimera:free,stop,,gen-1768539798-ZSE6Ct6DywyPxsqsHEQQ
3729,aapp_competition_test,0,4418,2214,1175,C:\Users\durgamaniryudh\Desktop\Learn\testing_evals\test\aapp_competition_test\3729\3729_gen_0.sv,tngtech/deepseek-r1t2-chimera:free,stop,,gen-1768539933-snvTzzY6DDuYPWU8WZ3R
3879,aapp_competition_test,0,4586,2558,1644,C:\Users\durgamaniryudh\Desktop\Learn\testing_evals\test\aapp_competition_test\3879\3879_gen_0.sv,tngtech/deepseek-r1t2-chimera:free,stop,,gen-1768539938-TrCSuN8GZZ8ZYm8Aj0iB
3231,aapp_competition_test,0,4203,7905,6054,C:\Users\durgamaniryudh\Desktop\Learn\testing_evals\test\aapp_competition_test\3231\3231_gen_0.sv,tngtech/deepseek-r1t2-chimera:free,stop,,gen-1768539817-F68VqAtoD19MPZsXrQWF
3187,aapp_competition_test,0,5884,2705,1066,C:\Users\durgamaniryudh\Desktop\Learn\testing_evals\test\aapp_competition_test\3187\3187_gen_0.sv,tngtech/deepseek-r1t2-chimera:free,stop,,gen-1768539965-TYgyUs4RGiCzR3Llz6TS
3417,aapp_competition_test,0,4525,1840,809,C:\Users\durgamaniryudh\Desktop\Learn\testing_evals\test\aapp_competition_test\3417\3417_gen_0.sv,tngtech/deepseek-r1t2-chimera:free,stop,,gen-1768539986-x7JF1Dfeoc7mO9PCjqeK
3233,aapp_competition_test,0,4526,2660,1613,C:\Users\durgamaniryudh\Desktop\Learn\testing_evals\test\aapp_competition_test\3233\3233_gen_0.sv,tngtech/deepseek-r1t2-chimera:free,stop,,gen-1768539974-nAKtZTzz4KU965yFwxZo
3512,aapp_competition_test,0,4660,1697,671,C:\Users\durgamaniryudh\Desktop\Learn\testing_evals\test\aapp_competition_test\3512\3512_gen_0.sv,tngtech/deepseek-r1t2-chimera:free,stop,,gen-1768539998-fH1S0IXhg8Ese7BYHKRf
3462,aapp_competition_test,0,5077,2474,884,C:\Users\durgamaniryudh\Desktop\Learn\testing_evals\test\aapp_competition_test\3462\3462_gen_0.sv,tngtech/deepseek-r1t2-chimera:free,stop,,gen-1768539993-0Z4KT4U0i73d1322N1Rv
3376,aapp_competition_test,0,4662,3181,1993,C:\Users\durgamaniryudh\Desktop\Learn\testing_evals\test\aapp_competition_test\3376\3376_gen_0.sv,tngtech/deepseek-r1t2-chimera:free,stop,,gen-1768539974-B3mkuJVMOONRGWAtRMbw
3972,aapp_competition_test,0,4050,4672,3836,C:\Users\durgamaniryudh\Desktop\Learn\testing_evals\test\aapp_competition_test\3972\3972_gen_0.sv,tngtech/deepseek-r1t2-chimera:free,stop,,gen-1768539950-4sqPo6uEls3JY4tfMNYM
3565,aapp_competition_test,0,5686,2059,683,C:\Users\durgamaniryudh\Desktop\Learn\testing_evals\test\aapp_competition_test\3565\3565_gen_0.sv,tngtech/deepseek-r1t2-chimera:free,stop,,gen-1768540023-FufxqVuUl3ybwGGCRA0m
388,mbpp_test,0,4071,2060,1567,C:\Users\durgamaniryudh\Desktop\Learn\testing_evals\test\mbpp_test\388\388_gen_0.sv,tngtech/deepseek-r1t2-chimera:free,stop,,gen-1768540050-7R0zPhNKsup32aV95B65
3710,aapp_competition_test,0,5744,3304,1037,C:\Users\durgamaniryudh\Desktop\Learn\testing_evals\test\aapp_competition_test\3710\3710_gen_0.sv,tngtech/deepseek-r1t2-chimera:free,stop,,gen-1768540025-ZWoJGugZjFcCwKCPhOFm
3180,aapp_competition_test,0,4592,1651,666,C:\Users\durgamaniryudh\Desktop\Learn\testing_evals\test\aapp_competition_test\3180\3180_gen_0.sv,tngtech/deepseek-r1t2-chimera:free,stop,,gen-1768540069-4d2YcYVvBMPEnTG381ML
3824,aapp_competition_test,0,3930,2056,1764,C:\Users\durgamaniryudh\Desktop\Learn\testing_evals\test\aapp_competition_test\3824\3824_gen_0.sv,tngtech/deepseek-r1t2-chimera:free,stop,,gen-1768540032-nRUrXBvWKYBKqVI8I189
3039,aapp_competition_test,0,4809,5791,5090,C:\Users\durgamaniryudh\Desktop\Learn\testing_evals\test\aapp_competition_test\3039\3039_gen_0.sv,tngtech/deepseek-r1t2-chimera:free,stop,,gen-1768539956-N3j6LrG1GSNZztGoOCYH
3040,aapp_competition_test,0,5357,2509,856,C:\Users\durgamaniryudh\Desktop\Learn\testing_evals\test\aapp_competition_test\3040\3040_gen_0.sv,tngtech/deepseek-r1t2-chimera:free,stop,,gen-1768540052-tqKDojsyWfoDCtnBrMOW
3519,aapp_competition_test,0,4005,950,673,C:\Users\durgamaniryudh\Desktop\Learn\testing_evals\test\aapp_competition_test\3519\3519_gen_0.sv,tngtech/deepseek-r1t2-chimera:free,stop,,gen-1768540105-Ftkn8Zj72ir6rE0Rfjfx
3136,aapp_competition_test,0,4390,8490,4599,C:\Users\durgamaniryudh\Desktop\Learn\testing_evals\test\aapp_competition_test\3136\3136_gen_0.sv,tngtech/deepseek-r1t2-chimera:free,stop,,gen-1768539959-tqT083bE4nwvqZvjRZQ4
3563,aapp_competition_test,0,4223,11830,9663,C:\Users\durgamaniryudh\Desktop\Learn\testing_evals\test\aapp_competition_test\3563\3563_gen_0.sv,tngtech/deepseek-r1t2-chimera:free,stop,,gen-1768539896-Ov7urH49uZh2We3mmqNU
3416,aapp_competition_test,0,4591,2911,705,C:\Users\durgamaniryudh\Desktop\Learn\testing_evals\test\aapp_competition_test\3416\3416_gen_0.sv,tngtech/deepseek-r1t2-chimera:free,stop,,gen-1768540100-5YxQxKTJtcbOAYwY4B6q
3464,aapp_competition_test,0,5382,2541,1152,C:\Users\durgamaniryudh\Desktop\Learn\testing_evals\test\aapp_competition_test\3464\3464_gen_0.sv,tngtech/deepseek-r1t2-chimera:free,stop,,gen-1768540101-a60JA9blvHNMDxWVjoAb
7,human_eval_test,0,4272,6720,5809,C:\Users\durgamaniryudh\Desktop\Learn\testing_evals\test\human_eval_test\7\7_gen_0.sv,tngtech/deepseek-r1t2-chimera:free,stop,,gen-1768540032-n9CMHBJYgSzWohnSzz8V
3706,aapp_competition_test,0,5054,2668,851,C:\Users\durgamaniryudh\Desktop\Learn\testing_evals\test\aapp_competition_test\3706\3706_gen_0.sv,tngtech/deepseek-r1t2-chimera:free,stop,,gen-1768540129-mImaMEVqaLXC7vhL9qr7
777,mbpp_train,0,4116,2110,808,C:\Users\durgamaniryudh\Desktop\Learn\testing_evals\test\mbpp_train\777\777_gen_0.sv,tngtech/deepseek-r1t2-chimera:free,stop,,gen-1768540162-BedljqeMXo0sDD23AoqT
477,mbpp_test,0,4887,2559,1446,C:\Users\durgamaniryudh\Desktop\Learn\testing_evals\test\mbpp_test\477\477_gen_0.sv,tngtech/deepseek-r1t2-chimera:free,stop,,gen-1768540161-pLkufsmRfnxQqJ5nZ28O
3365,aapp_competition_test,0,4480,7259,5133,C:\Users\durgamaniryudh\Desktop\Learn\testing_evals\test\aapp_competition_test\3365\3365_gen_0.sv,tngtech/deepseek-r1t2-chimera:free,stop,,gen-1768540087-tinK1pAIjtc6FLl0Fbr2
3229,aapp_competition_test,0,5312,8214,7160,C:\Users\durgamaniryudh\Desktop\Learn\testing_evals\test\aapp_competition_test\3229\3229_gen_0.sv,tngtech/deepseek-r1t2-chimera:free,stop,,gen-1768540087-tqu4gSROMgCmTtpE8AfV
36,human_eval_test,0,3969,1369,1117,C:\Users\durgamaniryudh\Desktop\Learn\testing_evals\test\human_eval_test\36\36_gen_0.sv,tngtech/deepseek-r1t2-chimera:free,stop,,gen-1768540241-wM2dpd24sRliqoGMiIBq
3567,aapp_competition_test,0,3815,7125,6082,C:\Users\durgamaniryudh\Desktop\Learn\testing_evals\test\aapp_competition_test\3567\3567_gen_0.sv,tngtech/deepseek-r1t2-chimera:free,stop,,gen-1768540117-7txhgbHwini5HwzPGaa6
560,mbpp_validation,0,5675,3231,1599,C:\Users\durgamaniryudh\Desktop\Learn\testing_evals\test\mbpp_validation\560\560_gen_0.sv,tngtech/deepseek-r1t2-chimera:free,stop,,gen-1768540214-RKxHsGrXwcl8iwuTsd54
3893,aapp_competition_test,0,5240,2205,779,C:\Users\durgamaniryudh\Desktop\Learn\testing_evals\test\aapp_competition_test\3893\3893_gen_0.sv,tngtech/deepseek-r1t2-chimera:free,stop,,gen-1768540267-xh2EbUuTZUWtRpKihHJD
3992,aapp_competition_test,0,4903,5939,4445,C:\Users\durgamaniryudh\Desktop\Learn\testing_evals\test\aapp_competition_test\3992\3992_gen_0.sv,tngtech/deepseek-r1t2-chimera:free,stop,,gen-1768540168-BXWiP8Dqu0zZ2si8p3mc
641,mbpp_train,0,4154,5442,4431,C:\Users\durgamaniryudh\Desktop\Learn\testing_evals\test\mbpp_train\641\641_gen_0.sv,tngtech/deepseek-r1t2-chimera:free,stop,,gen-1768540186-XHK2maz8J8Wb9aDl2CQl
3038,aapp_competition_test,0,5821,3154,898,C:\Users\durgamaniryudh\Desktop\Learn\testing_evals\test\aapp_competition_test\3038\3038_gen_0.sv,tngtech/deepseek-r1t2-chimera:free,stop,,gen-1768540276-r0VtYsatGkX03bN1CB6E
65,mbpp_test,0,4318,8510,8546,C:\Users\durgamaniryudh\Desktop\Learn\testing_evals\test\mbpp_test\65\65_gen_0.sv,tngtech/deepseek-r1t2-chimera:free,stop,,gen-1768540158-QOugw1yO3097hlY3HxEs
3232,aapp_competition_test,0,4679,1647,596,C:\Users\durgamaniryudh\Desktop\Learn\testing_evals\test\aapp_competition_test\3232\3232_gen_0.sv,tngtech/deepseek-r1t2-chimera:free,stop,,gen-1768540320-WrIg5ogUSuZvrShJEFIb
3141,aapp_competition_test,0,4311,14124,11663,C:\Users\durgamaniryudh\Desktop\Learn\testing_evals\test\aapp_competition_test\3141\3141_gen_0.sv,tngtech/deepseek-r1t2-chimera:free,stop,,gen-1768540058-d8TCIapayMDUde7sNyus
3127,aapp_competition_test,0,6349,3939,1037,C:\Users\durgamaniryudh\Desktop\Learn\testing_evals\test\aapp_competition_test\3127\3127_gen_0.sv,tngtech/deepseek-r1t2-chimera:free,stop,,gen-1768540286-7olwGQM0ByND6nihVQfW
3189,aapp_competition_test,0,4906,3066,2070,C:\Users\durgamaniryudh\Desktop\Learn\testing_evals\test\aapp_competition_test\3189\3189_gen_0.sv,tngtech/deepseek-r1t2-chimera:free,stop,,gen-1768540315-QZ77KkvHb0BQCFeZ7Ytx
126,human_eval_test,0,3948,10776,9287,C:\Users\durgamaniryudh\Desktop\Learn\testing_evals\test\human_eval_test\126\126_gen_0.sv,tngtech/deepseek-r1t2-chimera:free,stop,,gen-1768540138-pzydeZgrmVCN6wBr06XZ
3371,aapp_competition_test,0,4763,2555,1118,C:\Users\durgamaniryudh\Desktop\Learn\testing_evals\test\aapp_competition_test\3371\3371_gen_0.sv,tngtech/deepseek-r1t2-chimera:free,stop,,gen-1768540327-Ae7YpkzUB9OVktCIfn7t
235,mbpp_test,0,3785,560,551,C:\Users\durgamaniryudh\Desktop\Learn\testing_evals\test\mbpp_test\235\235_gen_0.sv,tngtech/deepseek-r1t2-chimera:free,stop,,gen-1768540381-xa2wFG7EfUBFjBGIn1dx
3517,aapp_competition_test,0,4553,2239,957,C:\Users\durgamaniryudh\Desktop\Learn\testing_evals\test\aapp_competition_test\3517\3517_gen_0.sv,tngtech/deepseek-r1t2-chimera:free,stop,,gen-1768540356-ifE0O6icHTZhz5NRC4YF
3421,aapp_competition_test,0,4570,2763,1598,C:\Users\durgamaniryudh\Desktop\Learn\testing_evals\test\aapp_competition_test\3421\3421_gen_0.sv,tngtech/deepseek-r1t2-chimera:free,stop,,gen-1768540347-v5elVZWkzWCWRikE5sDe
3466,aapp_competition_test,0,5213,2526,808,C:\Users\durgamaniryudh\Desktop\Learn\testing_evals\test\aapp_competition_test\3466\3466_gen_0.sv,tngtech/deepseek-r1t2-chimera:free,stop,,gen-1768540354-nBlnPqEpsf7Av8cJh4hZ
102,mbpp_test,0,4204,10193,9142,C:\Users\durgamaniryudh\Desktop\Learn\testing_evals\test\mbpp_test\102\102_gen_0.sv,tngtech/deepseek-r1t2-chimera:free,stop,,gen-1768540204-4GV8HrpyY6CEQvpQ3FIh
3045,aapp_competition_test,0,4926,2782,1363,C:\Users\durgamaniryudh\Desktop\Learn\testing_evals\test\aapp_competition_test\3045\3045_gen_0.sv,tngtech/deepseek-r1t2-chimera:free,stop,,gen-1768540398-gvhFVL1cvmbNr0eYgYA5
3712,aapp_competition_test,0,4885,3666,1944,C:\Users\durgamaniryudh\Desktop\Learn\testing_evals\test\aapp_competition_test\3712\3712_gen_0.sv,tngtech/deepseek-r1t2-chimera:free,stop,,gen-1768540374-BroN5rQtxE8t6iD1KO0f
3142,aapp_competition_test,0,4021,3285,1302,C:\Users\durgamaniryudh\Desktop\Learn\testing_evals\test\aapp_competition_test\3142\3142_gen_0.sv,tngtech/deepseek-r1t2-chimera:free,stop,,gen-1768540403-r24KpAbPBsHLcPDdxSm0
3188,aapp_competition_test,0,6721,3605,650,C:\Users\durgamaniryudh\Desktop\Learn\testing_evals\test\aapp_competition_test\3188\3188_gen_0.sv,tngtech/deepseek-r1t2-chimera:free,stop,,gen-1768540404-rL3ikMJdWeKhYn1pBGnn
29,human_eval_test,0,4094,4767,4203,C:\Users\durgamaniryudh\Desktop\Learn\testing_evals\test\human_eval_test\29\29_gen_0.sv,tngtech/deepseek-r1t2-chimera:free,stop,,gen-1768540381-SKwQJa0grXglgp0LdTnr
3843,aapp_competition_test,0,5249,8380,6384,C:\Users\durgamaniryudh\Desktop\Learn\testing_evals\test\aapp_competition_test\3843\3843_gen_0.sv,tngtech/deepseek-r1t2-chimera:free,stop,,gen-1768540270-KEUoxoqa62cAVT4YSvDd
3378,aapp_competition_test,0,5097,2487,1110,C:\Users\durgamaniryudh\Desktop\Learn\testing_evals\test\aapp_competition_test\3378\3378_gen_0.sv,tngtech/deepseek-r1t2-chimera:free,stop,,gen-1768540445-ChidmokIqcketWd5iM9N
3423,aapp_competition_test,0,5769,2915,945,C:\Users\durgamaniryudh\Desktop\Learn\testing_evals\test\aapp_competition_test\3423\3423_gen_0.sv,tngtech/deepseek-r1t2-chimera:free,stop,,gen-1768540454-7RrnDFti8j3W1zuqGZZM
3551,aapp_competition_test,0,4003,5364,3852,C:\Users\durgamaniryudh\Desktop\Learn\testing_evals\test\aapp_competition_test\3551\3551_gen_0.sv,tngtech/deepseek-r1t2-chimera:free,stop,,gen-1768540368-2BDZczTr1ix053IwSb0P
3520,aapp_competition_test,0,4482,2003,1134,C:\Users\durgamaniryudh\Desktop\Learn\testing_evals\test\aapp_competition_test\3520\3520_gen_0.sv,tngtech/deepseek-r1t2-chimera:free,stop,,gen-1768540468-ZOEu4dGSMtsQTeuVDUmB
3468,aapp_competition_test,0,5949,2964,610,C:\Users\durgamaniryudh\Desktop\Learn\testing_evals\test\aapp_competition_test\3468\3468_gen_0.sv,tngtech/deepseek-r1t2-chimera:free,stop,,gen-1768540462-7FAUZ5uG2O3bnJmLRaxH
3944,aapp_competition_test,0,4073,944,674,C:\Users\durgamaniryudh\Desktop\Learn\testing_evals\test\aapp_competition_test\3944\3944_gen_0.sv,tngtech/deepseek-r1t2-chimera:free,stop,,gen-1768540499-LshPIXyGIXZMZ6f2RLMG
3230,aapp_competition_test,0,6233,4444,1201,C:\Users\durgamaniryudh\Desktop\Learn\testing_evals\test\aapp_competition_test\3230\3230_gen_0.sv,tngtech/deepseek-r1t2-chimera:free,stop,,gen-1768540406-2tssSy1b1anB4PmXwXw7
3711,aapp_competition_test,0,4449,2373,1529,C:\Users\durgamaniryudh\Desktop\Learn\testing_evals\test\aapp_competition_test\3711\3711_gen_0.sv,tngtech/deepseek-r1t2-chimera:free,stop,,gen-1768540483-DiISy8jA07ZlFR9KPMz6
57,mbpp_test,0,4109,1091,753,C:\Users\durgamaniryudh\Desktop\Learn\testing_evals\test\mbpp_test\57\57_gen_0.sv,tngtech/deepseek-r1t2-chimera:free,stop,,gen-1768540516-7z2lg3op7MhI7vQbUVDa
3564,aapp_competition_test,0,5177,3096,1467,C:\Users\durgamaniryudh\Desktop\Learn\testing_evals\test\aapp_competition_test\3564\3564_gen_0.sv,tngtech/deepseek-r1t2-chimera:free,stop,,gen-1768540482-lcHZjQrhuun5OXCVlQX2
113,mbpp_test,0,4287,1260,736,C:\Users\durgamaniryudh\Desktop\Learn\testing_evals\test\mbpp_test\113\113_gen_0.sv,tngtech/deepseek-r1t2-chimera:free,stop,,gen-1768540514-W1ChDvEXJ1rOsyILw84i
723,mbpp_train,0,4020,1438,919,C:\Users\durgamaniryudh\Desktop\Learn\testing_evals\test\mbpp_train\723\723_gen_0.sv,tngtech/deepseek-r1t2-chimera:free,stop,,gen-1768540520-m2W5zVDEEIdUOKnAMzsw
285,mbpp_test,0,4357,1808,887,C:\Users\durgamaniryudh\Desktop\Learn\testing_evals\test\mbpp_test\285\285_gen_0.sv,tngtech/deepseek-r1t2-chimera:free,stop,,gen-1768540524-BxpEBkvGC96W3KWdBMDy
3046,aapp_competition_test,0,5106,2592,795,C:\Users\durgamaniryudh\Desktop\Learn\testing_evals\test\aapp_competition_test\3046\3046_gen_0.sv,tngtech/deepseek-r1t2-chimera:free,stop,,gen-1768540537-8Lji3HYxhkZ02o1pNzrC
3811,aapp_competition_test,0,4911,3312,2041,C:\Users\durgamaniryudh\Desktop\Learn\testing_evals\test\aapp_competition_test\3811\3811_gen_0.sv,tngtech/deepseek-r1t2-chimera:free,stop,,gen-1768540513-Tej2noJK5IjilEd1BcCC
3854,aapp_competition_test,0,4300,3598,2977,C:\Users\durgamaniryudh\Desktop\Learn\testing_evals\test\aapp_competition_test\3854\3854_gen_0.sv,tngtech/deepseek-r1t2-chimera:free,stop,,gen-1768540487-8vMc7fbJImWn3buM7Z5A
3129,aapp_competition_test,0,4379,1572,724,C:\Users\durgamaniryudh\Desktop\Learn\testing_evals\test\aapp_competition_test\3129\3129_gen_0.sv,tngtech/deepseek-r1t2-chimera:free,stop,,gen-1768540547-TMLfjJtIcaO4oin3OpWk
3195,aapp_competition_test,0,5543,1913,769,C:\Users\durgamaniryudh\Desktop\Learn\testing_evals\test\aapp_competition_test\3195\3195_gen_0.sv,tngtech/deepseek-r1t2-chimera:free,stop,,gen-1768540549-x5kHSQhCBltQ5BpNGV3J
37,human_eval_test,0,4551,9548,6754,C:\Users\durgamaniryudh\Desktop\Learn\testing_evals\test\human_eval_test\37\37_gen_0.sv,tngtech/deepseek-r1t2-chimera:free,stop,,gen-1768540385-eXFCnEZdabYkvqwPQGmT
3235,aapp_competition_test,0,6609,3033,600,C:\Users\durgamaniryudh\Desktop\Learn\testing_evals\test\aapp_competition_test\3235\3235_gen_0.sv,tngtech/deepseek-r1t2-chimera:free,stop,,gen-1768540549-Bu4wuuv6ld9HaNFll9qr
3377,aapp_competition_test,0,6248,3079,759,C:\Users\durgamaniryudh\Desktop\Learn\testing_evals\test\aapp_competition_test\3377\3377_gen_0.sv,tngtech/deepseek-r1t2-chimera:free,stop,,gen-1768540553-zXnMdDQtHLlvsYzWtdqD
224,mbpp_test,0,4048,1178,743,C:\Users\durgamaniryudh\Desktop\Learn\testing_evals\test\mbpp_test\224\224_gen_0.sv,tngtech/deepseek-r1t2-chimera:free,stop,,gen-1768540609-3GCK879skpF0wRGFfgdw
3514,aapp_competition_test,0,4810,2205,946,C:\Users\durgamaniryudh\Desktop\Learn\testing_evals\test\aapp_competition_test\3514\3514_gen_0.sv,tngtech/deepseek-r1t2-chimera:free,stop,,gen-1768540594-kBPu2TdAKc06jb2qKJ3k
305,mbpp_test,0,5168,2236,779,C:\Users\durgamaniryudh\Desktop\Learn\testing_evals\test\mbpp_test\305\305_gen_0.sv,tngtech/deepseek-r1t2-chimera:free,stop,,gen-1768540601-sCJUWlgAbyIayy2Q1hIY
3454,aapp_competition_test,0,5564,3511,1195,C:\Users\durgamaniryudh\Desktop\Learn\testing_evals\test\aapp_competition_test\3454\3454_gen_0.sv,tngtech/deepseek-r1t2-chimera:free,stop,,gen-1768540594-2WdAleB28Dpq7eemLcdN
3044,aapp_competition_test,0,5821,2578,649,C:\Users\durgamaniryudh\Desktop\Learn\testing_evals\test\aapp_competition_test\3044\3044_gen_0.sv,tngtech/deepseek-r1t2-chimera:free,stop,,gen-1768540640-5kWieOed7LGZNRMWSRWg
3190,aapp_competition_test,0,4169,2340,1077,C:\Users\durgamaniryudh\Desktop\Learn\testing_evals\test\aapp_competition_test\3190\3190_gen_0.sv,tngtech/deepseek-r1t2-chimera:free,stop,,gen-1768540649-hGKK9qWCet1aOmHd5PxQ
92,human_eval_test,0,3998,6164,5687,C:\Users\durgamaniryudh\Desktop\Learn\testing_evals\test\human_eval_test\92\92_gen_0.sv,tngtech/deepseek-r1t2-chimera:free,stop,,gen-1768540528-o1oKwwfN7d22b6RSQVjK
3969,aapp_competition_test,0,4691,2312,2312,C:\Users\durgamaniryudh\Desktop\Learn\testing_evals\test\aapp_competition_test\3969\3969_gen_0.sv,tngtech/deepseek-r1t2-chimera:free,,,gen-1768540627-z1etFRnNLbiCbadjzxfp
3469,aapp_competition_test,0,4512,1471,642,C:\Users\durgamaniryudh\Desktop\Learn\testing_evals\test\aapp_competition_test\3469\3469_gen_0.sv,tngtech/deepseek-r1t2-chimera:free,stop,,gen-1768540715-l3tTdXXHVid8vPGjy4YF
3383,aapp_competition_test,0,5066,2346,969,C:\Users\durgamaniryudh\Desktop\Learn\testing_evals\test\aapp_competition_test\3383\3383_gen_0.sv,tngtech/deepseek-r1t2-chimera:free,stop,,gen-1768540693-qC5YyJ1VVQYy970Yr9Rz
3144,aapp_competition_test,0,4867,4865,4036,C:\Users\durgamaniryudh\Desktop\Learn\testing_evals\test\aapp_competition_test\3144\3144_gen_0.sv,tngtech/deepseek-r1t2-chimera:free,stop,,gen-1768540645-CLscqfIBhiyhvilj9Y6j
62,human_eval_test,0,4110,5690,4809,C:\Users\durgamaniryudh\Desktop\Learn\testing_evals\test\human_eval_test\62\62_gen_0.sv,tngtech/deepseek-r1t2-chimera:free,stop,,gen-1768540623-KmEPKdOAei6rb7ZQl1bQ
3419,aapp_competition_test,0,4791,8859,7897,C:\Users\durgamaniryudh\Desktop\Learn\testing_evals\test\aapp_competition_test\3419\3419_gen_0.sv,tngtech/deepseek-r1t2-chimera:free,stop,,gen-1768540566-dHKa4s63G4PPCW2vIWZm
3718,aapp_competition_test,0,4309,1360,687,C:\Users\durgamaniryudh\Desktop\Learn\testing_evals\test\aapp_competition_test\3718\3718_gen_0.sv,tngtech/deepseek-r1t2-chimera:free,stop,,gen-1768540754-u0qMTOrShSHPQnqFnm7w
3521,aapp_competition_test,0,5347,2283,817,C:\Users\durgamaniryudh\Desktop\Learn\testing_evals\test\aapp_competition_test\3521\3521_gen_0.sv,tngtech/deepseek-r1t2-chimera:free,stop,,gen-1768540716-6jElnenSsYOvgG10QoGj
3422,aapp_competition_test,0,4300,3484,1455,C:\Users\durgamaniryudh\Desktop\Learn\testing_evals\test\aapp_competition_test\3422\3422_gen_0.sv,tngtech/deepseek-r1t2-chimera:free,stop,,gen-1768540702-egti2Bf647waxWaIPSJX
3555,aapp_competition_test,0,5946,2500,708,C:\Users\durgamaniryudh\Desktop\Learn\testing_evals\test\aapp_competition_test\3555\3555_gen_0.sv,tngtech/deepseek-r1t2-chimera:free,stop,,gen-1768540749-N4Ukpw4m7ySpyiadLudJ
3566,aapp_competition_test,0,4046,8081,6939,C:\Users\durgamaniryudh\Desktop\Learn\testing_evals\test\aapp_competition_test\3566\3566_gen_0.sv,tngtech/deepseek-r1t2-chimera:free,stop,,gen-1768540598-B54hv2pcvorzvSPBoKez
79,mbpp_test,0,4088,1671,1301,C:\Users\durgamaniryudh\Desktop\Learn\testing_evals\test\mbpp_test\79\79_gen_0.sv,tngtech/deepseek-r1t2-chimera:free,stop,,gen-1768540784-0OzjiL9Al28KcpEs98Ym
3867,aapp_competition_test,0,5737,2669,839,C:\Users\durgamaniryudh\Desktop\Learn\testing_evals\test\aapp_competition_test\3867\3867_gen_0.sv,tngtech/deepseek-r1t2-chimera:free,stop,,gen-1768540768-CbV1evMXxNRtBlI4mrEO
3234,aapp_competition_test,0,4625,5709,4884,C:\Users\durgamaniryudh\Desktop\Learn\testing_evals\test\aapp_competition_test\3234\3234_gen_0.sv,tngtech/deepseek-r1t2-chimera:free,stop,,gen-1768540681-jIjTMHDT5KHq6nTGgN1a
3717,aapp_competition_test,0,4718,8150,6460,C:\Users\durgamaniryudh\Desktop\Learn\testing_evals\test\aapp_competition_test\3717\3717_gen_0.sv,tngtech/deepseek-r1t2-chimera:free,stop,,gen-1768540599-lsxOthN1hPVErdsEvt2f
307,mbpp_test,0,3992,1551,1500,C:\Users\durgamaniryudh\Desktop\Learn\testing_evals\test\mbpp_test\307\307_gen_0.sv,tngtech/deepseek-r1t2-chimera:free,stop,,gen-1768540782-zKCyznN6UxMbQ0x1GhbU
3193,aapp_competition_test,0,4109,1331,773,C:\Users\durgamaniryudh\Desktop\Learn\testing_evals\test\aapp_competition_test\3193\3193_gen_0.sv,tngtech/deepseek-r1t2-chimera:free,stop,,gen-1768540815-adg2li6KKXaw3PtIJWOa
3042,aapp_competition_test,0,5004,2835,866,C:\Users\durgamaniryudh\Desktop\Learn\testing_evals\test\aapp_competition_test\3042\3042_gen_0.sv,tngtech/deepseek-r1t2-chimera:free,stop,,gen-1768540800-hKWFeCYjMTtSJwgKK3lX
3431,aapp_competition_test,0,4115,2499,892,C:\Users\durgamaniryudh\Desktop\Learn\testing_evals\test\aapp_competition_test\3431\3431_gen_0.sv,tngtech/deepseek-r1t2-chimera:free,stop,,gen-1768540823-cVRUYOJsSKcaeuCNzQEY
3467,aapp_competition_test,0,5039,2158,847,C:\Users\durgamaniryudh\Desktop\Learn\testing_evals\test\aapp_competition_test\3467\3467_gen_0.sv,tngtech/deepseek-r1t2-chimera:free,stop,,gen-1768540837-nD88v4DjFqyKhQ4GEZiY
3379,aapp_competition_test,0,4564,2550,813,C:\Users\durgamaniryudh\Desktop\Learn\testing_evals\test\aapp_competition_test\3379\3379_gen_0.sv,tngtech/deepseek-r1t2-chimera:free,stop,,gen-1768540823-IEYtnDCo8RfUMAyufVEl
3516,aapp_competition_test,0,5658,2804,634,C:\Users\durgamaniryudh\Desktop\Learn\testing_evals\test\aapp_competition_test\3516\3516_gen_0.sv,tngtech/deepseek-r1t2-chimera:free,stop,,gen-1768540838-YwEAGNF9jAk9RLqo9Yxk
3823,aapp_competition_test,0,3969,6528,5613,C:\Users\durgamaniryudh\Desktop\Learn\testing_evals\test\aapp_competition_test\3823\3823_gen_0.sv,tngtech/deepseek-r1t2-chimera:free,stop,,gen-1768540761-a8r9W3ZFxZyRu5gmgwXX
422,mbpp_test,0,4522,1453,718,C:\Users\durgamaniryudh\Desktop\Learn\testing_evals\test\mbpp_test\422\422_gen_0.sv,tngtech/deepseek-r1t2-chimera:free,stop,,gen-1768540884-xEUASj2UkvDdcYN2FcDr
3709,aapp_competition_test,0,3895,2657,2308,C:\Users\durgamaniryudh\Desktop\Learn\testing_evals\test\aapp_competition_test\3709\3709_gen_0.sv,tngtech/deepseek-r1t2-chimera:free,stop,,gen-1768540863-Ubvnnu7fpuBR751gB0f3
567,mbpp_validation,0,4392,1338,533,C:\Users\durgamaniryudh\Desktop\Learn\testing_evals\test\mbpp_validation\567\567_gen_0.sv,tngtech/deepseek-r1t2-chimera:free,stop,,gen-1768540895-jaBGp73XIvITOwwP3JYE
3571,aapp_competition_test,0,5577,3128,1179,C:\Users\durgamaniryudh\Desktop\Learn\testing_evals\test\aapp_competition_test\3571\3571_gen_0.sv,tngtech/deepseek-r1t2-chimera:free,stop,,gen-1768540845-gtHs3HkNW0drTJ8bnMq1
3245,aapp_competition_test,0,4170,3533,3903,C:\Users\durgamaniryudh\Desktop\Learn\testing_evals\test\aapp_competition_test\3245\3245_gen_0.sv,tngtech/deepseek-r1t2-chimera:free,stop,,gen-1768540819-vodtPl6trwGq9U5L5JPg
167,mbpp_test,0,5282,1159,522,C:\Users\durgamaniryudh\Desktop\Learn\testing_evals\test\mbpp_test\167\167_gen_0.sv,tngtech/deepseek-r1t2-chimera:free,stop,,gen-1768540925-rymRAVjiTxYiMceu7RMr
785,mbpp_train,0,4596,1983,915,C:\Users\durgamaniryudh\Desktop\Learn\testing_evals\test\mbpp_train\785\785_gen_0.sv,tngtech/deepseek-r1t2-chimera:free,stop,,gen-1768540912-IjoJD8a3Gr5i0QNLGxjg
3896,aapp_competition_test,0,4482,1839,1085,C:\Users\durgamaniryudh\Desktop\Learn\testing_evals\test\aapp_competition_test\3896\3896_gen_0.sv,tngtech/deepseek-r1t2-chimera:free,stop,,gen-1768540927-Netuyqtl7QwrZW3SVcPZ
28,human_eval_test,0,4293,7949,7092,C:\Users\durgamaniryudh\Desktop\Learn\testing_evals\test\human_eval_test\28\28_gen_0.sv,tngtech/deepseek-r1t2-chimera:free,stop,,gen-1768540770-I7gZcsMK7u1ZzTV2j8Cr
3994,aapp_competition_test,0,4516,2426,1596,C:\Users\durgamaniryudh\Desktop\Learn\testing_evals\test\aapp_competition_test\3994\3994_gen_0.sv,tngtech/deepseek-r1t2-chimera:free,stop,,gen-1768540916-Ep7ZoaUMcqWXnMA1Ity7
3845,aapp_competition_test,0,4456,2072,947,C:\Users\durgamaniryudh\Desktop\Learn\testing_evals\test\aapp_competition_test\3845\3845_gen_0.sv,tngtech/deepseek-r1t2-chimera:free,stop,,gen-1768540934-0wD97QJAMgKoZ7U2OJUG
607,mbpp_train,0,4372,4246,3530,C:\Users\durgamaniryudh\Desktop\Learn\testing_evals\test\mbpp_train\607\607_gen_0.sv,tngtech/deepseek-r1t2-chimera:free,stop,,gen-1768540884-QNWVZAAPcNkiJvfLbfs1
3380,aapp_competition_test,0,3809,569,457,C:\Users\durgamaniryudh\Desktop\Learn\testing_evals\test\aapp_competition_test\3380\3380_gen_0.sv,tngtech/deepseek-r1t2-chimera:free,stop,,gen-1768540968-lJR1bEXX5YvhcfdJdU9z
3050,aapp_competition_test,0,6892,2192,742,C:\Users\durgamaniryudh\Desktop\Learn\testing_evals\test\aapp_competition_test\3050\3050_gen_0.sv,tngtech/deepseek-r1t2-chimera:free,stop,,gen-1768540946-0EeH3KI7t3ovN289gM4R
3134,aapp_competition_test,0,5380,2137,911,C:\Users\durgamaniryudh\Desktop\Learn\testing_evals\test\aapp_competition_test\3134\3134_gen_0.sv,tngtech/deepseek-r1t2-chimera:free,stop,,gen-1768540954-QtvpUJ8vQ2wGpppx0bA9
3238,aapp_competition_test,0,5798,2338,804,C:\Users\durgamaniryudh\Desktop\Learn\testing_evals\test\aapp_competition_test\3238\3238_gen_0.sv,tngtech/deepseek-r1t2-chimera:free,stop,,gen-1768540968-K1RFt4Nj9uh4qt5Gzbsd
3192,aapp_competition_test,0,4971,2486,1026,C:\Users\durgamaniryudh\Desktop\Learn\testing_evals\test\aapp_competition_test\3192\3192_gen_0.sv,tngtech/deepseek-r1t2-chimera:free,stop,,gen-1768540967-lJOQYQJk6uyBLu8F3nBp
3527,aapp_competition_test,0,4783,2068,962,C:\Users\durgamaniryudh\Desktop\Learn\testing_evals\test\aapp_competition_test\3527\3527_gen_0.sv,tngtech/deepseek-r1t2-chimera:free,stop,,gen-1768540980-hCUerHojvL8Xh8K2GJ1q
3713,aapp_competition_test,0,3854,1423,1277,C:\Users\durgamaniryudh\Desktop\Learn\testing_evals\test\aapp_competition_test\3713\3713_gen_0.sv,tngtech/deepseek-r1t2-chimera:free,stop,,gen-1768540996-kOOaD04fVsDBOtOxSlh1
3474,aapp_competition_test,0,5433,2880,819,C:\Users\durgamaniryudh\Desktop\Learn\testing_evals\test\aapp_competition_test\3474\3474_gen_0.sv,tngtech/deepseek-r1t2-chimera:free,stop,,gen-1768540977-gc9lFGJTVHRuyNwklVFB
3569,aapp_competition_test,0,4974,2583,1142,C:\Users\durgamaniryudh\Desktop\Learn\testing_evals\test\aapp_competition_test\3569\3569_gen_0.sv,tngtech/deepseek-r1t2-chimera:free,stop,,gen-1768540987-bHgfrdMATv5dvjz0l0sV
3425,aapp_competition_test,0,4830,3582,2637,C:\Users\durgamaniryudh\Desktop\Learn\testing_evals\test\aapp_competition_test\3425\3425_gen_0.sv,tngtech/deepseek-r1t2-chimera:free,stop,,gen-1768540975-aKhr8UfFXI0z328qSBpp
3003,aapp_competition_test,0,4950,2079,581,C:\Users\durgamaniryudh\Desktop\Learn\testing_evals\test\aapp_competition_test\3003\3003_gen_0.sv,tngtech/deepseek-r1t2-chimera:free,stop,,gen-1768541035-t6pp64ajYScNzRUcxRUm
0,human_eval_test,0,4124,9125,7565,C:\Users\durgamaniryudh\Desktop\Learn\testing_evals\test\human_eval_test\0\0_gen_0.sv,tngtech/deepseek-r1t2-chimera:free,stop,,gen-1768540883-ONCOmhkaVcgSQf5MhjDu
3047,aapp_competition_test,0,3945,2188,879,C:\Users\durgamaniryudh\Desktop\Learn\testing_evals\test\aapp_competition_test\3047\3047_gen_0.sv,tngtech/deepseek-r1t2-chimera:free,stop,,gen-1768541050-RTqLw0VrhmBwPRylRkK4
3199,aapp_competition_test,0,4840,2006,695,C:\Users\durgamaniryudh\Desktop\Learn\testing_evals\test\aapp_competition_test\3199\3199_gen_0.sv,tngtech/deepseek-r1t2-chimera:free,stop,,gen-1768541087-1lmG7AWFQBpTbxeX6fKe
3148,aapp_competition_test,0,4115,13717,10496,C:\Users\durgamaniryudh\Desktop\Learn\testing_evals\test\aapp_competition_test\3148\3148_gen_0.sv,tngtech/deepseek-r1t2-chimera:free,stop,,gen-1768540806-oRvJfBvhcllZxDuOEvYd
3146,aapp_competition_test,0,5532,3345,1427,C:\Users\durgamaniryudh\Desktop\Learn\testing_evals\test\aapp_competition_test\3146\3146_gen_0.sv,tngtech/deepseek-r1t2-chimera:free,stop,,gen-1768541057-Fwxh1EIUIngFyCOPo4FJ
3237,aapp_competition_test,0,5729,2571,619,C:\Users\durgamaniryudh\Desktop\Learn\testing_evals\test\aapp_competition_test\3237\3237_gen_0.sv,tngtech/deepseek-r1t2-chimera:free,stop,,gen-1768541095-c5Pa4tGdDUOd088gRxP7
80,human_eval_test,0,4069,5464,4411,C:\Users\durgamaniryudh\Desktop\Learn\testing_evals\test\human_eval_test\80\80_gen_0.sv,tngtech/deepseek-r1t2-chimera:free,stop,,gen-1768541034-CNt4yqzB0J0JZnJio8gJ
284,mbpp_test,0,4064,5606,5052,C:\Users\durgamaniryudh\Desktop\Learn\testing_evals\test\mbpp_test\284\284_gen_0.sv,tngtech/deepseek-r1t2-chimera:free,stop,,gen-1768541026-ca5hLafcUzHY0xilBpIt
3424,aapp_competition_test,0,5007,2051,870,C:\Users\durgamaniryudh\Desktop\Learn\testing_evals\test\aapp_competition_test\3424\3424_gen_0.sv,tngtech/deepseek-r1t2-chimera:free,stop,,gen-1768541132-yl24bO81lIcb7kkTVCbn
43,human_eval_test,0,3876,6353,5907,C:\Users\durgamaniryudh\Desktop\Learn\testing_evals\test\human_eval_test\43\43_gen_0.sv,tngtech/deepseek-r1t2-chimera:free,stop,,gen-1768541028-69zWgjJYIOwvMVnXVL9j
3477,aapp_competition_test,0,5140,2395,1137,C:\Users\durgamaniryudh\Desktop\Learn\testing_evals\test\aapp_competition_test\3477\3477_gen_0.sv,tngtech/deepseek-r1t2-chimera:free,stop,,gen-1768541134-oD0QCbCvi5Wxmnh7uHtc
58,mbpp_test,0,4075,375,370,C:\Users\durgamaniryudh\Desktop\Learn\testing_evals\test\mbpp_test\58\58_gen_0.sv,tngtech/deepseek-r1t2-chimera:free,stop,,gen-1768541189-1v0JKa7THhq9ey2Q005g
9,human_eval_test,0,4317,7917,8441,C:\Users\durgamaniryudh\Desktop\Learn\testing_evals\test\human_eval_test\9\9_gen_0.sv,tngtech/deepseek-r1t2-chimera:free,stop,,gen-1768541016-Xds6K8B1wAhhpmHOMcoL
626,mbpp_train,0,4073,975,937,C:\Users\durgamaniryudh\Desktop\Learn\testing_evals\test\mbpp_train\626\626_gen_0.sv,tngtech/deepseek-r1t2-chimera:free,stop,,gen-1768541190-VIlJ9hJSgqzX643GC9gw
3518,aapp_competition_test,0,6728,4106,1581,C:\Users\durgamaniryudh\Desktop\Learn\testing_evals\test\aapp_competition_test\3518\3518_gen_0.sv,tngtech/deepseek-r1t2-chimera:free,stop,,gen-1768541135-vMDuQv6xcUPp4Amidsyg
3851,aapp_competition_test,0,5392,2682,866,C:\Users\durgamaniryudh\Desktop\Learn\testing_evals\test\aapp_competition_test\3851\3851_gen_0.sv,tngtech/deepseek-r1t2-chimera:free,stop,,gen-1768541159-cEvKT10EC5veSw3557aX
593,mbpp_validation,0,4120,13631,9319,C:\Users\durgamaniryudh\Desktop\Learn\testing_evals\test\mbpp_validation\593\593_gen_0.sv,tngtech/deepseek-r1t2-chimera:free,stop,,gen-1768540927-YJaOkikTtHyBO9NkQ9FS
3810,aapp_competition_test,0,4543,2092,653,C:\Users\durgamaniryudh\Desktop\Learn\testing_evals\test\aapp_competition_test\3810\3810_gen_0.sv,tngtech/deepseek-r1t2-chimera:free,stop,,gen-1768541180-ChiZaNtMblbWUkF3MthS
3004,aapp_competition_test,0,4857,2026,694,C:\Users\durgamaniryudh\Desktop\Learn\testing_evals\test\aapp_competition_test\3004\3004_gen_0.sv,tngtech/deepseek-r1t2-chimera:free,stop,,gen-1768541216-gB5ipEZUDJP2AL3ljqf2
3145,aapp_competition_test,0,4501,1739,889,C:\Users\durgamaniryudh\Desktop\Learn\testing_evals\test\aapp_competition_test\3145\3145_gen_0.sv,tngtech/deepseek-r1t2-chimera:free,stop,,gen-1768541234-GUgK74XVBCpGqJ2uRMHz
3198,aapp_competition_test,0,4303,1161,550,C:\Users\durgamaniryudh\Desktop\Learn\testing_evals\test\aapp_competition_test\3198\3198_gen_0.sv,tngtech/deepseek-r1t2-chimera:free,stop,,gen-1768541236-rpvNvrJEmGE3X4GjHH9M
3946,aapp_competition_test,0,4847,4296,1181,C:\Users\durgamaniryudh\Desktop\Learn\testing_evals\test\aapp_competition_test\3946\3946_gen_0.sv,tngtech/deepseek-r1t2-chimera:free,stop,,gen-1768541165-bmNi0EEEO8nrk2ucytya
3574,aapp_competition_test,0,4080,5953,4576,C:\Users\durgamaniryudh\Desktop\Learn\testing_evals\test\aapp_competition_test\3574\3574_gen_0.sv,tngtech/deepseek-r1t2-chimera:free,stop,,gen-1768541149-12THrtTJwFNTBqUg747a
432,mbpp_test,0,4139,4467,4134,C:\Users\durgamaniryudh\Desktop\Learn\testing_evals\test\mbpp_test\432\432_gen_0.sv,tngtech/deepseek-r1t2-chimera:free,stop,,gen-1768541198-AEOQx7IJuBVxOxeGLjfU
3054,aapp_competition_test,0,7693,3411,828,C:\Users\durgamaniryudh\Desktop\Learn\testing_evals\test\aapp_competition_test\3054\3054_gen_0.sv,tngtech/deepseek-r1t2-chimera:free,stop,,gen-1768541228-uT5NEfx1Wn6Ncbul4FWa
3473,aapp_competition_test,0,5142,2053,737,C:\Users\durgamaniryudh\Desktop\Learn\testing_evals\test\aapp_competition_test\3473\3473_gen_0.sv,tngtech/deepseek-r1t2-chimera:free,stop,,gen-1768541270-wW55Lz8tr0IyG7C4qsOA
3430,aapp_competition_test,0,5611,2648,749,C:\Users\durgamaniryudh\Desktop\Learn\testing_evals\test\aapp_competition_test\3430\3430_gen_0.sv,tngtech/deepseek-r1t2-chimera:free,stop,,gen-1768541269-Wj4XyjmoK4bc4wsoTbnm
138,mbpp_test,0,3745,916,858,C:\Users\durgamaniryudh\Desktop\Learn\testing_evals\test\mbpp_test\138\138_gen_0.sv,tngtech/deepseek-r1t2-chimera:free,stop,,gen-1768541317-zlNILeFsVo8JqWemrH1C
3522,aapp_competition_test,0,4362,2039,1235,C:\Users\durgamaniryudh\Desktop\Learn\testing_evals\test\aapp_competition_test\3522\3522_gen_0.sv,tngtech/deepseek-r1t2-chimera:free,stop,,gen-1768541272-bboSvzwrVlG3ltQbAjpn
255,mbpp_test,0,4219,2166,1094,C:\Users\durgamaniryudh\Desktop\Learn\testing_evals\test\mbpp_test\255\255_gen_0.sv,tngtech/deepseek-r1t2-chimera:free,stop,,gen-1768541313-Yz5JldJO7qF8cLKBnVLl
3384,aapp_competition_test,0,6647,4375,4065,C:\Users\durgamaniryudh\Desktop\Learn\testing_evals\test\aapp_competition_test\3384\3384_gen_0.sv,tngtech/deepseek-r1t2-chimera:free,stop,,gen-1768541263-dZAkJy6ZvoVc6HCGLPzd
3568,aapp_competition_test,0,4958,2869,1201,C:\Users\durgamaniryudh\Desktop\Learn\testing_evals\test\aapp_competition_test\3568\3568_gen_0.sv,tngtech/deepseek-r1t2-chimera:free,stop,,gen-1768541286-e05nxWjXrreY7mZbjrlv
3241,aapp_competition_test,0,4130,6394,4954,C:\Users\durgamaniryudh\Desktop\Learn\testing_evals\test\aapp_competition_test\3241\3241_gen_0.sv,tngtech/deepseek-r1t2-chimera:free,stop,,gen-1768541240-gtY5xjnVzoX0kErpHi5k
3382,aapp_competition_test,0,3983,12257,9514,C:\Users\durgamaniryudh\Desktop\Learn\testing_evals\test\aapp_competition_test\3382\3382_gen_0.sv,tngtech/deepseek-r1t2-chimera:free,stop,,gen-1768541105-3TRVZBDCnsSiXOojkW91
3151,aapp_competition_test,0,3835,765,505,C:\Users\durgamaniryudh\Desktop\Learn\testing_evals\test\aapp_competition_test\3151\3151_gen_0.sv,tngtech/deepseek-r1t2-chimera:free,stop,,gen-1768541374-eB5Mn7JLYj5RaPPMVjTH
3005,aapp_competition_test,0,4657,3311,979,C:\Users\durgamaniryudh\Desktop\Learn\testing_evals\test\aapp_competition_test\3005\3005_gen_0.sv,tngtech/deepseek-r1t2-chimera:free,stop,,gen-1768541347-blBsOnsuuZYp4Kz7uMql
95,human_eval_test,0,4180,9503,7992,C:\Users\durgamaniryudh\Desktop\Learn\testing_evals\test\human_eval_test\95\95_gen_0.sv,tngtech/deepseek-r1t2-chimera:free,stop,,gen-1768541203-PVETuLMCHfFnSXcvOSIO
3067,aapp_competition_test,0,5463,3200,1054,C:\Users\durgamaniryudh\Desktop\Learn\testing_evals\test\aapp_competition_test\3067\3067_gen_0.sv,tngtech/deepseek-r1t2-chimera:free,stop,,gen-1768541368-Fpzm4G9X4n3oLzcMGIpQ
3427,aapp_competition_test,0,5020,2001,441,C:\Users\durgamaniryudh\Desktop\Learn\testing_evals\test\aapp_competition_test\3427\3427_gen_0.sv,tngtech/deepseek-r1t2-chimera:free,stop,,gen-1768541395-vpYQxWfTHofqyDlGKYh1
3385,aapp_competition_test,0,4464,2292,1162,C:\Users\durgamaniryudh\Desktop\Learn\testing_evals\test\aapp_competition_test\3385\3385_gen_0.sv,tngtech/deepseek-r1t2-chimera:free,stop,,gen-1768541394-kMkrpCWusgU3nWgQnsGz
3240,aapp_competition_test,0,4654,2977,1071,C:\Users\durgamaniryudh\Desktop\Learn\testing_evals\test\aapp_competition_test\3240\3240_gen_0.sv,tngtech/deepseek-r1t2-chimera:free,stop,,gen-1768541390-AFmAMOSpTNtOM46XERfF
3196,aapp_competition_test,0,5590,3265,1509,C:\Users\durgamaniryudh\Desktop\Learn\testing_evals\test\aapp_competition_test\3196\3196_gen_0.sv,tngtech/deepseek-r1t2-chimera:free,stop,,gen-1768541383-3bXKinSFKrIfDcJQrnQS
300,mbpp_test,0,4227,6315,5347,C:\Users\durgamaniryudh\Desktop\Learn\testing_evals\test\mbpp_test\300\300_gen_0.sv,tngtech/deepseek-r1t2-chimera:free,stop,,gen-1768541309-39AcxmyokCyT0Ns1n70Q
3572,aapp_competition_test,0,4759,2037,745,C:\Users\durgamaniryudh\Desktop\Learn\testing_evals\test\aapp_competition_test\3572\3572_gen_0.sv,tngtech/deepseek-r1t2-chimera:free,stop,,gen-1768541438-yaMdA2Dnk8fyiBxZMPt6
3524,aapp_competition_test,0,4327,2332,1526,C:\Users\durgamaniryudh\Desktop\Learn\testing_evals\test\aapp_competition_test\3524\3524_gen_0.sv,tngtech/deepseek-r1t2-chimera:free,stop,,gen-1768541434-xzHPN9a2CTwgtHutP4Yg
91,human_eval_test,0,4284,1686,875,C:\Users\durgamaniryudh\Desktop\Learn\testing_evals\test\human_eval_test\91\91_gen_0.sv,tngtech/deepseek-r1t2-chimera:free,stop,,gen-1768541461-sZiG8DKMn1i2aTSRZKDW
3880,aapp_competition_test,0,4265,2018,1440,C:\Users\durgamaniryudh\Desktop\Learn\testing_evals\test\aapp_competition_test\3880\3880_gen_0.sv,tngtech/deepseek-r1t2-chimera:free,stop,,gen-1768541454-uk32VPDVTnV8UadvnPQh
3816,aapp_competition_test,0,4066,2813,1176,C:\Users\durgamaniryudh\Desktop\Learn\testing_evals\test\aapp_competition_test\3816\3816_gen_0.sv,tngtech/deepseek-r1t2-chimera:free,stop,,gen-1768541443-WfeuKbuQ36EpfpBiUQXl
412,mbpp_test,0,4515,1908,695,C:\Users\durgamaniryudh\Desktop\Learn\testing_evals\test\mbpp_test\412\412_gen_0.sv,tngtech/deepseek-r1t2-chimera:free,stop,,gen-1768541470-ckhYwUn0saJyd0aFeWVy
726,mbpp_train,0,4361,2561,1951,C:\Users\durgamaniryudh\Desktop\Learn\testing_evals\test\mbpp_train\726\726_gen_0.sv,tngtech/deepseek-r1t2-chimera:free,stop,,gen-1768541457-ChPzQ1zRDFDeULcwJiYU
3002,aapp_competition_test,0,4501,2063,960,C:\Users\durgamaniryudh\Desktop\Learn\testing_evals\test\aapp_competition_test\3002\3002_gen_0.sv,tngtech/deepseek-r1t2-chimera:free,stop,,gen-1768541487-Py6sUGDdc6mMG3WjXXuD
3153,aapp_competition_test,0,5079,2346,558,C:\Users\durgamaniryudh\Desktop\Learn\testing_evals\test\aapp_competition_test\3153\3153_gen_0.sv,tngtech/deepseek-r1t2-chimera:free,stop,,gen-1768541496-oWNCK4OkEa40n1kGaU3Y
104,human_eval_test,0,4079,8660,8227,C:\Users\durgamaniryudh\Desktop\Learn\testing_evals\test\human_eval_test\104\104_gen_0.sv,tngtech/deepseek-r1t2-chimera:free,stop,,gen-1768541335-LgheqCLaTFJ3XsDLTw2X
3242,aapp_competition_test,0,4805,2092,1030,C:\Users\durgamaniryudh\Desktop\Learn\testing_evals\test\aapp_competition_test\3242\3242_gen_0.sv,tngtech/deepseek-r1t2-chimera:free,stop,,gen-1768541503-15B3vyHOc958XSCeix2w
3432,aapp_competition_test,0,4814,2424,1063,C:\Users\durgamaniryudh\Desktop\Learn\testing_evals\test\aapp_competition_test\3432\3432_gen_0.sv,tngtech/deepseek-r1t2-chimera:free,stop,,gen-1768541514-LKl9SsuJ6o2cFbLj2scz
3381,aapp_competition_test,0,4543,3898,2528,C:\Users\durgamaniryudh\Desktop\Learn\testing_evals\test\aapp_competition_test\3381\3381_gen_0.sv,tngtech/deepseek-r1t2-chimera:free,stop,,gen-1768541511-Fc0NUE8AiTeSvv15wft0
115,mbpp_test,0,4047,1104,722,C:\Users\durgamaniryudh\Desktop\Learn\testing_evals\test\mbpp_test\115\115_gen_0.sv,tngtech/deepseek-r1t2-chimera:free,stop,,gen-1768541568-HKhFKhvwyMnUYqIlc8zk
3534,aapp_competition_test,0,4678,2080,830,C:\Users\durgamaniryudh\Desktop\Learn\testing_evals\test\aapp_competition_test\3534\3534_gen_0.sv,tngtech/deepseek-r1t2-chimera:free,stop,,gen-1768541544-6TjnpIMHny4cw778I4Wz
3580,aapp_competition_test,0,4441,2025,1109,C:\Users\durgamaniryudh\Desktop\Learn\testing_evals\test\aapp_competition_test\3580\3580_gen_0.sv,tngtech/deepseek-r1t2-chimera:free,stop,,gen-1768541546-4M4U5rc7QOSfRo39x7st
3995,aapp_competition_test,0,3988,804,573,C:\Users\durgamaniryudh\Desktop\Learn\testing_evals\test\aapp_competition_test\3995\3995_gen_0.sv,tngtech/deepseek-r1t2-chimera:free,stop,,gen-1768541594-wWvc7StewfDKLREjzl6w
82,mbpp_test,0,4531,1552,943,C:\Users\durgamaniryudh\Desktop\Learn\testing_evals\test\mbpp_test\82\82_gen_0.sv,tngtech/deepseek-r1t2-chimera:free,stop,,gen-1768541595-CeHDlvXqjSA1gz4gIHO0
3476,aapp_competition_test,0,4214,9377,8436,C:\Users\durgamaniryudh\Desktop\Learn\testing_evals\test\aapp_competition_test\3476\3476_gen_0.sv,tngtech/deepseek-r1t2-chimera:free,stop,,gen-1768541432-9FcQbXTyQGuu1t71DHQY
106,human_eval_test,0,4170,3814,3162,C:\Users\durgamaniryudh\Desktop\Learn\testing_evals\test\human_eval_test\106\106_gen_0.sv,tngtech/deepseek-r1t2-chimera:free,stop,,gen-1768541549-iO6UDgByw8f8OhU6enmq
786,mbpp_train,0,4128,2489,1568,C:\Users\durgamaniryudh\Desktop\Learn\testing_evals\test\mbpp_train\786\786_gen_0.sv,tngtech/deepseek-r1t2-chimera:free,stop,,gen-1768541593-Dgrd78Z2aPVhJawbPvTX
753,mbpp_train,0,5077,2978,1801,C:\Users\durgamaniryudh\Desktop\Learn\testing_evals\test\mbpp_train\753\753_gen_0.sv,tngtech/deepseek-r1t2-chimera:free,stop,,gen-1768541591-NbY0dwTWYQzDTmHRPw29
3963,aapp_competition_test,0,3904,12882,11678,C:\Users\durgamaniryudh\Desktop\Learn\testing_evals\test\aapp_competition_test\3963\3963_gen_0.sv,tngtech/deepseek-r1t2-chimera:free,stop,,gen-1768541340-7gEFAKRzCbEkH5qEBfVN
3898,aapp_competition_test,0,4351,1502,826,C:\Users\durgamaniryudh\Desktop\Learn\testing_evals\test\aapp_competition_test\3898\3898_gen_0.sv,tngtech/deepseek-r1t2-chimera:free,stop,,gen-1768541626-8bxe1gxZJKMKPq4ZhGsh
3049,aapp_competition_test,0,5150,2666,934,C:\Users\durgamaniryudh\Desktop\Learn\testing_evals\test\aapp_competition_test\3049\3049_gen_0.sv,tngtech/deepseek-r1t2-chimera:free,stop,,gen-1768541638-8DdAtt3d4VT8v58fYRWm
15,human_eval_test,0,4275,3958,3223,C:\Users\durgamaniryudh\Desktop\Learn\testing_evals\test\human_eval_test\15\15_gen_0.sv,tngtech/deepseek-r1t2-chimera:free,stop,,gen-1768541612-Tmi4SXikux15HzCpnGAu
3130,aapp_competition_test,0,4700,2736,1758,C:\Users\durgamaniryudh\Desktop\Learn\testing_evals\test\aapp_competition_test\3130\3130_gen_0.sv,tngtech/deepseek-r1t2-chimera:free,stop,,gen-1768541645-otUYeN9PrlJz2FWD9rNm
3450,aapp_competition_test,0,3945,8421,6821,C:\Users\durgamaniryudh\Desktop\Learn\testing_evals\test\aapp_competition_test\3450\3450_gen_0.sv,tngtech/deepseek-r1t2-chimera:free,stop,,gen-1768541531-GkmIL26cXJjEebJ5aG2M
3239,aapp_competition_test,0,4677,2398,865,C:\Users\durgamaniryudh\Desktop\Learn\testing_evals\test\aapp_competition_test\3239\3239_gen_0.sv,tngtech/deepseek-r1t2-chimera:free,stop,,gen-1768541654-KzwKxSC9GMnI2h1CpLUV
3575,aapp_competition_test,0,4434,1183,554,C:\Users\durgamaniryudh\Desktop\Learn\testing_evals\test\aapp_competition_test\3575\3575_gen_0.sv,tngtech/deepseek-r1t2-chimera:free,stop,,gen-1768541712-X4gHjHXJoKKdE26qL9Zn
3037,aapp_competition_test,0,4929,11350,10206,C:\Users\durgamaniryudh\Desktop\Learn\testing_evals\test\aapp_competition_test\3037\3037_gen_0.sv,tngtech/deepseek-r1t2-chimera:free,stop,,gen-1768541490-ETYeWaUMS8OEvebWXtV0
3428,aapp_competition_test,0,4158,4454,3381,C:\Users\durgamaniryudh\Desktop\Learn\testing_evals\test\aapp_competition_test\3428\3428_gen_0.sv,tngtech/deepseek-r1t2-chimera:free,stop,,gen-1768541695-fiZZ3M76euTzz3C9kSXS
3525,aapp_competition_test,0,5958,4061,1285,C:\Users\durgamaniryudh\Desktop\Learn\testing_evals\test\aapp_competition_test\3525\3525_gen_0.sv,tngtech/deepseek-r1t2-chimera:free,stop,,gen-1768541711-lDBjuHG7A9drOHMTXOob
2,human_eval_test,0,3874,401,383,C:\Users\durgamaniryudh\Desktop\Learn\testing_evals\test\human_eval_test\2\2_gen_0.sv,tngtech/deepseek-r1t2-chimera:free,stop,,gen-1768541796-HTgFHxg7mzcexT8nzXrM
3006,aapp_competition_test,0,4385,7657,7049,C:\Users\durgamaniryudh\Desktop\Learn\testing_evals\test\aapp_competition_test\3006\3006_gen_0.sv,tngtech/deepseek-r1t2-chimera:free,stop,,gen-1768541638-cr5830BvUGYJFpPLhDQu
3201,aapp_competition_test,0,4061,12720,10564,C:\Users\durgamaniryudh\Desktop\Learn\testing_evals\test\aapp_competition_test\3201\3201_gen_0.sv,tngtech/deepseek-r1t2-chimera:free,stop,,gen-1768541502-ZmeRJBWjqgy0kw2OaXQJ
3194,aapp_competition_test,0,4546,7644,6335,C:\Users\durgamaniryudh\Desktop\Learn\testing_evals\test\aapp_competition_test\3194\3194_gen_0.sv,tngtech/deepseek-r1t2-chimera:free,stop,,gen-1768541654-6y6f9JAnIF3IpnYO9DhC
3471,aapp_competition_test,0,4823,5637,3765,C:\Users\durgamaniryudh\Desktop\Learn\testing_evals\test\aapp_competition_test\3471\3471_gen_0.sv,tngtech/deepseek-r1t2-chimera:free,stop,,gen-1768541700-jY990uVivmV9CMN7nBfu
301,mbpp_test,0,5479,4730,3032,C:\Users\durgamaniryudh\Desktop\Learn\testing_evals\test\mbpp_test\301\301_gen_0.sv,tngtech/deepseek-r1t2-chimera:free,stop,,gen-1768541756-9rpCggU1Zc0R64t6B6me
3052,aapp_competition_test,0,4434,2723,1412,C:\Users\durgamaniryudh\Desktop\Learn\testing_evals\test\aapp_competition_test\3052\3052_gen_0.sv,tngtech/deepseek-r1t2-chimera:free,stop,,gen-1768541806-BVAZUVjmhmcMPiDhQfCS
3203,aapp_competition_test,0,4877,2115,676,C:\Users\durgamaniryudh\Desktop\Learn\testing_evals\test\aapp_competition_test\3203\3203_gen_0.sv,tngtech/deepseek-r1t2-chimera:free,stop,,gen-1768541834-vnrYeTojK6JTiYBsjtw1
3244,aapp_competition_test,0,4085,1653,1274,C:\Users\durgamaniryudh\Desktop\Learn\testing_evals\test\aapp_competition_test\3244\3244_gen_0.sv,tngtech/deepseek-r1t2-chimera:free,stop,,gen-1768541847-1ItR5g5YZ4CtIR6VQvAT
3392,aapp_competition_test,0,4202,10178,7162,C:\Users\durgamaniryudh\Desktop\Learn\testing_evals\test\aapp_competition_test\3392\3392_gen_0.sv,tngtech/deepseek-r1t2-chimera:free,stop,,gen-1768541656-tqIhxzT5dSI2ZrbUMlnx
161,mbpp_test,0,4113,7238,6463,C:\Users\durgamaniryudh\Desktop\Learn\testing_evals\test\mbpp_test\161\161_gen_0.sv,tngtech/deepseek-r1t2-chimera:free,stop,,gen-1768541743-zJp4ksf9ENBIyFYjDDds
3478,aapp_competition_test,0,3967,1135,847,C:\Users\durgamaniryudh\Desktop\Learn\testing_evals\test\aapp_competition_test\3478\3478_gen_0.sv,tngtech/deepseek-r1t2-chimera:free,stop,,gen-1768541878-y9PdtYAbHrdg3gIVNXqu
135,human_eval_test,0,4267,8097,7333,C:\Users\durgamaniryudh\Desktop\Learn\testing_evals\test\human_eval_test\135\135_gen_0.sv,tngtech/deepseek-r1t2-chimera:free,stop,,gen-1768541713-Od9D1i1ZzXSgWpof9h7g
461,mbpp_test,0,4222,1183,762,C:\Users\durgamaniryudh\Desktop\Learn\testing_evals\test\mbpp_test\461\461_gen_0.sv,tngtech/deepseek-r1t2-chimera:free,stop,,gen-1768541912-9HeNmCEW4XXXcc3enehv
3387,aapp_competition_test,0,5640,3635,913,C:\Users\durgamaniryudh\Desktop\Learn\testing_evals\test\aapp_competition_test\3387\3387_gen_0.sv,tngtech/deepseek-r1t2-chimera:free,stop,,gen-1768541868-igrRUymucphdIRRIcDnZ
3948,aapp_competition_test,0,4692,1916,928,C:\Users\durgamaniryudh\Desktop\Learn\testing_evals\test\aapp_competition_test\3948\3948_gen_0.sv,tngtech/deepseek-r1t2-chimera:free,stop,,gen-1768541906-rIFilafybHU2GAx3QJ6B
3849,aapp_competition_test,0,5132,2422,1132,C:\Users\durgamaniryudh\Desktop\Learn\testing_evals\test\aapp_competition_test\3849\3849_gen_0.sv,tngtech/deepseek-r1t2-chimera:free,stop,,gen-1768541904-CtGe2sxfJeT4qbUrKLgq
3156,aapp_competition_test,0,4692,7115,1181,C:\Users\durgamaniryudh\Desktop\Learn\testing_evals\test\aapp_competition_test\3156\3156_gen_0.sv,tngtech/deepseek-r1t2-chimera:free,stop,,gen-1768541814-VLrECacQr38WzuGLUjW5
592,mbpp_validation,0,3887,684,568,C:\Users\durgamaniryudh\Desktop\Learn\testing_evals\test\mbpp_validation\592\592_gen_0.sv,tngtech/deepseek-r1t2-chimera:free,stop,,gen-1768541947-DLioiPzTCRWx7Ok9AMya
3576,aapp_competition_test,0,4226,2777,1914,C:\Users\durgamaniryudh\Desktop\Learn\testing_evals\test\aapp_competition_test\3576\3576_gen_0.sv,tngtech/deepseek-r1t2-chimera:free,stop,,gen-1768541899-aGrCCUH0HlpTCzpBDtne
3000,aapp_competition_test,0,4030,7696,6943,C:\Users\durgamaniryudh\Desktop\Learn\testing_evals\test\aapp_competition_test\3000\3000_gen_0.sv,tngtech/deepseek-r1t2-chimera:free,stop,,gen-1768541805-QJarNYE4E7C48j5C8a6P
3435,aapp_competition_test,0,5062,4336,3519,C:\Users\durgamaniryudh\Desktop\Learn\testing_evals\test\aapp_competition_test\3435\3435_gen_0.sv,tngtech/deepseek-r1t2-chimera:free,stop,,gen-1768541868-7dMqaWucYaOQOkXuVx4e
3530,aapp_competition_test,0,4141,3583,1734,C:\Users\durgamaniryudh\Desktop\Learn\testing_evals\test\aapp_competition_test\3530\3530_gen_0.sv,tngtech/deepseek-r1t2-chimera:free,stop,,gen-1768541887-b1UZvFcNv4lL7uukRSIR
794,mbpp_train,0,4167,1650,1164,C:\Users\durgamaniryudh\Desktop\Learn\testing_evals\test\mbpp_train\794\794_gen_0.sv,tngtech/deepseek-r1t2-chimera:free,stop,,gen-1768541943-4dX35jfFz9SvJ1HvxD3Y
286,mbpp_test,0,4662,1586,542,C:\Users\durgamaniryudh\Desktop\Learn\testing_evals\test\mbpp_test\286\286_gen_0.sv,tngtech/deepseek-r1t2-chimera:free,stop,,gen-1768541953-i42DEqeHun7kF2Ffp3cF
3191,aapp_competition_test,0,4261,1793,1022,C:\Users\durgamaniryudh\Desktop\Learn\testing_evals\test\aapp_competition_test\3191\3191_gen_0.sv,tngtech/deepseek-r1t2-chimera:free,stop,,gen-1768541969-TkhurRUmCfKm44fgbgS1
3252,aapp_competition_test,0,5362,2314,544,C:\Users\durgamaniryudh\Desktop\Learn\testing_evals\test\aapp_competition_test\3252\3252_gen_0.sv,tngtech/deepseek-r1t2-chimera:free,stop,,gen-1768541971-dg9MEQzJGISANcZvIEyp
3058,aapp_competition_test,0,4167,3258,1245,C:\Users\durgamaniryudh\Desktop\Learn\testing_evals\test\aapp_competition_test\3058\3058_gen_0.sv,tngtech/deepseek-r1t2-chimera:free,stop,,gen-1768541961-4PcKiaVqppM6ciXmfQW0
3433,aapp_competition_test,0,5478,3019,680,C:\Users\durgamaniryudh\Desktop\Learn\testing_evals\test\aapp_competition_test\3433\3433_gen_0.sv,tngtech/deepseek-r1t2-chimera:free,stop,,gen-1768541981-WYmHXGfpHpJHsZ5XcoeB
38,human_eval_test,0,4094,10814,10956,C:\Users\durgamaniryudh\Desktop\Learn\testing_evals\test\human_eval_test\38\38_gen_0.sv,tngtech/deepseek-r1t2-chimera:free,stop,,gen-1768541802-qCymGhlii3xfTu7EINty
3526,aapp_competition_test,0,4823,1836,722,C:\Users\durgamaniryudh\Desktop\Learn\testing_evals\test\aapp_competition_test\3526\3526_gen_0.sv,tngtech/deepseek-r1t2-chimera:free,stop,,gen-1768542024-Zrcsi1rH8Ecvc5ZAOZFL
3149,aapp_competition_test,0,6451,3848,1218,C:\Users\durgamaniryudh\Desktop\Learn\testing_evals\test\aapp_competition_test\3149\3149_gen_0.sv,tngtech/deepseek-r1t2-chimera:free,stop,,gen-1768541965-BuQxX9pQsdw1RLHJk8e9
452,mbpp_test,0,3895,364,308,C:\Users\durgamaniryudh\Desktop\Learn\testing_evals\test\mbpp_test\452\452_gen_0.sv,tngtech/deepseek-r1t2-chimera:free,stop,,gen-1768542055-smMryTqSkrX4G7SOIZca
3391,aapp_competition_test,0,5378,3391,1547,C:\Users\durgamaniryudh\Desktop\Learn\testing_evals\test\aapp_competition_test\3391\3391_gen_0.sv,tngtech/deepseek-r1t2-chimera:free,stop,,gen-1768541972-GnpZo8Ztytsx4b0c2VUU
3010,aapp_competition_test,0,4613,4757,1586,C:\Users\durgamaniryudh\Desktop\Learn\testing_evals\test\aapp_competition_test\3010\3010_gen_0.sv,tngtech/deepseek-r1t2-chimera:free,stop,,gen-1768541961-qKRExuUWmQPnrWbI7VRv
3577,aapp_competition_test,0,4590,1708,701,C:\Users\durgamaniryudh\Desktop\Learn\testing_evals\test\aapp_competition_test\3577\3577_gen_0.sv,tngtech/deepseek-r1t2-chimera:free,stop,,gen-1768542033-t6UVC5h3sSTxjgYW8Ost
397,mbpp_test,0,3971,707,617,C:\Users\durgamaniryudh\Desktop\Learn\testing_evals\test\mbpp_test\397\397_gen_0.sv,tngtech/deepseek-r1t2-chimera:free,stop,,gen-1768542061-8NjWOFXyYvUh8QlUBo6W
3483,aapp_competition_test,0,4671,2487,1116,C:\Users\durgamaniryudh\Desktop\Learn\testing_evals\test\aapp_competition_test\3483\3483_gen_0.sv,tngtech/deepseek-r1t2-chimera:free,stop,,gen-1768542023-9O6Q9LPcU6SZlJ1XU9Bc
137,human_eval_test,0,4315,5807,5297,C:\Users\durgamaniryudh\Desktop\Learn\testing_evals\test\human_eval_test\137\137_gen_0.sv,tngtech/deepseek-r1t2-chimera:free,stop,,gen-1768541957-YaSxOxM32ZvzM6Q9vOWm
3051,aapp_competition_test,0,4856,2125,812,C:\Users\durgamaniryudh\Desktop\Learn\testing_evals\test\aapp_competition_test\3051\3051_gen_0.sv,tngtech/deepseek-r1t2-chimera:free,stop,,gen-1768542066-bYIqjmwfwArlLKrt7YhP
3971,aapp_competition_test,0,4514,1705,807,C:\Users\durgamaniryudh\Desktop\Learn\testing_evals\test\aapp_competition_test\3971\3971_gen_0.sv,tngtech/deepseek-r1t2-chimera:free,stop,,gen-1768542066-yWBdqnmEiymaKw3O2DkA
3011,aapp_competition_test,0,4637,2077,1092,C:\Users\durgamaniryudh\Desktop\Learn\testing_evals\test\aapp_competition_test\3011\3011_gen_0.sv,tngtech/deepseek-r1t2-chimera:free,stop,,gen-1768542066-xuAVcv2PLfIqhBHT3o56
3470,aapp_competition_test,0,3958,995,712,C:\Users\durgamaniryudh\Desktop\Learn\testing_evals\test\aapp_competition_test\3470\3470_gen_0.sv,tngtech/deepseek-r1t2-chimera:free,stop,,gen-1768542112-COFzza74VjCqH4nUtGsF
3410,aapp_competition_test,0,4026,1386,1027,C:\Users\durgamaniryudh\Desktop\Learn\testing_evals\test\aapp_competition_test\3410\3410_gen_0.sv,tngtech/deepseek-r1t2-chimera:free,stop,,gen-1768542109-JEp8AR9FoH5rSYGVkB5J
3255,aapp_competition_test,0,5000,2132,721,C:\Users\durgamaniryudh\Desktop\Learn\testing_evals\test\aapp_competition_test\3255\3255_gen_0.sv,tngtech/deepseek-r1t2-chimera:free,stop,,gen-1768542088-0xB0IgDDO564K1CPFhDR
3200,aapp_competition_test,0,5753,3365,695,C:\Users\durgamaniryudh\Desktop\Learn\testing_evals\test\aapp_competition_test\3200\3200_gen_0.sv,tngtech/deepseek-r1t2-chimera:free,stop,,gen-1768542079-cneDDMWZkw4saQ1GFOrM
3395,aapp_competition_test,0,5242,2732,1093,C:\Users\durgamaniryudh\Desktop\Learn\testing_evals\test\aapp_competition_test\3395\3395_gen_0.sv,tngtech/deepseek-r1t2-chimera:free,stop,,gen-1768542098-XNNAv9JCHMgcO1ybmiYc
3523,aapp_competition_test,0,4724,2189,992,C:\Users\durgamaniryudh\Desktop\Learn\testing_evals\test\aapp_competition_test\3523\3523_gen_0.sv,tngtech/deepseek-r1t2-chimera:free,stop,,gen-1768542124-9i59vRnlgp2UvkWHX7yS
3828,aapp_competition_test,0,4154,1615,894,C:\Users\durgamaniryudh\Desktop\Learn\testing_evals\test\aapp_competition_test\3828\3828_gen_0.sv,tngtech/deepseek-r1t2-chimera:free,stop,,gen-1768542140-pAguSzghqGvS53m6sZn3
230,mbpp_test,0,3996,6042,5671,C:\Users\durgamaniryudh\Desktop\Learn\testing_evals\test\mbpp_test\230\230_gen_0.sv,tngtech/deepseek-r1t2-chimera:free,stop,,gen-1768542048-QLSb3bYOE0KIY4lmLL7j
3877,aapp_competition_test,0,4509,2096,1079,C:\Users\durgamaniryudh\Desktop\Learn\testing_evals\test\aapp_competition_test\3877\3877_gen_0.sv,tngtech/deepseek-r1t2-chimera:free,stop,,gen-1768542148-mCGNJClusNjRyBjy9uaB
3009,aapp_competition_test,0,4780,2074,884,C:\Users\durgamaniryudh\Desktop\Learn\testing_evals\test\aapp_competition_test\3009\3009_gen_0.sv,tngtech/deepseek-r1t2-chimera:free,stop,,gen-1768542157-GMXY5DPAeTIgM4TRrYCQ
3056,aapp_competition_test,0,4333,1530,878,C:\Users\durgamaniryudh\Desktop\Learn\testing_evals\test\aapp_competition_test\3056\3056_gen_0.sv,tngtech/deepseek-r1t2-chimera:free,stop,,gen-1768542172-uBZTvA0wvZXXfa6PJlrw
3807,aapp_competition_test,0,3991,11928,9452,C:\Users\durgamaniryudh\Desktop\Learn\testing_evals\test\aapp_competition_test\3807\3807_gen_0.sv,tngtech/deepseek-r1t2-chimera:free,stop,,gen-1768541940-GxyVeBxBqiyhd45QuThm
3157,aapp_competition_test,0,4802,1757,669,C:\Users\durgamaniryudh\Desktop\Learn\testing_evals\test\aapp_competition_test\3157\3157_gen_0.sv,tngtech/deepseek-r1t2-chimera:free,stop,,gen-1768542181-FDAC695ExtmqgUV6fyNo
3247,aapp_competition_test,0,4959,2668,961,C:\Users\durgamaniryudh\Desktop\Learn\testing_evals\test\aapp_competition_test\3247\3247_gen_0.sv,tngtech/deepseek-r1t2-chimera:free,stop,,gen-1768542193-RVnmmhRbyZBZgzqSsMK4
3207,aapp_competition_test,0,5821,3172,993,C:\Users\durgamaniryudh\Desktop\Learn\testing_evals\test\aapp_competition_test\3207\3207_gen_0.sv,tngtech/deepseek-r1t2-chimera:free,stop,,gen-1768542191-QNij60OV2Xy1ormUvqRw
20,human_eval_test,0,4525,9576,7244,C:\Users\durgamaniryudh\Desktop\Learn\testing_evals\test\human_eval_test\20\20_gen_0.sv,tngtech/deepseek-r1t2-chimera:free,stop,,gen-1768542065-sPr0ezW2hCHXe9N3lKfr
441,mbpp_test,0,4091,460,355,C:\Users\durgamaniryudh\Desktop\Learn\testing_evals\test\mbpp_test\441\441_gen_0.sv,tngtech/deepseek-r1t2-chimera:free,stop,,gen-1768542291-OjHDIVyta3J3rO5Fk42A
3582,aapp_competition_test,0,4274,6537,5542,C:\Users\durgamaniryudh\Desktop\Learn\testing_evals\test\aapp_competition_test\3582\3582_gen_0.sv,tngtech/deepseek-r1t2-chimera:free,stop,,gen-1768542136-ogLcizNkczeCAmUtufAp
3482,aapp_competition_test,0,5557,3933,1927,C:\Users\durgamaniryudh\Desktop\Learn\testing_evals\test\aapp_competition_test\3482\3482_gen_0.sv,tngtech/deepseek-r1t2-chimera:free,stop,,gen-1768542217-TiyNUdlpKaNqUiMAr2pa
3581,aapp_competition_test,0,4452,2421,666,C:\Users\durgamaniryudh\Desktop\Learn\testing_evals\test\aapp_competition_test\3581\3581_gen_0.sv,tngtech/deepseek-r1t2-chimera:free,stop,,gen-1768542259-IArhNHnDEwpIJOylwNd6
3388,aapp_competition_test,0,5562,5605,3550,C:\Users\durgamaniryudh\Desktop\Learn\testing_evals\test\aapp_competition_test\3388\3388_gen_0.sv,tngtech/deepseek-r1t2-chimera:free,stop,,gen-1768542204-cdARxPHuBuZNjEch8eZf
84,human_eval_test,0,3950,2540,2327,C:\Users\durgamaniryudh\Desktop\Learn\testing_evals\test\human_eval_test\84\84_gen_0.sv,tngtech/deepseek-r1t2-chimera:free,stop,,gen-1768542268-sJw3H4FKZc5J7rQpsCca
3147,aapp_competition_test,0,4075,11123,10337,C:\Users\durgamaniryudh\Desktop\Learn\testing_evals\test\aapp_competition_test\3147\3147_gen_0.sv,tngtech/deepseek-r1t2-chimera:free,stop,,gen-1768542075-J68DzCZaehNjNAC6MhkP
94,mbpp_test,0,5144,1932,592,C:\Users\durgamaniryudh\Desktop\Learn\testing_evals\test\mbpp_test\94\94_gen_0.sv,tngtech/deepseek-r1t2-chimera:free,stop,,gen-1768542302-05RBFSyXGGNuL0ECcs7k
3987,aapp_competition_test,0,4466,2079,1017,C:\Users\durgamaniryudh\Desktop\Learn\testing_evals\test\aapp_competition_test\3987\3987_gen_0.sv,tngtech/deepseek-r1t2-chimera:free,stop,,gen-1768542310-RFcaW7gtHEZ2rscYNEsc
754,mbpp_train,0,5052,2306,861,C:\Users\durgamaniryudh\Desktop\Learn\testing_evals\test\mbpp_train\754\754_gen_0.sv,tngtech/deepseek-r1t2-chimera:free,stop,,gen-1768542304-g7gKVoOszFgYa7UPumaQ
614,mbpp_train,0,4565,2057,972,C:\Users\durgamaniryudh\Desktop\Learn\testing_evals\test\mbpp_train\614\614_gen_0.sv,tngtech/deepseek-r1t2-chimera:free,stop,,gen-1768542328-OvCQqrUGQ5x3hAoCWwgM
3053,aapp_competition_test,0,4295,1313,686,C:\Users\durgamaniryudh\Desktop\Learn\testing_evals\test\aapp_competition_test\3053\3053_gen_0.sv,tngtech/deepseek-r1t2-chimera:free,stop,,gen-1768542340-Lf5JUFeeD0bYBrvFIQ0x
86,human_eval_test,0,4376,9217,8429,C:\Users\durgamaniryudh\Desktop\Learn\testing_evals\test\human_eval_test\86\86_gen_0.sv,tngtech/deepseek-r1t2-chimera:free,stop,,gen-1768542151-J3SmPXR8bGyHldyfWBwr
3012,aapp_competition_test,0,4288,2655,2048,C:\Users\durgamaniryudh\Desktop\Learn\testing_evals\test\aapp_competition_test\3012\3012_gen_0.sv,tngtech/deepseek-r1t2-chimera:free,stop,,gen-1768542335-bh9wSqAcfMudOJzGUGsA
130,mbpp_test,0,4957,3416,2273,C:\Users\durgamaniryudh\Desktop\Learn\testing_evals\test\mbpp_test\130\130_gen_0.sv,tngtech/deepseek-r1t2-chimera:free,stop,,gen-1768542318-Ts9TxWkeCBud8bIp7C8H
3155,aapp_competition_test,0,4641,1592,723,C:\Users\durgamaniryudh\Desktop\Learn\testing_evals\test\aapp_competition_test\3155\3155_gen_0.sv,tngtech/deepseek-r1t2-chimera:free,stop,,gen-1768542351-abPfrpgEg6tjsFILBGsy
3561,aapp_competition_test,0,3763,481,407,C:\Users\durgamaniryudh\Desktop\Learn\testing_evals\test\aapp_competition_test\3561\3561_gen_0.sv,tngtech/deepseek-r1t2-chimera:free,stop,,gen-1768542396-HwYdodZ06sZaUQqGmZYN
3248,aapp_competition_test,0,4458,2024,1182,C:\Users\durgamaniryudh\Desktop\Learn\testing_evals\test\aapp_competition_test\3248\3248_gen_0.sv,tngtech/deepseek-r1t2-chimera:free,stop,,gen-1768542369-Dx2oHyPvdOs91c5qTcUT
3443,aapp_competition_test,0,4732,2317,1237,C:\Users\durgamaniryudh\Desktop\Learn\testing_evals\test\aapp_competition_test\3443\3443_gen_0.sv,tngtech/deepseek-r1t2-chimera:free,stop,,gen-1768542375-fWaFFZ5sMiUQ0Le4xUCr
3211,aapp_competition_test,0,5196,3100,1033,C:\Users\durgamaniryudh\Desktop\Learn\testing_evals\test\aapp_competition_test\3211\3211_gen_0.sv,tngtech/deepseek-r1t2-chimera:free,stop,,gen-1768542354-E81g7comzSBcbPszVfY0
3394,aapp_competition_test,0,5101,2763,1312,C:\Users\durgamaniryudh\Desktop\Learn\testing_evals\test\aapp_competition_test\3394\3394_gen_0.sv,tngtech/deepseek-r1t2-chimera:free,stop,,gen-1768542370-Al8NY2aaaRSrRbVBs5Un
3475,aapp_competition_test,0,4661,2328,1171,C:\Users\durgamaniryudh\Desktop\Learn\testing_evals\test\aapp_competition_test\3475\3475_gen_0.sv,tngtech/deepseek-r1t2-chimera:free,stop,,gen-1768542395-vPu6683cTzaw26IP9NiH
3536,aapp_competition_test,0,6200,2701,809,C:\Users\durgamaniryudh\Desktop\Learn\testing_evals\test\aapp_competition_test\3536\3536_gen_0.sv,tngtech/deepseek-r1t2-chimera:free,stop,,gen-1768542395-tiGqgS7pAeNWQxelxiHb
618,mbpp_train,0,4318,7832,7229,C:\Users\durgamaniryudh\Desktop\Learn\testing_evals\test\mbpp_train\618\618_gen_0.sv,tngtech/deepseek-r1t2-chimera:free,stop,,gen-1768542305-g3LcHlebrWp2OUqUtAL8
124,mbpp_test,0,4851,3191,2102,C:\Users\durgamaniryudh\Desktop\Learn\testing_evals\test\mbpp_test\124\124_gen_0.sv,tngtech/deepseek-r1t2-chimera:free,stop,,gen-1768542413-S25KfNimI9mXydjcKeXk
3532,aapp_competition_test,0,4416,10455,10225,C:\Users\durgamaniryudh\Desktop\Learn\testing_evals\test\aapp_competition_test\3532\3532_gen_0.sv,tngtech/deepseek-r1t2-chimera:free,stop,,gen-1768542222-wWgWiJEDjDhvgjHz0Rgj
3013,aapp_competition_test,0,4937,2069,829,C:\Users\durgamaniryudh\Desktop\Learn\testing_evals\test\aapp_competition_test\3013\3013_gen_0.sv,tngtech/deepseek-r1t2-chimera:free,stop,,gen-1768542440-YsVUrUhz62HKpufWRHd8
3057,aapp_competition_test,0,4752,1924,606,C:\Users\durgamaniryudh\Desktop\Learn\testing_evals\test\aapp_competition_test\3057\3057_gen_0.sv,tngtech/deepseek-r1t2-chimera:free,stop,,gen-1768542451-YkX1bd6A8hONzXwBKceg
60,human_eval_test,0,3805,3103,2765,C:\Users\durgamaniryudh\Desktop\Learn\testing_evals\test\human_eval_test\60\60_gen_0.sv,tngtech/deepseek-r1t2-chimera:free,stop,,gen-1768542430-k3YJ8fCMQBCacRnQw8TU
3160,aapp_competition_test,0,4841,2027,850,C:\Users\durgamaniryudh\Desktop\Learn\testing_evals\test\aapp_competition_test\3160\3160_gen_0.sv,tngtech/deepseek-r1t2-chimera:free,stop,,gen-1768542467-VPhfhia2NXke3OUhkOrF
3205,aapp_competition_test,0,5579,1983,731,C:\Users\durgamaniryudh\Desktop\Learn\testing_evals\test\aapp_competition_test\3205\3205_gen_0.sv,tngtech/deepseek-r1t2-chimera:free,stop,,gen-1768542469-xTEl6ZdJuofBVG4hD0tn
3436,aapp_competition_test,0,4075,12257,10754,C:\Users\durgamaniryudh\Desktop\Learn\testing_evals\test\aapp_competition_test\3436\3436_gen_0.sv,tngtech/deepseek-r1t2-chimera:free,stop,,gen-1768542207-piW6gWxAlOauBawUWZEb
3472,aapp_competition_test,0,4330,1198,523,C:\Users\durgamaniryudh\Desktop\Learn\testing_evals\test\aapp_competition_test\3472\3472_gen_0.sv,tngtech/deepseek-r1t2-chimera:free,stop,,gen-1768542506-vLep9xV1agBv147k7ZZa
3437,aapp_competition_test,0,5096,2498,905,C:\Users\durgamaniryudh\Desktop\Learn\testing_evals\test\aapp_competition_test\3437\3437_gen_0.sv,tngtech/deepseek-r1t2-chimera:free,stop,,gen-1768542497-ZQKMi94N71EtGK0iimVI
3389,aapp_competition_test,0,5319,2469,849,C:\Users\durgamaniryudh\Desktop\Learn\testing_evals\test\aapp_competition_test\3389\3389_gen_0.sv,tngtech/deepseek-r1t2-chimera:free,stop,,gen-1768542493-VkXYF6URqMknz6QNl4z3
3249,aapp_competition_test,0,4337,3117,1531,C:\Users\durgamaniryudh\Desktop\Learn\testing_evals\test\aapp_competition_test\3249\3249_gen_0.sv,tngtech/deepseek-r1t2-chimera:free,stop,,gen-1768542488-IdEGkjHEbi5m5fHGonh9
3533,aapp_competition_test,0,5159,2322,664,C:\Users\durgamaniryudh\Desktop\Learn\testing_evals\test\aapp_competition_test\3533\3533_gen_0.sv,tngtech/deepseek-r1t2-chimera:free,stop,,gen-1768542513-LXlkF9FJ9L3DSgCAh2oT
3857,aapp_competition_test,0,5108,2665,1133,C:\Users\durgamaniryudh\Desktop\Learn\testing_evals\test\aapp_competition_test\3857\3857_gen_0.sv,tngtech/deepseek-r1t2-chimera:free,stop,,gen-1768542537-dFmlWZnxq00czfGeeooF
3805,aapp_competition_test,0,4212,1657,1208,C:\Users\durgamaniryudh\Desktop\Learn\testing_evals\test\aapp_competition_test\3805\3805_gen_0.sv,tngtech/deepseek-r1t2-chimera:free,stop,,gen-1768542574-tMz0GG58nulRTOPtbm8J
3950,aapp_competition_test,0,3998,3833,1226,C:\Users\durgamaniryudh\Desktop\Learn\testing_evals\test\aapp_competition_test\3950\3950_gen_0.sv,tngtech/deepseek-r1t2-chimera:free,stop,,gen-1768542520-0UKQrdZ12vObFvxRJFXf
771,mbpp_train,0,4410,2457,1076,C:\Users\durgamaniryudh\Desktop\Learn\testing_evals\test\mbpp_train\771\771_gen_0.sv,tngtech/deepseek-r1t2-chimera:free,stop,,gen-1768542557-uxLUKZ5zhqihSn6IccYj
277,mbpp_test,0,4700,7316,6811,C:\Users\durgamaniryudh\Desktop\Learn\testing_evals\test\mbpp_test\277\277_gen_0.sv,tngtech/deepseek-r1t2-chimera:free,stop,,gen-1768542426-ljGMcX0BcJi7XBvgIjQB
3588,aapp_competition_test,0,4690,4006,3234,C:\Users\durgamaniryudh\Desktop\Learn\testing_evals\test\aapp_competition_test\3588\3588_gen_0.sv,tngtech/deepseek-r1t2-chimera:free,stop,,gen-1768542516-7rSifIhe6miObf1gRBvN
22,human_eval_test,0,3966,8814,8092,C:\Users\durgamaniryudh\Desktop\Learn\testing_evals\test\human_eval_test\22\22_gen_0.sv,tngtech/deepseek-r1t2-chimera:free,stop,,gen-1768542430-0ug68oYQyfGb3PzeMEzQ
294,mbpp_test,0,4231,4209,3783,C:\Users\durgamaniryudh\Desktop\Learn\testing_evals\test\mbpp_test\294\294_gen_0.sv,tngtech/deepseek-r1t2-chimera:free,stop,,gen-1768542555-5edWdc1CyshYgDdk2cTX
3949,aapp_competition_test,0,4392,3166,829,C:\Users\durgamaniryudh\Desktop\Learn\testing_evals\test\aapp_competition_test\3949\3949_gen_0.sv,tngtech/deepseek-r1t2-chimera:free,stop,,gen-1768542598-DML8119AKcvbbe1dYLbi
3060,aapp_competition_test,0,4625,2387,1215,C:\Users\durgamaniryudh\Desktop\Learn\testing_evals\test\aapp_competition_test\3060\3060_gen_0.sv,tngtech/deepseek-r1t2-chimera:free,stop,,gen-1768542614-1odioV179hANW7Jbcaiz
3251,aapp_competition_test,0,4997,2763,910,C:\Users\durgamaniryudh\Desktop\Learn\testing_evals\test\aapp_competition_test\3251\3251_gen_0.sv,tngtech/deepseek-r1t2-chimera:free,stop,,gen-1768542622-Bip5hF3hSiJuD28NSecX
17,mbpp_test,0,4022,4117,3820,C:\Users\durgamaniryudh\Desktop\Learn\testing_evals\test\mbpp_test\17\17_gen_0.sv,tngtech/deepseek-r1t2-chimera:free,stop,,gen-1768542611-ASM80FGNJHKu71cCuhZl
51,human_eval_test,0,4121,11558,10814,C:\Users\durgamaniryudh\Desktop\Learn\testing_evals\test\human_eval_test\51\51_gen_0.sv,tngtech/deepseek-r1t2-chimera:free,stop,,gen-1768542413-zDVBGVlJCZCiwAUTNd9z
3736,aapp_competition_test,0,4467,1728,778,C:\Users\durgamaniryudh\Desktop\Learn\testing_evals\test\aapp_competition_test\3736\3736_gen_0.sv,tngtech/deepseek-r1t2-chimera:free,stop,,gen-1768542674-o41MyqUFhkGgen2qJ4Yu
3904,aapp_competition_test,0,4468,2270,1341,C:\Users\durgamaniryudh\Desktop\Learn\testing_evals\test\aapp_competition_test\3904\3904_gen_0.sv,tngtech/deepseek-r1t2-chimera:free,stop,,gen-1768542676-ObIMkXGVgDq5lQE3jZ4Y
3298,aapp_competition_test,0,4053,4265,3559,C:\Users\durgamaniryudh\Desktop\Learn\testing_evals\test\aapp_competition_test\3298\3298_gen_0.sv,tngtech/deepseek-r1t2-chimera:free,stop,,gen-1768542629-JXdztjkh2FQRW0m3hwlK
83,human_eval_test,0,3842,851,663,C:\Users\durgamaniryudh\Desktop\Learn\testing_evals\test\human_eval_test\83\83_gen_0.sv,tngtech/deepseek-r1t2-chimera:free,stop,,gen-1768542719-fxkHNf88at8yORnnTnqO
3579,aapp_competition_test,0,6019,3378,834,C:\Users\durgamaniryudh\Desktop\Learn\testing_evals\test\aapp_competition_test\3579\3579_gen_0.sv,tngtech/deepseek-r1t2-chimera:free,stop,,gen-1768542655-7RV5yM4nGBTFi5C5qtv1
472,mbpp_test,0,4007,6560,6353,C:\Users\durgamaniryudh\Desktop\Learn\testing_evals\test\mbpp_test\472\472_gen_0.sv,tngtech/deepseek-r1t2-chimera:free,stop,,gen-1768542578-IcAmpuZNdHxEGBcOMTBL
3636,aapp_competition_test,0,5752,3630,1043,C:\Users\durgamaniryudh\Desktop\Learn\testing_evals\test\aapp_competition_test\3636\3636_gen_0.sv,tngtech/deepseek-r1t2-chimera:free,stop,,gen-1768542660-zraYwZGnzEAKswLVD2z5
68,human_eval_test,0,4215,2530,1901,C:\Users\durgamaniryudh\Desktop\Learn\testing_evals\test\human_eval_test\68\68_gen_0.sv,tngtech/deepseek-r1t2-chimera:free,stop,,gen-1768542707-brAk1ZlQBPT5wd3X1WKK
266,mbpp_test,0,3741,1268,1233,C:\Users\durgamaniryudh\Desktop\Learn\testing_evals\test\mbpp_test\266\266_gen_0.sv,tngtech/deepseek-r1t2-chimera:free,stop,,gen-1768542742-K6P3TEUXbZoHV1jwilSz
781,mbpp_train,0,4563,2287,1368,C:\Users\durgamaniryudh\Desktop\Learn\testing_evals\test\mbpp_train\781\781_gen_0.sv,tngtech/deepseek-r1t2-chimera:free,stop,,gen-1768542733-1SE7HVTvXpRui7Fm3Gg9
3830,aapp_competition_test,0,4411,1543,551,C:\Users\durgamaniryudh\Desktop\Learn\testing_evals\test\aapp_competition_test\3830\3830_gen_0.sv,tngtech/deepseek-r1t2-chimera:free,stop,,gen-1768542753-pdtND3xtRvzdiuG7TQan
3295,aapp_competition_test,0,4335,1092,415,C:\Users\durgamaniryudh\Desktop\Learn\testing_evals\test\aapp_competition_test\3295\3295_gen_0.sv,tngtech/deepseek-r1t2-chimera:free,stop,,gen-1768542789-1gZOyEZlOVik9MZIMlca
443,mbpp_test,0,4194,4292,3696,C:\Users\durgamaniryudh\Desktop\Learn\testing_evals\test\mbpp_test\443\443_gen_0.sv,tngtech/deepseek-r1t2-chimera:free,stop,,gen-1768542730-8csWLDxnD2L6hRmgwBT5
12,human_eval_test,0,4038,9164,8682,C:\Users\durgamaniryudh\Desktop\Learn\testing_evals\test\human_eval_test\12\12_gen_0.sv,tngtech/deepseek-r1t2-chimera:free,stop,,gen-1768542613-WCW1gUnlnvD6ldrFZte1
3065,aapp_competition_test,0,6743,2884,645,C:\Users\durgamaniryudh\Desktop\Learn\testing_evals\test\aapp_competition_test\3065\3065_gen_0.sv,tngtech/deepseek-r1t2-chimera:free,stop,,gen-1768542760-hDVJkjvSBROTefNunTI5
3996,aapp_competition_test,0,3996,6492,5749,C:\Users\durgamaniryudh\Desktop\Learn\testing_evals\test\aapp_competition_test\3996\3996_gen_0.sv,tngtech/deepseek-r1t2-chimera:free,stop,,gen-1768542683-TQeVyiRIGqkjryKqbjCU
3587,aapp_competition_test,0,4395,3079,915,C:\Users\durgamaniryudh\Desktop\Learn\testing_evals\test\aapp_competition_test\3587\3587_gen_0.sv,tngtech/deepseek-r1t2-chimera:free,stop,,gen-1768542793-69Y0XWKuCIU1igqgz99n
3897,aapp_competition_test,0,5209,2895,670,C:\Users\durgamaniryudh\Desktop\Learn\testing_evals\test\aapp_competition_test\3897\3897_gen_0.sv,tngtech/deepseek-r1t2-chimera:free,stop,,gen-1768542833-aISEZPrOgZy5mYhLb34f
3733,aapp_competition_test,0,5115,3575,2242,C:\Users\durgamaniryudh\Desktop\Learn\testing_evals\test\aapp_competition_test\3733\3733_gen_0.sv,tngtech/deepseek-r1t2-chimera:free,stop,,gen-1768542829-vf22ulu4NysMptrbWFPJ
406,mbpp_test,0,3928,633,537,C:\Users\durgamaniryudh\Desktop\Learn\testing_evals\test\mbpp_test\406\406_gen_0.sv,tngtech/deepseek-r1t2-chimera:free,stop,,gen-1768542892-Q6IPoqVeUsYLMjr1ENg9
399,mbpp_test,0,4063,1034,594,C:\Users\durgamaniryudh\Desktop\Learn\testing_evals\test\mbpp_test\399\399_gen_0.sv,tngtech/deepseek-r1t2-chimera:free,stop,,gen-1768542902-e0dm4ykWyisbOy72cGgu
3967,aapp_competition_test,0,4063,8632,7022,C:\Users\durgamaniryudh\Desktop\Learn\testing_evals\test\aapp_competition_test\3967\3967_gen_0.sv,tngtech/deepseek-r1t2-chimera:free,stop,,gen-1768542736-FJcaSzlLQwWSOVM60Eoa
8,human_eval_test,0,4146,5526,5262,C:\Users\durgamaniryudh\Desktop\Learn\testing_evals\test\human_eval_test\8\8_gen_0.sv,tngtech/deepseek-r1t2-chimera:free,stop,,gen-1768542836-U74iRjqcbrBivUjEdqjC
54,human_eval_test,0,4196,5239,4688,C:\Users\durgamaniryudh\Desktop\Learn\testing_evals\test\human_eval_test\54\54_gen_0.sv,tngtech/deepseek-r1t2-chimera:free,stop,,gen-1768542857-oMR9ZUBQNiDdiXNQHCpE
158,human_eval_test,0,4253,11385,11259,C:\Users\durgamaniryudh\Desktop\Learn\testing_evals\test\human_eval_test\158\158_gen_0.sv,tngtech/deepseek-r1t2-chimera:free,stop,,gen-1768542716-fFqcVH315MHhyGakBdWO
3256,aapp_competition_test,0,4433,9206,7225,C:\Users\durgamaniryudh\Desktop\Learn\testing_evals\test\aapp_competition_test\3256\3256_gen_0.sv,tngtech/deepseek-r1t2-chimera:free,stop,,gen-1768542779-Hpb4o5ESd9x04MsDVN2O
3637,aapp_competition_test,0,3986,7564,6905,C:\Users\durgamaniryudh\Desktop\Learn\testing_evals\test\aapp_competition_test\3637\3637_gen_0.sv,tngtech/deepseek-r1t2-chimera:free,stop,,gen-1768542814-vl97JRh0J1OA1YLQALvF
3291,aapp_competition_test,0,4111,1488,943,C:\Users\durgamaniryudh\Desktop\Learn\testing_evals\test\aapp_competition_test\3291\3291_gen_0.sv,tngtech/deepseek-r1t2-chimera:free,stop,,gen-1768542962-TVXzyYEZCIZNjMYFfcm6
3250,aapp_competition_test,0,3725,2074,1617,C:\Users\durgamaniryudh\Desktop\Learn\testing_evals\test\aapp_competition_test\3250\3250_gen_0.sv,tngtech/deepseek-r1t2-chimera:free,stop,,gen-1768542953-XogAzjdn90tdlwFEhA3T
3884,aapp_competition_test,0,4352,11548,8481,C:\Users\durgamaniryudh\Desktop\Learn\testing_evals\test\aapp_competition_test\3884\3884_gen_0.sv,tngtech/deepseek-r1t2-chimera:free,stop,,gen-1768542746-RZvlCL5mFwimyfh0crrd
3998,aapp_competition_test,0,5848,5725,3451,C:\Users\durgamaniryudh\Desktop\Learn\testing_evals\test\aapp_competition_test\3998\3998_gen_0.sv,tngtech/deepseek-r1t2-chimera:free,stop,,gen-1768542833-OaUIycICGSkiLdctpXmh
3063,aapp_competition_test,0,4968,3171,1758,C:\Users\durgamaniryudh\Desktop\Learn\testing_evals\test\aapp_competition_test\3063\3063_gen_0.sv,tngtech/deepseek-r1t2-chimera:free,stop,,gen-1768542929-rVZKJe2BQJc5Oa5i5zdR
138,human_eval_test,0,4094,1201,1085,C:\Users\durgamaniryudh\Desktop\Learn\testing_evals\test\human_eval_test\138\138_gen_0.sv,tngtech/deepseek-r1t2-chimera:free,stop,,gen-1768543009-FpMeEi3zejWzbnJAMMDu
3902,aapp_competition_test,0,5504,2344,912,C:\Users\durgamaniryudh\Desktop\Learn\testing_evals\test\aapp_competition_test\3902\3902_gen_0.sv,tngtech/deepseek-r1t2-chimera:free,stop,,gen-1768542993-havzdeO9hKztqHn1B9sX
3997,aapp_competition_test,0,4085,1757,1271,C:\Users\durgamaniryudh\Desktop\Learn\testing_evals\test\aapp_competition_test\3997\3997_gen_0.sv,tngtech/deepseek-r1t2-chimera:free,stop,,gen-1768543003-nkIRCg0fa6N34mGuv0Bx
809,mbpp_train,0,4235,1276,610,C:\Users\durgamaniryudh\Desktop\Learn\testing_evals\test\mbpp_train\809\809_gen_0.sv,tngtech/deepseek-r1t2-chimera:free,stop,,gen-1768543017-RC1q1KB7LBZr6iUFrGSX
3737,aapp_competition_test,0,5158,2607,1012,C:\Users\durgamaniryudh\Desktop\Learn\testing_evals\test\aapp_competition_test\3737\3737_gen_0.sv,tngtech/deepseek-r1t2-chimera:free,stop,,gen-1768542991-HjZXP9D0I0Q7VAYFGId7
72,mbpp_test,0,3871,470,439,C:\Users\durgamaniryudh\Desktop\Learn\testing_evals\test\mbpp_test\72\72_gen_0.sv,tngtech/deepseek-r1t2-chimera:free,stop,,gen-1768543044-sUpD0cPfdUH1ALmEDKBv
3989,aapp_competition_test,0,5120,2817,1037,C:\Users\durgamaniryudh\Desktop\Learn\testing_evals\test\aapp_competition_test\3989\3989_gen_0.sv,tngtech/deepseek-r1t2-chimera:free,stop,,gen-1768542999-KqSt4SyKENeI9Ymk732R
801,mbpp_train,0,3990,912,745,C:\Users\durgamaniryudh\Desktop\Learn\testing_evals\test\mbpp_train\801\801_gen_0.sv,tngtech/deepseek-r1t2-chimera:free,stop,,gen-1768543037-3I4iYuCHi0HtQcJ6JgCR
3578,aapp_competition_test,0,6253,3747,743,C:\Users\durgamaniryudh\Desktop\Learn\testing_evals\test\aapp_competition_test\3578\3578_gen_0.sv,tngtech/deepseek-r1t2-chimera:free,stop,,gen-1768542985-yjXYVfOM1gd9nmpxPEBy
103,human_eval_test,0,4200,7521,6757,C:\Users\durgamaniryudh\Desktop\Learn\testing_evals\test\human_eval_test\103\103_gen_0.sv,tngtech/deepseek-r1t2-chimera:free,stop,,gen-1768542907-zCm6xEMFwdU6n3c8YjfG
3300,aapp_competition_test,0,4583,1521,549,C:\Users\durgamaniryudh\Desktop\Learn\testing_evals\test\aapp_competition_test\3300\3300_gen_0.sv,tngtech/deepseek-r1t2-chimera:free,stop,,gen-1768543062-zk2BVl0geqtrRAvYH52j
3585,aapp_competition_test,0,3807,1395,1134,C:\Users\durgamaniryudh\Desktop\Learn\testing_evals\test\aapp_competition_test\3585\3585_gen_0.sv,tngtech/deepseek-r1t2-chimera:free,stop,,gen-1768543063-qDQN0zFXSfMfxpRJ5C8a
3735,aapp_competition_test,0,4127,1377,846,C:\Users\durgamaniryudh\Desktop\Learn\testing_evals\test\aapp_competition_test\3735\3735_gen_0.sv,tngtech/deepseek-r1t2-chimera:free,stop,,gen-1768543077-lsojJZdzgt04gMvBVrRy
3066,aapp_competition_test,0,5055,2617,732,C:\Users\durgamaniryudh\Desktop\Learn\testing_evals\test\aapp_competition_test\3066\3066_gen_0.sv,tngtech/deepseek-r1t2-chimera:free,stop,,gen-1768543057-hhTCKsduwaOQr8eNX4HH
116,mbpp_test,0,4282,1046,486,C:\Users\durgamaniryudh\Desktop\Learn\testing_evals\test\mbpp_test\116\116_gen_0.sv,tngtech/deepseek-r1t2-chimera:free,stop,,gen-1768543110-gdvZdlLOIYXGC1tXpW4g
3635,aapp_competition_test,0,5252,3213,1281,C:\Users\durgamaniryudh\Desktop\Learn\testing_evals\test\aapp_competition_test\3635\3635_gen_0.sv,tngtech/deepseek-r1t2-chimera:free,stop,,gen-1768543063-NJHIMvprGiyjzsoF1Cyt
3246,aapp_competition_test,0,5306,2853,1241,C:\Users\durgamaniryudh\Desktop\Learn\testing_evals\test\aapp_competition_test\3246\3246_gen_0.sv,tngtech/deepseek-r1t2-chimera:free,stop,,gen-1768543058-GCBlQSIxgm3pdr2atHcP
3903,aapp_competition_test,0,6697,3093,732,C:\Users\durgamaniryudh\Desktop\Learn\testing_evals\test\aapp_competition_test\3903\3903_gen_0.sv,tngtech/deepseek-r1t2-chimera:free,stop,,gen-1768543090-W4DUlm7PeTuGLkb2FrRe
127,human_eval_test,0,4168,2667,2067,C:\Users\durgamaniryudh\Desktop\Learn\testing_evals\test\human_eval_test\127\127_gen_0.sv,tngtech/deepseek-r1t2-chimera:free,stop,,gen-1768543115-8pdBjKOeb4G7lvUaK64V
3999,aapp_competition_test,0,5831,3421,799,C:\Users\durgamaniryudh\Desktop\Learn\testing_evals\test\aapp_competition_test\3999\3999_gen_0.sv,tngtech/deepseek-r1t2-chimera:free,stop,,gen-1768543104-E86biejmnUE7RouUPjDr
3954,aapp_competition_test,0,5039,1954,704,C:\Users\durgamaniryudh\Desktop\Learn\testing_evals\test\aapp_competition_test\3954\3954_gen_0.sv,tngtech/deepseek-r1t2-chimera:free,stop,,gen-1768543134-C2VOTuFgEcDyDAsL6yEz
3068,aapp_competition_test,0,4832,1982,774,C:\Users\durgamaniryudh\Desktop\Learn\testing_evals\test\aapp_competition_test\3068\3068_gen_0.sv,tngtech/deepseek-r1t2-chimera:free,stop,,gen-1768543153-zGiBRoZ96WDXUf7vJMq5
556,mbpp_validation,0,4292,2006,1210,C:\Users\durgamaniryudh\Desktop\Learn\testing_evals\test\mbpp_validation\556\556_gen_0.sv,tngtech/deepseek-r1t2-chimera:free,stop,,gen-1768543150-UgdrC8XHUQ8J3FJWEMgn
3639,aapp_competition_test,0,4252,9452,7728,C:\Users\durgamaniryudh\Desktop\Learn\testing_evals\test\aapp_competition_test\3639\3639_gen_0.sv,tngtech/deepseek-r1t2-chimera:free,stop,,gen-1768542989-BQEmafIyyNa6B1EA4umb
3591,aapp_competition_test,0,4564,1929,836,C:\Users\durgamaniryudh\Desktop\Learn\testing_evals\test\aapp_competition_test\3591\3591_gen_0.sv,tngtech/deepseek-r1t2-chimera:free,stop,,gen-1768543174-w3TEQObnSSKzmzlpnE5G
3299,aapp_competition_test,0,5131,2486,880,C:\Users\durgamaniryudh\Desktop\Learn\testing_evals\test\aapp_competition_test\3299\3299_gen_0.sv,tngtech/deepseek-r1t2-chimera:free,stop,,gen-1768543171-Hkc10MwXj8QrTnRgztyp
72,human_eval_test,0,4062,8331,7415,C:\Users\durgamaniryudh\Desktop\Learn\testing_evals\test\human_eval_test\72\72_gen_0.sv,tngtech/deepseek-r1t2-chimera:free,stop,,gen-1768543052-u6yQCnepA7ApQgREQlP2
3852,aapp_competition_test,0,5007,2711,936,C:\Users\durgamaniryudh\Desktop\Learn\testing_evals\test\aapp_competition_test\3852\3852_gen_0.sv,tngtech/deepseek-r1t2-chimera:free,stop,,gen-1768543217-aFKl9UnNBOYCs9RMvMkP
122,human_eval_test,0,4077,6501,5992,C:\Users\durgamaniryudh\Desktop\Learn\testing_evals\test\human_eval_test\122\122_gen_0.sv,tngtech/deepseek-r1t2-chimera:free,stop,,gen-1768543131-odGmMHvQTtEmjdsdIJLV
3253,aapp_competition_test,0,5189,4758,2528,C:\Users\durgamaniryudh\Desktop\Learn\testing_evals\test\aapp_competition_test\3253\3253_gen_0.sv,tngtech/deepseek-r1t2-chimera:free,stop,,gen-1768543170-gJsUG2Ka4OfQThnHLixa
455,mbpp_test,0,3861,585,456,C:\Users\durgamaniryudh\Desktop\Learn\testing_evals\test\mbpp_test\455\455_gen_0.sv,tngtech/deepseek-r1t2-chimera:free,stop,,gen-1768543283-vNu9IbXHFHKoNgDnErz2
74,human_eval_test,0,4949,8559,5999,C:\Users\durgamaniryudh\Desktop\Learn\testing_evals\test\human_eval_test\74\74_gen_0.sv,tngtech/deepseek-r1t2-chimera:free,stop,,gen-1768543105-t3worMEFaHFztxGTquz1
562,mbpp_validation,0,4592,1671,767,C:\Users\durgamaniryudh\Desktop\Learn\testing_evals\test\mbpp_validation\562\562_gen_0.sv,tngtech/deepseek-r1t2-chimera:free,stop,,gen-1768543281-YqvgpBzTdqPjLjkFsxYS
65,human_eval_test,0,3870,2979,2656,C:\Users\durgamaniryudh\Desktop\Learn\testing_evals\test\human_eval_test\65\65_gen_0.sv,tngtech/deepseek-r1t2-chimera:free,stop,,gen-1768543245-71f1HRPEJ7baWBg3ZW7x
84,mbpp_test,0,5906,1703,779,C:\Users\durgamaniryudh\Desktop\Learn\testing_evals\test\mbpp_test\84\84_gen_0.sv,tngtech/deepseek-r1t2-chimera:free,stop,,gen-1768543276-AsLXNaeQw5WW91XNAzsm
3069,aapp_competition_test,0,4793,2040,731,C:\Users\durgamaniryudh\Desktop\Learn\testing_evals\test\aapp_competition_test\3069\3069_gen_0.sv,tngtech/deepseek-r1t2-chimera:free,stop,,gen-1768543297-cVIwBnVuZRk399XSPjmZ
414,mbpp_test,0,4275,8272,7983,C:\Users\durgamaniryudh\Desktop\Learn\testing_evals\test\mbpp_test\414\414_gen_0.sv,tngtech/deepseek-r1t2-chimera:free,stop,,gen-1768543153-xBjHRqbyHAegftFeVAPr
3589,aapp_competition_test,0,4767,2168,859,C:\Users\durgamaniryudh\Desktop\Learn\testing_evals\test\aapp_competition_test\3589\3589_gen_0.sv,tngtech/deepseek-r1t2-chimera:free,stop,,gen-1768543317-LYQtCQQXxmkTm3MK9sSu
3899,aapp_competition_test,0,4618,7118,5431,C:\Users\durgamaniryudh\Desktop\Learn\testing_evals\test\aapp_competition_test\3899\3899_gen_0.sv,tngtech/deepseek-r1t2-chimera:free,stop,,gen-1768543226-YPfUqdqDMiWw9f4EsA2Q
3641,aapp_competition_test,0,4311,8908,8010,C:\Users\durgamaniryudh\Desktop\Learn\testing_evals\test\aapp_competition_test\3641\3641_gen_0.sv,tngtech/deepseek-r1t2-chimera:free,stop,,gen-1768543194-ZU3bvv71uRtBiotJaJDT
3812,aapp_competition_test,0,3882,8060,8176,C:\Users\durgamaniryudh\Desktop\Learn\testing_evals\test\aapp_competition_test\3812\3812_gen_0.sv,tngtech/deepseek-r1t2-chimera:free,stop,,gen-1768543215-0LdPVFdU00Fl4mvtGQDQ
3739,aapp_competition_test,0,4140,8860,7849,C:\Users\durgamaniryudh\Desktop\Learn\testing_evals\test\aapp_competition_test\3739\3739_gen_0.sv,tngtech/deepseek-r1t2-chimera:free,stop,,gen-1768543196-27VH2MoZatKbQM0DbYfy
3905,aapp_competition_test,0,4789,1677,792,C:\Users\durgamaniryudh\Desktop\Learn\testing_evals\test\aapp_competition_test\3905\3905_gen_0.sv,tngtech/deepseek-r1t2-chimera:free,stop,,gen-1768543364-P4Nu4a2OHfh36jSNgIVQ
41,human_eval_test,0,3859,970,1014,C:\Users\durgamaniryudh\Desktop\Learn\testing_evals\test\human_eval_test\41\41_gen_0.sv,tngtech/deepseek-r1t2-chimera:free,stop,,gen-1768543392-tnTqH5AhxIeSKZkF1mAs
88,mbpp_test,0,4244,2322,1373,C:\Users\durgamaniryudh\Desktop\Learn\testing_evals\test\mbpp_test\88\88_gen_0.sv,tngtech/deepseek-r1t2-chimera:free,stop,,gen-1768543393-zd5UcNbOWGKS1y7f0R4b
45,human_eval_test,0,4076,3640,3264,C:\Users\durgamaniryudh\Desktop\Learn\testing_evals\test\human_eval_test\45\45_gen_0.sv,tngtech/deepseek-r1t2-chimera:free,stop,,gen-1768543382-BIw0ESYIfyczpxulc0Fu
3743,aapp_competition_test,0,3845,6414,5701,C:\Users\durgamaniryudh\Desktop\Learn\testing_evals\test\aapp_competition_test\3743\3743_gen_0.sv,tngtech/deepseek-r1t2-chimera:free,stop,,gen-1768543351-2N7JiVi9Xl73hIcvbVgZ
3638,aapp_competition_test,0,3987,9032,7741,C:\Users\durgamaniryudh\Desktop\Learn\testing_evals\test\aapp_competition_test\3638\3638_gen_0.sv,tngtech/deepseek-r1t2-chimera:free,stop,,gen-1768543342-hfg0He3Mgr3t3jMXRhnC
116,human_eval_test,0,4138,11225,9898,C:\Users\durgamaniryudh\Desktop\Learn\testing_evals\test\human_eval_test\116\116_gen_0.sv,tngtech/deepseek-r1t2-chimera:free,stop,,gen-1768543295-IGzESGilDHDLCFqBkDWR
3970,aapp_competition_test,0,3918,7403,5870,C:\Users\durgamaniryudh\Desktop\Learn\testing_evals\test\aapp_competition_test\3970\3970_gen_0.sv,tngtech/deepseek-r1t2-chimera:free,stop,,gen-1768543397-SRx5SnvD43UzYNLrR3XZ
3878,aapp_competition_test,0,4700,3028,2126,C:\Users\durgamaniryudh\Desktop\Learn\testing_evals\test\aapp_competition_test\3878\3878_gen_0.sv,tngtech/deepseek-r1t2-chimera:free,stop,,gen-1768543495-xZDu31T2q9hlpHKLGG4p
33,human_eval_test,0,4159,8749,7718,C:\Users\durgamaniryudh\Desktop\Learn\testing_evals\test\human_eval_test\33\33_gen_0.sv,tngtech/deepseek-r1t2-chimera:free,stop,,gen-1768543386-EmOjw8prqIqtIqnUDkeC
3305,aapp_competition_test,0,4340,11789,9177,C:\Users\durgamaniryudh\Desktop\Learn\testing_evals\test\aapp_competition_test\3305\3305_gen_0.sv,tngtech/deepseek-r1t2-chimera:free,stop,,gen-1768543316-rkGlw1u4VtZc5YyxpRun
3829,aapp_competition_test,0,4496,1807,853,C:\Users\durgamaniryudh\Desktop\Learn\testing_evals\test\aapp_competition_test\3829\3829_gen_0.sv,tngtech/deepseek-r1t2-chimera:free,stop,,gen-1768543552-PdW4KNH4o3Y3iAdHe2Sq
139,human_eval_test,0,4121,8106,7785,C:\Users\durgamaniryudh\Desktop\Learn\testing_evals\test\human_eval_test\139\139_gen_0.sv,tngtech/deepseek-r1t2-chimera:free,stop,,gen-1768543416-FUvNQih9I9SbHUOhHS0S
3254,aapp_competition_test,0,4478,13441,9462,C:\Users\durgamaniryudh\Desktop\Learn\testing_evals\test\aapp_competition_test\3254\3254_gen_0.sv,tngtech/deepseek-r1t2-chimera:free,stop,,gen-1768543316-82mpdvcnTX2WRskqFsQK
3592,aapp_competition_test,0,4401,1980,968,C:\Users\durgamaniryudh\Desktop\Learn\testing_evals\test\aapp_competition_test\3592\3592_gen_0.sv,tngtech/deepseek-r1t2-chimera:free,stop,,gen-1768543583-22U2CuO4pKpOLguGWVNE
3648,aapp_competition_test,0,4091,2158,1113,C:\Users\durgamaniryudh\Desktop\Learn\testing_evals\test\aapp_competition_test\3648\3648_gen_0.sv,tngtech/deepseek-r1t2-chimera:free,stop,,gen-1768543584-Nscocj08B4aC6kOG5dyq
3307,aapp_competition_test,0,6283,3058,1226,C:\Users\durgamaniryudh\Desktop\Learn\testing_evals\test\aapp_competition_test\3307\3307_gen_0.sv,tngtech/deepseek-r1t2-chimera:free,stop,,gen-1768543570-ebOkc5xQ8D1NpuMAIY57
159,human_eval_test,0,3888,1536,1485,C:\Users\durgamaniryudh\Desktop\Learn\testing_evals\test\human_eval_test\159\159_gen_0.sv,tngtech/deepseek-r1t2-chimera:free,stop,,gen-1768543633-LmbWDTesLJbOacZwJrgg
282,mbpp_test,0,4343,1213,565,C:\Users\durgamaniryudh\Desktop\Learn\testing_evals\test\mbpp_test\282\282_gen_0.sv,tngtech/deepseek-r1t2-chimera:free,stop,,gen-1768543649-owkxmd1fLKmapn2xTgsT
101,mbpp_test,0,4133,9285,7519,C:\Users\durgamaniryudh\Desktop\Learn\testing_evals\test\mbpp_test\101\101_gen_0.sv,tngtech/deepseek-r1t2-chimera:free,stop,,gen-1768543446-G7mdKkTnSvwpdmKAtGhs
3071,aapp_competition_test,0,4003,6621,5694,C:\Users\durgamaniryudh\Desktop\Learn\testing_evals\test\aapp_competition_test\3071\3071_gen_0.sv,tngtech/deepseek-r1t2-chimera:free,stop,,gen-1768543568-aOwHYshu3WFaDP0Lgtox
3259,aapp_competition_test,0,4232,1584,940,C:\Users\durgamaniryudh\Desktop\Learn\testing_evals\test\aapp_competition_test\3259\3259_gen_0.sv,tngtech/deepseek-r1t2-chimera:free,stop,,gen-1768543695-C3cVFI8hGlitSojkucMo
3303,aapp_competition_test,0,4099,993,631,C:\Users\durgamaniryudh\Desktop\Learn\testing_evals\test\aapp_competition_test\3303\3303_gen_0.sv,tngtech/deepseek-r1t2-chimera:free,stop,,gen-1768543733-YpnW9r8XasQQIEE539hw
3070,aapp_competition_test,0,5480,3586,1460,C:\Users\durgamaniryudh\Desktop\Learn\testing_evals\test\aapp_competition_test\3070\3070_gen_0.sv,tngtech/deepseek-r1t2-chimera:free,stop,,gen-1768543678-FP35Pt64TpdFqbvvW1Qd
462,mbpp_test,0,4306,12658,12606,C:\Users\durgamaniryudh\Desktop\Learn\testing_evals\test\mbpp_test\462\462_gen_0.sv,tngtech/deepseek-r1t2-chimera:free,stop,,gen-1768543467-H00PbtEzFxYiYSYNk4oA
445,mbpp_test,0,4076,3796,3899,C:\Users\durgamaniryudh\Desktop\Learn\testing_evals\test\mbpp_test\445\445_gen_0.sv,tngtech/deepseek-r1t2-chimera:free,stop,,gen-1768543668-B08NAS4DqT576uEeNrMA
3257,aapp_competition_test,0,4460,9932,6824,C:\Users\durgamaniryudh\Desktop\Learn\testing_evals\test\aapp_competition_test\3257\3257_gen_0.sv,tngtech/deepseek-r1t2-chimera:free,stop,,gen-1768543569-vFZSOYH562Kk42W1ZRqf
3640,aapp_competition_test,0,5002,2286,674,C:\Users\durgamaniryudh\Desktop\Learn\testing_evals\test\aapp_competition_test\3640\3640_gen_0.sv,tngtech/deepseek-r1t2-chimera:free,stop,,gen-1768543755-fOE0HMmvbCrKwwABqgjh
3901,aapp_competition_test,0,4414,8893,7060,C:\Users\durgamaniryudh\Desktop\Learn\testing_evals\test\aapp_competition_test\3901\3901_gen_0.sv,tngtech/deepseek-r1t2-chimera:free,stop,,gen-1768543605-CacPJGImJ3ZVW1Y7QtiF
3745,aapp_competition_test,0,4108,9826,8294,C:\Users\durgamaniryudh\Desktop\Learn\testing_evals\test\aapp_competition_test\3745\3745_gen_0.sv,tngtech/deepseek-r1t2-chimera:free,stop,,gen-1768543586-sA7fOPgQjHSqsWveKOd8
3738,aapp_competition_test,0,5252,2674,821,C:\Users\durgamaniryudh\Desktop\Learn\testing_evals\test\aapp_competition_test\3738\3738_gen_0.sv,tngtech/deepseek-r1t2-chimera:free,stop,,gen-1768543769-y18SkKi3SghTU7LCAvZX
3906,aapp_competition_test,0,4613,3010,2008,C:\Users\durgamaniryudh\Desktop\Learn\testing_evals\test\aapp_competition_test\3906\3906_gen_0.sv,tngtech/deepseek-r1t2-chimera:free,stop,,gen-1768543770-jfZDR7oTdeT2Lg0r2J5X
3584,aapp_competition_test,0,6211,3756,647,C:\Users\durgamaniryudh\Desktop\Learn\testing_evals\test\aapp_competition_test\3584\3584_gen_0.sv,tngtech/deepseek-r1t2-chimera:free,stop,,gen-1768543733-zesHFL4V1EDeYb87FqE0
742,mbpp_train,0,4282,1066,536,C:\Users\durgamaniryudh\Desktop\Learn\testing_evals\test\mbpp_train\742\742_gen_0.sv,tngtech/deepseek-r1t2-chimera:free,stop,,gen-1768543813-E6j7R8tHCRmARBzIgXfJ
133,human_eval_test,0,4350,7570,7597,C:\Users\durgamaniryudh\Desktop\Learn\testing_evals\test\human_eval_test\133\133_gen_0.sv,tngtech/deepseek-r1t2-chimera:free,stop,,gen-1768543627-cQ06LDf7Z6iYP6gMRm3W
97,human_eval_test,0,3870,2390,2060,C:\Users\durgamaniryudh\Desktop\Learn\testing_evals\test\human_eval_test\97\97_gen_0.sv,tngtech/deepseek-r1t2-chimera:free,stop,,gen-1768543802-MQ9C5EmdVyWRagDu5qte
436,mbpp_test,0,5507,3545,900,C:\Users\durgamaniryudh\Desktop\Learn\testing_evals\test\mbpp_test\436\436_gen_0.sv,tngtech/deepseek-r1t2-chimera:free,stop,,gen-1768543812-BwJLnSD0YjYl500FgSoH
24,human_eval_test,0,4044,10759,10277,C:\Users\durgamaniryudh\Desktop\Learn\testing_evals\test\human_eval_test\24\24_gen_0.sv,tngtech/deepseek-r1t2-chimera:free,stop,,gen-1768543622-Tp8qrvNRlUjSCoUuhzEF
3268,aapp_competition_test,0,4938,2034,772,C:\Users\durgamaniryudh\Desktop\Learn\testing_evals\test\aapp_competition_test\3268\3268_gen_0.sv,tngtech/deepseek-r1t2-chimera:free,stop,,gen-1768543872-FidU6kUf4emKtyYfg27E
97,mbpp_test,0,5931,3875,1347,C:\Users\durgamaniryudh\Desktop\Learn\testing_evals\test\mbpp_test\97\97_gen_0.sv,tngtech/deepseek-r1t2-chimera:free,stop,,gen-1768543839-1B6OmcKZikxC0ZGVwcWY
3073,aapp_competition_test,0,5311,2590,1448,C:\Users\durgamaniryudh\Desktop\Learn\testing_evals\test\aapp_competition_test\3073\3073_gen_0.sv,tngtech/deepseek-r1t2-chimera:free,stop,,gen-1768543847-ZalFPqzfbeTiZeSzidJL
3301,aapp_competition_test,0,4602,2208,952,C:\Users\durgamaniryudh\Desktop\Learn\testing_evals\test\aapp_competition_test\3301\3301_gen_0.sv,tngtech/deepseek-r1t2-chimera:free,stop,,gen-1768543889-TocQojkZYqhawkM2rwR5
3590,aapp_competition_test,0,5171,2359,720,C:\Users\durgamaniryudh\Desktop\Learn\testing_evals\test\aapp_competition_test\3590\3590_gen_0.sv,tngtech/deepseek-r1t2-chimera:free,stop,,gen-1768543897-AOlLLQL6n5e44ECVoc93
64,human_eval_test,0,4196,6445,5542,C:\Users\durgamaniryudh\Desktop\Learn\testing_evals\test\human_eval_test\64\64_gen_0.sv,tngtech/deepseek-r1t2-chimera:free,stop,,gen-1768543811-oiq9IGTRHobgPKNvVoCK
3644,aapp_competition_test,0,4585,2257,960,C:\Users\durgamaniryudh\Desktop\Learn\testing_evals\test\aapp_competition_test\3644\3644_gen_0.sv,tngtech/deepseek-r1t2-chimera:free,stop,,gen-1768543921-TLYp0rTQGaumPVdrvWVV
3914,aapp_competition_test,0,4699,2091,1099,C:\Users\durgamaniryudh\Desktop\Learn\testing_evals\test\aapp_competition_test\3914\3914_gen_0.sv,tngtech/deepseek-r1t2-chimera:free,stop,,gen-1768543931-171RnpJIx6F4Yk7PKo6J
733,mbpp_train,0,4094,6657,6190,C:\Users\durgamaniryudh\Desktop\Learn\testing_evals\test\mbpp_train\733\733_gen_0.sv,tngtech/deepseek-r1t2-chimera:free,stop,,gen-1768543836-4PROh3J2qJ8McWS87rUH
424,mbpp_test,0,5033,1771,726,C:\Users\durgamaniryudh\Desktop\Learn\testing_evals\test\mbpp_test\424\424_gen_0.sv,tngtech/deepseek-r1t2-chimera:free,stop,,gen-1768543967-zHamg1bRxU2aRC6JxBW3
59,human_eval_test,0,4676,2111,1256,C:\Users\durgamaniryudh\Desktop\Learn\testing_evals\test\human_eval_test\59\59_gen_0.sv,tngtech/deepseek-r1t2-chimera:free,stop,,gen-1768543999-7L6oKkXi1ffGZCYDPCIN
78,human_eval_test,0,4104,7500,6789,C:\Users\durgamaniryudh\Desktop\Learn\testing_evals\test\human_eval_test\78\78_gen_0.sv,tngtech/deepseek-r1t2-chimera:free,stop,,gen-1768543832-eNwLpGGdcl8xXEmb1e3J
114,human_eval_test,0,4019,9863,8054,C:\Users\durgamaniryudh\Desktop\Learn\testing_evals\test\human_eval_test\114\114_gen_0.sv,tngtech/deepseek-r1t2-chimera:free,stop,,gen-1768543839-ZG2GybMshcOE2yD4Njdy
3747,aapp_competition_test,0,4028,6158,5250,C:\Users\durgamaniryudh\Desktop\Learn\testing_evals\test\aapp_competition_test\3747\3747_gen_0.sv,tngtech/deepseek-r1t2-chimera:free,stop,,gen-1768543931-0aYWdFogYth5ELHNhyoQ
3721,aapp_competition_test,0,4615,3360,1506,C:\Users\durgamaniryudh\Desktop\Learn\testing_evals\test\aapp_competition_test\3721\3721_gen_0.sv,tngtech/deepseek-r1t2-chimera:free,stop,,gen-1768543981-cDW9UeRFkH16yoyEWG3o
3,human_eval_test,0,4291,13649,13494,C:\Users\durgamaniryudh\Desktop\Learn\testing_evals\test\human_eval_test\3\3_gen_0.sv,tngtech/deepseek-r1t2-chimera:free,stop,,gen-1768543771-1jFOblgiaKrwdIckWXtD
598,mbpp_validation,0,4569,2120,1117,C:\Users\durgamaniryudh\Desktop\Learn\testing_evals\test\mbpp_validation\598\598_gen_0.sv,tngtech/deepseek-r1t2-chimera:free,stop,,gen-1768544047-qHCiQMiwcpUKk8N5Aaef
3594,aapp_competition_test,0,3859,791,605,C:\Users\durgamaniryudh\Desktop\Learn\testing_evals\test\aapp_competition_test\3594\3594_gen_0.sv,tngtech/deepseek-r1t2-chimera:free,stop,,gen-1768544084-bk1d736F8MPEFel4fbcT
3951,aapp_competition_test,0,4231,4009,1947,C:\Users\durgamaniryudh\Desktop\Learn\testing_evals\test\aapp_competition_test\3951\3951_gen_0.sv,tngtech/deepseek-r1t2-chimera:free,stop,,gen-1768544012-Ne93Odok41hsfGxb5JeB
1,human_eval_test,0,5333,5457,4996,C:\Users\durgamaniryudh\Desktop\Learn\testing_evals\test\human_eval_test\1\1_gen_0.sv,tngtech/deepseek-r1t2-chimera:free,stop,,gen-1768543968-8DxkNTV6sIZdFyb3SFYn
3646,aapp_competition_test,0,4361,1224,489,C:\Users\durgamaniryudh\Desktop\Learn\testing_evals\test\aapp_competition_test\3646\3646_gen_0.sv,tngtech/deepseek-r1t2-chimera:free,stop,,gen-1768544099-J8BByreu3GQRDGsjaqXC
3306,aapp_competition_test,0,4759,2008,718,C:\Users\durgamaniryudh\Desktop\Learn\testing_evals\test\aapp_competition_test\3306\3306_gen_0.sv,tngtech/deepseek-r1t2-chimera:free,stop,,gen-1768544078-qWIVYbUxz1P7Zx0sJkIp
3742,aapp_competition_test,0,5746,2893,930,C:\Users\durgamaniryudh\Desktop\Learn\testing_evals\test\aapp_competition_test\3742\3742_gen_0.sv,tngtech/deepseek-r1t2-chimera:free,stop,,gen-1768544099-bpaJ2NqVMDBnUH0qoif1
3819,aapp_competition_test,0,4747,3618,2102,C:\Users\durgamaniryudh\Desktop\Learn\testing_evals\test\aapp_competition_test\3819\3819_gen_0.sv,tngtech/deepseek-r1t2-chimera:free,stop,,gen-1768544104-uh3wT2rVfVIWki5IRyzk
417,mbpp_test,0,4212,2678,778,C:\Users\durgamaniryudh\Desktop\Learn\testing_evals\test\mbpp_test\417\417_gen_0.sv,tngtech/deepseek-r1t2-chimera:free,stop,,gen-1768544128-K0k7yrQFCGGIlrrCKB2a
23,human_eval_test,0,3971,10318,10029,C:\Users\durgamaniryudh\Desktop\Learn\testing_evals\test\human_eval_test\23\23_gen_0.sv,tngtech/deepseek-r1t2-chimera:free,stop,,gen-1768543934-N6VWZQ8OK0b8gP2GI9ny
96,human_eval_test,0,5068,10936,10232,C:\Users\durgamaniryudh\Desktop\Learn\testing_evals\test\human_eval_test\96\96_gen_0.sv,tngtech/deepseek-r1t2-chimera:free,stop,,gen-1768543949-y3Q41gsBz0XOt1haieJY
3861,aapp_competition_test,0,4370,4937,4133,C:\Users\durgamaniryudh\Desktop\Learn\testing_evals\test\aapp_competition_test\3861\3861_gen_0.sv,tngtech/deepseek-r1t2-chimera:free,stop,,gen-1768544105-iz5yHaJWIgv6NZsrr0rz
3076,aapp_competition_test,0,4165,7626,6122,C:\Users\durgamaniryudh\Desktop\Learn\testing_evals\test\aapp_competition_test\3076\3076_gen_0.sv,tngtech/deepseek-r1t2-chimera:free,stop,,gen-1768544058-k5drJRrREJlIayjekJcC
3264,aapp_competition_test,0,6217,2247,942,C:\Users\durgamaniryudh\Desktop\Learn\testing_evals\test\aapp_competition_test\3264\3264_gen_0.sv,tngtech/deepseek-r1t2-chimera:free,stop,,gen-1768544193-3QaQ9t9gtS3FBItbFCdu
3261,aapp_competition_test,0,3900,7204,6013,C:\Users\durgamaniryudh\Desktop\Learn\testing_evals\test\aapp_competition_test\3261\3261_gen_0.sv,tngtech/deepseek-r1t2-chimera:free,stop,,gen-1768544063-6BYcS2oUkZtzThQHfBfA
3595,aapp_competition_test,0,4776,1924,701,C:\Users\durgamaniryudh\Desktop\Learn\testing_evals\test\aapp_competition_test\3595\3595_gen_0.sv,tngtech/deepseek-r1t2-chimera:free,stop,,gen-1768544234-gpPfwKRKMLsqkmsTN4x3
3909,aapp_competition_test,0,4758,6209,5317,C:\Users\durgamaniryudh\Desktop\Learn\testing_evals\test\aapp_competition_test\3909\3909_gen_0.sv,tngtech/deepseek-r1t2-chimera:free,stop,,gen-1768544124-gZsyuA3FUHgc87Ept8sl
3751,aapp_competition_test,0,4622,2066,1022,C:\Users\durgamaniryudh\Desktop\Learn\testing_evals\test\aapp_competition_test\3751\3751_gen_0.sv,tngtech/deepseek-r1t2-chimera:free,stop,,gen-1768544245-G2dT0BUXVZcXrhN2rT6u
3900,aapp_competition_test,0,4497,2112,1228,C:\Users\durgamaniryudh\Desktop\Learn\testing_evals\test\aapp_competition_test\3900\3900_gen_0.sv,tngtech/deepseek-r1t2-chimera:free,stop,,gen-1768544258-3zo7RdPHSi3NZORKN3JC
3642,aapp_competition_test,0,5926,3529,891,C:\Users\durgamaniryudh\Desktop\Learn\testing_evals\test\aapp_competition_test\3642\3642_gen_0.sv,tngtech/deepseek-r1t2-chimera:free,stop,,gen-1768544236-SuKpeeYvo5U2gFC4utIY
66,human_eval_test,0,4405,1868,1328,C:\Users\durgamaniryudh\Desktop\Learn\testing_evals\test\human_eval_test\66\66_gen_0.sv,tngtech/deepseek-r1t2-chimera:free,stop,,gen-1768544275-l1tDjCKGMJitKPUxVu5w
94,human_eval_test,0,8374,4902,3976,C:\Users\durgamaniryudh\Desktop\Learn\testing_evals\test\human_eval_test\94\94_gen_0.sv,tngtech/deepseek-r1t2-chimera:free,stop,,gen-1768544188-X5fz0mT4LNYPgYSrMn6y
295,mbpp_test,0,3998,700,519,C:\Users\durgamaniryudh\Desktop\Learn\testing_evals\test\mbpp_test\295\295_gen_0.sv,tngtech/deepseek-r1t2-chimera:free,stop,,gen-1768544318-C0hOxRqR40CdhnlRCyI9
3308,aapp_competition_test,0,4012,4752,4479,C:\Users\durgamaniryudh\Desktop\Learn\testing_evals\test\aapp_competition_test\3308\3308_gen_0.sv,tngtech/deepseek-r1t2-chimera:free,stop,,gen-1768544232-9kYVIDm6ovuUt1bqNcfz
773,mbpp_train,0,4502,1614,741,C:\Users\durgamaniryudh\Desktop\Learn\testing_evals\test\mbpp_train\773\773_gen_0.sv,tngtech/deepseek-r1t2-chimera:free,stop,,gen-1768544317-oKiQddZIVmtHEgUinVIc
144,human_eval_test,0,4044,1979,1828,C:\Users\durgamaniryudh\Desktop\Learn\testing_evals\test\human_eval_test\144\144_gen_0.sv,tngtech/deepseek-r1t2-chimera:free,stop,,gen-1768544289-3ff9QOaewLvGJIrDfYOq
3078,aapp_competition_test,0,3988,7125,5717,C:\Users\durgamaniryudh\Desktop\Learn\testing_evals\test\aapp_competition_test\3078\3078_gen_0.sv,tngtech/deepseek-r1t2-chimera:free,stop,,gen-1768544190-lLxw2Qr4kFqcg8kmzgrF
410,mbpp_test,0,4285,8915,8796,C:\Users\durgamaniryudh\Desktop\Learn\testing_evals\test\mbpp_test\410\410_gen_0.sv,tngtech/deepseek-r1t2-chimera:free,stop,,gen-1768544164-jggA7gPE3IIxKU6ABuo0
55,human_eval_test,0,4170,4810,3667,C:\Users\durgamaniryudh\Desktop\Learn\testing_evals\test\human_eval_test\55\55_gen_0.sv,tngtech/deepseek-r1t2-chimera:free,stop,,gen-1768544279-jJahLTTauesdrvjUfYQM
3978,aapp_competition_test,0,5101,2637,1096,C:\Users\durgamaniryudh\Desktop\Learn\testing_evals\test\aapp_competition_test\3978\3978_gen_0.sv,tngtech/deepseek-r1t2-chimera:free,stop,,gen-1768544334-9DTjC7dJoWPUaMXQx6I5
3832,aapp_competition_test,0,4397,1818,935,C:\Users\durgamaniryudh\Desktop\Learn\testing_evals\test\aapp_competition_test\3832\3832_gen_0.sv,tngtech/deepseek-r1t2-chimera:free,stop,,gen-1768544357-J5HlUqqXCQnIkDFGOMon
290,mbpp_test,0,7196,3613,958,C:\Users\durgamaniryudh\Desktop\Learn\testing_evals\test\mbpp_test\290\290_gen_0.sv,tngtech/deepseek-r1t2-chimera:free,stop,,gen-1768544340-jvu7cXfjkkBfUFV9Qx3P
3886,aapp_competition_test,0,5609,2993,1565,C:\Users\durgamaniryudh\Desktop\Learn\testing_evals\test\aapp_competition_test\3886\3886_gen_0.sv,tngtech/deepseek-r1t2-chimera:free,stop,,gen-1768544355-ixyif7V4nAMnyPFgoTcs
3072,aapp_competition_test,0,5744,2827,1178,C:\Users\durgamaniryudh\Desktop\Learn\testing_evals\test\aapp_competition_test\3072\3072_gen_0.sv,tngtech/deepseek-r1t2-chimera:free,stop,,gen-1768544375-EXM9aHTj2mwokOp1Taos
93,mbpp_test,0,4317,5604,4985,C:\Users\durgamaniryudh\Desktop\Learn\testing_evals\test\mbpp_test\93\93_gen_0.sv,tngtech/deepseek-r1t2-chimera:free,stop,,gen-1768544315-lSte6QsHnKpF8jw8Ta0I
3650,aapp_competition_test,0,4866,2537,669,C:\Users\durgamaniryudh\Desktop\Learn\testing_evals\test\aapp_competition_test\3650\3650_gen_0.sv,tngtech/deepseek-r1t2-chimera:free,stop,,gen-1768544420-IgBMHzOVu89RrjjZFbdk
3910,aapp_competition_test,0,4698,2276,1029,C:\Users\durgamaniryudh\Desktop\Learn\testing_evals\test\aapp_competition_test\3910\3910_gen_0.sv,tngtech/deepseek-r1t2-chimera:free,stop,,gen-1768544441-ow9bOIkJ5ex1CVoOP4OU
27,human_eval_test,0,4234,1228,546,C:\Users\durgamaniryudh\Desktop\Learn\testing_evals\test\human_eval_test\27\27_gen_0.sv,tngtech/deepseek-r1t2-chimera:free,stop,,gen-1768544482-YlT9jBtzbvWta95N2YTc
149,human_eval_test,0,4396,13576,12810,C:\Users\durgamaniryudh\Desktop\Learn\testing_evals\test\human_eval_test\149\149_gen_0.sv,tngtech/deepseek-r1t2-chimera:free,stop,,gen-1768544163-q2eAnhUUaRnZttoDPePD
150,human_eval_test,0,3906,4165,3343,C:\Users\durgamaniryudh\Desktop\Learn\testing_evals\test\human_eval_test\150\150_gen_0.sv,tngtech/deepseek-r1t2-chimera:free,stop,,gen-1768544448-hoEeUPg20zU11OpKnLuJ
3314,aapp_competition_test,0,4026,6800,5584,C:\Users\durgamaniryudh\Desktop\Learn\testing_evals\test\aapp_competition_test\3314\3314_gen_0.sv,tngtech/deepseek-r1t2-chimera:free,stop,,gen-1768544396-MMpEgcoRg5DWDHfIDA5R
250,mbpp_test,0,4001,10847,10418,C:\Users\durgamaniryudh\Desktop\Learn\testing_evals\test\mbpp_test\250\250_gen_0.sv,tngtech/deepseek-r1t2-chimera:free,stop,,gen-1768544303-gEkMzqKoaYQm3ALbu25F
3596,aapp_competition_test,0,3903,5905,4446,C:\Users\durgamaniryudh\Desktop\Learn\testing_evals\test\aapp_competition_test\3596\3596_gen_0.sv,tngtech/deepseek-r1t2-chimera:free,stop,,gen-1768544396-sVlgLb06G4yUeP89uZaP
474,mbpp_test,0,4019,3154,2900,C:\Users\durgamaniryudh\Desktop\Learn\testing_evals\test\mbpp_test\474\474_gen_0.sv,tngtech/deepseek-r1t2-chimera:free,stop,,gen-1768544514-ZoM1AT2BVTRwq3odnZoT
3265,aapp_competition_test,0,3970,8407,7203,C:\Users\durgamaniryudh\Desktop\Learn\testing_evals\test\aapp_competition_test\3265\3265_gen_0.sv,tngtech/deepseek-r1t2-chimera:free,stop,,gen-1768544381-U8K0Vag1zhixwuKS4gJv
428,mbpp_test,0,4907,2575,955,C:\Users\durgamaniryudh\Desktop\Learn\testing_evals\test\mbpp_test\428\428_gen_0.sv,tngtech/deepseek-r1t2-chimera:free,stop,,gen-1768544542-dvbGck2y9BmBxa28hHNr
3083,aapp_competition_test,0,4900,1980,505,C:\Users\durgamaniryudh\Desktop\Learn\testing_evals\test\aapp_competition_test\3083\3083_gen_0.sv,tngtech/deepseek-r1t2-chimera:free,stop,,gen-1768544562-iAM69voMik5UkYTPdtBz
3655,aapp_competition_test,0,4035,822,431,C:\Users\durgamaniryudh\Desktop\Learn\testing_evals\test\aapp_competition_test\3655\3655_gen_0.sv,tngtech/deepseek-r1t2-chimera:free,stop,,gen-1768544593-xrQoKckpDtIbWcEwUcWN
3750,aapp_competition_test,0,3814,1104,995,C:\Users\durgamaniryudh\Desktop\Learn\testing_evals\test\aapp_competition_test\3750\3750_gen_0.sv,tngtech/deepseek-r1t2-chimera:free,stop,,gen-1768544597-eubMQAxAGUKR4S1joQ3Q
13,human_eval_test,0,4049,11631,14432,C:\Users\durgamaniryudh\Desktop\Learn\testing_evals\test\human_eval_test\13\13_gen_0.sv,tngtech/deepseek-r1t2-chimera:free,stop,,gen-1768544354-YyuBAXQVhQwtdqx4o9OG
3266,aapp_competition_test,0,6097,2977,693,C:\Users\durgamaniryudh\Desktop\Learn\testing_evals\test\aapp_competition_test\3266\3266_gen_0.sv,tngtech/deepseek-r1t2-chimera:free,stop,,gen-1768544566-SSJjXYI4UUGUlUYMEAxf
3911,aapp_competition_test,0,3832,1404,1166,C:\Users\durgamaniryudh\Desktop\Learn\testing_evals\test\aapp_competition_test\3911\3911_gen_0.sv,tngtech/deepseek-r1t2-chimera:free,stop,,gen-1768544614-WL5fgFvRqTZ5DyfgDEBo
168,mbpp_test,0,4067,860,480,C:\Users\durgamaniryudh\Desktop\Learn\testing_evals\test\mbpp_test\168\168_gen_0.sv,tngtech/deepseek-r1t2-chimera:free,stop,,gen-1768544648-s00mzgUf6gf0bW8c7Bl9
3744,aapp_competition_test,0,4820,11134,10348,C:\Users\durgamaniryudh\Desktop\Learn\testing_evals\test\aapp_competition_test\3744\3744_gen_0.sv,tngtech/deepseek-r1t2-chimera:free,stop,,gen-1768544423-TIkbvDsQTSO7eaqctzwN
3600,aapp_competition_test,0,4024,4493,3966,C:\Users\durgamaniryudh\Desktop\Learn\testing_evals\test\aapp_competition_test\3600\3600_gen_0.sv,tngtech/deepseek-r1t2-chimera:free,stop,,gen-1768544589-fGqqIdN5pparSUkx3GPY
619,mbpp_train,0,4660,2840,2191,C:\Users\durgamaniryudh\Desktop\Learn\testing_evals\test\mbpp_train\619\619_gen_0.sv,tngtech/deepseek-r1t2-chimera:free,stop,,gen-1768544642-XkddKGnAnIYJJ621zRWA
778,mbpp_train,0,5117,1821,658,C:\Users\durgamaniryudh\Desktop\Learn\testing_evals\test\mbpp_train\778\778_gen_0.sv,tngtech/deepseek-r1t2-chimera:free,stop,,gen-1768544668-ZXZ1JPPDHlFv8T1jZSco
107,human_eval_test,0,4261,5796,5257,C:\Users\durgamaniryudh\Desktop\Learn\testing_evals\test\human_eval_test\107\107_gen_0.sv,tngtech/deepseek-r1t2-chimera:free,stop,,gen-1768544615-lMN3av1J75u7P1FCpIVs
3269,aapp_competition_test,0,4070,1157,900,C:\Users\durgamaniryudh\Desktop\Learn\testing_evals\test\aapp_competition_test\3269\3269_gen_0.sv,tngtech/deepseek-r1t2-chimera:free,stop,,gen-1768544734-c049sGFDN6Eru7HwsuVw
3077,aapp_competition_test,0,5341,3306,1286,C:\Users\durgamaniryudh\Desktop\Learn\testing_evals\test\aapp_competition_test\3077\3077_gen_0.sv,tngtech/deepseek-r1t2-chimera:free,stop,,gen-1768544700-B4wrQzNbxSwfjweSxF1m
3313,aapp_competition_test,0,4192,8863,6597,C:\Users\durgamaniryudh\Desktop\Learn\testing_evals\test\aapp_competition_test\3313\3313_gen_0.sv,tngtech/deepseek-r1t2-chimera:free,stop,,gen-1768544568-SXRxN6CwrBsyNM1ToeoO
589,mbpp_validation,0,4325,5552,4532,C:\Users\durgamaniryudh\Desktop\Learn\testing_evals\test\mbpp_validation\589\589_gen_0.sv,tngtech/deepseek-r1t2-chimera:free,stop,,gen-1768544678-8EDgmgr4r6lfwuY28v2R
398,mbpp_test,0,4683,11677,11153,C:\Users\durgamaniryudh\Desktop\Learn\testing_evals\test\mbpp_test\398\398_gen_0.sv,tngtech/deepseek-r1t2-chimera:free,stop,,gen-1768544550-ryCcrh9ERIL01lVHVk52
30,human_eval_test,0,4225,5015,4740,C:\Users\durgamaniryudh\Desktop\Learn\testing_evals\test\human_eval_test\30\30_gen_0.sv,tngtech/deepseek-r1t2-chimera:free,stop,,gen-1768544698-EUYjKQI2TOMMYbuuyrKU
3311,aapp_competition_test,0,3896,3048,1245,C:\Users\durgamaniryudh\Desktop\Learn\testing_evals\test\aapp_competition_test\3311\3311_gen_0.sv,tngtech/deepseek-r1t2-chimera:free,stop,,gen-1768544761-NMujYvehpp42Gux1G1yf
3752,aapp_competition_test,0,4113,1445,1024,C:\Users\durgamaniryudh\Desktop\Learn\testing_evals\test\aapp_competition_test\3752\3752_gen_0.sv,tngtech/deepseek-r1t2-chimera:free,stop,,gen-1768544803-GXaH7sCu5KT78cPa7wKm
148,human_eval_test,0,4295,9942,6386,C:\Users\durgamaniryudh\Desktop\Learn\testing_evals\test\human_eval_test\148\148_gen_0.sv,tngtech/deepseek-r1t2-chimera:free,stop,,gen-1768544635-MYSCzDInr3J6uBzb3TkH
3598,aapp_competition_test,0,7119,3490,844,C:\Users\durgamaniryudh\Desktop\Learn\testing_evals\test\aapp_competition_test\3598\3598_gen_0.sv,tngtech/deepseek-r1t2-chimera:free,stop,,gen-1768544768-KekVYjn33DmlMxoKhkAv
135,mbpp_test,0,3767,751,663,C:\Users\durgamaniryudh\Desktop\Learn\testing_evals\test\mbpp_test\135\135_gen_0.sv,tngtech/deepseek-r1t2-chimera:free,stop,,gen-1768544845-3VuVFxVme7q9gQpxxUBt
431,mbpp_test,0,4976,1192,638,C:\Users\durgamaniryudh\Desktop\Learn\testing_evals\test\mbpp_test\431\431_gen_0.sv,tngtech/deepseek-r1t2-chimera:free,stop,,gen-1768544836-hPUb3qkAMa52MxzRfM1C
3913,aapp_competition_test,0,5080,2486,1000,C:\Users\durgamaniryudh\Desktop\Learn\testing_evals\test\aapp_competition_test\3913\3913_gen_0.sv,tngtech/deepseek-r1t2-chimera:free,stop,,gen-1768544811-s8jUBKlrG5nZ4Gt2cBua
74,mbpp_test,0,4980,8200,7436,C:\Users\durgamaniryudh\Desktop\Learn\testing_evals\test\mbpp_test\74\74_gen_0.sv,tngtech/deepseek-r1t2-chimera:free,stop,,gen-1768544684-TB1MuAnU18uKhppw9DAE
34,human_eval_test,0,3969,17547,11712,C:\Users\durgamaniryudh\Desktop\Learn\testing_evals\test\human_eval_test\34\34_gen_0.sv,tngtech/deepseek-r1t2-chimera:free,stop,,gen-1768544497-3eyXmVoAshYz5QkGZ0b7
66,mbpp_test,0,4169,1225,639,C:\Users\durgamaniryudh\Desktop\Learn\testing_evals\test\mbpp_test\66\66_gen_0.sv,tngtech/deepseek-r1t2-chimera:free,stop,,gen-1768544844-r2CPQECaBt4Otpn4pr12
588,mbpp_validation,0,4116,1253,841,C:\Users\durgamaniryudh\Desktop\Learn\testing_evals\test\mbpp_validation\588\588_gen_0.sv,tngtech/deepseek-r1t2-chimera:free,stop,,gen-1768544871-0ixvdNUwVq68SMxbWhJe
3714,aapp_competition_test,0,5219,2372,718,C:\Users\durgamaniryudh\Desktop\Learn\testing_evals\test\aapp_competition_test\3714\3714_gen_0.sv,tngtech/deepseek-r1t2-chimera:free,stop,,gen-1768544865-nGcYzlixY9yyArOPdB0s
3953,aapp_competition_test,0,4602,2053,739,C:\Users\durgamaniryudh\Desktop\Learn\testing_evals\test\aapp_competition_test\3953\3953_gen_0.sv,tngtech/deepseek-r1t2-chimera:free,stop,,gen-1768544869-taC6TAKxkqEt9sx1Xuhc
76,human_eval_test,0,4261,4417,3663,C:\Users\durgamaniryudh\Desktop\Learn\testing_evals\test\human_eval_test\76\76_gen_0.sv,tngtech/deepseek-r1t2-chimera:free,stop,,gen-1768544825-9azOqvZtjtabiiRwpFge
3276,aapp_competition_test,0,5262,2935,1405,C:\Users\durgamaniryudh\Desktop\Learn\testing_evals\test\aapp_competition_test\3276\3276_gen_0.sv,tngtech/deepseek-r1t2-chimera:free,stop,,gen-1768544902-3N89zswFQNdms9aRQsAX
3653,aapp_competition_test,0,5077,1633,422,C:\Users\durgamaniryudh\Desktop\Learn\testing_evals\test\aapp_competition_test\3653\3653_gen_0.sv,tngtech/deepseek-r1t2-chimera:free,stop,,gen-1768544928-2iIamY0nq0N2uyeoGuDa
3081,aapp_competition_test,0,4142,4113,1313,C:\Users\durgamaniryudh\Desktop\Learn\testing_evals\test\aapp_competition_test\3081\3081_gen_0.sv,tngtech/deepseek-r1t2-chimera:free,stop,,gen-1768544872-dwDYwrX1JXOJXeUi1MoW
3855,aapp_competition_test,0,3922,546,399,C:\Users\durgamaniryudh\Desktop\Learn\testing_evals\test\aapp_competition_test\3855\3855_gen_0.sv,tngtech/deepseek-r1t2-chimera:free,stop,,gen-1768544970-qQ0LmOheERM1YyZDDPoq
3312,aapp_competition_test,0,7393,3031,531,C:\Users\durgamaniryudh\Desktop\Learn\testing_evals\test\aapp_competition_test\3312\3312_gen_0.sv,tngtech/deepseek-r1t2-chimera:free,stop,,gen-1768544913-rZSpLUWQjOfhMtEZbWo7
3817,aapp_competition_test,0,4039,1506,932,C:\Users\durgamaniryudh\Desktop\Learn\testing_evals\test\aapp_competition_test\3817\3817_gen_0.sv,tngtech/deepseek-r1t2-chimera:free,stop,,gen-1768544964-WGiVMrN4IXLzpd5Jz6Le
117,human_eval_test,0,4382,16585,15614,C:\Users\durgamaniryudh\Desktop\Learn\testing_evals\test\human_eval_test\117\117_gen_0.sv,tngtech/deepseek-r1t2-chimera:free,stop,,gen-1768544628-h0DzoMV86kJSRwqiRF4o
108,human_eval_test,0,4106,9124,8686,C:\Users\durgamaniryudh\Desktop\Learn\testing_evals\test\human_eval_test\108\108_gen_0.sv,tngtech/deepseek-r1t2-chimera:free,stop,,gen-1768544816-QYwfh97OfINgkbFexU5A
3651,aapp_competition_test,0,4245,9519,7505,C:\Users\durgamaniryudh\Desktop\Learn\testing_evals\test\aapp_competition_test\3651\3651_gen_0.sv,tngtech/deepseek-r1t2-chimera:free,stop,,gen-1768544802-TuFppkuIRImnojuR0Fch
3753,aapp_competition_test,0,4968,2566,876,C:\Users\durgamaniryudh\Desktop\Learn\testing_evals\test\aapp_competition_test\3753\3753_gen_0.sv,tngtech/deepseek-r1t2-chimera:free,stop,,gen-1768544958-esgNIsDoHSjMiemJe0YH
18,human_eval_test,0,4112,6855,6202,C:\Users\durgamaniryudh\Desktop\Learn\testing_evals\test\human_eval_test\18\18_gen_0.sv,tngtech/deepseek-r1t2-chimera:free,stop,,gen-1768544865-JSh2HJUW0eB1dUh1qWjR
139,mbpp_test,0,4283,1427,765,C:\Users\durgamaniryudh\Desktop\Learn\testing_evals\test\mbpp_test\139\139_gen_0.sv,tngtech/deepseek-r1t2-chimera:free,stop,,gen-1768545001-W3jyqerE01QQHaDf5DaP
3917,aapp_competition_test,0,4166,2616,1825,C:\Users\durgamaniryudh\Desktop\Learn\testing_evals\test\aapp_competition_test\3917\3917_gen_0.sv,tngtech/deepseek-r1t2-chimera:free,stop,,gen-1768544981-zTIXPJ9Zi5MQmiss5cUo
270,mbpp_test,0,4410,1927,1237,C:\Users\durgamaniryudh\Desktop\Learn\testing_evals\test\mbpp_test\270\270_gen_0.sv,tngtech/deepseek-r1t2-chimera:free,stop,,gen-1768544998-MAZr1UC4bcxfySamx5iI
3593,aapp_competition_test,0,8106,6110,750,C:\Users\durgamaniryudh\Desktop\Learn\testing_evals\test\aapp_competition_test\3593\3593_gen_0.sv,tngtech/deepseek-r1t2-chimera:free,stop,,gen-1768544914-QbT26t0QmI7tIH0qTQ6y
3652,aapp_competition_test,0,4750,1930,650,C:\Users\durgamaniryudh\Desktop\Learn\testing_evals\test\aapp_competition_test\3652\3652_gen_0.sv,tngtech/deepseek-r1t2-chimera:free,stop,,gen-1768545031-9oVOxhLcBmPCy4uaz56Z
3082,aapp_competition_test,0,5515,2589,924,C:\Users\durgamaniryudh\Desktop\Learn\testing_evals\test\aapp_competition_test\3082\3082_gen_0.sv,tngtech/deepseek-r1t2-chimera:free,stop,,gen-1768545019-ER6AfmcMp43D1v1mGhHG
3748,aapp_competition_test,0,4055,2023,1007,C:\Users\durgamaniryudh\Desktop\Learn\testing_evals\test\aapp_competition_test\3748\3748_gen_0.sv,tngtech/deepseek-r1t2-chimera:free,stop,,gen-1768545039-cp4i6FLwWa0wYRfw2Bs8
3317,aapp_competition_test,0,4135,2669,2026,C:\Users\durgamaniryudh\Desktop\Learn\testing_evals\test\aapp_competition_test\3317\3317_gen_0.sv,tngtech/deepseek-r1t2-chimera:free,stop,,gen-1768545029-RQuUkitmnwBLXNg6CrZg
3908,aapp_competition_test,0,4897,2272,802,C:\Users\durgamaniryudh\Desktop\Learn\testing_evals\test\aapp_competition_test\3908\3908_gen_0.sv,tngtech/deepseek-r1t2-chimera:free,stop,,gen-1768545043-cC0dSsOUJRS9otau870E
3602,aapp_competition_test,0,5341,3160,1233,C:\Users\durgamaniryudh\Desktop\Learn\testing_evals\test\aapp_competition_test\3602\3602_gen_0.sv,tngtech/deepseek-r1t2-chimera:free,stop,,gen-1768545030-AgEIOjKu2GyEyxxaRTU7
421,mbpp_test,0,4634,1559,595,C:\Users\durgamaniryudh\Desktop\Learn\testing_evals\test\mbpp_test\421\421_gen_0.sv,tngtech/deepseek-r1t2-chimera:free,stop,,gen-1768545086-7PAhqOFq5z3I3PykhO16
629,mbpp_train,0,4252,1654,1080,C:\Users\durgamaniryudh\Desktop\Learn\testing_evals\test\mbpp_train\629\629_gen_0.sv,tngtech/deepseek-r1t2-chimera:free,stop,,gen-1768545103-DyE0vKj0Ije5ccDIF2od
247,mbpp_test,0,6652,995,767,C:\Users\durgamaniryudh\Desktop\Learn\testing_evals\test\mbpp_test\247\247_gen_0.sv,tngtech/deepseek-r1t2-chimera:free,,,gen-1768545115-CJ1EwnONHwm9FH2k6vir
3945,aapp_competition_test,0,4887,12715,8095,C:\Users\durgamaniryudh\Desktop\Learn\testing_evals\test\aapp_competition_test\3945\3945_gen_0.sv,tngtech/deepseek-r1t2-chimera:free,stop,,gen-1768544869-9URPYHw1Im3ev3qqHRfx
594,mbpp_validation,0,4580,2362,1530,C:\Users\durgamaniryudh\Desktop\Learn\testing_evals\test\mbpp_validation\594\594_gen_0.sv,tngtech/deepseek-r1t2-chimera:free,stop,,gen-1768545092-QLV5u4izhSvRtdcgzQ8f
4,human_eval_test,0,4234,7551,6170,C:\Users\durgamaniryudh\Desktop\Learn\testing_evals\test\human_eval_test\4\4_gen_0.sv,tngtech/deepseek-r1t2-chimera:free,stop,,gen-1768544987-tNiCOkYWIeFSiZaytosx
3889,aapp_competition_test,0,3896,1688,1470,C:\Users\durgamaniryudh\Desktop\Learn\testing_evals\test\aapp_competition_test\3889\3889_gen_0.sv,tngtech/deepseek-r1t2-chimera:free,stop,,gen-1768545155-nqw32jghr7N9Ae1iOW46
3976,aapp_competition_test,0,5869,3405,1028,C:\Users\durgamaniryudh\Desktop\Learn\testing_evals\test\aapp_competition_test\3976\3976_gen_0.sv,tngtech/deepseek-r1t2-chimera:free,stop,,gen-1768545138-B063DIH8uKNLcj6j36rJ
583,mbpp_validation,0,4416,3346,2496,C:\Users\durgamaniryudh\Desktop\Learn\testing_evals\test\mbpp_validation\583\583_gen_0.sv,tngtech/deepseek-r1t2-chimera:free,stop,,gen-1768545145-6rGLJVVYVJvzmdfgENAU
3267,aapp_competition_test,0,4503,10634,8256,C:\Users\durgamaniryudh\Desktop\Learn\testing_evals\test\aapp_competition_test\3267\3267_gen_0.sv,tngtech/deepseek-r1t2-chimera:free,stop,,gen-1768545023-Y1PpyTwHZjYfAuFUR38P
146,human_eval_test,0,4087,8290,6870,C:\Users\durgamaniryudh\Desktop\Learn\testing_evals\test\human_eval_test\146\146_gen_0.sv,tngtech/deepseek-r1t2-chimera:free,stop,,gen-1768545082-1tx2yN3vhUOQ3XUpRR6S
427,mbpp_test,0,4073,8264,7651,C:\Users\durgamaniryudh\Desktop\Learn\testing_evals\test\mbpp_test\427\427_gen_0.sv,tngtech/deepseek-r1t2-chimera:free,stop,,gen-1768545089-nZFwFvZsNxs3sTOm73xx
80,mbpp_test,0,3940,6911,6005,C:\Users\durgamaniryudh\Desktop\Learn\testing_evals\test\mbpp_test\80\80_gen_0.sv,tngtech/deepseek-r1t2-chimera:free,stop,,gen-1768545142-vqHW3AchibrCahHazdDw
98,human_eval_test,0,4037,10909,10728,C:\Users\durgamaniryudh\Desktop\Learn\testing_evals\test\human_eval_test\98\98_gen_0.sv,tngtech/deepseek-r1t2-chimera:free,stop,,gen-1768545074-ExvtEb0TFUxPatceukke
3647,aapp_competition_test,0,5365,2652,648,C:\Users\durgamaniryudh\Desktop\Learn\testing_evals\test\aapp_competition_test\3647\3647_gen_0.sv,tngtech/deepseek-r1t2-chimera:free,stop,,gen-1768545267-W9jk4NBL281gGc34cLHL
3273,aapp_competition_test,0,4337,5644,2423,C:\Users\durgamaniryudh\Desktop\Learn\testing_evals\test\aapp_competition_test\3273\3273_gen_0.sv,tngtech/deepseek-r1t2-chimera:free,stop,,gen-1768545206-2IN036hDjMF7CmRNIXZb
3760,aapp_competition_test,0,4891,2326,1002,C:\Users\durgamaniryudh\Desktop\Learn\testing_evals\test\aapp_competition_test\3760\3760_gen_0.sv,tngtech/deepseek-r1t2-chimera:free,stop,,gen-1768545286-I7kjUmaErpu9ODQKr7Oy
3912,aapp_competition_test,0,5202,2977,1145,C:\Users\durgamaniryudh\Desktop\Learn\testing_evals\test\aapp_competition_test\3912\3912_gen_0.sv,tngtech/deepseek-r1t2-chimera:free,stop,,gen-1768545294-h0NI1WBzU0ew7vnoJ4Oc
129,human_eval_test,0,4596,16685,13468,C:\Users\durgamaniryudh\Desktop\Learn\testing_evals\test\human_eval_test\129\129_gen_0.sv,tngtech/deepseek-r1t2-chimera:free,stop,,gen-1768545049-klobqEXqXg2G57NFsTCi
3315,aapp_competition_test,0,5388,9861,7069,C:\Users\durgamaniryudh\Desktop\Learn\testing_evals\test\aapp_competition_test\3315\3315_gen_0.sv,tngtech/deepseek-r1t2-chimera:free,stop,,gen-1768545218-IF24HauaCYe7ZAsaDy2U
56,human_eval_test,0,4147,5519,4903,C:\Users\durgamaniryudh\Desktop\Learn\testing_evals\test\human_eval_test\56\56_gen_0.sv,tngtech/deepseek-r1t2-chimera:free,stop,,gen-1768545326-ubhoy4oYq9iKDtEWIQzx
3831,aapp_competition_test,0,3976,13391,10779,C:\Users\durgamaniryudh\Desktop\Learn\testing_evals\test\aapp_competition_test\3831\3831_gen_0.sv,tngtech/deepseek-r1t2-chimera:free,stop,,gen-1768545163-oWOdDdRZPPHVqaC9S8fE
3601,aapp_competition_test,0,5115,9723,8470,C:\Users\durgamaniryudh\Desktop\Learn\testing_evals\test\aapp_competition_test\3601\3601_gen_0.sv,tngtech/deepseek-r1t2-chimera:free,stop,,gen-1768545257-1f1UATtcPGGH9e3qbnJL
574,mbpp_validation,0,4085,6964,5550,C:\Users\durgamaniryudh\Desktop\Learn\testing_evals\test\mbpp_validation\574\574_gen_0.sv,tngtech/deepseek-r1t2-chimera:free,stop,,gen-1768545347-MVsF0L4Bcf4RPZkqjVqX
3272,aapp_competition_test,0,6119,3016,1674,C:\Users\durgamaniryudh\Desktop\Learn\testing_evals\test\aapp_competition_test\3272\3272_gen_0.sv,tngtech/deepseek-r1t2-chimera:free,stop,,gen-1768545453-wCYEAx2Xdq3kOMpr8en6
3605,aapp_competition_test,0,4728,1733,762,C:\Users\durgamaniryudh\Desktop\Learn\testing_evals\test\aapp_competition_test\3605\3605_gen_0.sv,tngtech/deepseek-r1t2-chimera:free,stop,,gen-1768545483-Y7FoefvbYvgJIR9iyY9s
95,mbpp_test,0,4128,7844,7485,C:\Users\durgamaniryudh\Desktop\Learn\testing_evals\test\mbpp_test\95\95_gen_0.sv,tngtech/deepseek-r1t2-chimera:free,stop,,gen-1768545355-q3sZLGy2S1CCBwb2i8Vl
3080,aapp_competition_test,0,5358,2613,1012,C:\Users\durgamaniryudh\Desktop\Learn\testing_evals\test\aapp_competition_test\3080\3080_gen_0.sv,tngtech/deepseek-r1t2-chimera:free,stop,,gen-1768545450-78mczGpgekKISZv9Z9F5
140,mbpp_test,0,4321,5082,4434,C:\Users\durgamaniryudh\Desktop\Learn\testing_evals\test\mbpp_test\140\140_gen_0.sv,tngtech/deepseek-r1t2-chimera:free,stop,,gen-1768545417-zbgRlowrCSWyFvrZWC4Q
3758,aapp_competition_test,0,5040,2576,886,C:\Users\durgamaniryudh\Desktop\Learn\testing_evals\test\aapp_competition_test\3758\3758_gen_0.sv,tngtech/deepseek-r1t2-chimera:free,stop,,gen-1768545518-rD5b016baF3dH0UNbYoZ
3907,aapp_competition_test,0,4328,2037,1327,C:\Users\durgamaniryudh\Desktop\Learn\testing_evals\test\aapp_competition_test\3907\3907_gen_0.sv,tngtech/deepseek-r1t2-chimera:free,stop,,gen-1768545518-E5MqdDyR9c73HhvBUqiI
154,human_eval_test,0,4277,11815,10639,C:\Users\durgamaniryudh\Desktop\Learn\testing_evals\test\human_eval_test\154\154_gen_0.sv,tngtech/deepseek-r1t2-chimera:free,stop,,gen-1768545320-qe3YejXoMez2XIlO6J1q
3079,aapp_competition_test,0,4246,10072,6965,C:\Users\durgamaniryudh\Desktop\Learn\testing_evals\test\aapp_competition_test\3079\3079_gen_0.sv,tngtech/deepseek-r1t2-chimera:free,stop,,gen-1768545343-yRHtSIxIEv33Sih2iFl2
25,human_eval_test,0,4021,2240,1534,C:\Users\durgamaniryudh\Desktop\Learn\testing_evals\test\human_eval_test\25\25_gen_0.sv,tngtech/deepseek-r1t2-chimera:free,stop,,gen-1768545532-9ebyS25bNipNNSCHkQJG
787,mbpp_train,0,4103,970,793,C:\Users\durgamaniryudh\Desktop\Learn\testing_evals\test\mbpp_train\787\787_gen_0.sv,tngtech/deepseek-r1t2-chimera:free,stop,,gen-1768545571-HNsY1VEcRI2D0dVsUuPj
88,human_eval_test,0,4123,11694,10363,C:\Users\durgamaniryudh\Desktop\Learn\testing_evals\test\human_eval_test\88\88_gen_0.sv,tngtech/deepseek-r1t2-chimera:free,stop,,gen-1768545312-CD724DMidT2TAYQSTHkN
3084,aapp_competition_test,0,5051,2082,763,C:\Users\durgamaniryudh\Desktop\Learn\testing_evals\test\aapp_competition_test\3084\3084_gen_0.sv,tngtech/deepseek-r1t2-chimera:free,stop,,gen-1768545590-hVwZsElBqkk1KonrlKfy
85,human_eval_test,0,3964,3483,2642,C:\Users\durgamaniryudh\Desktop\Learn\testing_evals\test\human_eval_test\85\85_gen_0.sv,tngtech/deepseek-r1t2-chimera:free,stop,,gen-1768545554-s9Oo44o8zM9lXmACKdEp
3278,aapp_competition_test,0,5560,2460,833,C:\Users\durgamaniryudh\Desktop\Learn\testing_evals\test\aapp_competition_test\3278\3278_gen_0.sv,tngtech/deepseek-r1t2-chimera:free,stop,,gen-1768545592-pt0GWKFsiYOZeBzgKEpr
261,mbpp_test,0,4430,1722,1069,C:\Users\durgamaniryudh\Desktop\Learn\testing_evals\test\mbpp_test\261\261_gen_0.sv,tngtech/deepseek-r1t2-chimera:free,stop,,gen-1768545587-3LbvB4eemoraITPWKHLi
3645,aapp_competition_test,0,4005,6578,4954,C:\Users\durgamaniryudh\Desktop\Learn\testing_evals\test\aapp_competition_test\3645\3645_gen_0.sv,tngtech/deepseek-r1t2-chimera:free,stop,,gen-1768545513-daQoK5bJZF8b8diN78zv
3324,aapp_competition_test,0,4280,2818,1282,C:\Users\durgamaniryudh\Desktop\Learn\testing_evals\test\aapp_competition_test\3324\3324_gen_0.sv,tngtech/deepseek-r1t2-chimera:free,stop,,gen-1768545617-NMh49UArId3fsDw1s3xO
802,mbpp_train,0,4341,3205,2805,C:\Users\durgamaniryudh\Desktop\Learn\testing_evals\test\mbpp_train\802\802_gen_0.sv,tngtech/deepseek-r1t2-chimera:free,stop,,gen-1768545574-SsCR2MOzD3l7GVzoUkLG
3603,aapp_competition_test,0,5112,2259,578,C:\Users\durgamaniryudh\Desktop\Learn\testing_evals\test\aapp_competition_test\3603\3603_gen_0.sv,tngtech/deepseek-r1t2-chimera:free,stop,,gen-1768545643-DDbO0jRLI06iJVrOAM9S
35,human_eval_test,0,3987,6292,5933,C:\Users\durgamaniryudh\Desktop\Learn\testing_evals\test\human_eval_test\35\35_gen_0.sv,tngtech/deepseek-r1t2-chimera:free,stop,,gen-1768545534-2yBYThtkg1kFhItYnDrY
52,human_eval_test,0,3874,1277,1296,C:\Users\durgamaniryudh\Desktop\Learn\testing_evals\test\human_eval_test\52\52_gen_0.sv,tngtech/deepseek-r1t2-chimera:free,stop,,gen-1768545667-CHX97GfoNdlJIytjRiBu
109,human_eval_test,0,3990,2018,1730,C:\Users\durgamaniryudh\Desktop\Learn\testing_evals\test\human_eval_test\109\109_gen_0.sv,tngtech/deepseek-r1t2-chimera:free,stop,,gen-1768545655-kibhF3UzsVoo7njd2vHx
3757,aapp_competition_test,0,5259,2309,525,C:\Users\durgamaniryudh\Desktop\Learn\testing_evals\test\aapp_competition_test\3757\3757_gen_0.sv,tngtech/deepseek-r1t2-chimera:free,stop,,gen-1768545646-eRzRJrUEBRtXqwHTASJu
102,human_eval_test,0,3888,1592,1315,C:\Users\durgamaniryudh\Desktop\Learn\testing_evals\test\human_eval_test\102\102_gen_0.sv,tngtech/deepseek-r1t2-chimera:free,stop,,gen-1768545692-j71l9f2gx0U9YWZ5sPk1
62,mbpp_test,0,4092,2241,1732,C:\Users\durgamaniryudh\Desktop\Learn\testing_evals\test\mbpp_test\62\62_gen_0.sv,tngtech/deepseek-r1t2-chimera:free,stop,,gen-1768545684-vM8fJIpszSlLDQjicZsw
3719,aapp_competition_test,0,4715,2374,937,C:\Users\durgamaniryudh\Desktop\Learn\testing_evals\test\aapp_competition_test\3719\3719_gen_0.sv,tngtech/deepseek-r1t2-chimera:free,stop,,gen-1768545699-G1VleyZD5XcADfdz2gle
3957,aapp_competition_test,0,4995,2245,887,C:\Users\durgamaniryudh\Desktop\Learn\testing_evals\test\aapp_competition_test\3957\3957_gen_0.sv,tngtech/deepseek-r1t2-chimera:free,stop,,gen-1768545701-PTbMO2JS6Fd9mTO6imOr
3310,aapp_competition_test,0,4209,10577,8438,C:\Users\durgamaniryudh\Desktop\Learn\testing_evals\test\aapp_competition_test\3310\3310_gen_0.sv,tngtech/deepseek-r1t2-chimera:free,stop,,gen-1768545458-69cOw9bXrzDnM4jKjort
103,mbpp_test,0,4324,7985,6402,C:\Users\durgamaniryudh\Desktop\Learn\testing_evals\test\mbpp_test\103\103_gen_0.sv,tngtech/deepseek-r1t2-chimera:free,stop,,gen-1768545583-XBo6yZV9CR5vIKsUZ9YY
3280,aapp_competition_test,0,4945,2388,1290,C:\Users\durgamaniryudh\Desktop\Learn\testing_evals\test\aapp_competition_test\3280\3280_gen_0.sv,tngtech/deepseek-r1t2-chimera:free,stop,,gen-1768545746-sjUHzoOKxWerUsPwcdG9
228,mbpp_test,0,4125,4446,3502,C:\Users\durgamaniryudh\Desktop\Learn\testing_evals\test\mbpp_test\228\228_gen_0.sv,tngtech/deepseek-r1t2-chimera:free,stop,,gen-1768545684-P8auozOS2cObZxNGbded
3764,aapp_competition_test,0,5238,2254,689,C:\Users\durgamaniryudh\Desktop\Learn\testing_evals\test\aapp_competition_test\3764\3764_gen_0.sv,tngtech/deepseek-r1t2-chimera:free,stop,,gen-1768545775-YK707mfQGQR8XtAp4Guu
3659,aapp_competition_test,0,4924,2334,1032,C:\Users\durgamaniryudh\Desktop\Learn\testing_evals\test\aapp_competition_test\3659\3659_gen_0.sv,tngtech/deepseek-r1t2-chimera:free,stop,,gen-1768545773-DKX6vobBbmqyFoEeWI5Z
160,human_eval_test,0,4388,7154,5501,C:\Users\durgamaniryudh\Desktop\Learn\testing_evals\test\human_eval_test\160\160_gen_0.sv,tngtech/deepseek-r1t2-chimera:free,stop,,gen-1768545669-UNODvKQ7hmo0Od3mCAvT
3604,aapp_competition_test,0,5488,3087,1293,C:\Users\durgamaniryudh\Desktop\Learn\testing_evals\test\aapp_competition_test\3604\3604_gen_0.sv,tngtech/deepseek-r1t2-chimera:free,stop,,gen-1768545768-dMGKeMRPhI7mXetpdXZF
3856,aapp_competition_test,0,4962,2199,731,C:\Users\durgamaniryudh\Desktop\Learn\testing_evals\test\aapp_competition_test\3856\3856_gen_0.sv,tngtech/deepseek-r1t2-chimera:free,stop,,gen-1768545796-lUZxEO9Baef6LoU7GWFW
725,mbpp_train,0,4816,2219,719,C:\Users\durgamaniryudh\Desktop\Learn\testing_evals\test\mbpp_train\725\725_gen_0.sv,tngtech/deepseek-r1t2-chimera:free,stop,,gen-1768545834-wfMxWLWk5GkEm1kznkxQ
3814,aapp_competition_test,0,5234,2779,1355,C:\Users\durgamaniryudh\Desktop\Learn\testing_evals\test\aapp_competition_test\3814\3814_gen_0.sv,tngtech/deepseek-r1t2-chimera:free,stop,,gen-1768545796-jtkCkphevHn3TeHHs2la
3088,aapp_competition_test,0,3834,883,792,C:\Users\durgamaniryudh\Desktop\Learn\testing_evals\test\aapp_competition_test\3088\3088_gen_0.sv,tngtech/deepseek-r1t2-chimera:free,stop,,gen-1768545884-ikrbY2Ck9pciR3hS6bby
602,mbpp_train,0,5071,1977,798,C:\Users\durgamaniryudh\Desktop\Learn\testing_evals\test\mbpp_train\602\602_gen_0.sv,tngtech/deepseek-r1t2-chimera:free,stop,,gen-1768545843-abCVRj5ySI5AVJf8oEXk
3649,aapp_competition_test,0,4390,10540,8072,C:\Users\durgamaniryudh\Desktop\Learn\testing_evals\test\aapp_competition_test\3649\3649_gen_0.sv,tngtech/deepseek-r1t2-chimera:free,stop,,gen-1768545646-vck3JnLwXyKh5vSaOclH
3329,aapp_competition_test,0,4806,1739,789,C:\Users\durgamaniryudh\Desktop\Learn\testing_evals\test\aapp_competition_test\3329\3329_gen_0.sv,tngtech/deepseek-r1t2-chimera:free,stop,,gen-1768545908-oQzOYMh0kuhcWWJ6lH6F
164,mbpp_test,0,4667,2138,1168,C:\Users\durgamaniryudh\Desktop\Learn\testing_evals\test\mbpp_test\164\164_gen_0.sv,tngtech/deepseek-r1t2-chimera:free,stop,,gen-1768545882-fBkiWCicJ6VL4AGpcvN3
3092,aapp_competition_test,0,5897,6840,4514,C:\Users\durgamaniryudh\Desktop\Learn\testing_evals\test\aapp_competition_test\3092\3092_gen_0.sv,tngtech/deepseek-r1t2-chimera:free,stop,,gen-1768545742-nnQX7kFGAjlHVIZryEat
3918,aapp_competition_test,0,5028,4073,2576,C:\Users\durgamaniryudh\Desktop\Learn\testing_evals\test\aapp_competition_test\3918\3918_gen_0.sv,tngtech/deepseek-r1t2-chimera:free,stop,,gen-1768545823-ZsMpLEzkhyFmR7zVN2tQ
3916,aapp_competition_test,0,4388,9095,6453,C:\Users\durgamaniryudh\Desktop\Learn\testing_evals\test\aapp_competition_test\3916\3916_gen_0.sv,tngtech/deepseek-r1t2-chimera:free,stop,,gen-1768545762-0J5TWoihhde82xDU4zdL
3270,aapp_competition_test,0,7028,3813,1076,C:\Users\durgamaniryudh\Desktop\Learn\testing_evals\test\aapp_competition_test\3270\3270_gen_0.sv,tngtech/deepseek-r1t2-chimera:free,stop,,gen-1768545906-qgF7a4cASu1C3IKOecpw
3326,aapp_competition_test,0,4904,9862,6031,C:\Users\durgamaniryudh\Desktop\Learn\testing_evals\test\aapp_competition_test\3326\3326_gen_0.sv,tngtech/deepseek-r1t2-chimera:free,stop,,gen-1768545755-kpeqHkobu2ogskW0Na2B
3921,aapp_competition_test,0,4998,2384,827,C:\Users\durgamaniryudh\Desktop\Learn\testing_evals\test\aapp_competition_test\3921\3921_gen_0.sv,tngtech/deepseek-r1t2-chimera:free,stop,,gen-1768545960-pmOlEnCAVPMGjX4dDB3Q
3654,aapp_competition_test,0,4317,1578,806,C:\Users\durgamaniryudh\Desktop\Learn\testing_evals\test\aapp_competition_test\3654\3654_gen_0.sv,tngtech/deepseek-r1t2-chimera:free,stop,,gen-1768545985-mH6LlQ2OcWxKHWWqEQwo
226,mbpp_test,0,4247,1506,895,C:\Users\durgamaniryudh\Desktop\Learn\testing_evals\test\mbpp_test\226\226_gen_0.sv,tngtech/deepseek-r1t2-chimera:free,stop,,gen-1768546010-Q3hWb8TBOV2qYL7J31xf
5,human_eval_test,0,4128,9998,9627,C:\Users\durgamaniryudh\Desktop\Learn\testing_evals\test\human_eval_test\5\5_gen_0.sv,tngtech/deepseek-r1t2-chimera:free,stop,,gen-1768545823-Rx88BwCAUuvJzsxyrynS
439,mbpp_test,0,4346,9108,8047,C:\Users\durgamaniryudh\Desktop\Learn\testing_evals\test\mbpp_test\439\439_gen_0.sv,tngtech/deepseek-r1t2-chimera:free,stop,,gen-1768545834-eRfduq6akQfdPfYEdFll
96,mbpp_test,0,4116,1147,731,C:\Users\durgamaniryudh\Desktop\Learn\testing_evals\test\mbpp_test\96\96_gen_0.sv,tngtech/deepseek-r1t2-chimera:free,stop,,gen-1768546041-kZhIdna2UOh7iXSkBBWw
306,mbpp_test,0,4217,2015,938,C:\Users\durgamaniryudh\Desktop\Learn\testing_evals\test\mbpp_test\306\306_gen_0.sv,tngtech/deepseek-r1t2-chimera:free,stop,,gen-1768546039-bL0dxKZsHcbT3osGQOIr
3767,aapp_competition_test,0,5390,5071,3121,C:\Users\durgamaniryudh\Desktop\Learn\testing_evals\test\aapp_competition_test\3767\3767_gen_0.sv,tngtech/deepseek-r1t2-chimera:free,stop,,gen-1768545954-YKb6dAlNP7SujellH23t
751,mbpp_train,0,4427,1633,629,C:\Users\durgamaniryudh\Desktop\Learn\testing_evals\test\mbpp_train\751\751_gen_0.sv,tngtech/deepseek-r1t2-chimera:free,stop,,gen-1768546077-9jVFAt7k1FVEj567x8DP
3885,aapp_competition_test,0,3777,539,489,C:\Users\durgamaniryudh\Desktop\Learn\testing_evals\test\aapp_competition_test\3885\3885_gen_0.sv,tngtech/deepseek-r1t2-chimera:free,stop,,gen-1768546107-6y52edZq0kyo3PTlqqSZ
106,mbpp_test,0,4460,1739,781,C:\Users\durgamaniryudh\Desktop\Learn\testing_evals\test\mbpp_test\106\106_gen_0.sv,tngtech/deepseek-r1t2-chimera:free,stop,,gen-1768546078-QU0t5DWVTAFALFZiWOC5
3611,aapp_competition_test,0,4205,8626,6958,C:\Users\durgamaniryudh\Desktop\Learn\testing_evals\test\aapp_competition_test\3611\3611_gen_0.sv,tngtech/deepseek-r1t2-chimera:free,stop,,gen-1768545911-WkypwgJPHNKx5MXCW7dW
3977,aapp_competition_test,0,5338,3657,1326,C:\Users\durgamaniryudh\Desktop\Learn\testing_evals\test\aapp_competition_test\3977\3977_gen_0.sv,tngtech/deepseek-r1t2-chimera:free,stop,,gen-1768546083-KowV2S80sD6C0xf1KLYZ
3087,aapp_competition_test,0,4152,2459,1106,C:\Users\durgamaniryudh\Desktop\Learn\testing_evals\test\aapp_competition_test\3087\3087_gen_0.sv,tngtech/deepseek-r1t2-chimera:free,stop,,gen-1768546118-y8vFz5iEpg44crkzn76K
125,human_eval_test,0,4196,6965,6010,C:\Users\durgamaniryudh\Desktop\Learn\testing_evals\test\human_eval_test\125\125_gen_0.sv,tngtech/deepseek-r1t2-chimera:free,stop,,gen-1768545997-FCtqLoDhX0IO96jcu3oj
3323,aapp_competition_test,0,5092,2769,911,C:\Users\durgamaniryudh\Desktop\Learn\testing_evals\test\aapp_competition_test\3323\3323_gen_0.sv,tngtech/deepseek-r1t2-chimera:free,stop,,gen-1768546126-p8kj4gWPTs4BREkGquAY
3277,aapp_competition_test,0,4489,2918,900,C:\Users\durgamaniryudh\Desktop\Learn\testing_evals\test\aapp_competition_test\3277\3277_gen_0.sv,tngtech/deepseek-r1t2-chimera:free,stop,,gen-1768546122-e3YQ8Ob2nb3rnknfleYl
578,mbpp_validation,0,4520,5904,5140,C:\Users\durgamaniryudh\Desktop\Learn\testing_evals\test\mbpp_validation\578\578_gen_0.sv,tngtech/deepseek-r1t2-chimera:free,stop,,gen-1768546057-DYnmjf4fsjKRsivbxiET
3608,aapp_competition_test,0,4122,2443,1764,C:\Users\durgamaniryudh\Desktop\Learn\testing_evals\test\aapp_competition_test\3608\3608_gen_0.sv,tngtech/deepseek-r1t2-chimera:free,stop,,gen-1768546165-0kpaG4lO8NTu1XFyBIKz
118,human_eval_test,0,4208,8721,7358,C:\Users\durgamaniryudh\Desktop\Learn\testing_evals\test\human_eval_test\118\118_gen_0.sv,tngtech/deepseek-r1t2-chimera:free,stop,,gen-1768545979-7D4fDNsSJznJyVUdxUTl
3924,aapp_competition_test,0,3849,2120,1135,C:\Users\durgamaniryudh\Desktop\Learn\testing_evals\test\aapp_competition_test\3924\3924_gen_0.sv,tngtech/deepseek-r1t2-chimera:free,stop,,gen-1768546194-SSx8JqwHUx2sV5IPK0Dj
3834,aapp_competition_test,0,4767,2557,1077,C:\Users\durgamaniryudh\Desktop\Learn\testing_evals\test\aapp_competition_test\3834\3834_gen_0.sv,tngtech/deepseek-r1t2-chimera:free,stop,,gen-1768546191-4tbfgBMug1Dz4yDQd6hC
47,human_eval_test,0,4117,8985,8069,C:\Users\durgamaniryudh\Desktop\Learn\testing_evals\test\human_eval_test\47\47_gen_0.sv,tngtech/deepseek-r1t2-chimera:free,stop,,gen-1768545963-3ZGSGejE0xt2nXAZDljh
3656,aapp_competition_test,0,5499,3747,1206,C:\Users\durgamaniryudh\Desktop\Learn\testing_evals\test\aapp_competition_test\3656\3656_gen_0.sv,tngtech/deepseek-r1t2-chimera:free,stop,,gen-1768546181-N68GkFbAAoJU5BwVfpp7
3320,aapp_competition_test,0,4799,1746,767,C:\Users\durgamaniryudh\Desktop\Learn\testing_evals\test\aapp_competition_test\3320\3320_gen_0.sv,tngtech/deepseek-r1t2-chimera:free,stop,,gen-1768546252-v5llTcwcFQUcWnKDHK4E
3766,aapp_competition_test,0,4013,4381,3257,C:\Users\durgamaniryudh\Desktop\Learn\testing_evals\test\aapp_competition_test\3766\3766_gen_0.sv,tngtech/deepseek-r1t2-chimera:free,stop,,gen-1768546189-eOqh6UYLgfGHQgfPanwH
3262,aapp_competition_test,0,4862,2280,1184,C:\Users\durgamaniryudh\Desktop\Learn\testing_evals\test\aapp_competition_test\3262\3262_gen_0.sv,tngtech/deepseek-r1t2-chimera:free,stop,,gen-1768546250-uaGvtXl6FuHiiInC0Mgt
3090,aapp_competition_test,0,5590,3020,1014,C:\Users\durgamaniryudh\Desktop\Learn\testing_evals\test\aapp_competition_test\3090\3090_gen_0.sv,tngtech/deepseek-r1t2-chimera:free,stop,,gen-1768546241-IYeYFvYPt9yBzzv9EER0
3922,aapp_competition_test,0,6812,2584,582,C:\Users\durgamaniryudh\Desktop\Learn\testing_evals\test\aapp_competition_test\3922\3922_gen_0.sv,tngtech/deepseek-r1t2-chimera:free,stop,,gen-1768546321-phE0wHJICOpeevtmGhvH
3614,aapp_competition_test,0,5607,3817,905,C:\Users\durgamaniryudh\Desktop\Learn\testing_evals\test\aapp_competition_test\3614\3614_gen_0.sv,tngtech/deepseek-r1t2-chimera:free,stop,,gen-1768546257-rMComxLpfAdwSy1iMgxx
131,human_eval_test,0,4234,7334,6893,C:\Users\durgamaniryudh\Desktop\Learn\testing_evals\test\human_eval_test\131\131_gen_0.sv,tngtech/deepseek-r1t2-chimera:free,stop,,gen-1768546195-j3UFkd0w0F9xLj9j0lx4
3658,aapp_competition_test,0,7270,3808,740,C:\Users\durgamaniryudh\Desktop\Learn\testing_evals\test\aapp_competition_test\3658\3658_gen_0.sv,tngtech/deepseek-r1t2-chimera:free,stop,,gen-1768546272-9kOgoR4RYIGN2XZPirL2
245,mbpp_test,0,4942,2221,649,C:\Users\durgamaniryudh\Desktop\Learn\testing_evals\test\mbpp_test\245\245_gen_0.sv,tngtech/deepseek-r1t2-chimera:free,stop,,gen-1768546405-5hvT6hmALBY73imhi1F7
61,mbpp_test,0,4088,12749,11472,C:\Users\durgamaniryudh\Desktop\Learn\testing_evals\test\mbpp_test\61\61_gen_0.sv,tngtech/deepseek-r1t2-chimera:free,stop,,gen-1768546104-pSeyUziA0YSWn4r3rrPh
90,mbpp_test,0,4215,1617,1009,C:\Users\durgamaniryudh\Desktop\Learn\testing_evals\test\mbpp_test\90\90_gen_0.sv,tngtech/deepseek-r1t2-chimera:free,stop,,gen-1768546389-iD81PVXB71gLGKXYjorJ
3761,aapp_competition_test,0,5160,6224,4460,C:\Users\durgamaniryudh\Desktop\Learn\testing_evals\test\aapp_competition_test\3761\3761_gen_0.sv,tngtech/deepseek-r1t2-chimera:free,stop,,gen-1768546301-kDqZnLJwUtctMqXru7Zj
259,mbpp_test,0,4866,7718,6221,C:\Users\durgamaniryudh\Desktop\Learn\testing_evals\test\mbpp_test\259\259_gen_0.sv,tngtech/deepseek-r1t2-chimera:free,stop,,gen-1768546238-5rSdCyzgWBMdGPQdLXB8
755,mbpp_train,0,4477,1956,825,C:\Users\durgamaniryudh\Desktop\Learn\testing_evals\test\mbpp_train\755\755_gen_0.sv,tngtech/deepseek-r1t2-chimera:free,stop,,gen-1768546401-lwWafhEb2I0hqBOtAYMh
639,mbpp_train,0,5918,3359,862,C:\Users\durgamaniryudh\Desktop\Learn\testing_evals\test\mbpp_train\639\639_gen_0.sv,tngtech/deepseek-r1t2-chimera:free,stop,,gen-1768546400-nz0PHfOb6cbWgLqrmy3s
134,human_eval_test,0,4102,9792,9371,C:\Users\durgamaniryudh\Desktop\Learn\testing_evals\test\human_eval_test\134\134_gen_0.sv,tngtech/deepseek-r1t2-chimera:free,stop,,gen-1768546220-Xsvci29J2YlHlNe69b44
576,mbpp_validation,0,4547,2019,813,C:\Users\durgamaniryudh\Desktop\Learn\testing_evals\test\mbpp_validation\576\576_gen_0.sv,tngtech/deepseek-r1t2-chimera:free,stop,,gen-1768546453-YTJygbK6yBRV8w92wWDz
3331,aapp_competition_test,0,4251,1523,1223,C:\Users\durgamaniryudh\Desktop\Learn\testing_evals\test\aapp_competition_test\3331\3331_gen_0.sv,tngtech/deepseek-r1t2-chimera:free,stop,,gen-1768546467-6S6llu2J7UJRd3Pz5oA7
3086,aapp_competition_test,0,4350,2811,2008,C:\Users\durgamaniryudh\Desktop\Learn\testing_evals\test\aapp_competition_test\3086\3086_gen_0.sv,tngtech/deepseek-r1t2-chimera:free,stop,,gen-1768546455-BFE6VtsitUNQtHWuthSU
3925,aapp_competition_test,0,4328,1402,511,C:\Users\durgamaniryudh\Desktop\Learn\testing_evals\test\aapp_competition_test\3925\3925_gen_0.sv,tngtech/deepseek-r1t2-chimera:free,stop,,gen-1768546488-ejRXEEPq6C7HYhUZjAwR
3281,aapp_competition_test,0,4650,2940,1810,C:\Users\durgamaniryudh\Desktop\Learn\testing_evals\test\aapp_competition_test\3281\3281_gen_0.sv,tngtech/deepseek-r1t2-chimera:free,stop,,gen-1768546463-0iXv67nwNJhgykcwGndc
151,human_eval_test,0,4059,8162,7911,C:\Users\durgamaniryudh\Desktop\Learn\testing_evals\test\human_eval_test\151\151_gen_0.sv,tngtech/deepseek-r1t2-chimera:free,stop,,gen-1768546329-gUznmCNCeryhYMd1YSu9
3660,aapp_competition_test,0,6116,2678,722,C:\Users\durgamaniryudh\Desktop\Learn\testing_evals\test\aapp_competition_test\3660\3660_gen_0.sv,tngtech/deepseek-r1t2-chimera:free,stop,,gen-1768546473-SrEEGZtOgY5iTVUduTnC
3765,aapp_competition_test,0,5879,2519,1067,C:\Users\durgamaniryudh\Desktop\Learn\testing_evals\test\aapp_competition_test\3765\3765_gen_0.sv,tngtech/deepseek-r1t2-chimera:free,stop,,gen-1768546476-vdBYRgpXC8gAoO5MdVAN
248,mbpp_test,0,4841,1717,812,C:\Users\durgamaniryudh\Desktop\Learn\testing_evals\test\mbpp_test\248\248_gen_0.sv,tngtech/deepseek-r1t2-chimera:free,stop,,gen-1768546531-aFsOFB8bJUx71Op4JWzg
425,mbpp_test,0,4100,2086,1712,C:\Users\durgamaniryudh\Desktop\Learn\testing_evals\test\mbpp_test\425\425_gen_0.sv,tngtech/deepseek-r1t2-chimera:free,stop,,gen-1768546521-OdHHINNL0YHOXk8MRWri
57,human_eval_test,0,3857,2856,2742,C:\Users\durgamaniryudh\Desktop\Learn\testing_evals\test\human_eval_test\57\57_gen_0.sv,tngtech/deepseek-r1t2-chimera:free,stop,,gen-1768546521-lEQfko2SWNUkVCv4rZA7
140,human_eval_test,0,4257,10823,10553,C:\Users\durgamaniryudh\Desktop\Learn\testing_evals\test\human_eval_test\140\140_gen_0.sv,tngtech/deepseek-r1t2-chimera:free,stop,,gen-1768546343-sx0hlhJ8kh3uj4qbxSmT
3720,aapp_competition_test,0,5266,3345,1572,C:\Users\durgamaniryudh\Desktop\Learn\testing_evals\test\aapp_competition_test\3720\3720_gen_0.sv,tngtech/deepseek-r1t2-chimera:free,stop,,gen-1768546537-KniqlttD1QtB7MzpiDDO
3279,aapp_competition_test,0,5190,1890,691,C:\Users\durgamaniryudh\Desktop\Learn\testing_evals\test\aapp_competition_test\3279\3279_gen_0.sv,tngtech/deepseek-r1t2-chimera:free,stop,,gen-1768546567-KtUlaYt523z0KA3CxGwI
3772,aapp_competition_test,0,4010,982,606,C:\Users\durgamaniryudh\Desktop\Learn\testing_evals\test\aapp_competition_test\3772\3772_gen_0.sv,tngtech/deepseek-r1t2-chimera:free,stop,,gen-1768546611-eBlpqYiVjOQwFkfFZP84
3321,aapp_competition_test,0,5303,2699,1026,C:\Users\durgamaniryudh\Desktop\Learn\testing_evals\test\aapp_competition_test\3321\3321_gen_0.sv,tngtech/deepseek-r1t2-chimera:free,stop,,gen-1768546575-5j6hfxZEqOcX24m61HQT
3665,aapp_competition_test,0,5098,1831,1019,C:\Users\durgamaniryudh\Desktop\Learn\testing_evals\test\aapp_competition_test\3665\3665_gen_0.sv,tngtech/deepseek-r1t2-chimera:free,stop,,gen-1768546610-gw1ehrndpKWOBiAHnYA2
3615,aapp_competition_test,0,6456,3382,979,C:\Users\durgamaniryudh\Desktop\Learn\testing_evals\test\aapp_competition_test\3615\3615_gen_0.sv,tngtech/deepseek-r1t2-chimera:free,stop,,gen-1768546589-KRi4Hn0s3sTe019stRJh
89,human_eval_test,0,4105,6252,5963,C:\Users\durgamaniryudh\Desktop\Learn\testing_evals\test\human_eval_test\89\89_gen_0.sv,tngtech/deepseek-r1t2-chimera:free,stop,,gen-1768546499-uXrjkPSeLQ7p2hfwnLfS
118,mbpp_test,0,5110,1682,497,C:\Users\durgamaniryudh\Desktop\Learn\testing_evals\test\mbpp_test\118\118_gen_0.sv,tngtech/deepseek-r1t2-chimera:free,stop,,gen-1768546663-DRAgSYRl0R8aDpg70xA1
3095,aapp_competition_test,0,3800,6792,6303,C:\Users\durgamaniryudh\Desktop\Learn\testing_evals\test\aapp_competition_test\3095\3095_gen_0.sv,tngtech/deepseek-r1t2-chimera:free,stop,,gen-1768546550-1vvlrtzHqyPnNLHRU7z1
3815,aapp_competition_test,0,4888,2204,1061,C:\Users\durgamaniryudh\Desktop\Learn\testing_evals\test\aapp_competition_test\3815\3815_gen_0.sv,tngtech/deepseek-r1t2-chimera:free,stop,,gen-1768546656-pc0vCAN4EJjhLRzACLd8
312,mbpp_test,0,4330,1140,522,C:\Users\durgamaniryudh\Desktop\Learn\testing_evals\test\mbpp_test\312\312_gen_0.sv,tngtech/deepseek-r1t2-chimera:free,stop,,gen-1768546717-LMmrojEeQsRJdudPxZFq
393,mbpp_test,0,5162,2460,546,C:\Users\durgamaniryudh\Desktop\Learn\testing_evals\test\mbpp_test\393\393_gen_0.sv,tngtech/deepseek-r1t2-chimera:free,stop,,gen-1768546683-2VcuDQTLMgm3jvFMKzPC
772,mbpp_train,0,5418,1974,864,C:\Users\durgamaniryudh\Desktop\Learn\testing_evals\test\mbpp_train\772\772_gen_0.sv,tngtech/deepseek-r1t2-chimera:free,stop,,gen-1768546706-3nCzo6CrHyXfDoU9SxvG
3085,aapp_competition_test,0,4157,1368,1033,C:\Users\durgamaniryudh\Desktop\Learn\testing_evals\test\aapp_competition_test\3085\3085_gen_0.sv,tngtech/deepseek-r1t2-chimera:free,stop,,gen-1768546727-BoafaeHJlOVtJD2iBGov
17,human_eval_test,0,4229,7776,6936,C:\Users\durgamaniryudh\Desktop\Learn\testing_evals\test\human_eval_test\17\17_gen_0.sv,tngtech/deepseek-r1t2-chimera:free,stop,,gen-1768546535-gFOvcatmADaR5HSEJ5fA
3866,aapp_competition_test,0,4699,5885,5066,C:\Users\durgamaniryudh\Desktop\Learn\testing_evals\test\aapp_competition_test\3866\3866_gen_0.sv,tngtech/deepseek-r1t2-chimera:free,stop,,gen-1768546619-XljqmZf55uBaVwd5DhfX
3282,aapp_competition_test,0,4705,2009,702,C:\Users\durgamaniryudh\Desktop\Learn\testing_evals\test\aapp_competition_test\3282\3282_gen_0.sv,tngtech/deepseek-r1t2-chimera:free,stop,,gen-1768546746-cXTgr4aMTehoRZUaKjyP
3613,aapp_competition_test,0,4466,14467,11636,C:\Users\durgamaniryudh\Desktop\Learn\testing_evals\test\aapp_competition_test\3613\3613_gen_0.sv,tngtech/deepseek-r1t2-chimera:free,stop,,gen-1768546470-LYqcd4Vj1FNPQX8zp7pO
3328,aapp_competition_test,0,5207,2310,853,C:\Users\durgamaniryudh\Desktop\Learn\testing_evals\test\aapp_competition_test\3328\3328_gen_0.sv,tngtech/deepseek-r1t2-chimera:free,stop,,gen-1768546760-mxNnpGw1QADA75pQ7z9P
3920,aapp_competition_test,0,3868,1690,1362,C:\Users\durgamaniryudh\Desktop\Learn\testing_evals\test\aapp_competition_test\3920\3920_gen_0.sv,tngtech/deepseek-r1t2-chimera:free,stop,,gen-1768546797-WzkJon4CVR82vcUnKbjH
156,human_eval_test,0,4132,13118,9335,C:\Users\durgamaniryudh\Desktop\Learn\testing_evals\test\human_eval_test\156\156_gen_0.sv,tngtech/deepseek-r1t2-chimera:free,stop,,gen-1768546502-GDYIE4Im4OFSzpAOR9rV
3663,aapp_competition_test,0,5475,3476,1386,C:\Users\durgamaniryudh\Desktop\Learn\testing_evals\test\aapp_competition_test\3663\3663_gen_0.sv,tngtech/deepseek-r1t2-chimera:free,stop,,gen-1768546768-EN5i9Me1PAeDfOdzuQ3Y
276,mbpp_test,0,4475,1759,1046,C:\Users\durgamaniryudh\Desktop\Learn\testing_evals\test\mbpp_test\276\276_gen_0.sv,tngtech/deepseek-r1t2-chimera:free,stop,,gen-1768546821-19hNY3KjJa5AviWvFm8V
559,mbpp_validation,0,4460,1359,485,C:\Users\durgamaniryudh\Desktop\Learn\testing_evals\test\mbpp_validation\559\559_gen_0.sv,tngtech/deepseek-r1t2-chimera:free,stop,,gen-1768546862-7eD8oUlyErak54ESScri
152,human_eval_test,0,4011,1967,1822,C:\Users\durgamaniryudh\Desktop\Learn\testing_evals\test\human_eval_test\152\152_gen_0.sv,tngtech/deepseek-r1t2-chimera:free,stop,,gen-1768546859-TCIFGC1L25VQIrrcBbk5
630,mbpp_train,0,4049,3769,3342,C:\Users\durgamaniryudh\Desktop\Learn\testing_evals\test\mbpp_train\630\630_gen_0.sv,tngtech/deepseek-r1t2-chimera:free,stop,,gen-1768546864-Jj1K4QQDq4xyjYSKZ6mp
3943,aapp_competition_test,0,4280,10396,8050,C:\Users\durgamaniryudh\Desktop\Learn\testing_evals\test\aapp_competition_test\3943\3943_gen_0.sv,tngtech/deepseek-r1t2-chimera:free,stop,,gen-1768546658-ukxdlSe4ZXxZHvTwv224
3979,aapp_competition_test,0,5123,2331,846,C:\Users\durgamaniryudh\Desktop\Learn\testing_evals\test\aapp_competition_test\3979\3979_gen_0.sv,tngtech/deepseek-r1t2-chimera:free,stop,,gen-1768546922-eJM5tpZvgnPcPeRRWQPx
440,mbpp_test,0,4216,3132,1610,C:\Users\durgamaniryudh\Desktop\Learn\testing_evals\test\mbpp_test\440\440_gen_0.sv,tngtech/deepseek-r1t2-chimera:free,stop,,gen-1768546900-VrCoRvsbBLrjR8PRzb0S
389,mbpp_test,0,4475,1269,698,C:\Users\durgamaniryudh\Desktop\Learn\testing_evals\test\mbpp_test\389\389_gen_0.sv,tngtech/deepseek-r1t2-chimera:free,stop,,gen-1768546976-9LdN2xQ6dwWQtVtODPp4
3927,aapp_competition_test,0,4279,13135,10653,C:\Users\durgamaniryudh\Desktop\Learn\testing_evals\test\aapp_competition_test\3927\3927_gen_0.sv,tngtech/deepseek-r1t2-chimera:free,stop,,gen-1768546635-oXfXrbM8pjKgJzT5ye82
3100,aapp_competition_test,0,4052,865,490,C:\Users\durgamaniryudh\Desktop\Learn\testing_evals\test\aapp_competition_test\3100\3100_gen_0.sv,tngtech/deepseek-r1t2-chimera:free,stop,,gen-1768546994-qIOhQLY6pLVH1EaUKhKo
3875,aapp_competition_test,0,5462,2261,1139,C:\Users\durgamaniryudh\Desktop\Learn\testing_evals\test\aapp_competition_test\3875\3875_gen_0.sv,tngtech/deepseek-r1t2-chimera:free,stop,,gen-1768546983-8IRNo6p2v73IIzjNStLs
757,mbpp_train,0,9584,3364,528,C:\Users\durgamaniryudh\Desktop\Learn\testing_evals\test\mbpp_train\757\757_gen_0.sv,tngtech/deepseek-r1t2-chimera:free,stop,,gen-1768546967-uLV2aqiuTISlSh7ZCzvG
3618,aapp_competition_test,0,3830,1379,1348,C:\Users\durgamaniryudh\Desktop\Learn\testing_evals\test\aapp_competition_test\3618\3618_gen_0.sv,tngtech/deepseek-r1t2-chimera:free,stop,,gen-1768547017-lcrMsuGjb37NQBlQh4Yz
3283,aapp_competition_test,0,4309,2349,683,C:\Users\durgamaniryudh\Desktop\Learn\testing_evals\test\aapp_competition_test\3283\3283_gen_0.sv,tngtech/deepseek-r1t2-chimera:free,stop,,gen-1768547007-YqcXHUBcTAr4RwmzkEXD
3774,aapp_competition_test,0,4188,1055,661,C:\Users\durgamaniryudh\Desktop\Learn\testing_evals\test\aapp_competition_test\3774\3774_gen_0.sv,tngtech/deepseek-r1t2-chimera:free,stop,,gen-1768547048-FfrrGE9KeRQJBHGpSQja
3620,aapp_competition_test,0,4219,11268,10699,C:\Users\durgamaniryudh\Desktop\Learn\testing_evals\test\aapp_competition_test\3620\3620_gen_0.sv,tngtech/deepseek-r1t2-chimera:free,stop,,gen-1768546761-ckiVKVCpCTJXCDOr590F
3325,aapp_competition_test,0,4993,2879,783,C:\Users\durgamaniryudh\Desktop\Learn\testing_evals\test\aapp_competition_test\3325\3325_gen_0.sv,tngtech/deepseek-r1t2-chimera:free,stop,,gen-1768547011-pjreLHSBn0vElpQxezoA
124,human_eval_test,0,4242,8489,7085,C:\Users\durgamaniryudh\Desktop\Learn\testing_evals\test\human_eval_test\124\124_gen_0.sv,tngtech/deepseek-r1t2-chimera:free,stop,,gen-1768546843-0PXtZLEG0TbhYs84XYf7
234,mbpp_test,0,3841,530,503,C:\Users\durgamaniryudh\Desktop\Learn\testing_evals\test\mbpp_test\234\234_gen_0.sv,tngtech/deepseek-r1t2-chimera:free,stop,,gen-1768547089-OAoZUKQYHAABv8tRWHyN
3776,aapp_competition_test,0,4034,11294,9636,C:\Users\durgamaniryudh\Desktop\Learn\testing_evals\test\aapp_competition_test\3776\3776_gen_0.sv,tngtech/deepseek-r1t2-chimera:free,stop,,gen-1768546781-vdkMd0SSOMwBXROoeYJZ
3661,aapp_competition_test,0,4989,2285,735,C:\Users\durgamaniryudh\Desktop\Learn\testing_evals\test\aapp_competition_test\3661\3661_gen_0.sv,tngtech/deepseek-r1t2-chimera:free,stop,,gen-1768547044-9DRiMizjZ0XiEcAdjTOb
161,human_eval_test,0,4181,9248,8772,C:\Users\durgamaniryudh\Desktop\Learn\testing_evals\test\human_eval_test\161\161_gen_0.sv,tngtech/deepseek-r1t2-chimera:free,stop,,gen-1768546815-sbk9jLmlRSPtLdjqRQuu
110,human_eval_test,0,4059,1625,1273,C:\Users\durgamaniryudh\Desktop\Learn\testing_evals\test\human_eval_test\110\110_gen_0.sv,tngtech/deepseek-r1t2-chimera:free,stop,,gen-1768547078-eldWgHEuxkoBflwZLVyJ
3835,aapp_competition_test,0,4628,2453,1030,C:\Users\durgamaniryudh\Desktop\Learn\testing_evals\test\aapp_competition_test\3835\3835_gen_0.sv,tngtech/deepseek-r1t2-chimera:free,stop,,gen-1768547061-Ov7o0FtdfO87og3pEhrz
256,mbpp_test,0,4258,9841,6902,C:\Users\durgamaniryudh\Desktop\Learn\testing_evals\test\mbpp_test\256\256_gen_0.sv,tngtech/deepseek-r1t2-chimera:free,stop,,gen-1768546848-FFpucMz2JY7aO7C3bYkp
3284,aapp_competition_test,0,4575,1834,802,C:\Users\durgamaniryudh\Desktop\Learn\testing_evals\test\aapp_competition_test\3284\3284_gen_0.sv,tngtech/deepseek-r1t2-chimera:free,stop,,gen-1768547104-BUKkQgu2EI8FsaZbOSbr
3097,aapp_competition_test,0,4441,2670,1613,C:\Users\durgamaniryudh\Desktop\Learn\testing_evals\test\aapp_competition_test\3097\3097_gen_0.sv,tngtech/deepseek-r1t2-chimera:free,stop,,gen-1768547093-gVIFD0tZXNIqZv3sGOif
3624,aapp_competition_test,0,7525,3097,699,C:\Users\durgamaniryudh\Desktop\Learn\testing_evals\test\aapp_competition_test\3624\3624_gen_0.sv,tngtech/deepseek-r1t2-chimera:free,stop,,gen-1768547111-D87TbqwUQlsuUaMCd2FZ
238,mbpp_test,0,4039,1034,1036,C:\Users\durgamaniryudh\Desktop\Learn\testing_evals\test\mbpp_test\238\238_gen_0.sv,tngtech/deepseek-r1t2-chimera:free,stop,,gen-1768547156-CioJFSYaZX3WXc6krhZ4
788,mbpp_train,0,4146,1290,773,C:\Users\durgamaniryudh\Desktop\Learn\testing_evals\test\mbpp_train\788\788_gen_0.sv,tngtech/deepseek-r1t2-chimera:free,stop,,gen-1768547184-K0Tqzrp2ThLf5wSNCUFR
437,mbpp_test,0,4272,1322,871,C:\Users\durgamaniryudh\Desktop\Learn\testing_evals\test\mbpp_test\437\437_gen_0.sv,tngtech/deepseek-r1t2-chimera:free,stop,,gen-1768547216-Rx8dkZ6c66SVYwBY266u
3923,aapp_competition_test,0,4130,6641,5478,C:\Users\durgamaniryudh\Desktop\Learn\testing_evals\test\aapp_competition_test\3923\3923_gen_0.sv,tngtech/deepseek-r1t2-chimera:free,stop,,gen-1768547072-HUF8vvnrBbS8FJFgrUDS
3928,aapp_competition_test,0,4470,5112,3981,C:\Users\durgamaniryudh\Desktop\Learn\testing_evals\test\aapp_competition_test\3928\3928_gen_0.sv,tngtech/deepseek-r1t2-chimera:free,stop,,gen-1768547123-lW1B5VeVtmqNTYUNTepf
3334,aapp_competition_test,0,4429,6280,5095,C:\Users\durgamaniryudh\Desktop\Learn\testing_evals\test\aapp_competition_test\3334\3334_gen_0.sv,tngtech/deepseek-r1t2-chimera:free,stop,,gen-1768547104-yS36NFfzToUFBWt4fpKr
46,human_eval_test,0,4232,5393,4436,C:\Users\durgamaniryudh\Desktop\Learn\testing_evals\test\human_eval_test\46\46_gen_0.sv,tngtech/deepseek-r1t2-chimera:free,stop,,gen-1768547133-SDoDYAyEZVAnn0nez4ny
3330,aapp_competition_test,0,5578,2732,899,C:\Users\durgamaniryudh\Desktop\Learn\testing_evals\test\aapp_competition_test\3330\3330_gen_0.sv,tngtech/deepseek-r1t2-chimera:free,stop,,gen-1768547253-3O7P5Z1fswZmHJCcqZOj
50,human_eval_test,0,4200,7574,5653,C:\Users\durgamaniryudh\Desktop\Learn\testing_evals\test\human_eval_test\50\50_gen_0.sv,tngtech/deepseek-r1t2-chimera:free,stop,,gen-1768547086-dPaGeVxObgLP04iFlroj
3625,aapp_competition_test,0,5011,2342,795,C:\Users\durgamaniryudh\Desktop\Learn\testing_evals\test\aapp_competition_test\3625\3625_gen_0.sv,tngtech/deepseek-r1t2-chimera:free,stop,,gen-1768547268-tSM8kRnypHToOeMD2nwK
3289,aapp_competition_test,0,5051,3123,1009,C:\Users\durgamaniryudh\Desktop\Learn\testing_evals\test\aapp_competition_test\3289\3289_gen_0.sv,tngtech/deepseek-r1t2-chimera:free,stop,,gen-1768547252-JldhPOwWIx3UcV66P5ng
3672,aapp_competition_test,0,5156,2431,572,C:\Users\durgamaniryudh\Desktop\Learn\testing_evals\test\aapp_competition_test\3672\3672_gen_0.sv,tngtech/deepseek-r1t2-chimera:free,stop,,gen-1768547268-XFoNdXkeYFOO5rqxUGpt
3779,aapp_competition_test,0,3937,8987,7766,C:\Users\durgamaniryudh\Desktop\Learn\testing_evals\test\aapp_competition_test\3779\3779_gen_0.sv,tngtech/deepseek-r1t2-chimera:free,stop,,gen-1768547121-6wQ4t3kZD5hGzg6Pv12y
3780,aapp_competition_test,0,4798,1749,702,C:\Users\durgamaniryudh\Desktop\Learn\testing_evals\test\aapp_competition_test\3780\3780_gen_0.sv,tngtech/deepseek-r1t2-chimera:free,stop,,gen-1768547313-DL72IO8vVW704aliWkT1
253,mbpp_test,0,4522,1194,603,C:\Users\durgamaniryudh\Desktop\Learn\testing_evals\test\mbpp_test\253\253_gen_0.sv,tngtech/deepseek-r1t2-chimera:free,stop,,gen-1768547349-mbNSCjMdeeporH5CD9MP
803,mbpp_train,0,4074,8477,7509,C:\Users\durgamaniryudh\Desktop\Learn\testing_evals\test\mbpp_train\803\803_gen_0.sv,tngtech/deepseek-r1t2-chimera:free,stop,,gen-1768547181-y8wZFYTttaQf9Z8CnoeU
3667,aapp_competition_test,0,4951,11211,7969,C:\Users\durgamaniryudh\Desktop\Learn\testing_evals\test\aapp_competition_test\3667\3667_gen_0.sv,tngtech/deepseek-r1t2-chimera:free,stop,,gen-1768547116-yjUUJqWH9wJCV9eRY0vL
223,mbpp_test,0,4621,1733,763,C:\Users\durgamaniryudh\Desktop\Learn\testing_evals\test\mbpp_test\223\223_gen_0.sv,tngtech/deepseek-r1t2-chimera:free,stop,,gen-1768547356-YSbgmAoenWuu3Y9b5av4
3722,aapp_competition_test,0,4701,1580,380,C:\Users\durgamaniryudh\Desktop\Learn\testing_evals\test\aapp_competition_test\3722\3722_gen_0.sv,tngtech/deepseek-r1t2-chimera:free,stop,,gen-1768547374-aWoesvgfKp2pmLIQ1Ddq
26,human_eval_test,0,4032,4082,3785,C:\Users\durgamaniryudh\Desktop\Learn\testing_evals\test\human_eval_test\26\26_gen_0.sv,tngtech/deepseek-r1t2-chimera:free,stop,,gen-1768547327-ok8vEsyuyYB85e71gPRR
99,human_eval_test,0,4140,12977,12189,C:\Users\durgamaniryudh\Desktop\Learn\testing_evals\test\human_eval_test\99\99_gen_0.sv,tngtech/deepseek-r1t2-chimera:free,stop,,gen-1768547147-ksgQCNV32xK9XNShugxN
3933,aapp_competition_test,0,4095,7050,6673,C:\Users\durgamaniryudh\Desktop\Learn\testing_evals\test\aapp_competition_test\3933\3933_gen_0.sv,tngtech/deepseek-r1t2-chimera:free,stop,,gen-1768547314-EZ1tRzSeaZwVoiSqKDZW
3662,aapp_competition_test,0,4775,1504,496,C:\Users\durgamaniryudh\Desktop\Learn\testing_evals\test\aapp_competition_test\3662\3662_gen_0.sv,tngtech/deepseek-r1t2-chimera:free,stop,,gen-1768547472-ve9MFQk1XVvPJYVzqDxv
3333,aapp_competition_test,0,5655,3640,1603,C:\Users\durgamaniryudh\Desktop\Learn\testing_evals\test\aapp_competition_test\3333\3333_gen_0.sv,tngtech/deepseek-r1t2-chimera:free,stop,,gen-1768547418-ieqmqIrxvZWZjV33jmK2
141,human_eval_test,0,4392,8346,7799,C:\Users\durgamaniryudh\Desktop\Learn\testing_evals\test\human_eval_test\141\141_gen_0.sv,tngtech/deepseek-r1t2-chimera:free,stop,,gen-1768547331-WQLN6fK9sTIzrOrEY5gv
3102,aapp_competition_test,0,3756,9897,6357,C:\Users\durgamaniryudh\Desktop\Learn\testing_evals\test\aapp_competition_test\3102\3102_gen_0.sv,tngtech/deepseek-r1t2-chimera:free,stop,,gen-1768547250-inWTre2x5UJ2b8b867c9
81,human_eval_test,0,4643,7290,5542,C:\Users\durgamaniryudh\Desktop\Learn\testing_evals\test\human_eval_test\81\81_gen_0.sv,tngtech/deepseek-r1t2-chimera:free,stop,,gen-1768547373-vLHXcHj010CPx7bLGpIx
136,human_eval_test,0,4064,7832,7227,C:\Users\durgamaniryudh\Desktop\Learn\testing_evals\test\human_eval_test\136\136_gen_0.sv,tngtech/deepseek-r1t2-chimera:free,stop,,gen-1768547329-7fwInxNgiTX2n5kDYAHe
3934,aapp_competition_test,0,4397,1604,801,C:\Users\durgamaniryudh\Desktop\Learn\testing_evals\test\aapp_competition_test\3934\3934_gen_0.sv,tngtech/deepseek-r1t2-chimera:free,stop,,gen-1768547514-p5uLtscA6ZQCQfq0Uj7T
133,mbpp_test,0,4092,1583,1089,C:\Users\durgamaniryudh\Desktop\Learn\testing_evals\test\mbpp_test\133\133_gen_0.sv,tngtech/deepseek-r1t2-chimera:free,stop,,gen-1768547537-XA3UEmKKMMMgH9Dxtje9
3285,aapp_competition_test,0,4002,7447,5938,C:\Users\durgamaniryudh\Desktop\Learn\testing_evals\test\aapp_competition_test\3285\3285_gen_0.sv,tngtech/deepseek-r1t2-chimera:free,stop,,gen-1768547396-CNYXR6nDzRuRphiZbZzo
3959,aapp_competition_test,0,4946,2203,1080,C:\Users\durgamaniryudh\Desktop\Learn\testing_evals\test\aapp_competition_test\3959\3959_gen_0.sv,tngtech/deepseek-r1t2-chimera:free,stop,,gen-1768547520-lMIBNUNMYsCtC5KJh7DC
721,mbpp_train,0,5045,1933,765,C:\Users\durgamaniryudh\Desktop\Learn\testing_evals\test\mbpp_train\721\721_gen_0.sv,tngtech/deepseek-r1t2-chimera:free,stop,,gen-1768547541-483uQBBCzl6j7VZSrEHe
3783,aapp_competition_test,0,4502,4000,1724,C:\Users\durgamaniryudh\Desktop\Learn\testing_evals\test\aapp_competition_test\3783\3783_gen_0.sv,tngtech/deepseek-r1t2-chimera:free,stop,,gen-1768547499-CM6tP5HKU1mdDik7NXHZ
3671,aapp_competition_test,0,4319,1351,505,C:\Users\durgamaniryudh\Desktop\Learn\testing_evals\test\aapp_competition_test\3671\3671_gen_0.sv,tngtech/deepseek-r1t2-chimera:free,stop,,gen-1768547601-iZOnNYaCYGkIQseKpHs7
3337,aapp_competition_test,0,5130,2453,1055,C:\Users\durgamaniryudh\Desktop\Learn\testing_evals\test\aapp_competition_test\3337\3337_gen_0.sv,tngtech/deepseek-r1t2-chimera:free,stop,,gen-1768547588-oAOFxygnZPwRCJN33Fye
3101,aapp_competition_test,0,4848,2495,1017,C:\Users\durgamaniryudh\Desktop\Learn\testing_evals\test\aapp_competition_test\3101\3101_gen_0.sv,tngtech/deepseek-r1t2-chimera:free,stop,,gen-1768547576-68uoweUmYHFrJE8NprNL
3288,aapp_competition_test,0,4867,2440,962,C:\Users\durgamaniryudh\Desktop\Learn\testing_evals\test\aapp_competition_test\3288\3288_gen_0.sv,tngtech/deepseek-r1t2-chimera:free,stop,,gen-1768547585-dv6XfHZRLnu8GaWccz8r
3104,aapp_competition_test,0,4083,10425,10311,C:\Users\durgamaniryudh\Desktop\Learn\testing_evals\test\aapp_competition_test\3104\3104_gen_0.sv,tngtech/deepseek-r1t2-chimera:free,stop,,gen-1768547381-ngxHGgNUXNejRSSNqItS
3627,aapp_competition_test,0,5458,3361,1520,C:\Users\durgamaniryudh\Desktop\Learn\testing_evals\test\aapp_competition_test\3627\3627_gen_0.sv,tngtech/deepseek-r1t2-chimera:free,stop,,gen-1768547589-D7MapqMSc6TFcGaLfaP8
3931,aapp_competition_test,0,5261,2529,665,C:\Users\durgamaniryudh\Desktop\Learn\testing_evals\test\aapp_competition_test\3931\3931_gen_0.sv,tngtech/deepseek-r1t2-chimera:free,stop,,gen-1768547647-8l5MXy0X4G8rHuWUfFco
287,mbpp_test,0,4019,5710,5652,C:\Users\durgamaniryudh\Desktop\Learn\testing_evals\test\mbpp_test\287\287_gen_0.sv,tngtech/deepseek-r1t2-chimera:free,stop,,gen-1768547552-pdzvX3pytadauWvE4gwn
3785,aapp_competition_test,0,5292,3517,957,C:\Users\durgamaniryudh\Desktop\Learn\testing_evals\test\aapp_competition_test\3785\3785_gen_0.sv,tngtech/deepseek-r1t2-chimera:free,stop,,gen-1768547635-H8Kz57ote9vUHsONyIvF
143,mbpp_test,0,4090,1160,733,C:\Users\durgamaniryudh\Desktop\Learn\testing_evals\test\mbpp_test\143\143_gen_0.sv,tngtech/deepseek-r1t2-chimera:free,stop,,gen-1768547689-igaHodpZzgOylOKwj3EB
64,mbpp_test,0,5388,2446,824,C:\Users\durgamaniryudh\Desktop\Learn\testing_evals\test\mbpp_test\64\64_gen_0.sv,tngtech/deepseek-r1t2-chimera:free,stop,,gen-1768547669-PX1FzFNpWbarxR0wmZek
3984,aapp_competition_test,0,4158,1184,683,C:\Users\durgamaniryudh\Desktop\Learn\testing_evals\test\aapp_competition_test\3984\3984_gen_0.sv,tngtech/deepseek-r1t2-chimera:free,stop,,gen-1768547720-nk3ZGDijZlOMZC1JIYmU
172,mbpp_test,0,4348,1767,1193,C:\Users\durgamaniryudh\Desktop\Learn\testing_evals\test\mbpp_test\172\172_gen_0.sv,tngtech/deepseek-r1t2-chimera:free,stop,,gen-1768547727-jlxzFYw4dUv085gC0F1m
166,mbpp_test,0,4421,1452,500,C:\Users\durgamaniryudh\Desktop\Learn\testing_evals\test\mbpp_test\166\166_gen_0.sv,tngtech/deepseek-r1t2-chimera:free,stop,,gen-1768547746-YGvmdqxYw5N7updkluKg
6,human_eval_test,0,4380,5487,4996,C:\Users\durgamaniryudh\Desktop\Learn\testing_evals\test\human_eval_test\6\6_gen_0.sv,tngtech/deepseek-r1t2-chimera:free,stop,,gen-1768547654-q2xQzDxy6acch7ZXgex0
596,mbpp_validation,0,4217,3553,3205,C:\Users\durgamaniryudh\Desktop\Learn\testing_evals\test\mbpp_validation\596\596_gen_0.sv,tngtech/deepseek-r1t2-chimera:free,stop,,gen-1768547710-qA25uLylFSLnqC7w6EnI
3858,aapp_competition_test,0,3843,12056,8948,C:\Users\durgamaniryudh\Desktop\Learn\testing_evals\test\aapp_competition_test\3858\3858_gen_0.sv,tngtech/deepseek-r1t2-chimera:free,stop,,gen-1768547506-6SFEs89FhIMllV9Zgi25
775,mbpp_train,0,4298,4743,3638,C:\Users\durgamaniryudh\Desktop\Learn\testing_evals\test\mbpp_train\775\775_gen_0.sv,tngtech/deepseek-r1t2-chimera:free,stop,,gen-1768547714-sP4Aw7mNJIKYu41Dbj9i
3820,aapp_competition_test,0,3994,11711,9773,C:\Users\durgamaniryudh\Desktop\Learn\testing_evals\test\aapp_competition_test\3820\3820_gen_0.sv,tngtech/deepseek-r1t2-chimera:free,stop,,gen-1768547536-wWpIfTH1Ybj9dkdNN9wl
3629,aapp_competition_test,0,4038,15879,11371,C:\Users\durgamaniryudh\Desktop\Learn\testing_evals\test\aapp_competition_test\3629\3629_gen_0.sv,tngtech/deepseek-r1t2-chimera:free,stop,,gen-1768547430-dkw5xU40ufScMl1b8J0K
3883,aapp_competition_test,0,3982,4096,3369,C:\Users\durgamaniryudh\Desktop\Learn\testing_evals\test\aapp_competition_test\3883\3883_gen_0.sv,tngtech/deepseek-r1t2-chimera:free,stop,,gen-1768547770-1H2nOwL0iyigXIrHGTS9
3290,aapp_competition_test,0,6864,3624,878,C:\Users\durgamaniryudh\Desktop\Learn\testing_evals\test\aapp_competition_test\3290\3290_gen_0.sv,tngtech/deepseek-r1t2-chimera:free,stop,,gen-1768547802-RuklvCkyejotkZCEoTc8
3098,aapp_competition_test,0,4927,4233,2436,C:\Users\durgamaniryudh\Desktop\Learn\testing_evals\test\aapp_competition_test\3098\3098_gen_0.sv,tngtech/deepseek-r1t2-chimera:free,stop,,gen-1768547778-ImVBtahURVSnn1AcgyyS
3619,aapp_competition_test,0,4805,4151,2445,C:\Users\durgamaniryudh\Desktop\Learn\testing_evals\test\aapp_competition_test\3619\3619_gen_0.sv,tngtech/deepseek-r1t2-chimera:free,stop,,gen-1768547826-DazRhzu25NOREeFXuhtZ
21,human_eval_test,0,4094,9086,7713,C:\Users\durgamaniryudh\Desktop\Learn\testing_evals\test\human_eval_test\21\21_gen_0.sv,tngtech/deepseek-r1t2-chimera:free,stop,,gen-1768547706-IYFjxTfqYXTA0bpttJ11
3839,aapp_competition_test,0,4466,1773,760,C:\Users\durgamaniryudh\Desktop\Learn\testing_evals\test\aapp_competition_test\3839\3839_gen_0.sv,tngtech/deepseek-r1t2-chimera:free,stop,,gen-1768547883-kIC0dpO5hHYgUqNDN6fD
3784,aapp_competition_test,0,4830,2270,1142,C:\Users\durgamaniryudh\Desktop\Learn\testing_evals\test\aapp_competition_test\3784\3784_gen_0.sv,tngtech/deepseek-r1t2-chimera:free,stop,,gen-1768547857-lEivHR5iHtUatyTWerXC
3932,aapp_competition_test,0,4962,2613,995,C:\Users\durgamaniryudh\Desktop\Learn\testing_evals\test\aapp_competition_test\3932\3932_gen_0.sv,tngtech/deepseek-r1t2-chimera:free,stop,,gen-1768547890-SDqYYezIOvxmHu2sfIjN
3332,aapp_competition_test,0,4089,7077,4976,C:\Users\durgamaniryudh\Desktop\Learn\testing_evals\test\aapp_competition_test\3332\3332_gen_0.sv,tngtech/deepseek-r1t2-chimera:free,stop,,gen-1768547804-tmxpb3kXR20WnPq2R83t
3626,aapp_competition_test,0,4583,1816,922,C:\Users\durgamaniryudh\Desktop\Learn\testing_evals\test\aapp_competition_test\3626\3626_gen_0.sv,tngtech/deepseek-r1t2-chimera:free,stop,,gen-1768547956-D1jWSUQQEXEOLkmtjNSz
3293,aapp_competition_test,0,5325,2467,639,C:\Users\durgamaniryudh\Desktop\Learn\testing_evals\test\aapp_competition_test\3293\3293_gen_0.sv,tngtech/deepseek-r1t2-chimera:free,stop,,gen-1768547937-drh2ucIMO1Wld76WCJjs
3108,aapp_competition_test,0,4488,2793,1337,C:\Users\durgamaniryudh\Desktop\Learn\testing_evals\test\aapp_competition_test\3108\3108_gen_0.sv,tngtech/deepseek-r1t2-chimera:free,stop,,gen-1768547936-CfnUdiGz2hwUzkbvnDZK
132,human_eval_test,0,4111,4846,4467,C:\Users\durgamaniryudh\Desktop\Learn\testing_evals\test\human_eval_test\132\132_gen_0.sv,tngtech/deepseek-r1t2-chimera:free,stop,,gen-1768547899-BywPNQAcIxdPwk7Oc1nG
3336,aapp_competition_test,0,6312,4461,1453,C:\Users\durgamaniryudh\Desktop\Learn\testing_evals\test\aapp_competition_test\3336\3336_gen_0.sv,tngtech/deepseek-r1t2-chimera:free,stop,,gen-1768547940-UcLh1TgQJJy384UPU0al
3786,aapp_competition_test,0,4448,2042,1365,C:\Users\durgamaniryudh\Desktop\Learn\testing_evals\test\aapp_competition_test\3786\3786_gen_0.sv,tngtech/deepseek-r1t2-chimera:free,stop,,gen-1768547999-4Dzaum53kIhClwRPXMSw
3930,aapp_competition_test,0,4600,2065,830,C:\Users\durgamaniryudh\Desktop\Learn\testing_evals\test\aapp_competition_test\3930\3930_gen_0.sv,tngtech/deepseek-r1t2-chimera:free,stop,,gen-1768548004-9Od1RSjiZBC0bFXhGffj
3674,aapp_competition_test,0,4178,8268,6224,C:\Users\durgamaniryudh\Desktop\Learn\testing_evals\test\aapp_competition_test\3674\3674_gen_0.sv,tngtech/deepseek-r1t2-chimera:free,stop,,gen-1768547850-wDnS5TFa13KYrum8JiKq
16,human_eval_test,0,4083,5441,4865,C:\Users\durgamaniryudh\Desktop\Learn\testing_evals\test\human_eval_test\16\16_gen_0.sv,tngtech/deepseek-r1t2-chimera:free,stop,,gen-1768547932-BWZLBCgp91c4C2Ji27oI
735,mbpp_train,0,3943,969,780,C:\Users\durgamaniryudh\Desktop\Learn\testing_evals\test\mbpp_train\735\735_gen_0.sv,tngtech/deepseek-r1t2-chimera:free,stop,,gen-1768548066-GSBNFccdbMqCXJ2Vws0Z
720,mbpp_train,0,4136,992,507,C:\Users\durgamaniryudh\Desktop\Learn\testing_evals\test\mbpp_train\720\720_gen_0.sv,tngtech/deepseek-r1t2-chimera:free,stop,,gen-1768548067-TKT3ixUz8BChF8DrOFzB
3666,aapp_competition_test,0,5308,3856,1986,C:\Users\durgamaniryudh\Desktop\Learn\testing_evals\test\aapp_competition_test\3666\3666_gen_0.sv,tngtech/deepseek-r1t2-chimera:free,stop,,gen-1768547991-LGBWsg6RRypzor09CusC
411,mbpp_test,0,4805,1998,735,C:\Users\durgamaniryudh\Desktop\Learn\testing_evals\test\mbpp_test\411\411_gen_0.sv,tngtech/deepseek-r1t2-chimera:free,stop,,gen-1768548055-PmqvW1J319WsYlMx4rQr
58,human_eval_test,0,4192,15369,14898,C:\Users\durgamaniryudh\Desktop\Learn\testing_evals\test\human_eval_test\58\58_gen_0.sv,tngtech/deepseek-r1t2-chimera:free,stop,,gen-1768547664-BL0g8QVP98WofHR1CUE1
415,mbpp_test,0,4608,1957,934,C:\Users\durgamaniryudh\Desktop\Learn\testing_evals\test\mbpp_test\415\415_gen_0.sv,tngtech/deepseek-r1t2-chimera:free,stop,,gen-1768548076-7Kgnzxth5zctoNLJvyNl
3099,aapp_competition_test,0,5845,1777,572,C:\Users\durgamaniryudh\Desktop\Learn\testing_evals\test\aapp_competition_test\3099\3099_gen_0.sv,tngtech/deepseek-r1t2-chimera:free,stop,,gen-1768548091-46P7f1H1hG8EE9qx2fEN
3796,aapp_competition_test,0,5299,2747,886,C:\Users\durgamaniryudh\Desktop\Learn\testing_evals\test\aapp_competition_test\3796\3796_gen_0.sv,tngtech/deepseek-r1t2-chimera:free,stop,,gen-1768548089-xKHya7xZS9khZkourkyC
3292,aapp_competition_test,0,6814,2422,719,C:\Users\durgamaniryudh\Desktop\Learn\testing_evals\test\aapp_competition_test\3292\3292_gen_0.sv,tngtech/deepseek-r1t2-chimera:free,stop,,gen-1768548099-jqR2TsbVQzvJMAB8TFGy
3338,aapp_competition_test,0,4236,3250,1034,C:\Users\durgamaniryudh\Desktop\Learn\testing_evals\test\aapp_competition_test\3338\3338_gen_0.sv,tngtech/deepseek-r1t2-chimera:free,stop,,gen-1768548101-FwFWHYL0XWfUFK6oUBCM
3936,aapp_competition_test,0,4479,1526,778,C:\Users\durgamaniryudh\Desktop\Learn\testing_evals\test\aapp_competition_test\3936\3936_gen_0.sv,tngtech/deepseek-r1t2-chimera:free,stop,,gen-1768548148-JTjdchK9N9XZAX9Pq3sY
120,human_eval_test,0,4388,6256,5394,C:\Users\durgamaniryudh\Desktop\Learn\testing_evals\test\human_eval_test\120\120_gen_0.sv,tngtech/deepseek-r1t2-chimera:free,stop,,gen-1768548035-WIhzL2mFZwbIUyOnoFBk
162,human_eval_test,0,4524,5627,5034,C:\Users\durgamaniryudh\Desktop\Learn\testing_evals\test\human_eval_test\162\162_gen_0.sv,tngtech/deepseek-r1t2-chimera:free,stop,,gen-1768548083-SLLEro31sRxhgDPErLVR
71,human_eval_test,0,4339,10010,8244,C:\Users\durgamaniryudh\Desktop\Learn\testing_evals\test\human_eval_test\71\71_gen_0.sv,tngtech/deepseek-r1t2-chimera:free,stop,,gen-1768547935-aWnHzQVxYmihE9duyPdw
70,human_eval_test,0,4268,2129,986,C:\Users\durgamaniryudh\Desktop\Learn\testing_evals\test\human_eval_test\70\70_gen_0.sv,tngtech/deepseek-r1t2-chimera:free,stop,,gen-1768548182-89rFqa19fyG1vEOLvwNV
471,mbpp_test,0,4461,1334,603,C:\Users\durgamaniryudh\Desktop\Learn\testing_evals\test\mbpp_test\471\471_gen_0.sv,tngtech/deepseek-r1t2-chimera:free,stop,,gen-1768548214-AIhHfGsh3M2uvlyMXlHD
3730,aapp_competition_test,0,4872,2449,846,C:\Users\durgamaniryudh\Desktop\Learn\testing_evals\test\aapp_competition_test\3730\3730_gen_0.sv,tngtech/deepseek-r1t2-chimera:free,stop,,gen-1768548242-8DFikv9hX6aLxt6NqFEF
3794,aapp_competition_test,0,4988,6800,4918,C:\Users\durgamaniryudh\Desktop\Learn\testing_evals\test\aapp_competition_test\3794\3794_gen_0.sv,tngtech/deepseek-r1t2-chimera:free,stop,,gen-1768548145-JzEfQaxMTzFPOaZTo5mO
3871,aapp_competition_test,0,5512,4123,1848,C:\Users\durgamaniryudh\Desktop\Learn\testing_evals\test\aapp_competition_test\3871\3871_gen_0.sv,tngtech/deepseek-r1t2-chimera:free,stop,,gen-1768548250-gmRdUdWETH1xDFfAtHdE
87,human_eval_test,0,4466,12023,11012,C:\Users\durgamaniryudh\Desktop\Learn\testing_evals\test\human_eval_test\87\87_gen_0.sv,tngtech/deepseek-r1t2-chimera:free,stop,,gen-1768548014-TKLJAePu4H9E6MdC9Pi8
3673,aapp_competition_test,0,4239,8033,5935,C:\Users\durgamaniryudh\Desktop\Learn\testing_evals\test\aapp_competition_test\3673\3673_gen_0.sv,tngtech/deepseek-r1t2-chimera:free,stop,,gen-1768548135-InuOGta73mCYNL1kUqdF
111,human_eval_test,0,4162,7834,6669,C:\Users\durgamaniryudh\Desktop\Learn\testing_evals\test\human_eval_test\111\111_gen_0.sv,tngtech/deepseek-r1t2-chimera:free,stop,,gen-1768548161-T1Fktj5rwa0FU5Oqmt8P
3286,aapp_competition_test,0,5067,1950,729,C:\Users\durgamaniryudh\Desktop\Learn\testing_evals\test\aapp_competition_test\3286\3286_gen_0.sv,tngtech/deepseek-r1t2-chimera:free,stop,,gen-1768548357-bFs51e5Ig8MQ1HW70IZW
3628,aapp_competition_test,0,4265,12762,8907,C:\Users\durgamaniryudh\Desktop\Learn\testing_evals\test\aapp_competition_test\3628\3628_gen_0.sv,tngtech/deepseek-r1t2-chimera:free,stop,,gen-1768548102-U8iWXYVOJphG0r8Zg5se
3668,aapp_competition_test,0,4012,635,513,C:\Users\durgamaniryudh\Desktop\Learn\testing_evals\test\aapp_competition_test\3668\3668_gen_0.sv,tngtech/deepseek-r1t2-chimera:free,stop,,gen-1768548411-DD0xuWZnXOauLRDK9Ua6
3940,aapp_competition_test,0,4207,1297,617,C:\Users\durgamaniryudh\Desktop\Learn\testing_evals\test\aapp_competition_test\3940\3940_gen_0.sv,tngtech/deepseek-r1t2-chimera:free,stop,,gen-1768548415-hAUImOMCBTT2F9HBu4Ie
3632,aapp_competition_test,0,5904,3286,662,C:\Users\durgamaniryudh\Desktop\Learn\testing_evals\test\aapp_competition_test\3632\3632_gen_0.sv,tngtech/deepseek-r1t2-chimera:free,stop,,gen-1768548374-11Hv5TdcdWA3swlxi2iR
310,mbpp_test,0,4201,9022,8967,C:\Users\durgamaniryudh\Desktop\Learn\testing_evals\test\mbpp_test\310\310_gen_0.sv,tngtech/deepseek-r1t2-chimera:free,stop,,gen-1768548211-BgPwmfxN3BaxMY0Z4tvU
3778,aapp_competition_test,0,4961,2725,788,C:\Users\durgamaniryudh\Desktop\Learn\testing_evals\test\aapp_competition_test\3778\3778_gen_0.sv,tngtech/deepseek-r1t2-chimera:free,stop,,gen-1768548412-OG6Uz9jzGEaFkGw8ZTAm
100,human_eval_test,0,4024,10584,9838,C:\Users\durgamaniryudh\Desktop\Learn\testing_evals\test\human_eval_test\100\100_gen_0.sv,tngtech/deepseek-r1t2-chimera:free,stop,,gen-1768548185-NWEltOEgzlF4BpkHBlsC
463,mbpp_test,0,5022,9456,8183,C:\Users\durgamaniryudh\Desktop\Learn\testing_evals\test\mbpp_test\463\463_gen_0.sv,tngtech/deepseek-r1t2-chimera:free,stop,,gen-1768548223-WJjrR7WDQwADj7CL0RQL
3107,aapp_competition_test,0,4111,6807,5549,C:\Users\durgamaniryudh\Desktop\Learn\testing_evals\test\aapp_competition_test\3107\3107_gen_0.sv,tngtech/deepseek-r1t2-chimera:free,stop,,gen-1768548309-qdYQrVFNO5TsBrQqUtX6
3961,aapp_competition_test,0,4441,2102,1332,C:\Users\durgamaniryudh\Desktop\Learn\testing_evals\test\aapp_competition_test\3961\3961_gen_0.sv,tngtech/deepseek-r1t2-chimera:free,stop,,gen-1768548452-DbBCAaCjtb8igAl1Pe6g
3868,aapp_competition_test,0,5563,3256,1254,C:\Users\durgamaniryudh\Desktop\Learn\testing_evals\test\aapp_competition_test\3868\3868_gen_0.sv,tngtech/deepseek-r1t2-chimera:free,stop,,gen-1768548427-Z3YLH2PXMe3RGeZD2czF
61,human_eval_test,0,4018,7142,6895,C:\Users\durgamaniryudh\Desktop\Learn\testing_evals\test\human_eval_test\61\61_gen_0.sv,tngtech/deepseek-r1t2-chimera:free,stop,,gen-1768548304-4gCyGpsArDtXzKkMmkFf
479,mbpp_test,0,4200,1043,639,C:\Users\durgamaniryudh\Desktop\Learn\testing_evals\test\mbpp_test\479\479_gen_0.sv,tngtech/deepseek-r1t2-chimera:free,stop,,gen-1768548489-f2OHH5AW5qKWH61rnOKm
418,mbpp_test,0,4622,1647,575,C:\Users\durgamaniryudh\Desktop\Learn\testing_evals\test\mbpp_test\418\418_gen_0.sv,tngtech/deepseek-r1t2-chimera:free,stop,,gen-1768548482-zVrFDsWkEtvDHkuiasEn
797,mbpp_train,0,4650,1849,900,C:\Users\durgamaniryudh\Desktop\Learn\testing_evals\test\mbpp_train\797\797_gen_0.sv,tngtech/deepseek-r1t2-chimera:free,stop,,gen-1768548486-G9wQHDpTtsinPmdvdRWf
3809,aapp_competition_test,0,5815,3595,771,C:\Users\durgamaniryudh\Desktop\Learn\testing_evals\test\aapp_competition_test\3809\3809_gen_0.sv,tngtech/deepseek-r1t2-chimera:free,stop,,gen-1768548463-T26vsXktwsSLIr933ik3
3341,aapp_competition_test,0,4332,1396,701,C:\Users\durgamaniryudh\Desktop\Learn\testing_evals\test\aapp_competition_test\3341\3341_gen_0.sv,tngtech/deepseek-r1t2-chimera:free,stop,,gen-1768548508-QLUfd8LRPoMOvZmSkwEA
3103,aapp_competition_test,0,5374,2316,853,C:\Users\durgamaniryudh\Desktop\Learn\testing_evals\test\aapp_competition_test\3103\3103_gen_0.sv,tngtech/deepseek-r1t2-chimera:free,stop,,gen-1768548493-fw1zXZHa4sDkXFtXfqIZ
3339,aapp_competition_test,0,5386,6747,5260,C:\Users\durgamaniryudh\Desktop\Learn\testing_evals\test\aapp_competition_test\3339\3339_gen_0.sv,tngtech/deepseek-r1t2-chimera:free,stop,,gen-1768548367-JT3qf9ECSrYHVVl3OIou
3294,aapp_competition_test,0,6344,2683,671,C:\Users\durgamaniryudh\Desktop\Learn\testing_evals\test\aapp_competition_test\3294\3294_gen_0.sv,tngtech/deepseek-r1t2-chimera:free,stop,,gen-1768548501-xobX8eKyfpFxuPW6EIHH
3664,aapp_competition_test,0,3956,2408,1182,C:\Users\durgamaniryudh\Desktop\Learn\testing_evals\test\aapp_competition_test\3664\3664_gen_0.sv,tngtech/deepseek-r1t2-chimera:free,stop,,gen-1768548513-bNvEXN7D5KJ8dfotbynW
3630,aapp_competition_test,0,4193,2224,1718,C:\Users\durgamaniryudh\Desktop\Learn\testing_evals\test\aapp_competition_test\3630\3630_gen_0.sv,tngtech/deepseek-r1t2-chimera:free,stop,,gen-1768548512-mGiSFP30RgrvaD4GaGZo
3935,aapp_competition_test,0,4121,1930,1563,C:\Users\durgamaniryudh\Desktop\Learn\testing_evals\test\aapp_competition_test\3935\3935_gen_0.sv,tngtech/deepseek-r1t2-chimera:free,stop,,gen-1768548533-LTnmF9ryBlmiNzKqrfuK
69,human_eval_test,0,4378,5490,5019,C:\Users\durgamaniryudh\Desktop\Learn\testing_evals\test\human_eval_test\69\69_gen_0.sv,tngtech/deepseek-r1t2-chimera:free,stop,,gen-1768548457-bcmkrPNVj6p8TMFMFM0e
3985,aapp_competition_test,0,3762,1311,1125,C:\Users\durgamaniryudh\Desktop\Learn\testing_evals\test\aapp_competition_test\3985\3985_gen_0.sv,tngtech/deepseek-r1t2-chimera:free,stop,,gen-1768548579-uoHqQxPKnU9F2rABNRsF
111,mbpp_test,0,5018,2296,812,C:\Users\durgamaniryudh\Desktop\Learn\testing_evals\test\mbpp_test\111\111_gen_0.sv,tngtech/deepseek-r1t2-chimera:free,stop,,gen-1768548558-HMPe8s1FCfZXFNePcP1a
77,human_eval_test,0,3823,906,672,C:\Users\durgamaniryudh\Desktop\Learn\testing_evals\test\human_eval_test\77\77_gen_0.sv,tngtech/deepseek-r1t2-chimera:free,stop,,gen-1768548626-0OtyWIS7SzGDYxXA8ajw
153,human_eval_test,0,4263,4232,3457,C:\Users\durgamaniryudh\Desktop\Learn\testing_evals\test\human_eval_test\153\153_gen_0.sv,tngtech/deepseek-r1t2-chimera:free,stop,,gen-1768548542-0xogVbWoCeXWbcxEHOgy
776,mbpp_train,0,4154,3792,3022,C:\Users\durgamaniryudh\Desktop\Learn\testing_evals\test\mbpp_train\776\776_gen_0.sv,tngtech/deepseek-r1t2-chimera:free,stop,,gen-1768548572-fj0C7RWbmiJtzXLxI0jK
63,human_eval_test,0,4014,3864,2799,C:\Users\durgamaniryudh\Desktop\Learn\testing_evals\test\human_eval_test\63\63_gen_0.sv,tngtech/deepseek-r1t2-chimera:free,stop,,gen-1768548562-6eklA6l6ZlituQKNrfDb
128,mbpp_test,0,4676,2631,1837,C:\Users\durgamaniryudh\Desktop\Learn\testing_evals\test\mbpp_test\128\128_gen_0.sv,tngtech/deepseek-r1t2-chimera:free,stop,,gen-1768548623-aWcf5bpxsZ8blG4cqBiO
3791,aapp_competition_test,0,4670,6177,5225,C:\Users\durgamaniryudh\Desktop\Learn\testing_evals\test\aapp_competition_test\3791\3791_gen_0.sv,tngtech/deepseek-r1t2-chimera:free,stop,,gen-1768548530-bQKpi84ei5f3xob2jwQZ
3109,aapp_competition_test,0,4836,2032,811,C:\Users\durgamaniryudh\Desktop\Learn\testing_evals\test\aapp_competition_test\3109\3109_gen_0.sv,tngtech/deepseek-r1t2-chimera:free,stop,,gen-1768548649-D41W1u3hMU2huJp63HzD
79,human_eval_test,0,4308,6361,5171,C:\Users\durgamaniryudh\Desktop\Learn\testing_evals\test\human_eval_test\79\79_gen_0.sv,tngtech/deepseek-r1t2-chimera:free,stop,,gen-1768548543-0Doblb8MFxKHoJNrKJZl
3346,aapp_competition_test,0,6055,2976,880,C:\Users\durgamaniryudh\Desktop\Learn\testing_evals\test\aapp_competition_test\3346\3346_gen_0.sv,tngtech/deepseek-r1t2-chimera:free,stop,,gen-1768548666-bznuHHEQJ4vDSDfJCRSf
3297,aapp_competition_test,0,5714,3083,787,C:\Users\durgamaniryudh\Desktop\Learn\testing_evals\test\aapp_competition_test\3297\3297_gen_0.sv,tngtech/deepseek-r1t2-chimera:free,stop,,gen-1768548666-Yq22nsubhbrX9WhyY4AF
3633,aapp_competition_test,0,4841,2832,1796,C:\Users\durgamaniryudh\Desktop\Learn\testing_evals\test\aapp_competition_test\3633\3633_gen_0.sv,tngtech/deepseek-r1t2-chimera:free,stop,,gen-1768548684-AceBafNsToCNvFLE9M0K
3891,aapp_competition_test,0,4400,1905,1154,C:\Users\durgamaniryudh\Desktop\Learn\testing_evals\test\aapp_competition_test\3891\3891_gen_0.sv,tngtech/deepseek-r1t2-chimera:free,stop,,gen-1768548717-BI4K9Eli7SUVDoQ4k3Ti
69,mbpp_test,0,3954,7518,6716,C:\Users\durgamaniryudh\Desktop\Learn\testing_evals\test\mbpp_test\69\69_gen_0.sv,tngtech/deepseek-r1t2-chimera:free,stop,,gen-1768548559-AtXbKTPYP9gxYFs6WF86
3837,aapp_competition_test,0,5570,2765,762,C:\Users\durgamaniryudh\Desktop\Learn\testing_evals\test\aapp_competition_test\3837\3837_gen_0.sv,tngtech/deepseek-r1t2-chimera:free,stop,,gen-1768548713-RI6w9tz5l1oDFrJZlOl5
617,mbpp_train,0,4093,6869,6206,C:\Users\durgamaniryudh\Desktop\Learn\testing_evals\test\mbpp_train\617\617_gen_0.sv,tngtech/deepseek-r1t2-chimera:free,stop,,gen-1768548591-sJEzoV5ON9DqzYcNRbCa
3793,aapp_competition_test,0,5434,3155,1056,C:\Users\durgamaniryudh\Desktop\Learn\testing_evals\test\aapp_competition_test\3793\3793_gen_0.sv,tngtech/deepseek-r1t2-chimera:free,stop,,gen-1768548707-xmYiwsAbfNtjeiTZ7dP9
70,mbpp_test,0,4619,1664,738,C:\Users\durgamaniryudh\Desktop\Learn\testing_evals\test\mbpp_test\70\70_gen_0.sv,tngtech/deepseek-r1t2-chimera:free,stop,,gen-1768548763-67K5ACFo3YH8TQXk7Imd
3296,aapp_competition_test,0,4055,915,544,C:\Users\durgamaniryudh\Desktop\Learn\testing_evals\test\aapp_competition_test\3296\3296_gen_0.sv,tngtech/deepseek-r1t2-chimera:free,stop,,gen-1768548784-SCB8dGqgkARxRiaaaPqB
44,human_eval_test,0,4926,2307,1060,C:\Users\durgamaniryudh\Desktop\Learn\testing_evals\test\human_eval_test\44\44_gen_0.sv,tngtech/deepseek-r1t2-chimera:free,stop,,gen-1768548749-lgGCjIpJtvvXIb8ic0Yl
3631,aapp_competition_test,0,4760,2166,1040,C:\Users\durgamaniryudh\Desktop\Learn\testing_evals\test\aapp_competition_test\3631\3631_gen_0.sv,tngtech/deepseek-r1t2-chimera:free,stop,,gen-1768548801-jjDG0xe1vLnM6ZSeoOik
308,mbpp_test,0,6931,3187,977,C:\Users\durgamaniryudh\Desktop\Learn\testing_evals\test\mbpp_test\308\308_gen_0.sv,tngtech/deepseek-r1t2-chimera:free,stop,,gen-1768548775-YSZfhOHsfcp98yAxADkE
3680,aapp_competition_test,0,5017,2521,866,C:\Users\durgamaniryudh\Desktop\Learn\testing_evals\test\aapp_competition_test\3680\3680_gen_0.sv,tngtech/deepseek-r1t2-chimera:free,stop,,gen-1768548805-8wYuxPd2uUMuSjPxul8v
590,mbpp_validation,0,4285,11078,9112,C:\Users\durgamaniryudh\Desktop\Learn\testing_evals\test\mbpp_validation\590\590_gen_0.sv,tngtech/deepseek-r1t2-chimera:free,stop,,gen-1768548572-vVn8zUJc9kxZujveDrOQ
3344,aapp_competition_test,0,4265,2447,1089,C:\Users\durgamaniryudh\Desktop\Learn\testing_evals\test\aapp_competition_test\3344\3344_gen_0.sv,tngtech/deepseek-r1t2-chimera:free,stop,,gen-1768548791-GKFtQyKHm0MX0aeTu4W7
3792,aapp_competition_test,0,4142,3177,2524,C:\Users\durgamaniryudh\Desktop\Learn\testing_evals\test\aapp_competition_test\3792\3792_gen_0.sv,tngtech/deepseek-r1t2-chimera:free,stop,,gen-1768548812-i3o0hrTABM5GQByMsDXU
804,mbpp_train,0,4103,1065,669,C:\Users\durgamaniryudh\Desktop\Learn\testing_evals\test\mbpp_train\804\804_gen_0.sv,tngtech/deepseek-r1t2-chimera:free,stop,,gen-1768548870-ur7EwndYdyzxdT0ShBlL
112,human_eval_test,0,4403,5469,4987,C:\Users\durgamaniryudh\Desktop\Learn\testing_evals\test\human_eval_test\112\112_gen_0.sv,tngtech/deepseek-r1t2-chimera:free,stop,,gen-1768548763-P1yfBBUfuaJHEZdXc9ic
3937,aapp_competition_test,0,5141,2577,522,C:\Users\durgamaniryudh\Desktop\Learn\testing_evals\test\aapp_competition_test\3937\3937_gen_0.sv,tngtech/deepseek-r1t2-chimera:free,stop,,gen-1768548852-GInkugT7yy3Mp6oRIkMO
790,mbpp_train,0,4110,1177,843,C:\Users\durgamaniryudh\Desktop\Learn\testing_evals\test\mbpp_train\790\790_gen_0.sv,tngtech/deepseek-r1t2-chimera:free,stop,,gen-1768548888-TAEXN4bAOp5EiarsPcUE
3825,aapp_competition_test,0,3831,2458,2014,C:\Users\durgamaniryudh\Desktop\Learn\testing_evals\test\aapp_competition_test\3825\3825_gen_0.sv,tngtech/deepseek-r1t2-chimera:free,stop,,gen-1768548867-YDleeMcT0sNlregBWcTj
3112,aapp_competition_test,0,4492,1493,543,C:\Users\durgamaniryudh\Desktop\Learn\testing_evals\test\aapp_competition_test\3112\3112_gen_0.sv,tngtech/deepseek-r1t2-chimera:free,stop,,gen-1768548922-NkFFlf31S00fOOB6mwpY
3846,aapp_competition_test,0,5007,2945,1516,C:\Users\durgamaniryudh\Desktop\Learn\testing_evals\test\aapp_competition_test\3846\3846_gen_0.sv,tngtech/deepseek-r1t2-chimera:free,stop,,gen-1768548895-NGuAPGLb7khxVpETCOzz
3942,aapp_competition_test,0,4170,8466,7309,C:\Users\durgamaniryudh\Desktop\Learn\testing_evals\test\aapp_competition_test\3942\3942_gen_0.sv,tngtech/deepseek-r1t2-chimera:free,stop,,gen-1768548744-ZcL6aGHqkszuxDc0VZp6
90,human_eval_test,0,4436,5296,4442,C:\Users\durgamaniryudh\Desktop\Learn\testing_evals\test\human_eval_test\90\90_gen_0.sv,tngtech/deepseek-r1t2-chimera:free,stop,,gen-1768548855-eOnNGLwCcfQGkxJL9bTH
3302,aapp_competition_test,0,4685,2264,1051,C:\Users\durgamaniryudh\Desktop\Learn\testing_evals\test\aapp_competition_test\3302\3302_gen_0.sv,tngtech/deepseek-r1t2-chimera:free,stop,,gen-1768548940-lDtf91hxuEOuSkgcigtP
3347,aapp_competition_test,0,4230,2556,788,C:\Users\durgamaniryudh\Desktop\Learn\testing_evals\test\aapp_competition_test\3347\3347_gen_0.sv,tngtech/deepseek-r1t2-chimera:free,stop,,gen-1768548958-hxKa8WOAdLd9NA03j1JG
3678,aapp_competition_test,0,3902,11502,10068,C:\Users\durgamaniryudh\Desktop\Learn\testing_evals\test\aapp_competition_test\3678\3678_gen_0.sv,tngtech/deepseek-r1t2-chimera:free,stop,,gen-1768548707-nhA0gGPxHcqGCZrEcHzY
3938,aapp_competition_test,0,4371,1367,561,C:\Users\durgamaniryudh\Desktop\Learn\testing_evals\test\aapp_competition_test\3938\3938_gen_0.sv,tngtech/deepseek-r1t2-chimera:free,stop,,gen-1768548996-L4XsKu1lEd8P6WPg94Cu
460,mbpp_test,0,4450,4250,3175,C:\Users\durgamaniryudh\Desktop\Learn\testing_evals\test\mbpp_test\460\460_gen_0.sv,tngtech/deepseek-r1t2-chimera:free,stop,,gen-1768548902-w43acE3ejNyRTWGooffw
3621,aapp_competition_test,0,4562,2245,928,C:\Users\durgamaniryudh\Desktop\Learn\testing_evals\test\aapp_competition_test\3621\3621_gen_0.sv,tngtech/deepseek-r1t2-chimera:free,stop,,gen-1768548973-Dgm8vMPF2vDL1uxB9HAR
3790,aapp_competition_test,0,4951,2477,962,C:\Users\durgamaniryudh\Desktop\Learn\testing_evals\test\aapp_competition_test\3790\3790_gen_0.sv,tngtech/deepseek-r1t2-chimera:free,stop,,gen-1768548990-Ml35L2BPdUUUT9KBq1uN
454,mbpp_test,0,4070,1163,740,C:\Users\durgamaniryudh\Desktop\Learn\testing_evals\test\mbpp_test\454\454_gen_0.sv,tngtech/deepseek-r1t2-chimera:free,stop,,gen-1768549043-PDbZaneOO8R7pbM9vwNf
3114,aapp_competition_test,0,4297,10071,7010,C:\Users\durgamaniryudh\Desktop\Learn\testing_evals\test\aapp_competition_test\3114\3114_gen_0.sv,tngtech/deepseek-r1t2-chimera:free,stop,,gen-1768548782-tY9N8T3C8R6gz2JSipoo
273,mbpp_test,0,3911,1483,1363,C:\Users\durgamaniryudh\Desktop\Learn\testing_evals\test\mbpp_test\273\273_gen_0.sv,tngtech/deepseek-r1t2-chimera:free,stop,,gen-1768549060-50PopFTuyUI1saepts1a
3795,aapp_competition_test,0,4366,7580,5798,C:\Users\durgamaniryudh\Desktop\Learn\testing_evals\test\aapp_competition_test\3795\3795_gen_0.sv,tngtech/deepseek-r1t2-chimera:free,stop,,gen-1768548915-K5oIifg6MaJTTzkCNvkX
163,human_eval_test,0,4298,10271,7911,C:\Users\durgamaniryudh\Desktop\Learn\testing_evals\test\human_eval_test\163\163_gen_0.sv,tngtech/deepseek-r1t2-chimera:free,stop,,gen-1768548864-xukT00gXoUDaQQckQUdv
121,human_eval_test,0,4144,4304,3771,C:\Users\durgamaniryudh\Desktop\Learn\testing_evals\test\human_eval_test\121\121_gen_0.sv,tngtech/deepseek-r1t2-chimera:free,stop,,gen-1768549033-RfWk6qy6mr4vELGP28wq
3677,aapp_competition_test,0,4297,6876,6245,C:\Users\durgamaniryudh\Desktop\Learn\testing_evals\test\aapp_competition_test\3677\3677_gen_0.sv,tngtech/deepseek-r1t2-chimera:free,stop,,gen-1768548976-O3x6eyVgQdjmb8V1MCzG
572,mbpp_validation,0,4749,2317,1041,C:\Users\durgamaniryudh\Desktop\Learn\testing_evals\test\mbpp_validation\572\572_gen_0.sv,tngtech/deepseek-r1t2-chimera:free,stop,,gen-1768549110-dEo1cSrks9aIsA6KXhuF
49,human_eval_test,0,4055,6498,5879,C:\Users\durgamaniryudh\Desktop\Learn\testing_evals\test\human_eval_test\49\49_gen_0.sv,tngtech/deepseek-r1t2-chimera:free,stop,,gen-1768549017-qXGKgioh1e2qzAg4uhEW
3960,aapp_competition_test,0,4251,3871,3240,C:\Users\durgamaniryudh\Desktop\Learn\testing_evals\test\aapp_competition_test\3960\3960_gen_0.sv,tngtech/deepseek-r1t2-chimera:free,stop,,gen-1768549102-vOIgG6SZpoxbWAzoX3Vo
10,human_eval_test,0,4259,7462,6456,C:\Users\durgamaniryudh\Desktop\Learn\testing_evals\test\human_eval_test\10\10_gen_0.sv,tngtech/deepseek-r1t2-chimera:free,stop,,gen-1768549022-tFvoZ0lHap6ggMG0p6tA
91,mbpp_test,0,4301,9624,7302,C:\Users\durgamaniryudh\Desktop\Learn\testing_evals\test\mbpp_test\91\91_gen_0.sv,tngtech/deepseek-r1t2-chimera:free,stop,,gen-1768549060-cRKMaadpsHj4A8jYs8ld
19,human_eval_test,0,4196,8669,8986,C:\Users\durgamaniryudh\Desktop\Learn\testing_evals\test\human_eval_test\19\19_gen_0.sv,tngtech/deepseek-r1t2-chimera:free,stop,,gen-1768549072-n5jquMaTa06ucluLLWkG
3728,aapp_competition_test,0,4132,11538,9391,C:\Users\durgamaniryudh\Desktop\Learn\testing_evals\test\aapp_competition_test\3728\3728_gen_0.sv,tngtech/deepseek-r1t2-chimera:free,stop,,gen-1768549071-UPaYq9Wh67dR0Au6NsZy
