task_id,source,iteration,input_tokens,output_tokens,reasoning_tokens,verilog_file,model_name,finish_reason,system_fingerprint,run_id
736,mbpp_train,0,4290,888,0,C:\Users\durgamaniryudh\Desktop\Learn\testing_evals\test\mbpp_train\736\736_gen_0.sv,xiaomi/mimo-v2-flash:free,stop,,gen-1769162910-7FFeJyGlIB56FLD58g8K
757,mbpp_train,0,4211,1606,0,C:\Users\durgamaniryudh\Desktop\Learn\testing_evals\test\mbpp_train\757\757_gen_0.sv,xiaomi/mimo-v2-flash:free,stop,,gen-1769162910-TeBSM161XlsYjNudiv5G
3450,aapp_competition_test,0,4364,1163,0,C:\Users\durgamaniryudh\Desktop\Learn\testing_evals\test\aapp_competition_test\3450\3450_gen_0.sv,xiaomi/mimo-v2-flash:free,stop,,gen-1769162910-rn38xoc5RBls24eWmLJl
3168,aapp_competition_test,0,4277,1623,0,C:\Users\durgamaniryudh\Desktop\Learn\testing_evals\test\aapp_competition_test\3168\3168_gen_0.sv,xiaomi/mimo-v2-flash:free,stop,,gen-1769162910-ExhrzCTwu7hvWMvgBeoU
3171,aapp_competition_test,0,4616,2947,0,C:\Users\durgamaniryudh\Desktop\Learn\testing_evals\test\aapp_competition_test\3171\3171_gen_0.sv,xiaomi/mimo-v2-flash:free,stop,,gen-1769162910-HTsZm6btZjLtrFaPCPik
805,mbpp_train,0,4418,1285,0,C:\Users\durgamaniryudh\Desktop\Learn\testing_evals\test\mbpp_train\805\805_gen_0.sv,xiaomi/mimo-v2-flash:free,stop,,gen-1769162928-7hlGnYfqVzcFUXfdeHw0
3531,aapp_competition_test,0,4273,2546,0,C:\Users\durgamaniryudh\Desktop\Learn\testing_evals\test\aapp_competition_test\3531\3531_gen_0.sv,xiaomi/mimo-v2-flash:free,stop,,gen-1769162910-VbYuGlWOa79MPPprHh4F
3444,aapp_competition_test,0,4607,2335,0,C:\Users\durgamaniryudh\Desktop\Learn\testing_evals\test\aapp_competition_test\3444\3444_gen_0.sv,xiaomi/mimo-v2-flash:free,stop,,gen-1769162910-JjvW7k1Z31aXcbDuuDxa
3540,aapp_competition_test,0,4988,4096,0,C:\Users\durgamaniryudh\Desktop\Learn\testing_evals\test\aapp_competition_test\3540\3540_gen_0.sv,xiaomi/mimo-v2-flash:free,stop,,gen-1769162910-WATg7tBjYf4ztxaFO91a
3166,aapp_competition_test,0,4868,4038,0,C:\Users\durgamaniryudh\Desktop\Learn\testing_evals\test\aapp_competition_test\3166\3166_gen_0.sv,xiaomi/mimo-v2-flash:free,stop,,gen-1769162910-At4LTZTrzJE5DPI5v3Ja
3542,aapp_competition_test,0,4625,2865,0,C:\Users\durgamaniryudh\Desktop\Learn\testing_evals\test\aapp_competition_test\3542\3542_gen_0.sv,xiaomi/mimo-v2-flash:free,stop,,gen-1769162941-3hjdPirfhbffQSHIRDNK
638,mbpp_train,0,4391,2518,0,C:\Users\durgamaniryudh\Desktop\Learn\testing_evals\test\mbpp_train\638\638_gen_0.sv,xiaomi/mimo-v2-flash:free,stop,,gen-1769162944-CxxCLvjaswzqnCzO55IN
3172,aapp_competition_test,0,4751,3217,0,C:\Users\durgamaniryudh\Desktop\Learn\testing_evals\test\aapp_competition_test\3172\3172_gen_0.sv,xiaomi/mimo-v2-flash:free,stop,,gen-1769162945-46q0gHaLs0eIsLKCe4jF
612,mbpp_train,0,4642,1879,0,C:\Users\durgamaniryudh\Desktop\Learn\testing_evals\test\mbpp_train\612\612_gen_0.sv,xiaomi/mimo-v2-flash:free,stop,,gen-1769162960-5X0oJtGSoQEjTVsrIMUU
3544,aapp_competition_test,0,4338,1765,0,C:\Users\durgamaniryudh\Desktop\Learn\testing_evals\test\aapp_competition_test\3544\3544_gen_0.sv,xiaomi/mimo-v2-flash:free,stop,,gen-1769162975-Ui6UzsI9RiNxLxxRvnxp
3543,aapp_competition_test,0,4424,1657,0,C:\Users\durgamaniryudh\Desktop\Learn\testing_evals\test\aapp_competition_test\3543\3543_gen_0.sv,xiaomi/mimo-v2-flash:free,stop,,gen-1769162957-dxjZxrn58oQxG1TqZ8aU
3440,aapp_competition_test,0,6067,4411,0,C:\Users\durgamaniryudh\Desktop\Learn\testing_evals\test\aapp_competition_test\3440\3440_gen_0.sv,xiaomi/mimo-v2-flash:free,stop,,gen-1769162952-I2VQUuUnwtx0Ht0DjNSD
738,mbpp_train,0,4652,737,0,C:\Users\durgamaniryudh\Desktop\Learn\testing_evals\test\mbpp_train\738\738_gen_0.sv,xiaomi/mimo-v2-flash:free,stop,,gen-1769162987-8T2u0vs5lKfhcrLLMSLa
3451,aapp_competition_test,0,4371,2008,0,C:\Users\durgamaniryudh\Desktop\Learn\testing_evals\test\aapp_competition_test\3451\3451_gen_0.sv,xiaomi/mimo-v2-flash:free,stop,,gen-1769162995-gGe7St7MKlOWoeihIfNV
3177,aapp_competition_test,0,4033,4668,0,C:\Users\durgamaniryudh\Desktop\Learn\testing_evals\test\aapp_competition_test\3177\3177_gen_0.sv,xiaomi/mimo-v2-flash:free,stop,,gen-1769162992-MgiNQbWScCWgiwFi7584
782,mbpp_train,0,4620,909,0,C:\Users\durgamaniryudh\Desktop\Learn\testing_evals\test\mbpp_train\782\782_gen_0.sv,xiaomi/mimo-v2-flash:free,stop,,gen-1769163013-8LZgAmldu8y7FjfuKOh4
3443,aapp_competition_test,0,4567,15840,0,C:\Users\durgamaniryudh\Desktop\Learn\testing_evals\test\aapp_competition_test\3443\3443_gen_0.sv,xiaomi/mimo-v2-flash:free,stop,,gen-1769162910-b7ckrz4kmSaupofzXScV
3537,aapp_competition_test,0,4388,2331,0,C:\Users\durgamaniryudh\Desktop\Learn\testing_evals\test\aapp_competition_test\3537\3537_gen_0.sv,xiaomi/mimo-v2-flash:free,stop,,gen-1769162997-IbplHZBA3SYBLGl5vSQ5
3457,aapp_competition_test,0,4464,2519,0,C:\Users\durgamaniryudh\Desktop\Learn\testing_evals\test\aapp_competition_test\3457\3457_gen_0.sv,xiaomi/mimo-v2-flash:free,stop,,gen-1769163027-Z138YZNUW1YLfjeWHHrs
3545,aapp_competition_test,0,4640,2582,0,C:\Users\durgamaniryudh\Desktop\Learn\testing_evals\test\aapp_competition_test\3545\3545_gen_0.sv,xiaomi/mimo-v2-flash:free,stop,,gen-1769163039-eW35svjufFZDcnwqrdi8
614,mbpp_train,0,4347,1140,0,C:\Users\durgamaniryudh\Desktop\Learn\testing_evals\test\mbpp_train\614\614_gen_0.sv,xiaomi/mimo-v2-flash:free,stop,,gen-1769163041-HQMmOXuiAMtZUNlqJNlw
3176,aapp_competition_test,0,4634,2791,0,C:\Users\durgamaniryudh\Desktop\Learn\testing_evals\test\aapp_competition_test\3176\3176_gen_0.sv,xiaomi/mimo-v2-flash:free,stop,,gen-1769163048-Y1aB6k6HmPn68UtG2gZd
3453,aapp_competition_test,0,4385,2009,0,C:\Users\durgamaniryudh\Desktop\Learn\testing_evals\test\aapp_competition_test\3453\3453_gen_0.sv,xiaomi/mimo-v2-flash:free,stop,,gen-1769163053-QKnybqhjpCstiTn4tK4p
3449,aapp_competition_test,0,4150,7150,0,C:\Users\durgamaniryudh\Desktop\Learn\testing_evals\test\aapp_competition_test\3449\3449_gen_0.sv,xiaomi/mimo-v2-flash:free,stop,,gen-1769162930-wkuILXn8Pluata32Dgag
3169,aapp_competition_test,0,4443,15054,0,C:\Users\durgamaniryudh\Desktop\Learn\testing_evals\test\aapp_competition_test\3169\3169_gen_0.sv,xiaomi/mimo-v2-flash:free,stop,,gen-1769162928-Oabhjv9a4c5uGQfUootk
3548,aapp_competition_test,0,4645,2041,0,C:\Users\durgamaniryudh\Desktop\Learn\testing_evals\test\aapp_competition_test\3548\3548_gen_0.sv,xiaomi/mimo-v2-flash:free,stop,,gen-1769163061-e48uV5aHQF5OfJmeAmRQ
737,mbpp_train,0,4351,1195,0,C:\Users\durgamaniryudh\Desktop\Learn\testing_evals\test\mbpp_train\737\737_gen_0.sv,xiaomi/mimo-v2-flash:free,stop,,gen-1769163069-n2FpqbFYW1EXk1rvJEj2
3541,aapp_competition_test,0,4543,8923,0,C:\Users\durgamaniryudh\Desktop\Learn\testing_evals\test\aapp_competition_test\3541\3541_gen_0.sv,xiaomi/mimo-v2-flash:free,stop,,gen-1769162927-6lDHarBbypCa1BBAx4qi
637,mbpp_train,0,4080,70,0,C:\Users\durgamaniryudh\Desktop\Learn\testing_evals\test\mbpp_train\637\637_gen_0.sv,xiaomi/mimo-v2-flash:free,stop,,gen-1769163081-llbV9wV3Ks4pTqPxs8MQ
3446,aapp_competition_test,0,4364,2326,0,C:\Users\durgamaniryudh\Desktop\Learn\testing_evals\test\aapp_competition_test\3446\3446_gen_0.sv,xiaomi/mimo-v2-flash:free,stop,,gen-1769163076-J7MOC5WM2Y8dha2BlZ27
3165,aapp_competition_test,0,4472,12508,0,C:\Users\durgamaniryudh\Desktop\Learn\testing_evals\test\aapp_competition_test\3165\3165_gen_0.sv,xiaomi/mimo-v2-flash:free,stop,,gen-1769162965-227JoQoEqn3w974G6K5g
3170,aapp_competition_test,0,4493,2328,0,C:\Users\durgamaniryudh\Desktop\Learn\testing_evals\test\aapp_competition_test\3170\3170_gen_0.sv,xiaomi/mimo-v2-flash:free,stop,,gen-1769163081-iaGsuxT1D1LoztLXXZm7
3174,aapp_competition_test,0,4561,9450,0,C:\Users\durgamaniryudh\Desktop\Learn\testing_evals\test\aapp_competition_test\3174\3174_gen_0.sv,xiaomi/mimo-v2-flash:free,stop,,gen-1769163013-haw8tR44awkpfU4NFccq
3553,aapp_competition_test,0,4518,2311,0,C:\Users\durgamaniryudh\Desktop\Learn\testing_evals\test\aapp_competition_test\3553\3553_gen_0.sv,xiaomi/mimo-v2-flash:free,stop,,gen-1769163086-W9w1sNpLmQoUrV6EfWxM
758,mbpp_train,0,4284,1909,0,C:\Users\durgamaniryudh\Desktop\Learn\testing_evals\test\mbpp_train\758\758_gen_0.sv,xiaomi/mimo-v2-flash:free,stop,,gen-1769163090-sUWK4wNXgHQuz4Sy9Mbu
3555,aapp_competition_test,0,4809,2346,0,C:\Users\durgamaniryudh\Desktop\Learn\testing_evals\test\aapp_competition_test\3555\3555_gen_0.sv,xiaomi/mimo-v2-flash:free,stop,,gen-1769163099-XN5KvJsKflbBpkYG5zcP
3551,aapp_competition_test,0,4225,4192,0,C:\Users\durgamaniryudh\Desktop\Learn\testing_evals\test\aapp_competition_test\3551\3551_gen_0.sv,xiaomi/mimo-v2-flash:free,stop,,gen-1769163078-6db1k5WROYIVCM08f9Ph
3463,aapp_competition_test,0,4117,1851,0,C:\Users\durgamaniryudh\Desktop\Learn\testing_evals\test\aapp_competition_test\3463\3463_gen_0.sv,xiaomi/mimo-v2-flash:free,stop,,gen-1769163107-mtaeCPGwwigUmQk5JRqW
591,mbpp_validation,0,4307,590,0,C:\Users\durgamaniryudh\Desktop\Learn\testing_evals\test\mbpp_validation\591\591_gen_0.sv,xiaomi/mimo-v2-flash:free,stop,,gen-1769163118-uRv1QLzJ0wWWz62JYp8T
582,mbpp_validation,0,4287,1408,0,C:\Users\durgamaniryudh\Desktop\Learn\testing_evals\test\mbpp_validation\582\582_gen_0.sv,xiaomi/mimo-v2-flash:free,stop,,gen-1769163104-MeUqbj3w9bPiv03XVJJ3
3447,aapp_competition_test,0,4481,11260,0,C:\Users\durgamaniryudh\Desktop\Learn\testing_evals\test\aapp_competition_test\3447\3447_gen_0.sv,xiaomi/mimo-v2-flash:free,stop,,gen-1769162971-bsH6McZ6OmvhHJjPejdQ
3458,aapp_competition_test,0,4545,3730,0,C:\Users\durgamaniryudh\Desktop\Learn\testing_evals\test\aapp_competition_test\3458\3458_gen_0.sv,xiaomi/mimo-v2-flash:free,stop,,gen-1769163086-lljM0skcWAA82X9qu6qw
3175,aapp_competition_test,0,4674,2566,0,C:\Users\durgamaniryudh\Desktop\Learn\testing_evals\test\aapp_competition_test\3175\3175_gen_0.sv,xiaomi/mimo-v2-flash:free,stop,,gen-1769163095-BQW5YomjRNZ9rpeYUWl6
3452,aapp_competition_test,0,4669,3108,0,C:\Users\durgamaniryudh\Desktop\Learn\testing_evals\test\aapp_competition_test\3452\3452_gen_0.sv,xiaomi/mimo-v2-flash:free,stop,,gen-1769163095-RwSfI2jl59uPxFToV1i0
3445,aapp_competition_test,0,4738,2592,0,C:\Users\durgamaniryudh\Desktop\Learn\testing_evals\test\aapp_competition_test\3445\3445_gen_0.sv,xiaomi/mimo-v2-flash:free,stop,,gen-1769163127-qx547oiRR1YVEvKcB7VA
597,mbpp_validation,0,4466,2121,0,C:\Users\durgamaniryudh\Desktop\Learn\testing_evals\test\mbpp_validation\597\597_gen_0.sv,xiaomi/mimo-v2-flash:free,stop,,gen-1769163130-5XwD9j7CLwXEjfFuZiRh
3561,aapp_competition_test,0,4409,901,0,C:\Users\durgamaniryudh\Desktop\Learn\testing_evals\test\aapp_competition_test\3561\3561_gen_0.sv,xiaomi/mimo-v2-flash:free,stop,,gen-1769163138-RthlAJaH6DF7E0RCkzxz
3182,aapp_competition_test,0,4480,2429,0,C:\Users\durgamaniryudh\Desktop\Learn\testing_evals\test\aapp_competition_test\3182\3182_gen_0.sv,xiaomi/mimo-v2-flash:free,stop,,gen-1769163127-epvUyAFF7kz5DJ7ROAhZ
556,mbpp_validation,0,4110,918,0,C:\Users\durgamaniryudh\Desktop\Learn\testing_evals\test\mbpp_validation\556\556_gen_0.sv,xiaomi/mimo-v2-flash:free,stop,,gen-1769163148-PVmmw8RIL0ITMDIUEJWd
3460,aapp_competition_test,0,4832,3341,0,C:\Users\durgamaniryudh\Desktop\Learn\testing_evals\test\aapp_competition_test\3460\3460_gen_0.sv,xiaomi/mimo-v2-flash:free,stop,,gen-1769163136-9ZptXGCa0cEFsePFKb4l
568,mbpp_validation,0,4197,631,0,C:\Users\durgamaniryudh\Desktop\Learn\testing_evals\test\mbpp_validation\568\568_gen_0.sv,xiaomi/mimo-v2-flash:free,stop,,gen-1769163158-F5tEztq1RW8sYwaupDm5
3454,aapp_competition_test,0,4686,1757,0,C:\Users\durgamaniryudh\Desktop\Learn\testing_evals\test\aapp_competition_test\3454\3454_gen_0.sv,xiaomi/mimo-v2-flash:free,stop,,gen-1769163148-ulmpXjHRZ7Xknv8SzKAf
3180,aapp_competition_test,0,4573,2177,0,C:\Users\durgamaniryudh\Desktop\Learn\testing_evals\test\aapp_competition_test\3180\3180_gen_0.sv,xiaomi/mimo-v2-flash:free,stop,,gen-1769163133-30Ozxzi268jp4bQt6gRs
3181,aapp_competition_test,0,4550,1603,0,C:\Users\durgamaniryudh\Desktop\Learn\testing_evals\test\aapp_competition_test\3181\3181_gen_0.sv,xiaomi/mimo-v2-flash:free,stop,,gen-1769163148-602nHUJJxsxxGQDmkFLz
3187,aapp_competition_test,0,4723,2763,0,C:\Users\durgamaniryudh\Desktop\Learn\testing_evals\test\aapp_competition_test\3187\3187_gen_0.sv,xiaomi/mimo-v2-flash:free,stop,,gen-1769163173-krQUYgZObP5lDYGI55k0
3190,aapp_competition_test,0,4777,3338,0,C:\Users\durgamaniryudh\Desktop\Learn\testing_evals\test\aapp_competition_test\3190\3190_gen_0.sv,xiaomi/mimo-v2-flash:free,stop,,gen-1769163163-Os2c4HBpRkjP2ON4huPb
3119,aapp_competition_test,0,4162,11541,0,C:\Users\durgamaniryudh\Desktop\Learn\testing_evals\test\aapp_competition_test\3119\3119_gen_0.sv,xiaomi/mimo-v2-flash:free,stop,,gen-1769163105-CftCGOvybW2Dqg6aZsKf
562,mbpp_validation,0,4465,611,0,C:\Users\durgamaniryudh\Desktop\Learn\testing_evals\test\mbpp_validation\562\562_gen_0.sv,xiaomi/mimo-v2-flash:free,stop,,gen-1769163173-KNp4hjFtqGEX5NPGBg3l
3178,aapp_competition_test,0,4593,6333,0,C:\Users\durgamaniryudh\Desktop\Learn\testing_evals\test\aapp_competition_test\3178\3178_gen_0.sv,xiaomi/mimo-v2-flash:free,stop,,gen-1769163070-JDV6E6IDBzx0HBTQGzSn
3562,aapp_competition_test,0,4643,2710,0,C:\Users\durgamaniryudh\Desktop\Learn\testing_evals\test\aapp_competition_test\3562\3562_gen_0.sv,xiaomi/mimo-v2-flash:free,stop,,gen-1769163201-crMM8AXQY0DJIB8Q0G6H
3559,aapp_competition_test,0,4637,12441,0,C:\Users\durgamaniryudh\Desktop\Learn\testing_evals\test\aapp_competition_test\3559\3559_gen_0.sv,xiaomi/mimo-v2-flash:free,stop,,gen-1769163117-sjTU22NTNI3x3KLKlZZB
581,mbpp_validation,0,4323,1365,0,C:\Users\durgamaniryudh\Desktop\Learn\testing_evals\test\mbpp_validation\581\581_gen_0.sv,xiaomi/mimo-v2-flash:free,stop,,gen-1769163216-IXcaqbFsRyUJe29LTZuK
3461,aapp_competition_test,0,4883,5246,0,C:\Users\durgamaniryudh\Desktop\Learn\testing_evals\test\aapp_competition_test\3461\3461_gen_0.sv,xiaomi/mimo-v2-flash:free,stop,,gen-1769163165-BcRiqDAf7wbJhHttQjNS
3465,aapp_competition_test,0,4454,1891,0,C:\Users\durgamaniryudh\Desktop\Learn\testing_evals\test\aapp_competition_test\3465\3465_gen_0.sv,xiaomi/mimo-v2-flash:free,stop,,gen-1769163221-bkokyZvkMSOWZFlTy3Rb
3188,aapp_competition_test,0,4561,3135,0,C:\Users\durgamaniryudh\Desktop\Learn\testing_evals\test\aapp_competition_test\3188\3188_gen_0.sv,xiaomi/mimo-v2-flash:free,stop,,gen-1769163220-DyzJkqHdT1zm0GobgWSp
3557,aapp_competition_test,0,4399,7997,0,C:\Users\durgamaniryudh\Desktop\Learn\testing_evals\test\aapp_competition_test\3557\3557_gen_0.sv,xiaomi/mimo-v2-flash:free,stop,,gen-1769163168-ujsbYcsVzyWpbrSvdeYl
3550,aapp_competition_test,0,4568,3740,0,C:\Users\durgamaniryudh\Desktop\Learn\testing_evals\test\aapp_competition_test\3550\3550_gen_0.sv,xiaomi/mimo-v2-flash:free,stop,,gen-1769163152-O4afzxy0vmqHmbSgbo0C
3556,aapp_competition_test,0,4638,5646,0,C:\Users\durgamaniryudh\Desktop\Learn\testing_evals\test\aapp_competition_test\3556\3556_gen_0.sv,xiaomi/mimo-v2-flash:free,stop,,gen-1769163128-YoITIU2SwsT97ZlVAi4r
3185,aapp_competition_test,0,4129,982,0,C:\Users\durgamaniryudh\Desktop\Learn\testing_evals\test\aapp_competition_test\3185\3185_gen_0.sv,xiaomi/mimo-v2-flash:free,stop,,gen-1769163235-1BfUILfUbKWa7WMdoagn
592,mbpp_validation,0,4325,1338,0,C:\Users\durgamaniryudh\Desktop\Learn\testing_evals\test\mbpp_validation\592\592_gen_0.sv,xiaomi/mimo-v2-flash:free,stop,,gen-1769163224-kdD4DpTeEbmyTGTWR53E
3563,aapp_competition_test,0,4523,2903,0,C:\Users\durgamaniryudh\Desktop\Learn\testing_evals\test\aapp_competition_test\3563\3563_gen_0.sv,xiaomi/mimo-v2-flash:free,stop,,gen-1769163224-sf3pnwJNOmj0cGc8jxku
3464,aapp_competition_test,0,4178,5354,0,C:\Users\durgamaniryudh\Desktop\Learn\testing_evals\test\aapp_competition_test\3464\3464_gen_0.sv,xiaomi/mimo-v2-flash:free,stop,,gen-1769163199-98FFgnprJuzZNiIAA9nT
3192,aapp_competition_test,0,4540,2284,0,C:\Users\durgamaniryudh\Desktop\Learn\testing_evals\test\aapp_competition_test\3192\3192_gen_0.sv,xiaomi/mimo-v2-flash:free,stop,,gen-1769163256-0A42gUe6M4wImxGD0vMr
3470,aapp_competition_test,0,4628,1331,0,C:\Users\durgamaniryudh\Desktop\Learn\testing_evals\test\aapp_competition_test\3470\3470_gen_0.sv,xiaomi/mimo-v2-flash:free,stop,,gen-1769163264-bgvuwv6r9OKl7oXp8Sir
3193,aapp_competition_test,0,4305,2083,0,C:\Users\durgamaniryudh\Desktop\Learn\testing_evals\test\aapp_competition_test\3193\3193_gen_0.sv,xiaomi/mimo-v2-flash:free,stop,,gen-1769163263-Yrv6LRGVFI41NJwtB5hh
563,mbpp_validation,0,4503,1906,0,C:\Users\durgamaniryudh\Desktop\Learn\testing_evals\test\mbpp_validation\563\563_gen_0.sv,xiaomi/mimo-v2-flash:free,stop,,gen-1769163248-aTQq0j5bInZknqFwcnth
3567,aapp_competition_test,0,4627,2371,0,C:\Users\durgamaniryudh\Desktop\Learn\testing_evals\test\aapp_competition_test\3567\3567_gen_0.sv,xiaomi/mimo-v2-flash:free,stop,,gen-1769163265-sxY2nsLGAVmni5iGKs7D
3565,aapp_competition_test,0,4445,2129,0,C:\Users\durgamaniryudh\Desktop\Learn\testing_evals\test\aapp_competition_test\3565\3565_gen_0.sv,xiaomi/mimo-v2-flash:free,stop,,gen-1769163258-RyiA1X9YIRUPK1QWFHPl
576,mbpp_validation,0,4338,1172,0,C:\Users\durgamaniryudh\Desktop\Learn\testing_evals\test\mbpp_validation\576\576_gen_0.sv,xiaomi/mimo-v2-flash:free,stop,,gen-1769163260-zftkKzz88PjRSjPk6TTn
564,mbpp_validation,0,4178,1516,0,C:\Users\durgamaniryudh\Desktop\Learn\testing_evals\test\mbpp_validation\564\564_gen_0.sv,xiaomi/mimo-v2-flash:free,stop,,gen-1769163275-jj32GuICGHC2TFjMHM89
3184,aapp_competition_test,0,4417,1803,0,C:\Users\durgamaniryudh\Desktop\Learn\testing_evals\test\aapp_competition_test\3184\3184_gen_0.sv,xiaomi/mimo-v2-flash:free,stop,,gen-1769163276-faokPH1WT8vC71gbe2xU
588,mbpp_validation,0,4388,928,0,C:\Users\durgamaniryudh\Desktop\Learn\testing_evals\test\mbpp_validation\588\588_gen_0.sv,xiaomi/mimo-v2-flash:free,stop,,gen-1769163295-DkRJ0mHumbzJbFU1J9qi
3566,aapp_competition_test,0,5035,1272,0,C:\Users\durgamaniryudh\Desktop\Learn\testing_evals\test\aapp_competition_test\3566\3566_gen_0.sv,xiaomi/mimo-v2-flash:free,stop,,gen-1769163285-jjTx2pUNt8vrHxflTwl0
3471,aapp_competition_test,0,4420,6031,0,C:\Users\durgamaniryudh\Desktop\Learn\testing_evals\test\aapp_competition_test\3471\3471_gen_0.sv,xiaomi/mimo-v2-flash:free,stop,,gen-1769163258-ZBC8qJu3sm2iGnF8gmCF
3468,aapp_competition_test,0,5377,3823,0,C:\Users\durgamaniryudh\Desktop\Learn\testing_evals\test\aapp_competition_test\3468\3468_gen_0.sv,xiaomi/mimo-v2-flash:free,stop,,gen-1769163238-9aZ5Rjese5bFsKTfP23W
3196,aapp_competition_test,0,4584,3713,0,C:\Users\durgamaniryudh\Desktop\Learn\testing_evals\test\aapp_competition_test\3196\3196_gen_0.sv,xiaomi/mimo-v2-flash:free,stop,,gen-1769163287-G8WjIriPeWTsvExkpzdh
3477,aapp_competition_test,0,4470,2650,0,C:\Users\durgamaniryudh\Desktop\Learn\testing_evals\test\aapp_competition_test\3477\3477_gen_0.sv,xiaomi/mimo-v2-flash:free,stop,,gen-1769163308-PkEMat2JVY4yP7FVUeSi
3560,aapp_competition_test,0,4505,4498,0,C:\Users\durgamaniryudh\Desktop\Learn\testing_evals\test\aapp_competition_test\3560\3560_gen_0.sv,xiaomi/mimo-v2-flash:free,stop,,gen-1769163293-fIwUrZtLQCIOUShGyZlt
593,mbpp_validation,0,4597,2737,0,C:\Users\durgamaniryudh\Desktop\Learn\testing_evals\test\mbpp_validation\593\593_gen_0.sv,xiaomi/mimo-v2-flash:free,stop,,gen-1769163311-XxHYaipMXdzcftUNphvE
3194,aapp_competition_test,0,4432,1471,0,C:\Users\durgamaniryudh\Desktop\Learn\testing_evals\test\aapp_competition_test\3194\3194_gen_0.sv,xiaomi/mimo-v2-flash:free,stop,,gen-1769163304-erNhKByk8tmnjc8aZu5h
589,mbpp_validation,0,4344,882,0,C:\Users\durgamaniryudh\Desktop\Learn\testing_evals\test\mbpp_validation\589\589_gen_0.sv,xiaomi/mimo-v2-flash:free,stop,,gen-1769163335-S3h78n9hqkvPfuOHD8mP
3473,aapp_competition_test,0,4718,6264,0,C:\Users\durgamaniryudh\Desktop\Learn\testing_evals\test\aapp_competition_test\3473\3473_gen_0.sv,xiaomi/mimo-v2-flash:free,stop,,gen-1769163280-ontKTbcQGJDzdWRrDWRI
3572,aapp_competition_test,0,4419,2940,0,C:\Users\durgamaniryudh\Desktop\Learn\testing_evals\test\aapp_competition_test\3572\3572_gen_0.sv,xiaomi/mimo-v2-flash:free,stop,,gen-1769163332-XVUTlA5a0HfLtCL1nTFd
558,mbpp_validation,0,4184,1558,0,C:\Users\durgamaniryudh\Desktop\Learn\testing_evals\test\mbpp_validation\558\558_gen_0.sv,xiaomi/mimo-v2-flash:free,stop,,gen-1769163285-UEHWU278dw2z5uaET6bL
3183,aapp_competition_test,0,4444,3005,0,C:\Users\durgamaniryudh\Desktop\Learn\testing_evals\test\aapp_competition_test\3183\3183_gen_0.sv,xiaomi/mimo-v2-flash:free,stop,,gen-1769163322-TtFoDimTMMNp5FazIw56
578,mbpp_validation,0,4605,849,0,C:\Users\durgamaniryudh\Desktop\Learn\testing_evals\test\mbpp_validation\578\578_gen_0.sv,xiaomi/mimo-v2-flash:free,stop,,gen-1769163356-m5rxkuTOI6bGfgKmSC58
3189,aapp_competition_test,0,4428,3051,0,C:\Users\durgamaniryudh\Desktop\Learn\testing_evals\test\aapp_competition_test\3189\3189_gen_0.sv,xiaomi/mimo-v2-flash:free,stop,,gen-1769163346-7k17jvSs3dncp56LKLAG
3569,aapp_competition_test,0,4543,4311,0,C:\Users\durgamaniryudh\Desktop\Learn\testing_evals\test\aapp_competition_test\3569\3569_gen_0.sv,xiaomi/mimo-v2-flash:free,stop,,gen-1769163308-OZOIqoJKQo3qWloM6V3x
3474,aapp_competition_test,0,4427,4056,0,C:\Users\durgamaniryudh\Desktop\Learn\testing_evals\test\aapp_competition_test\3474\3474_gen_0.sv,xiaomi/mimo-v2-flash:free,stop,,gen-1769163369-fzOYqOP0mTYTTdNn8GnI
584,mbpp_validation,0,4226,1439,0,C:\Users\durgamaniryudh\Desktop\Learn\testing_evals\test\mbpp_validation\584\584_gen_0.sv,xiaomi/mimo-v2-flash:free,stop,,gen-1769163387-6ZBoMbMZlu0Wuw032R4x
3575,aapp_competition_test,0,4463,3328,0,C:\Users\durgamaniryudh\Desktop\Learn\testing_evals\test\aapp_competition_test\3575\3575_gen_0.sv,xiaomi/mimo-v2-flash:free,stop,,gen-1769163374-U19UVjPKqkPFFkow1fUC
3198,aapp_competition_test,0,4693,2928,0,C:\Users\durgamaniryudh\Desktop\Learn\testing_evals\test\aapp_competition_test\3198\3198_gen_0.sv,xiaomi/mimo-v2-flash:free,stop,,gen-1769163404-MuUOIDsMHs8iLFggA5ep
3574,aapp_competition_test,0,4762,1423,0,C:\Users\durgamaniryudh\Desktop\Learn\testing_evals\test\aapp_competition_test\3574\3574_gen_0.sv,xiaomi/mimo-v2-flash:free,stop,,gen-1769163418-vfS5HWD6atktYWZkcFoG
598,mbpp_validation,0,4989,1435,0,C:\Users\durgamaniryudh\Desktop\Learn\testing_evals\test\mbpp_validation\598\598_gen_0.sv,xiaomi/mimo-v2-flash:free,stop,,gen-1769163419-TXMD2j4mORGBmPldPI76
3201,aapp_competition_test,0,4711,2985,0,C:\Users\durgamaniryudh\Desktop\Learn\testing_evals\test\aapp_competition_test\3201\3201_gen_0.sv,xiaomi/mimo-v2-flash:free,stop,,gen-1769163429-MotHvMwteCHoVaY9KQt9
594,mbpp_validation,0,4222,954,0,C:\Users\durgamaniryudh\Desktop\Learn\testing_evals\test\mbpp_validation\594\594_gen_0.sv,xiaomi/mimo-v2-flash:free,stop,,gen-1769163458-aphqa5qVFgtD8O52uwE1
3479,aapp_competition_test,0,4317,7962,0,C:\Users\durgamaniryudh\Desktop\Learn\testing_evals\test\aapp_competition_test\3479\3479_gen_0.sv,xiaomi/mimo-v2-flash:free,stop,,gen-1769163408-RDaKJV76Tol1AfJf33p9
3573,aapp_competition_test,0,4412,4307,0,C:\Users\durgamaniryudh\Desktop\Learn\testing_evals\test\aapp_competition_test\3573\3573_gen_0.sv,xiaomi/mimo-v2-flash:free,stop,,gen-1769163445-86JnO2DeuypphXwjQ8Ti
3199,aapp_competition_test,0,4489,4373,0,C:\Users\durgamaniryudh\Desktop\Learn\testing_evals\test\aapp_competition_test\3199\3199_gen_0.sv,xiaomi/mimo-v2-flash:free,stop,,gen-1769163361-1sfM4Z2njucskFXXlBli
3577,aapp_competition_test,0,4391,2118,0,C:\Users\durgamaniryudh\Desktop\Learn\testing_evals\test\aapp_competition_test\3577\3577_gen_0.sv,xiaomi/mimo-v2-flash:free,stop,,gen-1769163482-LfWeUWp1fM8Jh5J6OzDr
3478,aapp_competition_test,0,4582,2917,0,C:\Users\durgamaniryudh\Desktop\Learn\testing_evals\test\aapp_competition_test\3478\3478_gen_0.sv,xiaomi/mimo-v2-flash:free,stop,,gen-1769163477-bcOfWO9wUxTiBpK7Iyrx
3202,aapp_competition_test,0,4388,2315,0,C:\Users\durgamaniryudh\Desktop\Learn\testing_evals\test\aapp_competition_test\3202\3202_gen_0.sv,xiaomi/mimo-v2-flash:free,stop,,gen-1769163475-lLHgfDVlcTEUpsFzRxru
565,mbpp_validation,0,4355,1236,0,C:\Users\durgamaniryudh\Desktop\Learn\testing_evals\test\mbpp_validation\565\565_gen_0.sv,xiaomi/mimo-v2-flash:free,stop,,gen-1769163497-CBIIilBWHZmngjKnIbjH
3476,aapp_competition_test,0,4331,22048,0,C:\Users\durgamaniryudh\Desktop\Learn\testing_evals\test\aapp_competition_test\3476\3476_gen_0.sv,xiaomi/mimo-v2-flash:free,stop,,gen-1769163287-ejrsf7Zcj3vCoZxgZOH6
3472,aapp_competition_test,0,4254,16992,0,C:\Users\durgamaniryudh\Desktop\Learn\testing_evals\test\aapp_competition_test\3472\3472_gen_0.sv,xiaomi/mimo-v2-flash:free,stop,,gen-1769163330-VCQT0wsoOk0DGVw5k0fb
3484,aapp_competition_test,0,4472,3218,0,C:\Users\durgamaniryudh\Desktop\Learn\testing_evals\test\aapp_competition_test\3484\3484_gen_0.sv,xiaomi/mimo-v2-flash:free,stop,,gen-1769163520-wdQEa7s3ktcOEvrFyuaE
554,mbpp_validation,0,4554,861,0,C:\Users\durgamaniryudh\Desktop\Learn\testing_evals\test\mbpp_validation\554\554_gen_0.sv,xiaomi/mimo-v2-flash:free,stop,,gen-1769163550-NgEYLYKKeBJm01pQbUfK
3568,aapp_competition_test,0,9838,14893,0,C:\Users\durgamaniryudh\Desktop\Learn\testing_evals\test\aapp_competition_test\3568\3568_gen_0.sv,xiaomi/mimo-v2-flash:free,stop,,gen-1769163350-vw4qXxMb610nDCjDki35
573,mbpp_validation,0,4328,2397,0,C:\Users\durgamaniryudh\Desktop\Learn\testing_evals\test\mbpp_validation\573\573_gen_0.sv,xiaomi/mimo-v2-flash:free,stop,,gen-1769163569-tbt8DoBFSbvwBcPPLsI3
3483,aapp_competition_test,0,4326,4412,0,C:\Users\durgamaniryudh\Desktop\Learn\testing_evals\test\aapp_competition_test\3483\3483_gen_0.sv,xiaomi/mimo-v2-flash:free,stop,,gen-1769163560-83AK3hI7QzFUQBCrj30I
3205,aapp_competition_test,0,4490,1838,0,C:\Users\durgamaniryudh\Desktop\Learn\testing_evals\test\aapp_competition_test\3205\3205_gen_0.sv,xiaomi/mimo-v2-flash:free,stop,,gen-1769163570-kQsIzpaq9aSCfxFynzcc
566,mbpp_validation,0,4076,1125,0,C:\Users\durgamaniryudh\Desktop\Learn\testing_evals\test\mbpp_validation\566\566_gen_0.sv,xiaomi/mimo-v2-flash:free,stop,,gen-1769163600-aI5uyoLQk10rILdUPmTd
3488,aapp_competition_test,0,4704,2872,0,C:\Users\durgamaniryudh\Desktop\Learn\testing_evals\test\aapp_competition_test\3488\3488_gen_0.sv,xiaomi/mimo-v2-flash:free,stop,,gen-1769163590-Z8WDQWHdAZhsDOecYQIL
3191,aapp_competition_test,0,4272,1294,0,C:\Users\durgamaniryudh\Desktop\Learn\testing_evals\test\aapp_competition_test\3191\3191_gen_0.sv,xiaomi/mimo-v2-flash:free,stop,,gen-1769163615-AXiJJQlbQQF55HDaM9W2
3564,aapp_competition_test,0,4605,40038,0,C:\Users\durgamaniryudh\Desktop\Learn\testing_evals\test\aapp_competition_test\3564\3564_gen_0.sv,xiaomi/mimo-v2-flash:free,stop,,gen-1769163245-OOOoSBio8m4eiXBW84Rh
3570,aapp_competition_test,0,5022,6357,0,C:\Users\durgamaniryudh\Desktop\Learn\testing_evals\test\aapp_competition_test\3570\3570_gen_0.sv,xiaomi/mimo-v2-flash:free,stop,,gen-1769163528-veuu3C0Qyq80RJuXoTy9
3482,aapp_competition_test,0,4433,2842,0,C:\Users\durgamaniryudh\Desktop\Learn\testing_evals\test\aapp_competition_test\3482\3482_gen_0.sv,xiaomi/mimo-v2-flash:free,stop,,gen-1769163621-j4JKLZrQzCs36JnxFNsU
569,mbpp_validation,0,6272,2373,0,C:\Users\durgamaniryudh\Desktop\Learn\testing_evals\test\mbpp_validation\569\569_gen_0.sv,xiaomi/mimo-v2-flash:free,stop,,gen-1769163627-iD1reDtjzn7vV8NGW7xr
3173,aapp_competition_test,0,4881,6270,0,C:\Users\durgamaniryudh\Desktop\Learn\testing_evals\test\aapp_competition_test\3173\3173_gen_0.sv,xiaomi/mimo-v2-flash:free,stop,,gen-1769163503-ohiRitn08r69MSJZAYIG
3579,aapp_competition_test,0,4580,4360,0,C:\Users\durgamaniryudh\Desktop\Learn\testing_evals\test\aapp_competition_test\3579\3579_gen_0.sv,xiaomi/mimo-v2-flash:free,stop,,gen-1769163626-CQCTFzc8ox0XZszgw1CT
3204,aapp_competition_test,0,4383,12522,0,C:\Users\durgamaniryudh\Desktop\Learn\testing_evals\test\aapp_competition_test\3204\3204_gen_0.sv,xiaomi/mimo-v2-flash:free,stop,,gen-1769163559-4rj9VvXudkklyZKgLDm6
3469,aapp_competition_test,0,4251,28436,0,C:\Users\durgamaniryudh\Desktop\Learn\testing_evals\test\aapp_competition_test\3469\3469_gen_0.sv,xiaomi/mimo-v2-flash:free,stop,,gen-1769163347-sBkNFaQ4X7Ijh8wErZZz
3475,aapp_competition_test,0,4770,20057,0,C:\Users\durgamaniryudh\Desktop\Learn\testing_evals\test\aapp_competition_test\3475\3475_gen_0.sv,xiaomi/mimo-v2-flash:free,stop,,gen-1769163444-onObyislaWuq6KZqMGsl
579,mbpp_validation,0,4285,1890,0,C:\Users\durgamaniryudh\Desktop\Learn\testing_evals\test\mbpp_validation\579\579_gen_0.sv,xiaomi/mimo-v2-flash:free,stop,,gen-1769163667-zFmoDWUUbOeER8EWzhSt
3203,aapp_competition_test,0,6085,2226,0,C:\Users\durgamaniryudh\Desktop\Learn\testing_evals\test\aapp_competition_test\3203\3203_gen_0.sv,xiaomi/mimo-v2-flash:free,stop,,gen-1769163668-kVzNgKJcsWyTXqfkxbOb
3206,aapp_competition_test,0,4630,2090,0,C:\Users\durgamaniryudh\Desktop\Learn\testing_evals\test\aapp_competition_test\3206\3206_gen_0.sv,xiaomi/mimo-v2-flash:free,stop,,gen-1769163646-mPVkOjKXtCQAT4eW9m1a
590,mbpp_validation,0,4407,2432,0,C:\Users\durgamaniryudh\Desktop\Learn\testing_evals\test\mbpp_validation\590\590_gen_0.sv,xiaomi/mimo-v2-flash:free,stop,,gen-1769163682-3KZrhtw8lwYQYxvkuY73
3489,aapp_competition_test,0,4469,1422,0,C:\Users\durgamaniryudh\Desktop\Learn\testing_evals\test\aapp_competition_test\3489\3489_gen_0.sv,xiaomi/mimo-v2-flash:free,stop,,gen-1769163692-BacFLal6Xpd6D32VH0Qn
3585,aapp_competition_test,0,4427,1135,0,C:\Users\durgamaniryudh\Desktop\Learn\testing_evals\test\aapp_competition_test\3585\3585_gen_0.sv,xiaomi/mimo-v2-flash:free,stop,,gen-1769163698-buNNABY8a03LzdhmrCMg
3207,aapp_competition_test,0,4964,3938,0,C:\Users\durgamaniryudh\Desktop\Learn\testing_evals\test\aapp_competition_test\3207\3207_gen_0.sv,xiaomi/mimo-v2-flash:free,stop,,gen-1769163687-68pzljPcPecsLQDnA9G1
3490,aapp_competition_test,0,4519,7632,0,C:\Users\durgamaniryudh\Desktop\Learn\testing_evals\test\aapp_competition_test\3490\3490_gen_0.sv,xiaomi/mimo-v2-flash:free,stop,,gen-1769163671-tS38FDy1Lkom4beRjJ94
3580,aapp_competition_test,0,4435,1171,0,C:\Users\durgamaniryudh\Desktop\Learn\testing_evals\test\aapp_competition_test\3580\3580_gen_0.sv,xiaomi/mimo-v2-flash:free,stop,,gen-1769163721-x4Qtu6LiNC85yYDPkwev
586,mbpp_validation,0,4292,1450,0,C:\Users\durgamaniryudh\Desktop\Learn\testing_evals\test\mbpp_validation\586\586_gen_0.sv,xiaomi/mimo-v2-flash:free,stop,,gen-1769163728-gtjfOTHV1givM0qBXDkJ
3208,aapp_competition_test,0,5275,4666,0,C:\Users\durgamaniryudh\Desktop\Learn\testing_evals\test\aapp_competition_test\3208\3208_gen_0.sv,xiaomi/mimo-v2-flash:free,stop,,gen-1769163708-72cKqnRNSmSJM6LTcwxG
3576,aapp_competition_test,0,5601,6300,0,C:\Users\durgamaniryudh\Desktop\Learn\testing_evals\test\aapp_competition_test\3576\3576_gen_0.sv,xiaomi/mimo-v2-flash:free,stop,,gen-1769163662-2cNCg0jpH7nKrrbVILLf
3583,aapp_competition_test,0,4462,8425,0,C:\Users\durgamaniryudh\Desktop\Learn\testing_evals\test\aapp_competition_test\3583\3583_gen_0.sv,xiaomi/mimo-v2-flash:free,stop,,gen-1769163678-PP0JBhxIeIEeS3xw24Km
37,human_eval_test,0,4248,1466,0,C:\Users\durgamaniryudh\Desktop\Learn\testing_evals\test\human_eval_test\37\37_gen_0.sv,xiaomi/mimo-v2-flash:free,stop,,gen-1769163746-tvEIz6XvLdEo6h0YA8P7
585,mbpp_validation,0,4553,6379,0,C:\Users\durgamaniryudh\Desktop\Learn\testing_evals\test\mbpp_validation\585\585_gen_0.sv,xiaomi/mimo-v2-flash:free,stop,,gen-1769163706-MyY1ZXQzlQC9uylwqO13
3344,aapp_competition_test,0,4521,2764,0,C:\Users\durgamaniryudh\Desktop\Learn\testing_evals\test\aapp_competition_test\3344\3344_gen_0.sv,xiaomi/mimo-v2-flash:free,stop,,gen-1769163743-JwMpIzCksTsj8yq8c46A
435,mbpp_test,0,4036,511,0,C:\Users\durgamaniryudh\Desktop\Learn\testing_evals\test\mbpp_test\435\435_gen_0.sv,xiaomi/mimo-v2-flash:free,stop,,gen-1769163740-gVnNoE9UBe9IBdNgAmcA
3683,aapp_competition_test,0,4730,2113,0,C:\Users\durgamaniryudh\Desktop\Learn\testing_evals\test\aapp_competition_test\3683\3683_gen_0.sv,xiaomi/mimo-v2-flash:free,stop,,gen-1769163762-9kSA9UVAgk2qumm7qjP0
3493,aapp_competition_test,0,4412,17384,0,C:\Users\durgamaniryudh\Desktop\Learn\testing_evals\test\aapp_competition_test\3493\3493_gen_0.sv,xiaomi/mimo-v2-flash:free,stop,,gen-1769163658-4FWa0qAZrIj7yuoUl0KS
389,mbpp_test,0,4353,726,0,C:\Users\durgamaniryudh\Desktop\Learn\testing_evals\test\mbpp_test\389\389_gen_0.sv,xiaomi/mimo-v2-flash:free,stop,,gen-1769163776-de7MaglCAUZXl13ieBUu
128,mbpp_test,0,4604,2887,0,C:\Users\durgamaniryudh\Desktop\Learn\testing_evals\test\mbpp_test\128\128_gen_0.sv,xiaomi/mimo-v2-flash:free,stop,,gen-1769163756-nbNlh5cZUX470SM0Ig0r
3578,aapp_competition_test,0,5151,10772,0,C:\Users\durgamaniryudh\Desktop\Learn\testing_evals\test\aapp_competition_test\3578\3578_gen_0.sv,xiaomi/mimo-v2-flash:free,stop,,gen-1769163599-kEemXG6LADH2HoNw5KZN
121,human_eval_test,0,4255,854,0,C:\Users\durgamaniryudh\Desktop\Learn\testing_evals\test\human_eval_test\121\121_gen_0.sv,xiaomi/mimo-v2-flash:free,stop,,gen-1769163773-CRDlAujOhEzDvPFmydNI
162,human_eval_test,0,5889,1053,0,C:\Users\durgamaniryudh\Desktop\Learn\testing_evals\test\human_eval_test\162\162_gen_0.sv,xiaomi/mimo-v2-flash:free,stop,,gen-1769163782-JCFdcaOiSzkXk4a52QqD
3348,aapp_competition_test,0,4213,2658,0,C:\Users\durgamaniryudh\Desktop\Learn\testing_evals\test\aapp_competition_test\3348\3348_gen_0.sv,xiaomi/mimo-v2-flash:free,stop,,gen-1769163778-qtg3gPpitgOc4k7nsXZ0
3674,aapp_competition_test,0,4065,2189,0,C:\Users\durgamaniryudh\Desktop\Learn\testing_evals\test\aapp_competition_test\3674\3674_gen_0.sv,xiaomi/mimo-v2-flash:free,stop,,gen-1769163744-YyX8WW48VofgRTvOGCo6
242,mbpp_test,0,4430,669,0,C:\Users\durgamaniryudh\Desktop\Learn\testing_evals\test\mbpp_test\242\242_gen_0.sv,xiaomi/mimo-v2-flash:free,stop,,gen-1769163790-jJqtBSfjUNzaOx7AdDCY
58,human_eval_test,0,4484,2483,0,C:\Users\durgamaniryudh\Desktop\Learn\testing_evals\test\human_eval_test\58\58_gen_0.sv,xiaomi/mimo-v2-flash:free,stop,,gen-1769163796-jhp46LwLrsaC8qeSZUQa
3342,aapp_competition_test,0,4473,4451,0,C:\Users\durgamaniryudh\Desktop\Learn\testing_evals\test\aapp_competition_test\3342\3342_gen_0.sv,xiaomi/mimo-v2-flash:free,stop,,gen-1769163759-JM8MAIk1IJoVfu0cTGeq
3349,aapp_competition_test,0,4466,2211,0,C:\Users\durgamaniryudh\Desktop\Learn\testing_evals\test\aapp_competition_test\3349\3349_gen_0.sv,xiaomi/mimo-v2-flash:free,stop,,gen-1769163810-B2CRUnSY8MSioCTcnbXY
17,human_eval_test,0,4469,2635,0,C:\Users\durgamaniryudh\Desktop\Learn\testing_evals\test\human_eval_test\17\17_gen_0.sv,xiaomi/mimo-v2-flash:free,stop,,gen-1769163800-7uBgvAdHwBkGI5t9NNe8
3662,aapp_competition_test,0,12016,4326,0,C:\Users\durgamaniryudh\Desktop\Learn\testing_evals\test\aapp_competition_test\3662\3662_gen_0.sv,xiaomi/mimo-v2-flash:free,stop,,gen-1769163793-g2UGxfTy7MPc075b7sj9
79,human_eval_test,0,4554,1526,0,C:\Users\durgamaniryudh\Desktop\Learn\testing_evals\test\human_eval_test\79\79_gen_0.sv,xiaomi/mimo-v2-flash:free,stop,,gen-1769163825-y4YahG90VmGQwK2IF4ax
129,mbpp_test,0,4376,2184,0,C:\Users\durgamaniryudh\Desktop\Learn\testing_evals\test\mbpp_test\129\129_gen_0.sv,xiaomi/mimo-v2-flash:free,stop,,gen-1769163804-96O5y3r34ZkCTNlOHevF
3686,aapp_competition_test,0,4354,2185,0,C:\Users\durgamaniryudh\Desktop\Learn\testing_evals\test\aapp_competition_test\3686\3686_gen_0.sv,xiaomi/mimo-v2-flash:free,stop,,gen-1769163824-yr5NiqB7jtVrU0dGfnv1
3571,aapp_competition_test,0,4848,23631,0,C:\Users\durgamaniryudh\Desktop\Learn\testing_evals\test\aapp_competition_test\3571\3571_gen_0.sv,xiaomi/mimo-v2-flash:free,stop,,gen-1769163561-0OcMCw1lLF0pswoCcbBA
413,mbpp_test,0,4488,767,0,C:\Users\durgamaniryudh\Desktop\Learn\testing_evals\test\mbpp_test\413\413_gen_0.sv,xiaomi/mimo-v2-flash:free,stop,,gen-1769163842-PPtqyJpaa0lNI9CVhPhz
458,mbpp_test,0,4256,522,0,C:\Users\durgamaniryudh\Desktop\Learn\testing_evals\test\mbpp_test\458\458_gen_0.sv,xiaomi/mimo-v2-flash:free,stop,,gen-1769163837-INZvkKBsSAGKszGkIZmO
59,human_eval_test,0,4287,990,0,C:\Users\durgamaniryudh\Desktop\Learn\testing_evals\test\human_eval_test\59\59_gen_0.sv,xiaomi/mimo-v2-flash:free,stop,,gen-1769163841-kGxY5xxb1biaq5PBNkOv
3355,aapp_competition_test,0,4845,1673,0,C:\Users\durgamaniryudh\Desktop\Learn\testing_evals\test\aapp_competition_test\3355\3355_gen_0.sv,xiaomi/mimo-v2-flash:free,stop,,gen-1769163852-REOGyK1dOIf8WuEYd2jb
102,mbpp_test,0,4535,1340,0,C:\Users\durgamaniryudh\Desktop\Learn\testing_evals\test\mbpp_test\102\102_gen_0.sv,xiaomi/mimo-v2-flash:free,stop,,gen-1769163862-w6iY9Nag2lJHHtKeIj8q
3684,aapp_competition_test,0,4993,5750,0,C:\Users\durgamaniryudh\Desktop\Learn\testing_evals\test\aapp_competition_test\3684\3684_gen_0.sv,xiaomi/mimo-v2-flash:free,stop,,gen-1769163830-P1tRVJBEGMVdhAknltzD
143,human_eval_test,0,4330,1916,0,C:\Users\durgamaniryudh\Desktop\Learn\testing_evals\test\human_eval_test\143\143_gen_0.sv,xiaomi/mimo-v2-flash:free,stop,,gen-1769163876-n3COhjxCshKG0sRUw950
80,mbpp_test,0,4294,369,0,C:\Users\durgamaniryudh\Desktop\Learn\testing_evals\test\mbpp_test\80\80_gen_0.sv,xiaomi/mimo-v2-flash:free,stop,,gen-1769163904-hSwzl8VKdbjYT2qHJmki
3356,aapp_competition_test,0,4257,7845,0,C:\Users\durgamaniryudh\Desktop\Learn\testing_evals\test\aapp_competition_test\3356\3356_gen_0.sv,xiaomi/mimo-v2-flash:free,stop,,gen-1769163829-ngt9G0gzLekGKMpDpaCJ
142,human_eval_test,0,4517,1341,0,C:\Users\durgamaniryudh\Desktop\Learn\testing_evals\test\human_eval_test\142\142_gen_0.sv,xiaomi/mimo-v2-flash:free,stop,,gen-1769163861-P4PhfE9kLLyQPPNOafhx
80,human_eval_test,0,4208,1161,0,C:\Users\durgamaniryudh\Desktop\Learn\testing_evals\test\human_eval_test\80\80_gen_0.sv,xiaomi/mimo-v2-flash:free,stop,,gen-1769163911-EGPvmB2nNrWGctDjcinP
291,mbpp_test,0,4341,1257,0,C:\Users\durgamaniryudh\Desktop\Learn\testing_evals\test\mbpp_test\291\291_gen_0.sv,xiaomi/mimo-v2-flash:free,stop,,gen-1769163913-IhHgDeVVm8G65HOAQkqX
3354,aapp_competition_test,0,5024,4751,0,C:\Users\durgamaniryudh\Desktop\Learn\testing_evals\test\aapp_competition_test\3354\3354_gen_0.sv,xiaomi/mimo-v2-flash:free,stop,,gen-1769163870-c1YhbDJFJWlio2tyqirj
3685,aapp_competition_test,0,4867,6959,0,C:\Users\durgamaniryudh\Desktop\Learn\testing_evals\test\aapp_competition_test\3685\3685_gen_0.sv,xiaomi/mimo-v2-flash:free,stop,,gen-1769163860-D0rGG5S1uhWl5fdSW0tj
163,human_eval_test,0,4406,1015,0,C:\Users\durgamaniryudh\Desktop\Learn\testing_evals\test\human_eval_test\163\163_gen_0.sv,xiaomi/mimo-v2-flash:free,stop,,gen-1769163927-vkll1K1xqsHvRzhCeIgP
3682,aapp_competition_test,0,4666,3063,0,C:\Users\durgamaniryudh\Desktop\Learn\testing_evals\test\aapp_competition_test\3682\3682_gen_0.sv,xiaomi/mimo-v2-flash:free,stop,,gen-1769163909-yk1ZMZIMxHJX71qss7pr
436,mbpp_test,0,4256,995,0,C:\Users\durgamaniryudh\Desktop\Learn\testing_evals\test\mbpp_test\436\436_gen_0.sv,xiaomi/mimo-v2-flash:free,stop,,gen-1769163938-S9hVCxnNP0fE89mNnl9n
122,human_eval_test,0,4352,771,0,C:\Users\durgamaniryudh\Desktop\Learn\testing_evals\test\human_eval_test\122\122_gen_0.sv,xiaomi/mimo-v2-flash:free,stop,,gen-1769163948-jNNYDJwfywAY5vnGgvra
3353,aapp_competition_test,0,4437,2948,0,C:\Users\durgamaniryudh\Desktop\Learn\testing_evals\test\aapp_competition_test\3353\3353_gen_0.sv,xiaomi/mimo-v2-flash:free,stop,,gen-1769163935-TvttygmNCO7DDYY9AMgB
3345,aapp_competition_test,0,4478,19063,0,C:\Users\durgamaniryudh\Desktop\Learn\testing_evals\test\aapp_competition_test\3345\3345_gen_0.sv,xiaomi/mimo-v2-flash:free,stop,,gen-1769163791-WVZWujvZxrYAU00QTMjc
3352,aapp_competition_test,0,4623,4769,0,C:\Users\durgamaniryudh\Desktop\Learn\testing_evals\test\aapp_competition_test\3352\3352_gen_0.sv,xiaomi/mimo-v2-flash:free,stop,,gen-1769163924-XftWkg4d2kH4EkSsWaxy
240,mbpp_test,0,4123,1087,0,C:\Users\durgamaniryudh\Desktop\Learn\testing_evals\test\mbpp_test\240\240_gen_0.sv,xiaomi/mimo-v2-flash:free,stop,,gen-1769163966-xGonKKzugpV4cDE6k2i5
3691,aapp_competition_test,0,4711,1967,0,C:\Users\durgamaniryudh\Desktop\Learn\testing_evals\test\aapp_competition_test\3691\3691_gen_0.sv,xiaomi/mimo-v2-flash:free,stop,,gen-1769163936-acXXq7YseBqkvvtR6lKD
3357,aapp_competition_test,0,4625,2442,0,C:\Users\durgamaniryudh\Desktop\Learn\testing_evals\test\aapp_competition_test\3357\3357_gen_0.sv,xiaomi/mimo-v2-flash:free,stop,,gen-1769163960-01wp5dIcv7sZf4Lgvmwk
3687,aapp_competition_test,0,4895,2385,0,C:\Users\durgamaniryudh\Desktop\Learn\testing_evals\test\aapp_competition_test\3687\3687_gen_0.sv,xiaomi/mimo-v2-flash:free,stop,,gen-1769163961-SQTvvnnO9ikOQhC3p4Md
3653,aapp_competition_test,0,4556,6394,0,C:\Users\durgamaniryudh\Desktop\Learn\testing_evals\test\aapp_competition_test\3653\3653_gen_0.sv,xiaomi/mimo-v2-flash:free,stop,,gen-1769163852-VI3jSrIath4rtFicdLMp
60,human_eval_test,0,4402,458,0,C:\Users\durgamaniryudh\Desktop\Learn\testing_evals\test\human_eval_test\60\60_gen_0.sv,xiaomi/mimo-v2-flash:free,stop,,gen-1769163967-O53na1nYw8wMoxNb16sd
102,human_eval_test,0,4203,697,0,C:\Users\durgamaniryudh\Desktop\Learn\testing_evals\test\human_eval_test\102\102_gen_0.sv,xiaomi/mimo-v2-flash:free,stop,,gen-1769163982-2dZlKAUokFdWGi1GujUG
3358,aapp_competition_test,0,4443,12295,0,C:\Users\durgamaniryudh\Desktop\Learn\testing_evals\test\aapp_competition_test\3358\3358_gen_0.sv,xiaomi/mimo-v2-flash:free,stop,,gen-1769163904-9irXB2HMEuHlBkIdmRk5
3359,aapp_competition_test,0,4244,2475,0,C:\Users\durgamaniryudh\Desktop\Learn\testing_evals\test\aapp_competition_test\3359\3359_gen_0.sv,xiaomi/mimo-v2-flash:free,stop,,gen-1769163978-bpVyUBw9nAIqy9DPa4ME
130,mbpp_test,0,4271,1605,0,C:\Users\durgamaniryudh\Desktop\Learn\testing_evals\test\mbpp_test\130\130_gen_0.sv,xiaomi/mimo-v2-flash:free,stop,,gen-1769163980-GxZKUdQhaphQvHBFM5Sv
3361,aapp_competition_test,0,4308,2667,0,C:\Users\durgamaniryudh\Desktop\Learn\testing_evals\test\aapp_competition_test\3361\3361_gen_0.sv,xiaomi/mimo-v2-flash:free,stop,,gen-1769163985-ohtMSwiLkmwAIm7Ru1YG
101,human_eval_test,0,4447,1622,0,C:\Users\durgamaniryudh\Desktop\Learn\testing_evals\test\human_eval_test\101\101_gen_0.sv,xiaomi/mimo-v2-flash:free,stop,,gen-1769163993-yTuZopqm1KTvAKqkc7u0
244,mbpp_test,0,4647,1625,0,C:\Users\durgamaniryudh\Desktop\Learn\testing_evals\test\mbpp_test\244\244_gen_0.sv,xiaomi/mimo-v2-flash:free,stop,,gen-1769163988-HwPJoAHbI1E7ElUZRzIN
3689,aapp_competition_test,0,4860,3317,0,C:\Users\durgamaniryudh\Desktop\Learn\testing_evals\test\aapp_competition_test\3689\3689_gen_0.sv,xiaomi/mimo-v2-flash:free,stop,,gen-1769163979-fuJQRcIdx5Ysr2K8JAFF
414,mbpp_test,0,4340,1327,0,C:\Users\durgamaniryudh\Desktop\Learn\testing_evals\test\mbpp_test\414\414_gen_0.sv,xiaomi/mimo-v2-flash:free,stop,,gen-1769164008-rGs40IS1udAQdObGNqsW
3694,aapp_competition_test,0,4255,1636,0,C:\Users\durgamaniryudh\Desktop\Learn\testing_evals\test\aapp_competition_test\3694\3694_gen_0.sv,xiaomi/mimo-v2-flash:free,stop,,gen-1769164013-IiNqLLAxJpF2XPbbs10t
18,human_eval_test,0,4278,1130,0,C:\Users\durgamaniryudh\Desktop\Learn\testing_evals\test\human_eval_test\18\18_gen_0.sv,xiaomi/mimo-v2-flash:free,stop,,gen-1769164015-NXqXaGNL9lKtgNKo9GTh
3360,aapp_competition_test,0,4394,3360,0,C:\Users\durgamaniryudh\Desktop\Learn\testing_evals\test\aapp_competition_test\3360\3360_gen_0.sv,xiaomi/mimo-v2-flash:free,stop,,gen-1769163998-cQ9UUwyAsavuGZvIJFR7
292,mbpp_test,0,4096,1284,0,C:\Users\durgamaniryudh\Desktop\Learn\testing_evals\test\mbpp_test\292\292_gen_0.sv,xiaomi/mimo-v2-flash:free,stop,,gen-1769164018-uTibkAjk25tgzECHPEJJ
3692,aapp_competition_test,0,4915,5299,0,C:\Users\durgamaniryudh\Desktop\Learn\testing_evals\test\aapp_competition_test\3692\3692_gen_0.sv,xiaomi/mimo-v2-flash:free,stop,,gen-1769163987-rtCLfVs5bNScHGsh0Hdw
3690,aapp_competition_test,0,4581,3231,0,C:\Users\durgamaniryudh\Desktop\Learn\testing_evals\test\aapp_competition_test\3690\3690_gen_0.sv,xiaomi/mimo-v2-flash:free,stop,,gen-1769163999-idemLao7wtMBnslq8F5O
3364,aapp_competition_test,0,4488,1732,0,C:\Users\durgamaniryudh\Desktop\Learn\testing_evals\test\aapp_competition_test\3364\3364_gen_0.sv,xiaomi/mimo-v2-flash:free,stop,,gen-1769164028-PwtLfwkNwiFHcY4naQ5b
3702,aapp_competition_test,0,4421,1712,0,C:\Users\durgamaniryudh\Desktop\Learn\testing_evals\test\aapp_competition_test\3702\3702_gen_0.sv,xiaomi/mimo-v2-flash:free,stop,,gen-1769164029-dmjbcbJvmoVeIDyzppfN
437,mbpp_test,0,4214,3191,0,C:\Users\durgamaniryudh\Desktop\Learn\testing_evals\test\mbpp_test\437\437_gen_0.sv,xiaomi/mimo-v2-flash:free,stop,,gen-1769164036-J67Tl4GOjGm7sBa3OQVw
144,human_eval_test,0,4325,1353,0,C:\Users\durgamaniryudh\Desktop\Learn\testing_evals\test\human_eval_test\144\144_gen_0.sv,xiaomi/mimo-v2-flash:free,stop,,gen-1769164051-SrVWrIAA3k8oJKKYOYjb
3372,aapp_competition_test,0,4573,3207,0,C:\Users\durgamaniryudh\Desktop\Learn\testing_evals\test\aapp_competition_test\3372\3372_gen_0.sv,xiaomi/mimo-v2-flash:free,stop,,gen-1769164041-Ve7ikemaghlzcv9PLHaO
3696,aapp_competition_test,0,4412,3203,0,C:\Users\durgamaniryudh\Desktop\Learn\testing_evals\test\aapp_competition_test\3696\3696_gen_0.sv,xiaomi/mimo-v2-flash:free,stop,,gen-1769164044-s0TjmfutEOB1FykjAJs2
123,human_eval_test,0,4519,4228,0,C:\Users\durgamaniryudh\Desktop\Learn\testing_evals\test\human_eval_test\123\123_gen_0.sv,xiaomi/mimo-v2-flash:free,stop,,gen-1769164032-1ktVsa1iY5ZCE8fD4kkj
459,mbpp_test,0,4444,2107,0,C:\Users\durgamaniryudh\Desktop\Learn\testing_evals\test\mbpp_test\459\459_gen_0.sv,xiaomi/mimo-v2-flash:free,stop,,gen-1769164061-i5Xd4PnubFRbpR5ZtaCp
391,mbpp_test,0,4511,7275,0,C:\Users\durgamaniryudh\Desktop\Learn\testing_evals\test\mbpp_test\391\391_gen_0.sv,xiaomi/mimo-v2-flash:free,stop,,gen-1769164027-s0Um24z4NRsybauPskUV
61,human_eval_test,0,4406,967,0,C:\Users\durgamaniryudh\Desktop\Learn\testing_evals\test\human_eval_test\61\61_gen_0.sv,xiaomi/mimo-v2-flash:free,stop,,gen-1769164068-pjSLsNNo4941lvzX5XPj
3688,aapp_competition_test,0,5514,15349,0,C:\Users\durgamaniryudh\Desktop\Learn\testing_evals\test\aapp_competition_test\3688\3688_gen_0.sv,xiaomi/mimo-v2-flash:free,stop,,gen-1769163925-VG0PXoFusy0QycmcrHz9
268,mbpp_test,0,4455,745,0,C:\Users\durgamaniryudh\Desktop\Learn\testing_evals\test\mbpp_test\268\268_gen_0.sv,xiaomi/mimo-v2-flash:free,stop,,gen-1769164077-OHDcB0M9Uwi1RkqBMept
3363,aapp_competition_test,0,4591,3302,0,C:\Users\durgamaniryudh\Desktop\Learn\testing_evals\test\aapp_competition_test\3363\3363_gen_0.sv,xiaomi/mimo-v2-flash:free,stop,,gen-1769164064-dz6mJQ5TnC4CbEwmePea
81,human_eval_test,0,4684,1460,0,C:\Users\durgamaniryudh\Desktop\Learn\testing_evals\test\human_eval_test\81\81_gen_0.sv,xiaomi/mimo-v2-flash:free,stop,,gen-1769164080-azmgNCl5hJdfqLYwEJxU
3362,aapp_competition_test,0,4813,4383,0,C:\Users\durgamaniryudh\Desktop\Learn\testing_evals\test\aapp_competition_test\3362\3362_gen_0.sv,xiaomi/mimo-v2-flash:free,stop,,gen-1769164009-7GoeCWyx6x0EQGwSyuiU
103,human_eval_test,0,4410,1522,0,C:\Users\durgamaniryudh\Desktop\Learn\testing_evals\test\human_eval_test\103\103_gen_0.sv,xiaomi/mimo-v2-flash:free,stop,,gen-1769164084-IYdR434zdZKuLk48JgYX
56,mbpp_test,0,4288,1860,0,C:\Users\durgamaniryudh\Desktop\Learn\testing_evals\test\mbpp_test\56\56_gen_0.sv,xiaomi/mimo-v2-flash:free,stop,,gen-1769164083-kp9Z63knXU9KgJeOcJwC
3703,aapp_competition_test,0,4580,3089,0,C:\Users\durgamaniryudh\Desktop\Learn\testing_evals\test\aapp_competition_test\3703\3703_gen_0.sv,xiaomi/mimo-v2-flash:free,stop,,gen-1769164079-MYxcpDGmhBdoFdcFBheY
3697,aapp_competition_test,0,4461,2070,0,C:\Users\durgamaniryudh\Desktop\Learn\testing_evals\test\aapp_competition_test\3697\3697_gen_0.sv,xiaomi/mimo-v2-flash:free,stop,,gen-1769164066-2dnhGB7o8gSSGOdVQBlo
39,human_eval_test,0,4519,1561,0,C:\Users\durgamaniryudh\Desktop\Learn\testing_evals\test\human_eval_test\39\39_gen_0.sv,xiaomi/mimo-v2-flash:free,stop,,gen-1769164099-QbKgeKHzyxlzgMSJFuXt
3701,aapp_competition_test,0,4337,1232,0,C:\Users\durgamaniryudh\Desktop\Learn\testing_evals\test\aapp_competition_test\3701\3701_gen_0.sv,xiaomi/mimo-v2-flash:free,stop,,gen-1769164095-r7aifEHOsP9UjAPhOdPb
3695,aapp_competition_test,0,5253,910,0,C:\Users\durgamaniryudh\Desktop\Learn\testing_evals\test\aapp_competition_test\3695\3695_gen_0.sv,xiaomi/mimo-v2-flash:free,stop,,gen-1769164104-uMgilhn2js3B7YMxB8gc
390,mbpp_test,0,4413,2179,0,C:\Users\durgamaniryudh\Desktop\Learn\testing_evals\test\mbpp_test\390\390_gen_0.sv,xiaomi/mimo-v2-flash:free,stop,,gen-1769164095-QwTaTHU0bGM7VKepavdE
3369,aapp_competition_test,0,4617,2439,0,C:\Users\durgamaniryudh\Desktop\Learn\testing_evals\test\aapp_competition_test\3369\3369_gen_0.sv,xiaomi/mimo-v2-flash:free,stop,,gen-1769164099-NQHwuOoi8UkFrjYHHmfg
3366,aapp_competition_test,0,4362,1870,0,C:\Users\durgamaniryudh\Desktop\Learn\testing_evals\test\aapp_competition_test\3366\3366_gen_0.sv,xiaomi/mimo-v2-flash:free,stop,,gen-1769164079-22b5L9pb1R3S22PVuvge
415,mbpp_test,0,4191,898,0,C:\Users\durgamaniryudh\Desktop\Learn\testing_evals\test\mbpp_test\415\415_gen_0.sv,xiaomi/mimo-v2-flash:free,stop,,gen-1769164113-8JfgB0EhEhRhcxHyXobF
245,mbpp_test,0,4475,1634,0,C:\Users\durgamaniryudh\Desktop\Learn\testing_evals\test\mbpp_test\245\245_gen_0.sv,xiaomi/mimo-v2-flash:free,stop,,gen-1769164117-ILKM5FTTrj03WnwVn7dp
19,human_eval_test,0,4136,2855,0,C:\Users\durgamaniryudh\Desktop\Learn\testing_evals\test\human_eval_test\19\19_gen_0.sv,xiaomi/mimo-v2-flash:free,stop,,gen-1769164115-Iv2GImBHupNvMThp9PnL
3375,aapp_competition_test,0,4881,3247,0,C:\Users\durgamaniryudh\Desktop\Learn\testing_evals\test\aapp_competition_test\3375\3375_gen_0.sv,xiaomi/mimo-v2-flash:free,stop,,gen-1769164114-LJEHg07TjTI7zknKcytw
3377,aapp_competition_test,0,4696,2634,0,C:\Users\durgamaniryudh\Desktop\Learn\testing_evals\test\aapp_competition_test\3377\3377_gen_0.sv,xiaomi/mimo-v2-flash:free,stop,,gen-1769164120-dRQRpBUMAJlPKo6ZtG41
3706,aapp_competition_test,0,4317,2789,0,C:\Users\durgamaniryudh\Desktop\Learn\testing_evals\test\aapp_competition_test\3706\3706_gen_0.sv,xiaomi/mimo-v2-flash:free,stop,,gen-1769164122-hY01l2oP491M4Mz9A6ZM
168,mbpp_test,0,4228,608,0,C:\Users\durgamaniryudh\Desktop\Learn\testing_evals\test\mbpp_test\168\168_gen_0.sv,xiaomi/mimo-v2-flash:free,stop,,gen-1769164140-xT5yqKFch2TeplfBCV8n
145,human_eval_test,0,4313,6141,0,C:\Users\durgamaniryudh\Desktop\Learn\testing_evals\test\human_eval_test\145\145_gen_0.sv,xiaomi/mimo-v2-flash:free,stop,,gen-1769164105-Y8Q9IdNpsBS4DEmU89NW
82,human_eval_test,0,4769,707,0,C:\Users\durgamaniryudh\Desktop\Learn\testing_evals\test\human_eval_test\82\82_gen_0.sv,xiaomi/mimo-v2-flash:free,stop,,gen-1769164143-8GO8cInVLScQbBf6EpQp
3699,aapp_competition_test,0,5094,3534,0,C:\Users\durgamaniryudh\Desktop\Learn\testing_evals\test\aapp_competition_test\3699\3699_gen_0.sv,xiaomi/mimo-v2-flash:free,stop,,gen-1769164114-wzXyPpV1yVzGOcjeild4
3370,aapp_competition_test,0,4464,1783,0,C:\Users\durgamaniryudh\Desktop\Learn\testing_evals\test\aapp_competition_test\3370\3370_gen_0.sv,xiaomi/mimo-v2-flash:free,stop,,gen-1769164141-9jXepNcSiiOrDkpBnaN5
3681,aapp_competition_test,0,4362,21373,0,C:\Users\durgamaniryudh\Desktop\Learn\testing_evals\test\aapp_competition_test\3681\3681_gen_0.sv,xiaomi/mimo-v2-flash:free,stop,,gen-1769163871-4Lmwb5DMQJaxruTuHfHM
3710,aapp_competition_test,0,4620,2174,0,C:\Users\durgamaniryudh\Desktop\Learn\testing_evals\test\aapp_competition_test\3710\3710_gen_0.sv,xiaomi/mimo-v2-flash:free,stop,,gen-1769164151-7Ja6PV6UPI8qXLfq6i5R
3380,aapp_competition_test,0,4725,2817,0,C:\Users\durgamaniryudh\Desktop\Learn\testing_evals\test\aapp_competition_test\3380\3380_gen_0.sv,xiaomi/mimo-v2-flash:free,stop,,gen-1769164151-i9fvtGfGAjTBe64iPUSW
57,mbpp_test,0,4604,2100,0,C:\Users\durgamaniryudh\Desktop\Learn\testing_evals\test\mbpp_test\57\57_gen_0.sv,xiaomi/mimo-v2-flash:free,stop,,gen-1769164157-NjPznGDdBPr4XDwVazoR
20,human_eval_test,0,4313,1497,0,C:\Users\durgamaniryudh\Desktop\Learn\testing_evals\test\human_eval_test\20\20_gen_0.sv,xiaomi/mimo-v2-flash:free,stop,,gen-1769164153-8bvOizRMk0Smo3xGRQQS
460,mbpp_test,0,4439,2255,0,C:\Users\durgamaniryudh\Desktop\Learn\testing_evals\test\mbpp_test\460\460_gen_0.sv,xiaomi/mimo-v2-flash:free,stop,,gen-1769164145-3fWNrLQ23abHBIYHiSNk
170,mbpp_test,0,4299,752,0,C:\Users\durgamaniryudh\Desktop\Learn\testing_evals\test\mbpp_test\170\170_gen_0.sv,xiaomi/mimo-v2-flash:free,stop,,gen-1769164183-wmMVxSgKPZtJaycJsxmG
40,human_eval_test,0,4396,3316,0,C:\Users\durgamaniryudh\Desktop\Learn\testing_evals\test\human_eval_test\40\40_gen_0.sv,xiaomi/mimo-v2-flash:free,stop,,gen-1769164134-k6Sh2KSIP7ZNAhJ4nSLy
3693,aapp_competition_test,0,4880,2966,0,C:\Users\durgamaniryudh\Desktop\Learn\testing_evals\test\aapp_competition_test\3693\3693_gen_0.sv,xiaomi/mimo-v2-flash:free,stop,,gen-1769164141-EjsNj1FodU8TxsQJBQxy
83,human_eval_test,0,4209,493,0,C:\Users\durgamaniryudh\Desktop\Learn\testing_evals\test\human_eval_test\83\83_gen_0.sv,xiaomi/mimo-v2-flash:free,stop,,gen-1769164179-btU8R3ySm7JEubfEXkJu
146,human_eval_test,0,4204,1243,0,C:\Users\durgamaniryudh\Desktop\Learn\testing_evals\test\human_eval_test\146\146_gen_0.sv,xiaomi/mimo-v2-flash:free,stop,,gen-1769164190-U5gtqX2XbXtTeI7o11kf
3386,aapp_competition_test,0,4683,2391,0,C:\Users\durgamaniryudh\Desktop\Learn\testing_evals\test\aapp_competition_test\3386\3386_gen_0.sv,xiaomi/mimo-v2-flash:free,stop,,gen-1769164184-OEQPr8u8dFtPhVz2Nwyh
3704,aapp_competition_test,0,5605,2573,0,C:\Users\durgamaniryudh\Desktop\Learn\testing_evals\test\aapp_competition_test\3704\3704_gen_0.sv,xiaomi/mimo-v2-flash:free,stop,,gen-1769164176-IxR5C8AUSfbO5FYI9BrH
104,mbpp_test,0,4408,2867,0,C:\Users\durgamaniryudh\Desktop\Learn\testing_evals\test\mbpp_test\104\104_gen_0.sv,xiaomi/mimo-v2-flash:free,stop,,gen-1769164190-yCfJ8jmoqvlRNId9TfqO
3387,aapp_competition_test,0,4686,3004,0,C:\Users\durgamaniryudh\Desktop\Learn\testing_evals\test\aapp_competition_test\3387\3387_gen_0.sv,xiaomi/mimo-v2-flash:free,stop,,gen-1769164190-ewTYkNxRvgJHSIeS5Zxy
124,human_eval_test,0,4407,2052,0,C:\Users\durgamaniryudh\Desktop\Learn\testing_evals\test\human_eval_test\124\124_gen_0.sv,xiaomi/mimo-v2-flash:free,stop,,gen-1769164204-T1CGXfK1ypaZHEnLtwUX
3708,aapp_competition_test,0,4471,3626,0,C:\Users\durgamaniryudh\Desktop\Learn\testing_evals\test\aapp_competition_test\3708\3708_gen_0.sv,xiaomi/mimo-v2-flash:free,stop,,gen-1769164196-k40zdtHtUOFQ3DzZF9mT
3383,aapp_competition_test,0,4517,6094,0,C:\Users\durgamaniryudh\Desktop\Learn\testing_evals\test\aapp_competition_test\3383\3383_gen_0.sv,xiaomi/mimo-v2-flash:free,stop,,gen-1769164167-eUwrG7cnWBXNEfNCKdwS
392,mbpp_test,0,4432,1193,0,C:\Users\durgamaniryudh\Desktop\Learn\testing_evals\test\mbpp_test\392\392_gen_0.sv,xiaomi/mimo-v2-flash:free,stop,,gen-1769164221-FbNI3bySAr3oZyU2zo40
3712,aapp_competition_test,0,4616,1989,0,C:\Users\durgamaniryudh\Desktop\Learn\testing_evals\test\aapp_competition_test\3712\3712_gen_0.sv,xiaomi/mimo-v2-flash:free,stop,,gen-1769164207-eeH579LiKfOG2n9hBFd1
3713,aapp_competition_test,0,4354,949,0,C:\Users\durgamaniryudh\Desktop\Learn\testing_evals\test\aapp_competition_test\3713\3713_gen_0.sv,xiaomi/mimo-v2-flash:free,stop,,gen-1769164225-enPmfKV83uFLJnLl5N5L
104,human_eval_test,0,4405,2552,0,C:\Users\durgamaniryudh\Desktop\Learn\testing_evals\test\human_eval_test\104\104_gen_0.sv,xiaomi/mimo-v2-flash:free,stop,,gen-1769164221-L9EZ5jv7LiEETo3xWXkr
83,mbpp_test,0,4364,1033,0,C:\Users\durgamaniryudh\Desktop\Learn\testing_evals\test\mbpp_test\83\83_gen_0.sv,xiaomi/mimo-v2-flash:free,stop,,gen-1769164233-UjPM0nZAeNECxpvcTaGg
438,mbpp_test,0,5064,1721,0,C:\Users\durgamaniryudh\Desktop\Learn\testing_evals\test\mbpp_test\438\438_gen_0.sv,xiaomi/mimo-v2-flash:free,stop,,gen-1769164229-qQeSjrqLNW32s3znEXV9
3485,aapp_competition_test,0,4461,65536,0,C:\Users\durgamaniryudh\Desktop\Learn\testing_evals\test\aapp_competition_test\3485\3485_gen_0.sv,xiaomi/mimo-v2-flash:free,length,,gen-1769163710-OcL3SQ92w6t48aWr4bY8
3374,aapp_competition_test,0,4840,10915,0,C:\Users\durgamaniryudh\Desktop\Learn\testing_evals\test\aapp_competition_test\3374\3374_gen_0.sv,xiaomi/mimo-v2-flash:free,stop,,gen-1769164092-7WpxMJwFC1MPcKQvB5Ru
62,human_eval_test,0,4228,961,0,C:\Users\durgamaniryudh\Desktop\Learn\testing_evals\test\human_eval_test\62\62_gen_0.sv,xiaomi/mimo-v2-flash:free,stop,,gen-1769164239-VhKEm1Ffair7yiBXpYtW
63,human_eval_test,0,4270,921,0,C:\Users\durgamaniryudh\Desktop\Learn\testing_evals\test\human_eval_test\63\63_gen_0.sv,xiaomi/mimo-v2-flash:free,stop,,gen-1769164243-LBv9iW5J7t1rJ2KOlHdi
3716,aapp_competition_test,0,4675,3334,0,C:\Users\durgamaniryudh\Desktop\Learn\testing_evals\test\aapp_competition_test\3716\3716_gen_0.sv,xiaomi/mimo-v2-flash:free,stop,,gen-1769164234-OLlSNLCd5ZxoammHxlVH
3376,aapp_competition_test,0,4831,3439,0,C:\Users\durgamaniryudh\Desktop\Learn\testing_evals\test\aapp_competition_test\3376\3376_gen_0.sv,xiaomi/mimo-v2-flash:free,stop,,gen-1769164234-tCfkDCREXcucaPImm1v5
3390,aapp_competition_test,0,4084,1726,0,C:\Users\durgamaniryudh\Desktop\Learn\testing_evals\test\aapp_competition_test\3390\3390_gen_0.sv,xiaomi/mimo-v2-flash:free,stop,,gen-1769164256-hQ51JHCVG2YcvxWesdpo
84,mbpp_test,0,4647,1302,0,C:\Users\durgamaniryudh\Desktop\Learn\testing_evals\test\mbpp_test\84\84_gen_0.sv,xiaomi/mimo-v2-flash:free,stop,,gen-1769164243-VgMlc62vjpncZAcoea4O
3715,aapp_competition_test,0,4958,1760,0,C:\Users\durgamaniryudh\Desktop\Learn\testing_evals\test\aapp_competition_test\3715\3715_gen_0.sv,xiaomi/mimo-v2-flash:free,stop,,gen-1769164257-yXmDioHORDwI8y4BbiOq
21,human_eval_test,0,4431,2164,0,C:\Users\durgamaniryudh\Desktop\Learn\testing_evals\test\human_eval_test\21\21_gen_0.sv,xiaomi/mimo-v2-flash:free,stop,,gen-1769164265-YVS4jajCzKe6SfXHgFSN
171,mbpp_test,0,5023,375,0,C:\Users\durgamaniryudh\Desktop\Learn\testing_evals\test\mbpp_test\171\171_gen_0.sv,xiaomi/mimo-v2-flash:free,stop,,gen-1769164275-iVlfwjFVcdBlmqftrAf2
3709,aapp_competition_test,0,4576,1401,0,C:\Users\durgamaniryudh\Desktop\Learn\testing_evals\test\aapp_competition_test\3709\3709_gen_0.sv,xiaomi/mimo-v2-flash:free,stop,,gen-1769164187-ulefL4FPO3MLJqdGhDJ1
3717,aapp_competition_test,0,4390,2914,0,C:\Users\durgamaniryudh\Desktop\Learn\testing_evals\test\aapp_competition_test\3717\3717_gen_0.sv,xiaomi/mimo-v2-flash:free,stop,,gen-1769164278-4JzCqjttowQy7YT5UKu6
3384,aapp_competition_test,0,4291,3174,0,C:\Users\durgamaniryudh\Desktop\Learn\testing_evals\test\aapp_competition_test\3384\3384_gen_0.sv,xiaomi/mimo-v2-flash:free,stop,,gen-1769164278-1RM80JfYtdEDPviMpF86
0,human_eval_test,0,4679,6600,0,C:\Users\durgamaniryudh\Desktop\Learn\testing_evals\test\human_eval_test\0\0_gen_0.sv,xiaomi/mimo-v2-flash:free,stop,,gen-1769164283-Gtwk5eXsOAfjK0PRg8A5
3378,aapp_competition_test,0,5331,4224,0,C:\Users\durgamaniryudh\Desktop\Learn\testing_evals\test\aapp_competition_test\3378\3378_gen_0.sv,xiaomi/mimo-v2-flash:free,stop,,gen-1769164222-voimUHnFPqEpniwzH4kO
42,human_eval_test,0,4287,649,0,C:\Users\durgamaniryudh\Desktop\Learn\testing_evals\test\human_eval_test\42\42_gen_0.sv,xiaomi/mimo-v2-flash:free,stop,,gen-1769164328-dzq3bpNWd45aC1mDa8GI
58,mbpp_test,0,4417,533,0,C:\Users\durgamaniryudh\Desktop\Learn\testing_evals\test\mbpp_test\58\58_gen_0.sv,xiaomi/mimo-v2-flash:free,stop,,gen-1769164259-vfh1HjVxowt33X2CTmtY
85,mbpp_test,0,4063,1231,0,C:\Users\durgamaniryudh\Desktop\Learn\testing_evals\test\mbpp_test\85\85_gen_0.sv,xiaomi/mimo-v2-flash:free,stop,,gen-1769164334-VAPcATfNJwpqG6v6NLPF
3392,aapp_competition_test,0,4367,2007,0,C:\Users\durgamaniryudh\Desktop\Learn\testing_evals\test\aapp_competition_test\3392\3392_gen_0.sv,xiaomi/mimo-v2-flash:free,stop,,gen-1769164302-CHTGXVD7xmlcp3cIqarp
147,human_eval_test,0,4568,5380,0,C:\Users\durgamaniryudh\Desktop\Learn\testing_evals\test\human_eval_test\147\147_gen_0.sv,xiaomi/mimo-v2-flash:free,stop,,gen-1769164307-9t29cg2FsOwA5ywfoqBU
133,mbpp_test,0,4272,580,0,C:\Users\durgamaniryudh\Desktop\Learn\testing_evals\test\mbpp_test\133\133_gen_0.sv,xiaomi/mimo-v2-flash:free,stop,,gen-1769164351-w0jtAyuee7gQpX9SlXrD
3705,aapp_competition_test,0,4477,923,0,C:\Users\durgamaniryudh\Desktop\Learn\testing_evals\test\aapp_competition_test\3705\3705_gen_0.sv,xiaomi/mimo-v2-flash:free,stop,,gen-1769164308-2b275TQlhECtQD08PfLN
105,mbpp_test,0,4157,162,0,C:\Users\durgamaniryudh\Desktop\Learn\testing_evals\test\mbpp_test\105\105_gen_0.sv,xiaomi/mimo-v2-flash:free,stop,,gen-1769164286-DAY8YGLRr8cRpx9zmpnU
3721,aapp_competition_test,0,4142,9230,0,C:\Users\durgamaniryudh\Desktop\Learn\testing_evals\test\aapp_competition_test\3721\3721_gen_0.sv,xiaomi/mimo-v2-flash:free,stop,,gen-1769164270-XKI7sHq4EwTo33zDwAiY
3393,aapp_competition_test,0,4442,3141,0,C:\Users\durgamaniryudh\Desktop\Learn\testing_evals\test\aapp_competition_test\3393\3393_gen_0.sv,xiaomi/mimo-v2-flash:free,stop,,gen-1769164336-L6vNYMYOddcta0AYV67M
3711,aapp_competition_test,0,5148,1935,0,C:\Users\durgamaniryudh\Desktop\Learn\testing_evals\test\aapp_competition_test\3711\3711_gen_0.sv,xiaomi/mimo-v2-flash:free,stop,,gen-1769164343-XaltLiUGcmwNs6HaF7B4
393,mbpp_test,0,4068,760,0,C:\Users\durgamaniryudh\Desktop\Learn\testing_evals\test\mbpp_test\393\393_gen_0.sv,xiaomi/mimo-v2-flash:free,stop,,gen-1769164360-aKHOdL6hR0zK2ZGp54LF
3391,aapp_competition_test,0,4509,2028,0,C:\Users\durgamaniryudh\Desktop\Learn\testing_evals\test\aapp_competition_test\3391\3391_gen_0.sv,xiaomi/mimo-v2-flash:free,stop,,gen-1769164361-7ohshsgzM5E8slgrtEZ7
3395,aapp_competition_test,0,4599,3337,0,C:\Users\durgamaniryudh\Desktop\Learn\testing_evals\test\aapp_competition_test\3395\3395_gen_0.sv,xiaomi/mimo-v2-flash:free,stop,,gen-1769164352-QbEfjgMoWqxIIiSXnZwN
105,human_eval_test,0,4618,2258,0,C:\Users\durgamaniryudh\Desktop\Learn\testing_evals\test\human_eval_test\105\105_gen_0.sv,xiaomi/mimo-v2-flash:free,stop,,gen-1769164358-5fx5OztBpkAtlBfnio0o
450,mbpp_test,0,4484,1528,0,C:\Users\durgamaniryudh\Desktop\Learn\testing_evals\test\mbpp_test\450\450_gen_0.sv,xiaomi/mimo-v2-flash:free,stop,,gen-1769164377-WLy97P9VMWjsEna6mXiH
3720,aapp_competition_test,0,4421,3323,0,C:\Users\durgamaniryudh\Desktop\Learn\testing_evals\test\aapp_competition_test\3720\3720_gen_0.sv,xiaomi/mimo-v2-flash:free,stop,,gen-1769164358-WkjMMhXfDZjkawMc4q24
3723,aapp_competition_test,0,4438,1376,0,C:\Users\durgamaniryudh\Desktop\Learn\testing_evals\test\aapp_competition_test\3723\3723_gen_0.sv,xiaomi/mimo-v2-flash:free,stop,,gen-1769164361-mm84uDTzF15Pi6jqEO6r
745,mbpp_train,0,4321,1480,0,C:\Users\durgamaniryudh\Desktop\Learn\testing_evals\test\mbpp_train\745\745_gen_0.sv,xiaomi/mimo-v2-flash:free,stop,,gen-1769164383-ptIypgiz0yecEyzIHx3n
110,human_eval_test,0,4520,856,0,C:\Users\durgamaniryudh\Desktop\Learn\testing_evals\test\human_eval_test\110\110_gen_0.sv,xiaomi/mimo-v2-flash:free,stop,,gen-1769164367-C1KK1Puf7VeGmMbg6QJB
3385,aapp_competition_test,0,4053,13737,0,C:\Users\durgamaniryudh\Desktop\Learn\testing_evals\test\aapp_competition_test\3385\3385_gen_0.sv,xiaomi/mimo-v2-flash:free,stop,,gen-1769164268-WyyaITDa5saZygInUbW0
3582,aapp_competition_test,0,4564,4534,0,C:\Users\durgamaniryudh\Desktop\Learn\testing_evals\test\aapp_competition_test\3582\3582_gen_0.sv,xiaomi/mimo-v2-flash:free,stop,,gen-1769164363-s6DphYQ7kKXvflmiBQSO
405,mbpp_test,0,4763,618,0,C:\Users\durgamaniryudh\Desktop\Learn\testing_evals\test\mbpp_test\405\405_gen_0.sv,xiaomi/mimo-v2-flash:free,stop,,gen-1769164406-s1du6chql9LflTQHCUm6
47,human_eval_test,0,4615,2025,0,C:\Users\durgamaniryudh\Desktop\Learn\testing_evals\test\human_eval_test\47\47_gen_0.sv,xiaomi/mimo-v2-flash:free,stop,,gen-1769164391-rnFhB0Kgnvz01hognTgc
790,mbpp_train,0,4355,2026,0,C:\Users\durgamaniryudh\Desktop\Learn\testing_evals\test\mbpp_train\790\790_gen_0.sv,xiaomi/mimo-v2-flash:free,stop,,gen-1769164405-sY3Q3L0d315KYpjh0Cyb
131,human_eval_test,0,4403,1188,0,C:\Users\durgamaniryudh\Desktop\Learn\testing_evals\test\human_eval_test\131\131_gen_0.sv,xiaomi/mimo-v2-flash:free,stop,,gen-1769164406-cRFs24YXzhDzMZzejZUr
623,mbpp_train,0,5067,1183,0,C:\Users\durgamaniryudh\Desktop\Learn\testing_evals\test\mbpp_train\623\623_gen_0.sv,xiaomi/mimo-v2-flash:free,stop,,gen-1769164399-kYVWeGydMQFnI8Daods6
88,human_eval_test,0,4441,1432,0,C:\Users\durgamaniryudh\Desktop\Learn\testing_evals\test\human_eval_test\88\88_gen_0.sv,xiaomi/mimo-v2-flash:free,stop,,gen-1769164412-p8mHnbNuYrVc1gmexPnT
257,mbpp_test,0,4255,565,0,C:\Users\durgamaniryudh\Desktop\Learn\testing_evals\test\mbpp_test\257\257_gen_0.sv,xiaomi/mimo-v2-flash:free,stop,,gen-1769164423-7JQRj8X6cTdSdDbioK85
68,human_eval_test,0,4413,948,0,C:\Users\durgamaniryudh\Desktop\Learn\testing_evals\test\human_eval_test\68\68_gen_0.sv,xiaomi/mimo-v2-flash:free,stop,,gen-1769164425-H6wCeTSP4j3PVnuu7bVO
84,human_eval_test,0,4404,1073,0,C:\Users\durgamaniryudh\Desktop\Learn\testing_evals\test\human_eval_test\84\84_gen_0.sv,xiaomi/mimo-v2-flash:free,stop,,gen-1769164345-30SOiNwobGaiqwGt7EHX
3584,aapp_competition_test,0,4491,5532,0,C:\Users\durgamaniryudh\Desktop\Learn\testing_evals\test\aapp_competition_test\3584\3584_gen_0.sv,xiaomi/mimo-v2-flash:free,stop,,gen-1769164387-G2qsSynV4hfC5k2nlgmz
94,mbpp_test,0,4291,1287,0,C:\Users\durgamaniryudh\Desktop\Learn\testing_evals\test\mbpp_test\94\94_gen_0.sv,xiaomi/mimo-v2-flash:free,stop,,gen-1769164395-wJ4ai7RnpogeiS2i4dUZ
307,mbpp_test,0,4499,1316,0,C:\Users\durgamaniryudh\Desktop\Learn\testing_evals\test\mbpp_test\307\307_gen_0.sv,xiaomi/mimo-v2-flash:free,stop,,gen-1769164428-SpAdTLXx0G4wSlEg1K9O
766,mbpp_train,0,4838,968,0,C:\Users\durgamaniryudh\Desktop\Learn\testing_evals\test\mbpp_train\766\766_gen_0.sv,xiaomi/mimo-v2-flash:free,stop,,gen-1769164434-APGK5XlZG1o8ZFNcTZoX
26,human_eval_test,0,4363,1043,0,C:\Users\durgamaniryudh\Desktop\Learn\testing_evals\test\human_eval_test\26\26_gen_0.sv,xiaomi/mimo-v2-flash:free,stop,,gen-1769164435-yc0etwPPCj9GlsTnAu1p
791,mbpp_train,0,4448,1049,0,C:\Users\durgamaniryudh\Desktop\Learn\testing_evals\test\mbpp_train\791\791_gen_0.sv,xiaomi/mimo-v2-flash:free,stop,,gen-1769164439-2c65MOFzU1TCIXGQrRiE
764,mbpp_train,0,4324,901,0,C:\Users\durgamaniryudh\Desktop\Learn\testing_evals\test\mbpp_train\764\764_gen_0.sv,xiaomi/mimo-v2-flash:free,stop,,gen-1769164422-F46vTNArLho8I4PKAIeg
3586,aapp_competition_test,0,4589,1819,0,C:\Users\durgamaniryudh\Desktop\Learn\testing_evals\test\aapp_competition_test\3586\3586_gen_0.sv,xiaomi/mimo-v2-flash:free,stop,,gen-1769164423-PLrUFCextttyNXdnVswK
120,mbpp_test,0,4554,1073,0,C:\Users\durgamaniryudh\Desktop\Learn\testing_evals\test\mbpp_test\120\120_gen_0.sv,xiaomi/mimo-v2-flash:free,stop,,gen-1769164451-DtNHJ1MsMfmF46fon56c
3589,aapp_competition_test,0,4312,2492,0,C:\Users\durgamaniryudh\Desktop\Learn\testing_evals\test\aapp_competition_test\3589\3589_gen_0.sv,xiaomi/mimo-v2-flash:free,stop,,gen-1769164412-CTpOUzZN5CBBIU36a1xr
622,mbpp_train,0,4574,1889,0,C:\Users\durgamaniryudh\Desktop\Learn\testing_evals\test\mbpp_train\622\622_gen_0.sv,xiaomi/mimo-v2-flash:free,stop,,gen-1769164442-BtZRwE8h3pylarUOt7ao
233,mbpp_test,0,4293,1045,0,C:\Users\durgamaniryudh\Desktop\Learn\testing_evals\test\mbpp_test\233\233_gen_0.sv,xiaomi/mimo-v2-flash:free,stop,,gen-1769164470-XDdhuusmklZHl7aUE7Rx
90,human_eval_test,0,4183,1214,0,C:\Users\durgamaniryudh\Desktop\Learn\testing_evals\test\human_eval_test\90\90_gen_0.sv,xiaomi/mimo-v2-flash:free,stop,,gen-1769164469-7EIOSGWbW2uEhMWNyC0v
86,human_eval_test,0,4339,4602,0,C:\Users\durgamaniryudh\Desktop\Learn\testing_evals\test\human_eval_test\86\86_gen_0.sv,xiaomi/mimo-v2-flash:free,stop,,gen-1769164449-V7xtM2ImfRpquJdSQwqE
428,mbpp_test,0,4366,1770,0,C:\Users\durgamaniryudh\Desktop\Learn\testing_evals\test\mbpp_test\428\428_gen_0.sv,xiaomi/mimo-v2-flash:free,stop,,gen-1769164437-ojC8JNczVfkVi7zCasaZ
721,mbpp_train,0,4430,2649,0,C:\Users\durgamaniryudh\Desktop\Learn\testing_evals\test\mbpp_train\721\721_gen_0.sv,xiaomi/mimo-v2-flash:free,stop,,gen-1769164466-1wLDjN3hFetW4JcayFhT
767,mbpp_train,0,4531,1583,0,C:\Users\durgamaniryudh\Desktop\Learn\testing_evals\test\mbpp_train\767\767_gen_0.sv,xiaomi/mimo-v2-flash:free,stop,,gen-1769164480-dznH8tmy1KcWvOpkQssy
27,human_eval_test,0,4267,1199,0,C:\Users\durgamaniryudh\Desktop\Learn\testing_evals\test\human_eval_test\27\27_gen_0.sv,xiaomi/mimo-v2-flash:free,stop,,gen-1769164485-FRUclwuqfluaoNamWqdi
474,mbpp_test,0,4288,926,0,C:\Users\durgamaniryudh\Desktop\Learn\testing_evals\test\mbpp_test\474\474_gen_0.sv,xiaomi/mimo-v2-flash:free,stop,,gen-1769164487-CBhKYQtOrfXU7frOJaoz
3581,aapp_competition_test,0,5105,3880,0,C:\Users\durgamaniryudh\Desktop\Learn\testing_evals\test\aapp_competition_test\3581\3581_gen_0.sv,xiaomi/mimo-v2-flash:free,stop,,gen-1769164403-F5sGdGPtjWyuS0wfq25u
624,mbpp_train,0,4382,1938,0,C:\Users\durgamaniryudh\Desktop\Learn\testing_evals\test\mbpp_train\624\624_gen_0.sv,xiaomi/mimo-v2-flash:free,stop,,gen-1769164491-f1kuinXojtCHPSwcplKH
48,human_eval_test,0,4512,1077,0,C:\Users\durgamaniryudh\Desktop\Learn\testing_evals\test\human_eval_test\48\48_gen_0.sv,xiaomi/mimo-v2-flash:free,stop,,gen-1769164495-Di6CFpQBBlRwmx3tbYD9
282,mbpp_test,0,4614,744,0,C:\Users\durgamaniryudh\Desktop\Learn\testing_evals\test\mbpp_test\282\282_gen_0.sv,xiaomi/mimo-v2-flash:free,stop,,gen-1769164507-rsCVPMOqWSNBTtnZzkk8
451,mbpp_test,0,4571,891,0,C:\Users\durgamaniryudh\Desktop\Learn\testing_evals\test\mbpp_test\451\451_gen_0.sv,xiaomi/mimo-v2-flash:free,stop,,gen-1769164495-hS6DwnBD8A8sU0OszlYc
3535,aapp_competition_test,0,5637,2839,0,C:\Users\durgamaniryudh\Desktop\Learn\testing_evals\test\aapp_competition_test\3535\3535_gen_0.sv,xiaomi/mimo-v2-flash:free,stop,,gen-1769164479-31eiIEmX37C63kmGc3Au
3592,aapp_competition_test,0,4293,2141,0,C:\Users\durgamaniryudh\Desktop\Learn\testing_evals\test\aapp_competition_test\3592\3592_gen_0.sv,xiaomi/mimo-v2-flash:free,stop,,gen-1769164490-EUoGslfrVCMEBBq9cUtg
3595,aapp_competition_test,0,4419,7914,0,C:\Users\durgamaniryudh\Desktop\Learn\testing_evals\test\aapp_competition_test\3595\3595_gen_0.sv,xiaomi/mimo-v2-flash:free,stop,,gen-1769164444-V1gvXHK2UJzblDftH1eN
625,mbpp_train,0,4255,651,0,C:\Users\durgamaniryudh\Desktop\Learn\testing_evals\test\mbpp_train\625\625_gen_0.sv,xiaomi/mimo-v2-flash:free,stop,,gen-1769164512-AfFl4VHedFWhKAOlZOJZ
3593,aapp_competition_test,0,4684,6188,0,C:\Users\durgamaniryudh\Desktop\Learn\testing_evals\test\aapp_competition_test\3593\3593_gen_0.sv,xiaomi/mimo-v2-flash:free,stop,,gen-1769164462-UccGZ87KzSEhqivLtuzu
3596,aapp_competition_test,0,5381,2852,0,C:\Users\durgamaniryudh\Desktop\Learn\testing_evals\test\aapp_competition_test\3596\3596_gen_0.sv,xiaomi/mimo-v2-flash:free,stop,,gen-1769164519-AkOjrYAslxn9fNMbb0oE
69,human_eval_test,0,4634,1627,0,C:\Users\durgamaniryudh\Desktop\Learn\testing_evals\test\human_eval_test\69\69_gen_0.sv,xiaomi/mimo-v2-flash:free,stop,,gen-1769164515-Nl0mFHkerPc8XbiOM641
3599,aapp_competition_test,0,4637,1381,0,C:\Users\durgamaniryudh\Desktop\Learn\testing_evals\test\aapp_competition_test\3599\3599_gen_0.sv,xiaomi/mimo-v2-flash:free,stop,,gen-1769164534-UQWe6hN5BBWxOJ9twq1g
3597,aapp_competition_test,0,4549,3776,0,C:\Users\durgamaniryudh\Desktop\Learn\testing_evals\test\aapp_competition_test\3597\3597_gen_0.sv,xiaomi/mimo-v2-flash:free,stop,,gen-1769164507-5WszKyYKoPkbQ0hIQ9Dk
111,human_eval_test,0,4481,1816,0,C:\Users\durgamaniryudh\Desktop\Learn\testing_evals\test\human_eval_test\111\111_gen_0.sv,xiaomi/mimo-v2-flash:free,stop,,gen-1769164524-woabDN2C9yLLb5NbUBET
70,mbpp_test,0,4253,934,0,C:\Users\durgamaniryudh\Desktop\Learn\testing_evals\test\mbpp_test\70\70_gen_0.sv,xiaomi/mimo-v2-flash:free,stop,,gen-1769164538-Lx7UoqZ782E6OqJYFPAZ
792,mbpp_train,0,4270,801,0,C:\Users\durgamaniryudh\Desktop\Learn\testing_evals\test\mbpp_train\792\792_gen_0.sv,xiaomi/mimo-v2-flash:free,stop,,gen-1769164546-uS603W8YPOG8jjdA8Pyn
3594,aapp_competition_test,0,4518,1936,0,C:\Users\durgamaniryudh\Desktop\Learn\testing_evals\test\aapp_competition_test\3594\3594_gen_0.sv,xiaomi/mimo-v2-flash:free,stop,,gen-1769164546-AtXB7zBfOwz8N7DhgrOO
11,mbpp_test,0,4065,1428,0,C:\Users\durgamaniryudh\Desktop\Learn\testing_evals\test\mbpp_test\11\11_gen_0.sv,xiaomi/mimo-v2-flash:free,stop,,gen-1769164516-RhMpv9xGn3wY1hxnlwP4
160,mbpp_test,0,4521,1392,0,C:\Users\durgamaniryudh\Desktop\Learn\testing_evals\test\mbpp_test\160\160_gen_0.sv,xiaomi/mimo-v2-flash:free,stop,,gen-1769164554-vSQnhy1SqLHfBGrs1xby
133,human_eval_test,0,4578,1274,0,C:\Users\durgamaniryudh\Desktop\Learn\testing_evals\test\human_eval_test\133\133_gen_0.sv,xiaomi/mimo-v2-flash:free,stop,,gen-1769164559-Q2AJVj3hsN2M1a2qNZ9j
3590,aapp_competition_test,0,4666,5376,0,C:\Users\durgamaniryudh\Desktop\Learn\testing_evals\test\aapp_competition_test\3590\3590_gen_0.sv,xiaomi/mimo-v2-flash:free,stop,,gen-1769164435-460UtgNARRqFR3CWwYry
644,mbpp_train,0,4433,4951,0,C:\Users\durgamaniryudh\Desktop\Learn\testing_evals\test\mbpp_train\644\644_gen_0.sv,xiaomi/mimo-v2-flash:free,stop,,gen-1769164520-RK1559uM57lCJy6qKA7R
429,mbpp_test,0,4437,1247,0,C:\Users\durgamaniryudh\Desktop\Learn\testing_evals\test\mbpp_test\429\429_gen_0.sv,xiaomi/mimo-v2-flash:free,stop,,gen-1769164564-5Y2mxn9YxSppGwPIjew7
49,human_eval_test,0,4757,1519,0,C:\Users\durgamaniryudh\Desktop\Learn\testing_evals\test\human_eval_test\49\49_gen_0.sv,xiaomi/mimo-v2-flash:free,stop,,gen-1769164546-EslBhdU66yd2ZxUhkPl3
770,mbpp_train,0,4345,1053,0,C:\Users\durgamaniryudh\Desktop\Learn\testing_evals\test\mbpp_train\770\770_gen_0.sv,xiaomi/mimo-v2-flash:free,stop,,gen-1769164567-60W2FNYjhJamYD5wC06f
28,human_eval_test,0,4160,795,0,C:\Users\durgamaniryudh\Desktop\Learn\testing_evals\test\human_eval_test\28\28_gen_0.sv,xiaomi/mimo-v2-flash:free,stop,,gen-1769164572-EMz1U9Nb5UBKiVQx6sCX
769,mbpp_train,0,4314,2783,0,C:\Users\durgamaniryudh\Desktop\Learn\testing_evals\test\mbpp_train\769\769_gen_0.sv,xiaomi/mimo-v2-flash:free,stop,,gen-1769164557-GDwt3CU0MPDC3P8e5XMF
3588,aapp_competition_test,0,4611,2047,0,C:\Users\durgamaniryudh\Desktop\Learn\testing_evals\test\aapp_competition_test\3588\3588_gen_0.sv,xiaomi/mimo-v2-flash:free,stop,,gen-1769164564-w0k0M6TyMVsyHEnRh4FR
152,human_eval_test,0,4251,1739,0,C:\Users\durgamaniryudh\Desktop\Learn\testing_evals\test\human_eval_test\152\152_gen_0.sv,xiaomi/mimo-v2-flash:free,stop,,gen-1769164561-JVoewn2NadKo1qrQ8wac
794,mbpp_train,0,4344,1128,0,C:\Users\durgamaniryudh\Desktop\Learn\testing_evals\test\mbpp_train\794\794_gen_0.sv,xiaomi/mimo-v2-flash:free,stop,,gen-1769164576-E4dLcVDKDlZ3WGf8p0Wh
259,mbpp_test,0,4301,507,0,C:\Users\durgamaniryudh\Desktop\Learn\testing_evals\test\mbpp_test\259\259_gen_0.sv,xiaomi/mimo-v2-flash:free,stop,,gen-1769164574-BRvEWatPPScQrjY44s4a
153,human_eval_test,0,4405,1469,0,C:\Users\durgamaniryudh\Desktop\Learn\testing_evals\test\human_eval_test\153\153_gen_0.sv,xiaomi/mimo-v2-flash:free,stop,,gen-1769164585-bykSQuE9xaPQtuCxuvHF
3600,aapp_competition_test,0,4550,2675,0,C:\Users\durgamaniryudh\Desktop\Learn\testing_evals\test\aapp_competition_test\3600\3600_gen_0.sv,xiaomi/mimo-v2-flash:free,stop,,gen-1769164574-IDrykQGW3vKxpvf9nok9
406,mbpp_test,0,4217,535,0,C:\Users\durgamaniryudh\Desktop\Learn\testing_evals\test\mbpp_test\406\406_gen_0.sv,xiaomi/mimo-v2-flash:free,stop,,gen-1769164593-ktObWtfU1JD5IkV8ajOn
71,mbpp_test,0,4540,1685,0,C:\Users\durgamaniryudh\Desktop\Learn\testing_evals\test\mbpp_test\71\71_gen_0.sv,xiaomi/mimo-v2-flash:free,stop,,gen-1769164580-4QfmpaT1coyeSsbHvji0
724,mbpp_train,0,5648,1245,0,C:\Users\durgamaniryudh\Desktop\Learn\testing_evals\test\mbpp_train\724\724_gen_0.sv,xiaomi/mimo-v2-flash:free,stop,,gen-1769164580-qSGhXvSi0zE0nhqE2f2k
3604,aapp_competition_test,0,4361,2705,0,C:\Users\durgamaniryudh\Desktop\Learn\testing_evals\test\aapp_competition_test\3604\3604_gen_0.sv,xiaomi/mimo-v2-flash:free,stop,,gen-1769164580-YOrQ1rvtLRcrj8Zy4KOL
748,mbpp_train,0,4526,1647,0,C:\Users\durgamaniryudh\Desktop\Learn\testing_evals\test\mbpp_train\748\748_gen_0.sv,xiaomi/mimo-v2-flash:free,stop,,gen-1769164595-q8xNaTg22udNkjcFs5EK
722,mbpp_train,0,4393,961,0,C:\Users\durgamaniryudh\Desktop\Learn\testing_evals\test\mbpp_train\722\722_gen_0.sv,xiaomi/mimo-v2-flash:free,stop,,gen-1769164604-t3Rhrxc9PXMAgPlbh23N
283,mbpp_test,0,4246,1255,0,C:\Users\durgamaniryudh\Desktop\Learn\testing_evals\test\mbpp_test\283\283_gen_0.sv,xiaomi/mimo-v2-flash:free,stop,,gen-1769164602-e95gUuwdfQqxXuuQto5l
50,human_eval_test,0,4201,1165,0,C:\Users\durgamaniryudh\Desktop\Learn\testing_evals\test\human_eval_test\50\50_gen_0.sv,xiaomi/mimo-v2-flash:free,stop,,gen-1769164598-yD7tJuoviXQUSAzPxs9m
3602,aapp_competition_test,0,4448,2393,0,C:\Users\durgamaniryudh\Desktop\Learn\testing_evals\test\aapp_competition_test\3602\3602_gen_0.sv,xiaomi/mimo-v2-flash:free,stop,,gen-1769164598-KLiy8MixrvwQ92kmiO96
3607,aapp_competition_test,0,4633,2599,0,C:\Users\durgamaniryudh\Desktop\Learn\testing_evals\test\aapp_competition_test\3607\3607_gen_0.sv,xiaomi/mimo-v2-flash:free,stop,,gen-1769164604-uOT5K7piMs62cUitPOMf
7,human_eval_test,0,4065,2029,0,C:\Users\durgamaniryudh\Desktop\Learn\testing_evals\test\human_eval_test\7\7_gen_0.sv,xiaomi/mimo-v2-flash:free,stop,,gen-1769164605-K5TbFqq4fQ0TuTdub7ns
475,mbpp_test,0,4187,1841,0,C:\Users\durgamaniryudh\Desktop\Learn\testing_evals\test\mbpp_test\475\475_gen_0.sv,xiaomi/mimo-v2-flash:free,stop,,gen-1769164611-fmkbl6bVUPJFIdblkpYw
602,mbpp_train,0,4357,1001,0,C:\Users\durgamaniryudh\Desktop\Learn\testing_evals\test\mbpp_train\602\602_gen_0.sv,xiaomi/mimo-v2-flash:free,stop,,gen-1769164614-hWv27hysXUN0bmT4s83n
234,mbpp_test,0,4343,854,0,C:\Users\durgamaniryudh\Desktop\Learn\testing_evals\test\mbpp_test\234\234_gen_0.sv,xiaomi/mimo-v2-flash:free,stop,,gen-1769164619-7Cwal7CsMUTKExqElh8l
3608,aapp_competition_test,0,4958,1655,0,C:\Users\durgamaniryudh\Desktop\Learn\testing_evals\test\aapp_competition_test\3608\3608_gen_0.sv,xiaomi/mimo-v2-flash:free,stop,,gen-1769164614-qwRccnebiwMmjVu7O9J3
8,human_eval_test,0,4297,1075,0,C:\Users\durgamaniryudh\Desktop\Learn\testing_evals\test\human_eval_test\8\8_gen_0.sv,xiaomi/mimo-v2-flash:free,stop,,gen-1769164616-XZnsKMba6iHESYzm1TiB
96,mbpp_test,0,4263,878,0,C:\Users\durgamaniryudh\Desktop\Learn\testing_evals\test\mbpp_test\96\96_gen_0.sv,xiaomi/mimo-v2-flash:free,stop,,gen-1769164629-pJvQCmqSR2nvssdDaVJy
154,human_eval_test,0,4314,1230,0,C:\Users\durgamaniryudh\Desktop\Learn\testing_evals\test\human_eval_test\154\154_gen_0.sv,xiaomi/mimo-v2-flash:free,stop,,gen-1769164627-rLnrm6mtCQWfuSQl534t
746,mbpp_train,0,4576,1758,0,C:\Users\durgamaniryudh\Desktop\Learn\testing_evals\test\mbpp_train\746\746_gen_0.sv,xiaomi/mimo-v2-flash:free,stop,,gen-1769164625-EczzJryUO1oocoSnUEpg
128,human_eval_test,0,4584,1078,0,C:\Users\durgamaniryudh\Desktop\Learn\testing_evals\test\human_eval_test\128\128_gen_0.sv,xiaomi/mimo-v2-flash:free,stop,,gen-1769164638-jgYmytHJgBp9B1rHNN8J
747,mbpp_train,0,4210,2034,0,C:\Users\durgamaniryudh\Desktop\Learn\testing_evals\test\mbpp_train\747\747_gen_0.sv,xiaomi/mimo-v2-flash:free,stop,,gen-1769164626-wqZ1q0EAO2fRd5X8yaNA
3609,aapp_competition_test,0,5210,2557,0,C:\Users\durgamaniryudh\Desktop\Learn\testing_evals\test\aapp_competition_test\3609\3609_gen_0.sv,xiaomi/mimo-v2-flash:free,stop,,gen-1769164626-7W2LfwhUM9DtLUILiFWM
161,mbpp_test,0,4359,2332,0,C:\Users\durgamaniryudh\Desktop\Learn\testing_evals\test\mbpp_test\161\161_gen_0.sv,xiaomi/mimo-v2-flash:free,stop,,gen-1769164638-gYkyuT8p2lKcfX5mRM7Q
725,mbpp_train,0,4692,1897,0,C:\Users\durgamaniryudh\Desktop\Learn\testing_evals\test\mbpp_train\725\725_gen_0.sv,xiaomi/mimo-v2-flash:free,stop,,gen-1769164642-gcbxg2F2syXQFhmK0Z9T
91,human_eval_test,0,4466,1045,0,C:\Users\durgamaniryudh\Desktop\Learn\testing_evals\test\human_eval_test\91\91_gen_0.sv,xiaomi/mimo-v2-flash:free,stop,,gen-1769164659-4hoTmc4bixUBcasdAOv2
3613,aapp_competition_test,0,4456,2915,0,C:\Users\durgamaniryudh\Desktop\Learn\testing_evals\test\aapp_competition_test\3613\3613_gen_0.sv,xiaomi/mimo-v2-flash:free,stop,,gen-1769164650-S8x49rRJyPnaE5ON0vCI
3603,aapp_competition_test,0,4905,7890,0,C:\Users\durgamaniryudh\Desktop\Learn\testing_evals\test\aapp_competition_test\3603\3603_gen_0.sv,xiaomi/mimo-v2-flash:free,stop,,gen-1769164584-Eoe7e5L3b3wgP0CN1I5r
3610,aapp_competition_test,0,4789,4673,0,C:\Users\durgamaniryudh\Desktop\Learn\testing_evals\test\aapp_competition_test\3610\3610_gen_0.sv,xiaomi/mimo-v2-flash:free,stop,,gen-1769164637-07rqWT0hd4pcQZnCMvi0
626,mbpp_train,0,4386,441,0,C:\Users\durgamaniryudh\Desktop\Learn\testing_evals\test\mbpp_train\626\626_gen_0.sv,xiaomi/mimo-v2-flash:free,stop,,gen-1769164634-hcGpZHVfVI880Cp9dCui
627,mbpp_train,0,4123,1180,0,C:\Users\durgamaniryudh\Desktop\Learn\testing_evals\test\mbpp_train\627\627_gen_0.sv,xiaomi/mimo-v2-flash:free,stop,,gen-1769164662-abRtrUF3yJ9ajQYjZoUP
132,human_eval_test,0,4222,2082,0,C:\Users\durgamaniryudh\Desktop\Learn\testing_evals\test\human_eval_test\132\132_gen_0.sv,xiaomi/mimo-v2-flash:free,stop,,gen-1769164669-lMuC7ic9IN8Lc11Lo4bo
430,mbpp_test,0,4186,1191,0,C:\Users\durgamaniryudh\Desktop\Learn\testing_evals\test\mbpp_test\430\430_gen_0.sv,xiaomi/mimo-v2-flash:free,stop,,gen-1769164678-3m2vmaGryMCFgEfycGQv
260,mbpp_test,0,4428,1253,0,C:\Users\durgamaniryudh\Desktop\Learn\testing_evals\test\mbpp_test\260\260_gen_0.sv,xiaomi/mimo-v2-flash:free,stop,,gen-1769164659-RPZpmLGkRoONoqGtyVTz
12,mbpp_test,0,4315,1699,0,C:\Users\durgamaniryudh\Desktop\Learn\testing_evals\test\mbpp_test\12\12_gen_0.sv,xiaomi/mimo-v2-flash:free,stop,,gen-1769164680-spmd0qcEKoT5ssIoZyUt
3606,aapp_competition_test,0,4338,4578,0,C:\Users\durgamaniryudh\Desktop\Learn\testing_evals\test\aapp_competition_test\3606\3606_gen_0.sv,xiaomi/mimo-v2-flash:free,stop,,gen-1769164662-Q4vHDdxsHKBaCyRUmM2z
796,mbpp_train,0,4530,623,0,C:\Users\durgamaniryudh\Desktop\Learn\testing_evals\test\mbpp_train\796\796_gen_0.sv,xiaomi/mimo-v2-flash:free,stop,,gen-1769164689-WVOA2OPeKH0wloqpCOhM
112,human_eval_test,0,4615,1591,0,C:\Users\durgamaniryudh\Desktop\Learn\testing_evals\test\human_eval_test\112\112_gen_0.sv,xiaomi/mimo-v2-flash:free,stop,,gen-1769164682-RAX7oTObqXbdn1tfIWVF
603,mbpp_train,0,4264,3742,0,C:\Users\durgamaniryudh\Desktop\Learn\testing_evals\test\mbpp_train\603\603_gen_0.sv,xiaomi/mimo-v2-flash:free,stop,,gen-1769164680-sLdmhTKRO21UfFufvswL
134,human_eval_test,0,4418,1296,0,C:\Users\durgamaniryudh\Desktop\Learn\testing_evals\test\human_eval_test\134\134_gen_0.sv,xiaomi/mimo-v2-flash:free,stop,,gen-1769164700-ujZP944Move4TtdShYKA
309,mbpp_test,0,4201,122,0,C:\Users\durgamaniryudh\Desktop\Learn\testing_evals\test\mbpp_test\309\309_gen_0.sv,xiaomi/mimo-v2-flash:free,stop,,gen-1769164712-UYrXriCY8suK75JrkuI5
793,mbpp_train,0,4413,1493,0,C:\Users\durgamaniryudh\Desktop\Learn\testing_evals\test\mbpp_train\793\793_gen_0.sv,xiaomi/mimo-v2-flash:free,stop,,gen-1769164711-Wj4vOFJJ6rbg7GwaNgke
29,human_eval_test,0,4448,1770,0,C:\Users\durgamaniryudh\Desktop\Learn\testing_evals\test\human_eval_test\29\29_gen_0.sv,xiaomi/mimo-v2-flash:free,stop,,gen-1769164711-DTyqqn48ZOoxRIBaanvS
476,mbpp_test,0,4410,819,0,C:\Users\durgamaniryudh\Desktop\Learn\testing_evals\test\mbpp_test\476\476_gen_0.sv,xiaomi/mimo-v2-flash:free,stop,,gen-1769164688-Xn4BZbYJKWhNnUweC2ZX
51,human_eval_test,0,4342,1957,0,C:\Users\durgamaniryudh\Desktop\Learn\testing_evals\test\human_eval_test\51\51_gen_0.sv,xiaomi/mimo-v2-flash:free,stop,,gen-1769164728-mkoH3uhUosx3uDPnbhwW
749,mbpp_train,0,4544,1779,0,C:\Users\durgamaniryudh\Desktop\Learn\testing_evals\test\mbpp_train\749\749_gen_0.sv,xiaomi/mimo-v2-flash:free,stop,,gen-1769164724-dz8lyFRRMMdnk13Qt7Tt
3601,aapp_competition_test,0,4715,5427,0,C:\Users\durgamaniryudh\Desktop\Learn\testing_evals\test\aapp_competition_test\3601\3601_gen_0.sv,xiaomi/mimo-v2-flash:free,stop,,gen-1769164695-1O8pyr8wf2vBgVATAI4l
70,human_eval_test,0,4640,10325,0,C:\Users\durgamaniryudh\Desktop\Learn\testing_evals\test\human_eval_test\70\70_gen_0.sv,xiaomi/mimo-v2-flash:free,stop,,gen-1769164578-PrVRs5t5B0WdhE2msNqr
3558,aapp_competition_test,0,4794,2929,0,C:\Users\durgamaniryudh\Desktop\Learn\testing_evals\test\aapp_competition_test\3558\3558_gen_0.sv,xiaomi/mimo-v2-flash:free,stop,,gen-1769164708-cFAZGpJxyebAucnv1740
750,mbpp_train,0,4264,702,0,C:\Users\durgamaniryudh\Desktop\Learn\testing_evals\test\mbpp_train\750\750_gen_0.sv,xiaomi/mimo-v2-flash:free,stop,,gen-1769164750-qNaQQ541PK0Eq88rshcl
135,human_eval_test,0,4641,858,0,C:\Users\durgamaniryudh\Desktop\Learn\testing_evals\test\human_eval_test\135\135_gen_0.sv,xiaomi/mimo-v2-flash:free,stop,,gen-1769164741-aLQFLOAfwUBldDIsbcmA
124,mbpp_test,0,4254,2633,0,C:\Users\durgamaniryudh\Desktop\Learn\testing_evals\test\mbpp_test\124\124_gen_0.sv,xiaomi/mimo-v2-flash:free,stop,,gen-1769164708-kySvBMgvkgf3iyyhETEd
222,mbpp_test,0,4399,696,0,C:\Users\durgamaniryudh\Desktop\Learn\testing_evals\test\mbpp_test\222\222_gen_0.sv,xiaomi/mimo-v2-flash:free,stop,,gen-1769164752-GpMZT694AooqGUu3ql6a
72,human_eval_test,0,4276,1633,0,C:\Users\durgamaniryudh\Desktop\Learn\testing_evals\test\human_eval_test\72\72_gen_0.sv,xiaomi/mimo-v2-flash:free,stop,,gen-1769164751-VlWsHCGDstb8CXCWbXqk
235,mbpp_test,0,4275,160,0,C:\Users\durgamaniryudh\Desktop\Learn\testing_evals\test\mbpp_test\235\235_gen_0.sv,xiaomi/mimo-v2-flash:free,stop,,gen-1769164746-vWXW9gmTpJLCfqnbfxBh
3611,aapp_competition_test,0,4434,2376,0,C:\Users\durgamaniryudh\Desktop\Learn\testing_evals\test\aapp_competition_test\3611\3611_gen_0.sv,xiaomi/mimo-v2-flash:free,stop,,gen-1769164744-9a1GttcBDFQ1PxVNs2S9
726,mbpp_train,0,4301,826,0,C:\Users\durgamaniryudh\Desktop\Learn\testing_evals\test\mbpp_train\726\726_gen_0.sv,xiaomi/mimo-v2-flash:free,stop,,gen-1769164757-KEkAd0yDspbKxvEH3Xgu
155,human_eval_test,0,4570,986,0,C:\Users\durgamaniryudh\Desktop\Learn\testing_evals\test\human_eval_test\155\155_gen_0.sv,xiaomi/mimo-v2-flash:free,stop,,gen-1769164758-FtYEZOS3POwdH8XqF1a2
114,human_eval_test,0,4335,997,0,C:\Users\durgamaniryudh\Desktop\Learn\testing_evals\test\human_eval_test\114\114_gen_0.sv,xiaomi/mimo-v2-flash:free,stop,,gen-1769164765-ynWfq57WFG12FGQ2kEpc
3373,aapp_competition_test,0,4190,65536,0,C:\Users\durgamaniryudh\Desktop\Learn\testing_evals\test\aapp_competition_test\3373\3373_gen_0.sv,xiaomi/mimo-v2-flash:free,length,,gen-1769164204-Thsq4WGHY7FE2WlXdlvx
3615,aapp_competition_test,0,5077,6417,0,C:\Users\durgamaniryudh\Desktop\Learn\testing_evals\test\aapp_competition_test\3615\3615_gen_0.sv,xiaomi/mimo-v2-flash:free,stop,,gen-1769164716-qPB8sJKL5CzS6JSv0DJX
3614,aapp_competition_test,0,4378,2880,0,C:\Users\durgamaniryudh\Desktop\Learn\testing_evals\test\aapp_competition_test\3614\3614_gen_0.sv,xiaomi/mimo-v2-flash:free,stop,,gen-1769164759-jDiJnBngOGMBLHz2Fkw8
628,mbpp_train,0,4613,2038,0,C:\Users\durgamaniryudh\Desktop\Learn\testing_evals\test\mbpp_train\628\628_gen_0.sv,xiaomi/mimo-v2-flash:free,stop,,gen-1769164765-WeUV5Mgl11xwTL0RZdow
3616,aapp_competition_test,0,4434,11154,0,C:\Users\durgamaniryudh\Desktop\Learn\testing_evals\test\aapp_competition_test\3616\3616_gen_0.sv,xiaomi/mimo-v2-flash:free,stop,,gen-1769164681-iEHYCrX6y3a4d1Ump4ZB
10,human_eval_test,0,4751,1994,0,C:\Users\durgamaniryudh\Desktop\Learn\testing_evals\test\human_eval_test\10\10_gen_0.sv,xiaomi/mimo-v2-flash:free,stop,,gen-1769164778-DwLPNsrqz1uUt6uEjfjb
728,mbpp_train,0,4351,133,0,C:\Users\durgamaniryudh\Desktop\Learn\testing_evals\test\mbpp_train\728\728_gen_0.sv,xiaomi/mimo-v2-flash:free,stop,,gen-1769164775-ZBKWy0jPgvqkbWDelUpY
97,mbpp_test,0,4360,1363,0,C:\Users\durgamaniryudh\Desktop\Learn\testing_evals\test\mbpp_test\97\97_gen_0.sv,xiaomi/mimo-v2-flash:free,stop,,gen-1769164772-4karIjInRn5wtxgInCPm
3621,aapp_competition_test,0,4416,2420,0,C:\Users\durgamaniryudh\Desktop\Learn\testing_evals\test\aapp_competition_test\3621\3621_gen_0.sv,xiaomi/mimo-v2-flash:free,stop,,gen-1769164772-RWeGiC48aOQSPuenXMhg
30,human_eval_test,0,5049,944,0,C:\Users\durgamaniryudh\Desktop\Learn\testing_evals\test\human_eval_test\30\30_gen_0.sv,xiaomi/mimo-v2-flash:free,stop,,gen-1769164790-uqky0Eer3TDG2NE4bGsh
453,mbpp_test,0,4937,2382,0,C:\Users\durgamaniryudh\Desktop\Learn\testing_evals\test\mbpp_test\453\453_gen_0.sv,xiaomi/mimo-v2-flash:free,stop,,gen-1769164782-2Wc1OW7KAlgkOzBrcuhb
162,mbpp_test,0,4151,754,0,C:\Users\durgamaniryudh\Desktop\Learn\testing_evals\test\mbpp_test\162\162_gen_0.sv,xiaomi/mimo-v2-flash:free,stop,,gen-1769164765-PCfTNCV7WdTZI3oriA8Y
772,mbpp_train,0,4256,2827,0,C:\Users\durgamaniryudh\Desktop\Learn\testing_evals\test\mbpp_train\772\772_gen_0.sv,xiaomi/mimo-v2-flash:free,stop,,gen-1769164783-XDYHtvUqDA7Vke2yFFXK
3619,aapp_competition_test,0,4524,5007,0,C:\Users\durgamaniryudh\Desktop\Learn\testing_evals\test\aapp_competition_test\3619\3619_gen_0.sv,xiaomi/mimo-v2-flash:free,stop,,gen-1769164756-XDFHIK05GrwhEh8JoJw8
723,mbpp_train,0,4529,662,0,C:\Users\durgamaniryudh\Desktop\Learn\testing_evals\test\mbpp_train\723\723_gen_0.sv,xiaomi/mimo-v2-flash:free,stop,,gen-1769164800-olQKjQTltTyGBbo46mNZ
310,mbpp_test,0,4266,1181,0,C:\Users\durgamaniryudh\Desktop\Learn\testing_evals\test\mbpp_test\310\310_gen_0.sv,xiaomi/mimo-v2-flash:free,stop,,gen-1769164799-JC5lfMhB5Ci2870W0vrb
261,mbpp_test,0,4243,1951,0,C:\Users\durgamaniryudh\Desktop\Learn\testing_evals\test\mbpp_test\261\261_gen_0.sv,xiaomi/mimo-v2-flash:free,stop,,gen-1769164804-fMtpNmSGetHbTpQkGMDw
52,human_eval_test,0,4243,638,0,C:\Users\durgamaniryudh\Desktop\Learn\testing_evals\test\human_eval_test\52\52_gen_0.sv,xiaomi/mimo-v2-flash:free,stop,,gen-1769164802-SBOGFcr7yrF1gv2ICokG
3628,aapp_competition_test,0,4567,1547,0,C:\Users\durgamaniryudh\Desktop\Learn\testing_evals\test\aapp_competition_test\3628\3628_gen_0.sv,xiaomi/mimo-v2-flash:free,stop,,gen-1769164811-bu70w54rOznTgs3WHgdG
9,human_eval_test,0,4379,1035,0,C:\Users\durgamaniryudh\Desktop\Learn\testing_evals\test\human_eval_test\9\9_gen_0.sv,xiaomi/mimo-v2-flash:free,stop,,gen-1769164814-hp3xQ8BnjISrzH2Fx2Vj
771,mbpp_train,0,4562,2220,0,C:\Users\durgamaniryudh\Desktop\Learn\testing_evals\test\mbpp_train\771\771_gen_0.sv,xiaomi/mimo-v2-flash:free,stop,,gen-1769164805-LYLaBNdJMR2VdtL4Ycs6
798,mbpp_train,0,4478,1196,0,C:\Users\durgamaniryudh\Desktop\Learn\testing_evals\test\mbpp_train\798\798_gen_0.sv,xiaomi/mimo-v2-flash:free,stop,,gen-1769164824-yMo8z8Z0HNQPP5AHnY0q
629,mbpp_train,0,4352,865,0,C:\Users\durgamaniryudh\Desktop\Learn\testing_evals\test\mbpp_train\629\629_gen_0.sv,xiaomi/mimo-v2-flash:free,stop,,gen-1769164820-lAefryB0Ob5igCROsLAN
3626,aapp_competition_test,0,4828,1209,0,C:\Users\durgamaniryudh\Desktop\Learn\testing_evals\test\aapp_competition_test\3626\3626_gen_0.sv,xiaomi/mimo-v2-flash:free,stop,,gen-1769164826-TJUVZyQcPetz3nIyPjr4
125,mbpp_test,0,4377,880,0,C:\Users\durgamaniryudh\Desktop\Learn\testing_evals\test\mbpp_test\125\125_gen_0.sv,xiaomi/mimo-v2-flash:free,stop,,gen-1769164837-srD3E9GIHb0cLwHAo4dv
408,mbpp_test,0,4574,3664,0,C:\Users\durgamaniryudh\Desktop\Learn\testing_evals\test\mbpp_test\408\408_gen_0.sv,xiaomi/mimo-v2-flash:free,stop,,gen-1769164816-8TMLMNeXiV7kTwSxDnug
751,mbpp_train,0,4368,1638,0,C:\Users\durgamaniryudh\Desktop\Learn\testing_evals\test\mbpp_train\751\751_gen_0.sv,xiaomi/mimo-v2-flash:free,stop,,gen-1769164837-brbhYPBi8R6lZAlYGh4r
31,human_eval_test,0,4260,1507,0,C:\Users\durgamaniryudh\Desktop\Learn\testing_evals\test\human_eval_test\31\31_gen_0.sv,xiaomi/mimo-v2-flash:free,stop,,gen-1769164836-uU3PdV3NqCWVizb77qiY
94,human_eval_test,0,4510,1821,0,C:\Users\durgamaniryudh\Desktop\Learn\testing_evals\test\human_eval_test\94\94_gen_0.sv,xiaomi/mimo-v2-flash:free,stop,,gen-1769164841-1LQ8vvtXVKHIeVFnL5m0
595,mbpp_validation,0,4376,725,0,C:\Users\durgamaniryudh\Desktop\Learn\testing_evals\test\mbpp_validation\595\595_gen_0.sv,xiaomi/mimo-v2-flash:free,stop,,gen-1769164848-O4CTpdK684jXprxr9zoR
560,mbpp_validation,0,4638,2292,0,C:\Users\durgamaniryudh\Desktop\Learn\testing_evals\test\mbpp_validation\560\560_gen_0.sv,xiaomi/mimo-v2-flash:free,stop,,gen-1769164855-86EEtxTm3Z0E0X0V0OXj
477,mbpp_test,0,4117,207,0,C:\Users\durgamaniryudh\Desktop\Learn\testing_evals\test\mbpp_test\477\477_gen_0.sv,xiaomi/mimo-v2-flash:free,stop,,gen-1769164842-rkqNvTTFNnmLaeDDfTuf
3554,aapp_competition_test,0,5864,2604,0,C:\Users\durgamaniryudh\Desktop\Learn\testing_evals\test\aapp_competition_test\3554\3554_gen_0.sv,xiaomi/mimo-v2-flash:free,stop,,gen-1769164802-z4HquDlNYQpI15oZ1QaI
580,mbpp_validation,0,4405,2840,0,C:\Users\durgamaniryudh\Desktop\Learn\testing_evals\test\mbpp_validation\580\580_gen_0.sv,xiaomi/mimo-v2-flash:free,stop,,gen-1769164860-U0OzDDHf6UcjCGCu5Y5X
574,mbpp_validation,0,4656,1116,0,C:\Users\durgamaniryudh\Desktop\Learn\testing_evals\test\mbpp_validation\574\574_gen_0.sv,xiaomi/mimo-v2-flash:free,stop,,gen-1769164875-h7j6a5OlO1QntBgqEmqP
3932,aapp_competition_test,0,4707,2695,0,C:\Users\durgamaniryudh\Desktop\Learn\testing_evals\test\aapp_competition_test\3932\3932_gen_0.sv,xiaomi/mimo-v2-flash:free,stop,,gen-1769164856-Srj4u3GassKaE4q9oOGr
3924,aapp_competition_test,0,4380,1634,0,C:\Users\durgamaniryudh\Desktop\Learn\testing_evals\test\aapp_competition_test\3924\3924_gen_0.sv,xiaomi/mimo-v2-flash:free,stop,,gen-1769164848-g8b3xPlIqEoGxdRIgPWZ
567,mbpp_validation,0,4484,1027,0,C:\Users\durgamaniryudh\Desktop\Learn\testing_evals\test\mbpp_validation\567\567_gen_0.sv,xiaomi/mimo-v2-flash:free,stop,,gen-1769164885-J9bY3mplFKjM15P7d8PI
3938,aapp_competition_test,0,4668,897,0,C:\Users\durgamaniryudh\Desktop\Learn\testing_evals\test\aapp_competition_test\3938\3938_gen_0.sv,xiaomi/mimo-v2-flash:free,stop,,gen-1769164885-qKLmFsLIWrvPbUkUJnRW
3940,aapp_competition_test,0,4433,1785,0,C:\Users\durgamaniryudh\Desktop\Learn\testing_evals\test\aapp_competition_test\3940\3940_gen_0.sv,xiaomi/mimo-v2-flash:free,stop,,gen-1769164879-Xzi23Ii7rduJMWpbHDUN
555,mbpp_validation,0,4269,956,0,C:\Users\durgamaniryudh\Desktop\Learn\testing_evals\test\mbpp_validation\555\555_gen_0.sv,xiaomi/mimo-v2-flash:free,stop,,gen-1769164892-KiMFmCZkBLPRjdmxeLnY
3925,aapp_competition_test,0,6617,2862,0,C:\Users\durgamaniryudh\Desktop\Learn\testing_evals\test\aapp_competition_test\3925\3925_gen_0.sv,xiaomi/mimo-v2-flash:free,stop,,gen-1769164853-jklt9W5Aj0RJxzZ3zNRS
3939,aapp_competition_test,0,4246,1292,0,C:\Users\durgamaniryudh\Desktop\Learn\testing_evals\test\aapp_competition_test\3939\3939_gen_0.sv,xiaomi/mimo-v2-flash:free,stop,,gen-1769164906-jFvRFF4wYtSXjqpkbnSb
3622,aapp_competition_test,0,4785,13537,0,C:\Users\durgamaniryudh\Desktop\Learn\testing_evals\test\aapp_competition_test\3622\3622_gen_0.sv,xiaomi/mimo-v2-flash:free,stop,,gen-1769164798-tyQHQn4kfIOx6DWeqIVL
3936,aapp_competition_test,0,4551,1452,0,C:\Users\durgamaniryudh\Desktop\Learn\testing_evals\test\aapp_competition_test\3936\3936_gen_0.sv,xiaomi/mimo-v2-flash:free,stop,,gen-1769164874-Xm2jQdsQqK33qVuDmrFO
3931,aapp_competition_test,0,4489,2299,0,C:\Users\durgamaniryudh\Desktop\Learn\testing_evals\test\aapp_competition_test\3931\3931_gen_0.sv,xiaomi/mimo-v2-flash:free,stop,,gen-1769164898-lxlgu6m6yfZSTechUOw4
3944,aapp_competition_test,0,4444,2234,0,C:\Users\durgamaniryudh\Desktop\Learn\testing_evals\test\aapp_competition_test\3944\3944_gen_0.sv,xiaomi/mimo-v2-flash:free,stop,,gen-1769164899-JGhqUVg0TzD20DH2TSHQ
3941,aapp_competition_test,0,4602,4671,0,C:\Users\durgamaniryudh\Desktop\Learn\testing_evals\test\aapp_competition_test\3941\3941_gen_0.sv,xiaomi/mimo-v2-flash:free,stop,,gen-1769164904-5hhitVE4qACH8NPGliFL
3950,aapp_competition_test,0,4571,2101,0,C:\Users\durgamaniryudh\Desktop\Learn\testing_evals\test\aapp_competition_test\3950\3950_gen_0.sv,xiaomi/mimo-v2-flash:free,stop,,gen-1769164934-HPS06O0jDs7Cf3vxxKwt
3947,aapp_competition_test,0,4378,1542,0,C:\Users\durgamaniryudh\Desktop\Learn\testing_evals\test\aapp_competition_test\3947\3947_gen_0.sv,xiaomi/mimo-v2-flash:free,stop,,gen-1769164933-b6p5OdwHFNdvfAtz7L1i
3954,aapp_competition_test,0,4642,2577,0,C:\Users\durgamaniryudh\Desktop\Learn\testing_evals\test\aapp_competition_test\3954\3954_gen_0.sv,xiaomi/mimo-v2-flash:free,stop,,gen-1769164954-QM0Cjt88nzlRfEqGxcPy
3948,aapp_competition_test,0,4648,6447,0,C:\Users\durgamaniryudh\Desktop\Learn\testing_evals\test\aapp_competition_test\3948\3948_gen_0.sv,xiaomi/mimo-v2-flash:free,stop,,gen-1769164933-P7GDNVxeCKXfq7ZH1QNv
3949,aapp_competition_test,0,4456,3474,0,C:\Users\durgamaniryudh\Desktop\Learn\testing_evals\test\aapp_competition_test\3949\3949_gen_0.sv,xiaomi/mimo-v2-flash:free,stop,,gen-1769164973-TSXjCo1AKGHTMzZydJjz
3955,aapp_competition_test,0,4143,1523,0,C:\Users\durgamaniryudh\Desktop\Learn\testing_evals\test\aapp_competition_test\3955\3955_gen_0.sv,xiaomi/mimo-v2-flash:free,stop,,gen-1769164942-pJvdntpPJRQJoWIU2ReW
3952,aapp_competition_test,0,4334,3957,0,C:\Users\durgamaniryudh\Desktop\Learn\testing_evals\test\aapp_competition_test\3952\3952_gen_0.sv,xiaomi/mimo-v2-flash:free,stop,,gen-1769164935-rLBzS41sV28RNZohMu4E
3625,aapp_competition_test,0,4388,24393,0,C:\Users\durgamaniryudh\Desktop\Learn\testing_evals\test\aapp_competition_test\3625\3625_gen_0.sv,xiaomi/mimo-v2-flash:free,stop,,gen-1769164779-QhvUlxBTOQOs6YkWl5qn
3942,aapp_competition_test,0,4518,1553,0,C:\Users\durgamaniryudh\Desktop\Learn\testing_evals\test\aapp_competition_test\3942\3942_gen_0.sv,xiaomi/mimo-v2-flash:free,stop,,gen-1769165008-JTVM1HEpSx5sTIVr9ldb
3951,aapp_competition_test,0,4454,3198,0,C:\Users\durgamaniryudh\Desktop\Learn\testing_evals\test\aapp_competition_test\3951\3951_gen_0.sv,xiaomi/mimo-v2-flash:free,stop,,gen-1769164957-HPsMlaiPvQXC6NVG4ZJJ
3935,aapp_competition_test,0,4479,4276,0,C:\Users\durgamaniryudh\Desktop\Learn\testing_evals\test\aapp_competition_test\3935\3935_gen_0.sv,xiaomi/mimo-v2-flash:free,stop,,gen-1769164909-quLd0STavNJ7zj3TcSdp
3953,aapp_competition_test,0,4331,3441,0,C:\Users\durgamaniryudh\Desktop\Learn\testing_evals\test\aapp_competition_test\3953\3953_gen_0.sv,xiaomi/mimo-v2-flash:free,stop,,gen-1769164983-Ao964taDtZTePuh1APq8
3962,aapp_competition_test,0,4352,1588,0,C:\Users\durgamaniryudh\Desktop\Learn\testing_evals\test\aapp_competition_test\3962\3962_gen_0.sv,xiaomi/mimo-v2-flash:free,stop,,gen-1769165021-ewIHwNPPilU0YS3YDoju
3958,aapp_competition_test,0,4630,2569,0,C:\Users\durgamaniryudh\Desktop\Learn\testing_evals\test\aapp_competition_test\3958\3958_gen_0.sv,xiaomi/mimo-v2-flash:free,stop,,gen-1769165031-OOvMrGT1jmMDqOAwCFdo
3623,aapp_competition_test,0,4864,23324,0,C:\Users\durgamaniryudh\Desktop\Learn\testing_evals\test\aapp_competition_test\3623\3623_gen_0.sv,xiaomi/mimo-v2-flash:free,stop,,gen-1769164840-dziJnyErHEy7AVOKOuaJ
3967,aapp_competition_test,0,4522,1539,0,C:\Users\durgamaniryudh\Desktop\Learn\testing_evals\test\aapp_competition_test\3967\3967_gen_0.sv,xiaomi/mimo-v2-flash:free,stop,,gen-1769165044-JYGANaN4QCFlK71f3Zpd
3963,aapp_competition_test,0,4664,3087,0,C:\Users\durgamaniryudh\Desktop\Learn\testing_evals\test\aapp_competition_test\3963\3963_gen_0.sv,xiaomi/mimo-v2-flash:free,stop,,gen-1769165029-QRnNvjxTp5StrLI7a3Jh
3945,aapp_competition_test,0,4305,16343,0,C:\Users\durgamaniryudh\Desktop\Learn\testing_evals\test\aapp_competition_test\3945\3945_gen_0.sv,xiaomi/mimo-v2-flash:free,stop,,gen-1769164924-UKd07uodmyZhFBnWP4Ws
3961,aapp_competition_test,0,4491,6763,0,C:\Users\durgamaniryudh\Desktop\Learn\testing_evals\test\aapp_competition_test\3961\3961_gen_0.sv,xiaomi/mimo-v2-flash:free,stop,,gen-1769165014-IL0Re8L4OMoMiodUoGjL
3978,aapp_competition_test,0,4786,1908,0,C:\Users\durgamaniryudh\Desktop\Learn\testing_evals\test\aapp_competition_test\3978\3978_gen_0.sv,xiaomi/mimo-v2-flash:free,stop,,gen-1769165071-QaTXTaaEOYYt7xeg6PMA
3968,aapp_competition_test,0,4557,2638,0,C:\Users\durgamaniryudh\Desktop\Learn\testing_evals\test\aapp_competition_test\3968\3968_gen_0.sv,xiaomi/mimo-v2-flash:free,stop,,gen-1769165059-bmQy6miqIVEDG024B7Ug
3972,aapp_competition_test,0,4412,1616,0,C:\Users\durgamaniryudh\Desktop\Learn\testing_evals\test\aapp_competition_test\3972\3972_gen_0.sv,xiaomi/mimo-v2-flash:free,stop,,gen-1769165069-GQVr5gUs14yzXGKe8REJ
3960,aapp_competition_test,0,4282,1529,0,C:\Users\durgamaniryudh\Desktop\Learn\testing_evals\test\aapp_competition_test\3960\3960_gen_0.sv,xiaomi/mimo-v2-flash:free,stop,,gen-1769165000-16fV687AoUtcTRJcHSCB
3957,aapp_competition_test,0,4564,11071,0,C:\Users\durgamaniryudh\Desktop\Learn\testing_evals\test\aapp_competition_test\3957\3957_gen_0.sv,xiaomi/mimo-v2-flash:free,stop,,gen-1769164989-tcuPtjDoRoVJDRM0BEhJ
3965,aapp_competition_test,0,4287,884,0,C:\Users\durgamaniryudh\Desktop\Learn\testing_evals\test\aapp_competition_test\3965\3965_gen_0.sv,xiaomi/mimo-v2-flash:free,stop,,gen-1769165018-K7Q6FhO2YJDynIdyb1Ky
3976,aapp_competition_test,0,4321,2247,0,C:\Users\durgamaniryudh\Desktop\Learn\testing_evals\test\aapp_competition_test\3976\3976_gen_0.sv,xiaomi/mimo-v2-flash:free,stop,,gen-1769165088-gSy1LVMlGwSJ4RGwavp0
3964,aapp_competition_test,0,4475,3051,0,C:\Users\durgamaniryudh\Desktop\Learn\testing_evals\test\aapp_competition_test\3964\3964_gen_0.sv,xiaomi/mimo-v2-flash:free,stop,,gen-1769165059-N6LmfEdJaRKUWCJAFtCF
3195,aapp_competition_test,0,4634,3293,0,C:\Users\durgamaniryudh\Desktop\Learn\testing_evals\test\aapp_competition_test\3195\3195_gen_0.sv,xiaomi/mimo-v2-flash:free,stop,,gen-1769165089-5VbWRtbKmX1Bl6iLuJKw
3969,aapp_competition_test,0,4222,7095,0,C:\Users\durgamaniryudh\Desktop\Learn\testing_evals\test\aapp_competition_test\3969\3969_gen_0.sv,xiaomi/mimo-v2-flash:free,stop,,gen-1769165051-IOPhlG06Z4hHBkfJe19D
3121,aapp_competition_test,0,4455,3790,0,C:\Users\durgamaniryudh\Desktop\Learn\testing_evals\test\aapp_competition_test\3121\3121_gen_0.sv,xiaomi/mimo-v2-flash:free,stop,,gen-1769165089-IkNAkGnrzQSPXlAPqkeY
3985,aapp_competition_test,0,4726,4715,0,C:\Users\durgamaniryudh\Desktop\Learn\testing_evals\test\aapp_competition_test\3985\3985_gen_0.sv,xiaomi/mimo-v2-flash:free,stop,,gen-1769165089-TgY2Bj7maf0iTjoxEceB
3491,aapp_competition_test,0,4629,2321,0,C:\Users\durgamaniryudh\Desktop\Learn\testing_evals\test\aapp_competition_test\3491\3491_gen_0.sv,xiaomi/mimo-v2-flash:free,stop,,gen-1769165102-SSPoZlnl7UtmYenEghog
604,mbpp_train,0,4086,1324,0,C:\Users\durgamaniryudh\Desktop\Learn\testing_evals\test\mbpp_train\604\604_gen_0.sv,xiaomi/mimo-v2-flash:free,stop,,gen-1769165108-xrjIjqQCrI7TeBwT2GuQ
3836,aapp_competition_test,0,4435,3873,0,C:\Users\durgamaniryudh\Desktop\Learn\testing_evals\test\aapp_competition_test\3836\3836_gen_0.sv,xiaomi/mimo-v2-flash:free,stop,,gen-1769165106-zv4jYgDZs3rIbFd8fYd1
106,human_eval_test,0,4393,1197,0,C:\Users\durgamaniryudh\Desktop\Learn\testing_evals\test\human_eval_test\106\106_gen_0.sv,xiaomi/mimo-v2-flash:free,stop,,gen-1769165127-LQxtqBdZEfMDJtPTrA3K
3494,aapp_competition_test,0,4822,1125,0,C:\Users\durgamaniryudh\Desktop\Learn\testing_evals\test\aapp_competition_test\3494\3494_gen_0.sv,xiaomi/mimo-v2-flash:free,stop,,gen-1769165127-N7PwNfiyLAaZAv7kOb98
605,mbpp_train,0,4354,1261,0,C:\Users\durgamaniryudh\Desktop\Learn\testing_evals\test\mbpp_train\605\605_gen_0.sv,xiaomi/mimo-v2-flash:free,stop,,gen-1769165130-diZLuKFwLp8zuIglcv44
3122,aapp_competition_test,0,4406,4053,0,C:\Users\durgamaniryudh\Desktop\Learn\testing_evals\test\aapp_competition_test\3122\3122_gen_0.sv,xiaomi/mimo-v2-flash:free,stop,,gen-1769165119-K2Ybe70LCyB2PgJHtT4u
3209,aapp_competition_test,0,4628,5114,0,C:\Users\durgamaniryudh\Desktop\Learn\testing_evals\test\aapp_competition_test\3209\3209_gen_0.sv,xiaomi/mimo-v2-flash:free,stop,,gen-1769165125-c61OfeEQSqWVQgJjtqdI
3197,aapp_competition_test,0,4780,1374,0,C:\Users\durgamaniryudh\Desktop\Learn\testing_evals\test\aapp_competition_test\3197\3197_gen_0.sv,xiaomi/mimo-v2-flash:free,stop,,gen-1769165150-dbmbl5CAYxy0NxYRXbjH
3499,aapp_competition_test,0,4373,2366,0,C:\Users\durgamaniryudh\Desktop\Learn\testing_evals\test\aapp_competition_test\3499\3499_gen_0.sv,xiaomi/mimo-v2-flash:free,stop,,gen-1769165152-7ApxhoH2Buk4iRpcaAzC
22,human_eval_test,0,4304,1258,0,C:\Users\durgamaniryudh\Desktop\Learn\testing_evals\test\human_eval_test\22\22_gen_0.sv,xiaomi/mimo-v2-flash:free,stop,,gen-1769165105-S5QxDs7b51jLlFNEbG7u
3120,aapp_competition_test,0,4579,3495,0,C:\Users\durgamaniryudh\Desktop\Learn\testing_evals\test\aapp_competition_test\3120\3120_gen_0.sv,xiaomi/mimo-v2-flash:free,stop,,gen-1769165148-sUSPTj7vkUEAUgT1zEJq
126,human_eval_test,0,4136,995,0,C:\Users\durgamaniryudh\Desktop\Learn\testing_evals\test\human_eval_test\126\126_gen_0.sv,xiaomi/mimo-v2-flash:free,stop,,gen-1769165163-e0sgvew55gdL0vSLob7y
3841,aapp_competition_test,0,4539,2375,0,C:\Users\durgamaniryudh\Desktop\Learn\testing_evals\test\aapp_competition_test\3841\3841_gen_0.sv,xiaomi/mimo-v2-flash:free,stop,,gen-1769165159-8b6PqODxpE8Z68uH2RNo
3124,aapp_competition_test,0,4320,2574,0,C:\Users\durgamaniryudh\Desktop\Learn\testing_evals\test\aapp_competition_test\3124\3124_gen_0.sv,xiaomi/mimo-v2-flash:free,stop,,gen-1769165165-r7gZEBJbG3uWj5Oi0RJf
775,mbpp_train,0,4167,874,0,C:\Users\durgamaniryudh\Desktop\Learn\testing_evals\test\mbpp_train\775\775_gen_0.sv,xiaomi/mimo-v2-flash:free,stop,,gen-1769165163-3apUqNtHF4N1YZFWscnG
64,human_eval_test,0,4278,1118,0,C:\Users\durgamaniryudh\Desktop\Learn\testing_evals\test\human_eval_test\64\64_gen_0.sv,xiaomi/mimo-v2-flash:free,stop,,gen-1769165186-YWd3kE6W9xOklVcuGPM4
148,human_eval_test,0,4461,1332,0,C:\Users\durgamaniryudh\Desktop\Learn\testing_evals\test\human_eval_test\148\148_gen_0.sv,xiaomi/mimo-v2-flash:free,stop,,gen-1769165194-JumoRWosMluqmp4MhwrA
3840,aapp_competition_test,0,4398,1751,0,C:\Users\durgamaniryudh\Desktop\Learn\testing_evals\test\aapp_competition_test\3840\3840_gen_0.sv,xiaomi/mimo-v2-flash:free,stop,,gen-1769165185-x36sf48LXEI3oW7aoDIV
3214,aapp_competition_test,0,4695,4290,0,C:\Users\durgamaniryudh\Desktop\Learn\testing_evals\test\aapp_competition_test\3214\3214_gen_0.sv,xiaomi/mimo-v2-flash:free,stop,,gen-1769165176-cobyVlLutSBM45sVBNrf
3835,aapp_competition_test,0,4525,1981,0,C:\Users\durgamaniryudh\Desktop\Learn\testing_evals\test\aapp_competition_test\3835\3835_gen_0.sv,xiaomi/mimo-v2-flash:free,stop,,gen-1769165116-CCYv3MKG6N4xLphXe02j
3113,aapp_competition_test,0,4605,3024,0,C:\Users\durgamaniryudh\Desktop\Learn\testing_evals\test\aapp_competition_test\3113\3113_gen_0.sv,xiaomi/mimo-v2-flash:free,stop,,gen-1769165195-FZFEI1LuqnOC911aHKHS
606,mbpp_train,0,4413,790,0,C:\Users\durgamaniryudh\Desktop\Learn\testing_evals\test\mbpp_train\606\606_gen_0.sv,xiaomi/mimo-v2-flash:free,stop,,gen-1769165213-DRiMSMB1zh6txapd5cHG
3492,aapp_competition_test,0,4516,2603,0,C:\Users\durgamaniryudh\Desktop\Learn\testing_evals\test\aapp_competition_test\3492\3492_gen_0.sv,xiaomi/mimo-v2-flash:free,stop,,gen-1769165179-PopXFZbaTQ2AcTKWo0Ru
731,mbpp_train,0,4463,1645,0,C:\Users\durgamaniryudh\Desktop\Learn\testing_evals\test\mbpp_train\731\731_gen_0.sv,xiaomi/mimo-v2-flash:free,stop,,gen-1769165189-hRc7poBp7NXrnn5KmdAS
3496,aapp_competition_test,0,4241,2026,0,C:\Users\durgamaniryudh\Desktop\Learn\testing_evals\test\aapp_competition_test\3496\3496_gen_0.sv,xiaomi/mimo-v2-flash:free,stop,,gen-1769165208-VIi01x1KUDFzdEQgzGO9
3123,aapp_competition_test,0,4415,1208,0,C:\Users\durgamaniryudh\Desktop\Learn\testing_evals\test\aapp_competition_test\3123\3123_gen_0.sv,xiaomi/mimo-v2-flash:free,stop,,gen-1769165218-mq0N2yAtApbAAhgGguKi
3831,aapp_competition_test,0,4522,1816,0,C:\Users\durgamaniryudh\Desktop\Learn\testing_evals\test\aapp_competition_test\3831\3831_gen_0.sv,xiaomi/mimo-v2-flash:free,stop,,gen-1769165211-4osO9iI8Lsxn0h5Uax6z
3977,aapp_competition_test,0,4503,16629,0,C:\Users\durgamaniryudh\Desktop\Learn\testing_evals\test\aapp_competition_test\3977\3977_gen_0.sv,xiaomi/mimo-v2-flash:free,stop,,gen-1769165079-9RJWuh93QRDNZS4ZPJqn
730,mbpp_train,0,5185,1102,0,C:\Users\durgamaniryudh\Desktop\Learn\testing_evals\test\mbpp_train\730\730_gen_0.sv,xiaomi/mimo-v2-flash:free,stop,,gen-1769165231-1Y904UPKws7v89iNrcIF
125,human_eval_test,0,4547,2252,0,C:\Users\durgamaniryudh\Desktop\Learn\testing_evals\test\human_eval_test\125\125_gen_0.sv,xiaomi/mimo-v2-flash:free,stop,,gen-1769165228-YL9RYXzhQRkDxjudNsio
3215,aapp_competition_test,0,5785,2281,0,C:\Users\durgamaniryudh\Desktop\Learn\testing_evals\test\aapp_competition_test\3215\3215_gen_0.sv,xiaomi/mimo-v2-flash:free,stop,,gen-1769165237-W3FCLbvF7bDi1kFwoaSy
3842,aapp_competition_test,0,4583,3580,0,C:\Users\durgamaniryudh\Desktop\Learn\testing_evals\test\aapp_competition_test\3842\3842_gen_0.sv,xiaomi/mimo-v2-flash:free,stop,,gen-1769165223-NuVpxCt0dDkXKaQgimIP
3212,aapp_competition_test,0,4646,8227,0,C:\Users\durgamaniryudh\Desktop\Learn\testing_evals\test\aapp_competition_test\3212\3212_gen_0.sv,xiaomi/mimo-v2-flash:free,stop,,gen-1769165195-aax691uE39PuMT6S5jhQ
3487,aapp_competition_test,0,4125,4008,0,C:\Users\durgamaniryudh\Desktop\Learn\testing_evals\test\aapp_competition_test\3487\3487_gen_0.sv,xiaomi/mimo-v2-flash:free,stop,,gen-1769165221-T54IId1DNl7TODmO2tii
1,human_eval_test,0,4426,1060,0,C:\Users\durgamaniryudh\Desktop\Learn\testing_evals\test\human_eval_test\1\1_gen_0.sv,xiaomi/mimo-v2-flash:free,stop,,gen-1769165252-jBy7WqvGHkGhyfdWnHyv
776,mbpp_train,0,4371,1444,0,C:\Users\durgamaniryudh\Desktop\Learn\testing_evals\test\mbpp_train\776\776_gen_0.sv,xiaomi/mimo-v2-flash:free,stop,,gen-1769165260-tupwSY45R7cgMVtTm9Ax
3125,aapp_competition_test,0,4729,3226,0,C:\Users\durgamaniryudh\Desktop\Learn\testing_evals\test\aapp_competition_test\3125\3125_gen_0.sv,xiaomi/mimo-v2-flash:free,stop,,gen-1769165233-K0bJqSEPpH6oyijbxijj
3504,aapp_competition_test,0,4286,1166,0,C:\Users\durgamaniryudh\Desktop\Learn\testing_evals\test\aapp_competition_test\3504\3504_gen_0.sv,xiaomi/mimo-v2-flash:free,stop,,gen-1769165241-HQcKZPmVbCOrtsiAPqrH
3837,aapp_competition_test,0,4069,3584,0,C:\Users\durgamaniryudh\Desktop\Learn\testing_evals\test\aapp_competition_test\3837\3837_gen_0.sv,xiaomi/mimo-v2-flash:free,stop,,gen-1769165249-OBlhvw1U4wxuEGI8ubta
85,human_eval_test,0,4296,849,0,C:\Users\durgamaniryudh\Desktop\Learn\testing_evals\test\human_eval_test\85\85_gen_0.sv,xiaomi/mimo-v2-flash:free,stop,,gen-1769165272-tEvnNx1NOogCszF20Yi5
630,mbpp_train,0,4403,692,0,C:\Users\durgamaniryudh\Desktop\Learn\testing_evals\test\mbpp_train\630\630_gen_0.sv,xiaomi/mimo-v2-flash:free,stop,,gen-1769165274-2cW6H1KTmfrt8SnOQeQL
3503,aapp_competition_test,0,4469,2069,0,C:\Users\durgamaniryudh\Desktop\Learn\testing_evals\test\aapp_competition_test\3503\3503_gen_0.sv,xiaomi/mimo-v2-flash:free,stop,,gen-1769165267-s8rv5AlBMGGIsxu6Yvox
3098,aapp_competition_test,0,4446,1751,0,C:\Users\durgamaniryudh\Desktop\Learn\testing_evals\test\aapp_competition_test\3098\3098_gen_0.sv,xiaomi/mimo-v2-flash:free,stop,,gen-1769165280-z17HAJ4sKOXQKdXdDUel
3217,aapp_competition_test,0,4440,2095,0,C:\Users\durgamaniryudh\Desktop\Learn\testing_evals\test\aapp_competition_test\3217\3217_gen_0.sv,xiaomi/mimo-v2-flash:free,stop,,gen-1769165265-2L7SvICSKuXmyt0l340J
3130,aapp_competition_test,0,4548,2352,0,C:\Users\durgamaniryudh\Desktop\Learn\testing_evals\test\aapp_competition_test\3130\3130_gen_0.sv,xiaomi/mimo-v2-flash:free,stop,,gen-1769165263-HpJaE3hYE7zzJKZ2HxUX
44,human_eval_test,0,4126,649,0,C:\Users\durgamaniryudh\Desktop\Learn\testing_evals\test\human_eval_test\44\44_gen_0.sv,xiaomi/mimo-v2-flash:free,stop,,gen-1769165298-SRNykumcgVhuIPW8qyMN
3843,aapp_competition_test,0,4458,3458,0,C:\Users\durgamaniryudh\Desktop\Learn\testing_evals\test\aapp_competition_test\3843\3843_gen_0.sv,xiaomi/mimo-v2-flash:free,stop,,gen-1769165268-KGKwhRHQjo37Lc2jcTyx
3216,aapp_competition_test,0,4217,8854,0,C:\Users\durgamaniryudh\Desktop\Learn\testing_evals\test\aapp_competition_test\3216\3216_gen_0.sv,xiaomi/mimo-v2-flash:free,stop,,gen-1769165218-VCNftqxTw0PM53Nei5Ls
3838,aapp_competition_test,0,4825,2273,0,C:\Users\durgamaniryudh\Desktop\Learn\testing_evals\test\aapp_competition_test\3838\3838_gen_0.sv,xiaomi/mimo-v2-flash:free,stop,,gen-1769165290-j0Vr4rxGKgdx6jfT0HS8
3500,aapp_competition_test,0,4117,3151,0,C:\Users\durgamaniryudh\Desktop\Learn\testing_evals\test\aapp_competition_test\3500\3500_gen_0.sv,xiaomi/mimo-v2-flash:free,stop,,gen-1769165289-mpoffQbJcvadMLVq3CAj
3221,aapp_competition_test,0,4540,3151,0,C:\Users\durgamaniryudh\Desktop\Learn\testing_evals\test\aapp_competition_test\3221\3221_gen_0.sv,xiaomi/mimo-v2-flash:free,stop,,gen-1769165289-CAKZq2CZdVR2eKGMUV3Z
3220,aapp_competition_test,0,5210,2665,0,C:\Users\durgamaniryudh\Desktop\Learn\testing_evals\test\aapp_competition_test\3220\3220_gen_0.sv,xiaomi/mimo-v2-flash:free,stop,,gen-1769165302-3f7LQRpaFAIT8WHlCHKx
773,mbpp_train,0,4463,1565,0,C:\Users\durgamaniryudh\Desktop\Learn\testing_evals\test\mbpp_train\773\773_gen_0.sv,xiaomi/mimo-v2-flash:free,stop,,gen-1769165298-QcKH9lAZSQUX1phvv5hS
797,mbpp_train,0,4317,667,0,C:\Users\durgamaniryudh\Desktop\Learn\testing_evals\test\mbpp_train\797\797_gen_0.sv,xiaomi/mimo-v2-flash:free,stop,,gen-1769165317-xmon9e3WrxXZb2rFW5H0
3505,aapp_competition_test,0,4694,1421,0,C:\Users\durgamaniryudh\Desktop\Learn\testing_evals\test\aapp_competition_test\3505\3505_gen_0.sv,xiaomi/mimo-v2-flash:free,stop,,gen-1769165325-4qv5F1lYe2Fvk3M0jBNx
43,human_eval_test,0,4380,854,0,C:\Users\durgamaniryudh\Desktop\Learn\testing_evals\test\human_eval_test\43\43_gen_0.sv,xiaomi/mimo-v2-flash:free,stop,,gen-1769165337-2XNwhpFtp2BgLOsfLpEX
3851,aapp_competition_test,0,4591,2190,0,C:\Users\durgamaniryudh\Desktop\Learn\testing_evals\test\aapp_competition_test\3851\3851_gen_0.sv,xiaomi/mimo-v2-flash:free,stop,,gen-1769165309-CQRp4pU7TIOZO24sxsBT
75,human_eval_test,0,4403,711,0,C:\Users\durgamaniryudh\Desktop\Learn\testing_evals\test\human_eval_test\75\75_gen_0.sv,xiaomi/mimo-v2-flash:free,stop,,gen-1769165346-iEyHS0v8d7cPzInimVF0
3133,aapp_competition_test,0,4490,2955,0,C:\Users\durgamaniryudh\Desktop\Learn\testing_evals\test\aapp_competition_test\3133\3133_gen_0.sv,xiaomi/mimo-v2-flash:free,stop,,gen-1769165323-fu6orIfgdu7fUZRzyiDy
3210,aapp_competition_test,0,4594,2392,0,C:\Users\durgamaniryudh\Desktop\Learn\testing_evals\test\aapp_competition_test\3210\3210_gen_0.sv,xiaomi/mimo-v2-flash:free,stop,,gen-1769165323-4N2QXirm3LdI3A5Bzovy
3132,aapp_competition_test,0,4517,4784,0,C:\Users\durgamaniryudh\Desktop\Learn\testing_evals\test\aapp_competition_test\3132\3132_gen_0.sv,xiaomi/mimo-v2-flash:free,stop,,gen-1769165300-y22VC60kO6xDaKGWxsR5
631,mbpp_train,0,4312,1923,0,C:\Users\durgamaniryudh\Desktop\Learn\testing_evals\test\mbpp_train\631\631_gen_0.sv,xiaomi/mimo-v2-flash:free,stop,,gen-1769165343-NHIqGiDDU9yTW9bku9bT
3844,aapp_competition_test,0,4797,961,0,C:\Users\durgamaniryudh\Desktop\Learn\testing_evals\test\aapp_competition_test\3844\3844_gen_0.sv,xiaomi/mimo-v2-flash:free,stop,,gen-1769165327-pbJXmSvNKUGFFmwLKrww
127,human_eval_test,0,4400,1595,0,C:\Users\durgamaniryudh\Desktop\Learn\testing_evals\test\human_eval_test\127\127_gen_0.sv,xiaomi/mimo-v2-flash:free,stop,,gen-1769165314-dzXYEuhbKXNBRFDi3ZpN
3508,aapp_competition_test,0,4746,3747,0,C:\Users\durgamaniryudh\Desktop\Learn\testing_evals\test\aapp_competition_test\3508\3508_gen_0.sv,xiaomi/mimo-v2-flash:free,stop,,gen-1769165305-6rkd5g1ObgUyOBTvP40R
752,mbpp_train,0,4245,788,0,C:\Users\durgamaniryudh\Desktop\Learn\testing_evals\test\mbpp_train\752\752_gen_0.sv,xiaomi/mimo-v2-flash:free,stop,,gen-1769165355-23TM9lHGrLy4GhVOpe2U
3848,aapp_competition_test,0,4604,1807,0,C:\Users\durgamaniryudh\Desktop\Learn\testing_evals\test\aapp_competition_test\3848\3848_gen_0.sv,xiaomi/mimo-v2-flash:free,stop,,gen-1769165353-2wLv7bgBXOJxdfCBio88
3218,aapp_competition_test,0,4144,2206,0,C:\Users\durgamaniryudh\Desktop\Learn\testing_evals\test\aapp_competition_test\3218\3218_gen_0.sv,xiaomi/mimo-v2-flash:free,stop,,gen-1769165353-nf6MRC5Ic3HQcUSenRxx
86,mbpp_test,0,4270,1062,0,C:\Users\durgamaniryudh\Desktop\Learn\testing_evals\test\mbpp_test\86\86_gen_0.sv,xiaomi/mimo-v2-flash:free,stop,,gen-1769165358-H7UDXBgaaSN0HRtV7kwc
799,mbpp_train,0,4540,542,0,C:\Users\durgamaniryudh\Desktop\Learn\testing_evals\test\mbpp_train\799\799_gen_0.sv,xiaomi/mimo-v2-flash:free,stop,,gen-1769165369-h7ArQ5WIbXaIqvpInA4W
3134,aapp_competition_test,0,4570,2000,0,C:\Users\durgamaniryudh\Desktop\Learn\testing_evals\test\aapp_competition_test\3134\3134_gen_0.sv,xiaomi/mimo-v2-flash:free,stop,,gen-1769165360-kXMQwpCoOAgXFWLALXtJ
3222,aapp_competition_test,0,4326,2285,0,C:\Users\durgamaniryudh\Desktop\Learn\testing_evals\test\aapp_competition_test\3222\3222_gen_0.sv,xiaomi/mimo-v2-flash:free,stop,,gen-1769165360-LHIgbZ5QGvs5O6J23oF3
273,mbpp_test,0,4220,936,0,C:\Users\durgamaniryudh\Desktop\Learn\testing_evals\test\mbpp_test\273\273_gen_0.sv,xiaomi/mimo-v2-flash:free,stop,,gen-1769165373-Wpwq2GAujYHz5yZzUgk8
3127,aapp_competition_test,0,5005,3794,0,C:\Users\durgamaniryudh\Desktop\Learn\testing_evals\test\aapp_competition_test\3127\3127_gen_0.sv,xiaomi/mimo-v2-flash:free,stop,,gen-1769165349-Ah9j0YdeEK3ZyrgxRemn
3847,aapp_competition_test,0,4339,2976,0,C:\Users\durgamaniryudh\Desktop\Learn\testing_evals\test\aapp_competition_test\3847\3847_gen_0.sv,xiaomi/mimo-v2-flash:free,stop,,gen-1769165364-oupHyOhKGVzYecMCqNGf
732,mbpp_train,0,4417,827,0,C:\Users\durgamaniryudh\Desktop\Learn\testing_evals\test\mbpp_train\732\732_gen_0.sv,xiaomi/mimo-v2-flash:free,stop,,gen-1769165383-C9eWZP8guAfcbLL2GQK2
3131,aapp_competition_test,0,4604,1378,0,C:\Users\durgamaniryudh\Desktop\Learn\testing_evals\test\aapp_competition_test\3131\3131_gen_0.sv,xiaomi/mimo-v2-flash:free,stop,,gen-1769165388-47Mos2MHEfsBps60lFa6
3223,aapp_competition_test,0,4303,3137,0,C:\Users\durgamaniryudh\Desktop\Learn\testing_evals\test\aapp_competition_test\3223\3223_gen_0.sv,xiaomi/mimo-v2-flash:free,stop,,gen-1769165374-m1ajI6hizY6t8arrvJkf
3852,aapp_competition_test,0,4305,2167,0,C:\Users\durgamaniryudh\Desktop\Learn\testing_evals\test\aapp_competition_test\3852\3852_gen_0.sv,xiaomi/mimo-v2-flash:free,stop,,gen-1769165380-SFtf6uD2atMJVTk703lr
3507,aapp_competition_test,0,5821,2689,0,C:\Users\durgamaniryudh\Desktop\Learn\testing_evals\test\aapp_competition_test\3507\3507_gen_0.sv,xiaomi/mimo-v2-flash:free,stop,,gen-1769165378-eazIjbYLR37nTphPCjd4
3229,aapp_competition_test,0,4770,2125,0,C:\Users\durgamaniryudh\Desktop\Learn\testing_evals\test\aapp_competition_test\3229\3229_gen_0.sv,xiaomi/mimo-v2-flash:free,stop,,gen-1769165390-X8bTPm7bWS4Be8QuZJsl
3970,aapp_competition_test,0,4692,33039,0,C:\Users\durgamaniryudh\Desktop\Learn\testing_evals\test\aapp_competition_test\3970\3970_gen_0.sv,xiaomi/mimo-v2-flash:free,stop,,gen-1769165039-YnCrlEawv6Owx9SkSE20
607,mbpp_train,0,4411,1643,0,C:\Users\durgamaniryudh\Desktop\Learn\testing_evals\test\mbpp_train\607\607_gen_0.sv,xiaomi/mimo-v2-flash:free,stop,,gen-1769165409-IS8NOBNtecqWl7vCmdEk
3129,aapp_competition_test,0,4570,1251,0,C:\Users\durgamaniryudh\Desktop\Learn\testing_evals\test\aapp_competition_test\3129\3129_gen_0.sv,xiaomi/mimo-v2-flash:free,stop,,gen-1769165421-kbOIsyalSkfv2dZZkRVO
109,mbpp_test,0,4248,826,0,C:\Users\durgamaniryudh\Desktop\Learn\testing_evals\test\mbpp_test\109\109_gen_0.sv,xiaomi/mimo-v2-flash:free,stop,,gen-1769165426-OGW2bR8nsv6iSZLElASd
3506,aapp_competition_test,0,5474,3522,0,C:\Users\durgamaniryudh\Desktop\Learn\testing_evals\test\aapp_competition_test\3506\3506_gen_0.sv,xiaomi/mimo-v2-flash:free,stop,,gen-1769165396-F4Eov6kIS00PEY7NpMau
801,mbpp_train,0,4282,651,0,C:\Users\durgamaniryudh\Desktop\Learn\testing_evals\test\mbpp_train\801\801_gen_0.sv,xiaomi/mimo-v2-flash:free,stop,,gen-1769165434-Uhto9v0nG9t9Q4wzfipM
3855,aapp_competition_test,0,4201,753,0,C:\Users\durgamaniryudh\Desktop\Learn\testing_evals\test\aapp_competition_test\3855\3855_gen_0.sv,xiaomi/mimo-v2-flash:free,stop,,gen-1769165434-siMsZKwzONekXStqc2iG
3854,aapp_competition_test,0,4402,4280,0,C:\Users\durgamaniryudh\Desktop\Learn\testing_evals\test\aapp_competition_test\3854\3854_gen_0.sv,xiaomi/mimo-v2-flash:free,stop,,gen-1769165408-xfurhnue2NxEuNRQmGG0
296,mbpp_test,0,4589,1582,0,C:\Users\durgamaniryudh\Desktop\Learn\testing_evals\test\mbpp_test\296\296_gen_0.sv,xiaomi/mimo-v2-flash:free,stop,,gen-1769165406-3dnK3vT5xomftomhK61k
3138,aapp_competition_test,0,4380,1428,0,C:\Users\durgamaniryudh\Desktop\Learn\testing_evals\test\aapp_competition_test\3138\3138_gen_0.sv,xiaomi/mimo-v2-flash:free,stop,,gen-1769165441-HytvgSClInBiBWbBlBsl
3213,aapp_competition_test,0,4745,2210,0,C:\Users\durgamaniryudh\Desktop\Learn\testing_evals\test\aapp_competition_test\3213\3213_gen_0.sv,xiaomi/mimo-v2-flash:free,stop,,gen-1769165442-hRnS01SnQRGKDbvxQBzP
3498,aapp_competition_test,0,4340,3261,0,C:\Users\durgamaniryudh\Desktop\Learn\testing_evals\test\aapp_competition_test\3498\3498_gen_0.sv,xiaomi/mimo-v2-flash:free,stop,,gen-1769165424-8VT9eGSyeAbuXMYWEokd
3486,aapp_competition_test,0,4388,2337,0,C:\Users\durgamaniryudh\Desktop\Learn\testing_evals\test\aapp_competition_test\3486\3486_gen_0.sv,xiaomi/mimo-v2-flash:free,stop,,gen-1769165447-9Z98paJmfrTC8uE292Ip
754,mbpp_train,0,4330,639,0,C:\Users\durgamaniryudh\Desktop\Learn\testing_evals\test\mbpp_train\754\754_gen_0.sv,xiaomi/mimo-v2-flash:free,stop,,gen-1769165459-znVMYmgS8LyjMvyLWw5j
3850,aapp_competition_test,0,4366,2154,0,C:\Users\durgamaniryudh\Desktop\Learn\testing_evals\test\aapp_competition_test\3850\3850_gen_0.sv,xiaomi/mimo-v2-flash:free,stop,,gen-1769165455-MJCcStaTzyelUfwozrVZ
396,mbpp_test,0,4345,816,0,C:\Users\durgamaniryudh\Desktop\Learn\testing_evals\test\mbpp_test\396\396_gen_0.sv,xiaomi/mimo-v2-flash:free,stop,,gen-1769165470-kNf7LoY7d64JvaG2eqQ5
3139,aapp_competition_test,0,4391,1602,0,C:\Users\durgamaniryudh\Desktop\Learn\testing_evals\test\aapp_competition_test\3139\3139_gen_0.sv,xiaomi/mimo-v2-flash:free,stop,,gen-1769165471-krIkP7OejVr4a8nAU0Zl
223,mbpp_test,0,4911,1353,0,C:\Users\durgamaniryudh\Desktop\Learn\testing_evals\test\mbpp_test\223\223_gen_0.sv,xiaomi/mimo-v2-flash:free,stop,,gen-1769165451-PHjUZxXQ0r7JE8Qzzwmq
800,mbpp_train,0,4819,993,0,C:\Users\durgamaniryudh\Desktop\Learn\testing_evals\test\mbpp_train\800\800_gen_0.sv,xiaomi/mimo-v2-flash:free,stop,,gen-1769165481-nJuO2VEK1KGoxibSj7Wm
3858,aapp_competition_test,0,4703,3166,0,C:\Users\durgamaniryudh\Desktop\Learn\testing_evals\test\aapp_competition_test\3858\3858_gen_0.sv,xiaomi/mimo-v2-flash:free,stop,,gen-1769165463-R1Zpdyhuqkd157f4KLgR
3225,aapp_competition_test,0,4434,7390,0,C:\Users\durgamaniryudh\Desktop\Learn\testing_evals\test\aapp_competition_test\3225\3225_gen_0.sv,xiaomi/mimo-v2-flash:free,stop,,gen-1769165423-3zixEwzOko8t1Bww81IW
3860,aapp_competition_test,0,4406,400,0,C:\Users\durgamaniryudh\Desktop\Learn\testing_evals\test\aapp_competition_test\3860\3860_gen_0.sv,xiaomi/mimo-v2-flash:free,stop,,gen-1769165487-OOWiP1wGm1S0u8sOi8Ds
3231,aapp_competition_test,0,4466,1864,0,C:\Users\durgamaniryudh\Desktop\Learn\testing_evals\test\aapp_competition_test\3231\3231_gen_0.sv,xiaomi/mimo-v2-flash:free,stop,,gen-1769165474-bPxGVzVxuMs6vQYIR0YD
3502,aapp_competition_test,0,4825,15429,0,C:\Users\durgamaniryudh\Desktop\Learn\testing_evals\test\aapp_competition_test\3502\3502_gen_0.sv,xiaomi/mimo-v2-flash:free,stop,,gen-1769165353-ub0NTnxwlRihzLdzQprj
137,mbpp_test,0,4415,1299,0,C:\Users\durgamaniryudh\Desktop\Learn\testing_evals\test\mbpp_test\137\137_gen_0.sv,xiaomi/mimo-v2-flash:free,stop,,gen-1769165493-9PF1WoTCuG72OJdZHhIB
3234,aapp_competition_test,0,4475,1526,0,C:\Users\durgamaniryudh\Desktop\Learn\testing_evals\test\aapp_competition_test\3234\3234_gen_0.sv,xiaomi/mimo-v2-flash:free,stop,,gen-1769165490-JdQ6ZUVlcMulYHF2DVZP
3140,aapp_competition_test,0,4731,1717,0,C:\Users\durgamaniryudh\Desktop\Learn\testing_evals\test\aapp_competition_test\3140\3140_gen_0.sv,xiaomi/mimo-v2-flash:free,stop,,gen-1769165502-CPRBbHEhClSBlo681aGS
3141,aapp_competition_test,0,4612,3428,0,C:\Users\durgamaniryudh\Desktop\Learn\testing_evals\test\aapp_competition_test\3141\3141_gen_0.sv,xiaomi/mimo-v2-flash:free,stop,,gen-1769165487-fhBlQLCLtK3MHMxnN3l7
753,mbpp_train,0,4629,1860,0,C:\Users\durgamaniryudh\Desktop\Learn\testing_evals\test\mbpp_train\753\753_gen_0.sv,xiaomi/mimo-v2-flash:free,stop,,gen-1769165496-AWYf2BicWgl0QTDHXr7v
3510,aapp_competition_test,0,4884,5240,0,C:\Users\durgamaniryudh\Desktop\Learn\testing_evals\test\aapp_competition_test\3510\3510_gen_0.sv,xiaomi/mimo-v2-flash:free,stop,,gen-1769165476-H3Sq39Ou8wWezl62RHXa
3517,aapp_competition_test,0,5087,1730,0,C:\Users\durgamaniryudh\Desktop\Learn\testing_evals\test\aapp_competition_test\3517\3517_gen_0.sv,xiaomi/mimo-v2-flash:free,stop,,gen-1769165507-uUsBIUyxQ0o5e7MqgEJX
608,mbpp_train,0,4737,1187,0,C:\Users\durgamaniryudh\Desktop\Learn\testing_evals\test\mbpp_train\608\608_gen_0.sv,xiaomi/mimo-v2-flash:free,stop,,gen-1769165517-bVJUD1VKQ42GPEuK9TGK
420,mbpp_test,0,4175,834,0,C:\Users\durgamaniryudh\Desktop\Learn\testing_evals\test\mbpp_test\420\420_gen_0.sv,xiaomi/mimo-v2-flash:free,stop,,gen-1769165516-om7LJPpsXzC8kOTvzbZU
3497,aapp_competition_test,0,4533,7803,0,C:\Users\durgamaniryudh\Desktop\Learn\testing_evals\test\aapp_competition_test\3497\3497_gen_0.sv,xiaomi/mimo-v2-flash:free,stop,,gen-1769165362-xkTNPWEMXr7QP1QGcYJC
3857,aapp_competition_test,0,4323,2778,0,C:\Users\durgamaniryudh\Desktop\Learn\testing_evals\test\aapp_competition_test\3857\3857_gen_0.sv,xiaomi/mimo-v2-flash:free,stop,,gen-1769165497-Qv2wfAilBJ4ZBmdRVNHV
442,mbpp_test,0,4970,1245,0,C:\Users\durgamaniryudh\Desktop\Learn\testing_evals\test\mbpp_test\442\442_gen_0.sv,xiaomi/mimo-v2-flash:free,stop,,gen-1769165531-jHzJBrCO9Owi6NSbYKqQ
3233,aapp_competition_test,0,4353,471,0,C:\Users\durgamaniryudh\Desktop\Learn\testing_evals\test\aapp_competition_test\3233\3233_gen_0.sv,xiaomi/mimo-v2-flash:free,stop,,gen-1769165506-TW8MILVbNbHwySji6Wzs
3862,aapp_competition_test,0,4567,2069,0,C:\Users\durgamaniryudh\Desktop\Learn\testing_evals\test\aapp_competition_test\3862\3862_gen_0.sv,xiaomi/mimo-v2-flash:free,stop,,gen-1769165519-fi5qvWLiMKuspD8d4blN
3515,aapp_competition_test,0,4928,4182,0,C:\Users\durgamaniryudh\Desktop\Learn\testing_evals\test\aapp_competition_test\3515\3515_gen_0.sv,xiaomi/mimo-v2-flash:free,stop,,gen-1769165492-u986zWZX08f09qrmQVCy
733,mbpp_train,0,4480,1491,0,C:\Users\durgamaniryudh\Desktop\Learn\testing_evals\test\mbpp_train\733\733_gen_0.sv,xiaomi/mimo-v2-flash:free,stop,,gen-1769165538-xlSiavO6WPjwkYQKqcZF
3142,aapp_competition_test,0,4273,2962,0,C:\Users\durgamaniryudh\Desktop\Learn\testing_evals\test\aapp_competition_test\3142\3142_gen_0.sv,xiaomi/mimo-v2-flash:free,stop,,gen-1769165526-qhMZ4J8DgUNKXDCVX8t0
3232,aapp_competition_test,0,4397,3241,0,C:\Users\durgamaniryudh\Desktop\Learn\testing_evals\test\aapp_competition_test\3232\3232_gen_0.sv,xiaomi/mimo-v2-flash:free,stop,,gen-1769165526-RJsMqVq1AazhRdoM2iyD
3145,aapp_competition_test,0,4476,1241,0,C:\Users\durgamaniryudh\Desktop\Learn\testing_evals\test\aapp_competition_test\3145\3145_gen_0.sv,xiaomi/mimo-v2-flash:free,stop,,gen-1769165553-EdnvYORhj38dYQQJyS3F
463,mbpp_test,0,4726,1895,0,C:\Users\durgamaniryudh\Desktop\Learn\testing_evals\test\mbpp_test\463\463_gen_0.sv,xiaomi/mimo-v2-flash:free,stop,,gen-1769165549-BhsiXNLZZzLmV4jxbqUx
3135,aapp_competition_test,0,4236,20564,0,C:\Users\durgamaniryudh\Desktop\Learn\testing_evals\test\aapp_competition_test\3135\3135_gen_0.sv,xiaomi/mimo-v2-flash:free,stop,,gen-1769165374-yhUi4XlRiaZzQpy0pqF0
3136,aapp_competition_test,0,4783,3967,0,C:\Users\durgamaniryudh\Desktop\Learn\testing_evals\test\aapp_competition_test\3136\3136_gen_0.sv,xiaomi/mimo-v2-flash:free,stop,,gen-1769165541-k9D2ixkaMID2jbf3XHdw
3866,aapp_competition_test,0,4612,1057,0,C:\Users\durgamaniryudh\Desktop\Learn\testing_evals\test\aapp_competition_test\3866\3866_gen_0.sv,xiaomi/mimo-v2-flash:free,stop,,gen-1769165548-HRRHD09mO1FrpSj6DKDN
63,mbpp_test,0,4359,942,0,C:\Users\durgamaniryudh\Desktop\Learn\testing_evals\test\mbpp_test\63\63_gen_0.sv,xiaomi/mimo-v2-flash:free,stop,,gen-1769165568-XRNf53k8jWKXZ2QNNZUi
783,mbpp_train,0,4576,2744,0,C:\Users\durgamaniryudh\Desktop\Learn\testing_evals\test\mbpp_train\783\783_gen_0.sv,xiaomi/mimo-v2-flash:free,stop,,gen-1769165553-Iqv43gN3fM1plY0KJCcA
3865,aapp_competition_test,0,4557,2208,0,C:\Users\durgamaniryudh\Desktop\Learn\testing_evals\test\aapp_competition_test\3865\3865_gen_0.sv,xiaomi/mimo-v2-flash:free,stop,,gen-1769165566-9JAtWQ0jpN7Gbhac9W08
3519,aapp_competition_test,0,4331,1922,0,C:\Users\durgamaniryudh\Desktop\Learn\testing_evals\test\aapp_competition_test\3519\3519_gen_0.sv,xiaomi/mimo-v2-flash:free,stop,,gen-1769165565-duUUkfmM54A1GsmTkkm8
3518,aapp_competition_test,0,4417,4497,0,C:\Users\durgamaniryudh\Desktop\Learn\testing_evals\test\aapp_competition_test\3518\3518_gen_0.sv,xiaomi/mimo-v2-flash:free,stop,,gen-1769165529-y31ovYRsmRiuJ73662T9
3236,aapp_competition_test,0,5043,3425,0,C:\Users\durgamaniryudh\Desktop\Learn\testing_evals\test\aapp_competition_test\3236\3236_gen_0.sv,xiaomi/mimo-v2-flash:free,stop,,gen-1769165556-Xz0XgSf8N5pLx3ofd6OQ
755,mbpp_train,0,4234,1233,0,C:\Users\durgamaniryudh\Desktop\Learn\testing_evals\test\mbpp_train\755\755_gen_0.sv,xiaomi/mimo-v2-flash:free,stop,,gen-1769165578-F4ZfAZaUlgtJTe8lNr6q
3520,aapp_competition_test,0,4666,3716,0,C:\Users\durgamaniryudh\Desktop\Learn\testing_evals\test\aapp_competition_test\3520\3520_gen_0.sv,xiaomi/mimo-v2-flash:free,stop,,gen-1769165546-eNXFDcxIzKuoUj1B2JYs
3144,aapp_competition_test,0,4677,2637,0,C:\Users\durgamaniryudh\Desktop\Learn\testing_evals\test\aapp_competition_test\3144\3144_gen_0.sv,xiaomi/mimo-v2-flash:free,stop,,gen-1769165578-HsI9P4jmlmDCSl9JBnv2
610,mbpp_train,0,4502,1486,0,C:\Users\durgamaniryudh\Desktop\Learn\testing_evals\test\mbpp_train\610\610_gen_0.sv,xiaomi/mimo-v2-flash:free,stop,,gen-1769165588-NkomlY5Zn8pZYCMDbbhq
3853,aapp_competition_test,0,5311,1890,0,C:\Users\durgamaniryudh\Desktop\Learn\testing_evals\test\aapp_competition_test\3853\3853_gen_0.sv,xiaomi/mimo-v2-flash:free,stop,,gen-1769165586-t571vbIEUYV44Inj5J1U
3861,aapp_competition_test,0,4578,1840,0,C:\Users\durgamaniryudh\Desktop\Learn\testing_evals\test\aapp_competition_test\3861\3861_gen_0.sv,xiaomi/mimo-v2-flash:free,stop,,gen-1769165602-qn8kthilfpPRX71NRMED
464,mbpp_test,0,4225,576,0,C:\Users\durgamaniryudh\Desktop\Learn\testing_evals\test\mbpp_test\464\464_gen_0.sv,xiaomi/mimo-v2-flash:free,stop,,gen-1769165610-b0AYybG8yZSCtRkSdb0U
3522,aapp_competition_test,0,4550,3067,0,C:\Users\durgamaniryudh\Desktop\Learn\testing_evals\test\aapp_competition_test\3522\3522_gen_0.sv,xiaomi/mimo-v2-flash:free,stop,,gen-1769165593-X9uH11wGET9LwESoo0n2
3238,aapp_competition_test,0,4572,3254,0,C:\Users\durgamaniryudh\Desktop\Learn\testing_evals\test\aapp_competition_test\3238\3238_gen_0.sv,xiaomi/mimo-v2-flash:free,stop,,gen-1769165580-fmQAoHqZa2cSfEOR23UH
87,mbpp_test,0,4702,2457,0,C:\Users\durgamaniryudh\Desktop\Learn\testing_evals\test\mbpp_test\87\87_gen_0.sv,xiaomi/mimo-v2-flash:free,stop,,gen-1769165587-twvCeVNZcCzEvILGTDiH
224,mbpp_test,0,4278,813,0,C:\Users\durgamaniryudh\Desktop\Learn\testing_evals\test\mbpp_test\224\224_gen_0.sv,xiaomi/mimo-v2-flash:free,stop,,gen-1769165633-pEETHLroSF0enPAoYTvQ
3239,aapp_competition_test,0,4431,5055,0,C:\Users\durgamaniryudh\Desktop\Learn\testing_evals\test\aapp_competition_test\3239\3239_gen_0.sv,xiaomi/mimo-v2-flash:free,stop,,gen-1769165589-lTOMXH03M4b1t35kSO5n
3147,aapp_competition_test,0,4560,1421,0,C:\Users\durgamaniryudh\Desktop\Learn\testing_evals\test\aapp_competition_test\3147\3147_gen_0.sv,xiaomi/mimo-v2-flash:free,stop,,gen-1769165617-hQqBtHpvisUvO5oL5cSE
3137,aapp_competition_test,0,4579,6283,0,C:\Users\durgamaniryudh\Desktop\Learn\testing_evals\test\aapp_competition_test\3137\3137_gen_0.sv,xiaomi/mimo-v2-flash:free,stop,,gen-1769165588-brz1J9vg7NYi3bEZMYJq
3226,aapp_competition_test,0,5348,12063,0,C:\Users\durgamaniryudh\Desktop\Learn\testing_evals\test\aapp_competition_test\3226\3226_gen_0.sv,xiaomi/mimo-v2-flash:free,stop,,gen-1769165543-kfUvV7jrqU8yrF7OtvZ5
3516,aapp_competition_test,0,4349,2444,0,C:\Users\durgamaniryudh\Desktop\Learn\testing_evals\test\aapp_competition_test\3516\3516_gen_0.sv,xiaomi/mimo-v2-flash:free,stop,,gen-1769165585-6Lqo0Wa9fUALP5eTmshu
3242,aapp_competition_test,0,5049,2572,0,C:\Users\durgamaniryudh\Desktop\Learn\testing_evals\test\aapp_competition_test\3242\3242_gen_0.sv,xiaomi/mimo-v2-flash:free,stop,,gen-1769165618-KMlDpWQsJiQw6GIUJWIt
802,mbpp_train,0,4551,1025,0,C:\Users\durgamaniryudh\Desktop\Learn\testing_evals\test\mbpp_train\802\802_gen_0.sv,xiaomi/mimo-v2-flash:free,stop,,gen-1769165644-yLfsF1H3Xod8AoTOiETT
3526,aapp_competition_test,0,4442,4841,0,C:\Users\durgamaniryudh\Desktop\Learn\testing_evals\test\aapp_competition_test\3526\3526_gen_0.sv,xiaomi/mimo-v2-flash:free,stop,,gen-1769165619-ir9Ejw0exMZAKACbTWdy
3867,aapp_competition_test,0,4590,2851,0,C:\Users\durgamaniryudh\Desktop\Learn\testing_evals\test\aapp_competition_test\3867\3867_gen_0.sv,xiaomi/mimo-v2-flash:free,stop,,gen-1769165632-sJzgZ4M9LHgsbkHxZXe6
777,mbpp_train,0,4503,1008,0,C:\Users\durgamaniryudh\Desktop\Learn\testing_evals\test\mbpp_train\777\777_gen_0.sv,xiaomi/mimo-v2-flash:free,stop,,gen-1769165616-f9yCOomAVe5P0mJdWcA9
397,mbpp_test,0,4185,431,0,C:\Users\durgamaniryudh\Desktop\Learn\testing_evals\test\mbpp_test\397\397_gen_0.sv,xiaomi/mimo-v2-flash:free,stop,,gen-1769165655-pEBsEoZUY6Ram0Q9zmgx
3241,aapp_competition_test,0,4296,1974,0,C:\Users\durgamaniryudh\Desktop\Learn\testing_evals\test\aapp_competition_test\3241\3241_gen_0.sv,xiaomi/mimo-v2-flash:free,stop,,gen-1769165646-8ELCKYMJE8iENa7Dx6Xk
632,mbpp_train,0,4806,946,0,C:\Users\durgamaniryudh\Desktop\Learn\testing_evals\test\mbpp_train\632\632_gen_0.sv,xiaomi/mimo-v2-flash:free,stop,,gen-1769165654-GsY07ijZHPajkSVBXQkg
3152,aapp_competition_test,0,4584,1259,0,C:\Users\durgamaniryudh\Desktop\Learn\testing_evals\test\aapp_competition_test\3152\3152_gen_0.sv,xiaomi/mimo-v2-flash:free,stop,,gen-1769165658-H1DAUqDHjKjX1t0ubG9e
3863,aapp_competition_test,0,4431,3145,0,C:\Users\durgamaniryudh\Desktop\Learn\testing_evals\test\aapp_competition_test\3863\3863_gen_0.sv,xiaomi/mimo-v2-flash:free,stop,,gen-1769165654-5tl5gVcZwDFrgUpx7vdg
803,mbpp_train,0,4392,1036,0,C:\Users\durgamaniryudh\Desktop\Learn\testing_evals\test\mbpp_train\803\803_gen_0.sv,xiaomi/mimo-v2-flash:free,stop,,gen-1769165672-ogAVAMqqJbhdWAJpKYDI
297,mbpp_test,0,4205,3361,0,C:\Users\durgamaniryudh\Desktop\Learn\testing_evals\test\mbpp_test\297\297_gen_0.sv,xiaomi/mimo-v2-flash:free,stop,,gen-1769165654-XAxSnCRaxgrMxjHKULXQ
3148,aapp_competition_test,0,4878,2531,0,C:\Users\durgamaniryudh\Desktop\Learn\testing_evals\test\aapp_competition_test\3148\3148_gen_0.sv,xiaomi/mimo-v2-flash:free,stop,,gen-1769165646-1ayu3d3i9CTLCJGENgIK
3235,aapp_competition_test,0,4279,4326,0,C:\Users\durgamaniryudh\Desktop\Learn\testing_evals\test\aapp_competition_test\3235\3235_gen_0.sv,xiaomi/mimo-v2-flash:free,stop,,gen-1769165660-hlIUFk0Thrn1Rq9vkFvd
3527,aapp_competition_test,0,4444,5287,0,C:\Users\durgamaniryudh\Desktop\Learn\testing_evals\test\aapp_competition_test\3527\3527_gen_0.sv,xiaomi/mimo-v2-flash:free,stop,,gen-1769165649-HA9siYYCfK9to5nOhu4C
111,mbpp_test,0,4194,2689,0,C:\Users\durgamaniryudh\Desktop\Learn\testing_evals\test\mbpp_test\111\111_gen_0.sv,xiaomi/mimo-v2-flash:free,stop,,gen-1769165673-Eh8G36Llxk8OsnrD5mwC
3525,aapp_competition_test,0,4693,2901,0,C:\Users\durgamaniryudh\Desktop\Learn\testing_evals\test\aapp_competition_test\3525\3525_gen_0.sv,xiaomi/mimo-v2-flash:free,stop,,gen-1769165684-Yc0peQucF98Ange7oU6e
3155,aapp_competition_test,0,4639,2819,0,C:\Users\durgamaniryudh\Desktop\Learn\testing_evals\test\aapp_competition_test\3155\3155_gen_0.sv,xiaomi/mimo-v2-flash:free,stop,,gen-1769165677-FnFjPyJfAMTGbBE0LvpC
3868,aapp_competition_test,0,4758,2752,0,C:\Users\durgamaniryudh\Desktop\Learn\testing_evals\test\aapp_competition_test\3868\3868_gen_0.sv,xiaomi/mimo-v2-flash:free,stop,,gen-1769165690-KISCKxYX3GbDK0L0r7AI
3243,aapp_competition_test,0,4678,2642,0,C:\Users\durgamaniryudh\Desktop\Learn\testing_evals\test\aapp_competition_test\3243\3243_gen_0.sv,xiaomi/mimo-v2-flash:free,stop,,gen-1769165684-2ymgdFt2pnmfOsgWBrdH
88,mbpp_test,0,4226,2345,0,C:\Users\durgamaniryudh\Desktop\Learn\testing_evals\test\mbpp_test\88\88_gen_0.sv,xiaomi/mimo-v2-flash:free,stop,,gen-1769165700-GZL0u6sduvpo6fTw1zvW
250,mbpp_test,0,4297,520,0,C:\Users\durgamaniryudh\Desktop\Learn\testing_evals\test\mbpp_test\250\250_gen_0.sv,xiaomi/mimo-v2-flash:free,stop,,gen-1769165718-Vo3wQOqORMxVYpjDzQpl
778,mbpp_train,0,4791,1593,0,C:\Users\durgamaniryudh\Desktop\Learn\testing_evals\test\mbpp_train\778\778_gen_0.sv,xiaomi/mimo-v2-flash:free,stop,,gen-1769165716-cUyui9AdqQYFSSGUNYbH
3240,aapp_competition_test,0,5212,3319,0,C:\Users\durgamaniryudh\Desktop\Learn\testing_evals\test\aapp_competition_test\3240\3240_gen_0.sv,xiaomi/mimo-v2-flash:free,stop,,gen-1769165705-vFhOoWCfwDwbve1NIHyo
3154,aapp_competition_test,0,4594,3959,0,C:\Users\durgamaniryudh\Desktop\Learn\testing_evals\test\aapp_competition_test\3154\3154_gen_0.sv,xiaomi/mimo-v2-flash:free,stop,,gen-1769165704-dgG1vZ4AEfov8XX55fPq
3523,aapp_competition_test,0,4743,7998,0,C:\Users\durgamaniryudh\Desktop\Learn\testing_evals\test\aapp_competition_test\3523\3523_gen_0.sv,xiaomi/mimo-v2-flash:free,stop,,gen-1769165661-NTXpCihWabDFh8BlP7Sg
3146,aapp_competition_test,0,4500,3537,0,C:\Users\durgamaniryudh\Desktop\Learn\testing_evals\test\aapp_competition_test\3146\3146_gen_0.sv,xiaomi/mimo-v2-flash:free,stop,,gen-1769165721-ruUR4lEST9DQRaiXyDtv
3872,aapp_competition_test,0,4381,4449,0,C:\Users\durgamaniryudh\Desktop\Learn\testing_evals\test\aapp_competition_test\3872\3872_gen_0.sv,xiaomi/mimo-v2-flash:free,stop,,gen-1769165713-LtOVz4quxQvyko3yexOH
3230,aapp_competition_test,0,4718,1802,0,C:\Users\durgamaniryudh\Desktop\Learn\testing_evals\test\aapp_competition_test\3230\3230_gen_0.sv,xiaomi/mimo-v2-flash:free,stop,,gen-1769165725-Xp0HlYqLeCGJzlk1C8YQ
3529,aapp_competition_test,0,4422,4761,0,C:\Users\durgamaniryudh\Desktop\Learn\testing_evals\test\aapp_competition_test\3529\3529_gen_0.sv,xiaomi/mimo-v2-flash:free,stop,,gen-1769165713-g7rDQWxxGtXruCZvLpHO
635,mbpp_train,0,4319,1533,0,C:\Users\durgamaniryudh\Desktop\Learn\testing_evals\test\mbpp_train\635\635_gen_0.sv,xiaomi/mimo-v2-flash:free,stop,,gen-1769165741-uxci6Hau2AUm8J0NhzYT
3512,aapp_competition_test,0,16054,2256,0,C:\Users\durgamaniryudh\Desktop\Learn\testing_evals\test\aapp_competition_test\3512\3512_gen_0.sv,xiaomi/mimo-v2-flash:free,stop,,gen-1769165735-kofklvbnltMWvLxJqGCb
138,mbpp_test,0,4463,481,0,C:\Users\durgamaniryudh\Desktop\Learn\testing_evals\test\mbpp_test\138\138_gen_0.sv,xiaomi/mimo-v2-flash:free,stop,,gen-1769165744-RpHknmCfbCxspHMIvXIL
804,mbpp_train,0,4478,838,0,C:\Users\durgamaniryudh\Desktop\Learn\testing_evals\test\mbpp_train\804\804_gen_0.sv,xiaomi/mimo-v2-flash:free,stop,,gen-1769165763-SRESednsb36Eh6DNELhS
3524,aapp_competition_test,0,4629,2626,0,C:\Users\durgamaniryudh\Desktop\Learn\testing_evals\test\aapp_competition_test\3524\3524_gen_0.sv,xiaomi/mimo-v2-flash:free,stop,,gen-1769165756-uiKEuVrSAA1XLUAJCaY9
3873,aapp_competition_test,0,4237,1261,0,C:\Users\durgamaniryudh\Desktop\Learn\testing_evals\test\aapp_competition_test\3873\3873_gen_0.sv,xiaomi/mimo-v2-flash:free,stop,,gen-1769165757-b8EJBqrqZXNoU26A3Q5H
3153,aapp_competition_test,0,4715,3125,0,C:\Users\durgamaniryudh\Desktop\Learn\testing_evals\test\aapp_competition_test\3153\3153_gen_0.sv,xiaomi/mimo-v2-flash:free,stop,,gen-1769165755-0dRKexKNVOdCdkLP0kXl
3870,aapp_competition_test,0,4822,3476,0,C:\Users\durgamaniryudh\Desktop\Learn\testing_evals\test\aapp_competition_test\3870\3870_gen_0.sv,xiaomi/mimo-v2-flash:free,stop,,gen-1769165737-Ip7RVxBgRZxMoZIXo1uk
3248,aapp_competition_test,0,4080,3244,0,C:\Users\durgamaniryudh\Desktop\Learn\testing_evals\test\aapp_competition_test\3248\3248_gen_0.sv,xiaomi/mimo-v2-flash:free,stop,,gen-1769165756-36ZFTgnrUsmdWKeNqSKa
3162,aapp_competition_test,0,4930,1684,0,C:\Users\durgamaniryudh\Desktop\Learn\testing_evals\test\aapp_competition_test\3162\3162_gen_0.sv,xiaomi/mimo-v2-flash:free,stop,,gen-1769165771-PT8p9gra7hd0vjqvDJxO
3871,aapp_competition_test,0,4725,6195,0,C:\Users\durgamaniryudh\Desktop\Learn\testing_evals\test\aapp_competition_test\3871\3871_gen_0.sv,xiaomi/mimo-v2-flash:free,stop,,gen-1769165663-cREcS0QunBViggqrBnkH
64,mbpp_test,0,4359,5284,0,C:\Users\durgamaniryudh\Desktop\Learn\testing_evals\test\mbpp_test\64\64_gen_0.sv,xiaomi/mimo-v2-flash:free,stop,,gen-1769165768-aYHjtNuJZEDjuER2LZ8B
756,mbpp_train,0,4322,1758,0,C:\Users\durgamaniryudh\Desktop\Learn\testing_evals\test\mbpp_train\756\756_gen_0.sv,xiaomi/mimo-v2-flash:free,stop,,gen-1769165789-I7A7T0ljoNKRMJanHzwM
3250,aapp_competition_test,0,4185,717,0,C:\Users\durgamaniryudh\Desktop\Learn\testing_evals\test\aapp_competition_test\3250\3250_gen_0.sv,xiaomi/mimo-v2-flash:free,stop,,gen-1769165807-vKxcASVpYMxhT3arJ30t
779,mbpp_train,0,4707,4819,0,C:\Users\durgamaniryudh\Desktop\Learn\testing_evals\test\mbpp_train\779\779_gen_0.sv,xiaomi/mimo-v2-flash:free,stop,,gen-1769165691-smbAe00kwc7WiC311V92
3874,aapp_competition_test,0,4363,1820,0,C:\Users\durgamaniryudh\Desktop\Learn\testing_evals\test\aapp_competition_test\3874\3874_gen_0.sv,xiaomi/mimo-v2-flash:free,stop,,gen-1769165793-pSLCzWuYrJYCyOSroQCZ
633,mbpp_train,0,4316,1048,0,C:\Users\durgamaniryudh\Desktop\Learn\testing_evals\test\mbpp_train\633\633_gen_0.sv,xiaomi/mimo-v2-flash:free,stop,,gen-1769165813-AgMj6TyflbbwjdcUQOsh
3528,aapp_competition_test,0,4798,3869,0,C:\Users\durgamaniryudh\Desktop\Learn\testing_evals\test\aapp_competition_test\3528\3528_gen_0.sv,xiaomi/mimo-v2-flash:free,stop,,gen-1769165780-VoNHZ9EY8iyl1cU0Kg46
3533,aapp_competition_test,0,4536,2130,0,C:\Users\durgamaniryudh\Desktop\Learn\testing_evals\test\aapp_competition_test\3533\3533_gen_0.sv,xiaomi/mimo-v2-flash:free,stop,,gen-1769165808-IFLdomNNBrPk4FLP362H
735,mbpp_train,0,4437,322,0,C:\Users\durgamaniryudh\Desktop\Learn\testing_evals\test\mbpp_train\735\735_gen_0.sv,xiaomi/mimo-v2-flash:free,stop,,gen-1769165827-mxJGfpjfhsmCeyCfBaWk
3164,aapp_competition_test,0,4502,1573,0,C:\Users\durgamaniryudh\Desktop\Learn\testing_evals\test\aapp_competition_test\3164\3164_gen_0.sv,xiaomi/mimo-v2-flash:free,stop,,gen-1769165818-Z5SwsT9QjedAQmSLDnnR
3879,aapp_competition_test,0,5455,2347,0,C:\Users\durgamaniryudh\Desktop\Learn\testing_evals\test\aapp_competition_test\3879\3879_gen_0.sv,xiaomi/mimo-v2-flash:free,stop,,gen-1769165816-KfQz9rLuLLBYNoiOghXd
276,mbpp_test,0,4336,1291,0,C:\Users\durgamaniryudh\Desktop\Learn\testing_evals\test\mbpp_test\276\276_gen_0.sv,xiaomi/mimo-v2-flash:free,stop,,gen-1769165827-TAIALDlF0yw5d4GOTS5z
3245,aapp_competition_test,0,4372,2448,0,C:\Users\durgamaniryudh\Desktop\Learn\testing_evals\test\aapp_competition_test\3245\3245_gen_0.sv,xiaomi/mimo-v2-flash:free,stop,,gen-1769165821-EvcTkkUAVJhTf7FdzWzh
226,mbpp_test,0,4634,795,0,C:\Users\durgamaniryudh\Desktop\Learn\testing_evals\test\mbpp_test\226\226_gen_0.sv,xiaomi/mimo-v2-flash:free,stop,,gen-1769165809-YtbjiqcUJYYPSIB8fS88
3534,aapp_competition_test,0,4509,2721,0,C:\Users\durgamaniryudh\Desktop\Learn\testing_evals\test\aapp_competition_test\3534\3534_gen_0.sv,xiaomi/mimo-v2-flash:free,stop,,gen-1769165824-FwBLL6H8emohJgxVgCsn
3163,aapp_competition_test,0,4378,5847,0,C:\Users\durgamaniryudh\Desktop\Learn\testing_evals\test\aapp_competition_test\3163\3163_gen_0.sv,xiaomi/mimo-v2-flash:free,stop,,gen-1769165794-maHkmgVWKa0n0j23AwEf
780,mbpp_train,0,4605,1672,0,C:\Users\durgamaniryudh\Desktop\Learn\testing_evals\test\mbpp_train\780\780_gen_0.sv,xiaomi/mimo-v2-flash:free,stop,,gen-1769165844-U6p1dSCvF4nUe4Wz7Bhq
465,mbpp_test,0,4543,2963,0,C:\Users\durgamaniryudh\Desktop\Learn\testing_evals\test\mbpp_test\465\465_gen_0.sv,xiaomi/mimo-v2-flash:free,stop,,gen-1769165841-bCtjVUpF2kxVPLXyDB7I
3167,aapp_competition_test,0,4635,1066,0,C:\Users\durgamaniryudh\Desktop\Learn\testing_evals\test\aapp_competition_test\3167\3167_gen_0.sv,xiaomi/mimo-v2-flash:free,stop,,gen-1769165858-ndq50Qy7PzmZXORTlHJ9
3252,aapp_competition_test,0,4332,3444,0,C:\Users\durgamaniryudh\Desktop\Learn\testing_evals\test\aapp_competition_test\3252\3252_gen_0.sv,xiaomi/mimo-v2-flash:free,stop,,gen-1769165840-5OTZpOlRccLlPFn2Ny0R
3255,aapp_competition_test,0,4239,1973,0,C:\Users\durgamaniryudh\Desktop\Learn\testing_evals\test\aapp_competition_test\3255\3255_gen_0.sv,xiaomi/mimo-v2-flash:free,stop,,gen-1769165859-GpzXgNPVfSJ5JZF35RtJ
734,mbpp_train,0,7168,917,0,C:\Users\durgamaniryudh\Desktop\Learn\testing_evals\test\mbpp_train\734\734_gen_0.sv,xiaomi/mimo-v2-flash:free,stop,,gen-1769165870-nKNbBCwO9JulhKZ5EPNi
3536,aapp_competition_test,0,4580,1825,0,C:\Users\durgamaniryudh\Desktop\Learn\testing_evals\test\aapp_competition_test\3536\3536_gen_0.sv,xiaomi/mimo-v2-flash:free,stop,,gen-1769165840-zw0gA0OKIYiNEYLwcsP2
3875,aapp_competition_test,0,4517,5550,0,C:\Users\durgamaniryudh\Desktop\Learn\testing_evals\test\aapp_competition_test\3875\3875_gen_0.sv,xiaomi/mimo-v2-flash:free,stop,,gen-1769165831-v4usxLF60qSwMIrd71jm
3869,aapp_competition_test,0,4326,4574,0,C:\Users\durgamaniryudh\Desktop\Learn\testing_evals\test\aapp_competition_test\3869\3869_gen_0.sv,xiaomi/mimo-v2-flash:free,stop,,gen-1769165851-ew2j85T9k3JGjG6qotY7
3532,aapp_competition_test,0,4383,1401,0,C:\Users\durgamaniryudh\Desktop\Learn\testing_evals\test\aapp_competition_test\3532\3532_gen_0.sv,xiaomi/mimo-v2-flash:free,stop,,gen-1769165869-lB1rhXwJrRa8uQXYoDak
251,mbpp_test,0,4392,1224,0,C:\Users\durgamaniryudh\Desktop\Learn\testing_evals\test\mbpp_test\251\251_gen_0.sv,xiaomi/mimo-v2-flash:free,stop,,gen-1769165869-7Bisa9bD8tRvzLYQlrY7
3877,aapp_competition_test,0,4489,1711,0,C:\Users\durgamaniryudh\Desktop\Learn\testing_evals\test\aapp_competition_test\3877\3877_gen_0.sv,xiaomi/mimo-v2-flash:free,stop,,gen-1769165875-avUWaWZoxFVmf9vMXygj
3254,aapp_competition_test,0,4589,1878,0,C:\Users\durgamaniryudh\Desktop\Learn\testing_evals\test\aapp_competition_test\3254\3254_gen_0.sv,xiaomi/mimo-v2-flash:free,stop,,gen-1769165884-OHlFXWLYNtNCTh9FKPL3
3159,aapp_competition_test,0,5764,3910,0,C:\Users\durgamaniryudh\Desktop\Learn\testing_evals\test\aapp_competition_test\3159\3159_gen_0.sv,xiaomi/mimo-v2-flash:free,stop,,gen-1769165838-RwTjPh6WDGvCz0LurU12
3883,aapp_competition_test,0,4448,2471,0,C:\Users\durgamaniryudh\Desktop\Learn\testing_evals\test\aapp_competition_test\3883\3883_gen_0.sv,xiaomi/mimo-v2-flash:free,stop,,gen-1769165881-NYXdBNHogdoc1UTS4hhq
3514,aapp_competition_test,0,4317,1986,0,C:\Users\durgamaniryudh\Desktop\Learn\testing_evals\test\aapp_competition_test\3514\3514_gen_0.sv,xiaomi/mimo-v2-flash:free,stop,,gen-1769165888-Dwl4MDD1bsFjuSzqaOCp
3881,aapp_competition_test,0,4880,2083,0,C:\Users\durgamaniryudh\Desktop\Learn\testing_evals\test\aapp_competition_test\3881\3881_gen_0.sv,xiaomi/mimo-v2-flash:free,stop,,gen-1769165899-nCP3ooQa91fQm35lteUq
444,mbpp_test,0,4675,2018,0,C:\Users\durgamaniryudh\Desktop\Learn\testing_evals\test\mbpp_test\444\444_gen_0.sv,xiaomi/mimo-v2-flash:free,stop,,gen-1769165908-Wbn6OENUOV5F6wrs0OpW
781,mbpp_train,0,4326,1251,0,C:\Users\durgamaniryudh\Desktop\Learn\testing_evals\test\mbpp_train\781\781_gen_0.sv,xiaomi/mimo-v2-flash:free,stop,,gen-1769165898-QcmOG7QEw4CszgHUfJx1
3158,aapp_competition_test,0,4184,3670,0,C:\Users\durgamaniryudh\Desktop\Learn\testing_evals\test\aapp_competition_test\3158\3158_gen_0.sv,xiaomi/mimo-v2-flash:free,stop,,gen-1769165903-b1eIhHlZKksc7PbXgIzW
418,mbpp_test,0,4343,850,0,C:\Users\durgamaniryudh\Desktop\Learn\testing_evals\test\mbpp_test\418\418_gen_0.sv,xiaomi/mimo-v2-flash:free,stop,,gen-1769165925-U7Fx2VuLPxpbSih9yMnE
611,mbpp_train,0,4294,2358,0,C:\Users\durgamaniryudh\Desktop\Learn\testing_evals\test\mbpp_train\611\611_gen_0.sv,xiaomi/mimo-v2-flash:free,stop,,gen-1769165919-al6RweKef4VPTCKKq7ay
422,mbpp_test,0,4359,1916,0,C:\Users\durgamaniryudh\Desktop\Learn\testing_evals\test\mbpp_test\422\422_gen_0.sv,xiaomi/mimo-v2-flash:free,stop,,gen-1769165897-zJCMp7fsEoeOawB1SlH1
3249,aapp_competition_test,0,4845,10084,0,C:\Users\durgamaniryudh\Desktop\Learn\testing_evals\test\aapp_competition_test\3249\3249_gen_0.sv,xiaomi/mimo-v2-flash:free,stop,,gen-1769165772-PWy0h1hRfPtkhITiHljn
272,mbpp_test,0,4852,2116,0,C:\Users\durgamaniryudh\Desktop\Learn\testing_evals\test\mbpp_test\272\272_gen_0.sv,xiaomi/mimo-v2-flash:free,stop,,gen-1769165937-OwlegbetRvkKlkuLzhEB
92,human_eval_test,0,4357,668,0,C:\Users\durgamaniryudh\Desktop\Learn\testing_evals\test\human_eval_test\92\92_gen_0.sv,xiaomi/mimo-v2-flash:free,stop,,gen-1769165934-TNETdJ64I8UkLwN2Ha6n
3530,aapp_competition_test,0,4560,3115,0,C:\Users\durgamaniryudh\Desktop\Learn\testing_evals\test\aapp_competition_test\3530\3530_gen_0.sv,xiaomi/mimo-v2-flash:free,stop,,gen-1769165905-BxU9kP4lh3i1hOFyToOD
439,mbpp_test,0,5039,1585,0,C:\Users\durgamaniryudh\Desktop\Learn\testing_evals\test\mbpp_test\439\439_gen_0.sv,xiaomi/mimo-v2-flash:free,stop,,gen-1769165939-FAdVtsP7riyxOfW1ibjZ
3725,aapp_competition_test,0,4307,2669,0,C:\Users\durgamaniryudh\Desktop\Learn\testing_evals\test\aapp_competition_test\3725\3725_gen_0.sv,xiaomi/mimo-v2-flash:free,stop,,gen-1769165929-wIWcaSWecuIFMIAqN8jz
237,mbpp_test,0,4732,1352,0,C:\Users\durgamaniryudh\Desktop\Learn\testing_evals\test\mbpp_test\237\237_gen_0.sv,xiaomi/mimo-v2-flash:free,stop,,gen-1769165935-lgShUWtB9s4aqZmnsH3q
3253,aapp_competition_test,0,4405,5396,0,C:\Users\durgamaniryudh\Desktop\Learn\testing_evals\test\aapp_competition_test\3253\3253_gen_0.sv,xiaomi/mimo-v2-flash:free,stop,,gen-1769165904-44BBdXTgTDG0FcnpiHKn
247,mbpp_test,0,4555,1594,0,C:\Users\durgamaniryudh\Desktop\Learn\testing_evals\test\mbpp_test\247\247_gen_0.sv,xiaomi/mimo-v2-flash:free,stop,,gen-1769165956-cxfSFUzBCchmIsnW6aOw
3728,aapp_competition_test,0,4819,1757,0,C:\Users\durgamaniryudh\Desktop\Learn\testing_evals\test\aapp_competition_test\3728\3728_gen_0.sv,xiaomi/mimo-v2-flash:free,stop,,gen-1769165954-cAe7LAJcLBiCiEHLKkA1
115,human_eval_test,0,4390,923,0,C:\Users\durgamaniryudh\Desktop\Learn\testing_evals\test\human_eval_test\115\115_gen_0.sv,xiaomi/mimo-v2-flash:free,stop,,gen-1769165965-iCpIq32A2KL02ZRrJqcM
156,human_eval_test,0,5095,3220,0,C:\Users\durgamaniryudh\Desktop\Learn\testing_evals\test\human_eval_test\156\156_gen_0.sv,xiaomi/mimo-v2-flash:free,stop,,gen-1769165954-JioBwoVA91RzNRhej5un
3397,aapp_competition_test,0,4594,1992,0,C:\Users\durgamaniryudh\Desktop\Learn\testing_evals\test\aapp_competition_test\3397\3397_gen_0.sv,xiaomi/mimo-v2-flash:free,stop,,gen-1769165973-49v2iYlHdHD9Cqjuj5uH
3399,aapp_competition_test,0,4794,8391,0,C:\Users\durgamaniryudh\Desktop\Learn\testing_evals\test\aapp_competition_test\3399\3399_gen_0.sv,xiaomi/mimo-v2-flash:free,stop,,gen-1769165926-XTMtrX5Vzvf3zgqLtH6L
3730,aapp_competition_test,0,4310,1900,0,C:\Users\durgamaniryudh\Desktop\Learn\testing_evals\test\aapp_competition_test\3730\3730_gen_0.sv,xiaomi/mimo-v2-flash:free,stop,,gen-1769165959-002G8VZ6sL4FDnXNAqCq
3398,aapp_competition_test,0,5264,4260,0,C:\Users\durgamaniryudh\Desktop\Learn\testing_evals\test\aapp_competition_test\3398\3398_gen_0.sv,xiaomi/mimo-v2-flash:free,stop,,gen-1769165951-UeADswScMLRYkFoOk8gx
431,mbpp_test,0,4470,1251,0,C:\Users\durgamaniryudh\Desktop\Learn\testing_evals\test\mbpp_test\431\431_gen_0.sv,xiaomi/mimo-v2-flash:free,stop,,gen-1769165963-5jxbceYuKJyoUFHclW9T
3382,aapp_competition_test,0,4717,3479,0,C:\Users\durgamaniryudh\Desktop\Learn\testing_evals\test\aapp_competition_test\3382\3382_gen_0.sv,xiaomi/mimo-v2-flash:free,stop,,gen-1769165956-SRMwQjX6NICiJCxAKtq5
172,mbpp_test,0,4352,1232,0,C:\Users\durgamaniryudh\Desktop\Learn\testing_evals\test\mbpp_test\172\172_gen_0.sv,xiaomi/mimo-v2-flash:free,stop,,gen-1769165992-mJhUm12oTcnBWVtwPR24
53,human_eval_test,0,4206,406,0,C:\Users\durgamaniryudh\Desktop\Learn\testing_evals\test\human_eval_test\53\53_gen_0.sv,xiaomi/mimo-v2-flash:free,stop,,gen-1769165982-kh1JK9LEEWjyYkEUeoLg
271,mbpp_test,0,4395,1425,0,C:\Users\durgamaniryudh\Desktop\Learn\testing_evals\test\mbpp_test\271\271_gen_0.sv,xiaomi/mimo-v2-flash:free,stop,,gen-1769165971-BFmBUkQx0u7Da2tOAZ3B
3729,aapp_competition_test,0,4682,3984,0,C:\Users\durgamaniryudh\Desktop\Learn\testing_evals\test\aapp_competition_test\3729\3729_gen_0.sv,xiaomi/mimo-v2-flash:free,stop,,gen-1769165978-W7BzJxBGCI0zqMAx14Lx
394,mbpp_test,0,4355,1415,0,C:\Users\durgamaniryudh\Desktop\Learn\testing_evals\test\mbpp_test\394\394_gen_0.sv,xiaomi/mimo-v2-flash:free,stop,,gen-1769166008-6hcYyKFiDGl6TzykM8f7
454,mbpp_test,0,4378,1158,0,C:\Users\durgamaniryudh\Desktop\Learn\testing_evals\test\mbpp_test\454\454_gen_0.sv,xiaomi/mimo-v2-flash:free,stop,,gen-1769165992-mJl10AyxmeusipLIXyCl
285,mbpp_test,0,4350,1731,0,C:\Users\durgamaniryudh\Desktop\Learn\testing_evals\test\mbpp_test\285\285_gen_0.sv,xiaomi/mimo-v2-flash:free,stop,,gen-1769165990-aCj2FPME50XTdCiozjFE
3406,aapp_competition_test,0,4219,3371,0,C:\Users\durgamaniryudh\Desktop\Learn\testing_evals\test\aapp_competition_test\3406\3406_gen_0.sv,xiaomi/mimo-v2-flash:free,stop,,gen-1769165994-39aP9Pyym0FjFfe9dHgM
311,mbpp_test,0,4402,935,0,C:\Users\durgamaniryudh\Desktop\Learn\testing_evals\test\mbpp_test\311\311_gen_0.sv,xiaomi/mimo-v2-flash:free,stop,,gen-1769166012-hQmbOr9prfFdafITJqk3
136,human_eval_test,0,4542,858,0,C:\Users\durgamaniryudh\Desktop\Learn\testing_evals\test\human_eval_test\136\136_gen_0.sv,xiaomi/mimo-v2-flash:free,stop,,gen-1769166003-ryGj7CKUVVu1vGp81YfA
262,mbpp_test,0,4579,990,0,C:\Users\durgamaniryudh\Desktop\Learn\testing_evals\test\mbpp_test\262\262_gen_0.sv,xiaomi/mimo-v2-flash:free,stop,,gen-1769166022-Npy1fkD7G1tggUxQAYiy
3732,aapp_competition_test,0,4444,1729,0,C:\Users\durgamaniryudh\Desktop\Learn\testing_evals\test\aapp_competition_test\3732\3732_gen_0.sv,xiaomi/mimo-v2-flash:free,stop,,gen-1769166020-b3LGRLyzQFEk7jXo7grJ
3734,aapp_competition_test,0,4187,210,0,C:\Users\durgamaniryudh\Desktop\Learn\testing_evals\test\aapp_competition_test\3734\3734_gen_0.sv,xiaomi/mimo-v2-flash:free,stop,,gen-1769166032-5LzF3CjRNK62kLUgTQ7p
462,mbpp_test,0,4580,1362,0,C:\Users\durgamaniryudh\Desktop\Learn\testing_evals\test\mbpp_test\462\462_gen_0.sv,xiaomi/mimo-v2-flash:free,stop,,gen-1769166026-FefbktIZ9BoSKodjpEkw
3401,aapp_competition_test,0,4562,3793,0,C:\Users\durgamaniryudh\Desktop\Learn\testing_evals\test\aapp_competition_test\3401\3401_gen_0.sv,xiaomi/mimo-v2-flash:free,stop,,gen-1769166014-sBWQgdzzHnv7e3aP2WpL
270,mbpp_test,0,4535,882,0,C:\Users\durgamaniryudh\Desktop\Learn\testing_evals\test\mbpp_test\270\270_gen_0.sv,xiaomi/mimo-v2-flash:free,stop,,gen-1769166040-oCXJzuwRWz5ES1A2RXkw
2,human_eval_test,0,4379,370,0,C:\Users\durgamaniryudh\Desktop\Learn\testing_evals\test\human_eval_test\2\2_gen_0.sv,xiaomi/mimo-v2-flash:free,stop,,gen-1769166036-YM7x7abv5bEILEpTcGpM
3731,aapp_competition_test,0,4829,6120,0,C:\Users\durgamaniryudh\Desktop\Learn\testing_evals\test\aapp_competition_test\3731\3731_gen_0.sv,xiaomi/mimo-v2-flash:free,stop,,gen-1769165998-FsyEbnjPWowu4lbzdnYv
74,human_eval_test,0,4488,1558,0,C:\Users\durgamaniryudh\Desktop\Learn\testing_evals\test\human_eval_test\74\74_gen_0.sv,xiaomi/mimo-v2-flash:free,stop,,gen-1769166022-9yJh7r6sz3u3jsrZIufv
432,mbpp_test,0,4329,526,0,C:\Users\durgamaniryudh\Desktop\Learn\testing_evals\test\mbpp_test\432\432_gen_0.sv,xiaomi/mimo-v2-flash:free,stop,,gen-1769166037-qS1Lq7dpbav4C5Sc03Lj
137,human_eval_test,0,4280,1121,0,C:\Users\durgamaniryudh\Desktop\Learn\testing_evals\test\human_eval_test\137\137_gen_0.sv,xiaomi/mimo-v2-flash:free,stop,,gen-1769166048-q9oP296CpsIr9IFwcBTD
284,mbpp_test,0,4303,688,0,C:\Users\durgamaniryudh\Desktop\Learn\testing_evals\test\mbpp_test\284\284_gen_0.sv,xiaomi/mimo-v2-flash:free,stop,,gen-1769166051-BRfTt8VIY1TQuhghLYrc
3405,aapp_competition_test,0,4680,2894,0,C:\Users\durgamaniryudh\Desktop\Learn\testing_evals\test\aapp_competition_test\3405\3405_gen_0.sv,xiaomi/mimo-v2-flash:free,stop,,gen-1769166029-uVbt0uXVldRXJfwPQBrk
95,human_eval_test,0,4388,1523,0,C:\Users\durgamaniryudh\Desktop\Learn\testing_evals\test\human_eval_test\95\95_gen_0.sv,xiaomi/mimo-v2-flash:free,stop,,gen-1769166004-SuwTZ2a81otMJDbYGNHB
11,human_eval_test,0,4274,596,0,C:\Users\durgamaniryudh\Desktop\Learn\testing_evals\test\human_eval_test\11\11_gen_0.sv,xiaomi/mimo-v2-flash:free,stop,,gen-1769166058-AbW9Djj4WNDhO8MoGvD4
3726,aapp_competition_test,0,4643,1995,0,C:\Users\durgamaniryudh\Desktop\Learn\testing_evals\test\aapp_competition_test\3726\3726_gen_0.sv,xiaomi/mimo-v2-flash:free,stop,,gen-1769166047-NxA4t306fFDr4XtK061X
807,mbpp_train,0,4305,998,0,C:\Users\durgamaniryudh\Desktop\Learn\testing_evals\test\mbpp_train\807\807_gen_0.sv,xiaomi/mimo-v2-flash:free,stop,,gen-1769166052-pGSDiU9EkBGVDSaRyQrK
3737,aapp_competition_test,0,4435,994,0,C:\Users\durgamaniryudh\Desktop\Learn\testing_evals\test\aapp_competition_test\3737\3737_gen_0.sv,xiaomi/mimo-v2-flash:free,stop,,gen-1769166060-qrzOomex3vq2s40FMaCD
98,mbpp_test,0,4462,1045,0,C:\Users\durgamaniryudh\Desktop\Learn\testing_evals\test\mbpp_test\98\98_gen_0.sv,xiaomi/mimo-v2-flash:free,stop,,gen-1769166058-VM04JmUjRVnLBlxXgWSK
3403,aapp_competition_test,0,4822,1514,0,C:\Users\durgamaniryudh\Desktop\Learn\testing_evals\test\aapp_competition_test\3403\3403_gen_0.sv,xiaomi/mimo-v2-flash:free,stop,,gen-1769166060-5b3uRmCLIFI1EwwXFd6H
3161,aapp_competition_test,0,4711,19799,0,C:\Users\durgamaniryudh\Desktop\Learn\testing_evals\test\aapp_competition_test\3161\3161_gen_0.sv,xiaomi/mimo-v2-flash:free,stop,,gen-1769165881-LURE0clN5DwFKdJ71TCu
3410,aapp_competition_test,0,4630,2619,0,C:\Users\durgamaniryudh\Desktop\Learn\testing_evals\test\aapp_competition_test\3410\3410_gen_0.sv,xiaomi/mimo-v2-flash:free,stop,,gen-1769166053-ICHlxM5gVK7dzy77YasS
157,human_eval_test,0,4836,2022,0,C:\Users\durgamaniryudh\Desktop\Learn\testing_evals\test\human_eval_test\157\157_gen_0.sv,xiaomi/mimo-v2-flash:free,stop,,gen-1769166065-wJy5Hp2hVSaSFzGU39Gs
3733,aapp_competition_test,0,4635,1716,0,C:\Users\durgamaniryudh\Desktop\Learn\testing_evals\test\aapp_competition_test\3733\3733_gen_0.sv,xiaomi/mimo-v2-flash:free,stop,,gen-1769166057-ua64hN2qOS8P9xBat5rl
75,mbpp_test,0,4265,1395,0,C:\Users\durgamaniryudh\Desktop\Learn\testing_evals\test\mbpp_test\75\75_gen_0.sv,xiaomi/mimo-v2-flash:free,stop,,gen-1769166068-3S05NqDdiyScDOqQFZuT
760,mbpp_train,0,4362,738,0,C:\Users\durgamaniryudh\Desktop\Learn\testing_evals\test\mbpp_train\760\760_gen_0.sv,xiaomi/mimo-v2-flash:free,stop,,gen-1769166064-B8SuPV96aqeRTTsiIrj8
158,human_eval_test,0,4445,1951,0,C:\Users\durgamaniryudh\Desktop\Learn\testing_evals\test\human_eval_test\158\158_gen_0.sv,xiaomi/mimo-v2-flash:free,stop,,gen-1769166077-RinyigxsjMic7r4IUQpa
759,mbpp_train,0,4390,1220,0,C:\Users\durgamaniryudh\Desktop\Learn\testing_evals\test\mbpp_train\759\759_gen_0.sv,xiaomi/mimo-v2-flash:free,stop,,gen-1769166086-BmW1miufn7zeiBKgd7vG
3409,aapp_competition_test,0,4692,4967,0,C:\Users\durgamaniryudh\Desktop\Learn\testing_evals\test\aapp_competition_test\3409\3409_gen_0.sv,xiaomi/mimo-v2-flash:free,stop,,gen-1769166044-hSS414ENTF7aJGgmQdhP
3727,aapp_competition_test,0,4800,2779,0,C:\Users\durgamaniryudh\Desktop\Learn\testing_evals\test\aapp_competition_test\3727\3727_gen_0.sv,xiaomi/mimo-v2-flash:free,stop,,gen-1769166074-xsRqtOFmByrguUriFtWt
126,mbpp_test,0,4357,1594,0,C:\Users\durgamaniryudh\Desktop\Learn\testing_evals\test\mbpp_test\126\126_gen_0.sv,xiaomi/mimo-v2-flash:free,stop,,gen-1769166086-ach4q391R3SXtBvqpmzu
739,mbpp_train,0,4436,2250,0,C:\Users\durgamaniryudh\Desktop\Learn\testing_evals\test\mbpp_train\739\739_gen_0.sv,xiaomi/mimo-v2-flash:free,stop,,gen-1769166075-v5EFnhNuAz1Y7FlDR7ZV
3407,aapp_competition_test,0,4244,4458,0,C:\Users\durgamaniryudh\Desktop\Learn\testing_evals\test\aapp_competition_test\3407\3407_gen_0.sv,xiaomi/mimo-v2-flash:free,stop,,gen-1769166070-ZdA9pf0vnOy1P4GctVNP
3388,aapp_competition_test,0,4134,1408,0,C:\Users\durgamaniryudh\Desktop\Learn\testing_evals\test\aapp_competition_test\3388\3388_gen_0.sv,xiaomi/mimo-v2-flash:free,stop,,gen-1769166095-rzHnJxpVD1tYzTxETyrb
640,mbpp_train,0,4420,1415,0,C:\Users\durgamaniryudh\Desktop\Learn\testing_evals\test\mbpp_train\640\640_gen_0.sv,xiaomi/mimo-v2-flash:free,stop,,gen-1769166099-OmgTOQ9NYClNou4J1BLy
238,mbpp_test,0,4425,757,0,C:\Users\durgamaniryudh\Desktop\Learn\testing_evals\test\mbpp_test\238\238_gen_0.sv,xiaomi/mimo-v2-flash:free,stop,,gen-1769166098-b9b7NvCzQngLfcDb2IrJ
54,human_eval_test,0,4434,2509,0,C:\Users\durgamaniryudh\Desktop\Learn\testing_evals\test\human_eval_test\54\54_gen_0.sv,xiaomi/mimo-v2-flash:free,stop,,gen-1769166087-Kfwgw6MPm7t0OXRFMZ89
3417,aapp_competition_test,0,4466,1561,0,C:\Users\durgamaniryudh\Desktop\Learn\testing_evals\test\aapp_competition_test\3417\3417_gen_0.sv,xiaomi/mimo-v2-flash:free,stop,,gen-1769166104-n5eUtqSLZZIQACMCpYCx
3714,aapp_competition_test,0,4595,2457,0,C:\Users\durgamaniryudh\Desktop\Learn\testing_evals\test\aapp_competition_test\3714\3714_gen_0.sv,xiaomi/mimo-v2-flash:free,stop,,gen-1769166082-0k0By76aBeKY7RnbDOzd
12,human_eval_test,0,4422,1091,0,C:\Users\durgamaniryudh\Desktop\Learn\testing_evals\test\human_eval_test\12\12_gen_0.sv,xiaomi/mimo-v2-flash:free,stop,,gen-1769166100-w9vPDSFBqXamXf3chxcH
784,mbpp_train,0,4784,921,0,C:\Users\durgamaniryudh\Desktop\Learn\testing_evals\test\mbpp_train\784\784_gen_0.sv,xiaomi/mimo-v2-flash:free,stop,,gen-1769166110-z8XVGg5SEly6OlEpZhnG
286,mbpp_test,0,4573,1189,0,C:\Users\durgamaniryudh\Desktop\Learn\testing_evals\test\mbpp_test\286\286_gen_0.sv,xiaomi/mimo-v2-flash:free,stop,,gen-1769166111-USgAYI0yAlaDbPFsNu87
33,human_eval_test,0,4858,2531,0,C:\Users\durgamaniryudh\Desktop\Learn\testing_evals\test\human_eval_test\33\33_gen_0.sv,xiaomi/mimo-v2-flash:free,stop,,gen-1769166114-HnLKucEggEb7HBreX8bY
616,mbpp_train,0,4464,918,0,C:\Users\durgamaniryudh\Desktop\Learn\testing_evals\test\mbpp_train\616\616_gen_0.sv,xiaomi/mimo-v2-flash:free,stop,,gen-1769166125-Rst7W6MQE3UByI9zkttN
410,mbpp_test,0,4157,823,0,C:\Users\durgamaniryudh\Desktop\Learn\testing_evals\test\mbpp_test\410\410_gen_0.sv,xiaomi/mimo-v2-flash:free,stop,,gen-1769166109-N3FuxX1MBOqAaNeFT8xC
3739,aapp_competition_test,0,4721,2510,0,C:\Users\durgamaniryudh\Desktop\Learn\testing_evals\test\aapp_competition_test\3739\3739_gen_0.sv,xiaomi/mimo-v2-flash:free,stop,,gen-1769166106-qXwmv4pBwLMXYFEf447Z
455,mbpp_test,0,4264,665,0,C:\Users\durgamaniryudh\Desktop\Learn\testing_evals\test\mbpp_test\455\455_gen_0.sv,xiaomi/mimo-v2-flash:free,stop,,gen-1769166143-Ubru2eaeh1UKSJF5SXEK
3416,aapp_competition_test,0,4646,3286,0,C:\Users\durgamaniryudh\Desktop\Learn\testing_evals\test\aapp_competition_test\3416\3416_gen_0.sv,xiaomi/mimo-v2-flash:free,stop,,gen-1769166119-46i06SqtvlRrd4S539F4
116,human_eval_test,0,4359,1726,0,C:\Users\durgamaniryudh\Desktop\Learn\testing_evals\test\human_eval_test\116\116_gen_0.sv,xiaomi/mimo-v2-flash:free,stop,,gen-1769166134-A3bOdAmSoQQIgjzIWOLP
618,mbpp_train,0,4344,1249,0,C:\Users\durgamaniryudh\Desktop\Learn\testing_evals\test\mbpp_train\618\618_gen_0.sv,xiaomi/mimo-v2-flash:free,stop,,gen-1769166143-XNhmKWjM55KdG5xJERjr
3738,aapp_competition_test,0,4440,2699,0,C:\Users\durgamaniryudh\Desktop\Learn\testing_evals\test\aapp_competition_test\3738\3738_gen_0.sv,xiaomi/mimo-v2-flash:free,stop,,gen-1769166139-QxDcYy0HOg4kPdYcsBfx
639,mbpp_train,0,4497,1272,0,C:\Users\durgamaniryudh\Desktop\Learn\testing_evals\test\mbpp_train\639\639_gen_0.sv,xiaomi/mimo-v2-flash:free,stop,,gen-1769166132-FBwC8pc5qNKtcUtrPo8l
3736,aapp_competition_test,0,4341,2296,0,C:\Users\durgamaniryudh\Desktop\Learn\testing_evals\test\aapp_competition_test\3736\3736_gen_0.sv,xiaomi/mimo-v2-flash:free,stop,,gen-1769166119-cdnhVSjJZRMcv2CJn2TQ
808,mbpp_train,0,4216,637,0,C:\Users\durgamaniryudh\Desktop\Learn\testing_evals\test\mbpp_train\808\808_gen_0.sv,xiaomi/mimo-v2-flash:free,stop,,gen-1769166164-VUFc0VTLH5EMtyqGs4RF
3418,aapp_competition_test,0,4601,3453,0,C:\Users\durgamaniryudh\Desktop\Learn\testing_evals\test\aapp_competition_test\3418\3418_gen_0.sv,xiaomi/mimo-v2-flash:free,stop,,gen-1769166137-JKgNb94p930JTiOx38qP
99,mbpp_test,0,4199,995,0,C:\Users\durgamaniryudh\Desktop\Learn\testing_evals\test\mbpp_test\99\99_gen_0.sv,xiaomi/mimo-v2-flash:free,stop,,gen-1769166161-qVq5zMp1VgdNI3lQrzwW
55,human_eval_test,0,4262,1017,0,C:\Users\durgamaniryudh\Desktop\Learn\testing_evals\test\human_eval_test\55\55_gen_0.sv,xiaomi/mimo-v2-flash:free,stop,,gen-1769166171-cVbraclsQYkKhyPsrjnI
312,mbpp_test,0,4536,1133,0,C:\Users\durgamaniryudh\Desktop\Learn\testing_evals\test\mbpp_test\312\312_gen_0.sv,xiaomi/mimo-v2-flash:free,stop,,gen-1769166177-qqD7TT5DVtcPMgHh54Ui
433,mbpp_test,0,4455,1169,0,C:\Users\durgamaniryudh\Desktop\Learn\testing_evals\test\mbpp_test\433\433_gen_0.sv,xiaomi/mimo-v2-flash:free,stop,,gen-1769166162-5uKYJvKgyuU1eZDVPFZY
3414,aapp_competition_test,0,4742,3397,0,C:\Users\durgamaniryudh\Desktop\Learn\testing_evals\test\aapp_competition_test\3414\3414_gen_0.sv,xiaomi/mimo-v2-flash:free,stop,,gen-1769166150-tSdVZOzsMjLzo2QknD2e
741,mbpp_train,0,4365,601,0,C:\Users\durgamaniryudh\Desktop\Learn\testing_evals\test\mbpp_train\741\741_gen_0.sv,xiaomi/mimo-v2-flash:free,stop,,gen-1769166182-KyB6xfXCTEfwijgHGjp3
117,human_eval_test,0,4297,3745,0,C:\Users\durgamaniryudh\Desktop\Learn\testing_evals\test\human_eval_test\117\117_gen_0.sv,xiaomi/mimo-v2-flash:free,stop,,gen-1769166150-DWt7GY1n9i8PNqGoFThk
17,mbpp_test,0,4188,454,0,C:\Users\durgamaniryudh\Desktop\Learn\testing_evals\test\mbpp_test\17\17_gen_0.sv,xiaomi/mimo-v2-flash:free,stop,,gen-1769166193-ljL6LZ9pzPlGdhBAiVfd
139,human_eval_test,0,4168,1035,0,C:\Users\durgamaniryudh\Desktop\Learn\testing_evals\test\human_eval_test\139\139_gen_0.sv,xiaomi/mimo-v2-flash:free,stop,,gen-1769166192-K7x91u0bQdSIfAUftg71
762,mbpp_train,0,4132,253,0,C:\Users\durgamaniryudh\Desktop\Learn\testing_evals\test\mbpp_train\762\762_gen_0.sv,xiaomi/mimo-v2-flash:free,stop,,gen-1769166198-Ey8hdPQ8jv15n7VJUdHV
3741,aapp_competition_test,0,4577,6381,0,C:\Users\durgamaniryudh\Desktop\Learn\testing_evals\test\aapp_competition_test\3741\3741_gen_0.sv,xiaomi/mimo-v2-flash:free,stop,,gen-1769166097-okVIzkUq63ATk3v0eJbB
3420,aapp_competition_test,0,4637,5543,0,C:\Users\durgamaniryudh\Desktop\Learn\testing_evals\test\aapp_competition_test\3420\3420_gen_0.sv,xiaomi/mimo-v2-flash:free,stop,,gen-1769166170-3Q3ZyVAUbdu267F1LR52
3423,aapp_competition_test,0,4367,2223,0,C:\Users\durgamaniryudh\Desktop\Learn\testing_evals\test\aapp_competition_test\3423\3423_gen_0.sv,xiaomi/mimo-v2-flash:free,stop,,gen-1769166212-SYZZZUD7s4ttCPuCSCXn
3005,aapp_competition_test,0,4645,3121,0,C:\Users\durgamaniryudh\Desktop\Learn\testing_evals\test\aapp_competition_test\3005\3005_gen_0.sv,xiaomi/mimo-v2-flash:free,stop,,gen-1769166208-ZbKy0V2M7SkwA7vtR69u
786,mbpp_train,0,4157,599,0,C:\Users\durgamaniryudh\Desktop\Learn\testing_evals\test\mbpp_train\786\786_gen_0.sv,xiaomi/mimo-v2-flash:free,stop,,gen-1769166237-MCtTWwWxCu7n7WgIdmCf
97,human_eval_test,0,4373,1130,0,C:\Users\durgamaniryudh\Desktop\Learn\testing_evals\test\human_eval_test\97\97_gen_0.sv,xiaomi/mimo-v2-flash:free,stop,,gen-1769166232-dWlTKNiqY86DCukRV7Fm
395,mbpp_test,0,4240,854,0,C:\Users\durgamaniryudh\Desktop\Learn\testing_evals\test\mbpp_test\395\395_gen_0.sv,xiaomi/mimo-v2-flash:free,stop,,gen-1769166236-rM1ukamDiTAeaAmGAWrW
3007,aapp_competition_test,0,4836,2458,0,C:\Users\durgamaniryudh\Desktop\Learn\testing_evals\test\aapp_competition_test\3007\3007_gen_0.sv,xiaomi/mimo-v2-flash:free,stop,,gen-1769166239-qwAEJEdyzD66mVFBmApg
3742,aapp_competition_test,0,4565,7613,0,C:\Users\durgamaniryudh\Desktop\Learn\testing_evals\test\aapp_competition_test\3742\3742_gen_0.sv,xiaomi/mimo-v2-flash:free,stop,,gen-1769166191-cS1mchJlQGVUaBVCHG8I
3745,aapp_competition_test,0,4531,1971,0,C:\Users\durgamaniryudh\Desktop\Learn\testing_evals\test\aapp_competition_test\3745\3745_gen_0.sv,xiaomi/mimo-v2-flash:free,stop,,gen-1769166250-7EUuMsDKIxF22sWKMFgz
159,human_eval_test,0,4463,670,0,C:\Users\durgamaniryudh\Desktop\Learn\testing_evals\test\human_eval_test\159\159_gen_0.sv,xiaomi/mimo-v2-flash:free,stop,,gen-1769166264-FPnw05bIf8TwpLx1R5A7
3735,aapp_competition_test,0,4486,14715,0,C:\Users\durgamaniryudh\Desktop\Learn\testing_evals\test\aapp_competition_test\3735\3735_gen_0.sv,xiaomi/mimo-v2-flash:free,stop,,gen-1769166150-FCiDRVMkRFvycJO8cr3v
617,mbpp_train,0,4321,1397,0,C:\Users\durgamaniryudh\Desktop\Learn\testing_evals\test\mbpp_train\617\617_gen_0.sv,xiaomi/mimo-v2-flash:free,stop,,gen-1769166275-clqy74rdcbjfgYmnJlPg
77,mbpp_test,0,4025,1108,0,C:\Users\durgamaniryudh\Desktop\Learn\testing_evals\test\mbpp_test\77\77_gen_0.sv,xiaomi/mimo-v2-flash:free,stop,,gen-1769166271-OD1q9waWgVeTnIprjSQa
13,human_eval_test,0,4377,1115,0,C:\Users\durgamaniryudh\Desktop\Learn\testing_evals\test\human_eval_test\13\13_gen_0.sv,xiaomi/mimo-v2-flash:free,stop,,gen-1769166253-QDizGNlNRJpVSfkFusBl
3000,aapp_competition_test,0,4704,1316,0,C:\Users\durgamaniryudh\Desktop\Learn\testing_evals\test\aapp_competition_test\3000\3000_gen_0.sv,xiaomi/mimo-v2-flash:free,stop,,gen-1769166277-LT3LKc5s9CNPWQebIAnr
3419,aapp_competition_test,0,4182,2038,0,C:\Users\durgamaniryudh\Desktop\Learn\testing_evals\test\aapp_competition_test\3419\3419_gen_0.sv,xiaomi/mimo-v2-flash:free,stop,,gen-1769166290-Rj37lFGJB11q3xVIriUd
127,mbpp_test,0,4287,995,0,C:\Users\durgamaniryudh\Desktop\Learn\testing_evals\test\mbpp_test\127\127_gen_0.sv,xiaomi/mimo-v2-flash:free,stop,,gen-1769166300-skFnyomJ3D6Ou6KJf2LK
34,human_eval_test,0,4362,1442,0,C:\Users\durgamaniryudh\Desktop\Learn\testing_evals\test\human_eval_test\34\34_gen_0.sv,xiaomi/mimo-v2-flash:free,stop,,gen-1769166297-NjsIY3xDgGcbRtddf1hq
3747,aapp_competition_test,0,4460,1699,0,C:\Users\durgamaniryudh\Desktop\Learn\testing_evals\test\aapp_competition_test\3747\3747_gen_0.sv,xiaomi/mimo-v2-flash:free,stop,,gen-1769166310-2viyJa3PuZrDjCaEaMdi
3413,aapp_competition_test,0,4876,16062,0,C:\Users\durgamaniryudh\Desktop\Learn\testing_evals\test\aapp_competition_test\3413\3413_gen_0.sv,xiaomi/mimo-v2-flash:free,stop,,gen-1769166080-GTlhWRa9FZ7DMJl59YQJ
3751,aapp_competition_test,0,4484,3394,0,C:\Users\durgamaniryudh\Desktop\Learn\testing_evals\test\aapp_competition_test\3751\3751_gen_0.sv,xiaomi/mimo-v2-flash:free,stop,,gen-1769166294-iTxSaYdlUf1D4wM0fmDS
3744,aapp_competition_test,0,4522,10271,0,C:\Users\durgamaniryudh\Desktop\Learn\testing_evals\test\aapp_competition_test\3744\3744_gen_0.sv,xiaomi/mimo-v2-flash:free,stop,,gen-1769166222-eHB9pF7wKnurQm3BLpo6
806,mbpp_train,0,4289,893,0,C:\Users\durgamaniryudh\Desktop\Learn\testing_evals\test\mbpp_train\806\806_gen_0.sv,xiaomi/mimo-v2-flash:free,stop,,gen-1769166304-ojcYlnQwsCc9tPkulGil
3427,aapp_competition_test,0,4378,2737,0,C:\Users\durgamaniryudh\Desktop\Learn\testing_evals\test\aapp_competition_test\3427\3427_gen_0.sv,xiaomi/mimo-v2-flash:free,stop,,gen-1769166309-BxuORlbw8n1aM3VEbgAU
479,mbpp_test,0,4200,953,0,C:\Users\durgamaniryudh\Desktop\Learn\testing_evals\test\mbpp_test\479\479_gen_0.sv,xiaomi/mimo-v2-flash:free,stop,,gen-1769166328-T5HiIueNDWPYxVpp1Jhz
14,human_eval_test,0,4373,1292,0,C:\Users\durgamaniryudh\Desktop\Learn\testing_evals\test\human_eval_test\14\14_gen_0.sv,xiaomi/mimo-v2-flash:free,stop,,gen-1769166326-gEidueTIk6vSxVbsPRWh
809,mbpp_train,0,4288,737,0,C:\Users\durgamaniryudh\Desktop\Learn\testing_evals\test\mbpp_train\809\809_gen_0.sv,xiaomi/mimo-v2-flash:free,stop,,gen-1769166332-SWqTlH4YsnMw0vN9aKnq
3009,aapp_competition_test,0,4828,4451,0,C:\Users\durgamaniryudh\Desktop\Learn\testing_evals\test\aapp_competition_test\3009\3009_gen_0.sv,xiaomi/mimo-v2-flash:free,stop,,gen-1769166308-nuzE6u5PDann3uTIOuD3
3750,aapp_competition_test,0,4335,1073,0,C:\Users\durgamaniryudh\Desktop\Learn\testing_evals\test\aapp_competition_test\3750\3750_gen_0.sv,xiaomi/mimo-v2-flash:free,stop,,gen-1769166337-HFvNWRrPJ4UFMSu4Pso9
3411,aapp_competition_test,0,4473,2132,0,C:\Users\durgamaniryudh\Desktop\Learn\testing_evals\test\aapp_competition_test\3411\3411_gen_0.sv,xiaomi/mimo-v2-flash:free,stop,,gen-1769166336-Spw8iPbJNuFqZsDt1ZQa
98,human_eval_test,0,4359,1166,0,C:\Users\durgamaniryudh\Desktop\Learn\testing_evals\test\human_eval_test\98\98_gen_0.sv,xiaomi/mimo-v2-flash:free,stop,,gen-1769166337-bLHBA9VP3Pce7mKRnb98
239,mbpp_test,0,4419,1667,0,C:\Users\durgamaniryudh\Desktop\Learn\testing_evals\test\mbpp_test\239\239_gen_0.sv,xiaomi/mimo-v2-flash:free,stop,,gen-1769166337-gku4KQ9n6lp4I5pDGfCz
742,mbpp_train,0,4623,1667,0,C:\Users\durgamaniryudh\Desktop\Learn\testing_evals\test\mbpp_train\742\742_gen_0.sv,xiaomi/mimo-v2-flash:free,stop,,gen-1769166340-DLmS9ZIUsn3qzYFTh5dV
287,mbpp_test,0,4361,1284,0,C:\Users\durgamaniryudh\Desktop\Learn\testing_evals\test\mbpp_test\287\287_gen_0.sv,xiaomi/mimo-v2-flash:free,stop,,gen-1769166356-tJwUeodSpsvtBVUCOrRt
3011,aapp_competition_test,0,4433,2711,0,C:\Users\durgamaniryudh\Desktop\Learn\testing_evals\test\aapp_competition_test\3011\3011_gen_0.sv,xiaomi/mimo-v2-flash:free,stop,,gen-1769166347-8d5RBgCUc5JH8axtgu2S
3421,aapp_competition_test,0,4471,20011,0,C:\Users\durgamaniryudh\Desktop\Learn\testing_evals\test\aapp_competition_test\3421\3421_gen_0.sv,xiaomi/mimo-v2-flash:free,stop,,gen-1769166188-DV3HjQbtL79aLtWSz7OR
3008,aapp_competition_test,0,5386,2448,0,C:\Users\durgamaniryudh\Desktop\Learn\testing_evals\test\aapp_competition_test\3008\3008_gen_0.sv,xiaomi/mimo-v2-flash:free,stop,,gen-1769166332-B7gA7ZvG5Xpka5DLDfu2
56,human_eval_test,0,4426,1336,0,C:\Users\durgamaniryudh\Desktop\Learn\testing_evals\test\human_eval_test\56\56_gen_0.sv,xiaomi/mimo-v2-flash:free,stop,,gen-1769166355-Wwp9nVxqqQrhuadsLvrl
3424,aapp_competition_test,0,4796,2891,0,C:\Users\durgamaniryudh\Desktop\Learn\testing_evals\test\aapp_competition_test\3424\3424_gen_0.sv,xiaomi/mimo-v2-flash:free,stop,,gen-1769166347-XypdnbGA0V1zDKEH0Q9r
740,mbpp_train,0,4385,712,0,C:\Users\durgamaniryudh\Desktop\Learn\testing_evals\test\mbpp_train\740\740_gen_0.sv,xiaomi/mimo-v2-flash:free,stop,,gen-1769166386-PCeJOyjQNngkALo6AqXk
3428,aapp_competition_test,0,4368,1444,0,C:\Users\durgamaniryudh\Desktop\Learn\testing_evals\test\aapp_competition_test\3428\3428_gen_0.sv,xiaomi/mimo-v2-flash:free,stop,,gen-1769166373-66YymZFaiu2FL34kOdxm
77,human_eval_test,0,4582,1053,0,C:\Users\durgamaniryudh\Desktop\Learn\testing_evals\test\human_eval_test\77\77_gen_0.sv,xiaomi/mimo-v2-flash:free,stop,,gen-1769166383-SrJ185hdh329ZDy3ECgG
3759,aapp_competition_test,0,4394,1286,0,C:\Users\durgamaniryudh\Desktop\Learn\testing_evals\test\aapp_competition_test\3759\3759_gen_0.sv,xiaomi/mimo-v2-flash:free,stop,,gen-1769166383-CiAVHOCUHDkLNMgUEYvR
3004,aapp_competition_test,0,4650,1955,0,C:\Users\durgamaniryudh\Desktop\Learn\testing_evals\test\aapp_competition_test\3004\3004_gen_0.sv,xiaomi/mimo-v2-flash:free,stop,,gen-1769166368-W9LIxEBxJrRA0yK1gFyi
3740,aapp_competition_test,0,5766,21554,0,C:\Users\durgamaniryudh\Desktop\Learn\testing_evals\test\aapp_competition_test\3740\3740_gen_0.sv,xiaomi/mimo-v2-flash:free,stop,,gen-1769166171-U9GklyQiTnyVHrvhqoe9
165,mbpp_test,0,4581,702,0,C:\Users\durgamaniryudh\Desktop\Learn\testing_evals\test\mbpp_test\165\165_gen_0.sv,xiaomi/mimo-v2-flash:free,stop,,gen-1769166404-L0CRlTWfqFX49IVwxfOW
763,mbpp_train,0,4442,1536,0,C:\Users\durgamaniryudh\Desktop\Learn\testing_evals\test\mbpp_train\763\763_gen_0.sv,xiaomi/mimo-v2-flash:free,stop,,gen-1769166364-qrNQ2TOp508zJVcYgjbP
3422,aapp_competition_test,0,4921,17436,0,C:\Users\durgamaniryudh\Desktop\Learn\testing_evals\test\aapp_competition_test\3422\3422_gen_0.sv,xiaomi/mimo-v2-flash:free,stop,,gen-1769166250-ARZEiO9hXXPLQTuVHTOa
787,mbpp_train,0,4280,1369,0,C:\Users\durgamaniryudh\Desktop\Learn\testing_evals\test\mbpp_train\787\787_gen_0.sv,xiaomi/mimo-v2-flash:free,stop,,gen-1769166407-34LEF5hgOGuP02ILi5bN
411,mbpp_test,0,4467,1273,0,C:\Users\durgamaniryudh\Desktop\Learn\testing_evals\test\mbpp_test\411\411_gen_0.sv,xiaomi/mimo-v2-flash:free,stop,,gen-1769166385-YeDi7HLurtDLIVsHmUor
160,human_eval_test,0,4443,2084,0,C:\Users\durgamaniryudh\Desktop\Learn\testing_evals\test\human_eval_test\160\160_gen_0.sv,xiaomi/mimo-v2-flash:free,stop,,gen-1769166397-7vCkbILjVxnfxbTchYU9
3758,aapp_competition_test,0,4340,2542,0,C:\Users\durgamaniryudh\Desktop\Learn\testing_evals\test\aapp_competition_test\3758\3758_gen_0.sv,xiaomi/mimo-v2-flash:free,stop,,gen-1769166418-Q3YNOGnZPj4m5Bm3jDR3
76,human_eval_test,0,4553,1610,0,C:\Users\durgamaniryudh\Desktop\Learn\testing_evals\test\human_eval_test\76\76_gen_0.sv,xiaomi/mimo-v2-flash:free,stop,,gen-1769166420-PBbLptaRi0cwEhR0hqS9
3010,aapp_competition_test,0,4490,4556,0,C:\Users\durgamaniryudh\Desktop\Learn\testing_evals\test\aapp_competition_test\3010\3010_gen_0.sv,xiaomi/mimo-v2-flash:free,stop,,gen-1769166413-filJx1YsfRFBEuGzGh4q
18,mbpp_test,0,4538,2386,0,C:\Users\durgamaniryudh\Desktop\Learn\testing_evals\test\mbpp_test\18\18_gen_0.sv,xiaomi/mimo-v2-flash:free,stop,,gen-1769166424-aXaRhUdRcvequFgEoaSD
3429,aapp_competition_test,0,4277,4067,0,C:\Users\durgamaniryudh\Desktop\Learn\testing_evals\test\aapp_competition_test\3429\3429_gen_0.sv,xiaomi/mimo-v2-flash:free,stop,,gen-1769166413-xHfQV2J7B8qQ7X2Ljljv
3013,aapp_competition_test,0,4360,2977,0,C:\Users\durgamaniryudh\Desktop\Learn\testing_evals\test\aapp_competition_test\3013\3013_gen_0.sv,xiaomi/mimo-v2-flash:free,stop,,gen-1769166393-paRRsXdzoooOLWyhSfIU
388,mbpp_test,0,4223,918,0,C:\Users\durgamaniryudh\Desktop\Learn\testing_evals\test\mbpp_test\388\388_gen_0.sv,xiaomi/mimo-v2-flash:free,stop,,gen-1769166462-uCmOIou0b1JE7SeBazyY
3753,aapp_competition_test,0,4454,10380,0,C:\Users\durgamaniryudh\Desktop\Learn\testing_evals\test\aapp_competition_test\3753\3753_gen_0.sv,xiaomi/mimo-v2-flash:free,stop,,gen-1769166355-fbmEfg37RpiCjJqFY0h6
3430,aapp_competition_test,0,4846,3891,0,C:\Users\durgamaniryudh\Desktop\Learn\testing_evals\test\aapp_competition_test\3430\3430_gen_0.sv,xiaomi/mimo-v2-flash:free,stop,,gen-1769166439-DhETflgGXXgpPbVYbKE7
3752,aapp_competition_test,0,4317,8584,0,C:\Users\durgamaniryudh\Desktop\Learn\testing_evals\test\aapp_competition_test\3752\3752_gen_0.sv,xiaomi/mimo-v2-flash:free,stop,,gen-1769166394-CjzlE171RzZD1BUW61sW
619,mbpp_train,0,4420,1456,0,C:\Users\durgamaniryudh\Desktop\Learn\testing_evals\test\mbpp_train\619\619_gen_0.sv,xiaomi/mimo-v2-flash:free,stop,,gen-1769166451-UXq5pPiwh5lkGwSGfgDb
641,mbpp_train,0,4294,871,0,C:\Users\durgamaniryudh\Desktop\Learn\testing_evals\test\mbpp_train\641\641_gen_0.sv,xiaomi/mimo-v2-flash:free,stop,,gen-1769166472-hiKWmUUvfL2X9MlAl6dz
140,human_eval_test,0,6731,1566,0,C:\Users\durgamaniryudh\Desktop\Learn\testing_evals\test\human_eval_test\140\140_gen_0.sv,xiaomi/mimo-v2-flash:free,stop,,gen-1769166455-wucoBx7Ul6gW9omnqSNy
643,mbpp_train,0,4375,886,0,C:\Users\durgamaniryudh\Desktop\Learn\testing_evals\test\mbpp_train\643\643_gen_0.sv,xiaomi/mimo-v2-flash:free,stop,,gen-1769166472-LmEOOJdUYfogZl3xziWk
3015,aapp_competition_test,0,4671,3311,0,C:\Users\durgamaniryudh\Desktop\Learn\testing_evals\test\aapp_competition_test\3015\3015_gen_0.sv,xiaomi/mimo-v2-flash:free,stop,,gen-1769166462-irzeYKy6QYpmGlJzmjN8
441,mbpp_test,0,4190,677,0,C:\Users\durgamaniryudh\Desktop\Learn\testing_evals\test\mbpp_test\441\441_gen_0.sv,xiaomi/mimo-v2-flash:free,stop,,gen-1769166483-EOAIR0Tw5klkhIaIbcan
35,human_eval_test,0,4288,976,0,C:\Users\durgamaniryudh\Desktop\Learn\testing_evals\test\human_eval_test\35\35_gen_0.sv,xiaomi/mimo-v2-flash:free,stop,,gen-1769166482-JQT6lXXkvVjUgxAjLAxA
3764,aapp_competition_test,0,4363,1379,0,C:\Users\durgamaniryudh\Desktop\Learn\testing_evals\test\aapp_competition_test\3764\3764_gen_0.sv,xiaomi/mimo-v2-flash:free,stop,,gen-1769166471-wOSySKlqxq9nqMX4Ccak
3426,aapp_competition_test,0,4972,11524,0,C:\Users\durgamaniryudh\Desktop\Learn\testing_evals\test\aapp_competition_test\3426\3426_gen_0.sv,xiaomi/mimo-v2-flash:free,stop,,gen-1769166393-j0IhjytxI7ZK30vPEOqC
3435,aapp_competition_test,0,4262,4006,0,C:\Users\durgamaniryudh\Desktop\Learn\testing_evals\test\aapp_competition_test\3435\3435_gen_0.sv,xiaomi/mimo-v2-flash:free,stop,,gen-1769166470-vzlRjubbIH76L2SYjDzt
788,mbpp_train,0,4584,960,0,C:\Users\durgamaniryudh\Desktop\Learn\testing_evals\test\mbpp_train\788\788_gen_0.sv,xiaomi/mimo-v2-flash:free,stop,,gen-1769166501-ZCHUowpn3xEfE0RbkRSk
3436,aapp_competition_test,0,4343,1823,0,C:\Users\durgamaniryudh\Desktop\Learn\testing_evals\test\aapp_competition_test\3436\3436_gen_0.sv,xiaomi/mimo-v2-flash:free,stop,,gen-1769166503-mx2uOo8zwGjvQGW1YPZJ
119,human_eval_test,0,4330,2937,0,C:\Users\durgamaniryudh\Desktop\Learn\testing_evals\test\human_eval_test\119\119_gen_0.sv,xiaomi/mimo-v2-flash:free,stop,,gen-1769166503-ciPxiAQQACQcSz9WEIzm
3757,aapp_competition_test,0,4369,3389,0,C:\Users\durgamaniryudh\Desktop\Learn\testing_evals\test\aapp_competition_test\3757\3757_gen_0.sv,xiaomi/mimo-v2-flash:free,stop,,gen-1769166493-V2JHjFHaZ33TmC5uui5E
3018,aapp_competition_test,0,5134,8555,0,C:\Users\durgamaniryudh\Desktop\Learn\testing_evals\test\aapp_competition_test\3018\3018_gen_0.sv,xiaomi/mimo-v2-flash:free,stop,,gen-1769166427-REyBeKJ2IS9G7c66LzUz
434,mbpp_test,0,4496,744,0,C:\Users\durgamaniryudh\Desktop\Learn\testing_evals\test\mbpp_test\434\434_gen_0.sv,xiaomi/mimo-v2-flash:free,stop,,gen-1769166521-4hnREnkgAb2Ve9wxHUh2
620,mbpp_train,0,4281,1602,0,C:\Users\durgamaniryudh\Desktop\Learn\testing_evals\test\mbpp_train\620\620_gen_0.sv,xiaomi/mimo-v2-flash:free,stop,,gen-1769166537-YU8NhEludWIhlgHSUJ4H
265,mbpp_test,0,4452,1610,0,C:\Users\durgamaniryudh\Desktop\Learn\testing_evals\test\mbpp_test\265\265_gen_0.sv,xiaomi/mimo-v2-flash:free,stop,,gen-1769166529-0AHrAm3AqiX2dhIcXvlL
57,human_eval_test,0,4511,1152,0,C:\Users\durgamaniryudh\Desktop\Learn\testing_evals\test\human_eval_test\57\57_gen_0.sv,xiaomi/mimo-v2-flash:free,stop,,gen-1769166537-GV92MvJtsHuoPbiEZikQ
3021,aapp_competition_test,0,4434,7423,0,C:\Users\durgamaniryudh\Desktop\Learn\testing_evals\test\aapp_competition_test\3021\3021_gen_0.sv,xiaomi/mimo-v2-flash:free,stop,,gen-1769166487-sS9C9uxw0SwdjVmRBqqm
3019,aapp_competition_test,0,4404,5981,0,C:\Users\durgamaniryudh\Desktop\Learn\testing_evals\test\aapp_competition_test\3019\3019_gen_0.sv,xiaomi/mimo-v2-flash:free,stop,,gen-1769166503-st44S5fABlaVMrJdOK1a
79,mbpp_test,0,4236,832,0,C:\Users\durgamaniryudh\Desktop\Learn\testing_evals\test\mbpp_test\79\79_gen_0.sv,xiaomi/mimo-v2-flash:free,stop,,gen-1769166556-aQyuNKQXUVKoYv3h9Bzy
3766,aapp_competition_test,0,4558,1560,0,C:\Users\durgamaniryudh\Desktop\Learn\testing_evals\test\aapp_competition_test\3766\3766_gen_0.sv,xiaomi/mimo-v2-flash:free,stop,,gen-1769166551-HPL9gHe2tJ8YYtN2lIyk
615,mbpp_train,0,4425,1870,0,C:\Users\durgamaniryudh\Desktop\Learn\testing_evals\test\mbpp_train\615\615_gen_0.sv,xiaomi/mimo-v2-flash:free,stop,,gen-1769166557-f9dVxzOe15WDut03S3xm
36,human_eval_test,0,4467,1310,0,C:\Users\durgamaniryudh\Desktop\Learn\testing_evals\test\human_eval_test\36\36_gen_0.sv,xiaomi/mimo-v2-flash:free,stop,,gen-1769166558-MrWBez5lQl6r2tL3dFtb
3763,aapp_competition_test,0,4565,2691,0,C:\Users\durgamaniryudh\Desktop\Learn\testing_evals\test\aapp_competition_test\3763\3763_gen_0.sv,xiaomi/mimo-v2-flash:free,stop,,gen-1769166569-YlNeEfR0syKuzrtdYkxa
720,mbpp_train,0,4295,2070,0,C:\Users\durgamaniryudh\Desktop\Learn\testing_evals\test\mbpp_train\720\720_gen_0.sv,xiaomi/mimo-v2-flash:free,stop,,gen-1769166580-a4qk0ggqwAeBcltcMoJR
3437,aapp_competition_test,0,4561,3484,0,C:\Users\durgamaniryudh\Desktop\Learn\testing_evals\test\aapp_competition_test\3437\3437_gen_0.sv,xiaomi/mimo-v2-flash:free,stop,,gen-1769166564-Q8HpupdVoSek3Pi0aamu
3022,aapp_competition_test,0,4718,906,0,C:\Users\durgamaniryudh\Desktop\Learn\testing_evals\test\aapp_competition_test\3022\3022_gen_0.sv,xiaomi/mimo-v2-flash:free,stop,,gen-1769166601-TwIMuQpEAwEmLb0T2ipd
3761,aapp_competition_test,0,4909,11324,0,C:\Users\durgamaniryudh\Desktop\Learn\testing_evals\test\aapp_competition_test\3761\3761_gen_0.sv,xiaomi/mimo-v2-flash:free,stop,,gen-1769166509-BoTu76aG3CHesLjs3OKA
290,mbpp_test,0,4495,3967,0,C:\Users\durgamaniryudh\Desktop\Learn\testing_evals\test\mbpp_test\290\290_gen_0.sv,xiaomi/mimo-v2-flash:free,stop,,gen-1769166573-8iDikjGYoCPdQHY5vZk2
3438,aapp_competition_test,0,4328,1410,0,C:\Users\durgamaniryudh\Desktop\Learn\testing_evals\test\aapp_competition_test\3438\3438_gen_0.sv,xiaomi/mimo-v2-flash:free,stop,,gen-1769166606-8hwZpESaCMttvbr2t6vS
96,human_eval_test,0,4238,1471,0,C:\Users\durgamaniryudh\Desktop\Learn\testing_evals\test\human_eval_test\96\96_gen_0.sv,xiaomi/mimo-v2-flash:free,stop,,gen-1769166601-2o907tJTb18GZeHzwNyj
100,mbpp_test,0,4378,2055,0,C:\Users\durgamaniryudh\Desktop\Learn\testing_evals\test\mbpp_test\100\100_gen_0.sv,xiaomi/mimo-v2-flash:free,stop,,gen-1769166619-cWpYk2fUZgrs9sVVD6dx
3768,aapp_competition_test,0,4539,1489,0,C:\Users\durgamaniryudh\Desktop\Learn\testing_evals\test\aapp_competition_test\3768\3768_gen_0.sv,xiaomi/mimo-v2-flash:free,stop,,gen-1769166641-M3I16WoWFWsv9eM6GKIV
3746,aapp_competition_test,0,5309,2796,0,C:\Users\durgamaniryudh\Desktop\Learn\testing_evals\test\aapp_competition_test\3746\3746_gen_0.sv,xiaomi/mimo-v2-flash:free,stop,,gen-1769166611-Jp3Zl5pNKpmtxp7Al8vp
743,mbpp_train,0,4773,2242,0,C:\Users\durgamaniryudh\Desktop\Learn\testing_evals\test\mbpp_train\743\743_gen_0.sv,xiaomi/mimo-v2-flash:free,stop,,gen-1769166621-zWsKf13FKJn95aNnEne7
3026,aapp_competition_test,0,4519,3389,0,C:\Users\durgamaniryudh\Desktop\Learn\testing_evals\test\aapp_competition_test\3026\3026_gen_0.sv,xiaomi/mimo-v2-flash:free,stop,,gen-1769166626-OHnVX8DeEmL9aZX71cpO
3017,aapp_competition_test,0,4817,14121,0,C:\Users\durgamaniryudh\Desktop\Learn\testing_evals\test\aapp_competition_test\3017\3017_gen_0.sv,xiaomi/mimo-v2-flash:free,stop,,gen-1769166538-bgDLOP58sOpihgiNZg55
412,mbpp_test,0,4355,1390,0,C:\Users\durgamaniryudh\Desktop\Learn\testing_evals\test\mbpp_test\412\412_gen_0.sv,xiaomi/mimo-v2-flash:free,stop,,gen-1769166667-3I8MzGPCyDGUVpbnQQOw
3432,aapp_competition_test,0,4404,1971,0,C:\Users\durgamaniryudh\Desktop\Learn\testing_evals\test\aapp_competition_test\3432\3432_gen_0.sv,xiaomi/mimo-v2-flash:free,stop,,gen-1769166633-akfJtDy3n1gJ1HI2ptSv
3441,aapp_competition_test,0,5123,1718,0,C:\Users\durgamaniryudh\Desktop\Learn\testing_evals\test\aapp_competition_test\3441\3441_gen_0.sv,xiaomi/mimo-v2-flash:free,stop,,gen-1769166684-yJNsZeeNRirzCp3PftFm
16,human_eval_test,0,4075,1261,0,C:\Users\durgamaniryudh\Desktop\Learn\testing_evals\test\human_eval_test\16\16_gen_0.sv,xiaomi/mimo-v2-flash:free,stop,,gen-1769166667-T8T5DCET81OTyEBqxDER
15,human_eval_test,0,4188,4680,0,C:\Users\durgamaniryudh\Desktop\Learn\testing_evals\test\human_eval_test\15\15_gen_0.sv,xiaomi/mimo-v2-flash:free,stop,,gen-1769166664-v0FGa3AmFV4cOSqvGx0S
765,mbpp_train,0,4210,514,0,C:\Users\durgamaniryudh\Desktop\Learn\testing_evals\test\mbpp_train\765\765_gen_0.sv,xiaomi/mimo-v2-flash:free,stop,,gen-1769166714-aSje45AJAtRIMgLw53bN
141,human_eval_test,0,4548,2728,0,C:\Users\durgamaniryudh\Desktop\Learn\testing_evals\test\human_eval_test\141\141_gen_0.sv,xiaomi/mimo-v2-flash:free,stop,,gen-1769166702-Da0C0zwo4vgMpCLlx8qa
457,mbpp_test,0,4405,816,0,C:\Users\durgamaniryudh\Desktop\Learn\testing_evals\test\mbpp_test\457\457_gen_0.sv,xiaomi/mimo-v2-flash:free,stop,,gen-1769166713-rSVhcqrytMjtIif6UQFL
3025,aapp_competition_test,0,5143,6552,0,C:\Users\durgamaniryudh\Desktop\Learn\testing_evals\test\aapp_competition_test\3025\3025_gen_0.sv,xiaomi/mimo-v2-flash:free,stop,,gen-1769166677-d9CdGqxDcmJk0bsyUXKG
120,human_eval_test,0,4476,1296,0,C:\Users\durgamaniryudh\Desktop\Learn\testing_evals\test\human_eval_test\120\120_gen_0.sv,xiaomi/mimo-v2-flash:free,stop,,gen-1769166739-MgOPCoS2JkTjC5dvny48
3434,aapp_competition_test,0,4660,20882,0,C:\Users\durgamaniryudh\Desktop\Learn\testing_evals\test\aapp_competition_test\3434\3434_gen_0.sv,xiaomi/mimo-v2-flash:free,stop,,gen-1769166543-HffaTgZmADnNcLXa5QAH
3774,aapp_competition_test,0,4786,2504,0,C:\Users\durgamaniryudh\Desktop\Learn\testing_evals\test\aapp_competition_test\3774\3774_gen_0.sv,xiaomi/mimo-v2-flash:free,stop,,gen-1769166736-QlzuqNdUUAUOtvzazo3Q
166,mbpp_test,0,4419,1100,0,C:\Users\durgamaniryudh\Desktop\Learn\testing_evals\test\mbpp_test\166\166_gen_0.sv,xiaomi/mimo-v2-flash:free,stop,,gen-1769166752-QxxfFb6bDbPFYztwt2zP
785,mbpp_train,0,4317,1939,0,C:\Users\durgamaniryudh\Desktop\Learn\testing_evals\test\mbpp_train\785\785_gen_0.sv,xiaomi/mimo-v2-flash:free,stop,,gen-1769166672-iW7CBMyvPLnfutR4LZ8F
744,mbpp_train,0,4322,898,0,C:\Users\durgamaniryudh\Desktop\Learn\testing_evals\test\mbpp_train\744\744_gen_0.sv,xiaomi/mimo-v2-flash:free,stop,,gen-1769166758-gCMmrEhmY4Af9fNKQo0c
3772,aapp_competition_test,0,4468,1629,0,C:\Users\durgamaniryudh\Desktop\Learn\testing_evals\test\aapp_competition_test\3772\3772_gen_0.sv,xiaomi/mimo-v2-flash:free,stop,,gen-1769166767-Kfy7xVo2HrN0nOfG3cMw
3439,aapp_competition_test,0,4706,5102,0,C:\Users\durgamaniryudh\Desktop\Learn\testing_evals\test\aapp_competition_test\3439\3439_gen_0.sv,xiaomi/mimo-v2-flash:free,stop,,gen-1769166735-x8kjFLvLkwNbqvCkDQTn
3442,aapp_competition_test,0,4527,1951,0,C:\Users\durgamaniryudh\Desktop\Learn\testing_evals\test\aapp_competition_test\3442\3442_gen_0.sv,xiaomi/mimo-v2-flash:free,stop,,gen-1769166766-KbEHMR6zLlzERlE7tkuS
3765,aapp_competition_test,0,4897,5052,0,C:\Users\durgamaniryudh\Desktop\Learn\testing_evals\test\aapp_competition_test\3765\3765_gen_0.sv,xiaomi/mimo-v2-flash:free,stop,,gen-1769166696-acP47V3qc32fjZZNVJCW
3293,aapp_competition_test,0,4382,2152,0,C:\Users\durgamaniryudh\Desktop\Learn\testing_evals\test\aapp_competition_test\3293\3293_gen_0.sv,xiaomi/mimo-v2-flash:free,stop,,gen-1769166782-Jn1NJ1UWFCIX2uqrEinj
3024,aapp_competition_test,0,4489,1484,0,C:\Users\durgamaniryudh\Desktop\Learn\testing_evals\test\aapp_competition_test\3024\3024_gen_0.sv,xiaomi/mimo-v2-flash:free,stop,,gen-1769166786-ZXcUf5Fp0oq1FsGUN4pD
3030,aapp_competition_test,0,4457,5269,0,C:\Users\durgamaniryudh\Desktop\Learn\testing_evals\test\aapp_competition_test\3030\3030_gen_0.sv,xiaomi/mimo-v2-flash:free,stop,,gen-1769166762-EeTxyax8q3D92HLnyd7Z
3027,aapp_competition_test,0,4563,2521,0,C:\Users\durgamaniryudh\Desktop\Learn\testing_evals\test\aapp_competition_test\3027\3027_gen_0.sv,xiaomi/mimo-v2-flash:free,stop,,gen-1769166772-xIfHDXK5sQvutpEaBrcs
3629,aapp_competition_test,0,4467,4076,0,C:\Users\durgamaniryudh\Desktop\Learn\testing_evals\test\aapp_competition_test\3629\3629_gen_0.sv,xiaomi/mimo-v2-flash:free,stop,,gen-1769166783-v7g6nEwqIgh1ZlcypG54
3306,aapp_competition_test,0,4625,1178,0,C:\Users\durgamaniryudh\Desktop\Learn\testing_evals\test\aapp_competition_test\3306\3306_gen_0.sv,xiaomi/mimo-v2-flash:free,stop,,gen-1769166810-cnswemaRDuE4W1jUsqDQ
3631,aapp_competition_test,0,4396,2671,0,C:\Users\durgamaniryudh\Desktop\Learn\testing_evals\test\aapp_competition_test\3631\3631_gen_0.sv,xiaomi/mimo-v2-flash:free,stop,,gen-1769166803-wSb71gGtUIqxZA3ZTKAH
3301,aapp_competition_test,0,5120,4190,0,C:\Users\durgamaniryudh\Desktop\Learn\testing_evals\test\aapp_competition_test\3301\3301_gen_0.sv,xiaomi/mimo-v2-flash:free,stop,,gen-1769166793-k04gTt73FP9G0GypLp0s
3634,aapp_competition_test,0,4512,1430,0,C:\Users\durgamaniryudh\Desktop\Learn\testing_evals\test\aapp_competition_test\3634\3634_gen_0.sv,xiaomi/mimo-v2-flash:free,stop,,gen-1769166811-1o17JD88LApe2TpvR9DX
3016,aapp_competition_test,0,4597,22051,0,C:\Users\durgamaniryudh\Desktop\Learn\testing_evals\test\aapp_competition_test\3016\3016_gen_0.sv,xiaomi/mimo-v2-flash:free,stop,,gen-1769166564-UmscaWypalnXxzLLQcYx
3756,aapp_competition_test,0,4892,34858,0,C:\Users\durgamaniryudh\Desktop\Learn\testing_evals\test\aapp_competition_test\3756\3756_gen_0.sv,xiaomi/mimo-v2-flash:free,stop,,gen-1769166444-02XUE8h0CTE0Bp1w8lAH
3636,aapp_competition_test,0,4334,2249,0,C:\Users\durgamaniryudh\Desktop\Learn\testing_evals\test\aapp_competition_test\3636\3636_gen_0.sv,xiaomi/mimo-v2-flash:free,stop,,gen-1769166864-kE4KMgY7DB3dtyaJIRxi
3031,aapp_competition_test,0,4917,2919,0,C:\Users\durgamaniryudh\Desktop\Learn\testing_evals\test\aapp_competition_test\3031\3031_gen_0.sv,xiaomi/mimo-v2-flash:free,stop,,gen-1769166818-AGjA1PalkCVj07lqenQC
3035,aapp_competition_test,0,4574,1711,0,C:\Users\durgamaniryudh\Desktop\Learn\testing_evals\test\aapp_competition_test\3035\3035_gen_0.sv,xiaomi/mimo-v2-flash:free,stop,,gen-1769166832-swj1wSQNk7PI5DSktvxc
3039,aapp_competition_test,0,4581,1165,0,C:\Users\durgamaniryudh\Desktop\Learn\testing_evals\test\aapp_competition_test\3039\3039_gen_0.sv,xiaomi/mimo-v2-flash:free,stop,,gen-1769166879-kEhbDSacBYVw6d0iKhzG
3309,aapp_competition_test,0,4497,2123,0,C:\Users\durgamaniryudh\Desktop\Learn\testing_evals\test\aapp_competition_test\3309\3309_gen_0.sv,xiaomi/mimo-v2-flash:free,stop,,gen-1769166849-9vyMz3F8d8QmnJQYqpnD
3040,aapp_competition_test,0,4719,2231,0,C:\Users\durgamaniryudh\Desktop\Learn\testing_evals\test\aapp_competition_test\3040\3040_gen_0.sv,xiaomi/mimo-v2-flash:free,stop,,gen-1769166892-JAvZHrFkzjlBjoBPn4IJ
3305,aapp_competition_test,0,4656,2253,0,C:\Users\durgamaniryudh\Desktop\Learn\testing_evals\test\aapp_competition_test\3305\3305_gen_0.sv,xiaomi/mimo-v2-flash:free,stop,,gen-1769166821-wAug0zioi4u7Kx28rfNf
3032,aapp_competition_test,0,4172,2210,0,C:\Users\durgamaniryudh\Desktop\Learn\testing_evals\test\aapp_competition_test\3032\3032_gen_0.sv,xiaomi/mimo-v2-flash:free,stop,,gen-1769166912-yJoiIlY2eVZUFXBEwrxD
3630,aapp_competition_test,0,4491,791,0,C:\Users\durgamaniryudh\Desktop\Learn\testing_evals\test\aapp_competition_test\3630\3630_gen_0.sv,xiaomi/mimo-v2-flash:free,stop,,gen-1769166890-NtKcuXadGm53FAgeHE4u
3632,aapp_competition_test,0,4414,13052,0,C:\Users\durgamaniryudh\Desktop\Learn\testing_evals\test\aapp_competition_test\3632\3632_gen_0.sv,xiaomi/mimo-v2-flash:free,stop,,gen-1769166826-dI7wyq5Z87g8yJ09jtkD
3313,aapp_competition_test,0,4701,3963,0,C:\Users\durgamaniryudh\Desktop\Learn\testing_evals\test\aapp_competition_test\3313\3313_gen_0.sv,xiaomi/mimo-v2-flash:free,stop,,gen-1769166898-qml1qKN9LJyyLFeDpzEC
3641,aapp_competition_test,0,4329,2840,0,C:\Users\durgamaniryudh\Desktop\Learn\testing_evals\test\aapp_competition_test\3641\3641_gen_0.sv,xiaomi/mimo-v2-flash:free,stop,,gen-1769166907-oKloQrsVulJ8d386HQjT
3310,aapp_competition_test,0,4413,2821,0,C:\Users\durgamaniryudh\Desktop\Learn\testing_evals\test\aapp_competition_test\3310\3310_gen_0.sv,xiaomi/mimo-v2-flash:free,stop,,gen-1769166945-rzJrKBQyx77i7R7SQA1u
3638,aapp_competition_test,0,4565,2978,0,C:\Users\durgamaniryudh\Desktop\Learn\testing_evals\test\aapp_competition_test\3638\3638_gen_0.sv,xiaomi/mimo-v2-flash:free,stop,,gen-1769166933-qlx5n8z0eHSCeMyD8hgT
3312,aapp_competition_test,0,4675,5208,0,C:\Users\durgamaniryudh\Desktop\Learn\testing_evals\test\aapp_competition_test\3312\3312_gen_0.sv,xiaomi/mimo-v2-flash:free,stop,,gen-1769166924-Tm0oDRt4WksCssoQpOqq
3023,aapp_competition_test,0,4459,6288,0,C:\Users\durgamaniryudh\Desktop\Learn\testing_evals\test\aapp_competition_test\3023\3023_gen_0.sv,xiaomi/mimo-v2-flash:free,stop,,gen-1769166933-tsW35qIENbmxXIou8nHL
3298,aapp_competition_test,0,4316,3013,0,C:\Users\durgamaniryudh\Desktop\Learn\testing_evals\test\aapp_competition_test\3298\3298_gen_0.sv,xiaomi/mimo-v2-flash:free,stop,,gen-1769166972-j2Vqun3Rmhu1JGiZzi6d
3642,aapp_competition_test,0,4439,1855,0,C:\Users\durgamaniryudh\Desktop\Learn\testing_evals\test\aapp_competition_test\3642\3642_gen_0.sv,xiaomi/mimo-v2-flash:free,stop,,gen-1769166991-x9qSTKOxFViXT9yMxlY4
3314,aapp_competition_test,0,4207,2990,0,C:\Users\durgamaniryudh\Desktop\Learn\testing_evals\test\aapp_competition_test\3314\3314_gen_0.sv,xiaomi/mimo-v2-flash:free,stop,,gen-1769166995-WTiB6HDfY3g8nIfGACOd
3640,aapp_competition_test,0,4430,2464,0,C:\Users\durgamaniryudh\Desktop\Learn\testing_evals\test\aapp_competition_test\3640\3640_gen_0.sv,xiaomi/mimo-v2-flash:free,stop,,gen-1769167001-ZWSArpcdyNR7SSbbZ2eI
3633,aapp_competition_test,0,4090,7005,0,C:\Users\durgamaniryudh\Desktop\Learn\testing_evals\test\aapp_competition_test\3633\3633_gen_0.sv,xiaomi/mimo-v2-flash:free,stop,,gen-1769166969-zWLPUagTwouFYLHlOsHx
3307,aapp_competition_test,0,4295,16968,0,C:\Users\durgamaniryudh\Desktop\Learn\testing_evals\test\aapp_competition_test\3307\3307_gen_0.sv,xiaomi/mimo-v2-flash:free,stop,,gen-1769166888-4TEn6SYctkEJSDTz6p7B
3433,aapp_competition_test,0,4960,65536,0,C:\Users\durgamaniryudh\Desktop\Learn\testing_evals\test\aapp_competition_test\3433\3433_gen_0.sv,xiaomi/mimo-v2-flash:free,length,,gen-1769166492-jX9A5Ai7oNdxvmiunzBC
3029,aapp_competition_test,0,4593,26002,0,C:\Users\durgamaniryudh\Desktop\Learn\testing_evals\test\aapp_competition_test\3029\3029_gen_0.sv,xiaomi/mimo-v2-flash:free,stop,,gen-1769166820-03mCOTjz7YloLKqd1jVU
3043,aapp_competition_test,0,4651,5765,0,C:\Users\durgamaniryudh\Desktop\Learn\testing_evals\test\aapp_competition_test\3043\3043_gen_0.sv,xiaomi/mimo-v2-flash:free,stop,,gen-1769167010-WfQuLIVtJfDYvcxgrJ8u
3647,aapp_competition_test,0,4472,2453,0,C:\Users\durgamaniryudh\Desktop\Learn\testing_evals\test\aapp_competition_test\3647\3647_gen_0.sv,xiaomi/mimo-v2-flash:free,stop,,gen-1769167049-Z5VjRAbaJZs4gsXGqtnL
3639,aapp_competition_test,0,5131,4210,0,C:\Users\durgamaniryudh\Desktop\Learn\testing_evals\test\aapp_competition_test\3639\3639_gen_0.sv,xiaomi/mimo-v2-flash:free,stop,,gen-1769167033-6kqBAAJNVM6tXLj0Fn7x
3041,aapp_competition_test,0,4660,3372,0,C:\Users\durgamaniryudh\Desktop\Learn\testing_evals\test\aapp_competition_test\3041\3041_gen_0.sv,xiaomi/mimo-v2-flash:free,stop,,gen-1769167054-Xhagbdh5V8wkW9NdgUum
3042,aapp_competition_test,0,4263,3337,0,C:\Users\durgamaniryudh\Desktop\Learn\testing_evals\test\aapp_competition_test\3042\3042_gen_0.sv,xiaomi/mimo-v2-flash:free,stop,,gen-1769167039-b7MxU7U6EWvPPLU6cPs7
3646,aapp_competition_test,0,4319,1990,0,C:\Users\durgamaniryudh\Desktop\Learn\testing_evals\test\aapp_competition_test\3646\3646_gen_0.sv,xiaomi/mimo-v2-flash:free,stop,,gen-1769167071-Xprr4vXDckVmoJA3ds6O
3045,aapp_competition_test,0,4477,3331,0,C:\Users\durgamaniryudh\Desktop\Learn\testing_evals\test\aapp_competition_test\3045\3045_gen_0.sv,xiaomi/mimo-v2-flash:free,stop,,gen-1769167076-gcvLrs4WFJoVLm7wdQ9w
3620,aapp_competition_test,0,4080,3222,0,C:\Users\durgamaniryudh\Desktop\Learn\testing_evals\test\aapp_competition_test\3620\3620_gen_0.sv,xiaomi/mimo-v2-flash:free,stop,,gen-1769167087-fo9XV8thW05MJnFaJoCj
3304,aapp_competition_test,0,4311,1490,0,C:\Users\durgamaniryudh\Desktop\Learn\testing_evals\test\aapp_competition_test\3304\3304_gen_0.sv,xiaomi/mimo-v2-flash:free,stop,,gen-1769167104-Hc5AN0uotgucMqhTcKIN
3291,aapp_competition_test,0,4514,2738,0,C:\Users\durgamaniryudh\Desktop\Learn\testing_evals\test\aapp_competition_test\3291\3291_gen_0.sv,xiaomi/mimo-v2-flash:free,stop,,gen-1769167083-r82ww1mU7rYhw1uPQ7IL
3038,aapp_competition_test,0,4482,8380,0,C:\Users\durgamaniryudh\Desktop\Learn\testing_evals\test\aapp_competition_test\3038\3038_gen_0.sv,xiaomi/mimo-v2-flash:free,stop,,gen-1769166971-LcBsihBo2vRpJKnxjVF3
3311,aapp_competition_test,0,5657,9767,0,C:\Users\durgamaniryudh\Desktop\Learn\testing_evals\test\aapp_competition_test\3311\3311_gen_0.sv,xiaomi/mimo-v2-flash:free,stop,,gen-1769167046-voUMFPMc97Xybh0BJtkp
3644,aapp_competition_test,0,4750,2093,0,C:\Users\durgamaniryudh\Desktop\Learn\testing_evals\test\aapp_competition_test\3644\3644_gen_0.sv,xiaomi/mimo-v2-flash:free,stop,,gen-1769167118-XRW34c8wfSLerEFPu8dN
3292,aapp_competition_test,0,4640,10065,0,C:\Users\durgamaniryudh\Desktop\Learn\testing_evals\test\aapp_competition_test\3292\3292_gen_0.sv,xiaomi/mimo-v2-flash:free,stop,,gen-1769167028-zVZe5aBnVpTB6R0fhUhQ
3315,aapp_competition_test,0,4341,1845,0,C:\Users\durgamaniryudh\Desktop\Learn\testing_evals\test\aapp_competition_test\3315\3315_gen_0.sv,xiaomi/mimo-v2-flash:free,stop,,gen-1769167122-ppakjrjSPwkqPK9aJfbT
3001,aapp_competition_test,0,5238,3258,0,C:\Users\durgamaniryudh\Desktop\Learn\testing_evals\test\aapp_competition_test\3001\3001_gen_0.sv,xiaomi/mimo-v2-flash:free,stop,,gen-1769167094-uIHmjckEFCrEWXuPvDb8
3323,aapp_competition_test,0,4661,2222,0,C:\Users\durgamaniryudh\Desktop\Learn\testing_evals\test\aapp_competition_test\3323\3323_gen_0.sv,xiaomi/mimo-v2-flash:free,stop,,gen-1769167140-KbYzSBK5uE8IhSuXFPRB
3051,aapp_competition_test,0,4351,1480,0,C:\Users\durgamaniryudh\Desktop\Learn\testing_evals\test\aapp_competition_test\3051\3051_gen_0.sv,xiaomi/mimo-v2-flash:free,stop,,gen-1769167135-ZQAR0IafBDL6uVMx2J0m
3046,aapp_competition_test,0,4753,4135,0,C:\Users\durgamaniryudh\Desktop\Learn\testing_evals\test\aapp_competition_test\3046\3046_gen_0.sv,xiaomi/mimo-v2-flash:free,stop,,gen-1769167120-cMrkVVSjg8n9Qrn1xaBH
3326,aapp_competition_test,0,4214,2718,0,C:\Users\durgamaniryudh\Desktop\Learn\testing_evals\test\aapp_competition_test\3326\3326_gen_0.sv,xiaomi/mimo-v2-flash:free,stop,,gen-1769167156-9GKO5by8nHND3vfid9Ki
3037,aapp_competition_test,0,4343,3445,0,C:\Users\durgamaniryudh\Desktop\Learn\testing_evals\test\aapp_competition_test\3037\3037_gen_0.sv,xiaomi/mimo-v2-flash:free,stop,,gen-1769167156-6w0m5Lj5KEN8DsR1zBco
3649,aapp_competition_test,0,4088,7976,0,C:\Users\durgamaniryudh\Desktop\Learn\testing_evals\test\aapp_competition_test\3649\3649_gen_0.sv,xiaomi/mimo-v2-flash:free,stop,,gen-1769167130-iTdlpCkks0ZuHRjSqqAk
3048,aapp_competition_test,0,4123,1801,0,C:\Users\durgamaniryudh\Desktop\Learn\testing_evals\test\aapp_competition_test\3048\3048_gen_0.sv,xiaomi/mimo-v2-flash:free,stop,,gen-1769167171-PIj0Uxj0y9D1zNTh1Ecn
3321,aapp_competition_test,0,4631,2259,0,C:\Users\durgamaniryudh\Desktop\Learn\testing_evals\test\aapp_competition_test\3321\3321_gen_0.sv,xiaomi/mimo-v2-flash:free,stop,,gen-1769167172-DRdKSFLSwfDwyhERsf3N
3316,aapp_competition_test,0,4740,13891,0,C:\Users\durgamaniryudh\Desktop\Learn\testing_evals\test\aapp_competition_test\3316\3316_gen_0.sv,xiaomi/mimo-v2-flash:free,stop,,gen-1769167063-H1sO6BTZdwhRSNSIz1HN
3637,aapp_competition_test,0,4327,2518,0,C:\Users\durgamaniryudh\Desktop\Learn\testing_evals\test\aapp_competition_test\3637\3637_gen_0.sv,xiaomi/mimo-v2-flash:free,stop,,gen-1769167160-cV17bFAPDR6PZ1BTzJyy
3650,aapp_competition_test,0,4487,2101,0,C:\Users\durgamaniryudh\Desktop\Learn\testing_evals\test\aapp_competition_test\3650\3650_gen_0.sv,xiaomi/mimo-v2-flash:free,stop,,gen-1769167180-siSUJIgauBwclNxgeazX
3657,aapp_competition_test,0,4186,1946,0,C:\Users\durgamaniryudh\Desktop\Learn\testing_evals\test\aapp_competition_test\3657\3657_gen_0.sv,xiaomi/mimo-v2-flash:free,stop,,gen-1769167199-LbWaem8ZoGYSR9q4qZMO
3648,aapp_competition_test,0,4639,2182,0,C:\Users\durgamaniryudh\Desktop\Learn\testing_evals\test\aapp_competition_test\3648\3648_gen_0.sv,xiaomi/mimo-v2-flash:free,stop,,gen-1769167196-Br3ekElWAjWClTqfcuaI
3635,aapp_competition_test,0,4382,5615,0,C:\Users\durgamaniryudh\Desktop\Learn\testing_evals\test\aapp_competition_test\3635\3635_gen_0.sv,xiaomi/mimo-v2-flash:free,stop,,gen-1769167144-yjkusqWMH6LZ9lcmgUOK
3050,aapp_competition_test,0,4705,2528,0,C:\Users\durgamaniryudh\Desktop\Learn\testing_evals\test\aapp_competition_test\3050\3050_gen_0.sv,xiaomi/mimo-v2-flash:free,stop,,gen-1769167201-NRxDNNmw1eFdkg12mgmm
3324,aapp_competition_test,0,4692,5891,0,C:\Users\durgamaniryudh\Desktop\Learn\testing_evals\test\aapp_competition_test\3324\3324_gen_0.sv,xiaomi/mimo-v2-flash:free,stop,,gen-1769167198-yWIStQFLfmd9sSsw8CIK
3319,aapp_competition_test,0,4574,7052,0,C:\Users\durgamaniryudh\Desktop\Learn\testing_evals\test\aapp_competition_test\3319\3319_gen_0.sv,xiaomi/mimo-v2-flash:free,stop,,gen-1769167191-PWNbmbbSXU6hB06iViWP
3656,aapp_competition_test,0,5842,1904,0,C:\Users\durgamaniryudh\Desktop\Learn\testing_evals\test\aapp_competition_test\3656\3656_gen_0.sv,xiaomi/mimo-v2-flash:free,stop,,gen-1769167252-cMCOK867u6FepkqFWKoc
3329,aapp_competition_test,0,4491,5590,0,C:\Users\durgamaniryudh\Desktop\Learn\testing_evals\test\aapp_competition_test\3329\3329_gen_0.sv,xiaomi/mimo-v2-flash:free,stop,,gen-1769167233-9I3ynmuXLrV6JZxaXAGX
3659,aapp_competition_test,0,4623,7020,0,C:\Users\durgamaniryudh\Desktop\Learn\testing_evals\test\aapp_competition_test\3659\3659_gen_0.sv,xiaomi/mimo-v2-flash:free,stop,,gen-1769167220-wORsQu29b7ug68YBHskv
3330,aapp_competition_test,0,4399,2966,0,C:\Users\durgamaniryudh\Desktop\Learn\testing_evals\test\aapp_competition_test\3330\3330_gen_0.sv,xiaomi/mimo-v2-flash:free,stop,,gen-1769167271-fZGuPxNmCz8rG9X8VLC8
3057,aapp_competition_test,0,4511,4235,0,C:\Users\durgamaniryudh\Desktop\Learn\testing_evals\test\aapp_competition_test\3057\3057_gen_0.sv,xiaomi/mimo-v2-flash:free,stop,,gen-1769167265-GNZN9OqY0qDGRmwZpPZG
3052,aapp_competition_test,0,5048,6488,0,C:\Users\durgamaniryudh\Desktop\Learn\testing_evals\test\aapp_competition_test\3052\3052_gen_0.sv,xiaomi/mimo-v2-flash:free,stop,,gen-1769167233-hclIoHJD17ET38QC7mPp
3059,aapp_competition_test,0,4731,2504,0,C:\Users\durgamaniryudh\Desktop\Learn\testing_evals\test\aapp_competition_test\3059\3059_gen_0.sv,xiaomi/mimo-v2-flash:free,stop,,gen-1769167300-BpLsZYF0921keqGPfNup
3036,aapp_competition_test,0,4779,27186,0,C:\Users\durgamaniryudh\Desktop\Learn\testing_evals\test\aapp_competition_test\3036\3036_gen_0.sv,xiaomi/mimo-v2-flash:free,stop,,gen-1769166994-1qt4iYe8kLNs5FGbOWbE
3044,aapp_competition_test,0,4814,5598,0,C:\Users\durgamaniryudh\Desktop\Learn\testing_evals\test\aapp_competition_test\3044\3044_gen_0.sv,xiaomi/mimo-v2-flash:free,stop,,gen-1769167290-8D8zzEi4dOwKrkVbq1Ms
3322,aapp_competition_test,0,4585,12649,0,C:\Users\durgamaniryudh\Desktop\Learn\testing_evals\test\aapp_competition_test\3322\3322_gen_0.sv,xiaomi/mimo-v2-flash:free,stop,,gen-1769167218-bYffNegosk4fpbU5adPY
3652,aapp_competition_test,0,4444,1788,0,C:\Users\durgamaniryudh\Desktop\Learn\testing_evals\test\aapp_competition_test\3652\3652_gen_0.sv,xiaomi/mimo-v2-flash:free,stop,,gen-1769167286-FxrZ4JlYEp6YtNQ7U3Ih
3658,aapp_competition_test,0,4568,5572,0,C:\Users\durgamaniryudh\Desktop\Learn\testing_evals\test\aapp_competition_test\3658\3658_gen_0.sv,xiaomi/mimo-v2-flash:free,stop,,gen-1769167298-PTJDeRDnBvt9ybQOEHt7
3318,aapp_competition_test,0,4804,1697,0,C:\Users\durgamaniryudh\Desktop\Learn\testing_evals\test\aapp_competition_test\3318\3318_gen_0.sv,xiaomi/mimo-v2-flash:free,stop,,gen-1769167343-2Q2bthfGebzN810KXpWy
3320,aapp_competition_test,0,4728,2918,0,C:\Users\durgamaniryudh\Desktop\Learn\testing_evals\test\aapp_competition_test\3320\3320_gen_0.sv,xiaomi/mimo-v2-flash:free,stop,,gen-1769167323-EOIbo9L64cX393tYn0x5
3053,aapp_competition_test,0,4179,1840,0,C:\Users\durgamaniryudh\Desktop\Learn\testing_evals\test\aapp_competition_test\3053\3053_gen_0.sv,xiaomi/mimo-v2-flash:free,stop,,gen-1769167348-LJiY8Gx0aAYFMKlU9WeC
3664,aapp_competition_test,0,4565,1927,0,C:\Users\durgamaniryudh\Desktop\Learn\testing_evals\test\aapp_competition_test\3664\3664_gen_0.sv,xiaomi/mimo-v2-flash:free,stop,,gen-1769167347-MMctTBc6seXdAHZmTpXW
3331,aapp_competition_test,0,4378,3108,0,C:\Users\durgamaniryudh\Desktop\Learn\testing_evals\test\aapp_competition_test\3331\3331_gen_0.sv,xiaomi/mimo-v2-flash:free,stop,,gen-1769167296-tMzmiCr7gfG4pAY9NlsH
3660,aapp_competition_test,0,4899,3957,0,C:\Users\durgamaniryudh\Desktop\Learn\testing_evals\test\aapp_competition_test\3660\3660_gen_0.sv,xiaomi/mimo-v2-flash:free,stop,,gen-1769167329-zfQ9eDgLDhVmgELhLQFk
3071,aapp_competition_test,0,4375,12767,0,C:\Users\durgamaniryudh\Desktop\Learn\testing_evals\test\aapp_competition_test\3071\3071_gen_0.sv,xiaomi/mimo-v2-flash:free,stop,,gen-1769167198-Z4v6lOJbfIYXG9OGg7Yq
3058,aapp_competition_test,0,4586,3948,0,C:\Users\durgamaniryudh\Desktop\Learn\testing_evals\test\aapp_competition_test\3058\3058_gen_0.sv,xiaomi/mimo-v2-flash:free,stop,,gen-1769167341-jvueA4SMA93n8NeyxV8Y
3332,aapp_competition_test,0,4395,1733,0,C:\Users\durgamaniryudh\Desktop\Learn\testing_evals\test\aapp_competition_test\3332\3332_gen_0.sv,xiaomi/mimo-v2-flash:free,stop,,gen-1769167367-yImZwy1HYcF2xT7jOX2U
3661,aapp_competition_test,0,4515,2272,0,C:\Users\durgamaniryudh\Desktop\Learn\testing_evals\test\aapp_competition_test\3661\3661_gen_0.sv,xiaomi/mimo-v2-flash:free,stop,,gen-1769167364-mi9bc0ApzbvH2jRdDhMH
3335,aapp_competition_test,0,4158,1164,0,C:\Users\durgamaniryudh\Desktop\Learn\testing_evals\test\aapp_competition_test\3335\3335_gen_0.sv,xiaomi/mimo-v2-flash:free,stop,,gen-1769167361-yDzNfM70JNKTK1bqDabb
3056,aapp_competition_test,0,4295,1336,0,C:\Users\durgamaniryudh\Desktop\Learn\testing_evals\test\aapp_competition_test\3056\3056_gen_0.sv,xiaomi/mimo-v2-flash:free,stop,,gen-1769167370-2MMF7cLp4yZPboDIH3ib
3663,aapp_competition_test,0,4289,1528,0,C:\Users\durgamaniryudh\Desktop\Learn\testing_evals\test\aapp_competition_test\3663\3663_gen_0.sv,xiaomi/mimo-v2-flash:free,stop,,gen-1769167369-lbaMLhZizApkb33ayf1s
3063,aapp_competition_test,0,4274,1785,0,C:\Users\durgamaniryudh\Desktop\Learn\testing_evals\test\aapp_competition_test\3063\3063_gen_0.sv,xiaomi/mimo-v2-flash:free,stop,,gen-1769167366-PNougFTMwDDuDALstOeZ
3666,aapp_competition_test,0,4543,3092,0,C:\Users\durgamaniryudh\Desktop\Learn\testing_evals\test\aapp_competition_test\3666\3666_gen_0.sv,xiaomi/mimo-v2-flash:free,stop,,gen-1769167376-JYaa2XDcYq5kcCqgrECR
3338,aapp_competition_test,0,4623,3029,0,C:\Users\durgamaniryudh\Desktop\Learn\testing_evals\test\aapp_competition_test\3338\3338_gen_0.sv,xiaomi/mimo-v2-flash:free,stop,,gen-1769167386-URNHLYGF2QoBvIVGjZZX
3064,aapp_competition_test,0,4393,2550,0,C:\Users\durgamaniryudh\Desktop\Learn\testing_evals\test\aapp_competition_test\3064\3064_gen_0.sv,xiaomi/mimo-v2-flash:free,stop,,gen-1769167385-BRH9WULYlqIgJZDUl4rG
3673,aapp_competition_test,0,4240,2423,0,C:\Users\durgamaniryudh\Desktop\Learn\testing_evals\test\aapp_competition_test\3673\3673_gen_0.sv,xiaomi/mimo-v2-flash:free,stop,,gen-1769167400-Bf1UwhrVtWiYagZNe7nh
3062,aapp_competition_test,0,4469,3461,0,C:\Users\durgamaniryudh\Desktop\Learn\testing_evals\test\aapp_competition_test\3062\3062_gen_0.sv,xiaomi/mimo-v2-flash:free,stop,,gen-1769167389-zoRNgK5FWtJL57koPxm3
3667,aapp_competition_test,0,4678,4549,0,C:\Users\durgamaniryudh\Desktop\Learn\testing_evals\test\aapp_competition_test\3667\3667_gen_0.sv,xiaomi/mimo-v2-flash:free,stop,,gen-1769167387-OSj5mDTePQpz8uKGcBwZ
3339,aapp_competition_test,0,4326,2655,0,C:\Users\durgamaniryudh\Desktop\Learn\testing_evals\test\aapp_competition_test\3339\3339_gen_0.sv,xiaomi/mimo-v2-flash:free,stop,,gen-1769167395-hV8yXxVvYX1uydhqom56
3028,aapp_competition_test,0,4673,65536,0,C:\Users\durgamaniryudh\Desktop\Learn\testing_evals\test\aapp_competition_test\3028\3028_gen_0.sv,xiaomi/mimo-v2-flash:free,length,,gen-1769166807-6VTUcYMr7Q8r0U1woOLy
3070,aapp_competition_test,0,5124,1760,0,C:\Users\durgamaniryudh\Desktop\Learn\testing_evals\test\aapp_competition_test\3070\3070_gen_0.sv,xiaomi/mimo-v2-flash:free,stop,,gen-1769167424-SVBSTVOV9z8E2dfZe9xD
3670,aapp_competition_test,0,4471,2477,0,C:\Users\durgamaniryudh\Desktop\Learn\testing_evals\test\aapp_competition_test\3670\3670_gen_0.sv,xiaomi/mimo-v2-flash:free,stop,,gen-1769167422-OkwKdEHJn61Cu5lg9nXC
3672,aapp_competition_test,0,4388,1639,0,C:\Users\durgamaniryudh\Desktop\Learn\testing_evals\test\aapp_competition_test\3672\3672_gen_0.sv,xiaomi/mimo-v2-flash:free,stop,,gen-1769167427-sguDoWABxu9ZobN07EUM
3047,aapp_competition_test,0,4397,18879,0,C:\Users\durgamaniryudh\Desktop\Learn\testing_evals\test\aapp_competition_test\3047\3047_gen_0.sv,xiaomi/mimo-v2-flash:free,stop,,gen-1769167184-6RXwgaLois2LJzbB8ADQ
3328,aapp_competition_test,0,4530,3238,0,C:\Users\durgamaniryudh\Desktop\Learn\testing_evals\test\aapp_competition_test\3328\3328_gen_0.sv,xiaomi/mimo-v2-flash:free,stop,,gen-1769167412-qGkARsB6Jc5idak36v8q
3327,aapp_competition_test,0,4803,3658,0,C:\Users\durgamaniryudh\Desktop\Learn\testing_evals\test\aapp_competition_test\3327\3327_gen_0.sv,xiaomi/mimo-v2-flash:free,stop,,gen-1769167430-U2qDXbxTcauOYYRsyhOW
3671,aapp_competition_test,0,4638,2662,0,C:\Users\durgamaniryudh\Desktop\Learn\testing_evals\test\aapp_competition_test\3671\3671_gen_0.sv,xiaomi/mimo-v2-flash:free,stop,,gen-1769167440-THdOwipFr2VEqZe2KZFz
3336,aapp_competition_test,0,4685,1874,0,C:\Users\durgamaniryudh\Desktop\Learn\testing_evals\test\aapp_competition_test\3336\3336_gen_0.sv,xiaomi/mimo-v2-flash:free,stop,,gen-1769167427-RplarH7C880SnNlmnYxb
3067,aapp_competition_test,0,4620,3108,0,C:\Users\durgamaniryudh\Desktop\Learn\testing_evals\test\aapp_competition_test\3067\3067_gen_0.sv,xiaomi/mimo-v2-flash:free,stop,,gen-1769167448-AFpRSvJuJYEv5IGbHSob
3677,aapp_competition_test,0,4400,2181,0,C:\Users\durgamaniryudh\Desktop\Learn\testing_evals\test\aapp_competition_test\3677\3677_gen_0.sv,xiaomi/mimo-v2-flash:free,stop,,gen-1769167455-VBQK8iVXMnwD4uO7MnfQ
3343,aapp_competition_test,0,4572,3506,0,C:\Users\durgamaniryudh\Desktop\Learn\testing_evals\test\aapp_competition_test\3343\3343_gen_0.sv,xiaomi/mimo-v2-flash:free,stop,,gen-1769167449-tCz9bY2k1yxaiYvbXsuk
3346,aapp_competition_test,0,4436,2263,0,C:\Users\durgamaniryudh\Desktop\Learn\testing_evals\test\aapp_competition_test\3346\3346_gen_0.sv,xiaomi/mimo-v2-flash:free,stop,,gen-1769167462-4MmQiDr7KBEpxLUcnr78
3679,aapp_competition_test,0,4919,990,0,C:\Users\durgamaniryudh\Desktop\Learn\testing_evals\test\aapp_competition_test\3679\3679_gen_0.sv,xiaomi/mimo-v2-flash:free,stop,,gen-1769167477-oXXLIxfXvtaVJm5kT19Y
3676,aapp_competition_test,0,4335,2061,0,C:\Users\durgamaniryudh\Desktop\Learn\testing_evals\test\aapp_competition_test\3676\3676_gen_0.sv,xiaomi/mimo-v2-flash:free,stop,,gen-1769167463-Y9BQdJ8N549OfG7HzHuR
3074,aapp_competition_test,0,4575,2248,0,C:\Users\durgamaniryudh\Desktop\Learn\testing_evals\test\aapp_competition_test\3074\3074_gen_0.sv,xiaomi/mimo-v2-flash:free,stop,,gen-1769167478-86k22PrAkuh7L0ugFmLP
3347,aapp_competition_test,0,4556,1858,0,C:\Users\durgamaniryudh\Desktop\Learn\testing_evals\test\aapp_competition_test\3347\3347_gen_0.sv,xiaomi/mimo-v2-flash:free,stop,,gen-1769167474-wCnUq068mNgqv5jo1rom
3072,aapp_competition_test,0,4180,3894,0,C:\Users\durgamaniryudh\Desktop\Learn\testing_evals\test\aapp_competition_test\3072\3072_gen_0.sv,xiaomi/mimo-v2-flash:free,stop,,gen-1769167470-Z1K6urn1uoCcHFKpnhp1
3880,aapp_competition_test,0,4749,1339,0,C:\Users\durgamaniryudh\Desktop\Learn\testing_evals\test\aapp_competition_test\3880\3880_gen_0.sv,xiaomi/mimo-v2-flash:free,stop,,gen-1769167491-yQYJ1ZVG7JMFPAo3SzPY
3257,aapp_competition_test,0,4443,3293,0,C:\Users\durgamaniryudh\Desktop\Learn\testing_evals\test\aapp_competition_test\3257\3257_gen_0.sv,xiaomi/mimo-v2-flash:free,stop,,gen-1769167482-rE4sM8LlX5g6ePmxuNW8
3325,aapp_competition_test,0,4279,14225,0,C:\Users\durgamaniryudh\Desktop\Learn\testing_evals\test\aapp_competition_test\3325\3325_gen_0.sv,xiaomi/mimo-v2-flash:free,stop,,gen-1769167374-W6cK4JbYoHM6Rr0ArQfd
3773,aapp_competition_test,0,4376,2413,0,C:\Users\durgamaniryudh\Desktop\Learn\testing_evals\test\aapp_competition_test\3773\3773_gen_0.sv,xiaomi/mimo-v2-flash:free,stop,,gen-1769167490-3C1xDwXJw5SGGnOjRNBK
300,mbpp_test,0,4259,1362,0,C:\Users\durgamaniryudh\Desktop\Learn\testing_evals\test\mbpp_test\300\300_gen_0.sv,xiaomi/mimo-v2-flash:free,stop,,gen-1769167503-S7TIUpFUh76uxtbQmMsa
3260,aapp_competition_test,0,4278,2391,0,C:\Users\durgamaniryudh\Desktop\Learn\testing_evals\test\aapp_competition_test\3260\3260_gen_0.sv,xiaomi/mimo-v2-flash:free,stop,,gen-1769167504-WEHZSCBd04v3oGawJzj5
398,mbpp_test,0,4679,1128,0,C:\Users\durgamaniryudh\Desktop\Learn\testing_evals\test\mbpp_test\398\398_gen_0.sv,xiaomi/mimo-v2-flash:free,stop,,gen-1769167519-JbuyVtsZEDYRWc7siyMF
3975,aapp_competition_test,0,5054,3118,0,C:\Users\durgamaniryudh\Desktop\Learn\testing_evals\test\aapp_competition_test\3975\3975_gen_0.sv,xiaomi/mimo-v2-flash:free,stop,,gen-1769167500-OqvigpA7H4ipTc6tKtQU
3054,aapp_competition_test,0,4587,6517,0,C:\Users\durgamaniryudh\Desktop\Learn\testing_evals\test\aapp_competition_test\3054\3054_gen_0.sv,xiaomi/mimo-v2-flash:free,stop,,gen-1769167458-yqxfgXIawBLULnEPXC0N
3261,aapp_competition_test,0,4361,1086,0,C:\Users\durgamaniryudh\Desktop\Learn\testing_evals\test\aapp_competition_test\3261\3261_gen_0.sv,xiaomi/mimo-v2-flash:free,stop,,gen-1769167529-XUm0FVE5HOr0F8N86hro
3076,aapp_competition_test,0,4620,2836,0,C:\Users\durgamaniryudh\Desktop\Learn\testing_evals\test\aapp_competition_test\3076\3076_gen_0.sv,xiaomi/mimo-v2-flash:free,stop,,gen-1769167503-ANNkrL7EL5St8r5YBJxg
3079,aapp_competition_test,0,4264,1652,0,C:\Users\durgamaniryudh\Desktop\Learn\testing_evals\test\aapp_competition_test\3079\3079_gen_0.sv,xiaomi/mimo-v2-flash:free,stop,,gen-1769167526-nQUF7dSgdhCdqMBL7hYf
3775,aapp_competition_test,0,4604,3484,0,C:\Users\durgamaniryudh\Desktop\Learn\testing_evals\test\aapp_competition_test\3775\3775_gen_0.sv,xiaomi/mimo-v2-flash:free,stop,,gen-1769167516-YeWz85NYjEiM7jcqWonQ
399,mbpp_test,0,4245,229,0,C:\Users\durgamaniryudh\Desktop\Learn\testing_evals\test\mbpp_test\399\399_gen_0.sv,xiaomi/mimo-v2-flash:free,stop,,gen-1769167541-gbeXOtgvvTBKEeBW18TU
3984,aapp_competition_test,0,4807,861,0,C:\Users\durgamaniryudh\Desktop\Learn\testing_evals\test\aapp_competition_test\3984\3984_gen_0.sv,xiaomi/mimo-v2-flash:free,stop,,gen-1769167540-Twu7j2C4pMePT4uFSAVh
277,mbpp_test,0,4398,1234,0,C:\Users\durgamaniryudh\Desktop\Learn\testing_evals\test\mbpp_test\277\277_gen_0.sv,xiaomi/mimo-v2-flash:free,stop,,gen-1769167540-rAOv6ekRrlRxIi5kwGSy
3778,aapp_competition_test,0,4655,2860,0,C:\Users\durgamaniryudh\Desktop\Learn\testing_evals\test\aapp_competition_test\3778\3778_gen_0.sv,xiaomi/mimo-v2-flash:free,stop,,gen-1769167531-isYMZ8AYYPWo7ibzurzx
3886,aapp_competition_test,0,4689,5012,0,C:\Users\durgamaniryudh\Desktop\Learn\testing_evals\test\aapp_competition_test\3886\3886_gen_0.sv,xiaomi/mimo-v2-flash:free,stop,,gen-1769167518-ZL8NMcIAbeM0nNLTw23d
3066,aapp_competition_test,0,4706,16658,0,C:\Users\durgamaniryudh\Desktop\Learn\testing_evals\test\aapp_competition_test\3066\3066_gen_0.sv,xiaomi/mimo-v2-flash:free,stop,,gen-1769167405-dA12FfObaEebpb6X7SB8
3987,aapp_competition_test,0,4480,1264,0,C:\Users\durgamaniryudh\Desktop\Learn\testing_evals\test\aapp_competition_test\3987\3987_gen_0.sv,xiaomi/mimo-v2-flash:free,stop,,gen-1769167556-hEzHqNv7rrtUPfrHAS42
3256,aapp_competition_test,0,4552,1739,0,C:\Users\durgamaniryudh\Desktop\Learn\testing_evals\test\aapp_competition_test\3256\3256_gen_0.sv,xiaomi/mimo-v2-flash:free,stop,,gen-1769167549-p4biyQM5E9lv1K3HZecX
139,mbpp_test,0,4530,574,0,C:\Users\durgamaniryudh\Desktop\Learn\testing_evals\test\mbpp_test\139\139_gen_0.sv,xiaomi/mimo-v2-flash:free,stop,,gen-1769167565-OnOyQjCJGkOC2WFqnOyZ
3889,aapp_competition_test,0,4282,1933,0,C:\Users\durgamaniryudh\Desktop\Learn\testing_evals\test\aapp_competition_test\3889\3889_gen_0.sv,xiaomi/mimo-v2-flash:free,stop,,gen-1769167554-ekUB4t9WKm57bTNIqhTD
3885,aapp_competition_test,0,4399,393,0,C:\Users\durgamaniryudh\Desktop\Learn\testing_evals\test\aapp_competition_test\3885\3885_gen_0.sv,xiaomi/mimo-v2-flash:free,stop,,gen-1769167576-iQWMgiFmisWzxd4zOlMm
3073,aapp_competition_test,0,5151,3560,0,C:\Users\durgamaniryudh\Desktop\Learn\testing_evals\test\aapp_competition_test\3073\3073_gen_0.sv,xiaomi/mimo-v2-flash:free,stop,,gen-1769167547-swicTnW2v0py2eE4FdDW
3069,aapp_competition_test,0,4305,1235,0,C:\Users\durgamaniryudh\Desktop\Learn\testing_evals\test\aapp_competition_test\3069\3069_gen_0.sv,xiaomi/mimo-v2-flash:free,stop,,gen-1769167567-fmrB9vbhcoNcj0BSvvC9
3237,aapp_competition_test,0,4708,1680,0,C:\Users\durgamaniryudh\Desktop\Learn\testing_evals\test\aapp_competition_test\3237\3237_gen_0.sv,xiaomi/mimo-v2-flash:free,stop,,gen-1769167567-6l7KWz8s8SQkJxrU8LqI
3769,aapp_competition_test,0,4483,1801,0,C:\Users\durgamaniryudh\Desktop\Learn\testing_evals\test\aapp_competition_test\3769\3769_gen_0.sv,xiaomi/mimo-v2-flash:free,stop,,gen-1769167553-7UzGeK8XvU9Tzcc81cHC
3979,aapp_competition_test,0,4578,3628,0,C:\Users\durgamaniryudh\Desktop\Learn\testing_evals\test\aapp_competition_test\3979\3979_gen_0.sv,xiaomi/mimo-v2-flash:free,stop,,gen-1769167518-tza5eKzoIFrrVSFbpRC1
140,mbpp_test,0,4435,1403,0,C:\Users\durgamaniryudh\Desktop\Learn\testing_evals\test\mbpp_test\140\140_gen_0.sv,xiaomi/mimo-v2-flash:free,stop,,gen-1769167580-fR8ZDq3BFUQsaHZEQH2u
3878,aapp_competition_test,0,4700,3561,0,C:\Users\durgamaniryudh\Desktop\Learn\testing_evals\test\aapp_competition_test\3878\3878_gen_0.sv,xiaomi/mimo-v2-flash:free,stop,,gen-1769167539-266QUGxvBb3eAQCrA3Tk
3981,aapp_competition_test,0,4372,2789,0,C:\Users\durgamaniryudh\Desktop\Learn\testing_evals\test\aapp_competition_test\3981\3981_gen_0.sv,xiaomi/mimo-v2-flash:free,stop,,gen-1769167577-LTnfL4zpcXKkRczfudjL
3776,aapp_competition_test,0,4911,1902,0,C:\Users\durgamaniryudh\Desktop\Learn\testing_evals\test\aapp_competition_test\3776\3776_gen_0.sv,xiaomi/mimo-v2-flash:free,stop,,gen-1769167585-yiQGrVJvEQ3SfWtb6XtC
3891,aapp_competition_test,0,4523,2110,0,C:\Users\durgamaniryudh\Desktop\Learn\testing_evals\test\aapp_competition_test\3891\3891_gen_0.sv,xiaomi/mimo-v2-flash:free,stop,,gen-1769167588-PGYuPiwfSWujfVOWg1PZ
3259,aapp_competition_test,0,4686,1378,0,C:\Users\durgamaniryudh\Desktop\Learn\testing_evals\test\aapp_competition_test\3259\3259_gen_0.sv,xiaomi/mimo-v2-flash:free,stop,,gen-1769167602-Y91w3AhOAM5AsHpSSNpX
301,mbpp_test,0,4546,2082,0,C:\Users\durgamaniryudh\Desktop\Learn\testing_evals\test\mbpp_test\301\301_gen_0.sv,xiaomi/mimo-v2-flash:free,stop,,gen-1769167595-y7pI4Ob9IJFcigsgJnK7
3779,aapp_competition_test,0,4455,1981,0,C:\Users\durgamaniryudh\Desktop\Learn\testing_evals\test\aapp_competition_test\3779\3779_gen_0.sv,xiaomi/mimo-v2-flash:free,stop,,gen-1769167574-vudr5rg2M1ZiS0g8qRDH
3083,aapp_competition_test,0,4387,1942,0,C:\Users\durgamaniryudh\Desktop\Learn\testing_evals\test\aapp_competition_test\3083\3083_gen_0.sv,xiaomi/mimo-v2-flash:free,stop,,gen-1769167581-feBpGZU70Gik3XkBhrB2
3258,aapp_competition_test,0,4578,3140,0,C:\Users\durgamaniryudh\Desktop\Learn\testing_evals\test\aapp_competition_test\3258\3258_gen_0.sv,xiaomi/mimo-v2-flash:free,stop,,gen-1769167584-p4ReNYiVbqIYgPzca0EC
3084,aapp_competition_test,0,4386,3673,0,C:\Users\durgamaniryudh\Desktop\Learn\testing_evals\test\aapp_competition_test\3084\3084_gen_0.sv,xiaomi/mimo-v2-flash:free,stop,,gen-1769167596-5KPWentiR3pcuybzuJ99
3890,aapp_competition_test,0,4277,1730,0,C:\Users\durgamaniryudh\Desktop\Learn\testing_evals\test\aapp_competition_test\3890\3890_gen_0.sv,xiaomi/mimo-v2-flash:free,stop,,gen-1769167604-CE7hw9Skbez8hAua4cGc
115,mbpp_test,0,4531,998,0,C:\Users\durgamaniryudh\Desktop\Learn\testing_evals\test\mbpp_test\115\115_gen_0.sv,xiaomi/mimo-v2-flash:free,stop,,gen-1769167616-IMrf9hnPPky3eibVgN3Y
3986,aapp_competition_test,0,4512,1744,0,C:\Users\durgamaniryudh\Desktop\Learn\testing_evals\test\aapp_competition_test\3986\3986_gen_0.sv,xiaomi/mimo-v2-flash:free,stop,,gen-1769167592-rgwvBLuSOQPnEsrk1Mnp
3780,aapp_competition_test,0,4430,1980,0,C:\Users\durgamaniryudh\Desktop\Learn\testing_evals\test\aapp_competition_test\3780\3780_gen_0.sv,xiaomi/mimo-v2-flash:free,stop,,gen-1769167602-rCLhxGRMqqxLlu5yPRrm
3266,aapp_competition_test,0,4275,1818,0,C:\Users\durgamaniryudh\Desktop\Learn\testing_evals\test\aapp_competition_test\3266\3266_gen_0.sv,xiaomi/mimo-v2-flash:free,stop,,gen-1769167622-6rUObz29zPVHTAQS7ZTu
3991,aapp_competition_test,0,4367,2719,0,C:\Users\durgamaniryudh\Desktop\Learn\testing_evals\test\aapp_competition_test\3991\3991_gen_0.sv,xiaomi/mimo-v2-flash:free,stop,,gen-1769167615-kWgBSTjMNlEACcXbCJwy
3892,aapp_competition_test,0,4490,1791,0,C:\Users\durgamaniryudh\Desktop\Learn\testing_evals\test\aapp_competition_test\3892\3892_gen_0.sv,xiaomi/mimo-v2-flash:free,stop,,gen-1769167626-FKSydpQsQI8CkTelp9OS
3078,aapp_competition_test,0,4486,1636,0,C:\Users\durgamaniryudh\Desktop\Learn\testing_evals\test\aapp_competition_test\3078\3078_gen_0.sv,xiaomi/mimo-v2-flash:free,stop,,gen-1769167632-oU1JwuweJoQQ1WrZ5bMC
3055,aapp_competition_test,0,4397,30798,0,C:\Users\durgamaniryudh\Desktop\Learn\testing_evals\test\aapp_competition_test\3055\3055_gen_0.sv,xiaomi/mimo-v2-flash:free,stop,,gen-1769167429-QV0FIJ1ZqIvQPAvSmW0V
3893,aapp_competition_test,0,5243,1306,0,C:\Users\durgamaniryudh\Desktop\Learn\testing_evals\test\aapp_competition_test\3893\3893_gen_0.sv,xiaomi/mimo-v2-flash:free,stop,,gen-1769167646-Wv5XzafWi5nTfIHVYg2m
65,mbpp_test,0,4169,939,0,C:\Users\durgamaniryudh\Desktop\Learn\testing_evals\test\mbpp_test\65\65_gen_0.sv,xiaomi/mimo-v2-flash:free,stop,,gen-1769167651-cWLci1Ya8vp9BVCW0tfd
3268,aapp_competition_test,0,4633,2741,0,C:\Users\durgamaniryudh\Desktop\Learn\testing_evals\test\aapp_competition_test\3268\3268_gen_0.sv,xiaomi/mimo-v2-flash:free,stop,,gen-1769167636-8HHVrgg8xCP8Z7HYPYgH
252,mbpp_test,0,4914,3097,0,C:\Users\durgamaniryudh\Desktop\Learn\testing_evals\test\mbpp_test\252\252_gen_0.sv,xiaomi/mimo-v2-flash:free,stop,,gen-1769167626-BLQH4AhRbzJ3V0LPHEuw
3269,aapp_competition_test,0,4414,2445,0,C:\Users\durgamaniryudh\Desktop\Learn\testing_evals\test\aapp_competition_test\3269\3269_gen_0.sv,xiaomi/mimo-v2-flash:free,stop,,gen-1769167659-e4zprFA917fIAMsaFhzK
3086,aapp_competition_test,0,4524,9095,0,C:\Users\durgamaniryudh\Desktop\Learn\testing_evals\test\aapp_competition_test\3086\3086_gen_0.sv,xiaomi/mimo-v2-flash:free,stop,,gen-1769167617-Ycuitgkb78RullzPKqlC
3988,aapp_competition_test,0,4383,3082,0,C:\Users\durgamaniryudh\Desktop\Learn\testing_evals\test\aapp_competition_test\3988\3988_gen_0.sv,xiaomi/mimo-v2-flash:free,stop,,gen-1769167651-jiuvUfKSXuC0zkarwJyY
3989,aapp_competition_test,0,4491,2833,0,C:\Users\durgamaniryudh\Desktop\Learn\testing_evals\test\aapp_competition_test\3989\3989_gen_0.sv,xiaomi/mimo-v2-flash:free,stop,,gen-1769167626-InKwUi8yinoyTM7Y2kBB
3894,aapp_competition_test,0,4547,2015,0,C:\Users\durgamaniryudh\Desktop\Learn\testing_evals\test\aapp_competition_test\3894\3894_gen_0.sv,xiaomi/mimo-v2-flash:free,stop,,gen-1769167664-uc7LqpjkQPtqVIRKyb2d
3785,aapp_competition_test,0,4825,2896,0,C:\Users\durgamaniryudh\Desktop\Learn\testing_evals\test\aapp_competition_test\3785\3785_gen_0.sv,xiaomi/mimo-v2-flash:free,stop,,gen-1769167664-13WxX8mWcVpwFQoyuUGj
3081,aapp_competition_test,0,4374,3058,0,C:\Users\durgamaniryudh\Desktop\Learn\testing_evals\test\aapp_competition_test\3081\3081_gen_0.sv,xiaomi/mimo-v2-flash:free,stop,,gen-1769167657-gsooTuvEfcfnFStctxq0
3992,aapp_competition_test,0,4285,2198,0,C:\Users\durgamaniryudh\Desktop\Learn\testing_evals\test\aapp_competition_test\3992\3992_gen_0.sv,xiaomi/mimo-v2-flash:free,stop,,gen-1769167674-mufvyp4ketiB14714JVV
3784,aapp_competition_test,0,4893,7088,0,C:\Users\durgamaniryudh\Desktop\Learn\testing_evals\test\aapp_competition_test\3784\3784_gen_0.sv,xiaomi/mimo-v2-flash:free,stop,,gen-1769167637-AwgKK8d9UNbkdD7OHv7o
3982,aapp_competition_test,0,4607,1192,0,C:\Users\durgamaniryudh\Desktop\Learn\testing_evals\test\aapp_competition_test\3982\3982_gen_0.sv,xiaomi/mimo-v2-flash:free,stop,,gen-1769167698-9JW0Q3HAJqs9vE6bwmwq
3263,aapp_competition_test,0,4451,3200,0,C:\Users\durgamaniryudh\Desktop\Learn\testing_evals\test\aapp_competition_test\3263\3263_gen_0.sv,xiaomi/mimo-v2-flash:free,stop,,gen-1769167682-hCrwM7Kz4ujk7ystuM35
3899,aapp_competition_test,0,4445,3214,0,C:\Users\durgamaniryudh\Desktop\Learn\testing_evals\test\aapp_competition_test\3899\3899_gen_0.sv,xiaomi/mimo-v2-flash:free,stop,,gen-1769167690-jI6mObK4YT5Ymj4sM38C
424,mbpp_test,0,4538,1272,0,C:\Users\durgamaniryudh\Desktop\Learn\testing_evals\test\mbpp_test\424\424_gen_0.sv,xiaomi/mimo-v2-flash:free,stop,,gen-1769167702-0DXHKo5TWUwwxKcVxDy3
3087,aapp_competition_test,0,4619,3597,0,C:\Users\durgamaniryudh\Desktop\Learn\testing_evals\test\aapp_competition_test\3087\3087_gen_0.sv,xiaomi/mimo-v2-flash:free,stop,,gen-1769167681-jOUx9OLCCatv9ErAKEk7
3771,aapp_competition_test,0,4664,10840,0,C:\Users\durgamaniryudh\Desktop\Learn\testing_evals\test\aapp_competition_test\3771\3771_gen_0.sv,xiaomi/mimo-v2-flash:free,stop,,gen-1769167623-zjF3PjVa0TxXAvuIU7kt
3088,aapp_competition_test,0,4213,2871,0,C:\Users\durgamaniryudh\Desktop\Learn\testing_evals\test\aapp_competition_test\3088\3088_gen_0.sv,xiaomi/mimo-v2-flash:free,stop,,gen-1769167703-06FcV1oJhmouwLohhvT0
116,mbpp_test,0,4274,1375,0,C:\Users\durgamaniryudh\Desktop\Learn\testing_evals\test\mbpp_test\116\116_gen_0.sv,xiaomi/mimo-v2-flash:free,stop,,gen-1769167678-OvOqH29w2zJhczA98mFA
3790,aapp_competition_test,0,5118,2623,0,C:\Users\durgamaniryudh\Desktop\Learn\testing_evals\test\aapp_competition_test\3790\3790_gen_0.sv,xiaomi/mimo-v2-flash:free,stop,,gen-1769167713-y9WBJecCcrqNK2woxh3d
66,mbpp_test,0,4695,781,0,C:\Users\durgamaniryudh\Desktop\Learn\testing_evals\test\mbpp_test\66\66_gen_0.sv,xiaomi/mimo-v2-flash:free,stop,,gen-1769167721-lnYCXbaKLi365762c4It
3895,aapp_competition_test,0,4587,2416,0,C:\Users\durgamaniryudh\Desktop\Learn\testing_evals\test\aapp_competition_test\3895\3895_gen_0.sv,xiaomi/mimo-v2-flash:free,stop,,gen-1769167718-vtdQIumKJ8K3it23MnAh
3993,aapp_competition_test,0,4488,1257,0,C:\Users\durgamaniryudh\Desktop\Learn\testing_evals\test\aapp_competition_test\3993\3993_gen_0.sv,xiaomi/mimo-v2-flash:free,stop,,gen-1769167718-u2NmZlgbgMmmhE3UO8yL
3887,aapp_competition_test,0,4344,2481,0,C:\Users\durgamaniryudh\Desktop\Learn\testing_evals\test\aapp_competition_test\3887\3887_gen_0.sv,xiaomi/mimo-v2-flash:free,stop,,gen-1769167735-KsXbY7etH90RjUgLwtMs
3267,aapp_competition_test,0,4650,2823,0,C:\Users\durgamaniryudh\Desktop\Learn\testing_evals\test\aapp_competition_test\3267\3267_gen_0.sv,xiaomi/mimo-v2-flash:free,stop,,gen-1769167710-anXymJdCqsWtgazuIvyh
3791,aapp_competition_test,0,4488,1634,0,C:\Users\durgamaniryudh\Desktop\Learn\testing_evals\test\aapp_competition_test\3791\3791_gen_0.sv,xiaomi/mimo-v2-flash:free,stop,,gen-1769167731-PzdxxPrs56VMujkn2ZpD
3272,aapp_competition_test,0,4626,3309,0,C:\Users\durgamaniryudh\Desktop\Learn\testing_evals\test\aapp_competition_test\3272\3272_gen_0.sv,xiaomi/mimo-v2-flash:free,stop,,gen-1769167729-mHQ3bFgLhyk0h65AE9GN
3770,aapp_competition_test,0,4368,8878,0,C:\Users\durgamaniryudh\Desktop\Learn\testing_evals\test\aapp_competition_test\3770\3770_gen_0.sv,xiaomi/mimo-v2-flash:free,stop,,gen-1769167688-guGu8paRKamaih0VbHtZ
3794,aapp_competition_test,0,4579,2579,0,C:\Users\durgamaniryudh\Desktop\Learn\testing_evals\test\aapp_competition_test\3794\3794_gen_0.sv,xiaomi/mimo-v2-flash:free,stop,,gen-1769167750-DzdyPYOLqK3IRnxzqg3D
3276,aapp_competition_test,0,4518,1897,0,C:\Users\durgamaniryudh\Desktop\Learn\testing_evals\test\aapp_competition_test\3276\3276_gen_0.sv,xiaomi/mimo-v2-flash:free,stop,,gen-1769167772-KpqxvktMiJWKJ8IJWFNu
3089,aapp_competition_test,0,4503,4416,0,C:\Users\durgamaniryudh\Desktop\Learn\testing_evals\test\aapp_competition_test\3089\3089_gen_0.sv,xiaomi/mimo-v2-flash:free,stop,,gen-1769167725-oPeTvIMALdaVKihlFJPQ
3091,aapp_competition_test,0,4402,3480,0,C:\Users\durgamaniryudh\Desktop\Learn\testing_evals\test\aapp_competition_test\3091\3091_gen_0.sv,xiaomi/mimo-v2-flash:free,stop,,gen-1769167769-4kNWa2lLrDC2ZvArnvZB
228,mbpp_test,0,4311,2080,0,C:\Users\durgamaniryudh\Desktop\Learn\testing_evals\test\mbpp_test\228\228_gen_0.sv,xiaomi/mimo-v2-flash:free,stop,,gen-1769167768-EMFFHPjxmKInCCFhVNY5
3793,aapp_competition_test,0,4229,3050,0,C:\Users\durgamaniryudh\Desktop\Learn\testing_evals\test\aapp_competition_test\3793\3793_gen_0.sv,xiaomi/mimo-v2-flash:free,stop,,gen-1769167782-ecGy5qw6es1va90rJNl9
3999,aapp_competition_test,0,4342,3798,0,C:\Users\durgamaniryudh\Desktop\Learn\testing_evals\test\aapp_competition_test\3999\3999_gen_0.sv,xiaomi/mimo-v2-flash:free,stop,,gen-1769167798-NrEGlOL5h51GAoXkqcOK
3093,aapp_competition_test,0,4408,5699,0,C:\Users\durgamaniryudh\Desktop\Learn\testing_evals\test\aapp_competition_test\3093\3093_gen_0.sv,xiaomi/mimo-v2-flash:free,stop,,gen-1769167740-IT6FrhqkgJdGWU2IHEJy
3898,aapp_competition_test,0,4369,5947,0,C:\Users\durgamaniryudh\Desktop\Learn\testing_evals\test\aapp_competition_test\3898\3898_gen_0.sv,xiaomi/mimo-v2-flash:free,stop,,gen-1769167758-IegDJQ7QgH1fhqSbY3ub
91,mbpp_test,0,4182,1518,0,C:\Users\durgamaniryudh\Desktop\Learn\testing_evals\test\mbpp_test\91\91_gen_0.sv,xiaomi/mimo-v2-flash:free,stop,,gen-1769167800-mg44czcRUCgW6k7RTGmG
3849,aapp_competition_test,0,4345,1719,0,C:\Users\durgamaniryudh\Desktop\Learn\testing_evals\test\aapp_competition_test\3849\3849_gen_0.sv,xiaomi/mimo-v2-flash:free,stop,,gen-1769167789-3Lx2tCA7VF81oDT1lbcV
3996,aapp_competition_test,0,5115,12292,0,C:\Users\durgamaniryudh\Desktop\Learn\testing_evals\test\aapp_competition_test\3996\3996_gen_0.sv,xiaomi/mimo-v2-flash:free,stop,,gen-1769167735-rBr1m0wES670YtisTsKk
3946,aapp_competition_test,0,4505,13067,0,C:\Users\durgamaniryudh\Desktop\Learn\testing_evals\test\aapp_competition_test\3946\3946_gen_0.sv,xiaomi/mimo-v2-flash:free,stop,,gen-1769167761-9UJaBLq96dX50UecHgJ5
3264,aapp_competition_test,0,5709,950,0,C:\Users\durgamaniryudh\Desktop\Learn\testing_evals\test\aapp_competition_test\3264\3264_gen_0.sv,xiaomi/mimo-v2-flash:free,stop,,gen-1769167857-6sriwM7kunNiAlREtg2o
3796,aapp_competition_test,0,5211,2723,0,C:\Users\durgamaniryudh\Desktop\Learn\testing_evals\test\aapp_competition_test\3796\3796_gen_0.sv,xiaomi/mimo-v2-flash:free,stop,,gen-1769167831-LPryWcBpS3wSzJsi52zm
3897,aapp_competition_test,0,4465,2664,0,C:\Users\durgamaniryudh\Desktop\Learn\testing_evals\test\aapp_competition_test\3897\3897_gen_0.sv,xiaomi/mimo-v2-flash:free,stop,,gen-1769167835-hX7OEx7f21RUF7IyHgKw
3092,aapp_competition_test,0,4585,10107,0,C:\Users\durgamaniryudh\Desktop\Learn\testing_evals\test\aapp_competition_test\3092\3092_gen_0.sv,xiaomi/mimo-v2-flash:free,stop,,gen-1769167818-5NbGhDilYhiPhOocnYE9
400,mbpp_test,0,4568,1935,0,C:\Users\durgamaniryudh\Desktop\Learn\testing_evals\test\mbpp_test\400\400_gen_0.sv,xiaomi/mimo-v2-flash:free,stop,,gen-1769167849-PPpiNi0ylQsQ5D0Ip752
3990,aapp_competition_test,0,4923,1745,0,C:\Users\durgamaniryudh\Desktop\Learn\testing_evals\test\aapp_competition_test\3990\3990_gen_0.sv,xiaomi/mimo-v2-flash:free,stop,,gen-1769167887-j9k3rpCPTamrLNs6Y12W
3902,aapp_competition_test,0,4652,3623,0,C:\Users\durgamaniryudh\Desktop\Learn\testing_evals\test\aapp_competition_test\3902\3902_gen_0.sv,xiaomi/mimo-v2-flash:free,stop,,gen-1769167886-tbbVM8lBMXKWyF85DSz9
3271,aapp_competition_test,0,4442,1789,0,C:\Users\durgamaniryudh\Desktop\Learn\testing_evals\test\aapp_competition_test\3271\3271_gen_0.sv,xiaomi/mimo-v2-flash:free,stop,,gen-1769167906-6EDcNpJbnoxEeoolVVLQ
304,mbpp_test,0,4447,1388,0,C:\Users\durgamaniryudh\Desktop\Learn\testing_evals\test\mbpp_test\304\304_gen_0.sv,xiaomi/mimo-v2-flash:free,stop,,gen-1769167889-6lgIyz2t1AmNvhNYp6Wf
3097,aapp_competition_test,0,4400,1112,0,C:\Users\durgamaniryudh\Desktop\Learn\testing_evals\test\aapp_competition_test\3097\3097_gen_0.sv,xiaomi/mimo-v2-flash:free,stop,,gen-1769167902-Ottf38OUTLx3FIxZ4QRg
3995,aapp_competition_test,0,4325,2568,0,C:\Users\durgamaniryudh\Desktop\Learn\testing_evals\test\aapp_competition_test\3995\3995_gen_0.sv,xiaomi/mimo-v2-flash:free,stop,,gen-1769167842-fOgVgPPi4BaBFa8dNmbB
3994,aapp_competition_test,0,4421,1440,0,C:\Users\durgamaniryudh\Desktop\Learn\testing_evals\test\aapp_competition_test\3994\3994_gen_0.sv,xiaomi/mimo-v2-flash:free,stop,,gen-1769167929-jSdYUJ4PJRC3MJwvkBLC
3802,aapp_competition_test,0,4338,3076,0,C:\Users\durgamaniryudh\Desktop\Learn\testing_evals\test\aapp_competition_test\3802\3802_gen_0.sv,xiaomi/mimo-v2-flash:free,stop,,gen-1769167906-mgcvwCcIgJObF2zvY8Zl
67,mbpp_test,0,4602,2532,0,C:\Users\durgamaniryudh\Desktop\Learn\testing_evals\test\mbpp_test\67\67_gen_0.sv,xiaomi/mimo-v2-flash:free,stop,,gen-1769167941-3kAP6FCgdSRyGvuiqftT
3792,aapp_competition_test,0,4435,1066,0,C:\Users\durgamaniryudh\Desktop\Learn\testing_evals\test\aapp_competition_test\3792\3792_gen_0.sv,xiaomi/mimo-v2-flash:free,stop,,gen-1769167960-hru5Udgkdkk5TgnFVP00
471,mbpp_test,0,4432,2007,0,C:\Users\durgamaniryudh\Desktop\Learn\testing_evals\test\mbpp_test\471\471_gen_0.sv,xiaomi/mimo-v2-flash:free,stop,,gen-1769167941-SNvhHZ2MBfjdZcD06ebj
3095,aapp_competition_test,0,4315,4044,0,C:\Users\durgamaniryudh\Desktop\Learn\testing_evals\test\aapp_competition_test\3095\3095_gen_0.sv,xiaomi/mimo-v2-flash:free,stop,,gen-1769167942-NrWyMcDFDZswM1N6Egag
3901,aapp_competition_test,0,4386,2279,0,C:\Users\durgamaniryudh\Desktop\Learn\testing_evals\test\aapp_competition_test\3901\3901_gen_0.sv,xiaomi/mimo-v2-flash:free,stop,,gen-1769167962-ds6cGm9WUM0Ut2bpWu6C
278,mbpp_test,0,4666,1593,0,C:\Users\durgamaniryudh\Desktop\Learn\testing_evals\test\mbpp_test\278\278_gen_0.sv,xiaomi/mimo-v2-flash:free,stop,,gen-1769167973-nAjQ4bmpAqbZPzPsgiXa
3905,aapp_competition_test,0,4343,3459,0,C:\Users\durgamaniryudh\Desktop\Learn\testing_evals\test\aapp_competition_test\3905\3905_gen_0.sv,xiaomi/mimo-v2-flash:free,stop,,gen-1769167923-4TlAiOhf0RV7oKbBL1JX
3101,aapp_competition_test,0,4267,1786,0,C:\Users\durgamaniryudh\Desktop\Learn\testing_evals\test\aapp_competition_test\3101\3101_gen_0.sv,xiaomi/mimo-v2-flash:free,stop,,gen-1769167982-ai67ih5A8ZSh5WsRlS82
3274,aapp_competition_test,0,4945,5072,0,C:\Users\durgamaniryudh\Desktop\Learn\testing_evals\test\aapp_competition_test\3274\3274_gen_0.sv,xiaomi/mimo-v2-flash:free,stop,,gen-1769167950-PksJe8lBcFSeURIJuE9H
45,human_eval_test,0,4293,958,0,C:\Users\durgamaniryudh\Desktop\Learn\testing_evals\test\human_eval_test\45\45_gen_0.sv,xiaomi/mimo-v2-flash:free,stop,,gen-1769167999-QDxKssAYDa3SMqDqDWlO
229,mbpp_test,0,4365,983,0,C:\Users\durgamaniryudh\Desktop\Learn\testing_evals\test\mbpp_test\229\229_gen_0.sv,xiaomi/mimo-v2-flash:free,stop,,gen-1769168000-YLmkE8fmLbDNc5ryaLwD
3800,aapp_competition_test,0,4632,5894,0,C:\Users\durgamaniryudh\Desktop\Learn\testing_evals\test\aapp_competition_test\3800\3800_gen_0.sv,xiaomi/mimo-v2-flash:free,stop,,gen-1769167883-6aFVl2Y8LSMEnP9VO2WU
3896,aapp_competition_test,0,4917,631,0,C:\Users\durgamaniryudh\Desktop\Learn\testing_evals\test\aapp_competition_test\3896\3896_gen_0.sv,xiaomi/mimo-v2-flash:free,stop,,gen-1769167999-MDqYCjN3zDP8unjz8Isf
3998,aapp_competition_test,0,4510,2415,0,C:\Users\durgamaniryudh\Desktop\Learn\testing_evals\test\aapp_competition_test\3998\3998_gen_0.sv,xiaomi/mimo-v2-flash:free,stop,,gen-1769167970-n1yfBFzFYP970zRIBclw
3803,aapp_competition_test,0,4930,1837,0,C:\Users\durgamaniryudh\Desktop\Learn\testing_evals\test\aapp_competition_test\3803\3803_gen_0.sv,xiaomi/mimo-v2-flash:free,stop,,gen-1769167996-Ez4QrHa59Fm6kiD1mMEx
3273,aapp_competition_test,0,4592,3679,0,C:\Users\durgamaniryudh\Desktop\Learn\testing_evals\test\aapp_competition_test\3273\3273_gen_0.sv,xiaomi/mimo-v2-flash:free,stop,,gen-1769167982-CeofgSfXo2r9KqnxE7po
3085,aapp_competition_test,0,5693,14415,0,C:\Users\durgamaniryudh\Desktop\Learn\testing_evals\test\aapp_competition_test\3085\3085_gen_0.sv,xiaomi/mimo-v2-flash:free,stop,,gen-1769167855-fUf3v9a790zrHNLmPleq
3278,aapp_competition_test,0,4490,1327,0,C:\Users\durgamaniryudh\Desktop\Learn\testing_evals\test\aapp_competition_test\3278\3278_gen_0.sv,xiaomi/mimo-v2-flash:free,stop,,gen-1769168009-Ana13l4qlZ0OFyA0Dzd7
66,human_eval_test,0,4337,989,0,C:\Users\durgamaniryudh\Desktop\Learn\testing_evals\test\human_eval_test\66\66_gen_0.sv,xiaomi/mimo-v2-flash:free,stop,,gen-1769168017-bUcQsTCxHkKk9eEYfhTu
3277,aapp_competition_test,0,4648,1540,0,C:\Users\durgamaniryudh\Desktop\Learn\testing_evals\test\aapp_competition_test\3277\3277_gen_0.sv,xiaomi/mimo-v2-flash:free,stop,,gen-1769168023-he92K8HNUwXj4FKc5XwF
3904,aapp_competition_test,0,4862,1237,0,C:\Users\durgamaniryudh\Desktop\Learn\testing_evals\test\aapp_competition_test\3904\3904_gen_0.sv,xiaomi/mimo-v2-flash:free,stop,,gen-1769168017-8byJTb97v7Fdi3bqnOZa
3100,aapp_competition_test,0,4858,2895,0,C:\Users\durgamaniryudh\Desktop\Learn\testing_evals\test\aapp_competition_test\3100\3100_gen_0.sv,xiaomi/mimo-v2-flash:free,stop,,gen-1769168022-4UrVsJfjtECl5FlfwNnc
3265,aapp_competition_test,0,4583,32507,0,C:\Users\durgamaniryudh\Desktop\Learn\testing_evals\test\aapp_competition_test\3265\3265_gen_0.sv,xiaomi/mimo-v2-flash:free,stop,,gen-1769167742-Pl7KCO5ILwQBu0O5eZqL
3906,aapp_competition_test,0,4360,1678,0,C:\Users\durgamaniryudh\Desktop\Learn\testing_evals\test\aapp_competition_test\3906\3906_gen_0.sv,xiaomi/mimo-v2-flash:free,stop,,gen-1769168037-21NydLVU4shhx3Cxjwnf
117,mbpp_test,0,5052,4107,0,C:\Users\durgamaniryudh\Desktop\Learn\testing_evals\test\mbpp_test\117\117_gen_0.sv,xiaomi/mimo-v2-flash:free,stop,,gen-1769168019-oUuEmdWwALw5tGj5l3oY
3804,aapp_competition_test,0,4648,3278,0,C:\Users\durgamaniryudh\Desktop\Learn\testing_evals\test\aapp_competition_test\3804\3804_gen_0.sv,xiaomi/mimo-v2-flash:free,stop,,gen-1769168017-e7xFyNTIaquS38396MY8
107,human_eval_test,0,4560,1213,0,C:\Users\durgamaniryudh\Desktop\Learn\testing_evals\test\human_eval_test\107\107_gen_0.sv,xiaomi/mimo-v2-flash:free,stop,,gen-1769168040-R0JKAI4LYpnLKtxs4em3
24,human_eval_test,0,4464,1339,0,C:\Users\durgamaniryudh\Desktop\Learn\testing_evals\test\human_eval_test\24\24_gen_0.sv,xiaomi/mimo-v2-flash:free,stop,,gen-1769168043-4hSpNByt3KZK3z4TuIpp
401,mbpp_test,0,4232,823,0,C:\Users\durgamaniryudh\Desktop\Learn\testing_evals\test\mbpp_test\401\401_gen_0.sv,xiaomi/mimo-v2-flash:free,stop,,gen-1769168052-VQ66oucD9q7hLDjS6k4z
279,mbpp_test,0,4790,986,0,C:\Users\durgamaniryudh\Desktop\Learn\testing_evals\test\mbpp_test\279\279_gen_0.sv,xiaomi/mimo-v2-flash:free,stop,,gen-1769168062-vYkbAmrB2BNdrzBx9i8c
3275,aapp_competition_test,0,4469,1910,0,C:\Users\durgamaniryudh\Desktop\Learn\testing_evals\test\aapp_competition_test\3275\3275_gen_0.sv,xiaomi/mimo-v2-flash:free,stop,,gen-1769168053-W2o35ZborY7koCjDSKwy
3262,aapp_competition_test,0,4651,17174,0,C:\Users\durgamaniryudh\Desktop\Learn\testing_evals\test\aapp_competition_test\3262\3262_gen_0.sv,xiaomi/mimo-v2-flash:free,stop,,gen-1769167829-hkIM4ozvErfz8eG2mIJS
3810,aapp_competition_test,0,4550,5035,0,C:\Users\durgamaniryudh\Desktop\Learn\testing_evals\test\aapp_competition_test\3810\3810_gen_0.sv,xiaomi/mimo-v2-flash:free,stop,,gen-1769168030-YkOqJ9N9wBGcjlVAb5gC
65,human_eval_test,0,4501,1161,0,C:\Users\durgamaniryudh\Desktop\Learn\testing_evals\test\human_eval_test\65\65_gen_0.sv,xiaomi/mimo-v2-flash:free,stop,,gen-1769168061-ZfE37561gjP6agwek3cG
3096,aapp_competition_test,0,5182,9382,0,C:\Users\durgamaniryudh\Desktop\Learn\testing_evals\test\aapp_competition_test\3096\3096_gen_0.sv,xiaomi/mimo-v2-flash:free,stop,,gen-1769168008-CfF19ffePF4zHBntkGYt
3103,aapp_competition_test,0,4461,5925,0,C:\Users\durgamaniryudh\Desktop\Learn\testing_evals\test\aapp_competition_test\3103\3103_gen_0.sv,xiaomi/mimo-v2-flash:free,stop,,gen-1769168052-up5QBtQicbNGF8cw2CSF
3811,aapp_competition_test,0,4837,4721,0,C:\Users\durgamaniryudh\Desktop\Learn\testing_evals\test\aapp_competition_test\3811\3811_gen_0.sv,xiaomi/mimo-v2-flash:free,stop,,gen-1769168054-0ac60bwNVAzkT82r27ds
23,human_eval_test,0,4756,2026,0,C:\Users\durgamaniryudh\Desktop\Learn\testing_evals\test\human_eval_test\23\23_gen_0.sv,xiaomi/mimo-v2-flash:free,stop,,gen-1769168080-C03nFgr6NWJ2kdHPHTkC
447,mbpp_test,0,4439,1121,0,C:\Users\durgamaniryudh\Desktop\Learn\testing_evals\test\mbpp_test\447\447_gen_0.sv,xiaomi/mimo-v2-flash:free,stop,,gen-1769168094-2pBWXHBvubkbXliokNNC
3911,aapp_competition_test,0,4244,1427,0,C:\Users\durgamaniryudh\Desktop\Learn\testing_evals\test\aapp_competition_test\3911\3911_gen_0.sv,xiaomi/mimo-v2-flash:free,stop,,gen-1769168105-bEIZLsIXU7l5DN3WRr7N
3279,aapp_competition_test,0,4682,3647,0,C:\Users\durgamaniryudh\Desktop\Learn\testing_evals\test\aapp_competition_test\3279\3279_gen_0.sv,xiaomi/mimo-v2-flash:free,stop,,gen-1769168073-hGGxeQCgg8GiDHf3yJaS
3909,aapp_competition_test,0,4577,8108,0,C:\Users\durgamaniryudh\Desktop\Learn\testing_evals\test\aapp_competition_test\3909\3909_gen_0.sv,xiaomi/mimo-v2-flash:free,stop,,gen-1769168058-52cdDjn9z9Y2tRR3OPIo
142,mbpp_test,0,4297,1053,0,C:\Users\durgamaniryudh\Desktop\Learn\testing_evals\test\mbpp_test\142\142_gen_0.sv,xiaomi/mimo-v2-flash:free,stop,,gen-1769168125-8vR3PxlugRLMsRQVEfuE
3812,aapp_competition_test,0,4548,2727,0,C:\Users\durgamaniryudh\Desktop\Learn\testing_evals\test\aapp_competition_test\3812\3812_gen_0.sv,xiaomi/mimo-v2-flash:free,stop,,gen-1769168103-EUaQidJoEEWH99dofMuk
3281,aapp_competition_test,0,5020,4850,0,C:\Users\durgamaniryudh\Desktop\Learn\testing_evals\test\aapp_competition_test\3281\3281_gen_0.sv,xiaomi/mimo-v2-flash:free,stop,,gen-1769168102-H8luICK3oCkqwvHQhEg0
3884,aapp_competition_test,0,4296,8512,0,C:\Users\durgamaniryudh\Desktop\Learn\testing_evals\test\aapp_competition_test\3884\3884_gen_0.sv,xiaomi/mimo-v2-flash:free,stop,,gen-1769168080-JfFcUooOguYpHG12e7bS
3105,aapp_competition_test,0,4614,2263,0,C:\Users\durgamaniryudh\Desktop\Learn\testing_evals\test\aapp_competition_test\3105\3105_gen_0.sv,xiaomi/mimo-v2-flash:free,stop,,gen-1769168128-12Q5NRC3SrwSqdcVmVq1
3280,aapp_competition_test,0,4451,1849,0,C:\Users\durgamaniryudh\Desktop\Learn\testing_evals\test\aapp_competition_test\3280\3280_gen_0.sv,xiaomi/mimo-v2-flash:free,stop,,gen-1769168139-C5ZhzKi4wuIltrHo5u4D
149,human_eval_test,0,4468,2208,0,C:\Users\durgamaniryudh\Desktop\Learn\testing_evals\test\human_eval_test\149\149_gen_0.sv,xiaomi/mimo-v2-flash:free,stop,,gen-1769168144-nHvXz95QAHRJbyJP3Nhd
92,mbpp_test,0,4312,1225,0,C:\Users\durgamaniryudh\Desktop\Learn\testing_evals\test\mbpp_test\92\92_gen_0.sv,xiaomi/mimo-v2-flash:free,stop,,gen-1769168153-WCZ18uC2LTp19IVJwGd5
3816,aapp_competition_test,0,4473,2311,0,C:\Users\durgamaniryudh\Desktop\Learn\testing_evals\test\aapp_competition_test\3816\3816_gen_0.sv,xiaomi/mimo-v2-flash:free,stop,,gen-1769168141-SnJu6aN7ICg3cekzfUIh
3908,aapp_competition_test,0,4489,2746,0,C:\Users\durgamaniryudh\Desktop\Learn\testing_evals\test\aapp_competition_test\3908\3908_gen_0.sv,xiaomi/mimo-v2-flash:free,stop,,gen-1769168142-IFiHVdFzKQhtFf9Fuibu
87,human_eval_test,0,4483,2671,0,C:\Users\durgamaniryudh\Desktop\Learn\testing_evals\test\human_eval_test\87\87_gen_0.sv,xiaomi/mimo-v2-flash:free,stop,,gen-1769168112-OgkIRpL2oQHCk6Rm8Wpa
3102,aapp_competition_test,0,4436,4630,0,C:\Users\durgamaniryudh\Desktop\Learn\testing_evals\test\aapp_competition_test\3102\3102_gen_0.sv,xiaomi/mimo-v2-flash:free,stop,,gen-1769168065-UTc6fDghUa94l2sWuLx1
108,human_eval_test,0,4876,1429,0,C:\Users\durgamaniryudh\Desktop\Learn\testing_evals\test\human_eval_test\108\108_gen_0.sv,xiaomi/mimo-v2-flash:free,stop,,gen-1769168166-Fe5HWkKtSP9OlP3vikWy
3808,aapp_competition_test,0,4374,1459,0,C:\Users\durgamaniryudh\Desktop\Learn\testing_evals\test\aapp_competition_test\3808\3808_gen_0.sv,xiaomi/mimo-v2-flash:free,stop,,gen-1769168163-I9v51Bdm5eIXJIb6uHD3
3099,aapp_competition_test,0,4494,2721,0,C:\Users\durgamaniryudh\Desktop\Learn\testing_evals\test\aapp_competition_test\3099\3099_gen_0.sv,xiaomi/mimo-v2-flash:free,stop,,gen-1769168157-UO9wMOMwbBYmIVFHvL3Z
3917,aapp_competition_test,0,4472,2533,0,C:\Users\durgamaniryudh\Desktop\Learn\testing_evals\test\aapp_competition_test\3917\3917_gen_0.sv,xiaomi/mimo-v2-flash:free,stop,,gen-1769168164-GbGNjVAWGliHE1ZdACU4
305,mbpp_test,0,4343,3434,0,C:\Users\durgamaniryudh\Desktop\Learn\testing_evals\test\mbpp_test\305\305_gen_0.sv,xiaomi/mimo-v2-flash:free,stop,,gen-1769168170-vdQZVTciY9BfVOBK5JMY
3104,aapp_competition_test,0,4194,3942,0,C:\Users\durgamaniryudh\Desktop\Learn\testing_evals\test\aapp_competition_test\3104\3104_gen_0.sv,xiaomi/mimo-v2-flash:free,stop,,gen-1769168176-72z8pyHnCSqBuexSVFDW
67,human_eval_test,0,4212,1639,0,C:\Users\durgamaniryudh\Desktop\Learn\testing_evals\test\human_eval_test\67\67_gen_0.sv,xiaomi/mimo-v2-flash:free,stop,,gen-1769168184-6SR3x7QALJkTc4vHPb93
3288,aapp_competition_test,0,4615,3357,0,C:\Users\durgamaniryudh\Desktop\Learn\testing_evals\test\aapp_competition_test\3288\3288_gen_0.sv,xiaomi/mimo-v2-flash:free,stop,,gen-1769168180-okQBiUIfVJBCh9wmOzEs
3809,aapp_competition_test,0,4736,13818,0,C:\Users\durgamaniryudh\Desktop\Learn\testing_evals\test\aapp_competition_test\3809\3809_gen_0.sv,xiaomi/mimo-v2-flash:free,stop,,gen-1769168079-idrjGiWnwUaYDhJbhxeq
3912,aapp_competition_test,0,4612,3317,0,C:\Users\durgamaniryudh\Desktop\Learn\testing_evals\test\aapp_competition_test\3912\3912_gen_0.sv,xiaomi/mimo-v2-flash:free,stop,,gen-1769168184-hhNP4WJwTYkaXqGjgVWV
3817,aapp_competition_test,0,4554,3069,0,C:\Users\durgamaniryudh\Desktop\Learn\testing_evals\test\aapp_competition_test\3817\3817_gen_0.sv,xiaomi/mimo-v2-flash:free,stop,,gen-1769168182-Gh5W9ywtaUefejuTvo3H
3,human_eval_test,0,4405,613,0,C:\Users\durgamaniryudh\Desktop\Learn\testing_evals\test\human_eval_test\3\3_gen_0.sv,xiaomi/mimo-v2-flash:free,stop,,gen-1769168216-oooLg6fSDLnWtMeUlfg7
255,mbpp_test,0,4198,2798,0,C:\Users\durgamaniryudh\Desktop\Learn\testing_evals\test\mbpp_test\255\255_gen_0.sv,xiaomi/mimo-v2-flash:free,stop,,gen-1769168195-3w6gwdQr9OU6iv9x4sdG
3110,aapp_competition_test,0,4590,3359,0,C:\Users\durgamaniryudh\Desktop\Learn\testing_evals\test\aapp_competition_test\3110\3110_gen_0.sv,xiaomi/mimo-v2-flash:free,stop,,gen-1769168200-E1qBh21Gv6PVPhSBAXxu
472,mbpp_test,0,4458,1534,0,C:\Users\durgamaniryudh\Desktop\Learn\testing_evals\test\mbpp_test\472\472_gen_0.sv,xiaomi/mimo-v2-flash:free,stop,,gen-1769168218-xxWUf5lsUI5H5YLMm5y3
3286,aapp_competition_test,0,4274,2859,0,C:\Users\durgamaniryudh\Desktop\Learn\testing_evals\test\aapp_competition_test\3286\3286_gen_0.sv,xiaomi/mimo-v2-flash:free,stop,,gen-1769168208-Qqj8TiNEoh5yoh4LMNJ1
3918,aapp_competition_test,0,4656,2093,0,C:\Users\durgamaniryudh\Desktop\Learn\testing_evals\test\aapp_competition_test\3918\3918_gen_0.sv,xiaomi/mimo-v2-flash:free,stop,,gen-1769168214-zLFLQwGYySAytG8XSDhi
3920,aapp_competition_test,0,4179,903,0,C:\Users\durgamaniryudh\Desktop\Learn\testing_evals\test\aapp_competition_test\3920\3920_gen_0.sv,xiaomi/mimo-v2-flash:free,stop,,gen-1769168229-e6GiFqYAI2BryyS9KSit
3282,aapp_competition_test,0,4516,2032,0,C:\Users\durgamaniryudh\Desktop\Learn\testing_evals\test\aapp_competition_test\3282\3282_gen_0.sv,xiaomi/mimo-v2-flash:free,stop,,gen-1769168222-Lq4H01EBSStnnz0LihIx
280,mbpp_test,0,4303,798,0,C:\Users\durgamaniryudh\Desktop\Learn\testing_evals\test\mbpp_test\280\280_gen_0.sv,xiaomi/mimo-v2-flash:free,stop,,gen-1769168235-c3CtiNB7xgP97fh2rvVX
3910,aapp_competition_test,0,4580,1881,0,C:\Users\durgamaniryudh\Desktop\Learn\testing_evals\test\aapp_competition_test\3910\3910_gen_0.sv,xiaomi/mimo-v2-flash:free,stop,,gen-1769168244-eCCp94vSQDbwYXrkmXyV
3820,aapp_competition_test,0,4443,2362,0,C:\Users\durgamaniryudh\Desktop\Learn\testing_evals\test\aapp_competition_test\3820\3820_gen_0.sv,xiaomi/mimo-v2-flash:free,stop,,gen-1769168243-AVjsK4nt1QSAVGOfaGCT
3109,aapp_competition_test,0,4955,3407,0,C:\Users\durgamaniryudh\Desktop\Learn\testing_evals\test\aapp_competition_test\3109\3109_gen_0.sv,xiaomi/mimo-v2-flash:free,stop,,gen-1769168236-taSF0gX2lhMQAysJxrIw
426,mbpp_test,0,4380,650,0,C:\Users\durgamaniryudh\Desktop\Learn\testing_evals\test\mbpp_test\426\426_gen_0.sv,xiaomi/mimo-v2-flash:free,stop,,gen-1769168264-YyzsIqom5VrzjYfQFagN
3290,aapp_competition_test,0,4765,2859,0,C:\Users\durgamaniryudh\Desktop\Learn\testing_evals\test\aapp_competition_test\3290\3290_gen_0.sv,xiaomi/mimo-v2-flash:free,stop,,gen-1769168238-wTAr1kRMa1WYk71x1Bmq
3108,aapp_competition_test,0,5102,3401,0,C:\Users\durgamaniryudh\Desktop\Learn\testing_evals\test\aapp_competition_test\3108\3108_gen_0.sv,xiaomi/mimo-v2-flash:free,stop,,gen-1769168269-QGxCuqxNtne7V3xxf79D
130,human_eval_test,0,4325,1111,0,C:\Users\durgamaniryudh\Desktop\Learn\testing_evals\test\human_eval_test\130\130_gen_0.sv,xiaomi/mimo-v2-flash:free,stop,,gen-1769168261-uivvVheE2FfVza6xxK1Z
3827,aapp_competition_test,0,4202,1822,0,C:\Users\durgamaniryudh\Desktop\Learn\testing_evals\test\aapp_competition_test\3827\3827_gen_0.sv,xiaomi/mimo-v2-flash:free,stop,,gen-1769168288-2DUqD6JIUnsUCWWuHI9L
3294,aapp_competition_test,0,4560,2983,0,C:\Users\durgamaniryudh\Desktop\Learn\testing_evals\test\aapp_competition_test\3294\3294_gen_0.sv,xiaomi/mimo-v2-flash:free,stop,,gen-1769168288-uU62YYcIIBmLWW8ATzFm
151,human_eval_test,0,4216,1145,0,C:\Users\durgamaniryudh\Desktop\Learn\testing_evals\test\human_eval_test\151\151_gen_0.sv,xiaomi/mimo-v2-flash:free,stop,,gen-1769168305-hSfL7thOZ3MA2i9dnfK0
3107,aapp_competition_test,0,4763,10832,0,C:\Users\durgamaniryudh\Desktop\Learn\testing_evals\test\aapp_competition_test\3107\3107_gen_0.sv,xiaomi/mimo-v2-flash:free,stop,,gen-1769168219-UtQvFs65MNaqsiFwkdNq
3916,aapp_competition_test,0,4576,2459,0,C:\Users\durgamaniryudh\Desktop\Learn\testing_evals\test\aapp_competition_test\3916\3916_gen_0.sv,xiaomi/mimo-v2-flash:free,stop,,gen-1769168305-Hlb8dT7kfqhKDACiUvyg
3830,aapp_competition_test,0,4414,2186,0,C:\Users\durgamaniryudh\Desktop\Learn\testing_evals\test\aapp_competition_test\3830\3830_gen_0.sv,xiaomi/mimo-v2-flash:free,stop,,gen-1769168320-T1X1exT6v6FeLtPQ2eJQ
3907,aapp_competition_test,0,4358,2319,0,C:\Users\durgamaniryudh\Desktop\Learn\testing_evals\test\aapp_competition_test\3907\3907_gen_0.sv,xiaomi/mimo-v2-flash:free,stop,,gen-1769168325-rJtUCRkjxjEMxwmXkdml
93,mbpp_test,0,4622,1026,0,C:\Users\durgamaniryudh\Desktop\Learn\testing_evals\test\mbpp_test\93\93_gen_0.sv,xiaomi/mimo-v2-flash:free,stop,,gen-1769168339-PmSPFFfjrSLnDPFZC2vE
3296,aapp_competition_test,0,4402,4097,0,C:\Users\durgamaniryudh\Desktop\Learn\testing_evals\test\aapp_competition_test\3296\3296_gen_0.sv,xiaomi/mimo-v2-flash:free,stop,,gen-1769168314-Zcb6cYLI5CZIl52snGb7
5,human_eval_test,0,4414,1465,0,C:\Users\durgamaniryudh\Desktop\Learn\testing_evals\test\human_eval_test\5\5_gen_0.sv,xiaomi/mimo-v2-flash:free,stop,,gen-1769168339-osN1JGpUQjrqi7MZDjhH
3094,aapp_competition_test,0,4497,1718,0,C:\Users\durgamaniryudh\Desktop\Learn\testing_evals\test\aapp_competition_test\3094\3094_gen_0.sv,xiaomi/mimo-v2-flash:free,stop,,gen-1769168307-caXQ1SckG1XTk82gl3nk
129,human_eval_test,0,7747,14028,0,C:\Users\durgamaniryudh\Desktop\Learn\testing_evals\test\human_eval_test\129\129_gen_0.sv,xiaomi/mimo-v2-flash:free,stop,,gen-1769168232-YSBxKqpE6CSNtp4cTNKm
3114,aapp_competition_test,0,4470,3358,0,C:\Users\durgamaniryudh\Desktop\Learn\testing_evals\test\aapp_competition_test\3114\3114_gen_0.sv,xiaomi/mimo-v2-flash:free,stop,,gen-1769168344-Usoen9Cd8xdepeARGTw4
3819,aapp_competition_test,0,4508,1917,0,C:\Users\durgamaniryudh\Desktop\Learn\testing_evals\test\aapp_competition_test\3819\3819_gen_0.sv,xiaomi/mimo-v2-flash:free,stop,,gen-1769168353-yjVJA3zHOBLMmJ5Fra4f
427,mbpp_test,0,4264,461,0,C:\Users\durgamaniryudh\Desktop\Learn\testing_evals\test\mbpp_test\427\427_gen_0.sv,xiaomi/mimo-v2-flash:free,stop,,gen-1769168370-UzQVdfGsYvXuCnJ1pmlr
448,mbpp_test,0,4371,980,0,C:\Users\durgamaniryudh\Desktop\Learn\testing_evals\test\mbpp_test\448\448_gen_0.sv,xiaomi/mimo-v2-flash:free,stop,,gen-1769168364-xzuftabson6pfMGnGFQp
25,human_eval_test,0,4439,1899,0,C:\Users\durgamaniryudh\Desktop\Learn\testing_evals\test\human_eval_test\25\25_gen_0.sv,xiaomi/mimo-v2-flash:free,stop,,gen-1769168372-ptvUbTrEYEn53A6ZTFrt
3117,aapp_competition_test,0,4366,2042,0,C:\Users\durgamaniryudh\Desktop\Learn\testing_evals\test\aapp_competition_test\3117\3117_gen_0.sv,xiaomi/mimo-v2-flash:free,stop,,gen-1769168375-VAYII1oTbLUwpo3kSpjb
3815,aapp_competition_test,0,4680,11865,0,C:\Users\durgamaniryudh\Desktop\Learn\testing_evals\test\aapp_competition_test\3815\3815_gen_0.sv,xiaomi/mimo-v2-flash:free,stop,,gen-1769168210-QbjVl5UjaNTBSwFOUH8b
3922,aapp_competition_test,0,4446,7086,0,C:\Users\durgamaniryudh\Desktop\Learn\testing_evals\test\aapp_competition_test\3922\3922_gen_0.sv,xiaomi/mimo-v2-flash:free,stop,,gen-1769168354-S6WWcjpYMrT48tMnDsVb
3295,aapp_competition_test,0,4595,4944,0,C:\Users\durgamaniryudh\Desktop\Learn\testing_evals\test\aapp_competition_test\3295\3295_gen_0.sv,xiaomi/mimo-v2-flash:free,stop,,gen-1769168350-pHCc8WDbzkpdpWvrGang
3297,aapp_competition_test,0,4471,5375,0,C:\Users\durgamaniryudh\Desktop\Learn\testing_evals\test\aapp_competition_test\3297\3297_gen_0.sv,xiaomi/mimo-v2-flash:free,stop,,gen-1769168376-nF1xT50F2zL0ANcShRFp
3823,aapp_competition_test,0,4272,13897,0,C:\Users\durgamaniryudh\Desktop\Learn\testing_evals\test\aapp_competition_test\3823\3823_gen_0.sv,xiaomi/mimo-v2-flash:free,stop,,gen-1769168226-nAsWgdGLKBmEMrchjncc
3923,aapp_competition_test,0,4486,5456,0,C:\Users\durgamaniryudh\Desktop\Learn\testing_evals\test\aapp_competition_test\3923\3923_gen_0.sv,xiaomi/mimo-v2-flash:free,stop,,gen-1769168389-nGl4HaQnDyXHZzwNUCeQ
3299,aapp_competition_test,0,4494,2432,0,C:\Users\durgamaniryudh\Desktop\Learn\testing_evals\test\aapp_competition_test\3299\3299_gen_0.sv,xiaomi/mimo-v2-flash:free,stop,,gen-1769168414-eIIRqs0JdjlW7cdwcq2L
143,mbpp_test,0,4450,403,0,C:\Users\durgamaniryudh\Desktop\Learn\testing_evals\test\mbpp_test\143\143_gen_0.sv,xiaomi/mimo-v2-flash:free,stop,,gen-1769168432-uOwZTJ1vJYTd6w01ARdQ
109,human_eval_test,0,4301,1599,0,C:\Users\durgamaniryudh\Desktop\Learn\testing_evals\test\human_eval_test\109\109_gen_0.sv,xiaomi/mimo-v2-flash:free,stop,,gen-1769168400-ALCvm7pDdyzxIM2XfxbG
256,mbpp_test,0,4308,2288,0,C:\Users\durgamaniryudh\Desktop\Learn\testing_evals\test\mbpp_test\256\256_gen_0.sv,xiaomi/mimo-v2-flash:free,stop,,gen-1769168394-MVf5zjYmJCq369WccS4X
3834,aapp_competition_test,0,4526,1832,0,C:\Users\durgamaniryudh\Desktop\Learn\testing_evals\test\aapp_competition_test\3834\3834_gen_0.sv,xiaomi/mimo-v2-flash:free,stop,,gen-1769168428-XMHMXJhLJxVNQrkgfPW5
3118,aapp_competition_test,0,4243,2374,0,C:\Users\durgamaniryudh\Desktop\Learn\testing_evals\test\aapp_competition_test\3118\3118_gen_0.sv,xiaomi/mimo-v2-flash:free,stop,,gen-1769168439-vSADczJjb568sbUJ84id
3930,aapp_competition_test,0,4377,3621,0,C:\Users\durgamaniryudh\Desktop\Learn\testing_evals\test\aapp_competition_test\3930\3930_gen_0.sv,xiaomi/mimo-v2-flash:free,stop,,gen-1769168428-0GP80spFazXtkj4ezELG
3833,aapp_competition_test,0,4322,2472,0,C:\Users\durgamaniryudh\Desktop\Learn\testing_evals\test\aapp_competition_test\3833\3833_gen_0.sv,xiaomi/mimo-v2-flash:free,stop,,gen-1769168444-h8gadrPnBBv4Y10sJ5ax
3112,aapp_competition_test,0,4750,5248,0,C:\Users\durgamaniryudh\Desktop\Learn\testing_evals\test\aapp_competition_test\3112\3112_gen_0.sv,xiaomi/mimo-v2-flash:free,stop,,gen-1769168413-DO6qmpejLwX4zx7nWGJl
119,mbpp_test,0,4421,692,0,C:\Users\durgamaniryudh\Desktop\Learn\testing_evals\test\mbpp_test\119\119_gen_0.sv,xiaomi/mimo-v2-flash:free,stop,,gen-1769168460-fUFgHPltrnMCwI7CtAfw
4,human_eval_test,0,4564,1429,0,C:\Users\durgamaniryudh\Desktop\Learn\testing_evals\test\human_eval_test\4\4_gen_0.sv,xiaomi/mimo-v2-flash:free,stop,,gen-1769168437-X0Sj0XaTwvXtvhDH6Ayl
3302,aapp_competition_test,0,4533,3206,0,C:\Users\durgamaniryudh\Desktop\Learn\testing_evals\test\aapp_competition_test\3302\3302_gen_0.sv,xiaomi/mimo-v2-flash:free,stop,,gen-1769168441-wPFVsXdeKA4HACykt19G
150,human_eval_test,0,4382,1316,0,C:\Users\durgamaniryudh\Desktop\Learn\testing_evals\test\human_eval_test\150\150_gen_0.sv,xiaomi/mimo-v2-flash:free,stop,,gen-1769168490-gLUcfhFhAieZxjvnBbyj
89,human_eval_test,0,4563,1327,0,C:\Users\durgamaniryudh\Desktop\Learn\testing_evals\test\human_eval_test\89\89_gen_0.sv,xiaomi/mimo-v2-flash:free,stop,,gen-1769168490-n497S83YJHK9pgnCqbd6
3116,aapp_competition_test,0,4381,3409,0,C:\Users\durgamaniryudh\Desktop\Learn\testing_evals\test\aapp_competition_test\3116\3116_gen_0.sv,xiaomi/mimo-v2-flash:free,stop,,gen-1769168461-1qksAhVaU8ZEGqMgQNEP
3929,aapp_competition_test,0,4203,1937,0,C:\Users\durgamaniryudh\Desktop\Learn\testing_evals\test\aapp_competition_test\3929\3929_gen_0.sv,xiaomi/mimo-v2-flash:free,stop,,gen-1769168483-aU2TB60FwlHjB8Dt69fe
3839,aapp_competition_test,0,4304,1204,0,C:\Users\durgamaniryudh\Desktop\Learn\testing_evals\test\aapp_competition_test\3839\3839_gen_0.sv,xiaomi/mimo-v2-flash:free,stop,,gen-1769168513-titCuebdWKBoXL1ruT7f
306,mbpp_test,0,4614,2677,0,C:\Users\durgamaniryudh\Desktop\Learn\testing_evals\test\mbpp_test\306\306_gen_0.sv,xiaomi/mimo-v2-flash:free,stop,,gen-1769168503-rQucco2HipuNtF9TNeil
3826,aapp_competition_test,0,4247,5077,0,C:\Users\durgamaniryudh\Desktop\Learn\testing_evals\test\aapp_competition_test\3826\3826_gen_0.sv,xiaomi/mimo-v2-flash:free,stop,,gen-1769168470-YIE5MYu80Y4YfaY7D3jS
3934,aapp_competition_test,0,4347,1566,0,C:\Users\durgamaniryudh\Desktop\Learn\testing_evals\test\aapp_competition_test\3934\3934_gen_0.sv,xiaomi/mimo-v2-flash:free,stop,,gen-1769168458-nq2c4xENS6aqDMliGGEr
3933,aapp_competition_test,0,4588,1405,0,C:\Users\durgamaniryudh\Desktop\Learn\testing_evals\test\aapp_competition_test\3933\3933_gen_0.sv,xiaomi/mimo-v2-flash:free,stop,,gen-1769168528-iUAWFEriWJPZ2CL0dscS
3115,aapp_competition_test,0,4632,7525,0,C:\Users\durgamaniryudh\Desktop\Learn\testing_evals\test\aapp_competition_test\3115\3115_gen_0.sv,xiaomi/mimo-v2-flash:free,stop,,gen-1769168503-lNPU5bjD6EXYYasyBpbE
3828,aapp_competition_test,0,4173,15101,0,C:\Users\durgamaniryudh\Desktop\Learn\testing_evals\test\aapp_competition_test\3828\3828_gen_0.sv,xiaomi/mimo-v2-flash:free,stop,,gen-1769168385-P3Pg7Y9OZYXi2zxnCwZC
3082,aapp_competition_test,0,4860,65536,0,C:\Users\durgamaniryudh\Desktop\Learn\testing_evals\test\aapp_competition_test\3082\3082_gen_0.sv,xiaomi/mimo-v2-flash:free,length,,gen-1769168098-hSSe5kxwajQgjAYNQ6bp
3300,aapp_competition_test,0,4691,15252,0,C:\Users\durgamaniryudh\Desktop\Learn\testing_evals\test\aapp_competition_test\3300\3300_gen_0.sv,xiaomi/mimo-v2-flash:free,stop,,gen-1769168468-4I4DINSF8mhyhAGCEJZs
3303,aapp_competition_test,0,5057,17072,0,C:\Users\durgamaniryudh\Desktop\Learn\testing_evals\test\aapp_competition_test\3303\3303_gen_0.sv,xiaomi/mimo-v2-flash:free,stop,,gen-1769168504-2uVh40hWO9BNxMKR8RkF
3289,aapp_competition_test,0,4479,65536,0,C:\Users\durgamaniryudh\Desktop\Learn\testing_evals\test\aapp_competition_test\3289\3289_gen_0.sv,xiaomi/mimo-v2-flash:free,length,,gen-1769168162-leL6YUy492s1FSyb9rtW
