Category,Problem,Has_SV,Has_TB,Has_VVP,Has_XML,Compilation,Verification,Overall,Tests,Pass,Fail,Skip
aapp_competition_test,3000,True,True,True,True,pass,fail,verification_failed,1,0,1,0
aapp_competition_test,3001,True,True,False,False,fail,fail,compilation_failed,0,0,0,0
aapp_competition_test,3004,True,True,True,True,pass,fail,verification_failed,1,0,1,0
aapp_competition_test,3005,True,True,True,True,pass,fail,verification_failed,1,0,1,0
aapp_competition_test,3007,True,True,True,True,pass,fail,verification_failed,1,0,1,0
aapp_competition_test,3008,True,True,True,True,pass,fail,verification_failed,1,0,1,0
aapp_competition_test,3009,True,True,True,True,pass,fail,verification_failed,1,0,1,0
aapp_competition_test,3010,True,True,True,True,pass,fail,verification_failed,1,0,1,0
aapp_competition_test,3011,True,True,True,True,pass,fail,verification_failed,1,0,1,0
aapp_competition_test,3013,True,True,True,True,pass,fail,verification_failed,1,0,1,0
aapp_competition_test,3015,True,True,False,False,fail,fail,compilation_failed,0,0,0,0
aapp_competition_test,3016,True,True,False,False,fail,fail,compilation_failed,0,0,0,0
aapp_competition_test,3017,True,True,False,False,fail,fail,compilation_failed,0,0,0,0
aapp_competition_test,3018,True,True,False,False,fail,fail,compilation_failed,0,0,0,0
aapp_competition_test,3019,True,True,True,True,pass,fail,verification_failed,1,0,1,0
aapp_competition_test,3021,True,True,False,False,fail,fail,compilation_failed,0,0,0,0
aapp_competition_test,3022,True,True,True,True,pass,fail,verification_failed,1,0,1,0
aapp_competition_test,3023,True,True,False,False,fail,fail,compilation_failed,0,0,0,0
aapp_competition_test,3024,True,True,True,True,pass,fail,verification_failed,1,0,1,0
aapp_competition_test,3025,True,True,False,False,fail,fail,compilation_failed,0,0,0,0
aapp_competition_test,3026,True,True,False,False,fail,fail,compilation_failed,0,0,0,0
aapp_competition_test,3027,True,True,True,True,pass,fail,verification_failed,1,0,1,0
aapp_competition_test,3028,True,True,False,False,fail,fail,compilation_failed,0,0,0,0
aapp_competition_test,3029,True,True,False,False,fail,fail,compilation_failed,0,0,0,0
aapp_competition_test,3030,True,True,True,True,pass,fail,verification_failed,1,0,1,0
aapp_competition_test,3031,True,True,True,True,pass,fail,verification_failed,2,0,2,0
aapp_competition_test,3032,True,True,True,True,pass,fail,verification_failed,1,0,1,0
aapp_competition_test,3035,True,True,False,False,fail,fail,compilation_failed,0,0,0,0
aapp_competition_test,3036,True,True,False,False,fail,fail,compilation_failed,0,0,0,0
aapp_competition_test,3037,True,True,True,True,pass,fail,verification_failed,1,0,1,0
aapp_competition_test,3038,True,True,False,False,fail,fail,compilation_failed,0,0,0,0
aapp_competition_test,3039,True,True,True,True,pass,fail,verification_failed,1,0,1,0
aapp_competition_test,3040,True,True,True,True,pass,fail,verification_failed,1,0,1,0
aapp_competition_test,3041,True,True,False,False,fail,fail,compilation_failed,0,0,0,0
aapp_competition_test,3042,True,True,False,False,fail,fail,compilation_failed,0,0,0,0
aapp_competition_test,3043,True,True,False,False,fail,fail,compilation_failed,0,0,0,0
aapp_competition_test,3044,True,True,False,False,fail,fail,compilation_failed,0,0,0,0
aapp_competition_test,3045,True,True,True,True,pass,fail,verification_failed,1,0,1,0
aapp_competition_test,3046,True,True,False,False,fail,fail,compilation_failed,0,0,0,0
aapp_competition_test,3047,True,True,False,False,fail,fail,compilation_failed,0,0,0,0
aapp_competition_test,3048,True,True,True,True,pass,fail,verification_failed,1,0,1,0
aapp_competition_test,3050,True,True,True,True,pass,fail,verification_failed,1,0,1,0
aapp_competition_test,3051,True,True,True,True,pass,fail,verification_failed,1,0,1,0
aapp_competition_test,3052,True,True,False,False,fail,fail,compilation_failed,0,0,0,0
aapp_competition_test,3053,True,True,True,True,pass,fail,verification_failed,1,0,1,0
aapp_competition_test,3054,True,True,True,True,pass,fail,verification_failed,7,0,7,0
aapp_competition_test,3055,True,True,True,True,pass,fail,verification_failed,1,0,1,0
aapp_competition_test,3056,True,True,True,True,pass,fail,verification_failed,1,0,1,0
aapp_competition_test,3057,True,True,True,True,pass,fail,verification_failed,1,0,1,0
aapp_competition_test,3058,True,True,False,False,fail,fail,compilation_failed,0,0,0,0
aapp_competition_test,3059,True,True,False,False,fail,fail,compilation_failed,0,0,0,0
aapp_competition_test,3062,True,True,True,True,pass,fail,verification_failed,1,0,1,0
aapp_competition_test,3063,True,True,False,False,fail,fail,compilation_failed,0,0,0,0
aapp_competition_test,3064,True,True,False,False,fail,fail,compilation_failed,0,0,0,0
aapp_competition_test,3066,True,True,False,False,fail,fail,compilation_failed,0,0,0,0
aapp_competition_test,3067,True,True,True,True,pass,fail,verification_failed,1,0,1,0
aapp_competition_test,3069,True,True,True,True,pass,fail,verification_failed,1,0,1,0
aapp_competition_test,3070,True,True,True,True,pass,fail,verification_failed,1,0,1,0
aapp_competition_test,3071,True,True,False,False,fail,fail,compilation_failed,0,0,0,0
aapp_competition_test,3072,True,True,False,False,fail,fail,compilation_failed,0,0,0,0
aapp_competition_test,3073,True,True,True,True,pass,fail,verification_failed,1,0,1,0
aapp_competition_test,3074,True,True,True,True,pass,fail,verification_failed,2,1,1,0
aapp_competition_test,3076,True,True,True,True,pass,fail,verification_failed,1,0,1,0
aapp_competition_test,3078,True,True,True,True,pass,fail,verification_failed,1,0,1,0
aapp_competition_test,3079,True,True,True,True,pass,fail,verification_failed,1,0,1,0
aapp_competition_test,3081,True,True,True,True,pass,fail,verification_failed,1,0,1,0
aapp_competition_test,3082,True,True,False,False,fail,fail,compilation_failed,0,0,0,0
aapp_competition_test,3083,True,True,True,True,pass,fail,verification_failed,1,0,1,0
aapp_competition_test,3084,True,True,True,True,pass,pass,pass,1,1,0,0
aapp_competition_test,3085,True,True,True,True,pass,fail,verification_failed,1,0,1,0
aapp_competition_test,3086,True,True,True,True,pass,fail,verification_failed,1,0,1,0
aapp_competition_test,3087,True,True,False,False,fail,fail,compilation_failed,0,0,0,0
aapp_competition_test,3088,True,True,False,False,fail,fail,compilation_failed,0,0,0,0
aapp_competition_test,3089,True,True,True,True,pass,fail,verification_failed,1,0,1,0
aapp_competition_test,3091,True,True,True,True,pass,fail,verification_failed,1,0,1,0
aapp_competition_test,3092,True,True,False,False,fail,fail,compilation_failed,0,0,0,0
aapp_competition_test,3093,True,True,False,False,fail,fail,compilation_failed,0,0,0,0
aapp_competition_test,3094,True,True,True,True,pass,fail,verification_failed,2,0,2,0
aapp_competition_test,3095,True,True,True,True,pass,fail,verification_failed,1,0,1,0
aapp_competition_test,3096,True,True,False,False,fail,fail,compilation_failed,0,0,0,0
aapp_competition_test,3097,True,True,True,True,pass,fail,verification_failed,1,0,1,0
aapp_competition_test,3098,True,True,True,True,pass,fail,verification_failed,1,0,1,0
aapp_competition_test,3099,True,True,True,True,pass,fail,verification_failed,1,0,1,0
aapp_competition_test,3100,True,True,True,True,pass,fail,verification_failed,1,0,1,0
aapp_competition_test,3101,True,True,True,True,pass,fail,verification_failed,1,0,1,0
aapp_competition_test,3102,True,True,False,False,fail,fail,compilation_failed,0,0,0,0
aapp_competition_test,3103,True,True,True,True,pass,fail,verification_failed,1,0,1,0
aapp_competition_test,3104,True,True,True,True,pass,fail,verification_failed,1,0,1,0
aapp_competition_test,3105,True,True,True,True,pass,fail,verification_failed,2,0,2,0
aapp_competition_test,3107,True,True,True,True,pass,fail,verification_failed,1,0,1,0
aapp_competition_test,3108,True,True,True,True,pass,fail,verification_failed,1,0,1,0
aapp_competition_test,3109,True,True,False,False,fail,fail,compilation_failed,0,0,0,0
aapp_competition_test,3110,True,True,True,True,pass,fail,verification_failed,1,0,1,0
aapp_competition_test,3112,True,True,True,True,pass,fail,verification_failed,1,0,1,0
aapp_competition_test,3113,True,True,False,False,fail,fail,compilation_failed,0,0,0,0
aapp_competition_test,3114,True,True,True,True,pass,fail,verification_failed,1,0,1,0
aapp_competition_test,3115,True,True,False,False,fail,fail,compilation_failed,0,0,0,0
aapp_competition_test,3116,True,True,False,False,fail,fail,compilation_failed,0,0,0,0
aapp_competition_test,3117,True,True,True,True,pass,fail,verification_failed,1,0,1,0
aapp_competition_test,3118,True,True,True,False,pass,fail,verification_failed,0,0,0,0
aapp_competition_test,3119,True,True,False,False,fail,fail,compilation_failed,0,0,0,0
aapp_competition_test,3120,True,True,True,True,pass,fail,verification_failed,1,0,1,0
aapp_competition_test,3121,True,True,True,True,pass,fail,verification_failed,1,0,1,0
aapp_competition_test,3122,True,True,True,True,pass,fail,verification_failed,1,0,1,0
aapp_competition_test,3123,True,True,True,True,pass,fail,verification_failed,1,0,1,0
aapp_competition_test,3124,True,True,False,False,fail,fail,compilation_failed,0,0,0,0
aapp_competition_test,3125,True,True,True,True,pass,fail,verification_failed,1,0,1,0
aapp_competition_test,3127,True,True,True,True,pass,fail,verification_failed,1,0,1,0
aapp_competition_test,3129,True,True,True,True,pass,fail,verification_failed,1,0,1,0
aapp_competition_test,3130,True,True,True,True,pass,fail,verification_failed,1,0,1,0
aapp_competition_test,3131,True,True,True,True,pass,fail,verification_failed,2,0,2,0
aapp_competition_test,3132,True,True,True,True,pass,fail,verification_failed,1,0,1,0
aapp_competition_test,3133,True,True,False,False,fail,fail,compilation_failed,0,0,0,0
aapp_competition_test,3134,True,True,True,True,pass,fail,verification_failed,1,0,1,0
aapp_competition_test,3135,True,True,False,False,fail,fail,compilation_failed,0,0,0,0
aapp_competition_test,3136,True,True,True,True,pass,fail,verification_failed,1,0,1,0
aapp_competition_test,3137,True,True,False,False,fail,fail,compilation_failed,0,0,0,0
aapp_competition_test,3138,True,True,False,False,fail,fail,compilation_failed,0,0,0,0
aapp_competition_test,3139,True,True,True,True,pass,fail,verification_failed,1,0,1,0
aapp_competition_test,3140,True,True,True,True,pass,fail,verification_failed,1,0,1,0
aapp_competition_test,3141,True,True,False,False,fail,fail,compilation_failed,0,0,0,0
aapp_competition_test,3142,True,True,True,True,pass,fail,verification_failed,1,0,1,0
aapp_competition_test,3144,True,True,True,True,pass,fail,verification_failed,1,0,1,0
aapp_competition_test,3145,True,True,True,True,pass,fail,verification_failed,1,0,1,0
aapp_competition_test,3146,True,True,True,True,pass,fail,verification_failed,1,0,1,0
aapp_competition_test,3147,True,True,True,True,pass,fail,verification_failed,1,0,1,0
aapp_competition_test,3148,True,True,True,True,pass,fail,verification_failed,1,0,1,0
aapp_competition_test,3152,True,True,True,True,pass,fail,verification_failed,1,0,1,0
aapp_competition_test,3153,True,True,True,True,pass,fail,verification_failed,1,0,1,0
aapp_competition_test,3154,True,True,False,False,fail,fail,compilation_failed,0,0,0,0
aapp_competition_test,3155,True,True,True,True,pass,fail,verification_failed,1,0,1,0
aapp_competition_test,3158,True,True,False,False,fail,fail,compilation_failed,0,0,0,0
aapp_competition_test,3159,True,True,False,False,fail,fail,compilation_failed,0,0,0,0
aapp_competition_test,3161,True,True,True,True,pass,fail,verification_failed,1,0,1,0
aapp_competition_test,3162,True,True,True,True,pass,fail,verification_failed,1,0,1,0
aapp_competition_test,3163,True,True,True,True,pass,fail,verification_failed,1,0,1,0
aapp_competition_test,3164,True,True,True,True,pass,fail,verification_failed,1,0,1,0
aapp_competition_test,3165,True,True,True,True,pass,fail,verification_failed,1,0,1,0
aapp_competition_test,3166,True,True,False,False,fail,fail,compilation_failed,0,0,0,0
aapp_competition_test,3167,True,True,True,True,pass,fail,verification_failed,1,0,1,0
aapp_competition_test,3168,True,True,True,True,pass,fail,verification_failed,1,0,1,0
aapp_competition_test,3169,True,True,False,False,fail,fail,compilation_failed,0,0,0,0
aapp_competition_test,3170,True,True,True,True,pass,fail,verification_failed,1,0,1,0
aapp_competition_test,3171,True,True,True,True,pass,fail,verification_failed,1,0,1,0
aapp_competition_test,3172,True,True,True,True,pass,fail,verification_failed,1,0,1,0
aapp_competition_test,3173,True,True,False,False,fail,fail,compilation_failed,0,0,0,0
aapp_competition_test,3174,True,True,False,False,fail,fail,compilation_failed,0,0,0,0
aapp_competition_test,3175,True,True,False,False,fail,fail,compilation_failed,0,0,0,0
aapp_competition_test,3176,True,True,True,True,pass,fail,verification_failed,1,0,1,0
aapp_competition_test,3177,True,True,True,True,pass,fail,verification_failed,1,0,1,0
aapp_competition_test,3178,True,True,False,False,fail,fail,compilation_failed,0,0,0,0
aapp_competition_test,3180,True,True,True,True,pass,fail,verification_failed,1,0,1,0
aapp_competition_test,3181,True,True,True,True,pass,fail,verification_failed,1,0,1,0
aapp_competition_test,3182,True,True,True,True,pass,fail,verification_failed,1,0,1,0
aapp_competition_test,3183,True,True,True,True,pass,fail,verification_failed,2,0,2,0
aapp_competition_test,3184,True,True,True,True,pass,fail,verification_failed,1,0,1,0
aapp_competition_test,3185,True,True,True,True,pass,fail,verification_failed,1,0,1,0
aapp_competition_test,3187,True,True,True,True,pass,fail,verification_failed,1,0,1,0
aapp_competition_test,3188,True,True,False,False,fail,fail,compilation_failed,0,0,0,0
aapp_competition_test,3189,True,True,True,False,pass,fail,verification_failed,0,0,0,0
aapp_competition_test,3190,True,True,True,True,pass,fail,verification_failed,1,0,1,0
aapp_competition_test,3191,True,True,True,True,pass,fail,verification_failed,1,0,1,0
aapp_competition_test,3192,True,True,False,False,fail,fail,compilation_failed,0,0,0,0
aapp_competition_test,3193,True,True,True,True,pass,fail,verification_failed,1,0,1,0
aapp_competition_test,3194,True,True,True,True,pass,fail,verification_failed,2,0,2,0
aapp_competition_test,3195,True,True,True,True,pass,fail,verification_failed,1,0,1,0
aapp_competition_test,3196,True,True,True,True,pass,fail,verification_failed,1,0,1,0
aapp_competition_test,3197,True,True,True,True,pass,fail,verification_failed,1,0,1,0
aapp_competition_test,3198,True,True,True,True,pass,fail,verification_failed,1,0,1,0
aapp_competition_test,3199,True,True,False,False,fail,fail,compilation_failed,0,0,0,0
aapp_competition_test,3201,True,True,True,True,pass,fail,verification_failed,1,0,1,0
aapp_competition_test,3202,True,True,True,False,pass,fail,verification_failed,0,0,0,0
aapp_competition_test,3203,True,True,False,False,fail,fail,compilation_failed,0,0,0,0
aapp_competition_test,3204,True,True,True,True,pass,fail,verification_failed,1,0,1,0
aapp_competition_test,3205,True,True,True,True,pass,fail,verification_failed,1,0,1,0
aapp_competition_test,3206,True,True,True,True,pass,fail,verification_failed,1,0,1,0
aapp_competition_test,3207,True,True,False,False,fail,fail,compilation_failed,0,0,0,0
aapp_competition_test,3208,True,True,False,False,fail,fail,compilation_failed,0,0,0,0
aapp_competition_test,3209,True,True,True,True,pass,fail,verification_failed,3,0,3,0
aapp_competition_test,3210,True,True,True,True,pass,fail,verification_failed,1,0,1,0
aapp_competition_test,3212,True,True,False,False,fail,fail,compilation_failed,0,0,0,0
aapp_competition_test,3213,True,True,True,True,pass,fail,verification_failed,2,0,2,0
aapp_competition_test,3214,True,True,False,False,fail,fail,compilation_failed,0,0,0,0
aapp_competition_test,3215,True,True,False,False,fail,fail,compilation_failed,0,0,0,0
aapp_competition_test,3216,True,True,True,True,pass,fail,verification_failed,1,0,1,0
aapp_competition_test,3217,True,True,True,True,pass,fail,verification_failed,1,0,1,0
aapp_competition_test,3218,True,True,True,False,pass,fail,verification_failed,0,0,0,0
aapp_competition_test,3220,True,True,True,True,pass,fail,verification_failed,1,0,1,0
aapp_competition_test,3221,True,True,True,False,pass,fail,verification_failed,0,0,0,0
aapp_competition_test,3222,True,True,True,False,pass,fail,verification_failed,0,0,0,0
aapp_competition_test,3223,True,True,True,False,pass,fail,verification_failed,0,0,0,0
aapp_competition_test,3225,True,True,False,False,fail,fail,compilation_failed,0,0,0,0
aapp_competition_test,3226,True,True,False,False,fail,fail,compilation_failed,0,0,0,0
aapp_competition_test,3229,True,True,True,True,pass,fail,verification_failed,1,0,1,0
aapp_competition_test,3230,True,True,False,False,fail,fail,compilation_failed,0,0,0,0
aapp_competition_test,3231,True,True,True,False,pass,fail,verification_failed,0,0,0,0
aapp_competition_test,3232,True,True,True,True,pass,fail,verification_failed,1,0,1,0
aapp_competition_test,3233,True,True,True,False,pass,fail,verification_failed,0,0,0,0
aapp_competition_test,3234,True,True,True,True,pass,fail,verification_failed,1,0,1,0
aapp_competition_test,3235,True,True,False,False,fail,fail,compilation_failed,0,0,0,0
aapp_competition_test,3236,True,True,True,True,pass,fail,verification_failed,1,0,1,0
aapp_competition_test,3237,True,True,True,True,pass,fail,verification_failed,1,0,1,0
aapp_competition_test,3238,True,True,False,False,fail,fail,compilation_failed,0,0,0,0
aapp_competition_test,3239,True,True,True,True,pass,fail,verification_failed,1,0,1,0
aapp_competition_test,3240,True,True,True,True,pass,fail,verification_failed,1,0,1,0
aapp_competition_test,3241,True,True,True,True,pass,fail,verification_failed,1,0,1,0
aapp_competition_test,3242,True,True,True,True,pass,fail,verification_failed,1,0,1,0
aapp_competition_test,3243,True,True,True,True,pass,fail,verification_failed,1,0,1,0
aapp_competition_test,3245,True,True,True,True,pass,fail,verification_failed,1,0,1,0
aapp_competition_test,3248,True,True,False,False,fail,fail,compilation_failed,0,0,0,0
aapp_competition_test,3249,True,True,False,False,fail,fail,compilation_failed,0,0,0,0
aapp_competition_test,3250,True,True,True,True,pass,fail,verification_failed,1,0,1,0
aapp_competition_test,3252,True,True,True,True,pass,fail,verification_failed,1,0,1,0
aapp_competition_test,3253,True,True,False,False,fail,fail,compilation_failed,0,0,0,0
aapp_competition_test,3254,True,True,False,False,fail,fail,compilation_failed,0,0,0,0
aapp_competition_test,3255,True,True,True,True,pass,fail,verification_failed,1,0,1,0
aapp_competition_test,3256,True,True,True,True,pass,fail,verification_failed,1,0,1,0
aapp_competition_test,3257,True,True,True,True,pass,fail,verification_failed,1,0,1,0
aapp_competition_test,3258,True,True,False,False,fail,fail,compilation_failed,0,0,0,0
aapp_competition_test,3259,True,True,True,True,pass,fail,verification_failed,1,0,1,0
aapp_competition_test,3260,True,True,True,True,pass,fail,verification_failed,1,0,1,0
aapp_competition_test,3261,True,True,True,True,pass,fail,verification_failed,1,0,1,0
aapp_competition_test,3262,True,True,False,False,fail,fail,compilation_failed,0,0,0,0
aapp_competition_test,3263,True,True,False,False,fail,fail,compilation_failed,0,0,0,0
aapp_competition_test,3264,True,True,True,True,pass,fail,verification_failed,1,0,1,0
aapp_competition_test,3265,True,True,True,True,pass,fail,verification_failed,1,0,1,0
aapp_competition_test,3266,True,True,True,False,pass,fail,verification_failed,0,0,0,0
aapp_competition_test,3267,True,True,False,False,fail,fail,compilation_failed,0,0,0,0
aapp_competition_test,3268,True,True,False,False,fail,fail,compilation_failed,0,0,0,0
aapp_competition_test,3269,True,True,True,True,pass,fail,verification_failed,1,0,1,0
aapp_competition_test,3271,True,True,True,True,pass,fail,verification_failed,1,0,1,0
aapp_competition_test,3272,True,True,True,True,pass,fail,verification_failed,1,0,1,0
aapp_competition_test,3273,True,True,True,False,pass,fail,verification_failed,0,0,0,0
aapp_competition_test,3274,True,True,True,True,pass,fail,verification_failed,1,0,1,0
aapp_competition_test,3275,True,True,True,True,pass,fail,verification_failed,1,0,1,0
aapp_competition_test,3276,True,True,False,False,fail,fail,compilation_failed,0,0,0,0
aapp_competition_test,3277,True,True,True,True,pass,fail,verification_failed,1,0,1,0
aapp_competition_test,3278,True,True,True,True,pass,fail,verification_failed,1,0,1,0
aapp_competition_test,3279,True,True,False,False,fail,fail,compilation_failed,0,0,0,0
aapp_competition_test,3280,True,True,True,True,pass,fail,verification_failed,1,0,1,0
aapp_competition_test,3281,True,True,True,True,pass,fail,verification_failed,1,0,1,0
aapp_competition_test,3282,True,True,True,True,pass,fail,verification_failed,1,0,1,0
aapp_competition_test,3286,True,True,False,False,fail,fail,compilation_failed,0,0,0,0
aapp_competition_test,3288,True,True,True,True,pass,fail,verification_failed,1,0,1,0
aapp_competition_test,3289,True,True,False,False,fail,fail,compilation_failed,0,0,0,0
aapp_competition_test,3290,True,True,True,True,pass,fail,verification_failed,1,0,1,0
aapp_competition_test,3291,True,True,True,True,pass,pass,pass,0,0,0,0
aapp_competition_test,3292,True,True,True,False,pass,fail,verification_failed,0,0,0,0
aapp_competition_test,3293,True,True,True,True,pass,fail,verification_failed,1,0,1,0
aapp_competition_test,3294,True,True,True,True,pass,fail,verification_failed,1,0,1,0
aapp_competition_test,3295,True,True,False,False,fail,fail,compilation_failed,0,0,0,0
aapp_competition_test,3296,True,True,False,False,fail,fail,compilation_failed,0,0,0,0
aapp_competition_test,3297,True,True,True,True,pass,fail,verification_failed,1,0,1,0
aapp_competition_test,3298,True,True,True,True,pass,fail,verification_failed,1,0,1,0
aapp_competition_test,3299,True,True,False,False,fail,fail,compilation_failed,0,0,0,0
aapp_competition_test,3300,True,True,False,False,fail,fail,compilation_failed,0,0,0,0
aapp_competition_test,3301,True,True,False,False,fail,fail,compilation_failed,0,0,0,0
aapp_competition_test,3302,True,True,True,True,pass,fail,verification_failed,1,0,1,0
aapp_competition_test,3303,True,True,False,False,fail,fail,compilation_failed,0,0,0,0
aapp_competition_test,3304,True,True,True,True,pass,fail,verification_failed,1,0,1,0
aapp_competition_test,3305,True,True,False,False,fail,fail,compilation_failed,0,0,0,0
aapp_competition_test,3306,True,True,True,True,pass,fail,verification_failed,1,0,1,0
aapp_competition_test,3307,True,True,True,True,pass,fail,verification_failed,1,0,1,0
aapp_competition_test,3309,True,True,False,False,fail,fail,compilation_failed,0,0,0,0
aapp_competition_test,3310,True,True,True,True,pass,fail,verification_failed,2,0,2,0
aapp_competition_test,3311,True,True,False,False,fail,fail,compilation_failed,0,0,0,0
aapp_competition_test,3312,True,True,False,False,fail,fail,compilation_failed,0,0,0,0
aapp_competition_test,3313,True,True,True,True,pass,fail,verification_failed,1,0,1,0
aapp_competition_test,3314,True,True,True,True,pass,fail,verification_failed,1,0,1,0
aapp_competition_test,3315,True,True,False,False,fail,fail,compilation_failed,0,0,0,0
aapp_competition_test,3316,True,True,False,False,fail,fail,compilation_failed,0,0,0,0
aapp_competition_test,3318,True,True,True,True,pass,fail,verification_failed,1,0,1,0
aapp_competition_test,3319,True,True,True,True,pass,fail,verification_failed,1,0,1,0
aapp_competition_test,3320,True,True,False,False,fail,fail,compilation_failed,0,0,0,0
aapp_competition_test,3321,True,True,True,True,pass,fail,verification_failed,1,0,1,0
aapp_competition_test,3322,True,True,False,False,fail,fail,compilation_failed,0,0,0,0
aapp_competition_test,3323,True,True,True,False,pass,fail,verification_failed,0,0,0,0
aapp_competition_test,3324,True,True,False,False,fail,fail,compilation_failed,0,0,0,0
aapp_competition_test,3325,True,True,False,False,fail,fail,compilation_failed,0,0,0,0
aapp_competition_test,3326,True,True,False,False,fail,fail,compilation_failed,0,0,0,0
aapp_competition_test,3327,True,True,False,False,fail,fail,compilation_failed,0,0,0,0
aapp_competition_test,3328,True,True,True,True,pass,fail,verification_failed,1,0,1,0
aapp_competition_test,3329,True,True,False,False,fail,fail,compilation_failed,0,0,0,0
aapp_competition_test,3330,True,True,True,False,pass,fail,verification_failed,0,0,0,0
aapp_competition_test,3331,True,True,True,True,pass,fail,verification_failed,1,0,1,0
aapp_competition_test,3332,True,True,True,True,pass,fail,verification_failed,1,0,1,0
aapp_competition_test,3335,True,True,True,True,pass,fail,verification_failed,1,0,1,0
aapp_competition_test,3336,True,True,True,True,pass,fail,verification_failed,1,0,1,0
aapp_competition_test,3338,True,True,True,True,pass,fail,verification_failed,1,0,1,0
aapp_competition_test,3339,True,True,True,True,pass,fail,verification_failed,1,0,1,0
aapp_competition_test,3342,True,True,False,False,fail,fail,compilation_failed,0,0,0,0
aapp_competition_test,3343,True,True,True,True,pass,fail,verification_failed,1,0,1,0
aapp_competition_test,3344,True,True,True,True,pass,fail,verification_failed,1,0,1,0
aapp_competition_test,3345,True,True,False,False,fail,fail,compilation_failed,0,0,0,0
aapp_competition_test,3346,True,True,True,True,pass,fail,verification_failed,1,0,1,0
aapp_competition_test,3347,True,True,True,True,pass,fail,verification_failed,1,0,1,0
aapp_competition_test,3348,True,True,False,False,fail,fail,compilation_failed,0,0,0,0
aapp_competition_test,3349,True,True,True,True,pass,fail,verification_failed,1,0,1,0
aapp_competition_test,3352,True,True,True,True,pass,fail,verification_failed,1,0,1,0
aapp_competition_test,3353,True,True,True,True,pass,fail,verification_failed,1,0,1,0
aapp_competition_test,3354,True,True,False,False,fail,fail,compilation_failed,0,0,0,0
aapp_competition_test,3355,True,True,True,True,pass,fail,verification_failed,1,0,1,0
aapp_competition_test,3356,True,True,False,False,fail,fail,compilation_failed,0,0,0,0
aapp_competition_test,3357,True,True,True,True,pass,fail,verification_failed,1,0,1,0
aapp_competition_test,3358,True,True,False,False,fail,fail,compilation_failed,0,0,0,0
aapp_competition_test,3359,True,True,True,False,pass,fail,verification_failed,0,0,0,0
aapp_competition_test,3360,True,True,False,False,fail,fail,compilation_failed,0,0,0,0
aapp_competition_test,3361,True,True,True,True,pass,fail,verification_failed,1,0,1,0
aapp_competition_test,3362,True,True,False,False,fail,fail,compilation_failed,0,0,0,0
aapp_competition_test,3363,True,True,True,True,pass,fail,verification_failed,1,0,1,0
aapp_competition_test,3364,True,True,True,True,pass,fail,verification_failed,1,0,1,0
aapp_competition_test,3366,True,True,True,True,pass,fail,verification_failed,1,0,1,0
aapp_competition_test,3369,True,True,True,True,pass,fail,verification_failed,1,0,1,0
aapp_competition_test,3370,True,True,True,True,pass,fail,verification_failed,1,0,1,0
aapp_competition_test,3372,True,True,False,False,fail,fail,compilation_failed,0,0,0,0
aapp_competition_test,3373,True,True,False,False,fail,fail,compilation_failed,0,0,0,0
aapp_competition_test,3374,True,True,False,False,fail,fail,compilation_failed,0,0,0,0
aapp_competition_test,3375,True,True,True,True,pass,fail,verification_failed,1,0,1,0
aapp_competition_test,3376,True,True,True,True,pass,fail,verification_failed,1,0,1,0
aapp_competition_test,3377,True,True,True,True,pass,fail,verification_failed,1,0,1,0
aapp_competition_test,3378,True,True,False,False,fail,fail,compilation_failed,0,0,0,0
aapp_competition_test,3380,True,True,True,True,pass,fail,verification_failed,3,1,2,0
aapp_competition_test,3382,True,True,True,True,pass,fail,verification_failed,1,0,1,0
aapp_competition_test,3383,True,True,False,False,fail,fail,compilation_failed,0,0,0,0
aapp_competition_test,3384,True,True,True,True,pass,fail,verification_failed,1,0,1,0
aapp_competition_test,3385,True,True,False,False,fail,fail,compilation_failed,0,0,0,0
aapp_competition_test,3386,True,True,True,True,pass,pass,pass,1,1,0,0
aapp_competition_test,3387,True,True,True,True,pass,fail,verification_failed,1,0,1,0
aapp_competition_test,3388,True,True,True,True,pass,fail,verification_failed,1,0,1,0
aapp_competition_test,3390,True,True,False,False,fail,fail,compilation_failed,0,0,0,0
aapp_competition_test,3391,True,True,True,True,pass,fail,verification_failed,1,0,1,0
aapp_competition_test,3392,True,True,True,True,pass,fail,verification_failed,1,0,1,0
aapp_competition_test,3393,True,True,False,False,fail,fail,compilation_failed,0,0,0,0
aapp_competition_test,3395,True,True,True,True,pass,fail,verification_failed,1,0,1,0
aapp_competition_test,3397,True,True,True,True,pass,fail,verification_failed,1,0,1,0
aapp_competition_test,3398,True,True,False,False,fail,fail,compilation_failed,0,0,0,0
aapp_competition_test,3399,True,True,True,True,pass,fail,verification_failed,1,0,1,0
aapp_competition_test,3401,True,True,True,False,pass,fail,verification_failed,0,0,0,0
aapp_competition_test,3403,True,True,True,True,pass,fail,verification_failed,1,0,1,0
aapp_competition_test,3405,True,True,True,True,pass,fail,verification_failed,1,0,1,0
aapp_competition_test,3406,True,True,False,False,fail,fail,compilation_failed,0,0,0,0
aapp_competition_test,3407,True,True,True,False,pass,fail,verification_failed,0,0,0,0
aapp_competition_test,3409,True,True,True,True,pass,fail,verification_failed,1,0,1,0
aapp_competition_test,3410,True,True,True,True,pass,fail,verification_failed,1,0,1,0
aapp_competition_test,3411,True,True,True,True,pass,fail,verification_failed,1,0,1,0
aapp_competition_test,3413,True,True,False,False,fail,fail,compilation_failed,0,0,0,0
aapp_competition_test,3414,True,True,True,False,pass,fail,verification_failed,0,0,0,0
aapp_competition_test,3416,True,True,True,True,pass,fail,verification_failed,1,0,1,0
aapp_competition_test,3417,True,True,True,True,pass,fail,verification_failed,1,0,1,0
aapp_competition_test,3418,True,True,True,True,pass,fail,verification_failed,1,0,1,0
aapp_competition_test,3419,True,True,True,True,pass,fail,verification_failed,1,0,1,0
aapp_competition_test,3420,True,True,True,True,pass,fail,verification_failed,1,0,1,0
aapp_competition_test,3421,True,True,False,False,fail,fail,compilation_failed,0,0,0,0
aapp_competition_test,3422,True,True,False,False,fail,fail,compilation_failed,0,0,0,0
aapp_competition_test,3423,True,True,True,True,pass,fail,verification_failed,2,0,2,0
aapp_competition_test,3424,True,True,True,True,pass,fail,verification_failed,1,0,1,0
aapp_competition_test,3426,True,True,False,False,fail,fail,compilation_failed,0,0,0,0
aapp_competition_test,3427,True,True,True,False,pass,fail,verification_failed,0,0,0,0
aapp_competition_test,3428,True,True,True,True,pass,fail,verification_failed,1,0,1,0
aapp_competition_test,3429,True,True,True,True,pass,fail,verification_failed,1,0,1,0
aapp_competition_test,3430,True,True,False,False,fail,fail,compilation_failed,0,0,0,0
aapp_competition_test,3432,True,True,True,True,pass,fail,verification_failed,1,0,1,0
aapp_competition_test,3433,True,True,False,False,fail,fail,compilation_failed,0,0,0,0
aapp_competition_test,3434,True,True,False,False,fail,fail,compilation_failed,0,0,0,0
aapp_competition_test,3435,True,True,True,True,pass,fail,verification_failed,1,0,1,0
aapp_competition_test,3436,True,True,True,True,pass,fail,verification_failed,1,0,1,0
aapp_competition_test,3437,True,True,True,True,pass,fail,verification_failed,1,0,1,0
aapp_competition_test,3438,True,True,True,False,pass,fail,verification_failed,0,0,0,0
aapp_competition_test,3439,True,True,True,True,pass,fail,verification_failed,1,0,1,0
aapp_competition_test,3440,True,True,False,False,fail,fail,compilation_failed,0,0,0,0
aapp_competition_test,3441,True,True,True,True,pass,fail,verification_failed,1,0,1,0
aapp_competition_test,3442,True,True,False,False,fail,fail,compilation_failed,0,0,0,0
aapp_competition_test,3443,True,True,True,True,pass,fail,verification_failed,1,0,1,0
aapp_competition_test,3444,True,True,True,True,pass,fail,verification_failed,1,0,1,0
aapp_competition_test,3445,True,True,True,True,pass,fail,verification_failed,1,0,1,0
aapp_competition_test,3446,True,True,True,False,pass,fail,verification_failed,0,0,0,0
aapp_competition_test,3447,True,True,False,False,fail,fail,compilation_failed,0,0,0,0
aapp_competition_test,3449,True,True,False,False,fail,fail,compilation_failed,0,0,0,0
aapp_competition_test,3450,True,True,True,True,pass,fail,verification_failed,1,0,1,0
aapp_competition_test,3451,True,True,True,True,pass,fail,verification_failed,1,0,1,0
aapp_competition_test,3452,True,True,True,True,pass,fail,verification_failed,2,1,1,0
aapp_competition_test,3453,True,True,False,False,fail,fail,compilation_failed,0,0,0,0
aapp_competition_test,3454,True,True,True,True,pass,fail,verification_failed,1,0,1,0
aapp_competition_test,3457,True,True,True,True,pass,fail,verification_failed,1,0,1,0
aapp_competition_test,3458,True,True,False,False,fail,fail,compilation_failed,0,0,0,0
aapp_competition_test,3460,True,True,False,False,fail,fail,compilation_failed,0,0,0,0
aapp_competition_test,3461,True,True,True,True,pass,fail,verification_failed,1,0,1,0
aapp_competition_test,3463,True,True,True,True,pass,fail,verification_failed,1,0,1,0
aapp_competition_test,3464,True,True,False,False,fail,fail,compilation_failed,0,0,0,0
aapp_competition_test,3465,True,True,False,False,fail,fail,compilation_failed,0,0,0,0
aapp_competition_test,3468,True,True,True,True,pass,fail,verification_failed,1,0,1,0
aapp_competition_test,3469,True,True,False,False,fail,fail,compilation_failed,0,0,0,0
aapp_competition_test,3470,True,True,True,True,pass,fail,verification_failed,1,0,1,0
aapp_competition_test,3471,True,True,True,True,pass,fail,verification_failed,1,0,1,0
aapp_competition_test,3472,True,True,False,False,fail,fail,compilation_failed,0,0,0,0
aapp_competition_test,3473,True,True,False,False,fail,fail,compilation_failed,0,0,0,0
aapp_competition_test,3474,True,True,True,True,pass,fail,verification_failed,2,0,2,0
aapp_competition_test,3475,True,True,False,False,fail,fail,compilation_failed,0,0,0,0
aapp_competition_test,3476,True,True,False,False,fail,fail,compilation_failed,0,0,0,0
aapp_competition_test,3477,True,True,False,False,fail,fail,compilation_failed,0,0,0,0
aapp_competition_test,3478,True,True,True,False,pass,fail,verification_failed,0,0,0,0
aapp_competition_test,3479,True,True,True,True,pass,fail,verification_failed,1,0,1,0
aapp_competition_test,3482,True,True,True,True,pass,fail,verification_failed,1,0,1,0
aapp_competition_test,3483,True,True,True,True,pass,fail,verification_failed,1,0,1,0
aapp_competition_test,3484,True,True,True,True,pass,fail,verification_failed,1,0,1,0
aapp_competition_test,3485,True,True,False,False,fail,fail,compilation_failed,0,0,0,0
aapp_competition_test,3486,True,True,True,True,pass,fail,verification_failed,1,0,1,0
aapp_competition_test,3487,True,True,False,False,fail,fail,compilation_failed,0,0,0,0
aapp_competition_test,3488,True,True,False,False,fail,fail,compilation_failed,0,0,0,0
aapp_competition_test,3489,True,True,True,True,pass,fail,verification_failed,1,0,1,0
aapp_competition_test,3490,True,True,True,True,pass,fail,verification_failed,1,0,1,0
aapp_competition_test,3491,True,True,True,True,pass,fail,verification_failed,1,0,1,0
aapp_competition_test,3492,True,True,False,False,fail,fail,compilation_failed,0,0,0,0
aapp_competition_test,3493,True,True,True,True,pass,fail,verification_failed,1,0,1,0
aapp_competition_test,3494,True,True,False,False,fail,fail,compilation_failed,0,0,0,0
aapp_competition_test,3496,True,True,True,True,pass,fail,verification_failed,1,0,1,0
aapp_competition_test,3497,True,True,False,False,fail,fail,compilation_failed,0,0,0,0
aapp_competition_test,3498,True,True,False,False,fail,fail,compilation_failed,0,0,0,0
aapp_competition_test,3499,True,True,True,True,pass,fail,verification_failed,1,0,1,0
aapp_competition_test,3500,True,True,True,True,pass,fail,verification_failed,2,1,1,0
aapp_competition_test,3502,True,True,False,False,fail,fail,compilation_failed,0,0,0,0
aapp_competition_test,3503,True,True,False,False,fail,fail,compilation_failed,0,0,0,0
aapp_competition_test,3504,True,True,True,True,pass,fail,verification_failed,2,0,2,0
aapp_competition_test,3505,True,True,True,True,pass,fail,verification_failed,3,0,3,0
aapp_competition_test,3506,True,True,False,False,fail,fail,compilation_failed,0,0,0,0
aapp_competition_test,3507,True,True,True,False,pass,fail,verification_failed,0,0,0,0
aapp_competition_test,3508,True,True,True,True,pass,fail,verification_failed,1,0,1,0
aapp_competition_test,3510,True,True,False,False,fail,fail,compilation_failed,0,0,0,0
aapp_competition_test,3512,True,True,False,False,fail,fail,compilation_failed,0,0,0,0
aapp_competition_test,3514,True,True,True,False,pass,fail,verification_failed,0,0,0,0
aapp_competition_test,3515,True,True,False,False,fail,fail,compilation_failed,0,0,0,0
aapp_competition_test,3516,True,True,True,True,pass,fail,verification_failed,1,0,1,0
aapp_competition_test,3517,True,True,True,True,pass,fail,verification_failed,1,0,1,0
aapp_competition_test,3518,True,True,False,False,fail,fail,compilation_failed,0,0,0,0
aapp_competition_test,3519,True,True,True,True,pass,fail,verification_failed,1,0,1,0
aapp_competition_test,3520,True,True,True,True,pass,fail,verification_failed,1,0,1,0
aapp_competition_test,3522,True,True,True,True,pass,fail,verification_failed,2,0,2,0
aapp_competition_test,3523,True,True,True,True,pass,fail,verification_failed,1,0,1,0
aapp_competition_test,3524,True,True,True,True,pass,fail,verification_failed,1,0,1,0
aapp_competition_test,3525,True,True,True,True,pass,fail,verification_failed,1,0,1,0
aapp_competition_test,3526,True,True,True,True,pass,fail,verification_failed,1,0,1,0
aapp_competition_test,3527,True,True,False,False,fail,fail,compilation_failed,0,0,0,0
aapp_competition_test,3528,True,True,True,True,pass,fail,verification_failed,1,0,1,0
aapp_competition_test,3529,True,True,True,True,pass,fail,verification_failed,1,0,1,0
aapp_competition_test,3530,True,True,True,True,pass,fail,verification_failed,1,0,1,0
aapp_competition_test,3531,True,True,True,True,pass,fail,verification_failed,1,0,1,0
aapp_competition_test,3532,True,True,True,True,pass,fail,verification_failed,2,0,2,0
aapp_competition_test,3533,True,True,True,True,pass,fail,verification_failed,1,0,1,0
aapp_competition_test,3534,True,True,True,True,pass,fail,verification_failed,1,0,1,0
aapp_competition_test,3535,True,True,True,True,pass,fail,verification_failed,1,0,1,0
aapp_competition_test,3536,True,True,True,True,pass,fail,verification_failed,1,0,1,0
aapp_competition_test,3537,True,True,True,True,pass,fail,verification_failed,1,0,1,0
aapp_competition_test,3540,True,True,True,True,pass,fail,verification_failed,1,0,1,0
aapp_competition_test,3541,True,True,False,False,fail,fail,compilation_failed,0,0,0,0
aapp_competition_test,3542,True,True,True,True,pass,fail,verification_failed,1,0,1,0
aapp_competition_test,3543,True,True,True,True,pass,fail,verification_failed,1,0,1,0
aapp_competition_test,3544,True,True,True,True,pass,fail,verification_failed,1,0,1,0
aapp_competition_test,3545,True,True,False,False,fail,fail,compilation_failed,0,0,0,0
aapp_competition_test,3548,True,True,True,True,pass,fail,verification_failed,1,0,1,0
aapp_competition_test,3550,True,True,False,False,fail,fail,compilation_failed,0,0,0,0
aapp_competition_test,3551,True,True,True,True,pass,fail,verification_failed,1,0,1,0
aapp_competition_test,3553,True,True,True,True,pass,fail,verification_failed,1,0,1,0
aapp_competition_test,3554,True,True,False,False,fail,fail,compilation_failed,0,0,0,0
aapp_competition_test,3555,True,True,True,False,pass,fail,verification_failed,0,0,0,0
aapp_competition_test,3556,True,True,False,False,fail,fail,compilation_failed,0,0,0,0
aapp_competition_test,3557,True,True,False,False,fail,fail,compilation_failed,0,0,0,0
aapp_competition_test,3558,True,True,True,True,pass,fail,verification_failed,1,0,1,0
aapp_competition_test,3559,True,True,False,False,fail,fail,compilation_failed,0,0,0,0
aapp_competition_test,3560,True,True,True,True,pass,fail,verification_failed,1,0,1,0
aapp_competition_test,3561,True,True,True,True,pass,fail,verification_failed,1,0,1,0
aapp_competition_test,3562,True,True,True,True,pass,fail,verification_failed,2,0,2,0
aapp_competition_test,3563,True,True,False,False,fail,fail,compilation_failed,0,0,0,0
aapp_competition_test,3564,True,True,False,False,fail,fail,compilation_failed,0,0,0,0
aapp_competition_test,3565,True,True,True,True,pass,fail,verification_failed,1,0,1,0
aapp_competition_test,3566,True,True,True,True,pass,fail,verification_failed,1,0,1,0
aapp_competition_test,3567,True,True,True,True,pass,fail,verification_failed,1,0,1,0
aapp_competition_test,3568,True,True,False,False,fail,fail,compilation_failed,0,0,0,0
aapp_competition_test,3569,True,True,True,True,pass,fail,verification_failed,2,0,2,0
aapp_competition_test,3570,True,True,False,False,fail,fail,compilation_failed,0,0,0,0
aapp_competition_test,3571,True,True,False,False,fail,fail,compilation_failed,0,0,0,0
aapp_competition_test,3572,True,True,False,False,fail,fail,compilation_failed,0,0,0,0
aapp_competition_test,3573,True,True,True,True,pass,fail,verification_failed,1,0,1,0
aapp_competition_test,3574,True,True,True,True,pass,fail,verification_failed,1,0,1,0
aapp_competition_test,3575,True,True,True,False,pass,fail,verification_failed,0,0,0,0
aapp_competition_test,3576,True,True,False,False,fail,fail,compilation_failed,0,0,0,0
aapp_competition_test,3577,True,True,True,True,pass,fail,verification_failed,1,0,1,0
aapp_competition_test,3578,True,True,False,False,fail,fail,compilation_failed,0,0,0,0
aapp_competition_test,3579,True,True,False,False,fail,fail,compilation_failed,0,0,0,0
aapp_competition_test,3580,True,True,True,True,pass,fail,verification_failed,1,0,1,0
aapp_competition_test,3581,True,True,False,False,fail,fail,compilation_failed,0,0,0,0
aapp_competition_test,3582,True,True,False,False,fail,fail,compilation_failed,0,0,0,0
aapp_competition_test,3583,True,True,False,False,fail,fail,compilation_failed,0,0,0,0
aapp_competition_test,3584,True,True,False,False,fail,fail,compilation_failed,0,0,0,0
aapp_competition_test,3585,True,True,True,True,pass,fail,verification_failed,1,0,1,0
aapp_competition_test,3586,True,True,True,True,pass,fail,verification_failed,1,0,1,0
aapp_competition_test,3588,True,True,True,True,pass,fail,verification_failed,1,0,1,0
aapp_competition_test,3589,True,True,True,True,pass,fail,verification_failed,1,0,1,0
aapp_competition_test,3590,True,True,False,False,fail,fail,compilation_failed,0,0,0,0
aapp_competition_test,3592,True,True,True,True,pass,fail,verification_failed,1,0,1,0
aapp_competition_test,3593,True,True,False,False,fail,fail,compilation_failed,0,0,0,0
aapp_competition_test,3594,True,True,False,False,fail,fail,compilation_failed,0,0,0,0
aapp_competition_test,3595,True,True,False,False,fail,fail,compilation_failed,0,0,0,0
aapp_competition_test,3596,True,True,True,True,pass,fail,verification_failed,4,0,4,0
aapp_competition_test,3597,True,True,True,True,pass,fail,verification_failed,1,0,1,0
aapp_competition_test,3599,True,True,True,True,pass,fail,verification_failed,1,0,1,0
aapp_competition_test,3600,True,True,True,True,pass,fail,verification_failed,1,0,1,0
aapp_competition_test,3601,True,True,False,False,fail,fail,compilation_failed,0,0,0,0
aapp_competition_test,3602,True,True,False,False,fail,fail,compilation_failed,0,0,0,0
aapp_competition_test,3603,True,True,False,False,fail,fail,compilation_failed,0,0,0,0
aapp_competition_test,3604,True,True,True,True,pass,fail,verification_failed,1,0,1,0
aapp_competition_test,3606,True,True,False,False,fail,fail,compilation_failed,0,0,0,0
aapp_competition_test,3607,True,True,True,True,pass,fail,verification_failed,1,0,1,0
aapp_competition_test,3608,True,True,True,True,pass,fail,verification_failed,1,0,1,0
aapp_competition_test,3609,True,True,True,True,pass,fail,verification_failed,1,0,1,0
aapp_competition_test,3610,True,True,False,False,fail,fail,compilation_failed,0,0,0,0
aapp_competition_test,3611,True,True,True,True,pass,fail,verification_failed,1,0,1,0
aapp_competition_test,3613,True,True,True,True,pass,fail,verification_failed,1,0,1,0
aapp_competition_test,3614,True,True,False,False,fail,fail,compilation_failed,0,0,0,0
aapp_competition_test,3615,True,True,False,False,fail,fail,compilation_failed,0,0,0,0
aapp_competition_test,3616,True,True,False,False,fail,fail,compilation_failed,0,0,0,0
aapp_competition_test,3619,True,True,False,False,fail,fail,compilation_failed,0,0,0,0
aapp_competition_test,3620,True,True,True,True,pass,fail,verification_failed,1,0,1,0
aapp_competition_test,3621,True,True,False,False,fail,fail,compilation_failed,0,0,0,0
aapp_competition_test,3622,True,True,False,False,fail,fail,compilation_failed,0,0,0,0
aapp_competition_test,3623,True,True,False,False,fail,fail,compilation_failed,0,0,0,0
aapp_competition_test,3625,True,True,False,False,fail,fail,compilation_failed,0,0,0,0
aapp_competition_test,3626,True,True,True,True,pass,fail,verification_failed,1,0,1,0
aapp_competition_test,3628,True,True,True,True,pass,fail,verification_failed,1,0,1,0
aapp_competition_test,3629,True,True,True,True,pass,fail,verification_failed,1,0,1,0
aapp_competition_test,3630,True,True,True,True,pass,fail,verification_failed,2,1,1,0
aapp_competition_test,3631,True,True,True,False,pass,fail,verification_failed,0,0,0,0
aapp_competition_test,3632,True,True,True,True,pass,fail,verification_failed,1,0,1,0
aapp_competition_test,3633,True,True,False,False,fail,fail,compilation_failed,0,0,0,0
aapp_competition_test,3634,True,True,True,True,pass,fail,verification_failed,1,0,1,0
aapp_competition_test,3635,True,True,True,True,pass,fail,verification_failed,1,0,1,0
aapp_competition_test,3636,True,True,True,True,pass,fail,verification_failed,1,0,1,0
aapp_competition_test,3637,True,True,True,False,pass,fail,verification_failed,0,0,0,0
aapp_competition_test,3638,True,True,True,False,pass,fail,verification_failed,0,0,0,0
aapp_competition_test,3639,True,True,False,False,fail,fail,compilation_failed,0,0,0,0
aapp_competition_test,3640,True,True,True,True,pass,fail,verification_failed,1,0,1,0
aapp_competition_test,3641,True,True,False,False,fail,fail,compilation_failed,0,0,0,0
aapp_competition_test,3642,True,True,True,True,pass,fail,verification_failed,1,0,1,0
aapp_competition_test,3644,True,True,True,True,pass,fail,verification_failed,3,0,3,0
aapp_competition_test,3646,True,True,True,True,pass,fail,verification_failed,1,0,1,0
aapp_competition_test,3647,True,True,False,False,fail,fail,compilation_failed,0,0,0,0
aapp_competition_test,3648,True,True,True,True,pass,fail,verification_failed,1,0,1,0
aapp_competition_test,3649,True,True,True,True,pass,fail,verification_failed,1,0,1,0
aapp_competition_test,3650,True,True,True,True,pass,fail,verification_failed,1,0,1,0
aapp_competition_test,3652,True,True,True,True,pass,fail,verification_failed,1,0,1,0
aapp_competition_test,3653,True,True,False,False,fail,fail,compilation_failed,0,0,0,0
aapp_competition_test,3656,True,True,True,True,pass,fail,verification_failed,1,0,1,0
aapp_competition_test,3657,True,True,False,False,fail,fail,compilation_failed,0,0,0,0
aapp_competition_test,3658,True,True,True,True,pass,fail,verification_failed,1,0,1,0
aapp_competition_test,3659,True,True,False,False,fail,fail,compilation_failed,0,0,0,0
aapp_competition_test,3660,True,True,True,True,pass,fail,verification_failed,1,0,1,0
aapp_competition_test,3661,True,True,True,True,pass,fail,verification_failed,1,0,1,0
aapp_competition_test,3662,True,True,True,True,pass,fail,verification_failed,1,0,1,0
aapp_competition_test,3663,True,True,True,True,pass,fail,verification_failed,1,0,1,0
aapp_competition_test,3664,True,True,True,True,pass,fail,verification_failed,1,0,1,0
aapp_competition_test,3666,True,True,True,True,pass,fail,verification_failed,2,0,2,0
aapp_competition_test,3667,True,True,True,True,pass,fail,verification_failed,1,0,1,0
aapp_competition_test,3670,True,True,True,True,pass,fail,verification_failed,1,0,1,0
aapp_competition_test,3671,True,True,True,True,pass,fail,verification_failed,1,0,1,0
aapp_competition_test,3672,True,True,True,True,pass,fail,verification_failed,1,0,1,0
aapp_competition_test,3673,True,True,True,True,pass,fail,verification_failed,1,0,1,0
aapp_competition_test,3674,True,True,True,True,pass,fail,verification_failed,1,0,1,0
aapp_competition_test,3676,True,True,True,True,pass,fail,verification_failed,1,0,1,0
aapp_competition_test,3677,True,True,False,False,fail,fail,compilation_failed,0,0,0,0
aapp_competition_test,3679,True,True,True,True,pass,fail,verification_failed,1,0,1,0
aapp_competition_test,3681,True,True,False,False,fail,fail,compilation_failed,0,0,0,0
aapp_competition_test,3682,True,True,False,False,fail,fail,compilation_failed,0,0,0,0
aapp_competition_test,3683,True,True,True,True,pass,fail,verification_failed,1,0,1,0
aapp_competition_test,3684,True,True,True,True,pass,fail,verification_failed,1,0,1,0
aapp_competition_test,3685,True,True,False,False,fail,fail,compilation_failed,0,0,0,0
aapp_competition_test,3686,True,True,True,True,pass,fail,verification_failed,1,0,1,0
aapp_competition_test,3687,True,True,False,False,fail,fail,compilation_failed,0,0,0,0
aapp_competition_test,3688,True,True,False,False,fail,fail,compilation_failed,0,0,0,0
aapp_competition_test,3689,True,True,True,True,pass,fail,verification_failed,1,0,1,0
aapp_competition_test,3690,True,True,True,True,pass,fail,verification_failed,1,0,1,0
aapp_competition_test,3691,True,True,True,True,pass,fail,verification_failed,1,0,1,0
aapp_competition_test,3692,True,True,True,True,pass,fail,verification_failed,1,0,1,0
aapp_competition_test,3693,True,True,True,True,pass,fail,verification_failed,1,0,1,0
aapp_competition_test,3694,True,True,True,False,pass,fail,verification_failed,0,0,0,0
aapp_competition_test,3695,True,True,True,True,pass,fail,verification_failed,1,0,1,0
aapp_competition_test,3696,True,True,True,True,pass,fail,verification_failed,1,0,1,0
aapp_competition_test,3697,True,True,True,True,pass,fail,verification_failed,1,0,1,0
aapp_competition_test,3699,True,True,True,True,pass,fail,verification_failed,1,0,1,0
aapp_competition_test,3701,True,True,False,False,fail,fail,compilation_failed,0,0,0,0
aapp_competition_test,3702,True,True,True,True,pass,pass,pass,1,1,0,0
aapp_competition_test,3703,True,True,False,False,fail,fail,compilation_failed,0,0,0,0
aapp_competition_test,3704,True,True,True,True,pass,fail,verification_failed,1,0,1,0
aapp_competition_test,3705,True,True,True,True,pass,fail,verification_failed,1,0,1,0
aapp_competition_test,3706,True,True,False,False,fail,fail,compilation_failed,0,0,0,0
aapp_competition_test,3708,True,True,True,True,pass,fail,verification_failed,1,0,1,0
aapp_competition_test,3709,True,True,True,True,pass,fail,verification_failed,1,0,1,0
aapp_competition_test,3710,True,True,False,False,fail,fail,compilation_failed,0,0,0,0
aapp_competition_test,3711,True,True,True,True,pass,fail,verification_failed,1,0,1,0
aapp_competition_test,3712,True,True,True,True,pass,fail,verification_failed,1,0,1,0
aapp_competition_test,3713,True,True,True,True,pass,fail,verification_failed,1,0,1,0
aapp_competition_test,3714,True,True,True,True,pass,fail,verification_failed,2,0,2,0
aapp_competition_test,3715,True,True,True,True,pass,pass,pass,1,1,0,0
aapp_competition_test,3716,True,True,False,False,fail,fail,compilation_failed,0,0,0,0
aapp_competition_test,3717,True,True,True,True,pass,fail,verification_failed,1,0,1,0
aapp_competition_test,3720,True,True,False,False,fail,fail,compilation_failed,0,0,0,0
aapp_competition_test,3721,True,True,False,False,fail,fail,compilation_failed,0,0,0,0
aapp_competition_test,3723,True,True,True,True,pass,fail,verification_failed,1,0,1,0
aapp_competition_test,3725,True,True,True,True,pass,fail,verification_failed,1,0,1,0
aapp_competition_test,3726,True,True,True,True,pass,fail,verification_failed,1,0,1,0
aapp_competition_test,3727,True,True,True,True,pass,fail,verification_failed,1,0,1,0
aapp_competition_test,3728,True,True,True,True,pass,fail,verification_failed,3,0,3,0
aapp_competition_test,3729,True,True,True,True,pass,fail,verification_failed,1,0,1,0
aapp_competition_test,3730,True,True,False,False,fail,fail,compilation_failed,0,0,0,0
aapp_competition_test,3731,True,True,True,True,pass,fail,verification_failed,1,0,1,0
aapp_competition_test,3732,True,True,False,False,fail,fail,compilation_failed,0,0,0,0
aapp_competition_test,3733,True,True,True,True,pass,fail,verification_failed,1,0,1,0
aapp_competition_test,3734,True,True,True,True,pass,pass,pass,1,1,0,0
aapp_competition_test,3735,True,True,True,True,pass,fail,verification_failed,1,0,1,0
aapp_competition_test,3736,True,True,True,True,pass,fail,verification_failed,1,0,1,0
aapp_competition_test,3737,True,True,True,True,pass,fail,verification_failed,1,0,1,0
aapp_competition_test,3738,True,True,True,True,pass,fail,verification_failed,1,0,1,0
aapp_competition_test,3739,True,True,True,True,pass,fail,verification_failed,1,0,1,0
aapp_competition_test,3740,True,True,False,False,fail,fail,compilation_failed,0,0,0,0
aapp_competition_test,3741,True,True,False,False,fail,fail,compilation_failed,0,0,0,0
aapp_competition_test,3742,True,True,False,False,fail,fail,compilation_failed,0,0,0,0
aapp_competition_test,3744,True,True,True,True,pass,fail,verification_failed,2,0,2,0
aapp_competition_test,3745,True,True,False,False,fail,fail,compilation_failed,0,0,0,0
aapp_competition_test,3746,True,True,False,False,fail,fail,compilation_failed,0,0,0,0
aapp_competition_test,3747,True,True,True,True,pass,pass,pass,3,3,0,0
aapp_competition_test,3750,True,True,True,True,pass,fail,verification_failed,1,0,1,0
aapp_competition_test,3751,True,True,True,True,pass,fail,verification_failed,1,0,1,0
aapp_competition_test,3752,True,True,False,False,fail,fail,compilation_failed,0,0,0,0
aapp_competition_test,3753,True,True,False,False,fail,fail,compilation_failed,0,0,0,0
aapp_competition_test,3756,True,True,False,False,fail,fail,compilation_failed,0,0,0,0
aapp_competition_test,3757,True,True,True,True,pass,fail,verification_failed,1,0,1,0
aapp_competition_test,3758,True,True,False,False,fail,fail,compilation_failed,0,0,0,0
aapp_competition_test,3759,True,True,True,True,pass,fail,verification_failed,1,0,1,0
aapp_competition_test,3761,True,True,False,False,fail,fail,compilation_failed,0,0,0,0
aapp_competition_test,3763,True,True,False,False,fail,fail,compilation_failed,0,0,0,0
aapp_competition_test,3764,True,True,True,False,pass,fail,verification_failed,0,0,0,0
aapp_competition_test,3765,True,True,True,True,pass,fail,verification_failed,1,0,1,0
aapp_competition_test,3766,True,True,True,True,pass,fail,verification_failed,1,0,1,0
aapp_competition_test,3768,True,True,True,True,pass,fail,verification_failed,1,0,1,0
aapp_competition_test,3769,True,True,True,True,pass,fail,verification_failed,2,0,2,0
aapp_competition_test,3770,True,True,False,False,fail,fail,compilation_failed,0,0,0,0
aapp_competition_test,3771,True,True,False,False,fail,fail,compilation_failed,0,0,0,0
aapp_competition_test,3772,True,True,False,False,fail,fail,compilation_failed,0,0,0,0
aapp_competition_test,3773,True,True,True,True,pass,fail,verification_failed,2,0,2,0
aapp_competition_test,3774,True,True,False,False,fail,fail,compilation_failed,0,0,0,0
aapp_competition_test,3775,True,True,False,False,fail,fail,compilation_failed,0,0,0,0
aapp_competition_test,3776,True,True,True,True,pass,fail,verification_failed,1,0,1,0
aapp_competition_test,3778,True,True,True,True,pass,fail,verification_failed,1,0,1,0
aapp_competition_test,3779,True,True,True,True,pass,fail,verification_failed,1,0,1,0
aapp_competition_test,3780,True,True,True,True,pass,fail,verification_failed,2,1,1,0
aapp_competition_test,3784,True,True,True,True,pass,fail,verification_failed,1,0,1,0
aapp_competition_test,3785,True,True,True,True,pass,fail,verification_failed,1,0,1,0
aapp_competition_test,3790,True,True,True,True,pass,fail,verification_failed,1,0,1,0
aapp_competition_test,3791,True,True,True,True,pass,fail,verification_failed,1,0,1,0
aapp_competition_test,3792,True,True,True,True,pass,fail,verification_failed,1,0,1,0
aapp_competition_test,3793,True,True,False,False,fail,fail,compilation_failed,0,0,0,0
aapp_competition_test,3794,True,True,True,True,pass,fail,verification_failed,1,0,1,0
aapp_competition_test,3796,True,True,True,True,pass,fail,verification_failed,1,0,1,0
aapp_competition_test,3800,True,True,False,False,fail,fail,compilation_failed,0,0,0,0
aapp_competition_test,3802,True,True,True,True,pass,fail,verification_failed,2,1,1,0
aapp_competition_test,3803,True,True,True,True,pass,fail,verification_failed,1,0,1,0
aapp_competition_test,3804,True,True,True,True,pass,fail,verification_failed,1,0,1,0
aapp_competition_test,3808,True,True,True,True,pass,fail,verification_failed,1,0,1,0
aapp_competition_test,3809,True,True,False,False,fail,fail,compilation_failed,0,0,0,0
aapp_competition_test,3810,True,True,True,False,pass,fail,verification_failed,0,0,0,0
aapp_competition_test,3811,True,True,True,True,pass,fail,verification_failed,2,0,2,0
aapp_competition_test,3812,True,True,True,True,pass,fail,verification_failed,1,0,1,0
aapp_competition_test,3815,True,True,False,False,fail,fail,compilation_failed,0,0,0,0
aapp_competition_test,3816,True,True,True,True,pass,fail,verification_failed,1,0,1,0
aapp_competition_test,3817,True,True,True,True,pass,fail,verification_failed,1,0,1,0
aapp_competition_test,3819,True,True,True,True,pass,fail,verification_failed,1,0,1,0
aapp_competition_test,3820,True,True,True,True,pass,fail,verification_failed,1,0,1,0
aapp_competition_test,3823,True,True,True,True,pass,fail,verification_failed,1,0,1,0
aapp_competition_test,3826,True,True,True,True,pass,fail,verification_failed,1,0,1,0
aapp_competition_test,3827,True,True,True,True,pass,fail,verification_failed,1,0,1,0
aapp_competition_test,3828,True,True,False,False,fail,fail,compilation_failed,0,0,0,0
aapp_competition_test,3830,True,True,True,True,pass,fail,verification_failed,1,0,1,0
aapp_competition_test,3831,True,True,True,True,pass,fail,verification_failed,1,0,1,0
aapp_competition_test,3833,True,True,True,True,pass,fail,verification_failed,1,0,1,0
aapp_competition_test,3834,True,True,True,True,pass,fail,verification_failed,2,0,2,0
aapp_competition_test,3835,True,True,False,False,fail,fail,compilation_failed,0,0,0,0
aapp_competition_test,3836,True,True,True,True,pass,fail,verification_failed,1,0,1,0
aapp_competition_test,3837,True,True,True,True,pass,fail,verification_failed,1,0,1,0
aapp_competition_test,3838,True,True,False,False,fail,fail,compilation_failed,0,0,0,0
aapp_competition_test,3839,True,True,True,True,pass,fail,verification_failed,1,0,1,0
aapp_competition_test,3840,True,True,True,True,pass,fail,verification_failed,1,0,1,0
aapp_competition_test,3841,True,True,True,True,pass,fail,verification_failed,1,0,1,0
aapp_competition_test,3842,True,True,True,True,pass,fail,verification_failed,1,0,1,0
aapp_competition_test,3843,True,True,True,True,pass,fail,verification_failed,1,0,1,0
aapp_competition_test,3844,True,True,True,True,pass,fail,verification_failed,1,0,1,0
aapp_competition_test,3847,True,True,True,True,pass,fail,verification_failed,1,0,1,0
aapp_competition_test,3848,True,True,True,True,pass,fail,verification_failed,1,0,1,0
aapp_competition_test,3849,True,True,True,True,pass,fail,verification_failed,1,0,1,0
aapp_competition_test,3850,True,True,True,True,pass,fail,verification_failed,1,0,1,0
aapp_competition_test,3851,True,True,False,False,fail,fail,compilation_failed,0,0,0,0
aapp_competition_test,3852,True,True,True,True,pass,fail,verification_failed,1,0,1,0
aapp_competition_test,3853,True,True,True,True,pass,fail,verification_failed,1,0,1,0
aapp_competition_test,3854,True,True,True,True,pass,fail,verification_failed,1,0,1,0
aapp_competition_test,3855,True,True,True,True,pass,fail,verification_failed,1,0,1,0
aapp_competition_test,3857,True,True,True,True,pass,fail,verification_failed,2,0,2,0
aapp_competition_test,3858,True,True,True,True,pass,fail,verification_failed,2,0,2,0
aapp_competition_test,3860,True,True,True,True,pass,fail,verification_failed,1,0,1,0
aapp_competition_test,3861,True,True,True,True,pass,fail,verification_failed,1,0,1,0
aapp_competition_test,3862,True,True,True,True,pass,fail,verification_failed,1,0,1,0
aapp_competition_test,3863,True,True,False,False,fail,fail,compilation_failed,0,0,0,0
aapp_competition_test,3865,True,True,True,False,pass,fail,verification_failed,0,0,0,0
aapp_competition_test,3866,True,True,True,True,pass,fail,verification_failed,1,0,1,0
aapp_competition_test,3867,True,True,False,False,fail,fail,compilation_failed,0,0,0,0
aapp_competition_test,3868,True,True,True,True,pass,fail,verification_failed,1,0,1,0
aapp_competition_test,3869,True,True,False,False,fail,fail,compilation_failed,0,0,0,0
aapp_competition_test,3870,True,True,True,True,pass,fail,verification_failed,1,0,1,0
aapp_competition_test,3871,True,True,False,False,fail,fail,compilation_failed,0,0,0,0
aapp_competition_test,3872,True,True,False,False,fail,fail,compilation_failed,0,0,0,0
aapp_competition_test,3873,True,True,True,True,pass,fail,verification_failed,1,0,1,0
aapp_competition_test,3874,True,True,True,True,pass,fail,verification_failed,1,0,1,0
aapp_competition_test,3875,True,True,True,True,pass,fail,verification_failed,1,0,1,0
aapp_competition_test,3877,True,True,True,True,pass,fail,verification_failed,1,0,1,0
aapp_competition_test,3878,True,True,False,False,fail,fail,compilation_failed,0,0,0,0
aapp_competition_test,3879,True,True,True,True,pass,fail,verification_failed,1,0,1,0
aapp_competition_test,3880,True,True,True,True,pass,fail,verification_failed,1,0,1,0
aapp_competition_test,3881,True,True,False,False,fail,fail,compilation_failed,0,0,0,0
aapp_competition_test,3883,True,True,True,True,pass,fail,verification_failed,1,0,1,0
aapp_competition_test,3884,True,True,False,False,fail,fail,compilation_failed,0,0,0,0
aapp_competition_test,3885,True,True,True,True,pass,pass,pass,1,1,0,0
aapp_competition_test,3886,True,True,True,True,pass,fail,verification_failed,1,0,1,0
aapp_competition_test,3887,True,True,True,False,pass,fail,verification_failed,0,0,0,0
aapp_competition_test,3889,True,True,True,True,pass,pass,pass,1,1,0,0
aapp_competition_test,3890,True,True,True,True,pass,fail,verification_failed,1,0,1,0
aapp_competition_test,3891,True,True,True,True,pass,fail,verification_failed,1,0,1,0
aapp_competition_test,3892,True,True,False,False,fail,fail,compilation_failed,0,0,0,0
aapp_competition_test,3893,True,True,True,True,pass,pass,pass,1,1,0,0
aapp_competition_test,3894,True,True,True,True,pass,fail,verification_failed,1,0,1,0
aapp_competition_test,3895,True,True,False,False,fail,fail,compilation_failed,0,0,0,0
aapp_competition_test,3896,True,True,True,True,pass,fail,verification_failed,1,0,1,0
aapp_competition_test,3897,True,True,True,True,pass,fail,verification_failed,1,0,1,0
aapp_competition_test,3898,True,True,True,True,pass,fail,verification_failed,1,0,1,0
aapp_competition_test,3899,True,True,False,False,fail,fail,compilation_failed,0,0,0,0
aapp_competition_test,3901,True,True,True,True,pass,fail,verification_failed,1,0,1,0
aapp_competition_test,3902,True,True,True,True,pass,fail,verification_failed,1,0,1,0
aapp_competition_test,3904,True,True,True,True,pass,fail,verification_failed,2,0,2,0
aapp_competition_test,3905,True,True,False,False,fail,fail,compilation_failed,0,0,0,0
aapp_competition_test,3906,True,True,True,True,pass,fail,verification_failed,1,0,1,0
aapp_competition_test,3907,True,True,True,True,pass,fail,verification_failed,1,0,1,0
aapp_competition_test,3908,True,True,False,False,fail,fail,compilation_failed,0,0,0,0
aapp_competition_test,3909,True,True,True,True,pass,fail,verification_failed,2,0,2,0
aapp_competition_test,3910,True,True,True,True,pass,fail,verification_failed,1,0,1,0
aapp_competition_test,3911,True,True,True,True,pass,pass,pass,1,1,0,0
aapp_competition_test,3912,True,True,True,False,pass,fail,verification_failed,0,0,0,0
aapp_competition_test,3916,True,True,True,True,pass,fail,verification_failed,1,0,1,0
aapp_competition_test,3917,True,True,False,False,fail,fail,compilation_failed,0,0,0,0
aapp_competition_test,3918,True,True,True,True,pass,fail,verification_failed,1,0,1,0
aapp_competition_test,3920,True,True,False,False,fail,fail,compilation_failed,0,0,0,0
aapp_competition_test,3922,True,True,True,False,pass,fail,verification_failed,0,0,0,0
aapp_competition_test,3923,True,True,True,True,pass,fail,verification_failed,1,0,1,0
aapp_competition_test,3924,True,True,True,True,pass,fail,verification_failed,1,0,1,0
aapp_competition_test,3925,True,True,False,False,fail,fail,compilation_failed,0,0,0,0
aapp_competition_test,3929,True,True,True,True,pass,fail,verification_failed,1,0,1,0
aapp_competition_test,3930,True,True,False,False,fail,fail,compilation_failed,0,0,0,0
aapp_competition_test,3931,True,True,True,True,pass,fail,verification_failed,1,0,1,0
aapp_competition_test,3932,True,True,True,True,pass,fail,verification_failed,1,0,1,0
aapp_competition_test,3933,True,True,True,True,pass,fail,verification_failed,1,0,1,0
aapp_competition_test,3934,True,True,True,True,pass,fail,verification_failed,1,0,1,0
aapp_competition_test,3935,True,True,False,False,fail,fail,compilation_failed,0,0,0,0
aapp_competition_test,3936,True,True,True,True,pass,fail,verification_failed,1,0,1,0
aapp_competition_test,3938,True,True,True,True,pass,fail,verification_failed,1,0,1,0
aapp_competition_test,3939,True,True,False,False,fail,fail,compilation_failed,0,0,0,0
aapp_competition_test,3940,True,True,True,True,pass,fail,verification_failed,2,1,1,0
aapp_competition_test,3941,True,True,False,False,fail,fail,compilation_failed,0,0,0,0
aapp_competition_test,3942,True,True,True,True,pass,fail,verification_failed,1,0,1,0
aapp_competition_test,3944,True,True,True,True,pass,fail,verification_failed,1,0,1,0
aapp_competition_test,3945,True,True,True,False,pass,fail,verification_failed,0,0,0,0
aapp_competition_test,3946,True,True,False,False,fail,fail,compilation_failed,0,0,0,0
aapp_competition_test,3947,True,True,True,True,pass,fail,verification_failed,1,0,1,0
aapp_competition_test,3948,True,True,False,False,fail,fail,compilation_failed,0,0,0,0
aapp_competition_test,3949,True,True,True,True,pass,fail,verification_failed,1,0,1,0
aapp_competition_test,3950,True,True,True,True,pass,fail,verification_failed,2,0,2,0
aapp_competition_test,3951,True,True,True,True,pass,fail,verification_failed,3,0,3,0
aapp_competition_test,3952,True,True,True,True,pass,fail,verification_failed,1,0,1,0
aapp_competition_test,3953,True,True,False,False,fail,fail,compilation_failed,0,0,0,0
aapp_competition_test,3954,True,True,True,True,pass,fail,verification_failed,1,0,1,0
aapp_competition_test,3955,True,True,True,True,pass,fail,verification_failed,1,0,1,0
aapp_competition_test,3957,True,True,False,False,fail,fail,compilation_failed,0,0,0,0
aapp_competition_test,3958,True,True,True,True,pass,fail,verification_failed,1,0,1,0
aapp_competition_test,3960,True,True,False,False,fail,fail,compilation_failed,0,0,0,0
aapp_competition_test,3961,True,True,False,False,fail,fail,compilation_failed,0,0,0,0
aapp_competition_test,3962,True,True,True,True,pass,fail,verification_failed,1,0,1,0
aapp_competition_test,3963,True,True,True,True,pass,fail,verification_failed,1,0,1,0
aapp_competition_test,3964,True,True,True,True,pass,fail,verification_failed,2,0,2,0
aapp_competition_test,3965,True,True,True,True,pass,pass,pass,1,1,0,0
aapp_competition_test,3967,True,True,True,True,pass,fail,verification_failed,1,0,1,0
aapp_competition_test,3968,True,True,True,True,pass,fail,verification_failed,1,0,1,0
aapp_competition_test,3969,True,True,True,True,pass,fail,verification_failed,1,0,1,0
aapp_competition_test,3970,True,True,False,False,fail,fail,compilation_failed,0,0,0,0
aapp_competition_test,3972,True,True,True,True,pass,fail,verification_failed,1,0,1,0
aapp_competition_test,3975,True,True,True,True,pass,fail,verification_failed,1,0,1,0
aapp_competition_test,3976,True,True,True,True,pass,fail,verification_failed,1,0,1,0
aapp_competition_test,3977,True,True,False,False,fail,fail,compilation_failed,0,0,0,0
aapp_competition_test,3978,True,True,True,True,pass,fail,verification_failed,1,0,1,0
aapp_competition_test,3979,True,True,False,False,fail,fail,compilation_failed,0,0,0,0
aapp_competition_test,3981,True,True,False,False,fail,fail,compilation_failed,0,0,0,0
aapp_competition_test,3982,True,True,True,True,pass,fail,verification_failed,1,0,1,0
aapp_competition_test,3984,True,True,True,True,pass,fail,verification_failed,1,0,1,0
aapp_competition_test,3985,True,True,False,False,fail,fail,compilation_failed,0,0,0,0
aapp_competition_test,3986,True,True,True,True,pass,fail,verification_failed,2,1,1,0
aapp_competition_test,3987,True,True,True,True,pass,fail,verification_failed,1,0,1,0
aapp_competition_test,3988,True,True,True,True,pass,fail,verification_failed,1,0,1,0
aapp_competition_test,3989,True,True,True,False,pass,fail,verification_failed,0,0,0,0
aapp_competition_test,3990,True,True,False,False,fail,fail,compilation_failed,0,0,0,0
aapp_competition_test,3991,True,True,True,True,pass,fail,verification_failed,1,0,1,0
aapp_competition_test,3992,True,True,True,True,pass,fail,verification_failed,1,0,1,0
aapp_competition_test,3993,True,True,True,True,pass,fail,verification_failed,1,0,1,0
aapp_competition_test,3994,True,True,True,True,pass,fail,verification_failed,1,0,1,0
aapp_competition_test,3995,True,True,False,False,fail,fail,compilation_failed,0,0,0,0
aapp_competition_test,3996,True,True,False,False,fail,fail,compilation_failed,0,0,0,0
aapp_competition_test,3998,True,True,True,True,pass,fail,verification_failed,1,0,1,0
aapp_competition_test,3999,True,True,True,True,pass,fail,verification_failed,1,0,1,0
human_eval_test,0,True,True,True,True,pass,fail,verification_failed,1,0,1,0
human_eval_test,1,True,True,True,True,pass,fail,verification_failed,1,0,1,0
human_eval_test,10,True,True,True,True,pass,fail,verification_failed,1,0,1,0
human_eval_test,101,True,True,True,True,pass,fail,verification_failed,1,0,1,0
human_eval_test,102,True,True,True,True,pass,pass,pass,1,1,0,0
human_eval_test,103,True,True,True,True,pass,fail,verification_failed,1,0,1,0
human_eval_test,104,True,True,True,True,pass,fail,verification_failed,1,0,1,0
human_eval_test,105,True,True,True,False,pass,fail,verification_failed,0,0,0,0
human_eval_test,106,True,True,True,True,pass,fail,verification_failed,1,0,1,0
human_eval_test,107,True,True,True,True,pass,fail,verification_failed,1,0,1,0
human_eval_test,108,True,True,True,True,pass,fail,verification_failed,1,0,1,0
human_eval_test,109,True,True,True,True,pass,fail,verification_failed,1,0,1,0
human_eval_test,11,True,True,True,True,pass,pass,pass,1,1,0,0
human_eval_test,110,True,True,True,True,pass,fail,verification_failed,1,0,1,0
human_eval_test,111,True,True,True,False,pass,fail,verification_failed,0,0,0,0
human_eval_test,112,True,True,True,True,pass,fail,verification_failed,1,0,1,0
human_eval_test,114,True,True,True,True,pass,fail,verification_failed,1,0,1,0
human_eval_test,115,True,True,True,True,pass,fail,verification_failed,1,0,1,0
human_eval_test,116,True,True,True,True,pass,fail,verification_failed,1,0,1,0
human_eval_test,117,True,True,False,False,fail,fail,compilation_failed,0,0,0,0
human_eval_test,119,True,True,True,True,pass,fail,verification_failed,1,0,1,0
human_eval_test,12,True,True,True,True,pass,fail,verification_failed,1,0,1,0
human_eval_test,120,True,True,True,True,pass,fail,verification_failed,1,0,1,0
human_eval_test,121,True,True,True,True,pass,pass,pass,1,1,0,0
human_eval_test,122,True,True,True,True,pass,fail,verification_failed,1,0,1,0
human_eval_test,123,True,True,True,True,pass,fail,verification_failed,1,0,1,0
human_eval_test,124,True,True,True,True,pass,pass,pass,2,2,0,0
human_eval_test,125,True,True,True,True,pass,fail,verification_failed,1,0,1,0
human_eval_test,126,True,True,True,True,pass,fail,verification_failed,1,0,1,0
human_eval_test,127,True,True,True,True,pass,fail,verification_failed,1,0,1,0
human_eval_test,128,True,True,True,True,pass,fail,verification_failed,1,0,1,0
human_eval_test,129,True,True,False,False,fail,fail,compilation_failed,0,0,0,0
human_eval_test,13,True,True,True,True,pass,fail,verification_failed,1,0,1,0
human_eval_test,130,True,True,False,False,fail,fail,compilation_failed,0,0,0,0
human_eval_test,131,True,True,True,True,pass,fail,verification_failed,1,0,1,0
human_eval_test,132,True,True,True,True,pass,fail,verification_failed,1,0,1,0
human_eval_test,133,True,True,True,True,pass,fail,verification_failed,1,0,1,0
human_eval_test,134,True,True,True,True,pass,fail,verification_failed,1,0,1,0
human_eval_test,135,True,True,True,True,pass,fail,verification_failed,1,0,1,0
human_eval_test,136,True,True,True,True,pass,pass,pass,1,1,0,0
human_eval_test,137,True,True,True,True,pass,fail,verification_failed,1,0,1,0
human_eval_test,139,True,True,True,True,pass,fail,verification_failed,1,0,1,0
human_eval_test,14,True,True,True,True,pass,pass,pass,1,1,0,0
human_eval_test,140,True,True,True,True,pass,fail,verification_failed,1,0,1,0
human_eval_test,141,True,True,True,True,pass,fail,verification_failed,1,0,1,0
human_eval_test,142,True,True,True,True,pass,fail,verification_failed,1,0,1,0
human_eval_test,143,True,True,True,True,pass,fail,verification_failed,1,0,1,0
human_eval_test,144,True,True,True,True,pass,pass,pass,1,1,0,0
human_eval_test,145,True,True,True,True,pass,fail,verification_failed,1,0,1,0
human_eval_test,146,True,True,True,True,pass,fail,verification_failed,2,1,1,0
human_eval_test,147,True,True,True,True,pass,fail,verification_failed,1,0,1,0
human_eval_test,148,True,True,True,True,pass,fail,verification_failed,1,0,1,0
human_eval_test,149,True,True,False,False,fail,fail,compilation_failed,0,0,0,0
human_eval_test,15,True,True,True,True,pass,fail,verification_failed,1,0,1,0
human_eval_test,150,True,True,True,True,pass,fail,verification_failed,1,0,1,0
human_eval_test,151,True,True,True,True,pass,fail,verification_failed,1,0,1,0
human_eval_test,152,True,True,True,True,pass,pass,pass,1,1,0,0
human_eval_test,153,True,True,True,True,pass,fail,verification_failed,1,0,1,0
human_eval_test,154,True,True,True,True,pass,fail,verification_failed,3,0,3,0
human_eval_test,155,True,True,True,True,pass,fail,verification_failed,1,0,1,0
human_eval_test,156,True,True,True,True,pass,pass,pass,1,1,0,0
human_eval_test,157,True,True,True,True,pass,fail,verification_failed,1,0,1,0
human_eval_test,158,True,True,True,True,pass,fail,verification_failed,1,0,1,0
human_eval_test,159,True,True,True,True,pass,pass,pass,1,1,0,0
human_eval_test,16,True,True,True,True,pass,fail,verification_failed,1,0,1,0
human_eval_test,160,True,True,True,True,pass,fail,verification_failed,1,0,1,0
human_eval_test,162,True,True,True,True,pass,fail,verification_failed,1,0,1,0
human_eval_test,163,True,True,True,True,pass,fail,verification_failed,1,0,1,0
human_eval_test,17,True,True,True,True,pass,fail,verification_failed,1,0,1,0
human_eval_test,18,True,True,True,True,pass,fail,verification_failed,1,0,1,0
human_eval_test,19,True,True,True,True,pass,fail,verification_failed,1,0,1,0
human_eval_test,2,True,True,True,True,pass,pass,pass,1,1,0,0
human_eval_test,20,True,True,True,True,pass,fail,verification_failed,1,0,1,0
human_eval_test,21,True,True,True,True,pass,fail,verification_failed,1,0,1,0
human_eval_test,22,True,True,True,True,pass,pass,pass,1,1,0,0
human_eval_test,23,True,True,True,True,pass,fail,verification_failed,1,0,1,0
human_eval_test,24,True,True,True,True,pass,fail,verification_failed,1,0,1,0
human_eval_test,25,True,True,False,False,fail,fail,compilation_failed,0,0,0,0
human_eval_test,26,True,True,True,True,pass,fail,verification_failed,1,0,1,0
human_eval_test,27,True,True,True,True,pass,fail,verification_failed,1,0,1,0
human_eval_test,28,True,True,False,False,fail,fail,compilation_failed,0,0,0,0
human_eval_test,29,True,True,False,False,fail,fail,compilation_failed,0,0,0,0
human_eval_test,3,True,True,True,True,pass,pass,pass,1,1,0,0
human_eval_test,30,True,True,True,True,pass,fail,verification_failed,1,0,1,0
human_eval_test,31,True,True,True,True,pass,fail,verification_failed,1,0,1,0
human_eval_test,33,True,True,False,False,fail,fail,compilation_failed,0,0,0,0
human_eval_test,34,True,True,True,False,pass,fail,verification_failed,0,0,0,0
human_eval_test,35,True,True,True,True,pass,fail,verification_failed,1,0,1,0
human_eval_test,36,True,True,True,True,pass,fail,verification_failed,1,0,1,0
human_eval_test,37,True,True,True,True,pass,fail,verification_failed,1,0,1,0
human_eval_test,39,True,True,True,True,pass,fail,verification_failed,1,0,1,0
human_eval_test,4,True,True,True,True,pass,fail,verification_failed,1,0,1,0
human_eval_test,40,True,True,True,True,pass,fail,verification_failed,1,0,1,0
human_eval_test,42,True,True,True,True,pass,fail,verification_failed,1,0,1,0
human_eval_test,43,True,True,True,True,pass,fail,verification_failed,1,0,1,0
human_eval_test,44,True,True,True,False,pass,fail,verification_failed,0,0,0,0
human_eval_test,45,True,True,True,True,pass,fail,verification_failed,1,0,1,0
human_eval_test,47,True,True,True,True,pass,fail,verification_failed,1,0,1,0
human_eval_test,48,True,True,True,True,pass,fail,verification_failed,1,0,1,0
human_eval_test,49,True,True,True,True,pass,fail,verification_failed,1,0,1,0
human_eval_test,5,True,True,True,True,pass,fail,verification_failed,1,0,1,0
human_eval_test,50,True,True,True,True,pass,fail,verification_failed,1,0,1,0
human_eval_test,51,True,True,True,True,pass,fail,verification_failed,1,0,1,0
human_eval_test,52,True,True,True,True,pass,pass,pass,1,1,0,0
human_eval_test,53,True,True,True,True,pass,pass,pass,1,1,0,0
human_eval_test,54,True,True,True,True,pass,fail,verification_failed,1,0,1,0
human_eval_test,55,True,True,True,True,pass,pass,pass,1,1,0,0
human_eval_test,56,True,True,True,True,pass,fail,verification_failed,1,0,1,0
human_eval_test,57,True,True,True,True,pass,fail,verification_failed,1,0,1,0
human_eval_test,58,True,True,True,True,pass,fail,verification_failed,1,0,1,0
human_eval_test,59,True,True,True,True,pass,fail,verification_failed,1,0,1,0
human_eval_test,60,True,True,True,True,pass,fail,verification_failed,1,0,1,0
human_eval_test,61,True,True,True,True,pass,fail,verification_failed,1,0,1,0
human_eval_test,62,True,True,False,False,fail,fail,compilation_failed,0,0,0,0
human_eval_test,63,True,True,True,True,pass,pass,pass,1,1,0,0
human_eval_test,64,True,True,True,True,pass,fail,verification_failed,1,0,1,0
human_eval_test,65,True,True,True,False,pass,fail,verification_failed,0,0,0,0
human_eval_test,66,True,True,True,True,pass,fail,verification_failed,1,0,1,0
human_eval_test,67,True,True,True,True,pass,fail,verification_failed,1,0,1,0
human_eval_test,68,True,True,True,True,pass,pass,pass,1,1,0,0
human_eval_test,69,True,True,True,True,pass,fail,verification_failed,1,0,1,0
human_eval_test,7,True,True,True,True,pass,fail,verification_failed,1,0,1,0
human_eval_test,70,True,True,False,False,fail,fail,compilation_failed,0,0,0,0
human_eval_test,72,True,True,True,True,pass,pass,pass,1,1,0,0
human_eval_test,74,True,True,True,True,pass,fail,verification_failed,1,0,1,0
human_eval_test,75,True,True,True,True,pass,fail,verification_failed,1,0,1,0
human_eval_test,76,True,True,True,True,pass,fail,verification_failed,1,0,1,0
human_eval_test,77,True,True,True,True,pass,pass,pass,1,1,0,0
human_eval_test,79,True,True,True,True,pass,fail,verification_failed,1,0,1,0
human_eval_test,8,True,True,True,True,pass,fail,verification_failed,1,0,1,0
human_eval_test,80,True,True,True,True,pass,fail,verification_failed,1,0,1,0
human_eval_test,81,True,True,True,True,pass,fail,verification_failed,1,0,1,0
human_eval_test,82,True,True,True,True,pass,fail,verification_failed,1,0,1,0
human_eval_test,83,True,True,True,True,pass,pass,pass,1,1,0,0
human_eval_test,84,True,True,True,True,pass,fail,verification_failed,1,0,1,0
human_eval_test,85,True,True,True,True,pass,fail,verification_failed,1,0,1,0
human_eval_test,86,True,True,True,True,pass,fail,verification_failed,1,0,1,0
human_eval_test,87,True,True,True,True,pass,fail,verification_failed,1,0,1,0
human_eval_test,88,True,True,True,True,pass,fail,verification_failed,1,0,1,0
human_eval_test,89,True,True,True,True,pass,fail,verification_failed,2,0,2,0
human_eval_test,9,True,True,True,True,pass,fail,verification_failed,1,0,1,0
human_eval_test,90,True,True,True,True,pass,fail,verification_failed,1,0,1,0
human_eval_test,91,True,True,False,False,fail,fail,compilation_failed,0,0,0,0
human_eval_test,92,True,True,True,True,pass,pass,pass,1,1,0,0
human_eval_test,94,True,True,True,True,pass,fail,verification_failed,1,0,1,0
human_eval_test,95,True,True,True,True,pass,fail,verification_failed,1,0,1,0
human_eval_test,96,True,True,True,True,pass,fail,verification_failed,1,0,1,0
human_eval_test,97,True,True,True,True,pass,fail,verification_failed,1,0,1,0
human_eval_test,98,True,True,True,True,pass,fail,verification_failed,1,0,1,0
mbpp_test,100,True,True,True,True,pass,fail,verification_failed,1,0,1,0
mbpp_test,102,True,True,False,False,fail,fail,compilation_failed,0,0,0,0
mbpp_test,104,True,True,False,False,fail,fail,compilation_failed,0,0,0,0
mbpp_test,105,True,True,True,True,pass,pass,pass,1,1,0,0
mbpp_test,109,True,True,True,True,pass,fail,verification_failed,2,1,1,0
mbpp_test,11,True,True,True,True,pass,fail,verification_failed,1,0,1,0
mbpp_test,111,True,True,True,True,pass,fail,verification_failed,1,0,1,0
mbpp_test,115,True,True,True,True,pass,fail,verification_failed,3,1,2,0
mbpp_test,116,True,True,True,True,pass,fail,verification_failed,1,0,1,0
mbpp_test,117,True,True,True,True,pass,fail,verification_failed,1,0,1,0
mbpp_test,119,True,True,True,True,pass,fail,verification_failed,1,0,1,0
mbpp_test,12,True,True,True,True,pass,fail,verification_failed,1,0,1,0
mbpp_test,120,True,True,True,True,pass,fail,verification_failed,1,0,1,0
mbpp_test,124,True,True,True,True,pass,fail,verification_failed,1,0,1,0
mbpp_test,125,True,True,True,True,pass,fail,verification_failed,1,0,1,0
mbpp_test,126,True,True,True,True,pass,fail,verification_failed,1,0,1,0
mbpp_test,127,True,True,True,True,pass,fail,verification_failed,3,2,1,0
mbpp_test,128,True,True,True,True,pass,fail,verification_failed,1,0,1,0
mbpp_test,129,True,True,True,True,pass,fail,verification_failed,1,0,1,0
mbpp_test,130,True,True,True,True,pass,fail,verification_failed,1,0,1,0
mbpp_test,133,True,True,True,True,pass,fail,verification_failed,1,0,1,0
mbpp_test,137,True,True,True,True,pass,fail,verification_failed,1,0,1,0
mbpp_test,138,True,True,True,True,pass,fail,verification_failed,2,1,1,0
mbpp_test,139,True,True,True,True,pass,fail,verification_failed,1,0,1,0
mbpp_test,140,True,True,True,True,pass,fail,verification_failed,1,0,1,0
mbpp_test,142,True,True,False,False,fail,fail,compilation_failed,0,0,0,0
mbpp_test,143,True,True,True,True,pass,pass,pass,4,4,0,0
mbpp_test,160,True,True,True,True,pass,fail,verification_failed,1,0,1,0
mbpp_test,161,True,True,True,True,pass,fail,verification_failed,1,0,1,0
mbpp_test,162,True,True,True,True,pass,fail,verification_failed,1,0,1,0
mbpp_test,165,True,True,True,True,pass,fail,verification_failed,1,0,1,0
mbpp_test,166,True,True,True,True,pass,pass,pass,1,1,0,0
mbpp_test,168,True,True,True,True,pass,pass,pass,1,1,0,0
mbpp_test,17,True,True,True,True,pass,pass,pass,1,1,0,0
mbpp_test,170,True,True,True,True,pass,pass,pass,1,1,0,0
mbpp_test,171,True,True,True,True,pass,fail,verification_failed,1,0,1,0
mbpp_test,172,True,True,True,True,pass,fail,verification_failed,1,0,1,0
mbpp_test,18,True,True,True,True,pass,fail,verification_failed,1,0,1,0
mbpp_test,222,True,True,True,True,pass,pass,pass,2,2,0,0
mbpp_test,223,True,True,True,True,pass,fail,verification_failed,1,0,1,0
mbpp_test,224,True,True,True,True,pass,fail,verification_failed,1,0,1,0
mbpp_test,226,True,True,True,True,pass,pass,pass,1,1,0,0
mbpp_test,228,True,True,True,True,pass,fail,verification_failed,1,0,1,0
mbpp_test,229,True,True,True,True,pass,fail,verification_failed,1,0,1,0
mbpp_test,233,True,True,True,True,pass,fail,verification_failed,1,0,1,0
mbpp_test,234,True,True,True,True,pass,pass,pass,1,1,0,0
mbpp_test,235,True,True,True,True,pass,fail,verification_failed,1,0,1,0
mbpp_test,237,True,True,True,True,pass,fail,verification_failed,1,0,1,0
mbpp_test,238,True,True,True,True,pass,fail,verification_failed,4,3,1,0
mbpp_test,239,True,True,False,False,fail,fail,compilation_failed,0,0,0,0
mbpp_test,240,True,True,True,True,pass,fail,verification_failed,1,0,1,0
mbpp_test,242,True,True,True,True,pass,fail,verification_failed,1,0,1,0
mbpp_test,244,True,True,True,True,pass,fail,verification_failed,1,0,1,0
mbpp_test,245,True,True,True,True,pass,fail,verification_failed,1,0,1,0
mbpp_test,247,True,True,True,True,pass,fail,verification_failed,1,0,1,0
mbpp_test,250,True,True,True,True,pass,fail,verification_failed,1,0,1,0
mbpp_test,251,True,True,True,True,pass,fail,verification_failed,2,1,1,0
mbpp_test,252,True,True,True,True,pass,fail,verification_failed,1,0,1,0
mbpp_test,255,True,True,True,True,pass,fail,verification_failed,1,0,1,0
mbpp_test,256,True,True,True,True,pass,fail,verification_failed,1,0,1,0
mbpp_test,257,True,True,True,True,pass,pass,pass,1,1,0,0
mbpp_test,259,True,True,True,True,pass,fail,verification_failed,1,0,1,0
mbpp_test,260,True,True,True,True,pass,fail,verification_failed,1,0,1,0
mbpp_test,261,True,True,True,True,pass,pass,pass,1,1,0,0
mbpp_test,262,True,True,True,True,pass,pass,pass,1,1,0,0
mbpp_test,265,True,True,False,False,fail,fail,compilation_failed,0,0,0,0
mbpp_test,268,True,True,True,True,pass,pass,pass,1,1,0,0
mbpp_test,270,True,True,True,True,pass,fail,verification_failed,1,0,1,0
mbpp_test,271,True,True,True,True,pass,fail,verification_failed,1,0,1,0
mbpp_test,272,True,True,True,False,pass,fail,verification_failed,0,0,0,0
mbpp_test,273,True,True,True,True,pass,pass,pass,1,1,0,0
mbpp_test,276,True,True,True,False,pass,fail,verification_failed,0,0,0,0
mbpp_test,277,True,True,True,True,pass,fail,verification_failed,1,0,1,0
mbpp_test,278,True,True,True,True,pass,fail,verification_failed,1,0,1,0
mbpp_test,279,True,True,True,True,pass,fail,verification_failed,1,0,1,0
mbpp_test,280,True,True,True,True,pass,fail,verification_failed,1,0,1,0
mbpp_test,282,True,True,True,True,pass,fail,verification_failed,1,0,1,0
mbpp_test,283,True,True,True,True,pass,fail,verification_failed,1,0,1,0
mbpp_test,284,True,True,True,True,pass,pass,pass,1,1,0,0
mbpp_test,285,True,True,True,True,pass,fail,verification_failed,1,0,1,0
mbpp_test,286,True,True,False,False,fail,fail,compilation_failed,0,0,0,0
mbpp_test,287,True,True,True,True,pass,fail,verification_failed,1,0,1,0
mbpp_test,290,True,True,True,True,pass,fail,verification_failed,1,0,1,0
mbpp_test,291,True,True,False,False,fail,fail,compilation_failed,0,0,0,0
mbpp_test,292,True,True,True,True,pass,fail,verification_failed,1,0,1,0
mbpp_test,296,True,True,True,True,pass,pass,pass,1,1,0,0
mbpp_test,297,True,True,True,True,pass,fail,verification_failed,1,0,1,0
mbpp_test,300,True,True,True,True,pass,fail,verification_failed,1,0,1,0
mbpp_test,301,True,True,True,True,pass,fail,verification_failed,2,1,1,0
mbpp_test,304,True,True,True,True,pass,fail,verification_failed,1,0,1,0
mbpp_test,305,True,True,True,True,pass,fail,verification_failed,1,0,1,0
mbpp_test,306,True,True,True,True,pass,fail,verification_failed,1,0,1,0
mbpp_test,307,True,True,True,True,pass,pass,pass,1,1,0,0
mbpp_test,309,True,True,True,True,pass,pass,pass,1,1,0,0
mbpp_test,310,True,True,True,True,pass,fail,verification_failed,1,0,1,0
mbpp_test,311,True,True,True,True,pass,fail,verification_failed,1,0,1,0
mbpp_test,312,True,True,True,True,pass,fail,verification_failed,1,0,1,0
mbpp_test,388,True,True,True,True,pass,fail,verification_failed,1,0,1,0
mbpp_test,389,True,True,True,True,pass,fail,verification_failed,1,0,1,0
mbpp_test,390,True,True,True,True,pass,fail,verification_failed,1,0,1,0
mbpp_test,391,True,True,True,True,pass,fail,verification_failed,1,0,1,0
mbpp_test,392,True,True,True,True,pass,fail,verification_failed,1,0,1,0
mbpp_test,393,True,True,True,True,pass,fail,verification_failed,1,0,1,0
mbpp_test,394,True,True,True,True,pass,pass,pass,1,1,0,0
mbpp_test,395,True,True,True,True,pass,pass,pass,1,1,0,0
mbpp_test,396,True,True,True,True,pass,fail,verification_failed,1,0,1,0
mbpp_test,397,True,True,True,True,pass,fail,verification_failed,1,0,1,0
mbpp_test,398,True,True,True,True,pass,fail,verification_failed,2,1,1,0
mbpp_test,399,True,True,True,True,pass,pass,pass,1,1,0,0
mbpp_test,400,True,True,True,True,pass,fail,verification_failed,1,0,1,0
mbpp_test,401,True,True,True,True,pass,fail,verification_failed,1,0,1,0
mbpp_test,405,True,True,True,True,pass,fail,verification_failed,1,0,1,0
mbpp_test,406,True,True,True,True,pass,pass,pass,1,1,0,0
mbpp_test,408,True,True,False,False,fail,fail,compilation_failed,0,0,0,0
mbpp_test,410,True,True,True,True,pass,pass,pass,1,1,0,0
mbpp_test,411,True,True,True,True,pass,fail,verification_failed,1,0,1,0
mbpp_test,412,True,True,True,True,pass,fail,verification_failed,1,0,1,0
mbpp_test,413,True,True,True,True,pass,fail,verification_failed,1,0,1,0
mbpp_test,414,True,True,False,False,fail,fail,compilation_failed,0,0,0,0
mbpp_test,415,True,True,True,False,pass,fail,verification_failed,0,0,0,0
mbpp_test,418,True,True,True,True,pass,pass,pass,1,1,0,0
mbpp_test,420,True,True,True,True,pass,fail,verification_failed,1,0,1,0
mbpp_test,422,True,True,True,True,pass,fail,verification_failed,1,0,1,0
mbpp_test,424,True,True,False,False,fail,fail,compilation_failed,0,0,0,0
mbpp_test,426,True,True,True,True,pass,fail,verification_failed,1,0,1,0
mbpp_test,427,True,True,True,True,pass,pass,pass,1,1,0,0
mbpp_test,428,True,True,True,True,pass,fail,verification_failed,1,0,1,0
mbpp_test,429,True,True,True,True,pass,pass,pass,1,1,0,0
mbpp_test,430,True,True,True,True,pass,fail,verification_failed,1,0,1,0
mbpp_test,431,True,True,True,True,pass,fail,verification_failed,3,2,1,0
mbpp_test,432,True,True,True,True,pass,pass,pass,1,1,0,0
mbpp_test,433,True,True,True,True,pass,pass,pass,1,1,0,0
mbpp_test,434,True,True,False,False,fail,fail,compilation_failed,0,0,0,0
mbpp_test,435,True,True,True,True,pass,pass,pass,1,1,0,0
mbpp_test,436,True,True,True,True,pass,fail,verification_failed,1,0,1,0
mbpp_test,437,True,True,True,True,pass,fail,verification_failed,1,0,1,0
mbpp_test,438,True,True,True,True,pass,fail,verification_failed,1,0,1,0
mbpp_test,439,True,True,True,True,pass,fail,verification_failed,1,0,1,0
mbpp_test,441,True,True,True,True,pass,pass,pass,1,1,0,0
mbpp_test,442,True,True,True,True,pass,fail,verification_failed,2,0,2,0
mbpp_test,444,True,True,True,True,pass,fail,verification_failed,2,1,1,0
mbpp_test,447,True,True,True,True,pass,fail,verification_failed,1,0,1,0
mbpp_test,448,True,True,True,True,pass,fail,verification_failed,1,0,1,0
mbpp_test,450,True,True,True,True,pass,fail,verification_failed,1,0,1,0
mbpp_test,451,True,True,True,True,pass,fail,verification_failed,1,0,1,0
mbpp_test,453,True,True,True,True,pass,fail,verification_failed,1,0,1,0
mbpp_test,454,True,True,True,True,pass,pass,pass,1,1,0,0
mbpp_test,455,True,True,True,True,pass,pass,pass,1,1,0,0
mbpp_test,457,True,True,True,True,pass,fail,verification_failed,1,0,1,0
mbpp_test,458,True,True,True,True,pass,pass,pass,1,1,0,0
mbpp_test,459,True,True,True,True,pass,fail,verification_failed,1,0,1,0
mbpp_test,460,True,True,True,True,pass,fail,verification_failed,1,0,1,0
mbpp_test,462,True,True,True,True,pass,fail,verification_failed,2,0,2,0
mbpp_test,463,True,True,True,True,pass,fail,verification_failed,1,0,1,0
mbpp_test,464,True,True,True,True,pass,pass,pass,1,1,0,0
mbpp_test,465,True,True,True,True,pass,fail,verification_failed,1,0,1,0
mbpp_test,471,True,True,True,True,pass,fail,verification_failed,1,0,1,0
mbpp_test,472,True,True,True,True,pass,pass,pass,1,1,0,0
mbpp_test,474,True,True,True,True,pass,fail,verification_failed,2,0,2,0
mbpp_test,475,True,True,True,True,pass,fail,verification_failed,1,0,1,0
mbpp_test,476,True,True,True,True,pass,fail,verification_failed,1,0,1,0
mbpp_test,477,True,True,True,True,pass,pass,pass,1,1,0,0
mbpp_test,479,True,True,True,True,pass,fail,verification_failed,1,0,1,0
mbpp_test,56,True,True,True,True,pass,fail,verification_failed,1,0,1,0
mbpp_test,57,True,True,False,False,fail,fail,compilation_failed,0,0,0,0
mbpp_test,58,True,True,True,True,pass,pass,pass,1,1,0,0
mbpp_test,63,True,True,True,True,pass,fail,verification_failed,1,0,1,0
mbpp_test,64,True,True,True,True,pass,fail,verification_failed,1,0,1,0
mbpp_test,65,True,True,True,True,pass,fail,verification_failed,1,0,1,0
mbpp_test,66,True,True,True,True,pass,fail,verification_failed,1,0,1,0
mbpp_test,67,True,True,True,True,pass,pass,pass,1,1,0,0
mbpp_test,70,True,True,True,True,pass,fail,verification_failed,1,0,1,0
mbpp_test,71,True,True,True,True,pass,fail,verification_failed,1,0,1,0
mbpp_test,75,True,True,True,True,pass,fail,verification_failed,1,0,1,0
mbpp_test,77,True,True,False,False,fail,fail,compilation_failed,0,0,0,0
mbpp_test,79,True,True,True,True,pass,pass,pass,1,1,0,0
mbpp_test,80,True,True,True,True,pass,pass,pass,1,1,0,0
mbpp_test,83,True,True,True,True,pass,fail,verification_failed,1,0,1,0
mbpp_test,84,True,True,False,False,fail,fail,compilation_failed,0,0,0,0
mbpp_test,85,True,True,True,True,pass,fail,verification_failed,1,0,1,0
mbpp_test,86,True,True,True,True,pass,pass,pass,1,1,0,0
mbpp_test,87,True,True,True,False,pass,fail,verification_failed,0,0,0,0
mbpp_test,88,True,True,True,True,pass,fail,verification_failed,1,0,1,0
mbpp_test,91,True,True,True,True,pass,fail,verification_failed,1,0,1,0
mbpp_test,92,True,True,True,True,pass,fail,verification_failed,1,0,1,0
mbpp_test,93,True,True,True,True,pass,fail,verification_failed,1,0,1,0
mbpp_test,94,True,True,True,True,pass,fail,verification_failed,1,0,1,0
mbpp_test,96,True,True,True,True,pass,fail,verification_failed,1,0,1,0
mbpp_test,97,True,True,True,True,pass,fail,verification_failed,1,0,1,0
mbpp_test,98,True,True,True,True,pass,fail,verification_failed,2,0,2,0
mbpp_test,99,True,True,True,True,pass,fail,verification_failed,1,0,1,0
mbpp_train,602,True,True,True,True,pass,fail,verification_failed,1,0,1,0
mbpp_train,603,True,True,True,True,pass,fail,verification_failed,1,0,1,0
mbpp_train,604,True,True,True,True,pass,fail,verification_failed,1,0,1,0
mbpp_train,605,True,True,True,True,pass,fail,verification_failed,1,0,1,0
mbpp_train,606,True,True,True,True,pass,fail,verification_failed,1,0,1,0
mbpp_train,607,True,True,True,True,pass,fail,verification_failed,2,0,2,0
mbpp_train,608,True,True,True,True,pass,fail,verification_failed,1,0,1,0
mbpp_train,610,True,True,False,False,fail,fail,compilation_failed,0,0,0,0
mbpp_train,611,True,True,True,True,pass,pass,pass,1,1,0,0
mbpp_train,612,True,True,True,True,pass,fail,verification_failed,1,0,1,0
mbpp_train,614,True,True,True,True,pass,fail,verification_failed,1,0,1,0
mbpp_train,615,True,True,True,True,pass,fail,verification_failed,1,0,1,0
mbpp_train,616,True,True,True,True,pass,pass,pass,1,1,0,0
mbpp_train,617,True,True,True,True,pass,fail,verification_failed,1,0,1,0
mbpp_train,618,True,True,True,True,pass,fail,verification_failed,2,0,2,0
mbpp_train,619,True,True,True,True,pass,fail,verification_failed,1,0,1,0
mbpp_train,620,True,True,True,True,pass,fail,verification_failed,1,0,1,0
mbpp_train,622,True,True,True,True,pass,fail,verification_failed,1,0,1,0
mbpp_train,623,True,True,True,True,pass,fail,verification_failed,1,0,1,0
mbpp_train,624,True,True,True,True,pass,fail,verification_failed,1,0,1,0
mbpp_train,625,True,True,True,True,pass,fail,verification_failed,1,0,1,0
mbpp_train,626,True,True,True,True,pass,fail,verification_failed,1,0,1,0
mbpp_train,627,True,True,True,True,pass,fail,verification_failed,1,0,1,0
mbpp_train,628,True,True,True,True,pass,fail,verification_failed,1,0,1,0
mbpp_train,629,True,True,True,True,pass,pass,pass,1,1,0,0
mbpp_train,630,True,True,True,True,pass,pass,pass,1,1,0,0
mbpp_train,631,True,True,True,True,pass,fail,verification_failed,1,0,1,0
mbpp_train,632,True,True,True,True,pass,pass,pass,1,1,0,0
mbpp_train,633,True,True,True,True,pass,fail,verification_failed,1,0,1,0
mbpp_train,635,True,True,True,True,pass,fail,verification_failed,1,0,1,0
mbpp_train,637,True,True,True,True,pass,pass,pass,1,1,0,0
mbpp_train,638,True,True,False,False,fail,fail,compilation_failed,0,0,0,0
mbpp_train,639,True,True,True,True,pass,fail,verification_failed,1,0,1,0
mbpp_train,640,True,True,True,True,pass,fail,verification_failed,1,0,1,0
mbpp_train,641,True,True,True,True,pass,fail,verification_failed,1,0,1,0
mbpp_train,643,True,True,True,True,pass,fail,verification_failed,1,0,1,0
mbpp_train,644,True,True,True,True,pass,fail,verification_failed,1,0,1,0
mbpp_train,720,True,True,True,True,pass,fail,verification_failed,1,0,1,0
mbpp_train,721,True,True,True,True,pass,fail,verification_failed,1,0,1,0
mbpp_train,722,True,True,True,True,pass,fail,verification_failed,1,0,1,0
mbpp_train,723,True,True,True,True,pass,fail,verification_failed,1,0,1,0
mbpp_train,724,True,True,True,True,pass,fail,verification_failed,1,0,1,0
mbpp_train,725,True,True,True,True,pass,fail,verification_failed,1,0,1,0
mbpp_train,726,True,True,True,True,pass,fail,verification_failed,1,0,1,0
mbpp_train,728,True,True,True,True,pass,pass,pass,1,1,0,0
mbpp_train,730,True,True,True,True,pass,fail,verification_failed,1,0,1,0
mbpp_train,731,True,True,False,False,fail,fail,compilation_failed,0,0,0,0
mbpp_train,732,True,True,True,True,pass,fail,verification_failed,1,0,1,0
mbpp_train,733,True,True,True,True,pass,pass,pass,1,1,0,0
mbpp_train,734,True,True,True,True,pass,pass,pass,1,1,0,0
mbpp_train,735,True,True,False,False,fail,fail,compilation_failed,0,0,0,0
mbpp_train,736,True,True,True,True,pass,fail,verification_failed,2,1,1,0
mbpp_train,737,True,True,True,True,pass,pass,pass,1,1,0,0
mbpp_train,738,True,True,True,True,pass,fail,verification_failed,1,0,1,0
mbpp_train,739,True,True,True,True,pass,fail,verification_failed,1,0,1,0
mbpp_train,740,True,True,True,True,pass,fail,verification_failed,1,0,1,0
mbpp_train,741,True,True,True,True,pass,fail,verification_failed,1,0,1,0
mbpp_train,742,True,True,True,True,pass,fail,verification_failed,1,0,1,0
mbpp_train,743,True,True,True,True,pass,fail,verification_failed,1,0,1,0
mbpp_train,744,True,True,True,True,pass,pass,pass,1,1,0,0
mbpp_train,745,True,True,True,True,pass,fail,verification_failed,1,0,1,0
mbpp_train,746,True,True,True,True,pass,fail,verification_failed,1,0,1,0
mbpp_train,747,True,True,True,False,pass,fail,verification_failed,0,0,0,0
mbpp_train,748,True,True,True,True,pass,fail,verification_failed,1,0,1,0
mbpp_train,749,True,True,True,True,pass,fail,verification_failed,1,0,1,0
mbpp_train,750,True,True,True,False,pass,fail,verification_failed,0,0,0,0
mbpp_train,751,True,True,True,True,pass,fail,verification_failed,1,0,1,0
mbpp_train,752,True,True,True,True,pass,pass,pass,1,1,0,0
mbpp_train,753,True,True,True,True,pass,fail,verification_failed,1,0,1,0
mbpp_train,754,True,True,True,False,pass,fail,verification_failed,0,0,0,0
mbpp_train,755,True,True,True,True,pass,fail,verification_failed,1,0,1,0
mbpp_train,756,True,True,True,True,pass,fail,verification_failed,1,0,1,0
mbpp_train,757,True,True,True,True,pass,fail,verification_failed,1,0,1,0
mbpp_train,758,True,True,True,True,pass,fail,verification_failed,1,0,1,0
mbpp_train,759,True,True,True,True,pass,fail,verification_failed,1,0,1,0
mbpp_train,760,True,True,True,True,pass,fail,verification_failed,1,0,1,0
mbpp_train,762,True,True,True,True,pass,pass,pass,1,1,0,0
mbpp_train,763,True,True,True,True,pass,fail,verification_failed,3,0,3,0
mbpp_train,764,True,True,True,True,pass,pass,pass,1,1,0,0
mbpp_train,765,True,True,True,True,pass,fail,verification_failed,1,0,1,0
mbpp_train,766,True,True,True,True,pass,fail,verification_failed,1,0,1,0
mbpp_train,767,True,True,True,True,pass,fail,verification_failed,1,0,1,0
mbpp_train,769,True,True,True,True,pass,fail,verification_failed,1,0,1,0
mbpp_train,770,True,True,True,True,pass,fail,verification_failed,1,0,1,0
mbpp_train,771,True,True,True,True,pass,fail,verification_failed,1,0,1,0
mbpp_train,772,True,True,True,False,pass,fail,verification_failed,0,0,0,0
mbpp_train,773,True,True,True,True,pass,fail,verification_failed,1,0,1,0
mbpp_train,775,True,True,True,True,pass,fail,verification_failed,1,0,1,0
mbpp_train,776,True,True,True,True,pass,fail,verification_failed,1,0,1,0
mbpp_train,777,True,True,True,True,pass,fail,verification_failed,1,0,1,0
mbpp_train,778,True,True,True,True,pass,fail,verification_failed,1,0,1,0
mbpp_train,779,True,True,False,False,fail,fail,compilation_failed,0,0,0,0
mbpp_train,780,True,True,True,True,pass,fail,verification_failed,3,0,3,0
mbpp_train,781,True,True,True,True,pass,fail,verification_failed,1,0,1,0
mbpp_train,782,True,True,False,False,fail,fail,compilation_failed,0,0,0,0
mbpp_train,783,True,True,True,True,pass,fail,verification_failed,1,0,1,0
mbpp_train,784,True,True,True,True,pass,pass,pass,1,1,0,0
mbpp_train,785,True,True,False,False,fail,fail,compilation_failed,0,0,0,0
mbpp_train,786,True,True,True,True,pass,pass,pass,1,1,0,0
mbpp_train,787,True,True,True,True,pass,fail,verification_failed,1,0,1,0
mbpp_train,788,True,True,True,True,pass,pass,pass,1,1,0,0
mbpp_train,790,True,True,True,True,pass,fail,verification_failed,1,0,1,0
mbpp_train,791,True,True,True,True,pass,pass,pass,1,1,0,0
mbpp_train,792,True,True,True,True,pass,fail,verification_failed,1,0,1,0
mbpp_train,793,True,True,True,True,pass,fail,verification_failed,1,0,1,0
mbpp_train,794,True,True,True,True,pass,fail,verification_failed,1,0,1,0
mbpp_train,796,True,True,True,True,pass,pass,pass,1,1,0,0
mbpp_train,797,True,True,True,True,pass,fail,verification_failed,1,0,1,0
mbpp_train,798,True,True,True,True,pass,pass,pass,1,1,0,0
mbpp_train,799,True,True,True,True,pass,fail,verification_failed,1,0,1,0
mbpp_train,800,True,True,True,True,pass,fail,verification_failed,1,0,1,0
mbpp_train,801,True,True,True,True,pass,pass,pass,1,1,0,0
mbpp_train,802,True,True,True,True,pass,fail,verification_failed,2,0,2,0
mbpp_train,803,True,True,True,True,pass,fail,verification_failed,1,0,1,0
mbpp_train,804,True,True,True,True,pass,pass,pass,1,1,0,0
mbpp_train,805,True,True,True,True,pass,fail,verification_failed,1,0,1,0
mbpp_train,806,True,True,True,True,pass,fail,verification_failed,1,0,1,0
mbpp_train,807,True,True,True,True,pass,pass,pass,1,1,0,0
mbpp_train,808,True,True,True,True,pass,pass,pass,1,1,0,0
mbpp_train,809,True,True,True,True,pass,pass,pass,1,1,0,0
mbpp_validation,554,True,True,True,True,pass,fail,verification_failed,1,0,1,0
mbpp_validation,555,True,True,True,True,pass,fail,verification_failed,1,0,1,0
mbpp_validation,556,True,True,True,True,pass,fail,verification_failed,1,0,1,0
mbpp_validation,558,True,True,True,True,pass,fail,verification_failed,1,0,1,0
mbpp_validation,560,True,True,True,True,pass,fail,verification_failed,1,0,1,0
mbpp_validation,562,True,True,True,True,pass,pass,pass,1,1,0,0
mbpp_validation,563,True,True,True,True,pass,fail,verification_failed,1,0,1,0
mbpp_validation,564,True,True,True,True,pass,fail,verification_failed,1,0,1,0
mbpp_validation,565,True,True,True,True,pass,fail,verification_failed,1,0,1,0
mbpp_validation,566,True,True,True,True,pass,fail,verification_failed,1,0,1,0
mbpp_validation,567,True,True,True,True,pass,fail,verification_failed,1,0,1,0
mbpp_validation,568,True,True,True,True,pass,pass,pass,1,1,0,0
mbpp_validation,569,True,True,True,False,pass,fail,verification_failed,0,0,0,0
mbpp_validation,573,True,True,True,True,pass,fail,verification_failed,1,0,1,0
mbpp_validation,574,True,True,True,True,pass,fail,verification_failed,2,0,2,0
mbpp_validation,576,True,True,True,True,pass,fail,verification_failed,1,0,1,0
mbpp_validation,578,True,True,True,True,pass,fail,verification_failed,1,0,1,0
mbpp_validation,579,True,True,True,True,pass,fail,verification_failed,1,0,1,0
mbpp_validation,580,True,True,True,True,pass,fail,verification_failed,1,0,1,0
mbpp_validation,581,True,True,True,True,pass,fail,verification_failed,1,0,1,0
mbpp_validation,582,True,True,True,True,pass,pass,pass,1,1,0,0
mbpp_validation,584,True,True,True,True,pass,fail,verification_failed,1,0,1,0
mbpp_validation,585,True,True,False,False,fail,fail,compilation_failed,0,0,0,0
mbpp_validation,586,True,True,True,True,pass,fail,verification_failed,1,0,1,0
mbpp_validation,588,True,True,True,True,pass,fail,verification_failed,1,0,1,0
mbpp_validation,589,True,True,False,False,fail,fail,compilation_failed,0,0,0,0
mbpp_validation,590,True,True,True,True,pass,fail,verification_failed,1,0,1,0
mbpp_validation,591,True,True,True,True,pass,fail,verification_failed,1,0,1,0
mbpp_validation,592,True,True,False,False,fail,fail,compilation_failed,0,0,0,0
mbpp_validation,593,True,True,True,True,pass,fail,verification_failed,1,0,1,0
mbpp_validation,594,True,True,True,True,pass,pass,pass,1,1,0,0
mbpp_validation,595,True,True,True,True,pass,pass,pass,1,1,0,0
mbpp_validation,597,True,True,True,True,pass,fail,verification_failed,1,0,1,0
mbpp_validation,598,True,True,True,True,pass,fail,verification_failed,7,2,5,0
