Index,Category,Problem,HDL_File,TB_File,Prompt_File,Compilation,Verification,Overall,Comp_Time,Verif_Time,Processed_At
1,aapp_competition_test,3000,3000_gen_0.sv,3000_testbench.py,3000_prompt.txt,pass,fail,verification_failed,0.09,28.36,2026-01-23T03:44:59.841306
2,aapp_competition_test,3001,3001_gen_0.sv,3001_testbench.py,3001_prompt.txt,fail,N/A,compilation_failed,0.07,0.00,2026-01-23T03:45:28.324472
3,aapp_competition_test,3004,3004_gen_0.sv,3004_testbench.py,3004_prompt.txt,pass,fail,verification_failed,0.07,16.95,2026-01-23T03:45:28.422282
4,aapp_competition_test,3005,3005_gen_0.sv,3005_testbench.py,3005_prompt.txt,pass,pass,pass,0.06,17.92,2026-01-23T03:45:45.462466
5,aapp_competition_test,3007,3007_gen_0.sv,3007_testbench.py,3007_prompt.txt,pass,fail,verification_failed,0.06,17.07,2026-01-23T03:46:03.470085
6,aapp_competition_test,3008,3008_gen_0.sv,3008_testbench.py,3008_prompt.txt,pass,fail,verification_failed,0.07,16.77,2026-01-23T03:46:20.635750
7,aapp_competition_test,3009,3009_gen_0.sv,3009_testbench.py,3009_prompt.txt,pass,fail,verification_failed,0.06,16.78,2026-01-23T03:46:37.516481
8,aapp_competition_test,3010,3010_gen_0.sv,3010_testbench.py,3010_prompt.txt,pass,fail,verification_failed,0.07,17.32,2026-01-23T03:46:54.399943
9,aapp_competition_test,3011,3011_gen_0.sv,3011_testbench.py,3011_prompt.txt,pass,pass,pass,0.08,16.74,2026-01-23T03:47:11.820365
10,aapp_competition_test,3013,3013_gen_0.sv,3013_testbench.py,3013_prompt.txt,pass,pass,pass,0.06,35.11,2026-01-23T03:47:28.659678
11,aapp_competition_test,3015,3015_gen_0.sv,3015_testbench.py,3015_prompt.txt,fail,N/A,compilation_failed,0.06,0.00,2026-01-23T03:48:03.862332
12,aapp_competition_test,3016,3016_gen_0.sv,3016_testbench.py,3016_prompt.txt,fail,N/A,compilation_failed,0.07,0.00,2026-01-23T03:48:03.959352
13,aapp_competition_test,3017,3017_gen_0.sv,3017_testbench.py,3017_prompt.txt,fail,N/A,compilation_failed,0.07,0.00,2026-01-23T03:48:04.073664
14,aapp_competition_test,3018,3018_gen_0.sv,3018_testbench.py,3018_prompt.txt,fail,N/A,compilation_failed,0.07,0.00,2026-01-23T03:48:04.173172
15,aapp_competition_test,3019,3019_gen_0.sv,3019_testbench.py,3019_prompt.txt,pass,pass,pass,0.07,21.65,2026-01-23T03:48:04.256744
16,aapp_competition_test,3021,3021_gen_0.sv,3021_testbench.py,3021_prompt.txt,fail,N/A,compilation_failed,0.06,0.00,2026-01-23T03:48:25.997352
17,aapp_competition_test,3022,3022_gen_0.sv,3022_testbench.py,3022_prompt.txt,pass,pass,pass,0.06,16.53,2026-01-23T03:48:26.088069
18,aapp_competition_test,3023,3023_gen_0.sv,3023_testbench.py,3023_prompt.txt,fail,N/A,compilation_failed,0.06,0.00,2026-01-23T03:48:42.695542
19,aapp_competition_test,3024,3024_gen_0.sv,3024_testbench.py,3024_prompt.txt,pass,fail,verification_failed,0.06,16.58,2026-01-23T03:48:42.804846
20,aapp_competition_test,3025,3025_gen_0.sv,3025_testbench.py,3025_prompt.txt,fail,N/A,compilation_failed,0.06,0.00,2026-01-23T03:48:59.477092
21,aapp_competition_test,3026,3026_gen_0.sv,3026_testbench.py,3026_prompt.txt,fail,N/A,compilation_failed,0.06,0.00,2026-01-23T03:48:59.576941
22,aapp_competition_test,3027,3027_gen_0.sv,3027_testbench.py,3027_prompt.txt,pass,fail,verification_failed,0.06,16.61,2026-01-23T03:48:59.667855
23,aapp_competition_test,3028,3028_gen_0.sv,3028_testbench.py,3028_prompt.txt,fail,N/A,compilation_failed,0.07,0.00,2026-01-23T03:49:16.367847
24,aapp_competition_test,3029,3029_gen_0.sv,3029_testbench.py,3029_prompt.txt,fail,N/A,compilation_failed,0.07,0.00,2026-01-23T03:49:16.480576
25,aapp_competition_test,3030,3030_gen_0.sv,3030_testbench.py,3030_prompt.txt,pass,pass,pass,0.06,16.73,2026-01-23T03:49:16.586604
26,aapp_competition_test,3031,3031_gen_0.sv,3031_testbench.py,3031_prompt.txt,pass,fail,verification_failed,0.06,17.19,2026-01-23T03:49:33.414228
27,aapp_competition_test,3032,3032_gen_0.sv,3032_testbench.py,3032_prompt.txt,pass,fail,verification_failed,0.06,16.80,2026-01-23T03:49:50.693382
28,aapp_competition_test,3035,3035_gen_0.sv,3035_testbench.py,3035_prompt.txt,fail,N/A,compilation_failed,0.06,0.00,2026-01-23T03:50:07.595753
29,aapp_competition_test,3036,3036_gen_0.sv,3036_testbench.py,3036_prompt.txt,fail,N/A,compilation_failed,0.06,0.00,2026-01-23T03:50:07.678798
30,aapp_competition_test,3037,3037_gen_0.sv,3037_testbench.py,3037_prompt.txt,pass,fail,verification_failed,0.06,21.58,2026-01-23T03:50:07.771793
31,aapp_competition_test,3038,3038_gen_0.sv,3038_testbench.py,3038_prompt.txt,fail,N/A,compilation_failed,0.09,0.00,2026-01-23T03:50:29.438488
32,aapp_competition_test,3039,3039_gen_0.sv,3039_testbench.py,3039_prompt.txt,pass,pass,pass,0.06,17.90,2026-01-23T03:50:29.577997
33,aapp_competition_test,3040,3040_gen_0.sv,3040_testbench.py,3040_prompt.txt,pass,pass,pass,0.05,17.43,2026-01-23T03:50:47.551618
34,aapp_competition_test,3041,3041_gen_0.sv,3041_testbench.py,3041_prompt.txt,fail,N/A,compilation_failed,0.07,0.00,2026-01-23T03:51:05.070075
35,aapp_competition_test,3042,3042_gen_0.sv,3042_testbench.py,3042_prompt.txt,fail,N/A,compilation_failed,0.06,0.00,2026-01-23T03:51:05.185695
36,aapp_competition_test,3043,3043_gen_0.sv,3043_testbench.py,3043_prompt.txt,fail,N/A,compilation_failed,0.06,0.00,2026-01-23T03:51:05.270324
37,aapp_competition_test,3044,3044_gen_0.sv,3044_testbench.py,3044_prompt.txt,fail,N/A,compilation_failed,0.06,0.00,2026-01-23T03:51:05.357118
38,aapp_competition_test,3045,3045_gen_0.sv,3045_testbench.py,3045_prompt.txt,pass,fail,verification_failed,0.07,17.41,2026-01-23T03:51:05.448743
39,aapp_competition_test,3046,3046_gen_0.sv,3046_testbench.py,3046_prompt.txt,fail,N/A,compilation_failed,0.05,0.00,2026-01-23T03:51:22.976315
40,aapp_competition_test,3047,3047_gen_0.sv,3047_testbench.py,3047_prompt.txt,fail,N/A,compilation_failed,0.07,0.00,2026-01-23T03:51:23.047568
41,aapp_competition_test,3048,3048_gen_0.sv,3048_testbench.py,3048_prompt.txt,pass,fail,verification_failed,0.07,16.86,2026-01-23T03:51:23.163448
42,aapp_competition_test,3050,3050_gen_0.sv,3050_testbench.py,3050_prompt.txt,pass,pass,pass,0.09,16.84,2026-01-23T03:51:40.108111
43,aapp_competition_test,3051,3051_gen_0.sv,3051_testbench.py,3051_prompt.txt,pass,fail,verification_failed,0.06,16.75,2026-01-23T03:51:57.071142
44,aapp_competition_test,3052,3052_gen_0.sv,3052_testbench.py,3052_prompt.txt,fail,N/A,compilation_failed,0.07,0.00,2026-01-23T03:52:13.936278
45,aapp_competition_test,3053,3053_gen_0.sv,3053_testbench.py,3053_prompt.txt,pass,fail,verification_failed,0.06,16.42,2026-01-23T03:52:14.049651
46,aapp_competition_test,3054,3054_gen_0.sv,3054_testbench.py,3054_prompt.txt,pass,fail,verification_failed,0.07,16.80,2026-01-23T03:52:30.569874
47,aapp_competition_test,3055,3055_gen_0.sv,3055_testbench.py,3055_prompt.txt,pass,fail,verification_failed,0.09,17.07,2026-01-23T03:52:47.479702
48,aapp_competition_test,3056,3056_gen_0.sv,3056_testbench.py,3056_prompt.txt,pass,fail,verification_failed,0.06,16.83,2026-01-23T03:53:04.686629
49,aapp_competition_test,3057,3057_gen_0.sv,3057_testbench.py,3057_prompt.txt,pass,pass,pass,0.08,16.87,2026-01-23T03:53:21.601475
50,aapp_competition_test,3058,3058_gen_0.sv,3058_testbench.py,3058_prompt.txt,fail,N/A,compilation_failed,0.06,0.00,2026-01-23T03:53:38.592393
51,aapp_competition_test,3059,3059_gen_0.sv,3059_testbench.py,3059_prompt.txt,fail,N/A,compilation_failed,0.06,0.00,2026-01-23T03:53:38.699121
52,aapp_competition_test,3062,3062_gen_0.sv,3062_testbench.py,3062_prompt.txt,pass,pass,pass,0.07,16.50,2026-01-23T03:53:38.790988
53,aapp_competition_test,3063,3063_gen_0.sv,3063_testbench.py,3063_prompt.txt,fail,N/A,compilation_failed,0.05,0.00,2026-01-23T03:53:55.383151
54,aapp_competition_test,3064,3064_gen_0.sv,3064_testbench.py,3064_prompt.txt,fail,N/A,compilation_failed,0.06,0.00,2026-01-23T03:53:55.476631
55,aapp_competition_test,3066,3066_gen_0.sv,3066_testbench.py,3066_prompt.txt,fail,N/A,compilation_failed,0.06,0.00,2026-01-23T03:53:55.567558
56,aapp_competition_test,3067,3067_gen_0.sv,3067_testbench.py,3067_prompt.txt,pass,fail,verification_failed,0.06,17.04,2026-01-23T03:53:55.665164
57,aapp_competition_test,3069,3069_gen_0.sv,3069_testbench.py,3069_prompt.txt,pass,pass,pass,0.06,16.62,2026-01-23T03:54:12.809188
58,aapp_competition_test,3070,3070_gen_0.sv,3070_testbench.py,3070_prompt.txt,pass,fail,verification_failed,0.07,16.58,2026-01-23T03:54:29.539361
59,aapp_competition_test,3071,3071_gen_0.sv,3071_testbench.py,3071_prompt.txt,fail,N/A,compilation_failed,0.07,0.00,2026-01-23T03:54:46.230054
60,aapp_competition_test,3072,3072_gen_0.sv,3072_testbench.py,3072_prompt.txt,fail,N/A,compilation_failed,1.29,0.00,2026-01-23T03:54:46.336602
61,aapp_competition_test,3073,3073_gen_0.sv,3073_testbench.py,3073_prompt.txt,pass,fail,verification_failed,0.06,16.93,2026-01-23T03:54:47.662644
62,aapp_competition_test,3074,3074_gen_0.sv,3074_testbench.py,3074_prompt.txt,pass,pass,pass,0.06,16.58,2026-01-23T03:55:04.712818
63,aapp_competition_test,3076,3076_gen_0.sv,3076_testbench.py,3076_prompt.txt,pass,pass,pass,0.06,19.81,2026-01-23T03:55:21.399495
64,aapp_competition_test,3078,3078_gen_0.sv,3078_testbench.py,3078_prompt.txt,pass,fail,verification_failed,0.06,16.73,2026-01-23T03:55:41.310326
65,aapp_competition_test,3079,3079_gen_0.sv,3079_testbench.py,3079_prompt.txt,pass,pass,pass,0.08,16.88,2026-01-23T03:55:58.130027
66,aapp_competition_test,3081,3081_gen_0.sv,3081_testbench.py,3081_prompt.txt,pass,fail,verification_failed,0.07,16.96,2026-01-23T03:56:15.127127
67,aapp_competition_test,3082,3082_gen_0.sv,3082_testbench.py,3082_prompt.txt,fail,N/A,compilation_failed,0.05,0.00,2026-01-23T03:56:32.204675
68,aapp_competition_test,3083,3083_gen_0.sv,3083_testbench.py,3083_prompt.txt,pass,fail,verification_failed,0.07,16.44,2026-01-23T03:56:32.302777
69,aapp_competition_test,3084,3084_gen_0.sv,3084_testbench.py,3084_prompt.txt,pass,pass,pass,0.06,16.82,2026-01-23T03:56:48.858184
70,aapp_competition_test,3085,3085_gen_0.sv,3085_testbench.py,3085_prompt.txt,pass,fail,verification_failed,0.08,16.67,2026-01-23T03:57:05.792184
71,aapp_competition_test,3086,3086_gen_0.sv,3086_testbench.py,3086_prompt.txt,pass,pass,pass,0.07,16.82,2026-01-23T03:57:22.592118
72,aapp_competition_test,3087,3087_gen_0.sv,3087_testbench.py,3087_prompt.txt,fail,N/A,compilation_failed,0.06,0.00,2026-01-23T03:57:39.542656
73,aapp_competition_test,3088,3088_gen_0.sv,3088_testbench.py,3088_prompt.txt,fail,N/A,compilation_failed,0.06,0.00,2026-01-23T03:57:39.641454
74,aapp_competition_test,3089,3089_gen_0.sv,3089_testbench.py,3089_prompt.txt,pass,fail,verification_failed,0.05,16.64,2026-01-23T03:57:39.745073
75,aapp_competition_test,3091,3091_gen_0.sv,3091_testbench.py,3091_prompt.txt,pass,fail,verification_failed,0.08,16.80,2026-01-23T03:57:56.467239
76,aapp_competition_test,3092,3092_gen_0.sv,3092_testbench.py,3092_prompt.txt,fail,N/A,compilation_failed,0.07,0.00,2026-01-23T03:58:13.391320
77,aapp_competition_test,3093,3093_gen_0.sv,3093_testbench.py,3093_prompt.txt,fail,N/A,compilation_failed,0.07,0.00,2026-01-23T03:58:13.504873
78,aapp_competition_test,3094,3094_gen_0.sv,3094_testbench.py,3094_prompt.txt,pass,fail,verification_failed,0.07,16.51,2026-01-23T03:58:13.606640
79,aapp_competition_test,3095,3095_gen_0.sv,3095_testbench.py,3095_prompt.txt,pass,fail,verification_failed,0.05,16.52,2026-01-23T03:58:30.234528
80,aapp_competition_test,3096,3096_gen_0.sv,3096_testbench.py,3096_prompt.txt,fail,N/A,compilation_failed,0.06,0.00,2026-01-23T03:58:46.837619
81,aapp_competition_test,3097,3097_gen_0.sv,3097_testbench.py,3097_prompt.txt,pass,fail,verification_failed,0.06,16.89,2026-01-23T03:58:46.950754
82,aapp_competition_test,3098,3098_gen_0.sv,3098_testbench.py,3098_prompt.txt,pass,pass,pass,0.07,16.69,2026-01-23T03:59:03.924624
83,aapp_competition_test,3099,3099_gen_0.sv,3099_testbench.py,3099_prompt.txt,pass,fail,verification_failed,0.06,16.67,2026-01-23T03:59:20.719216
84,aapp_competition_test,3100,3100_gen_0.sv,3100_testbench.py,3100_prompt.txt,pass,pass,pass,0.07,17.04,2026-01-23T03:59:37.466620
85,aapp_competition_test,3101,3101_gen_0.sv,3101_testbench.py,3101_prompt.txt,pass,fail,verification_failed,0.07,17.39,2026-01-23T03:59:54.621998
86,aapp_competition_test,3102,3102_gen_0.sv,3102_testbench.py,3102_prompt.txt,fail,N/A,compilation_failed,0.06,0.00,2026-01-23T04:00:12.117713
87,aapp_competition_test,3103,3103_gen_0.sv,3103_testbench.py,3103_prompt.txt,pass,pass,pass,0.06,17.50,2026-01-23T04:00:12.231936
88,aapp_competition_test,3104,3104_gen_0.sv,3104_testbench.py,3104_prompt.txt,pass,fail,verification_failed,1.37,26.16,2026-01-23T04:00:29.837024
89,aapp_competition_test,3105,3105_gen_0.sv,3105_testbench.py,3105_prompt.txt,pass,fail,verification_failed,0.07,16.81,2026-01-23T04:00:57.479215
90,aapp_competition_test,3107,3107_gen_0.sv,3107_testbench.py,3107_prompt.txt,pass,fail,verification_failed,0.07,16.63,2026-01-23T04:01:14.409235
91,aapp_competition_test,3108,3108_gen_0.sv,3108_testbench.py,3108_prompt.txt,pass,pass,pass,0.08,16.70,2026-01-23T04:01:31.149775
92,aapp_competition_test,3109,3109_gen_0.sv,3109_testbench.py,3109_prompt.txt,fail,N/A,compilation_failed,0.07,0.00,2026-01-23T04:01:47.982108
93,aapp_competition_test,3110,3110_gen_0.sv,3110_testbench.py,3110_prompt.txt,pass,fail,verification_failed,0.06,16.78,2026-01-23T04:01:48.099297
94,aapp_competition_test,3112,3112_gen_0.sv,3112_testbench.py,3112_prompt.txt,pass,fail,verification_failed,0.08,16.84,2026-01-23T04:02:04.985018
95,aapp_competition_test,3113,3113_gen_0.sv,3113_testbench.py,3113_prompt.txt,fail,N/A,compilation_failed,0.06,0.00,2026-01-23T04:02:21.949439
96,aapp_competition_test,3114,3114_gen_0.sv,3114_testbench.py,3114_prompt.txt,pass,pass,pass,0.06,16.63,2026-01-23T04:02:22.034947
97,aapp_competition_test,3115,3115_gen_0.sv,3115_testbench.py,3115_prompt.txt,fail,N/A,compilation_failed,0.07,0.00,2026-01-23T04:02:38.769837
98,aapp_competition_test,3116,3116_gen_0.sv,3116_testbench.py,3116_prompt.txt,fail,N/A,compilation_failed,0.07,0.00,2026-01-23T04:02:38.888188
99,aapp_competition_test,3117,3117_gen_0.sv,3117_testbench.py,3117_prompt.txt,pass,pass,pass,0.06,16.70,2026-01-23T04:02:39.004837
100,aapp_competition_test,3118,3118_gen_0.sv,3118_testbench.py,3118_prompt.txt,pass,timeout,verification_failed,0.07,307.79,2026-01-23T04:02:55.792561
101,aapp_competition_test,3119,3119_gen_0.sv,3119_testbench.py,3119_prompt.txt,fail,N/A,compilation_failed,0.10,0.00,2026-01-23T04:08:03.694236
102,aapp_competition_test,3120,3120_gen_0.sv,3120_testbench.py,3120_prompt.txt,pass,fail,verification_failed,0.06,18.65,2026-01-23T04:08:03.876158
103,aapp_competition_test,3121,3121_gen_0.sv,3121_testbench.py,3121_prompt.txt,pass,pass,pass,0.07,17.18,2026-01-23T04:08:22.616616
104,aapp_competition_test,3122,3122_gen_0.sv,3122_testbench.py,3122_prompt.txt,pass,pass,pass,0.07,16.55,2026-01-23T04:08:39.916506
105,aapp_competition_test,3123,3123_gen_0.sv,3123_testbench.py,3123_prompt.txt,pass,fail,verification_failed,0.06,17.01,2026-01-23T04:08:56.565000
106,aapp_competition_test,3124,3124_gen_0.sv,3124_testbench.py,3124_prompt.txt,fail,N/A,compilation_failed,0.05,0.00,2026-01-23T04:09:13.670227
107,aapp_competition_test,3125,3125_gen_0.sv,3125_testbench.py,3125_prompt.txt,pass,fail,verification_failed,0.06,16.74,2026-01-23T04:09:13.758595
108,aapp_competition_test,3127,3127_gen_0.sv,3127_testbench.py,3127_prompt.txt,pass,fail,verification_failed,0.06,16.42,2026-01-23T04:09:30.603997
109,aapp_competition_test,3129,3129_gen_0.sv,3129_testbench.py,3129_prompt.txt,pass,fail,verification_failed,0.08,16.62,2026-01-23T04:09:47.121435
110,aapp_competition_test,3130,3130_gen_0.sv,3130_testbench.py,3130_prompt.txt,pass,fail,verification_failed,0.07,16.62,2026-01-23T04:10:03.843481
111,aapp_competition_test,3131,3131_gen_0.sv,3131_testbench.py,3131_prompt.txt,pass,pass,pass,0.06,16.62,2026-01-23T04:10:20.577956
112,aapp_competition_test,3132,3132_gen_0.sv,3132_testbench.py,3132_prompt.txt,pass,fail,verification_failed,0.07,16.56,2026-01-23T04:10:37.291312
113,aapp_competition_test,3133,3133_gen_0.sv,3133_testbench.py,3133_prompt.txt,fail,N/A,compilation_failed,0.06,0.00,2026-01-23T04:10:53.957358
114,aapp_competition_test,3134,3134_gen_0.sv,3134_testbench.py,3134_prompt.txt,pass,pass,pass,0.05,17.03,2026-01-23T04:10:54.053486
115,aapp_competition_test,3135,3135_gen_0.sv,3135_testbench.py,3135_prompt.txt,fail,N/A,compilation_failed,0.06,0.00,2026-01-23T04:11:11.164374
116,aapp_competition_test,3136,3136_gen_0.sv,3136_testbench.py,3136_prompt.txt,pass,fail,verification_failed,0.06,17.08,2026-01-23T04:11:11.262105
117,aapp_competition_test,3137,3137_gen_0.sv,3137_testbench.py,3137_prompt.txt,fail,N/A,compilation_failed,0.07,0.00,2026-01-23T04:11:28.438812
118,aapp_competition_test,3138,3138_gen_0.sv,3138_testbench.py,3138_prompt.txt,fail,N/A,compilation_failed,0.06,0.00,2026-01-23T04:11:28.543872
119,aapp_competition_test,3139,3139_gen_0.sv,3139_testbench.py,3139_prompt.txt,pass,pass,pass,0.06,16.53,2026-01-23T04:11:28.635475
120,aapp_competition_test,3140,3140_gen_0.sv,3140_testbench.py,3140_prompt.txt,pass,fail,verification_failed,0.05,17.44,2026-01-23T04:11:45.254109
121,aapp_competition_test,3141,3141_gen_0.sv,3141_testbench.py,3141_prompt.txt,fail,N/A,compilation_failed,0.06,0.00,2026-01-23T04:12:02.780789
122,aapp_competition_test,3142,3142_gen_0.sv,3142_testbench.py,3142_prompt.txt,pass,fail,verification_failed,0.06,17.54,2026-01-23T04:12:02.876337
123,aapp_competition_test,3144,3144_gen_0.sv,3144_testbench.py,3144_prompt.txt,pass,pass,pass,0.08,17.53,2026-01-23T04:12:20.512948
124,aapp_competition_test,3145,3145_gen_0.sv,3145_testbench.py,3145_prompt.txt,pass,fail,verification_failed,0.06,24.89,2026-01-23T04:12:38.152887
125,aapp_competition_test,3146,3146_gen_0.sv,3146_testbench.py,3146_prompt.txt,pass,fail,verification_failed,0.07,17.03,2026-01-23T04:13:03.129079
126,aapp_competition_test,3147,3147_gen_0.sv,3147_testbench.py,3147_prompt.txt,pass,fail,verification_failed,0.08,42.45,2026-01-23T04:13:20.257459
127,aapp_competition_test,3148,3148_gen_0.sv,3148_testbench.py,3148_prompt.txt,pass,fail,verification_failed,0.06,16.48,2026-01-23T04:14:02.809532
128,aapp_competition_test,3152,3152_gen_0.sv,3152_testbench.py,3152_prompt.txt,pass,fail,verification_failed,0.05,16.50,2026-01-23T04:14:19.383697
129,aapp_competition_test,3153,3153_gen_0.sv,3153_testbench.py,3153_prompt.txt,pass,fail,verification_failed,0.07,16.42,2026-01-23T04:14:35.988623
130,aapp_competition_test,3154,3154_gen_0.sv,3154_testbench.py,3154_prompt.txt,fail,N/A,compilation_failed,0.07,0.00,2026-01-23T04:14:52.508044
131,aapp_competition_test,3155,3155_gen_0.sv,3155_testbench.py,3155_prompt.txt,pass,fail,verification_failed,0.06,16.80,2026-01-23T04:14:52.602534
132,aapp_competition_test,3158,3158_gen_0.sv,3158_testbench.py,3158_prompt.txt,fail,N/A,compilation_failed,0.05,0.00,2026-01-23T04:15:09.498548
133,aapp_competition_test,3159,3159_gen_0.sv,3159_testbench.py,3159_prompt.txt,fail,N/A,compilation_failed,0.06,0.00,2026-01-23T04:15:09.592044
134,aapp_competition_test,3161,3161_gen_0.sv,3161_testbench.py,3161_prompt.txt,pass,fail,verification_failed,0.06,16.47,2026-01-23T04:15:09.690870
135,aapp_competition_test,3162,3162_gen_0.sv,3162_testbench.py,3162_prompt.txt,pass,fail,verification_failed,0.05,16.87,2026-01-23T04:15:26.257062
136,aapp_competition_test,3163,3163_gen_0.sv,3163_testbench.py,3163_prompt.txt,pass,pass,pass,0.08,16.70,2026-01-23T04:15:43.215656
137,aapp_competition_test,3164,3164_gen_0.sv,3164_testbench.py,3164_prompt.txt,pass,pass,pass,0.06,21.79,2026-01-23T04:16:00.027306
138,aapp_competition_test,3165,3165_gen_0.sv,3165_testbench.py,3165_prompt.txt,pass,fail,verification_failed,0.07,16.69,2026-01-23T04:16:21.916908
139,aapp_competition_test,3166,3166_gen_0.sv,3166_testbench.py,3166_prompt.txt,fail,N/A,compilation_failed,0.06,0.00,2026-01-23T04:16:38.723834
140,aapp_competition_test,3167,3167_gen_0.sv,3167_testbench.py,3167_prompt.txt,pass,fail,verification_failed,0.06,16.62,2026-01-23T04:16:38.825935
141,aapp_competition_test,3168,3168_gen_0.sv,3168_testbench.py,3168_prompt.txt,pass,fail,verification_failed,0.05,16.86,2026-01-23T04:16:55.539087
142,aapp_competition_test,3169,3169_gen_0.sv,3169_testbench.py,3169_prompt.txt,fail,N/A,compilation_failed,0.07,0.00,2026-01-23T04:17:12.493861
143,aapp_competition_test,3170,3170_gen_0.sv,3170_testbench.py,3170_prompt.txt,pass,fail,verification_failed,0.05,16.45,2026-01-23T04:17:12.595452
144,aapp_competition_test,3171,3171_gen_0.sv,3171_testbench.py,3171_prompt.txt,pass,fail,verification_failed,0.07,27.73,2026-01-23T04:17:29.129214
145,aapp_competition_test,3172,3172_gen_0.sv,3172_testbench.py,3172_prompt.txt,pass,pass,pass,0.07,17.32,2026-01-23T04:17:56.971051
146,aapp_competition_test,3173,3173_gen_0.sv,3173_testbench.py,3173_prompt.txt,fail,N/A,compilation_failed,0.06,0.00,2026-01-23T04:18:14.402454
147,aapp_competition_test,3174,3174_gen_0.sv,3174_testbench.py,3174_prompt.txt,fail,N/A,compilation_failed,0.07,0.00,2026-01-23T04:18:14.497428
148,aapp_competition_test,3175,3175_gen_0.sv,3175_testbench.py,3175_prompt.txt,fail,N/A,compilation_failed,0.06,0.00,2026-01-23T04:18:14.606862
149,aapp_competition_test,3176,3176_gen_0.sv,3176_testbench.py,3176_prompt.txt,pass,fail,verification_failed,0.07,16.61,2026-01-23T04:18:14.700447
150,aapp_competition_test,3177,3177_gen_0.sv,3177_testbench.py,3177_prompt.txt,pass,fail,verification_failed,0.08,16.48,2026-01-23T04:18:31.422743
151,aapp_competition_test,3178,3178_gen_0.sv,3178_testbench.py,3178_prompt.txt,fail,N/A,compilation_failed,0.07,0.00,2026-01-23T04:18:48.017729
152,aapp_competition_test,3180,3180_gen_0.sv,3180_testbench.py,3180_prompt.txt,pass,fail,verification_failed,0.06,17.16,2026-01-23T04:18:48.133066
153,aapp_competition_test,3181,3181_gen_0.sv,3181_testbench.py,3181_prompt.txt,pass,fail,verification_failed,0.07,16.61,2026-01-23T04:19:05.394117
154,aapp_competition_test,3182,3182_gen_0.sv,3182_testbench.py,3182_prompt.txt,pass,fail,verification_failed,0.06,16.44,2026-01-23T04:19:22.111062
155,aapp_competition_test,3183,3183_gen_0.sv,3183_testbench.py,3183_prompt.txt,pass,fail,verification_failed,0.06,16.38,2026-01-23T04:19:38.644454
156,aapp_competition_test,3184,3184_gen_0.sv,3184_testbench.py,3184_prompt.txt,pass,fail,verification_failed,0.07,17.03,2026-01-23T04:19:55.127980
157,aapp_competition_test,3185,3185_gen_0.sv,3185_testbench.py,3185_prompt.txt,pass,fail,verification_failed,0.08,16.41,2026-01-23T04:20:12.269124
158,aapp_competition_test,3187,3187_gen_0.sv,3187_testbench.py,3187_prompt.txt,pass,pass,pass,0.07,26.39,2026-01-23T04:20:28.794575
159,aapp_competition_test,3188,3188_gen_0.sv,3188_testbench.py,3188_prompt.txt,fail,N/A,compilation_failed,0.06,0.00,2026-01-23T04:20:55.301004
160,aapp_competition_test,3189,3189_gen_0.sv,3189_testbench.py,3189_prompt.txt,pass,timeout,verification_failed,30.10,305.39,2026-01-23T04:20:55.403759
161,aapp_competition_test,3190,3190_gen_0.sv,3190_testbench.py,3190_prompt.txt,pass,fail,verification_failed,0.05,17.09,2026-01-23T04:26:30.941991
162,aapp_competition_test,3191,3191_gen_0.sv,3191_testbench.py,3191_prompt.txt,pass,fail,verification_failed,0.06,17.53,2026-01-23T04:26:48.115944
163,aapp_competition_test,3192,3192_gen_0.sv,3192_testbench.py,3192_prompt.txt,fail,N/A,compilation_failed,0.06,0.00,2026-01-23T04:27:05.755416
164,aapp_competition_test,3193,3193_gen_0.sv,3193_testbench.py,3193_prompt.txt,pass,fail,verification_failed,0.08,16.73,2026-01-23T04:27:05.855658
165,aapp_competition_test,3194,3194_gen_0.sv,3194_testbench.py,3194_prompt.txt,pass,pass,pass,0.05,16.85,2026-01-23T04:27:22.694805
166,aapp_competition_test,3195,3195_gen_0.sv,3195_testbench.py,3195_prompt.txt,pass,fail,verification_failed,0.06,17.04,2026-01-23T04:27:39.642575
167,aapp_competition_test,3196,3196_gen_0.sv,3196_testbench.py,3196_prompt.txt,pass,fail,verification_failed,0.06,17.00,2026-01-23T04:27:56.780874
168,aapp_competition_test,3197,3197_gen_0.sv,3197_testbench.py,3197_prompt.txt,pass,fail,verification_failed,0.06,16.65,2026-01-23T04:28:13.908857
169,aapp_competition_test,3198,3198_gen_0.sv,3198_testbench.py,3198_prompt.txt,pass,fail,verification_failed,0.06,16.67,2026-01-23T04:28:30.649984
170,aapp_competition_test,3199,3199_gen_0.sv,3199_testbench.py,3199_prompt.txt,fail,N/A,compilation_failed,0.06,0.00,2026-01-23T04:28:47.414595
171,aapp_competition_test,3201,3201_gen_0.sv,3201_testbench.py,3201_prompt.txt,pass,fail,verification_failed,0.06,17.08,2026-01-23T04:28:47.533651
172,aapp_competition_test,3202,3202_gen_0.sv,3202_testbench.py,3202_prompt.txt,pass,timeout,verification_failed,0.06,306.90,2026-01-23T04:29:04.713820
173,aapp_competition_test,3203,3203_gen_0.sv,3203_testbench.py,3203_prompt.txt,fail,N/A,compilation_failed,0.08,0.00,2026-01-23T04:34:11.715191
174,aapp_competition_test,3204,3204_gen_0.sv,3204_testbench.py,3204_prompt.txt,pass,fail,verification_failed,0.06,17.51,2026-01-23T04:34:11.843179
175,aapp_competition_test,3205,3205_gen_0.sv,3205_testbench.py,3205_prompt.txt,pass,fail,verification_failed,0.05,23.94,2026-01-23T04:34:29.455703
176,aapp_competition_test,3206,3206_gen_0.sv,3206_testbench.py,3206_prompt.txt,pass,fail,verification_failed,0.06,16.75,2026-01-23T04:34:53.496930
177,aapp_competition_test,3207,3207_gen_0.sv,3207_testbench.py,3207_prompt.txt,fail,N/A,compilation_failed,0.06,0.00,2026-01-23T04:35:10.352939
178,aapp_competition_test,3208,3208_gen_0.sv,3208_testbench.py,3208_prompt.txt,fail,N/A,compilation_failed,0.06,0.00,2026-01-23T04:35:10.457149
179,aapp_competition_test,3209,3209_gen_0.sv,3209_testbench.py,3209_prompt.txt,pass,pass,pass,0.06,16.77,2026-01-23T04:35:10.554632
180,aapp_competition_test,3210,3210_gen_0.sv,3210_testbench.py,3210_prompt.txt,pass,fail,verification_failed,0.07,25.14,2026-01-23T04:35:27.431840
181,aapp_competition_test,3212,3212_gen_0.sv,3212_testbench.py,3212_prompt.txt,fail,N/A,compilation_failed,0.07,0.00,2026-01-23T04:35:52.675731
182,aapp_competition_test,3213,3213_gen_0.sv,3213_testbench.py,3213_prompt.txt,pass,fail,verification_failed,0.07,21.67,2026-01-23T04:35:52.807807
183,aapp_competition_test,3214,3214_gen_0.sv,3214_testbench.py,3214_prompt.txt,fail,N/A,compilation_failed,0.06,0.00,2026-01-23T04:36:14.582256
184,aapp_competition_test,3215,3215_gen_0.sv,3215_testbench.py,3215_prompt.txt,fail,N/A,compilation_failed,0.06,0.00,2026-01-23T04:36:14.675204
185,aapp_competition_test,3216,3216_gen_0.sv,3216_testbench.py,3216_prompt.txt,pass,fail,verification_failed,0.06,16.84,2026-01-23T04:36:14.771706
186,aapp_competition_test,3217,3217_gen_0.sv,3217_testbench.py,3217_prompt.txt,pass,fail,verification_failed,0.07,16.77,2026-01-23T04:36:31.716128
187,aapp_competition_test,3218,3218_gen_0.sv,3218_testbench.py,3218_prompt.txt,pass,timeout,verification_failed,0.05,307.80,2026-01-23T04:36:48.584647
188,aapp_competition_test,3220,3220_gen_0.sv,3220_testbench.py,3220_prompt.txt,pass,fail,verification_failed,0.10,17.92,2026-01-23T04:41:56.482857
189,aapp_competition_test,3221,3221_gen_0.sv,3221_testbench.py,3221_prompt.txt,pass,timeout,verification_failed,0.09,305.47,2026-01-23T11:14:10.509878
190,aapp_competition_test,3222,3222_gen_0.sv,3222_testbench.py,3222_prompt.txt,pass,timeout,verification_failed,0.09,305.43,2026-01-23T11:19:16.091819
191,aapp_competition_test,3223,3223_gen_0.sv,3223_testbench.py,3223_prompt.txt,pass,timeout,verification_failed,0.38,308.67,2026-01-23T11:24:21.762616
192,aapp_competition_test,3225,3225_gen_0.sv,3225_testbench.py,3225_prompt.txt,fail,N/A,compilation_failed,0.13,0.00,2026-01-23T11:29:30.955838
193,aapp_competition_test,3226,3226_gen_0.sv,3226_testbench.py,3226_prompt.txt,fail,N/A,compilation_failed,0.07,0.00,2026-01-23T11:29:31.149859
194,aapp_competition_test,3229,3229_gen_0.sv,3229_testbench.py,3229_prompt.txt,pass,fail,verification_failed,0.07,29.70,2026-01-23T11:29:31.269390
195,aapp_competition_test,3230,3230_gen_0.sv,3230_testbench.py,3230_prompt.txt,fail,N/A,compilation_failed,0.06,0.00,2026-01-23T11:30:01.087602
196,aapp_competition_test,3231,3231_gen_0.sv,3231_testbench.py,3231_prompt.txt,pass,timeout,verification_failed,0.06,305.88,2026-01-23T11:30:01.187690
197,aapp_competition_test,3232,3232_gen_0.sv,3232_testbench.py,3232_prompt.txt,pass,fail,verification_failed,0.10,18.38,2026-01-23T11:35:07.196679
198,aapp_competition_test,3233,3233_gen_0.sv,3233_testbench.py,3233_prompt.txt,pass,timeout,verification_failed,0.08,305.64,2026-01-23T11:35:25.734291
199,aapp_competition_test,3234,3234_gen_0.sv,3234_testbench.py,3234_prompt.txt,pass,pass,pass,0.08,17.09,2026-01-23T11:40:31.491431
200,aapp_competition_test,3235,3235_gen_0.sv,3235_testbench.py,3235_prompt.txt,fail,N/A,compilation_failed,0.07,0.00,2026-01-23T11:40:48.699686
201,aapp_competition_test,3236,3236_gen_0.sv,3236_testbench.py,3236_prompt.txt,pass,pass,pass,0.08,17.16,2026-01-23T11:40:48.801276
202,aapp_competition_test,3237,3237_gen_0.sv,3237_testbench.py,3237_prompt.txt,pass,pass,pass,0.08,18.02,2026-01-23T11:41:06.074152
203,aapp_competition_test,3238,3238_gen_0.sv,3238_testbench.py,3238_prompt.txt,fail,N/A,compilation_failed,0.07,0.00,2026-01-23T11:41:24.207472
204,aapp_competition_test,3239,3239_gen_0.sv,3239_testbench.py,3239_prompt.txt,pass,pass,pass,0.06,16.95,2026-01-23T11:41:24.315895
205,aapp_competition_test,3240,3240_gen_0.sv,3240_testbench.py,3240_prompt.txt,pass,pass,pass,0.06,28.98,2026-01-23T11:41:41.360763
206,aapp_competition_test,3241,3241_gen_0.sv,3241_testbench.py,3241_prompt.txt,pass,fail,verification_failed,0.06,16.64,2026-01-23T11:42:10.439531
207,aapp_competition_test,3242,3242_gen_0.sv,3242_testbench.py,3242_prompt.txt,pass,fail,verification_failed,0.07,17.28,2026-01-23T11:42:27.180017
208,aapp_competition_test,3243,3243_gen_0.sv,3243_testbench.py,3243_prompt.txt,pass,pass,pass,0.07,17.19,2026-01-23T11:42:44.572068
209,aapp_competition_test,3245,3245_gen_0.sv,3245_testbench.py,3245_prompt.txt,pass,fail,verification_failed,0.08,16.93,2026-01-23T11:43:01.881042
210,aapp_competition_test,3248,3248_gen_0.sv,3248_testbench.py,3248_prompt.txt,fail,N/A,compilation_failed,0.06,0.00,2026-01-23T11:43:18.928641
211,aapp_competition_test,3249,3249_gen_0.sv,3249_testbench.py,3249_prompt.txt,fail,N/A,compilation_failed,0.06,0.00,2026-01-23T11:43:19.029837
212,aapp_competition_test,3250,3250_gen_0.sv,3250_testbench.py,3250_prompt.txt,pass,fail,verification_failed,0.06,16.82,2026-01-23T11:43:19.121355
213,aapp_competition_test,3252,3252_gen_0.sv,3252_testbench.py,3252_prompt.txt,pass,fail,verification_failed,0.07,16.79,2026-01-23T11:43:36.042443
214,aapp_competition_test,3253,3253_gen_0.sv,3253_testbench.py,3253_prompt.txt,fail,N/A,compilation_failed,0.06,0.00,2026-01-23T11:43:52.936952
215,aapp_competition_test,3254,3254_gen_0.sv,3254_testbench.py,3254_prompt.txt,fail,N/A,compilation_failed,0.06,0.00,2026-01-23T11:43:53.034167
216,aapp_competition_test,3255,3255_gen_0.sv,3255_testbench.py,3255_prompt.txt,pass,fail,verification_failed,0.06,17.29,2026-01-23T11:43:53.129730
217,aapp_competition_test,3256,3256_gen_0.sv,3256_testbench.py,3256_prompt.txt,pass,pass,pass,0.07,16.69,2026-01-23T11:44:10.517441
218,aapp_competition_test,3257,3257_gen_0.sv,3257_testbench.py,3257_prompt.txt,pass,pass,pass,0.06,16.86,2026-01-23T11:44:27.330194
219,aapp_competition_test,3258,3258_gen_0.sv,3258_testbench.py,3258_prompt.txt,fail,N/A,compilation_failed,0.06,0.00,2026-01-23T11:44:44.286576
220,aapp_competition_test,3259,3259_gen_0.sv,3259_testbench.py,3259_prompt.txt,pass,fail,verification_failed,0.07,16.97,2026-01-23T11:44:44.394470
221,aapp_competition_test,3260,3260_gen_0.sv,3260_testbench.py,3260_prompt.txt,pass,fail,verification_failed,0.07,16.83,2026-01-23T11:45:01.481376
222,aapp_competition_test,3261,3261_gen_0.sv,3261_testbench.py,3261_prompt.txt,pass,pass,pass,0.07,16.69,2026-01-23T11:45:18.422676
223,aapp_competition_test,3262,3262_gen_0.sv,3262_testbench.py,3262_prompt.txt,fail,N/A,compilation_failed,0.07,0.00,2026-01-23T11:45:35.222132
224,aapp_competition_test,3263,3263_gen_0.sv,3263_testbench.py,3263_prompt.txt,fail,N/A,compilation_failed,0.05,0.00,2026-01-23T11:45:35.335343
225,aapp_competition_test,3264,3264_gen_0.sv,3264_testbench.py,3264_prompt.txt,pass,fail,verification_failed,0.06,16.63,2026-01-23T11:45:35.424538
226,aapp_competition_test,3265,3265_gen_0.sv,3265_testbench.py,3265_prompt.txt,pass,fail,verification_failed,0.07,17.26,2026-01-23T11:45:52.160660
227,aapp_competition_test,3266,3266_gen_0.sv,3266_testbench.py,3266_prompt.txt,pass,timeout,verification_failed,0.06,305.35,2026-01-23T11:46:09.537200
228,aapp_competition_test,3267,3267_gen_0.sv,3267_testbench.py,3267_prompt.txt,fail,N/A,compilation_failed,0.24,0.00,2026-01-23T11:51:15.127628
229,aapp_competition_test,3268,3268_gen_0.sv,3268_testbench.py,3268_prompt.txt,fail,N/A,compilation_failed,0.07,0.00,2026-01-23T11:51:15.491227
230,aapp_competition_test,3269,3269_gen_0.sv,3269_testbench.py,3269_prompt.txt,pass,fail,verification_failed,0.07,18.54,2026-01-23T11:51:15.639991
231,aapp_competition_test,3271,3271_gen_0.sv,3271_testbench.py,3271_prompt.txt,pass,pass,pass,0.06,19.92,2026-01-23T11:51:34.346980
232,aapp_competition_test,3272,3272_gen_0.sv,3272_testbench.py,3272_prompt.txt,pass,fail,verification_failed,0.06,16.62,2026-01-23T11:51:54.368403
233,aapp_competition_test,3273,3273_gen_0.sv,3273_testbench.py,3273_prompt.txt,pass,timeout,verification_failed,0.06,305.36,2026-01-23T11:52:11.090247
234,aapp_competition_test,3274,3274_gen_0.sv,3274_testbench.py,3274_prompt.txt,pass,fail,verification_failed,0.15,17.28,2026-01-23T11:57:16.563584
235,aapp_competition_test,3275,3275_gen_0.sv,3275_testbench.py,3275_prompt.txt,pass,fail,verification_failed,0.07,16.83,2026-01-23T11:57:34.113169
236,aapp_competition_test,3276,3276_gen_0.sv,3276_testbench.py,3276_prompt.txt,fail,N/A,compilation_failed,1.37,0.00,2026-01-23T11:57:51.053375
237,aapp_competition_test,3277,3277_gen_0.sv,3277_testbench.py,3277_prompt.txt,pass,fail,verification_failed,0.07,16.78,2026-01-23T11:57:52.470937
238,aapp_competition_test,3278,3278_gen_0.sv,3278_testbench.py,3278_prompt.txt,pass,fail,verification_failed,0.07,16.44,2026-01-23T11:58:09.353266
239,aapp_competition_test,3279,3279_gen_0.sv,3279_testbench.py,3279_prompt.txt,fail,N/A,compilation_failed,0.06,0.00,2026-01-23T11:58:25.914096
240,aapp_competition_test,3280,3280_gen_0.sv,3280_testbench.py,3280_prompt.txt,pass,pass,pass,0.07,16.54,2026-01-23T11:58:26.018166
241,aapp_competition_test,3281,3281_gen_0.sv,3281_testbench.py,3281_prompt.txt,pass,fail,verification_failed,0.08,17.06,2026-01-23T11:58:42.659426
242,aapp_competition_test,3282,3282_gen_0.sv,3282_testbench.py,3282_prompt.txt,pass,fail,verification_failed,0.05,20.83,2026-01-23T11:58:59.854545
243,aapp_competition_test,3286,3286_gen_0.sv,3286_testbench.py,3286_prompt.txt,fail,N/A,compilation_failed,0.06,0.00,2026-01-23T11:59:20.774355
244,aapp_competition_test,3288,3288_gen_0.sv,3288_testbench.py,3288_prompt.txt,pass,fail,verification_failed,0.07,16.83,2026-01-23T11:59:20.876077
245,aapp_competition_test,3289,3289_gen_0.sv,3289_testbench.py,3289_prompt.txt,fail,N/A,compilation_failed,0.07,0.00,2026-01-23T11:59:37.818123
246,aapp_competition_test,3290,3290_gen_0.sv,3290_testbench.py,3290_prompt.txt,pass,fail,verification_failed,0.07,16.41,2026-01-23T11:59:37.926052
247,aapp_competition_test,3291,3291_gen_0.sv,3291_testbench.py,3291_prompt.txt,pass,unknown,verification_failed,0.08,22.89,2026-01-23T11:59:54.448525
248,aapp_competition_test,3292,3292_gen_0.sv,3292_testbench.py,3292_prompt.txt,pass,timeout,verification_failed,0.06,305.52,2026-01-23T12:00:17.456540
249,aapp_competition_test,3293,3293_gen_0.sv,3293_testbench.py,3293_prompt.txt,pass,fail,verification_failed,0.08,16.18,2026-01-23T12:05:23.072310
250,aapp_competition_test,3294,3294_gen_0.sv,3294_testbench.py,3294_prompt.txt,pass,pass,pass,0.06,16.36,2026-01-23T12:05:39.375741
251,aapp_competition_test,3295,3295_gen_0.sv,3295_testbench.py,3295_prompt.txt,fail,N/A,compilation_failed,0.06,0.00,2026-01-23T12:05:55.829927
252,aapp_competition_test,3296,3296_gen_0.sv,3296_testbench.py,3296_prompt.txt,fail,N/A,compilation_failed,0.05,0.00,2026-01-23T12:05:55.940178
253,aapp_competition_test,3297,3297_gen_0.sv,3297_testbench.py,3297_prompt.txt,pass,fail,verification_failed,0.07,16.44,2026-01-23T12:05:56.043002
254,aapp_competition_test,3298,3298_gen_0.sv,3298_testbench.py,3298_prompt.txt,pass,fail,verification_failed,0.07,16.22,2026-01-23T12:06:12.599106
255,aapp_competition_test,3299,3299_gen_0.sv,3299_testbench.py,3299_prompt.txt,fail,N/A,compilation_failed,0.05,0.00,2026-01-23T12:06:28.933761
256,aapp_competition_test,3300,3300_gen_0.sv,3300_testbench.py,3300_prompt.txt,fail,N/A,compilation_failed,0.06,0.00,2026-01-23T12:06:29.024969
257,aapp_competition_test,3301,3301_gen_0.sv,3301_testbench.py,3301_prompt.txt,fail,N/A,compilation_failed,0.06,0.00,2026-01-23T12:06:29.124503
258,aapp_competition_test,3302,3302_gen_0.sv,3302_testbench.py,3302_prompt.txt,pass,fail,verification_failed,0.07,18.23,2026-01-23T12:06:29.223046
259,aapp_competition_test,3303,3303_gen_0.sv,3303_testbench.py,3303_prompt.txt,fail,N/A,compilation_failed,0.07,0.00,2026-01-23T12:06:47.563990
260,aapp_competition_test,3304,3304_gen_0.sv,3304_testbench.py,3304_prompt.txt,pass,fail,verification_failed,0.06,16.37,2026-01-23T12:06:47.668959
261,aapp_competition_test,3305,3305_gen_0.sv,3305_testbench.py,3305_prompt.txt,fail,N/A,compilation_failed,0.06,0.00,2026-01-23T12:07:04.133124
262,aapp_competition_test,3306,3306_gen_0.sv,3306_testbench.py,3306_prompt.txt,pass,pass,pass,0.07,17.85,2026-01-23T12:07:04.234372
263,aapp_competition_test,3307,3307_gen_0.sv,3307_testbench.py,3307_prompt.txt,pass,fail,verification_failed,0.06,16.43,2026-01-23T12:07:22.182965
264,aapp_competition_test,3309,3309_gen_0.sv,3309_testbench.py,3309_prompt.txt,fail,N/A,compilation_failed,0.05,0.00,2026-01-23T12:07:38.716258
265,aapp_competition_test,3310,3310_gen_0.sv,3310_testbench.py,3310_prompt.txt,pass,fail,verification_failed,0.06,16.23,2026-01-23T12:07:38.803097
266,aapp_competition_test,3311,3311_gen_0.sv,3311_testbench.py,3311_prompt.txt,fail,N/A,compilation_failed,0.06,0.00,2026-01-23T12:07:55.135301
267,aapp_competition_test,3312,3312_gen_0.sv,3312_testbench.py,3312_prompt.txt,fail,N/A,compilation_failed,1.21,0.00,2026-01-23T12:07:55.233744
268,aapp_competition_test,3313,3313_gen_0.sv,3313_testbench.py,3313_prompt.txt,pass,fail,verification_failed,0.06,16.62,2026-01-23T12:07:56.481336
269,aapp_competition_test,3314,3314_gen_0.sv,3314_testbench.py,3314_prompt.txt,pass,fail,verification_failed,0.06,16.32,2026-01-23T12:08:13.195127
270,aapp_competition_test,3315,3315_gen_0.sv,3315_testbench.py,3315_prompt.txt,fail,N/A,compilation_failed,0.05,0.00,2026-01-23T12:08:29.614315
271,aapp_competition_test,3316,3316_gen_0.sv,3316_testbench.py,3316_prompt.txt,fail,N/A,compilation_failed,0.06,0.00,2026-01-23T12:08:29.701823
272,aapp_competition_test,3318,3318_gen_0.sv,3318_testbench.py,3318_prompt.txt,pass,fail,verification_failed,0.05,16.36,2026-01-23T12:08:29.823162
273,aapp_competition_test,3319,3319_gen_0.sv,3319_testbench.py,3319_prompt.txt,pass,fail,verification_failed,0.06,16.53,2026-01-23T12:08:46.282052
274,aapp_competition_test,3320,3320_gen_0.sv,3320_testbench.py,3320_prompt.txt,fail,N/A,compilation_failed,0.06,0.00,2026-01-23T12:09:02.920285
275,aapp_competition_test,3321,3321_gen_0.sv,3321_testbench.py,3321_prompt.txt,pass,fail,verification_failed,0.05,16.46,2026-01-23T12:09:03.015663
276,aapp_competition_test,3322,3322_gen_0.sv,3322_testbench.py,3322_prompt.txt,fail,N/A,compilation_failed,0.07,0.00,2026-01-23T12:09:19.572377
277,aapp_competition_test,3323,3323_gen_0.sv,3323_testbench.py,3323_prompt.txt,pass,fail,verification_failed,0.07,16.26,2026-01-23T12:09:19.681353
278,aapp_competition_test,3324,3324_gen_0.sv,3324_testbench.py,3324_prompt.txt,fail,N/A,compilation_failed,0.06,0.00,2026-01-23T12:09:36.049052
279,aapp_competition_test,3325,3325_gen_0.sv,3325_testbench.py,3325_prompt.txt,fail,N/A,compilation_failed,0.06,0.00,2026-01-23T12:09:36.164640
280,aapp_competition_test,3326,3326_gen_0.sv,3326_testbench.py,3326_prompt.txt,fail,N/A,compilation_failed,0.07,0.00,2026-01-23T12:09:36.270146
281,aapp_competition_test,3327,3327_gen_0.sv,3327_testbench.py,3327_prompt.txt,fail,N/A,compilation_failed,0.05,0.00,2026-01-23T12:09:36.377512
282,aapp_competition_test,3328,3328_gen_0.sv,3328_testbench.py,3328_prompt.txt,pass,fail,verification_failed,0.08,16.31,2026-01-23T12:09:36.472009
283,aapp_competition_test,3329,3329_gen_0.sv,3329_testbench.py,3329_prompt.txt,fail,N/A,compilation_failed,0.06,0.00,2026-01-23T12:09:52.902262
284,aapp_competition_test,3330,3330_gen_0.sv,3330_testbench.py,3330_prompt.txt,pass,timeout,verification_failed,0.07,305.55,2026-01-23T12:09:53.013048
285,aapp_competition_test,3331,3331_gen_0.sv,3331_testbench.py,3331_prompt.txt,pass,pass,pass,0.15,27.07,2026-01-23T12:14:58.699680
286,aapp_competition_test,3332,3332_gen_0.sv,3332_testbench.py,3332_prompt.txt,pass,fail,verification_failed,0.06,16.74,2026-01-23T12:15:26.001558
287,aapp_competition_test,3335,3335_gen_0.sv,3335_testbench.py,3335_prompt.txt,pass,fail,verification_failed,0.06,16.96,2026-01-23T12:15:42.840916
288,aapp_competition_test,3336,3336_gen_0.sv,3336_testbench.py,3336_prompt.txt,pass,fail,verification_failed,0.06,17.06,2026-01-23T12:15:59.916163
289,aapp_competition_test,3338,3338_gen_0.sv,3338_testbench.py,3338_prompt.txt,pass,fail,verification_failed,0.06,16.66,2026-01-23T12:16:17.071125
290,aapp_competition_test,3339,3339_gen_0.sv,3339_testbench.py,3339_prompt.txt,pass,fail,verification_failed,0.06,16.81,2026-01-23T12:16:33.841663
291,aapp_competition_test,3342,3342_gen_0.sv,3342_testbench.py,3342_prompt.txt,fail,N/A,compilation_failed,0.06,0.00,2026-01-23T12:16:50.757212
292,aapp_competition_test,3343,3343_gen_0.sv,3343_testbench.py,3343_prompt.txt,pass,pass,pass,0.06,17.42,2026-01-23T12:16:50.860847
293,aapp_competition_test,3344,3344_gen_0.sv,3344_testbench.py,3344_prompt.txt,pass,fail,verification_failed,0.06,16.74,2026-01-23T12:17:08.381056
294,aapp_competition_test,3345,3345_gen_0.sv,3345_testbench.py,3345_prompt.txt,fail,N/A,compilation_failed,0.05,0.00,2026-01-23T12:17:25.228005
295,aapp_competition_test,3346,3346_gen_0.sv,3346_testbench.py,3346_prompt.txt,pass,fail,verification_failed,0.06,16.95,2026-01-23T12:17:25.331904
296,aapp_competition_test,3347,3347_gen_0.sv,3347_testbench.py,3347_prompt.txt,pass,fail,verification_failed,0.07,16.95,2026-01-23T12:17:42.392496
297,aapp_competition_test,3348,3348_gen_0.sv,3348_testbench.py,3348_prompt.txt,fail,N/A,compilation_failed,0.07,0.00,2026-01-23T12:17:59.461349
298,aapp_competition_test,3349,3349_gen_0.sv,3349_testbench.py,3349_prompt.txt,pass,fail,verification_failed,0.07,16.83,2026-01-23T12:17:59.584973
299,aapp_competition_test,3352,3352_gen_0.sv,3352_testbench.py,3352_prompt.txt,pass,fail,verification_failed,0.08,16.63,2026-01-23T12:18:16.528190
300,aapp_competition_test,3353,3353_gen_0.sv,3353_testbench.py,3353_prompt.txt,pass,fail,verification_failed,0.07,16.65,2026-01-23T12:18:33.280889
301,aapp_competition_test,3354,3354_gen_0.sv,3354_testbench.py,3354_prompt.txt,fail,N/A,compilation_failed,0.07,0.00,2026-01-23T12:18:50.041843
302,aapp_competition_test,3355,3355_gen_0.sv,3355_testbench.py,3355_prompt.txt,pass,fail,verification_failed,0.06,16.88,2026-01-23T12:18:50.157355
303,aapp_competition_test,3356,3356_gen_0.sv,3356_testbench.py,3356_prompt.txt,fail,N/A,compilation_failed,0.07,0.00,2026-01-23T12:19:07.147934
304,aapp_competition_test,3357,3357_gen_0.sv,3357_testbench.py,3357_prompt.txt,pass,fail,verification_failed,0.05,16.85,2026-01-23T12:19:07.276808
305,aapp_competition_test,3358,3358_gen_0.sv,3358_testbench.py,3358_prompt.txt,fail,N/A,compilation_failed,0.06,0.00,2026-01-23T12:19:24.224814
306,aapp_competition_test,3359,3359_gen_0.sv,3359_testbench.py,3359_prompt.txt,pass,timeout,verification_failed,0.07,305.24,2026-01-23T12:19:24.330671
307,aapp_competition_test,3360,3360_gen_0.sv,3360_testbench.py,3360_prompt.txt,fail,N/A,compilation_failed,0.24,0.00,2026-01-23T12:24:29.750703
308,aapp_competition_test,3361,3361_gen_0.sv,3361_testbench.py,3361_prompt.txt,pass,pass,pass,0.08,17.51,2026-01-23T12:24:30.275319
309,aapp_competition_test,3362,3362_gen_0.sv,3362_testbench.py,3362_prompt.txt,fail,N/A,compilation_failed,0.06,0.00,2026-01-23T12:24:47.935225
310,aapp_competition_test,3363,3363_gen_0.sv,3363_testbench.py,3363_prompt.txt,pass,fail,verification_failed,0.06,16.73,2026-01-23T12:24:48.048085
311,aapp_competition_test,3364,3364_gen_0.sv,3364_testbench.py,3364_prompt.txt,pass,fail,verification_failed,0.06,16.44,2026-01-23T12:25:04.893712
312,aapp_competition_test,3366,3366_gen_0.sv,3366_testbench.py,3366_prompt.txt,pass,fail,verification_failed,0.05,16.42,2026-01-23T12:25:21.452356
313,aapp_competition_test,3369,3369_gen_0.sv,3369_testbench.py,3369_prompt.txt,pass,fail,verification_failed,0.07,16.51,2026-01-23T12:25:37.981534
314,aapp_competition_test,3370,3370_gen_0.sv,3370_testbench.py,3370_prompt.txt,pass,fail,verification_failed,0.07,16.71,2026-01-23T12:25:54.612385
315,aapp_competition_test,3372,3372_gen_0.sv,3372_testbench.py,3372_prompt.txt,fail,N/A,compilation_failed,0.05,0.00,2026-01-23T12:26:11.440028
316,aapp_competition_test,3373,3373_gen_0.sv,3373_testbench.py,3373_prompt.txt,fail,N/A,compilation_failed,0.07,0.00,2026-01-23T12:26:11.548559
317,aapp_competition_test,3374,3374_gen_0.sv,3374_testbench.py,3374_prompt.txt,fail,N/A,compilation_failed,0.07,0.00,2026-01-23T12:26:11.673425
318,aapp_competition_test,3375,3375_gen_0.sv,3375_testbench.py,3375_prompt.txt,pass,pass,pass,0.07,16.54,2026-01-23T12:26:11.789148
319,aapp_competition_test,3376,3376_gen_0.sv,3376_testbench.py,3376_prompt.txt,pass,fail,verification_failed,0.06,17.11,2026-01-23T12:26:28.447287
320,aapp_competition_test,3377,3377_gen_0.sv,3377_testbench.py,3377_prompt.txt,pass,pass,pass,0.06,16.54,2026-01-23T12:26:45.662221
321,aapp_competition_test,3378,3378_gen_0.sv,3378_testbench.py,3378_prompt.txt,fail,N/A,compilation_failed,0.07,0.00,2026-01-23T12:27:02.308000
322,aapp_competition_test,3380,3380_gen_0.sv,3380_testbench.py,3380_prompt.txt,pass,pass,pass,0.07,16.29,2026-01-23T12:27:02.425325
323,aapp_competition_test,3382,3382_gen_0.sv,3382_testbench.py,3382_prompt.txt,pass,fail,verification_failed,0.07,16.45,2026-01-23T12:27:18.824909
324,aapp_competition_test,3383,3383_gen_0.sv,3383_testbench.py,3383_prompt.txt,fail,N/A,compilation_failed,0.06,0.00,2026-01-23T12:27:35.391498
325,aapp_competition_test,3384,3384_gen_0.sv,3384_testbench.py,3384_prompt.txt,pass,fail,verification_failed,0.06,16.53,2026-01-23T12:27:35.495205
326,aapp_competition_test,3385,3385_gen_0.sv,3385_testbench.py,3385_prompt.txt,fail,N/A,compilation_failed,0.08,0.00,2026-01-23T12:27:52.141408
327,aapp_competition_test,3386,3386_gen_0.sv,3386_testbench.py,3386_prompt.txt,pass,pass,pass,0.08,18.80,2026-01-23T12:27:52.352212
328,aapp_competition_test,3387,3387_gen_0.sv,3387_testbench.py,3387_prompt.txt,pass,pass,pass,0.27,17.42,2026-01-23T12:28:11.319670
329,aapp_competition_test,3388,3388_gen_0.sv,3388_testbench.py,3388_prompt.txt,pass,fail,verification_failed,0.06,16.68,2026-01-23T12:28:29.054833
330,aapp_competition_test,3390,3390_gen_0.sv,3390_testbench.py,3390_prompt.txt,fail,N/A,compilation_failed,0.06,0.00,2026-01-23T12:28:45.833163
331,aapp_competition_test,3391,3391_gen_0.sv,3391_testbench.py,3391_prompt.txt,pass,fail,verification_failed,0.06,16.98,2026-01-23T12:28:45.933617
332,aapp_competition_test,3392,3392_gen_0.sv,3392_testbench.py,3392_prompt.txt,pass,fail,verification_failed,0.06,16.71,2026-01-23T12:29:03.022614
333,aapp_competition_test,3393,3393_gen_0.sv,3393_testbench.py,3393_prompt.txt,fail,N/A,compilation_failed,0.06,0.00,2026-01-23T12:29:19.834432
334,aapp_competition_test,3395,3395_gen_0.sv,3395_testbench.py,3395_prompt.txt,pass,fail,verification_failed,0.06,16.74,2026-01-23T12:29:19.969346
335,aapp_competition_test,3397,3397_gen_0.sv,3397_testbench.py,3397_prompt.txt,pass,fail,verification_failed,0.08,16.90,2026-01-23T12:29:36.816911
336,aapp_competition_test,3398,3398_gen_0.sv,3398_testbench.py,3398_prompt.txt,fail,N/A,compilation_failed,0.07,0.00,2026-01-23T12:29:53.845085
337,aapp_competition_test,3399,3399_gen_0.sv,3399_testbench.py,3399_prompt.txt,pass,fail,verification_failed,0.07,17.18,2026-01-23T12:29:53.987869
338,aapp_competition_test,3401,3401_gen_0.sv,3401_testbench.py,3401_prompt.txt,pass,timeout,verification_failed,0.08,305.51,2026-01-23T12:30:11.287009
339,aapp_competition_test,3403,3403_gen_0.sv,3403_testbench.py,3403_prompt.txt,pass,fail,verification_failed,0.07,18.13,2026-01-23T12:35:16.978994
340,aapp_competition_test,3405,3405_gen_0.sv,3405_testbench.py,3405_prompt.txt,pass,fail,verification_failed,0.05,16.89,2026-01-23T12:35:35.567392
341,aapp_competition_test,3406,3406_gen_0.sv,3406_testbench.py,3406_prompt.txt,fail,N/A,compilation_failed,0.07,0.00,2026-01-23T12:35:52.564788
342,aapp_competition_test,3407,3407_gen_0.sv,3407_testbench.py,3407_prompt.txt,pass,fail,verification_failed,0.07,286.12,2026-01-23T12:35:52.681231
343,aapp_competition_test,3409,3409_gen_0.sv,3409_testbench.py,3409_prompt.txt,pass,fail,verification_failed,0.11,17.15,2026-01-23T12:40:38.921744
344,aapp_competition_test,3410,3410_gen_0.sv,3410_testbench.py,3410_prompt.txt,pass,fail,verification_failed,0.07,19.06,2026-01-23T12:40:56.257492
345,aapp_competition_test,3411,3411_gen_0.sv,3411_testbench.py,3411_prompt.txt,pass,fail,verification_failed,0.07,16.87,2026-01-23T12:41:15.447838
346,aapp_competition_test,3413,3413_gen_0.sv,3413_testbench.py,3413_prompt.txt,fail,N/A,compilation_failed,0.07,0.00,2026-01-23T12:41:32.441162
347,aapp_competition_test,3414,3414_gen_0.sv,3414_testbench.py,3414_prompt.txt,pass,timeout,verification_failed,0.06,305.41,2026-01-23T12:41:32.564951
348,aapp_competition_test,3416,3416_gen_0.sv,3416_testbench.py,3416_prompt.txt,pass,pass,pass,0.16,17.97,2026-01-23T12:46:38.198850
349,aapp_competition_test,3417,3417_gen_0.sv,3417_testbench.py,3417_prompt.txt,pass,pass,pass,0.06,16.82,2026-01-23T12:46:57.207209
350,aapp_competition_test,3418,3418_gen_0.sv,3418_testbench.py,3418_prompt.txt,pass,fail,verification_failed,0.07,16.68,2026-01-23T12:47:14.143223
351,aapp_competition_test,3419,3419_gen_0.sv,3419_testbench.py,3419_prompt.txt,pass,fail,verification_failed,0.07,16.62,2026-01-23T12:47:30.952089
352,aapp_competition_test,3420,3420_gen_0.sv,3420_testbench.py,3420_prompt.txt,pass,fail,verification_failed,0.07,16.52,2026-01-23T12:47:47.697323
353,aapp_competition_test,3421,3421_gen_0.sv,3421_testbench.py,3421_prompt.txt,fail,N/A,compilation_failed,0.07,0.00,2026-01-23T12:48:04.342830
354,aapp_competition_test,3422,3422_gen_0.sv,3422_testbench.py,3422_prompt.txt,fail,N/A,compilation_failed,2.03,0.00,2026-01-23T12:48:04.468965
355,aapp_competition_test,3423,3423_gen_0.sv,3423_testbench.py,3423_prompt.txt,pass,fail,verification_failed,0.07,16.69,2026-01-23T12:48:06.572787
356,aapp_competition_test,3424,3424_gen_0.sv,3424_testbench.py,3424_prompt.txt,pass,fail,verification_failed,0.07,16.66,2026-01-23T12:48:23.384121
357,aapp_competition_test,3426,3426_gen_0.sv,3426_testbench.py,3426_prompt.txt,fail,N/A,compilation_failed,0.07,0.00,2026-01-23T12:48:40.165384
358,aapp_competition_test,3427,3427_gen_0.sv,3427_testbench.py,3427_prompt.txt,pass,timeout,verification_failed,0.06,305.19,2026-01-23T12:48:40.282942
359,aapp_competition_test,3428,3428_gen_0.sv,3428_testbench.py,3428_prompt.txt,pass,pass,pass,0.13,17.77,2026-01-23T12:53:45.607864
360,aapp_competition_test,3429,3429_gen_0.sv,3429_testbench.py,3429_prompt.txt,pass,fail,verification_failed,0.07,16.73,2026-01-23T12:54:03.582929
361,aapp_competition_test,3430,3430_gen_0.sv,3430_testbench.py,3430_prompt.txt,fail,N/A,compilation_failed,0.07,0.00,2026-01-23T12:54:20.434599
362,aapp_competition_test,3432,3432_gen_0.sv,3432_testbench.py,3432_prompt.txt,pass,fail,verification_failed,0.06,16.49,2026-01-23T12:54:20.568147
363,aapp_competition_test,3433,3433_gen_0.sv,3433_testbench.py,3433_prompt.txt,fail,N/A,compilation_failed,0.06,0.00,2026-01-23T12:54:37.177193
364,aapp_competition_test,3434,3434_gen_0.sv,3434_testbench.py,3434_prompt.txt,fail,N/A,compilation_failed,0.07,0.00,2026-01-23T12:54:37.302448
365,aapp_competition_test,3435,3435_gen_0.sv,3435_testbench.py,3435_prompt.txt,pass,fail,verification_failed,0.06,16.26,2026-01-23T12:54:37.432166
366,aapp_competition_test,3436,3436_gen_0.sv,3436_testbench.py,3436_prompt.txt,pass,pass,pass,0.07,16.97,2026-01-23T12:54:53.803532
367,aapp_competition_test,3437,3437_gen_0.sv,3437_testbench.py,3437_prompt.txt,pass,pass,pass,0.08,17.39,2026-01-23T12:55:10.898393
368,aapp_competition_test,3438,3438_gen_0.sv,3438_testbench.py,3438_prompt.txt,pass,timeout,verification_failed,0.06,305.15,2026-01-23T12:55:28.425960
369,aapp_competition_test,3439,3439_gen_0.sv,3439_testbench.py,3439_prompt.txt,pass,fail,verification_failed,0.13,29.31,2026-01-23T13:00:33.695209
370,aapp_competition_test,3440,3440_gen_0.sv,3440_testbench.py,3440_prompt.txt,fail,N/A,compilation_failed,0.07,0.00,2026-01-23T13:01:03.440357
371,aapp_competition_test,3441,3441_gen_0.sv,3441_testbench.py,3441_prompt.txt,pass,fail,verification_failed,0.06,17.20,2026-01-23T13:01:03.562116
372,aapp_competition_test,3442,3442_gen_0.sv,3442_testbench.py,3442_prompt.txt,fail,N/A,compilation_failed,0.07,0.00,2026-01-23T13:01:20.877136
373,aapp_competition_test,3443,3443_gen_0.sv,3443_testbench.py,3443_prompt.txt,pass,fail,verification_failed,0.08,17.40,2026-01-23T13:01:21.001882
374,aapp_competition_test,3444,3444_gen_0.sv,3444_testbench.py,3444_prompt.txt,pass,fail,verification_failed,0.07,17.78,2026-01-23T13:01:38.540002
375,aapp_competition_test,3445,3445_gen_0.sv,3445_testbench.py,3445_prompt.txt,pass,pass,pass,0.07,18.99,2026-01-23T13:01:56.445142
376,aapp_competition_test,3446,3446_gen_0.sv,3446_testbench.py,3446_prompt.txt,pass,timeout,verification_failed,0.07,305.27,2026-01-23T13:02:15.557797
377,aapp_competition_test,3447,3447_gen_0.sv,3447_testbench.py,3447_prompt.txt,fail,N/A,compilation_failed,1.42,0.00,2026-01-23T13:07:20.971232
378,aapp_competition_test,3449,3449_gen_0.sv,3449_testbench.py,3449_prompt.txt,fail,N/A,compilation_failed,0.07,0.00,2026-01-23T13:07:22.451769
379,aapp_competition_test,3450,3450_gen_0.sv,3450_testbench.py,3450_prompt.txt,pass,fail,verification_failed,0.07,17.96,2026-01-23T13:07:22.583409
380,aapp_competition_test,3451,3451_gen_0.sv,3451_testbench.py,3451_prompt.txt,pass,fail,verification_failed,0.08,18.06,2026-01-23T13:07:40.672345
381,aapp_competition_test,3452,3452_gen_0.sv,3452_testbench.py,3452_prompt.txt,pass,pass,pass,0.06,17.90,2026-01-23T13:07:58.864489
382,aapp_competition_test,3453,3453_gen_0.sv,3453_testbench.py,3453_prompt.txt,fail,N/A,compilation_failed,0.07,0.00,2026-01-23T13:08:16.895873
383,aapp_competition_test,3454,3454_gen_0.sv,3454_testbench.py,3454_prompt.txt,pass,fail,verification_failed,0.06,112.38,2026-01-23T13:08:17.018582
384,aapp_competition_test,3457,3457_gen_0.sv,3457_testbench.py,3457_prompt.txt,pass,pass,pass,0.08,17.92,2026-01-23T13:10:09.512024
385,aapp_competition_test,3458,3458_gen_0.sv,3458_testbench.py,3458_prompt.txt,fail,N/A,compilation_failed,0.06,0.00,2026-01-23T13:10:27.573121
386,aapp_competition_test,3460,3460_gen_0.sv,3460_testbench.py,3460_prompt.txt,fail,N/A,compilation_failed,0.06,0.00,2026-01-23T13:10:27.692144
387,aapp_competition_test,3461,3461_gen_0.sv,3461_testbench.py,3461_prompt.txt,pass,fail,verification_failed,0.07,17.60,2026-01-23T13:10:27.809775
388,aapp_competition_test,3463,3463_gen_0.sv,3463_testbench.py,3463_prompt.txt,pass,fail,verification_failed,0.07,18.06,2026-01-23T13:10:45.534698
389,aapp_competition_test,3464,3464_gen_0.sv,3464_testbench.py,3464_prompt.txt,fail,N/A,compilation_failed,0.06,0.00,2026-01-23T13:11:03.714823
390,aapp_competition_test,3465,3465_gen_0.sv,3465_testbench.py,3465_prompt.txt,fail,N/A,compilation_failed,0.06,0.00,2026-01-23T13:11:03.834962
391,aapp_competition_test,3468,3468_gen_0.sv,3468_testbench.py,3468_prompt.txt,pass,fail,verification_failed,0.08,17.81,2026-01-23T13:11:03.958268
392,aapp_competition_test,3469,3469_gen_0.sv,3469_testbench.py,3469_prompt.txt,fail,N/A,compilation_failed,0.06,0.00,2026-01-23T13:11:21.898784
393,aapp_competition_test,3470,3470_gen_0.sv,3470_testbench.py,3470_prompt.txt,pass,pass,pass,0.07,18.28,2026-01-23T13:11:22.021270
394,aapp_competition_test,3471,3471_gen_0.sv,3471_testbench.py,3471_prompt.txt,pass,fail,verification_failed,0.07,19.12,2026-01-23T13:11:40.427853
395,aapp_competition_test,3472,3472_gen_0.sv,3472_testbench.py,3472_prompt.txt,fail,N/A,compilation_failed,0.07,0.00,2026-01-23T13:11:59.679511
396,aapp_competition_test,3473,3473_gen_0.sv,3473_testbench.py,3473_prompt.txt,fail,N/A,compilation_failed,0.07,0.00,2026-01-23T13:11:59.818839
397,aapp_competition_test,3474,3474_gen_0.sv,3474_testbench.py,3474_prompt.txt,pass,pass,pass,0.06,19.19,2026-01-23T13:11:59.950297
398,aapp_competition_test,3475,3475_gen_0.sv,3475_testbench.py,3475_prompt.txt,fail,N/A,compilation_failed,0.07,0.00,2026-01-23T13:12:19.275057
399,aapp_competition_test,3476,3476_gen_0.sv,3476_testbench.py,3476_prompt.txt,fail,N/A,compilation_failed,0.07,0.00,2026-01-23T13:12:19.427420
400,aapp_competition_test,3477,3477_gen_0.sv,3477_testbench.py,3477_prompt.txt,fail,N/A,compilation_failed,0.06,0.00,2026-01-23T13:12:19.580044
401,aapp_competition_test,3478,3478_gen_0.sv,3478_testbench.py,3478_prompt.txt,pass,timeout,verification_failed,0.07,306.90,2026-01-23T13:12:19.693119
402,aapp_competition_test,3479,3479_gen_0.sv,3479_testbench.py,3479_prompt.txt,pass,fail,verification_failed,0.07,17.32,2026-01-23T13:17:26.735077
403,aapp_competition_test,3482,3482_gen_0.sv,3482_testbench.py,3482_prompt.txt,pass,fail,verification_failed,0.07,17.63,2026-01-23T13:17:44.198527
404,aapp_competition_test,3483,3483_gen_0.sv,3483_testbench.py,3483_prompt.txt,pass,pass,pass,5.18,28.40,2026-01-23T13:18:01.964668
405,aapp_competition_test,3484,3484_gen_0.sv,3484_testbench.py,3484_prompt.txt,pass,fail,verification_failed,0.06,17.39,2026-01-23T13:18:35.603421
406,aapp_competition_test,3485,3485_gen_0.sv,3485_testbench.py,3485_prompt.txt,fail,N/A,compilation_failed,0.06,0.00,2026-01-23T13:18:53.108615
407,aapp_competition_test,3486,3486_gen_0.sv,3486_testbench.py,3486_prompt.txt,pass,fail,verification_failed,0.07,17.29,2026-01-23T13:18:53.230024
408,aapp_competition_test,3487,3487_gen_0.sv,3487_testbench.py,3487_prompt.txt,fail,N/A,compilation_failed,0.06,0.00,2026-01-23T13:19:10.653981
409,aapp_competition_test,3488,3488_gen_0.sv,3488_testbench.py,3488_prompt.txt,fail,N/A,compilation_failed,0.06,0.00,2026-01-23T13:19:10.767058
410,aapp_competition_test,3489,3489_gen_0.sv,3489_testbench.py,3489_prompt.txt,pass,fail,verification_failed,0.07,17.29,2026-01-23T13:19:10.883898
411,aapp_competition_test,3490,3490_gen_0.sv,3490_testbench.py,3490_prompt.txt,pass,pass,pass,0.08,18.26,2026-01-23T13:19:28.308206
412,aapp_competition_test,3491,3491_gen_0.sv,3491_testbench.py,3491_prompt.txt,pass,fail,verification_failed,0.08,24.38,2026-01-23T13:19:46.709252
413,aapp_competition_test,3492,3492_gen_0.sv,3492_testbench.py,3492_prompt.txt,fail,N/A,compilation_failed,0.07,0.00,2026-01-23T13:20:11.243803
414,aapp_competition_test,3493,3493_gen_0.sv,3493_testbench.py,3493_prompt.txt,pass,fail,verification_failed,0.07,17.37,2026-01-23T13:20:11.378703
415,aapp_competition_test,3494,3494_gen_0.sv,3494_testbench.py,3494_prompt.txt,fail,N/A,compilation_failed,0.07,0.00,2026-01-23T13:20:28.883669
416,aapp_competition_test,3496,3496_gen_0.sv,3496_testbench.py,3496_prompt.txt,pass,fail,verification_failed,0.06,17.39,2026-01-23T13:20:29.007846
417,aapp_competition_test,3497,3497_gen_0.sv,3497_testbench.py,3497_prompt.txt,fail,N/A,compilation_failed,0.07,0.00,2026-01-23T13:20:46.533823
418,aapp_competition_test,3498,3498_gen_0.sv,3498_testbench.py,3498_prompt.txt,fail,N/A,compilation_failed,0.06,0.00,2026-01-23T13:20:46.676542
419,aapp_competition_test,3499,3499_gen_0.sv,3499_testbench.py,3499_prompt.txt,pass,pass,pass,0.07,17.59,2026-01-23T13:20:46.801083
420,aapp_competition_test,3500,3500_gen_0.sv,3500_testbench.py,3500_prompt.txt,pass,pass,pass,0.07,17.94,2026-01-23T13:21:04.547352
421,aapp_competition_test,3502,3502_gen_0.sv,3502_testbench.py,3502_prompt.txt,fail,N/A,compilation_failed,0.07,0.00,2026-01-23T13:21:22.629984
422,aapp_competition_test,3503,3503_gen_0.sv,3503_testbench.py,3503_prompt.txt,fail,N/A,compilation_failed,0.07,0.00,2026-01-23T13:21:22.759007
423,aapp_competition_test,3504,3504_gen_0.sv,3504_testbench.py,3504_prompt.txt,pass,fail,verification_failed,0.07,17.49,2026-01-23T13:21:22.899426
424,aapp_competition_test,3505,3505_gen_0.sv,3505_testbench.py,3505_prompt.txt,pass,fail,verification_failed,0.07,19.22,2026-01-23T13:21:40.516189
425,aapp_competition_test,3506,3506_gen_0.sv,3506_testbench.py,3506_prompt.txt,fail,N/A,compilation_failed,0.05,0.00,2026-01-23T13:21:59.868352
426,aapp_competition_test,3507,3507_gen_0.sv,3507_testbench.py,3507_prompt.txt,pass,timeout,verification_failed,0.07,305.93,2026-01-23T13:21:59.987525
427,aapp_competition_test,3508,3508_gen_0.sv,3508_testbench.py,3508_prompt.txt,pass,fail,verification_failed,0.10,18.26,2026-01-23T13:27:06.069061
428,aapp_competition_test,3510,3510_gen_0.sv,3510_testbench.py,3510_prompt.txt,fail,N/A,compilation_failed,0.06,0.00,2026-01-23T13:27:24.944014
429,aapp_competition_test,3512,3512_gen_0.sv,3512_testbench.py,3512_prompt.txt,fail,N/A,compilation_failed,0.07,0.00,2026-01-23T13:27:25.084377
430,aapp_competition_test,3514,3514_gen_0.sv,3514_testbench.py,3514_prompt.txt,pass,timeout,verification_failed,0.07,305.75,2026-01-23T13:27:25.249600
431,aapp_competition_test,3515,3515_gen_0.sv,3515_testbench.py,3515_prompt.txt,fail,N/A,compilation_failed,0.06,0.00,2026-01-23T13:32:31.139426
432,aapp_competition_test,3516,3516_gen_0.sv,3516_testbench.py,3516_prompt.txt,pass,fail,verification_failed,0.07,17.76,2026-01-23T13:32:31.261970
433,aapp_competition_test,3517,3517_gen_0.sv,3517_testbench.py,3517_prompt.txt,pass,fail,verification_failed,0.07,17.14,2026-01-23T13:32:49.146542
434,aapp_competition_test,3518,3518_gen_0.sv,3518_testbench.py,3518_prompt.txt,fail,N/A,compilation_failed,0.05,0.00,2026-01-23T13:33:06.418540
435,aapp_competition_test,3519,3519_gen_0.sv,3519_testbench.py,3519_prompt.txt,pass,fail,verification_failed,0.06,17.54,2026-01-23T13:33:06.536505
436,aapp_competition_test,3520,3520_gen_0.sv,3520_testbench.py,3520_prompt.txt,pass,fail,verification_failed,0.06,17.10,2026-01-23T13:33:24.205191
437,aapp_competition_test,3522,3522_gen_0.sv,3522_testbench.py,3522_prompt.txt,pass,fail,verification_failed,0.07,18.22,2026-01-23T13:33:41.431490
438,aapp_competition_test,3523,3523_gen_0.sv,3523_testbench.py,3523_prompt.txt,pass,pass,pass,0.08,44.29,2026-01-23T13:33:59.783692
439,aapp_competition_test,3524,3524_gen_0.sv,3524_testbench.py,3524_prompt.txt,pass,fail,verification_failed,0.07,17.25,2026-01-23T13:34:44.215640
440,aapp_competition_test,3525,3525_gen_0.sv,3525_testbench.py,3525_prompt.txt,pass,fail,verification_failed,0.08,20.29,2026-01-23T13:35:01.607296
441,aapp_competition_test,3526,3526_gen_0.sv,3526_testbench.py,3526_prompt.txt,pass,fail,verification_failed,0.07,17.10,2026-01-23T13:35:22.039504
442,aapp_competition_test,3527,3527_gen_0.sv,3527_testbench.py,3527_prompt.txt,fail,N/A,compilation_failed,0.06,0.00,2026-01-23T13:35:39.261785
443,aapp_competition_test,3528,3528_gen_0.sv,3528_testbench.py,3528_prompt.txt,pass,fail,verification_failed,0.06,17.56,2026-01-23T13:35:39.385992
444,aapp_competition_test,3529,3529_gen_0.sv,3529_testbench.py,3529_prompt.txt,pass,pass,pass,0.07,17.48,2026-01-23T13:35:57.069708
445,aapp_competition_test,3530,3530_gen_0.sv,3530_testbench.py,3530_prompt.txt,pass,pass,pass,0.07,17.76,2026-01-23T13:36:14.680610
446,aapp_competition_test,3531,3531_gen_0.sv,3531_testbench.py,3531_prompt.txt,pass,fail,verification_failed,0.07,25.69,2026-01-23T13:36:32.581809
447,aapp_competition_test,3532,3532_gen_0.sv,3532_testbench.py,3532_prompt.txt,pass,fail,verification_failed,0.09,20.87,2026-01-23T13:36:58.472071
448,aapp_competition_test,3533,3533_gen_0.sv,3533_testbench.py,3533_prompt.txt,pass,pass,pass,0.07,20.35,2026-01-23T13:37:19.511002
449,aapp_competition_test,3534,3534_gen_0.sv,3534_testbench.py,3534_prompt.txt,pass,fail,verification_failed,0.07,21.43,2026-01-23T13:37:40.010629
450,aapp_competition_test,3535,3535_gen_0.sv,3535_testbench.py,3535_prompt.txt,pass,fail,verification_failed,0.07,21.56,2026-01-23T13:38:01.604280
451,aapp_competition_test,3536,3536_gen_0.sv,3536_testbench.py,3536_prompt.txt,pass,fail,verification_failed,0.08,20.23,2026-01-23T13:38:23.314303
452,aapp_competition_test,3537,3537_gen_0.sv,3537_testbench.py,3537_prompt.txt,pass,fail,verification_failed,0.08,20.80,2026-01-23T13:38:43.711629
453,aapp_competition_test,3540,3540_gen_0.sv,3540_testbench.py,3540_prompt.txt,pass,fail,verification_failed,29.45,52.68,2026-01-23T13:39:04.700929
454,aapp_competition_test,3541,3541_gen_0.sv,3541_testbench.py,3541_prompt.txt,fail,N/A,compilation_failed,0.06,0.00,2026-01-23T13:40:26.915999
455,aapp_competition_test,3542,3542_gen_0.sv,3542_testbench.py,3542_prompt.txt,pass,pass,pass,0.07,20.21,2026-01-23T13:40:27.083111
456,aapp_competition_test,3543,3543_gen_0.sv,3543_testbench.py,3543_prompt.txt,pass,fail,verification_failed,0.07,18.03,2026-01-23T13:40:47.465002
457,aapp_competition_test,3544,3544_gen_0.sv,3544_testbench.py,3544_prompt.txt,pass,fail,verification_failed,0.07,17.83,2026-01-23T13:41:05.626936
458,aapp_competition_test,3545,3545_gen_0.sv,3545_testbench.py,3545_prompt.txt,fail,N/A,compilation_failed,0.06,0.00,2026-01-23T13:41:23.605986
459,aapp_competition_test,3548,3548_gen_0.sv,3548_testbench.py,3548_prompt.txt,pass,fail,verification_failed,0.07,17.93,2026-01-23T13:41:23.760233
460,aapp_competition_test,3550,3550_gen_0.sv,3550_testbench.py,3550_prompt.txt,fail,N/A,compilation_failed,0.07,0.00,2026-01-23T13:41:41.851158
461,aapp_competition_test,3551,3551_gen_0.sv,3551_testbench.py,3551_prompt.txt,pass,fail,verification_failed,0.07,19.11,2026-01-23T13:41:42.017754
462,aapp_competition_test,3553,3553_gen_0.sv,3553_testbench.py,3553_prompt.txt,pass,pass,pass,0.07,18.37,2026-01-23T13:42:01.265474
463,aapp_competition_test,3554,3554_gen_0.sv,3554_testbench.py,3554_prompt.txt,fail,N/A,compilation_failed,0.05,0.00,2026-01-23T13:42:19.797212
464,aapp_competition_test,3555,3555_gen_0.sv,3555_testbench.py,3555_prompt.txt,pass,timeout,verification_failed,0.06,305.66,2026-01-23T13:42:19.941806
465,aapp_competition_test,3556,3556_gen_0.sv,3556_testbench.py,3556_prompt.txt,fail,N/A,compilation_failed,0.34,0.00,2026-01-23T13:47:25.822583
466,aapp_competition_test,3557,3557_gen_0.sv,3557_testbench.py,3557_prompt.txt,fail,N/A,compilation_failed,0.07,0.00,2026-01-23T13:47:26.618332
467,aapp_competition_test,3558,3558_gen_0.sv,3558_testbench.py,3558_prompt.txt,pass,pass,pass,0.07,18.24,2026-01-23T13:47:26.822032
468,aapp_competition_test,3559,3559_gen_0.sv,3559_testbench.py,3559_prompt.txt,fail,N/A,compilation_failed,0.08,0.00,2026-01-23T13:47:45.211876
469,aapp_competition_test,3560,3560_gen_0.sv,3560_testbench.py,3560_prompt.txt,pass,fail,verification_failed,0.09,18.37,2026-01-23T13:47:45.388371
470,aapp_competition_test,3561,3561_gen_0.sv,3561_testbench.py,3561_prompt.txt,pass,pass,pass,0.07,18.13,2026-01-23T13:48:03.918218
471,aapp_competition_test,3562,3562_gen_0.sv,3562_testbench.py,3562_prompt.txt,pass,fail,verification_failed,0.06,18.40,2026-01-23T13:48:22.189063
472,aapp_competition_test,3563,3563_gen_0.sv,3563_testbench.py,3563_prompt.txt,fail,N/A,compilation_failed,0.05,0.00,2026-01-23T13:48:40.716691
473,aapp_competition_test,3564,3564_gen_0.sv,3564_testbench.py,3564_prompt.txt,fail,N/A,compilation_failed,0.06,0.00,2026-01-23T13:48:40.852431
474,aapp_competition_test,3565,3565_gen_0.sv,3565_testbench.py,3565_prompt.txt,pass,fail,verification_failed,0.07,18.83,2026-01-23T13:48:40.986914
475,aapp_competition_test,3566,3566_gen_0.sv,3566_testbench.py,3566_prompt.txt,pass,fail,verification_failed,0.06,17.94,2026-01-23T13:48:59.964442
476,aapp_competition_test,3567,3567_gen_0.sv,3567_testbench.py,3567_prompt.txt,pass,fail,verification_failed,0.09,18.00,2026-01-23T13:49:18.027757
477,aapp_competition_test,3568,3568_gen_0.sv,3568_testbench.py,3568_prompt.txt,fail,N/A,compilation_failed,0.05,0.00,2026-01-23T13:49:36.188815
478,aapp_competition_test,3569,3569_gen_0.sv,3569_testbench.py,3569_prompt.txt,pass,fail,verification_failed,0.07,18.16,2026-01-23T13:49:36.323446
479,aapp_competition_test,3570,3570_gen_0.sv,3570_testbench.py,3570_prompt.txt,fail,N/A,compilation_failed,0.07,0.00,2026-01-23T13:49:54.634803
480,aapp_competition_test,3571,3571_gen_0.sv,3571_testbench.py,3571_prompt.txt,fail,N/A,compilation_failed,0.07,0.00,2026-01-23T13:49:54.797026
481,aapp_competition_test,3572,3572_gen_0.sv,3572_testbench.py,3572_prompt.txt,fail,N/A,compilation_failed,0.06,0.00,2026-01-23T13:49:54.940051
482,aapp_competition_test,3573,3573_gen_0.sv,3573_testbench.py,3573_prompt.txt,pass,fail,verification_failed,0.06,18.00,2026-01-23T13:49:55.063169
483,aapp_competition_test,3574,3574_gen_0.sv,3574_testbench.py,3574_prompt.txt,pass,pass,pass,0.07,18.30,2026-01-23T13:50:13.191706
484,aapp_competition_test,3575,3575_gen_0.sv,3575_testbench.py,3575_prompt.txt,pass,timeout,verification_failed,0.08,305.88,2026-01-23T13:50:31.624897
485,aapp_competition_test,3576,3576_gen_0.sv,3576_testbench.py,3576_prompt.txt,fail,N/A,compilation_failed,0.14,0.00,2026-01-23T13:55:37.716921
486,aapp_competition_test,3577,3577_gen_0.sv,3577_testbench.py,3577_prompt.txt,pass,fail,verification_failed,0.08,19.75,2026-01-23T13:55:37.979750
487,aapp_competition_test,3578,3578_gen_0.sv,3578_testbench.py,3578_prompt.txt,fail,N/A,compilation_failed,0.08,0.00,2026-01-23T13:55:57.880532
488,aapp_competition_test,3579,3579_gen_0.sv,3579_testbench.py,3579_prompt.txt,fail,N/A,compilation_failed,0.07,0.00,2026-01-23T13:55:58.049733
489,aapp_competition_test,3580,3580_gen_0.sv,3580_testbench.py,3580_prompt.txt,pass,fail,verification_failed,0.06,18.03,2026-01-23T13:55:58.202139
490,aapp_competition_test,3581,3581_gen_0.sv,3581_testbench.py,3581_prompt.txt,fail,N/A,compilation_failed,0.07,0.00,2026-01-23T13:56:16.367134
491,aapp_competition_test,3582,3582_gen_0.sv,3582_testbench.py,3582_prompt.txt,fail,N/A,compilation_failed,0.07,0.00,2026-01-23T13:56:16.522194
492,aapp_competition_test,3583,3583_gen_0.sv,3583_testbench.py,3583_prompt.txt,fail,N/A,compilation_failed,0.07,0.00,2026-01-23T13:56:16.664436
493,aapp_competition_test,3584,3584_gen_0.sv,3584_testbench.py,3584_prompt.txt,fail,N/A,compilation_failed,0.06,0.00,2026-01-23T13:56:16.814930
494,aapp_competition_test,3585,3585_gen_0.sv,3585_testbench.py,3585_prompt.txt,pass,pass,pass,0.06,17.75,2026-01-23T13:56:16.943138
495,aapp_competition_test,3586,3586_gen_0.sv,3586_testbench.py,3586_prompt.txt,pass,pass,pass,0.07,18.47,2026-01-23T13:56:34.836753
496,aapp_competition_test,3588,3588_gen_0.sv,3588_testbench.py,3588_prompt.txt,pass,fail,verification_failed,0.07,17.70,2026-01-23T13:56:53.456022
497,aapp_competition_test,3589,3589_gen_0.sv,3589_testbench.py,3589_prompt.txt,pass,pass,pass,0.07,17.79,2026-01-23T13:57:11.312666
498,aapp_competition_test,3590,3590_gen_0.sv,3590_testbench.py,3590_prompt.txt,fail,N/A,compilation_failed,0.07,0.00,2026-01-23T13:57:29.249890
499,aapp_competition_test,3592,3592_gen_0.sv,3592_testbench.py,3592_prompt.txt,pass,fail,verification_failed,0.07,28.93,2026-01-23T13:57:29.401596
500,aapp_competition_test,3593,3593_gen_0.sv,3593_testbench.py,3593_prompt.txt,fail,N/A,compilation_failed,0.07,0.00,2026-01-23T13:57:58.466066
501,aapp_competition_test,3594,3594_gen_0.sv,3594_testbench.py,3594_prompt.txt,fail,N/A,compilation_failed,0.06,0.00,2026-01-23T13:57:58.594570
502,aapp_competition_test,3595,3595_gen_0.sv,3595_testbench.py,3595_prompt.txt,fail,N/A,compilation_failed,0.06,0.00,2026-01-23T13:57:58.732339
503,aapp_competition_test,3596,3596_gen_0.sv,3596_testbench.py,3596_prompt.txt,pass,pass,pass,0.07,18.14,2026-01-23T13:57:58.860086
504,aapp_competition_test,3597,3597_gen_0.sv,3597_testbench.py,3597_prompt.txt,pass,fail,verification_failed,0.07,17.30,2026-01-23T13:58:17.137965
505,aapp_competition_test,3599,3599_gen_0.sv,3599_testbench.py,3599_prompt.txt,pass,fail,verification_failed,0.07,17.68,2026-01-23T13:58:34.584284
506,aapp_competition_test,3600,3600_gen_0.sv,3600_testbench.py,3600_prompt.txt,pass,pass,pass,0.07,17.53,2026-01-23T13:58:52.407392
507,aapp_competition_test,3601,3601_gen_0.sv,3601_testbench.py,3601_prompt.txt,fail,N/A,compilation_failed,0.06,0.00,2026-01-23T13:59:10.079742
508,aapp_competition_test,3602,3602_gen_0.sv,3602_testbench.py,3602_prompt.txt,fail,N/A,compilation_failed,0.08,0.00,2026-01-23T13:59:10.223295
509,aapp_competition_test,3603,3603_gen_0.sv,3603_testbench.py,3603_prompt.txt,fail,N/A,compilation_failed,0.07,0.00,2026-01-23T13:59:10.365514
510,aapp_competition_test,3604,3604_gen_0.sv,3604_testbench.py,3604_prompt.txt,pass,fail,verification_failed,0.07,17.97,2026-01-23T13:59:10.502787
511,aapp_competition_test,3606,3606_gen_0.sv,3606_testbench.py,3606_prompt.txt,fail,N/A,compilation_failed,0.07,0.00,2026-01-23T13:59:28.619341
512,aapp_competition_test,3607,3607_gen_0.sv,3607_testbench.py,3607_prompt.txt,pass,fail,verification_failed,0.07,18.08,2026-01-23T13:59:28.790032
513,aapp_competition_test,3608,3608_gen_0.sv,3608_testbench.py,3608_prompt.txt,pass,fail,verification_failed,0.08,18.99,2026-01-23T13:59:47.041278
514,aapp_competition_test,3609,3609_gen_0.sv,3609_testbench.py,3609_prompt.txt,pass,fail,verification_failed,0.07,18.40,2026-01-23T14:00:06.190653
515,aapp_competition_test,3610,3610_gen_0.sv,3610_testbench.py,3610_prompt.txt,fail,N/A,compilation_failed,0.07,0.00,2026-01-23T14:00:24.757131
516,aapp_competition_test,3611,3611_gen_0.sv,3611_testbench.py,3611_prompt.txt,pass,fail,verification_failed,0.08,18.85,2026-01-23T14:00:24.946222
517,aapp_competition_test,3613,3613_gen_0.sv,3613_testbench.py,3613_prompt.txt,pass,fail,verification_failed,0.07,18.93,2026-01-23T14:00:43.953027
518,aapp_competition_test,3614,3614_gen_0.sv,3614_testbench.py,3614_prompt.txt,fail,N/A,compilation_failed,0.07,0.00,2026-01-23T14:01:03.025606
519,aapp_competition_test,3615,3615_gen_0.sv,3615_testbench.py,3615_prompt.txt,fail,N/A,compilation_failed,0.07,0.00,2026-01-23T14:01:03.186521
520,aapp_competition_test,3616,3616_gen_0.sv,3616_testbench.py,3616_prompt.txt,fail,N/A,compilation_failed,0.06,0.00,2026-01-23T14:01:03.331850
521,aapp_competition_test,3619,3619_gen_0.sv,3619_testbench.py,3619_prompt.txt,fail,N/A,compilation_failed,0.07,0.00,2026-01-23T14:01:03.478088
522,aapp_competition_test,3620,3620_gen_0.sv,3620_testbench.py,3620_prompt.txt,pass,pass,pass,0.07,17.96,2026-01-23T14:01:03.626022
523,aapp_competition_test,3621,3621_gen_0.sv,3621_testbench.py,3621_prompt.txt,fail,N/A,compilation_failed,0.06,0.00,2026-01-23T14:01:21.731576
524,aapp_competition_test,3622,3622_gen_0.sv,3622_testbench.py,3622_prompt.txt,fail,N/A,compilation_failed,0.06,0.00,2026-01-23T14:01:21.869161
525,aapp_competition_test,3623,3623_gen_0.sv,3623_testbench.py,3623_prompt.txt,fail,N/A,compilation_failed,0.06,0.00,2026-01-23T14:01:22.031415
526,aapp_competition_test,3625,3625_gen_0.sv,3625_testbench.py,3625_prompt.txt,fail,N/A,compilation_failed,0.07,0.00,2026-01-23T14:01:22.189514
527,aapp_competition_test,3626,3626_gen_0.sv,3626_testbench.py,3626_prompt.txt,pass,pass,pass,0.07,17.75,2026-01-23T14:01:22.367622
528,aapp_competition_test,3628,3628_gen_0.sv,3628_testbench.py,3628_prompt.txt,pass,pass,pass,0.07,18.26,2026-01-23T14:01:40.270054
529,aapp_competition_test,3629,3629_gen_0.sv,3629_testbench.py,3629_prompt.txt,pass,fail,verification_failed,0.08,18.54,2026-01-23T14:01:58.676094
530,aapp_competition_test,3630,3630_gen_0.sv,3630_testbench.py,3630_prompt.txt,pass,pass,pass,0.07,19.59,2026-01-23T14:02:17.381714
531,aapp_competition_test,3631,3631_gen_0.sv,3631_testbench.py,3631_prompt.txt,pass,error,verification_failed,0.09,10.46,2026-01-23T14:02:37.176181
532,aapp_competition_test,3632,3632_gen_0.sv,3632_testbench.py,3632_prompt.txt,pass,fail,verification_failed,0.17,23.91,2026-01-23T14:02:47.879453
533,aapp_competition_test,3633,3633_gen_0.sv,3633_testbench.py,3633_prompt.txt,fail,N/A,compilation_failed,0.08,0.00,2026-01-23T14:03:12.092741
534,aapp_competition_test,3634,3634_gen_0.sv,3634_testbench.py,3634_prompt.txt,pass,fail,verification_failed,0.07,23.98,2026-01-23T14:03:12.287648
535,aapp_competition_test,3635,3635_gen_0.sv,3635_testbench.py,3635_prompt.txt,pass,pass,pass,0.10,21.06,2026-01-23T14:03:36.466417
536,aapp_competition_test,3636,3636_gen_0.sv,3636_testbench.py,3636_prompt.txt,pass,fail,verification_failed,0.06,22.73,2026-01-23T14:03:57.726266
537,aapp_competition_test,3637,3637_gen_0.sv,3637_testbench.py,3637_prompt.txt,pass,error,verification_failed,0.10,10.58,2026-01-23T14:04:20.666750
538,aapp_competition_test,3638,3638_gen_0.sv,3638_testbench.py,3638_prompt.txt,pass,error,verification_failed,0.09,10.12,2026-01-23T14:04:31.476467
539,aapp_competition_test,3639,3639_gen_0.sv,3639_testbench.py,3639_prompt.txt,fail,N/A,compilation_failed,0.09,0.00,2026-01-23T14:04:41.829503
540,aapp_competition_test,3640,3640_gen_0.sv,3640_testbench.py,3640_prompt.txt,pass,pass,pass,0.10,21.51,2026-01-23T14:04:42.056128
541,aapp_competition_test,3641,3641_gen_0.sv,3641_testbench.py,3641_prompt.txt,fail,N/A,compilation_failed,0.08,0.00,2026-01-23T14:05:03.769345
542,aapp_competition_test,3642,3642_gen_0.sv,3642_testbench.py,3642_prompt.txt,pass,fail,verification_failed,0.06,19.49,2026-01-23T14:05:03.939820
543,aapp_competition_test,3644,3644_gen_0.sv,3644_testbench.py,3644_prompt.txt,pass,fail,verification_failed,0.07,19.76,2026-01-23T14:05:23.571934
544,aapp_competition_test,3646,3646_gen_0.sv,3646_testbench.py,3646_prompt.txt,pass,fail,verification_failed,0.08,20.70,2026-01-23T14:05:43.516039
545,aapp_competition_test,3647,3647_gen_0.sv,3647_testbench.py,3647_prompt.txt,fail,N/A,compilation_failed,0.07,0.00,2026-01-23T14:06:04.394009
546,aapp_competition_test,3648,3648_gen_0.sv,3648_testbench.py,3648_prompt.txt,pass,fail,verification_failed,0.06,20.66,2026-01-23T14:06:04.560028
547,aapp_competition_test,3649,3649_gen_0.sv,3649_testbench.py,3649_prompt.txt,pass,fail,verification_failed,0.09,21.46,2026-01-23T14:06:25.404328
548,aapp_competition_test,3650,3650_gen_0.sv,3650_testbench.py,3650_prompt.txt,pass,fail,verification_failed,0.08,20.96,2026-01-23T14:06:47.062126
549,aapp_competition_test,3652,3652_gen_0.sv,3652_testbench.py,3652_prompt.txt,pass,fail,verification_failed,0.06,19.84,2026-01-23T14:07:08.202133
550,aapp_competition_test,3653,3653_gen_0.sv,3653_testbench.py,3653_prompt.txt,fail,N/A,compilation_failed,0.07,0.00,2026-01-23T14:07:28.191508
551,aapp_competition_test,3656,3656_gen_0.sv,3656_testbench.py,3656_prompt.txt,pass,fail,verification_failed,0.08,20.36,2026-01-23T14:07:28.354364
552,aapp_competition_test,3657,3657_gen_0.sv,3657_testbench.py,3657_prompt.txt,fail,N/A,compilation_failed,0.07,0.00,2026-01-23T14:07:48.878771
553,aapp_competition_test,3658,3658_gen_0.sv,3658_testbench.py,3658_prompt.txt,pass,fail,verification_failed,0.07,19.40,2026-01-23T14:07:49.046475
554,aapp_competition_test,3659,3659_gen_0.sv,3659_testbench.py,3659_prompt.txt,fail,N/A,compilation_failed,0.07,0.00,2026-01-23T14:08:08.616427
555,aapp_competition_test,3660,3660_gen_0.sv,3660_testbench.py,3660_prompt.txt,pass,fail,verification_failed,0.07,18.41,2026-01-23T14:08:08.794317
556,aapp_competition_test,3661,3661_gen_0.sv,3661_testbench.py,3661_prompt.txt,pass,fail,verification_failed,0.06,18.61,2026-01-23T14:08:27.378200
557,aapp_competition_test,3662,3662_gen_0.sv,3662_testbench.py,3662_prompt.txt,pass,fail,verification_failed,0.08,18.12,2026-01-23T14:08:46.156158
558,aapp_competition_test,3663,3663_gen_0.sv,3663_testbench.py,3663_prompt.txt,pass,fail,verification_failed,0.07,20.47,2026-01-23T14:09:04.454184
559,aapp_competition_test,3664,3664_gen_0.sv,3664_testbench.py,3664_prompt.txt,pass,fail,verification_failed,0.08,18.66,2026-01-23T14:09:25.103051
560,aapp_competition_test,3666,3666_gen_0.sv,3666_testbench.py,3666_prompt.txt,pass,fail,verification_failed,0.07,18.10,2026-01-23T14:09:43.956376
561,aapp_competition_test,3667,3667_gen_0.sv,3667_testbench.py,3667_prompt.txt,pass,pass,pass,0.09,44.93,2026-01-23T14:10:02.245424
562,aapp_competition_test,3670,3670_gen_0.sv,3670_testbench.py,3670_prompt.txt,pass,fail,verification_failed,0.09,22.46,2026-01-23T14:10:47.396520
563,aapp_competition_test,3671,3671_gen_0.sv,3671_testbench.py,3671_prompt.txt,pass,fail,verification_failed,0.08,27.01,2026-01-23T14:11:10.079711
564,aapp_competition_test,3672,3672_gen_0.sv,3672_testbench.py,3672_prompt.txt,pass,fail,verification_failed,0.09,24.38,2026-01-23T14:11:37.308102
565,aapp_competition_test,3673,3673_gen_0.sv,3673_testbench.py,3673_prompt.txt,pass,pass,pass,0.07,22.43,2026-01-23T14:12:01.901647
566,aapp_competition_test,3674,3674_gen_0.sv,3674_testbench.py,3674_prompt.txt,pass,fail,verification_failed,0.09,34.14,2026-01-23T14:12:24.557681
567,aapp_competition_test,3676,3676_gen_0.sv,3676_testbench.py,3676_prompt.txt,pass,fail,verification_failed,0.08,25.52,2026-01-23T14:12:58.927362
568,aapp_competition_test,3677,3677_gen_0.sv,3677_testbench.py,3677_prompt.txt,fail,N/A,compilation_failed,0.07,0.00,2026-01-23T14:13:24.620050
569,aapp_competition_test,3679,3679_gen_0.sv,3679_testbench.py,3679_prompt.txt,pass,fail,verification_failed,0.08,19.25,2026-01-23T14:13:24.800393
570,aapp_competition_test,3681,3681_gen_0.sv,3681_testbench.py,3681_prompt.txt,fail,N/A,compilation_failed,0.07,0.00,2026-01-23T14:13:44.234089
571,aapp_competition_test,3682,3682_gen_0.sv,3682_testbench.py,3682_prompt.txt,fail,N/A,compilation_failed,0.07,0.00,2026-01-23T14:13:44.421102
572,aapp_competition_test,3683,3683_gen_0.sv,3683_testbench.py,3683_prompt.txt,pass,fail,verification_failed,0.16,18.61,2026-01-23T14:13:44.591722
573,aapp_competition_test,3684,3684_gen_0.sv,3684_testbench.py,3684_prompt.txt,pass,fail,verification_failed,0.07,18.97,2026-01-23T14:14:03.444018
574,aapp_competition_test,3685,3685_gen_0.sv,3685_testbench.py,3685_prompt.txt,fail,N/A,compilation_failed,0.07,0.00,2026-01-23T14:14:22.581973
575,aapp_competition_test,3686,3686_gen_0.sv,3686_testbench.py,3686_prompt.txt,pass,pass,pass,0.07,18.27,2026-01-23T14:14:22.764880
576,aapp_competition_test,3687,3687_gen_0.sv,3687_testbench.py,3687_prompt.txt,fail,N/A,compilation_failed,0.07,0.00,2026-01-23T14:14:41.206961
577,aapp_competition_test,3688,3688_gen_0.sv,3688_testbench.py,3688_prompt.txt,fail,N/A,compilation_failed,0.07,0.00,2026-01-23T14:14:41.382924
578,aapp_competition_test,3689,3689_gen_0.sv,3689_testbench.py,3689_prompt.txt,pass,pass,pass,0.06,17.75,2026-01-23T14:14:41.548629
579,aapp_competition_test,3690,3690_gen_0.sv,3690_testbench.py,3690_prompt.txt,pass,pass,pass,0.06,17.83,2026-01-23T14:14:59.441131
580,aapp_competition_test,3691,3691_gen_0.sv,3691_testbench.py,3691_prompt.txt,pass,fail,verification_failed,0.07,18.75,2026-01-23T14:15:17.434585
581,aapp_competition_test,3692,3692_gen_0.sv,3692_testbench.py,3692_prompt.txt,pass,pass,pass,0.07,17.96,2026-01-23T14:15:36.321213
582,aapp_competition_test,3693,3693_gen_0.sv,3693_testbench.py,3693_prompt.txt,pass,fail,verification_failed,0.07,18.12,2026-01-23T14:15:54.446697
583,aapp_competition_test,3694,3694_gen_0.sv,3694_testbench.py,3694_prompt.txt,pass,timeout,verification_failed,0.06,305.63,2026-01-23T14:16:12.743467
584,aapp_competition_test,3695,3695_gen_0.sv,3695_testbench.py,3695_prompt.txt,pass,pass,pass,0.06,17.87,2026-01-23T14:21:18.528342
585,aapp_competition_test,3696,3696_gen_0.sv,3696_testbench.py,3696_prompt.txt,pass,pass,pass,0.07,17.49,2026-01-23T14:21:36.548715
586,aapp_competition_test,3697,3697_gen_0.sv,3697_testbench.py,3697_prompt.txt,pass,fail,verification_failed,0.08,17.21,2026-01-23T14:21:54.177485
587,aapp_competition_test,3699,3699_gen_0.sv,3699_testbench.py,3699_prompt.txt,pass,fail,verification_failed,0.08,17.57,2026-01-23T14:22:11.568613
588,aapp_competition_test,3701,3701_gen_0.sv,3701_testbench.py,3701_prompt.txt,fail,N/A,compilation_failed,0.06,0.00,2026-01-23T14:22:29.316394
589,aapp_competition_test,3702,3702_gen_0.sv,3702_testbench.py,3702_prompt.txt,pass,pass,pass,0.07,17.25,2026-01-23T14:22:29.475882
590,aapp_competition_test,3703,3703_gen_0.sv,3703_testbench.py,3703_prompt.txt,fail,N/A,compilation_failed,0.07,0.00,2026-01-23T14:22:46.881364
591,aapp_competition_test,3704,3704_gen_0.sv,3704_testbench.py,3704_prompt.txt,pass,fail,verification_failed,0.07,17.50,2026-01-23T14:22:47.043278
592,aapp_competition_test,3705,3705_gen_0.sv,3705_testbench.py,3705_prompt.txt,pass,fail,verification_failed,0.07,17.42,2026-01-23T14:23:04.708453
593,aapp_competition_test,3706,3706_gen_0.sv,3706_testbench.py,3706_prompt.txt,fail,N/A,compilation_failed,0.05,0.00,2026-01-23T14:23:22.303349
594,aapp_competition_test,3708,3708_gen_0.sv,3708_testbench.py,3708_prompt.txt,pass,fail,verification_failed,0.06,17.72,2026-01-23T14:23:22.468088
595,aapp_competition_test,3709,3709_gen_0.sv,3709_testbench.py,3709_prompt.txt,pass,fail,verification_failed,0.06,17.54,2026-01-23T14:23:40.353125
596,aapp_competition_test,3710,3710_gen_0.sv,3710_testbench.py,3710_prompt.txt,fail,N/A,compilation_failed,0.07,0.00,2026-01-23T14:23:58.041402
597,aapp_competition_test,3711,3711_gen_0.sv,3711_testbench.py,3711_prompt.txt,pass,fail,verification_failed,0.07,17.61,2026-01-23T14:23:58.204122
598,aapp_competition_test,3712,3712_gen_0.sv,3712_testbench.py,3712_prompt.txt,pass,fail,verification_failed,0.07,17.54,2026-01-23T14:24:15.980697
599,aapp_competition_test,3713,3713_gen_0.sv,3713_testbench.py,3713_prompt.txt,pass,fail,verification_failed,0.07,17.04,2026-01-23T14:24:33.687611
600,aapp_competition_test,3714,3714_gen_0.sv,3714_testbench.py,3714_prompt.txt,pass,pass,pass,0.06,17.37,2026-01-23T14:24:50.877232
601,aapp_competition_test,3715,3715_gen_0.sv,3715_testbench.py,3715_prompt.txt,pass,pass,pass,0.06,17.33,2026-01-23T14:25:08.400703
602,aapp_competition_test,3716,3716_gen_0.sv,3716_testbench.py,3716_prompt.txt,fail,N/A,compilation_failed,0.07,0.00,2026-01-23T14:25:25.885182
603,aapp_competition_test,3717,3717_gen_0.sv,3717_testbench.py,3717_prompt.txt,pass,fail,verification_failed,0.07,17.73,2026-01-23T14:25:26.097673
604,aapp_competition_test,3720,3720_gen_0.sv,3720_testbench.py,3720_prompt.txt,fail,N/A,compilation_failed,0.06,0.00,2026-01-23T14:25:43.992993
605,aapp_competition_test,3721,3721_gen_0.sv,3721_testbench.py,3721_prompt.txt,fail,N/A,compilation_failed,0.07,0.00,2026-01-23T14:25:44.151675
606,aapp_competition_test,3723,3723_gen_0.sv,3723_testbench.py,3723_prompt.txt,pass,fail,verification_failed,0.08,51.17,2026-01-23T14:25:44.330616
607,aapp_competition_test,3725,3725_gen_0.sv,3725_testbench.py,3725_prompt.txt,pass,fail,verification_failed,0.13,19.54,2026-01-23T14:26:35.676216
608,aapp_competition_test,3726,3726_gen_0.sv,3726_testbench.py,3726_prompt.txt,pass,fail,verification_failed,0.07,17.54,2026-01-23T14:26:55.455551
609,aapp_competition_test,3727,3727_gen_0.sv,3727_testbench.py,3727_prompt.txt,pass,fail,verification_failed,0.07,17.88,2026-01-23T14:27:13.177166
610,aapp_competition_test,3728,3728_gen_0.sv,3728_testbench.py,3728_prompt.txt,pass,fail,verification_failed,0.07,27.57,2026-01-23T14:27:31.238667
611,aapp_competition_test,3729,3729_gen_0.sv,3729_testbench.py,3729_prompt.txt,pass,fail,verification_failed,0.07,17.88,2026-01-23T14:27:58.968242
612,aapp_competition_test,3730,3730_gen_0.sv,3730_testbench.py,3730_prompt.txt,fail,N/A,compilation_failed,0.08,0.00,2026-01-23T14:28:17.001596
613,aapp_competition_test,3731,3731_gen_0.sv,3731_testbench.py,3731_prompt.txt,pass,fail,verification_failed,0.08,21.52,2026-01-23T14:28:17.177103
614,aapp_competition_test,3732,3732_gen_0.sv,3732_testbench.py,3732_prompt.txt,fail,N/A,compilation_failed,0.06,0.00,2026-01-23T14:28:38.867742
615,aapp_competition_test,3733,3733_gen_0.sv,3733_testbench.py,3733_prompt.txt,pass,pass,pass,0.07,17.54,2026-01-23T14:28:39.047898
616,aapp_competition_test,3734,3734_gen_0.sv,3734_testbench.py,3734_prompt.txt,pass,pass,pass,0.06,17.49,2026-01-23T14:28:56.755589
617,aapp_competition_test,3735,3735_gen_0.sv,3735_testbench.py,3735_prompt.txt,pass,fail,verification_failed,0.07,17.41,2026-01-23T14:29:14.396983
618,aapp_competition_test,3736,3736_gen_0.sv,3736_testbench.py,3736_prompt.txt,pass,fail,verification_failed,0.07,16.57,2026-01-23T14:29:31.976162
619,aapp_competition_test,3737,3737_gen_0.sv,3737_testbench.py,3737_prompt.txt,pass,pass,pass,0.06,16.89,2026-01-23T14:29:48.714133
620,aapp_competition_test,3738,3738_gen_0.sv,3738_testbench.py,3738_prompt.txt,pass,fail,verification_failed,0.05,16.57,2026-01-23T14:30:05.762026
621,aapp_competition_test,3739,3739_gen_0.sv,3739_testbench.py,3739_prompt.txt,pass,pass,pass,0.07,19.11,2026-01-23T14:30:22.475313
622,aapp_competition_test,3740,3740_gen_0.sv,3740_testbench.py,3740_prompt.txt,fail,N/A,compilation_failed,0.07,0.00,2026-01-23T14:30:41.744732
623,aapp_competition_test,3741,3741_gen_0.sv,3741_testbench.py,3741_prompt.txt,fail,N/A,compilation_failed,0.06,0.00,2026-01-23T14:30:41.921013
624,aapp_competition_test,3742,3742_gen_0.sv,3742_testbench.py,3742_prompt.txt,fail,N/A,compilation_failed,0.07,0.00,2026-01-23T14:30:42.083596
625,aapp_competition_test,3744,3744_gen_0.sv,3744_testbench.py,3744_prompt.txt,pass,fail,verification_failed,0.08,17.10,2026-01-23T14:30:42.251306
626,aapp_competition_test,3745,3745_gen_0.sv,3745_testbench.py,3745_prompt.txt,fail,N/A,compilation_failed,0.07,0.00,2026-01-23T14:30:59.500110
627,aapp_competition_test,3746,3746_gen_0.sv,3746_testbench.py,3746_prompt.txt,fail,N/A,compilation_failed,0.06,0.00,2026-01-23T14:30:59.661415
628,aapp_competition_test,3747,3747_gen_0.sv,3747_testbench.py,3747_prompt.txt,pass,pass,pass,0.06,16.82,2026-01-23T14:30:59.816983
629,aapp_competition_test,3750,3750_gen_0.sv,3750_testbench.py,3750_prompt.txt,pass,pass,pass,0.06,16.82,2026-01-23T14:31:16.789428
630,aapp_competition_test,3751,3751_gen_0.sv,3751_testbench.py,3751_prompt.txt,pass,pass,pass,0.06,20.52,2026-01-23T14:31:33.772348
631,aapp_competition_test,3752,3752_gen_0.sv,3752_testbench.py,3752_prompt.txt,fail,N/A,compilation_failed,0.07,0.00,2026-01-23T14:31:54.462552
632,aapp_competition_test,3753,3753_gen_0.sv,3753_testbench.py,3753_prompt.txt,fail,N/A,compilation_failed,0.06,0.00,2026-01-23T14:31:54.618723
633,aapp_competition_test,3756,3756_gen_0.sv,3756_testbench.py,3756_prompt.txt,fail,N/A,compilation_failed,0.08,0.00,2026-01-23T14:31:54.772827
634,aapp_competition_test,3757,3757_gen_0.sv,3757_testbench.py,3757_prompt.txt,pass,fail,verification_failed,0.07,16.78,2026-01-23T14:31:54.970518
635,aapp_competition_test,3758,3758_gen_0.sv,3758_testbench.py,3758_prompt.txt,fail,N/A,compilation_failed,0.07,0.00,2026-01-23T14:32:11.920300
636,aapp_competition_test,3759,3759_gen_0.sv,3759_testbench.py,3759_prompt.txt,pass,fail,verification_failed,0.06,16.83,2026-01-23T14:32:12.080908
637,aapp_competition_test,3761,3761_gen_0.sv,3761_testbench.py,3761_prompt.txt,fail,N/A,compilation_failed,0.09,0.00,2026-01-23T14:32:29.062843
638,aapp_competition_test,3763,3763_gen_0.sv,3763_testbench.py,3763_prompt.txt,fail,N/A,compilation_failed,0.06,0.00,2026-01-23T14:32:29.245348
639,aapp_competition_test,3764,3764_gen_0.sv,3764_testbench.py,3764_prompt.txt,pass,timeout,verification_failed,0.07,305.29,2026-01-23T14:32:29.398733
640,aapp_competition_test,3765,3765_gen_0.sv,3765_testbench.py,3765_prompt.txt,pass,fail,verification_failed,0.11,18.04,2026-01-23T14:37:34.876923
641,aapp_competition_test,3766,3766_gen_0.sv,3766_testbench.py,3766_prompt.txt,pass,fail,verification_failed,0.07,16.61,2026-01-23T14:37:53.154377
642,aapp_competition_test,3768,3768_gen_0.sv,3768_testbench.py,3768_prompt.txt,pass,pass,pass,0.08,16.81,2026-01-23T14:38:09.915304
643,aapp_competition_test,3769,3769_gen_0.sv,3769_testbench.py,3769_prompt.txt,pass,pass,pass,0.06,16.61,2026-01-23T14:38:26.887520
644,aapp_competition_test,3770,3770_gen_0.sv,3770_testbench.py,3770_prompt.txt,fail,N/A,compilation_failed,0.06,0.00,2026-01-23T14:38:43.643928
645,aapp_competition_test,3771,3771_gen_0.sv,3771_testbench.py,3771_prompt.txt,fail,N/A,compilation_failed,0.05,0.00,2026-01-23T14:38:43.778178
646,aapp_competition_test,3772,3772_gen_0.sv,3772_testbench.py,3772_prompt.txt,fail,N/A,compilation_failed,0.06,0.00,2026-01-23T14:38:43.907857
647,aapp_competition_test,3773,3773_gen_0.sv,3773_testbench.py,3773_prompt.txt,pass,fail,verification_failed,0.06,16.42,2026-01-23T14:38:44.033663
648,aapp_competition_test,3774,3774_gen_0.sv,3774_testbench.py,3774_prompt.txt,fail,N/A,compilation_failed,0.07,0.00,2026-01-23T14:39:00.581326
649,aapp_competition_test,3775,3775_gen_0.sv,3775_testbench.py,3775_prompt.txt,fail,N/A,compilation_failed,0.06,0.00,2026-01-23T14:39:00.719860
650,aapp_competition_test,3776,3776_gen_0.sv,3776_testbench.py,3776_prompt.txt,pass,fail,verification_failed,0.06,20.76,2026-01-23T14:39:00.855900
651,aapp_competition_test,3778,3778_gen_0.sv,3778_testbench.py,3778_prompt.txt,pass,fail,verification_failed,0.07,17.03,2026-01-23T14:39:21.753130
652,aapp_competition_test,3779,3779_gen_0.sv,3779_testbench.py,3779_prompt.txt,pass,pass,pass,0.07,16.49,2026-01-23T14:39:38.921516
653,aapp_competition_test,3780,3780_gen_0.sv,3780_testbench.py,3780_prompt.txt,pass,pass,pass,0.07,18.86,2026-01-23T14:39:55.560234
654,aapp_competition_test,3784,3784_gen_0.sv,3784_testbench.py,3784_prompt.txt,pass,fail,verification_failed,0.07,18.01,2026-01-23T14:40:14.564289
655,aapp_competition_test,3785,3785_gen_0.sv,3785_testbench.py,3785_prompt.txt,pass,fail,verification_failed,0.06,18.94,2026-01-23T14:40:32.724390
656,aapp_competition_test,3790,3790_gen_0.sv,3790_testbench.py,3790_prompt.txt,pass,fail,verification_failed,0.07,17.49,2026-01-23T14:40:51.823753
657,aapp_competition_test,3791,3791_gen_0.sv,3791_testbench.py,3791_prompt.txt,pass,pass,pass,0.07,17.35,2026-01-23T14:41:09.484090
658,aapp_competition_test,3792,3792_gen_0.sv,3792_testbench.py,3792_prompt.txt,pass,fail,verification_failed,0.08,17.92,2026-01-23T14:41:26.986977
659,aapp_competition_test,3793,3793_gen_0.sv,3793_testbench.py,3793_prompt.txt,fail,N/A,compilation_failed,0.07,0.00,2026-01-23T14:41:45.063029
660,aapp_competition_test,3794,3794_gen_0.sv,3794_testbench.py,3794_prompt.txt,pass,fail,verification_failed,0.07,18.00,2026-01-23T14:41:45.212952
661,aapp_competition_test,3796,3796_gen_0.sv,3796_testbench.py,3796_prompt.txt,pass,fail,verification_failed,0.07,17.18,2026-01-23T14:42:03.360044
662,aapp_competition_test,3800,3800_gen_0.sv,3800_testbench.py,3800_prompt.txt,fail,N/A,compilation_failed,0.08,0.00,2026-01-23T14:42:20.696597
663,aapp_competition_test,3802,3802_gen_0.sv,3802_testbench.py,3802_prompt.txt,pass,pass,pass,0.06,18.17,2026-01-23T14:42:20.855671
664,aapp_competition_test,3803,3803_gen_0.sv,3803_testbench.py,3803_prompt.txt,pass,pass,pass,0.06,27.00,2026-01-23T14:42:39.173497
665,aapp_competition_test,3804,3804_gen_0.sv,3804_testbench.py,3804_prompt.txt,pass,fail,verification_failed,0.07,16.78,2026-01-23T14:43:06.310731
666,aapp_competition_test,3808,3808_gen_0.sv,3808_testbench.py,3808_prompt.txt,pass,fail,verification_failed,0.07,17.44,2026-01-23T14:43:23.229338
667,aapp_competition_test,3809,3809_gen_0.sv,3809_testbench.py,3809_prompt.txt,fail,N/A,compilation_failed,0.06,0.00,2026-01-23T14:43:40.812760
668,aapp_competition_test,3810,3810_gen_0.sv,3810_testbench.py,3810_prompt.txt,pass,timeout,verification_failed,0.06,305.22,2026-01-23T14:43:40.953086
669,aapp_competition_test,3811,3811_gen_0.sv,3811_testbench.py,3811_prompt.txt,pass,fail,verification_failed,0.19,28.04,2026-01-23T14:48:46.339067
670,aapp_competition_test,3812,3812_gen_0.sv,3812_testbench.py,3812_prompt.txt,pass,fail,verification_failed,0.08,17.80,2026-01-23T14:49:14.767179
671,aapp_competition_test,3815,3815_gen_0.sv,3815_testbench.py,3815_prompt.txt,fail,N/A,compilation_failed,0.07,0.00,2026-01-23T14:49:32.763506
672,aapp_competition_test,3816,3816_gen_0.sv,3816_testbench.py,3816_prompt.txt,pass,pass,pass,0.07,17.91,2026-01-23T14:49:32.933729
673,aapp_competition_test,3817,3817_gen_0.sv,3817_testbench.py,3817_prompt.txt,pass,pass,pass,0.07,17.41,2026-01-23T14:49:51.003534
674,aapp_competition_test,3819,3819_gen_0.sv,3819_testbench.py,3819_prompt.txt,pass,fail,verification_failed,0.07,18.45,2026-01-23T14:50:08.560783
675,aapp_competition_test,3820,3820_gen_0.sv,3820_testbench.py,3820_prompt.txt,pass,pass,pass,0.08,18.26,2026-01-23T14:50:27.190567
676,aapp_competition_test,3823,3823_gen_0.sv,3823_testbench.py,3823_prompt.txt,pass,fail,verification_failed,0.08,18.52,2026-01-23T14:50:45.610114
677,aapp_competition_test,3826,3826_gen_0.sv,3826_testbench.py,3826_prompt.txt,pass,fail,verification_failed,0.06,18.21,2026-01-23T14:51:04.293517
678,aapp_competition_test,3827,3827_gen_0.sv,3827_testbench.py,3827_prompt.txt,pass,pass,pass,0.08,18.65,2026-01-23T14:51:22.661234
679,aapp_competition_test,3828,3828_gen_0.sv,3828_testbench.py,3828_prompt.txt,fail,N/A,compilation_failed,0.07,0.00,2026-01-23T14:51:41.493897
680,aapp_competition_test,3830,3830_gen_0.sv,3830_testbench.py,3830_prompt.txt,pass,pass,pass,0.06,18.12,2026-01-23T14:51:41.667041
681,aapp_competition_test,3831,3831_gen_0.sv,3831_testbench.py,3831_prompt.txt,pass,fail,verification_failed,0.07,18.36,2026-01-23T14:51:59.933703
682,aapp_competition_test,3833,3833_gen_0.sv,3833_testbench.py,3833_prompt.txt,pass,fail,verification_failed,0.07,18.90,2026-01-23T14:52:18.459296
683,aapp_competition_test,3834,3834_gen_0.sv,3834_testbench.py,3834_prompt.txt,pass,pass,pass,0.06,42.60,2026-01-23T14:52:37.519098
684,aapp_competition_test,3835,3835_gen_0.sv,3835_testbench.py,3835_prompt.txt,fail,N/A,compilation_failed,0.06,0.00,2026-01-23T14:53:20.269831
685,aapp_competition_test,3836,3836_gen_0.sv,3836_testbench.py,3836_prompt.txt,pass,pass,pass,0.08,18.17,2026-01-23T14:53:20.425769
686,aapp_competition_test,3837,3837_gen_0.sv,3837_testbench.py,3837_prompt.txt,pass,fail,verification_failed,0.07,17.40,2026-01-23T14:53:38.767180
687,aapp_competition_test,3838,3838_gen_0.sv,3838_testbench.py,3838_prompt.txt,fail,N/A,compilation_failed,0.07,0.00,2026-01-23T14:53:56.315781
688,aapp_competition_test,3839,3839_gen_0.sv,3839_testbench.py,3839_prompt.txt,pass,pass,pass,0.06,17.33,2026-01-23T14:53:56.470464
689,aapp_competition_test,3840,3840_gen_0.sv,3840_testbench.py,3840_prompt.txt,pass,pass,pass,0.07,17.58,2026-01-23T14:54:13.949581
690,aapp_competition_test,3841,3841_gen_0.sv,3841_testbench.py,3841_prompt.txt,pass,fail,verification_failed,0.07,17.22,2026-01-23T14:54:31.685301
691,aapp_competition_test,3842,3842_gen_0.sv,3842_testbench.py,3842_prompt.txt,pass,fail,verification_failed,0.07,17.18,2026-01-23T14:54:49.049229
692,aapp_competition_test,3843,3843_gen_0.sv,3843_testbench.py,3843_prompt.txt,pass,pass,pass,0.09,39.87,2026-01-23T14:55:06.400153
693,aapp_competition_test,3844,3844_gen_0.sv,3844_testbench.py,3844_prompt.txt,pass,fail,verification_failed,0.07,17.11,2026-01-23T14:55:46.444775
694,aapp_competition_test,3847,3847_gen_0.sv,3847_testbench.py,3847_prompt.txt,pass,pass,pass,0.07,17.18,2026-01-23T14:56:03.719798
695,aapp_competition_test,3848,3848_gen_0.sv,3848_testbench.py,3848_prompt.txt,pass,fail,verification_failed,0.07,17.43,2026-01-23T14:56:21.049381
696,aapp_competition_test,3849,3849_gen_0.sv,3849_testbench.py,3849_prompt.txt,pass,fail,verification_failed,0.06,17.17,2026-01-23T14:56:38.643386
697,aapp_competition_test,3850,3850_gen_0.sv,3850_testbench.py,3850_prompt.txt,pass,fail,verification_failed,0.06,17.29,2026-01-23T14:56:55.984895
698,aapp_competition_test,3851,3851_gen_0.sv,3851_testbench.py,3851_prompt.txt,fail,N/A,compilation_failed,0.06,0.00,2026-01-23T14:57:13.424355
699,aapp_competition_test,3852,3852_gen_0.sv,3852_testbench.py,3852_prompt.txt,pass,fail,verification_failed,0.07,17.54,2026-01-23T14:57:13.570537
700,aapp_competition_test,3853,3853_gen_0.sv,3853_testbench.py,3853_prompt.txt,pass,fail,verification_failed,0.07,17.26,2026-01-23T14:57:31.254410
701,aapp_competition_test,3854,3854_gen_0.sv,3854_testbench.py,3854_prompt.txt,pass,fail,verification_failed,0.07,27.43,2026-01-23T14:57:48.685514
702,aapp_competition_test,3855,3855_gen_0.sv,3855_testbench.py,3855_prompt.txt,pass,fail,verification_failed,0.08,18.17,2026-01-23T14:58:16.267234
703,aapp_competition_test,3857,3857_gen_0.sv,3857_testbench.py,3857_prompt.txt,pass,pass,pass,0.07,17.41,2026-01-23T14:58:34.614622
704,aapp_competition_test,3858,3858_gen_0.sv,3858_testbench.py,3858_prompt.txt,pass,fail,verification_failed,0.07,17.48,2026-01-23T14:58:52.190868
705,aapp_competition_test,3860,3860_gen_0.sv,3860_testbench.py,3860_prompt.txt,pass,fail,verification_failed,0.08,17.87,2026-01-23T14:59:09.829163
706,aapp_competition_test,3861,3861_gen_0.sv,3861_testbench.py,3861_prompt.txt,pass,fail,verification_failed,0.08,24.66,2026-01-23T14:59:27.888000
707,aapp_competition_test,3862,3862_gen_0.sv,3862_testbench.py,3862_prompt.txt,pass,pass,pass,0.09,25.54,2026-01-23T14:59:52.797947
708,aapp_competition_test,3863,3863_gen_0.sv,3863_testbench.py,3863_prompt.txt,fail,N/A,compilation_failed,0.09,0.00,2026-01-23T15:00:18.584318
709,aapp_competition_test,3865,3865_gen_0.sv,3865_testbench.py,3865_prompt.txt,pass,error,verification_failed,0.10,10.12,2026-01-23T15:00:18.851419
710,aapp_competition_test,3866,3866_gen_0.sv,3866_testbench.py,3866_prompt.txt,pass,fail,verification_failed,0.08,38.32,2026-01-23T15:00:29.238779
711,aapp_competition_test,3867,3867_gen_0.sv,3867_testbench.py,3867_prompt.txt,fail,N/A,compilation_failed,0.08,0.00,2026-01-23T15:01:07.751508
712,aapp_competition_test,3868,3868_gen_0.sv,3868_testbench.py,3868_prompt.txt,pass,fail,verification_failed,0.08,21.28,2026-01-23T15:01:07.956559
713,aapp_competition_test,3869,3869_gen_0.sv,3869_testbench.py,3869_prompt.txt,fail,N/A,compilation_failed,0.08,0.00,2026-01-23T15:01:29.454468
714,aapp_competition_test,3870,3870_gen_0.sv,3870_testbench.py,3870_prompt.txt,pass,fail,verification_failed,0.08,21.25,2026-01-23T15:01:29.681847
715,aapp_competition_test,3871,3871_gen_0.sv,3871_testbench.py,3871_prompt.txt,fail,N/A,compilation_failed,0.09,0.00,2026-01-23T15:01:51.140564
716,aapp_competition_test,3872,3872_gen_0.sv,3872_testbench.py,3872_prompt.txt,fail,N/A,compilation_failed,0.09,0.00,2026-01-23T15:01:51.390220
717,aapp_competition_test,3873,3873_gen_0.sv,3873_testbench.py,3873_prompt.txt,pass,fail,verification_failed,0.08,21.29,2026-01-23T15:01:51.634758
718,aapp_competition_test,3874,3874_gen_0.sv,3874_testbench.py,3874_prompt.txt,pass,fail,verification_failed,0.07,18.83,2026-01-23T15:02:13.110930
719,aapp_competition_test,3875,3875_gen_0.sv,3875_testbench.py,3875_prompt.txt,pass,fail,verification_failed,0.07,18.26,2026-01-23T15:02:32.112111
720,aapp_competition_test,3877,3877_gen_0.sv,3877_testbench.py,3877_prompt.txt,pass,pass,pass,0.06,17.72,2026-01-23T15:02:50.529585
721,aapp_competition_test,3878,3878_gen_0.sv,3878_testbench.py,3878_prompt.txt,fail,N/A,compilation_failed,0.08,0.00,2026-01-23T15:03:08.425731
722,aapp_competition_test,3879,3879_gen_0.sv,3879_testbench.py,3879_prompt.txt,pass,fail,verification_failed,0.09,19.09,2026-01-23T15:03:08.608451
723,aapp_competition_test,3880,3880_gen_0.sv,3880_testbench.py,3880_prompt.txt,pass,fail,verification_failed,0.07,18.64,2026-01-23T15:03:27.924045
724,aapp_competition_test,3881,3881_gen_0.sv,3881_testbench.py,3881_prompt.txt,fail,N/A,compilation_failed,0.07,0.00,2026-01-23T15:03:46.734832
725,aapp_competition_test,3883,3883_gen_0.sv,3883_testbench.py,3883_prompt.txt,pass,fail,verification_failed,0.05,17.64,2026-01-23T15:03:46.874552
726,aapp_competition_test,3884,3884_gen_0.sv,3884_testbench.py,3884_prompt.txt,fail,N/A,compilation_failed,0.06,0.00,2026-01-23T15:04:04.653155
727,aapp_competition_test,3885,3885_gen_0.sv,3885_testbench.py,3885_prompt.txt,pass,pass,pass,0.06,18.20,2026-01-23T15:04:04.802816
728,aapp_competition_test,3886,3886_gen_0.sv,3886_testbench.py,3886_prompt.txt,pass,fail,verification_failed,0.06,20.12,2026-01-23T15:04:23.148891
729,aapp_competition_test,3887,3887_gen_0.sv,3887_testbench.py,3887_prompt.txt,pass,timeout,verification_failed,0.07,305.40,2026-01-23T15:04:43.410515
730,aapp_competition_test,3889,3889_gen_0.sv,3889_testbench.py,3889_prompt.txt,pass,pass,pass,0.13,17.75,2026-01-23T15:09:49.016691
731,aapp_competition_test,3890,3890_gen_0.sv,3890_testbench.py,3890_prompt.txt,pass,pass,pass,0.06,17.28,2026-01-23T15:10:07.085393
732,aapp_competition_test,3891,3891_gen_0.sv,3891_testbench.py,3891_prompt.txt,pass,fail,verification_failed,0.06,17.15,2026-01-23T15:10:24.514724
733,aapp_competition_test,3892,3892_gen_0.sv,3892_testbench.py,3892_prompt.txt,fail,N/A,compilation_failed,0.07,0.00,2026-01-23T15:10:41.808238
734,aapp_competition_test,3893,3893_gen_0.sv,3893_testbench.py,3893_prompt.txt,pass,pass,pass,0.07,16.53,2026-01-23T15:10:41.990602
735,aapp_competition_test,3894,3894_gen_0.sv,3894_testbench.py,3894_prompt.txt,pass,fail,verification_failed,0.06,16.88,2026-01-23T15:10:58.673727
736,aapp_competition_test,3895,3895_gen_0.sv,3895_testbench.py,3895_prompt.txt,fail,N/A,compilation_failed,0.06,0.00,2026-01-23T15:11:15.700855
737,aapp_competition_test,3896,3896_gen_0.sv,3896_testbench.py,3896_prompt.txt,pass,fail,verification_failed,0.06,17.11,2026-01-23T15:11:15.846508
738,aapp_competition_test,3897,3897_gen_0.sv,3897_testbench.py,3897_prompt.txt,pass,pass,pass,0.05,16.92,2026-01-23T15:11:33.087838
739,aapp_competition_test,3898,3898_gen_0.sv,3898_testbench.py,3898_prompt.txt,pass,pass,pass,0.07,16.57,2026-01-23T15:11:50.136941
740,aapp_competition_test,3899,3899_gen_0.sv,3899_testbench.py,3899_prompt.txt,fail,N/A,compilation_failed,0.07,0.00,2026-01-23T15:12:06.858136
741,aapp_competition_test,3901,3901_gen_0.sv,3901_testbench.py,3901_prompt.txt,pass,pass,pass,0.07,16.63,2026-01-23T15:12:07.001985
742,aapp_competition_test,3902,3902_gen_0.sv,3902_testbench.py,3902_prompt.txt,pass,fail,verification_failed,0.07,16.86,2026-01-23T15:12:23.788786
743,aapp_competition_test,3904,3904_gen_0.sv,3904_testbench.py,3904_prompt.txt,pass,fail,verification_failed,0.06,16.56,2026-01-23T15:12:40.792479
744,aapp_competition_test,3905,3905_gen_0.sv,3905_testbench.py,3905_prompt.txt,fail,N/A,compilation_failed,0.06,0.00,2026-01-23T15:12:57.483551
745,aapp_competition_test,3906,3906_gen_0.sv,3906_testbench.py,3906_prompt.txt,pass,pass,pass,0.06,27.92,2026-01-23T15:12:57.636983
746,aapp_competition_test,3907,3907_gen_0.sv,3907_testbench.py,3907_prompt.txt,pass,fail,verification_failed,0.07,16.67,2026-01-23T15:13:25.693961
747,aapp_competition_test,3908,3908_gen_0.sv,3908_testbench.py,3908_prompt.txt,fail,N/A,compilation_failed,0.08,0.00,2026-01-23T15:13:42.508404
748,aapp_competition_test,3909,3909_gen_0.sv,3909_testbench.py,3909_prompt.txt,pass,fail,verification_failed,0.06,16.66,2026-01-23T15:13:42.686148
749,aapp_competition_test,3910,3910_gen_0.sv,3910_testbench.py,3910_prompt.txt,pass,fail,verification_failed,0.08,16.46,2026-01-23T15:13:59.483743
750,aapp_competition_test,3911,3911_gen_0.sv,3911_testbench.py,3911_prompt.txt,pass,pass,pass,0.06,16.53,2026-01-23T15:14:16.100833
751,aapp_competition_test,3912,3912_gen_0.sv,3912_testbench.py,3912_prompt.txt,pass,timeout,verification_failed,0.07,305.24,2026-01-23T15:14:32.776743
752,aapp_competition_test,3916,3916_gen_0.sv,3916_testbench.py,3916_prompt.txt,pass,pass,pass,0.11,18.27,2026-01-23T15:19:38.201619
753,aapp_competition_test,3917,3917_gen_0.sv,3917_testbench.py,3917_prompt.txt,fail,N/A,compilation_failed,0.07,0.00,2026-01-23T15:19:56.727065
754,aapp_competition_test,3918,3918_gen_0.sv,3918_testbench.py,3918_prompt.txt,pass,fail,verification_failed,0.05,16.76,2026-01-23T15:19:56.870563
755,aapp_competition_test,3920,3920_gen_0.sv,3920_testbench.py,3920_prompt.txt,fail,N/A,compilation_failed,0.06,0.00,2026-01-23T15:20:13.756871
756,aapp_competition_test,3922,3922_gen_0.sv,3922_testbench.py,3922_prompt.txt,pass,timeout,verification_failed,0.07,305.16,2026-01-23T15:20:13.884250
757,aapp_competition_test,3923,3923_gen_0.sv,3923_testbench.py,3923_prompt.txt,pass,fail,verification_failed,0.22,17.69,2026-01-23T15:25:19.232991
758,aapp_competition_test,3924,3924_gen_0.sv,3924_testbench.py,3924_prompt.txt,pass,fail,verification_failed,0.07,16.69,2026-01-23T15:25:37.429187
759,aapp_competition_test,3925,3925_gen_0.sv,3925_testbench.py,3925_prompt.txt,fail,N/A,compilation_failed,0.06,0.00,2026-01-23T15:25:54.262734
760,aapp_competition_test,3929,3929_gen_0.sv,3929_testbench.py,3929_prompt.txt,pass,fail,verification_failed,0.06,16.59,2026-01-23T15:25:54.413281
761,aapp_competition_test,3930,3930_gen_0.sv,3930_testbench.py,3930_prompt.txt,fail,N/A,compilation_failed,0.06,0.00,2026-01-23T15:26:11.140750
762,aapp_competition_test,3931,3931_gen_0.sv,3931_testbench.py,3931_prompt.txt,pass,fail,verification_failed,0.05,16.80,2026-01-23T15:26:11.288084
763,aapp_competition_test,3932,3932_gen_0.sv,3932_testbench.py,3932_prompt.txt,pass,pass,pass,0.06,16.52,2026-01-23T15:26:28.230394
764,aapp_competition_test,3933,3933_gen_0.sv,3933_testbench.py,3933_prompt.txt,pass,pass,pass,0.07,16.62,2026-01-23T15:26:44.903121
765,aapp_competition_test,3934,3934_gen_0.sv,3934_testbench.py,3934_prompt.txt,pass,fail,verification_failed,0.07,16.60,2026-01-23T15:27:01.663967
766,aapp_competition_test,3935,3935_gen_0.sv,3935_testbench.py,3935_prompt.txt,fail,N/A,compilation_failed,0.06,0.00,2026-01-23T15:27:18.420510
767,aapp_competition_test,3936,3936_gen_0.sv,3936_testbench.py,3936_prompt.txt,pass,pass,pass,0.08,16.53,2026-01-23T15:27:18.557595
768,aapp_competition_test,3938,3938_gen_0.sv,3938_testbench.py,3938_prompt.txt,pass,pass,pass,0.07,16.42,2026-01-23T15:27:35.237690
769,aapp_competition_test,3939,3939_gen_0.sv,3939_testbench.py,3939_prompt.txt,fail,N/A,compilation_failed,0.05,0.00,2026-01-23T15:27:51.809850
770,aapp_competition_test,3940,3940_gen_0.sv,3940_testbench.py,3940_prompt.txt,pass,pass,pass,0.09,16.43,2026-01-23T15:27:51.942987
771,aapp_competition_test,3941,3941_gen_0.sv,3941_testbench.py,3941_prompt.txt,fail,N/A,compilation_failed,0.06,0.00,2026-01-23T15:28:08.547751
772,aapp_competition_test,3942,3942_gen_0.sv,3942_testbench.py,3942_prompt.txt,pass,fail,verification_failed,0.06,16.51,2026-01-23T15:28:08.687002
773,aapp_competition_test,3944,3944_gen_0.sv,3944_testbench.py,3944_prompt.txt,pass,fail,verification_failed,0.07,16.69,2026-01-23T15:28:25.327760
774,aapp_competition_test,3945,3945_gen_0.sv,3945_testbench.py,3945_prompt.txt,pass,fail,verification_failed,0.06,15.13,2026-01-23T15:28:42.165197
775,aapp_competition_test,3946,3946_gen_0.sv,3946_testbench.py,3946_prompt.txt,fail,N/A,compilation_failed,0.06,0.00,2026-01-23T15:28:57.427105
776,aapp_competition_test,3947,3947_gen_0.sv,3947_testbench.py,3947_prompt.txt,pass,pass,pass,0.06,16.81,2026-01-23T15:28:57.568463
777,aapp_competition_test,3948,3948_gen_0.sv,3948_testbench.py,3948_prompt.txt,fail,N/A,compilation_failed,0.05,0.00,2026-01-23T15:29:14.524916
778,aapp_competition_test,3949,3949_gen_0.sv,3949_testbench.py,3949_prompt.txt,pass,fail,verification_failed,0.06,17.15,2026-01-23T15:29:14.674314
779,aapp_competition_test,3950,3950_gen_0.sv,3950_testbench.py,3950_prompt.txt,pass,pass,pass,0.06,16.26,2026-01-23T15:29:31.966102
780,aapp_competition_test,3951,3951_gen_0.sv,3951_testbench.py,3951_prompt.txt,pass,fail,verification_failed,0.06,17.40,2026-01-23T15:29:48.359545
781,aapp_competition_test,3952,3952_gen_0.sv,3952_testbench.py,3952_prompt.txt,pass,fail,verification_failed,0.05,16.28,2026-01-23T15:30:05.894174
782,aapp_competition_test,3953,3953_gen_0.sv,3953_testbench.py,3953_prompt.txt,fail,N/A,compilation_failed,0.07,0.00,2026-01-23T15:30:22.310494
783,aapp_competition_test,3954,3954_gen_0.sv,3954_testbench.py,3954_prompt.txt,pass,fail,verification_failed,0.07,17.89,2026-01-23T15:30:22.449665
784,aapp_competition_test,3955,3955_gen_0.sv,3955_testbench.py,3955_prompt.txt,pass,fail,verification_failed,0.06,16.39,2026-01-23T15:30:40.479615
785,aapp_competition_test,3957,3957_gen_0.sv,3957_testbench.py,3957_prompt.txt,fail,N/A,compilation_failed,0.07,0.00,2026-01-23T15:30:57.002671
786,aapp_competition_test,3958,3958_gen_0.sv,3958_testbench.py,3958_prompt.txt,pass,fail,verification_failed,0.06,16.49,2026-01-23T15:30:57.149130
787,aapp_competition_test,3960,3960_gen_0.sv,3960_testbench.py,3960_prompt.txt,fail,N/A,compilation_failed,0.06,0.00,2026-01-23T15:31:13.787326
788,aapp_competition_test,3961,3961_gen_0.sv,3961_testbench.py,3961_prompt.txt,fail,N/A,compilation_failed,0.07,0.00,2026-01-23T15:31:13.918485
789,aapp_competition_test,3962,3962_gen_0.sv,3962_testbench.py,3962_prompt.txt,pass,fail,verification_failed,0.07,16.62,2026-01-23T15:31:14.063506
790,aapp_competition_test,3963,3963_gen_0.sv,3963_testbench.py,3963_prompt.txt,pass,fail,verification_failed,0.07,16.46,2026-01-23T15:31:30.859137
791,aapp_competition_test,3964,3964_gen_0.sv,3964_testbench.py,3964_prompt.txt,pass,fail,verification_failed,0.08,18.17,2026-01-23T15:31:47.469678
792,aapp_competition_test,3965,3965_gen_0.sv,3965_testbench.py,3965_prompt.txt,pass,pass,pass,0.07,16.33,2026-01-23T15:32:05.790432
793,aapp_competition_test,3967,3967_gen_0.sv,3967_testbench.py,3967_prompt.txt,pass,pass,pass,0.06,16.76,2026-01-23T15:32:22.269739
794,aapp_competition_test,3968,3968_gen_0.sv,3968_testbench.py,3968_prompt.txt,pass,fail,verification_failed,0.06,16.30,2026-01-23T15:32:39.160250
795,aapp_competition_test,3969,3969_gen_0.sv,3969_testbench.py,3969_prompt.txt,pass,fail,verification_failed,0.06,16.79,2026-01-23T15:32:55.604419
796,aapp_competition_test,3970,3970_gen_0.sv,3970_testbench.py,3970_prompt.txt,fail,N/A,compilation_failed,0.08,0.00,2026-01-23T15:33:12.540920
797,aapp_competition_test,3972,3972_gen_0.sv,3972_testbench.py,3972_prompt.txt,pass,fail,verification_failed,0.06,16.53,2026-01-23T15:33:12.716376
798,aapp_competition_test,3975,3975_gen_0.sv,3975_testbench.py,3975_prompt.txt,pass,fail,verification_failed,0.07,16.53,2026-01-23T15:33:29.383344
799,aapp_competition_test,3976,3976_gen_0.sv,3976_testbench.py,3976_prompt.txt,pass,fail,verification_failed,0.06,16.43,2026-01-23T15:33:46.066441
800,aapp_competition_test,3977,3977_gen_0.sv,3977_testbench.py,3977_prompt.txt,fail,N/A,compilation_failed,0.06,0.00,2026-01-23T15:34:02.639804
801,aapp_competition_test,3978,3978_gen_0.sv,3978_testbench.py,3978_prompt.txt,pass,fail,verification_failed,0.07,16.82,2026-01-23T15:34:02.781473
802,aapp_competition_test,3979,3979_gen_0.sv,3979_testbench.py,3979_prompt.txt,fail,N/A,compilation_failed,0.06,0.00,2026-01-23T15:34:19.749776
803,aapp_competition_test,3981,3981_gen_0.sv,3981_testbench.py,3981_prompt.txt,fail,N/A,compilation_failed,0.06,0.00,2026-01-23T15:34:19.890007
804,aapp_competition_test,3982,3982_gen_0.sv,3982_testbench.py,3982_prompt.txt,pass,fail,verification_failed,0.06,16.60,2026-01-23T15:34:20.023858
805,aapp_competition_test,3984,3984_gen_0.sv,3984_testbench.py,3984_prompt.txt,pass,fail,verification_failed,0.07,16.45,2026-01-23T15:34:36.772133
806,aapp_competition_test,3985,3985_gen_0.sv,3985_testbench.py,3985_prompt.txt,fail,N/A,compilation_failed,0.06,0.00,2026-01-23T15:34:53.374218
807,aapp_competition_test,3986,3986_gen_0.sv,3986_testbench.py,3986_prompt.txt,pass,pass,pass,0.06,16.41,2026-01-23T15:34:53.513926
808,aapp_competition_test,3987,3987_gen_0.sv,3987_testbench.py,3987_prompt.txt,pass,fail,verification_failed,0.06,16.59,2026-01-23T15:35:10.066700
809,aapp_competition_test,3988,3988_gen_0.sv,3988_testbench.py,3988_prompt.txt,pass,fail,verification_failed,0.08,16.71,2026-01-23T15:35:26.818510
810,aapp_competition_test,3989,3989_gen_0.sv,3989_testbench.py,3989_prompt.txt,pass,timeout,verification_failed,0.07,305.30,2026-01-23T15:35:43.699804
811,aapp_competition_test,3990,3990_gen_0.sv,3990_testbench.py,3990_prompt.txt,fail,N/A,compilation_failed,0.11,0.00,2026-01-23T15:40:49.209248
812,aapp_competition_test,3991,3991_gen_0.sv,3991_testbench.py,3991_prompt.txt,pass,fail,verification_failed,0.86,17.71,2026-01-23T15:40:49.477683
813,aapp_competition_test,3992,3992_gen_0.sv,3992_testbench.py,3992_prompt.txt,pass,fail,verification_failed,0.05,16.83,2026-01-23T15:41:08.247987
814,aapp_competition_test,3993,3993_gen_0.sv,3993_testbench.py,3993_prompt.txt,pass,pass,pass,0.07,17.06,2026-01-23T15:41:25.233591
815,aapp_competition_test,3994,3994_gen_0.sv,3994_testbench.py,3994_prompt.txt,pass,fail,verification_failed,0.06,16.65,2026-01-23T15:41:42.448357
816,aapp_competition_test,3995,3995_gen_0.sv,3995_testbench.py,3995_prompt.txt,fail,N/A,compilation_failed,0.05,0.00,2026-01-23T15:41:59.231185
817,aapp_competition_test,3996,3996_gen_0.sv,3996_testbench.py,3996_prompt.txt,fail,N/A,compilation_failed,0.07,0.00,2026-01-23T15:41:59.362973
818,aapp_competition_test,3998,3998_gen_0.sv,3998_testbench.py,3998_prompt.txt,pass,fail,verification_failed,0.07,16.61,2026-01-23T15:41:59.530417
819,aapp_competition_test,3999,3999_gen_0.sv,3999_testbench.py,3999_prompt.txt,pass,fail,verification_failed,0.06,17.42,2026-01-23T15:42:16.308086
820,human_eval_test,0,0_gen_0.sv,0_testbench.py,0_prompt.txt,pass,fail,verification_failed,0.08,16.20,2026-01-23T15:42:33.881133
821,human_eval_test,1,1_gen_0.sv,1_testbench.py,1_prompt.txt,pass,fail,verification_failed,0.06,16.53,2026-01-23T15:42:50.243363
822,human_eval_test,10,10_gen_0.sv,10_testbench.py,10_prompt.txt,pass,fail,verification_failed,0.06,27.11,2026-01-23T15:43:06.916853
823,human_eval_test,101,101_gen_0.sv,101_testbench.py,101_prompt.txt,pass,pass,pass,0.07,16.43,2026-01-23T15:43:34.174039
824,human_eval_test,102,102_gen_0.sv,102_testbench.py,102_prompt.txt,pass,pass,pass,0.06,16.43,2026-01-23T15:43:50.756356
825,human_eval_test,103,103_gen_0.sv,103_testbench.py,103_prompt.txt,pass,pass,pass,0.06,16.53,2026-01-23T15:44:07.347956
826,human_eval_test,104,104_gen_0.sv,104_testbench.py,104_prompt.txt,pass,fail,verification_failed,0.06,16.92,2026-01-23T15:44:24.031888
827,human_eval_test,105,105_gen_0.sv,105_testbench.py,105_prompt.txt,pass,timeout,verification_failed,0.08,305.31,2026-01-23T15:44:41.091705
828,human_eval_test,106,106_gen_0.sv,106_testbench.py,106_prompt.txt,pass,fail,verification_failed,0.13,17.91,2026-01-23T15:49:46.613551
829,human_eval_test,107,107_gen_0.sv,107_testbench.py,107_prompt.txt,pass,pass,pass,0.06,16.88,2026-01-23T15:50:04.978956
830,human_eval_test,108,108_gen_0.sv,108_testbench.py,108_prompt.txt,pass,pass,pass,0.06,17.54,2026-01-23T15:50:22.013411
831,human_eval_test,109,109_gen_0.sv,109_testbench.py,109_prompt.txt,pass,pass,pass,0.07,16.89,2026-01-23T15:50:39.698024
832,human_eval_test,11,11_gen_0.sv,11_testbench.py,11_prompt.txt,pass,pass,pass,0.07,16.92,2026-01-23T15:50:56.736699
833,human_eval_test,110,110_gen_0.sv,110_testbench.py,110_prompt.txt,pass,pass,pass,0.07,17.35,2026-01-23T15:51:13.822897
834,human_eval_test,111,111_gen_0.sv,111_testbench.py,111_prompt.txt,pass,timeout,verification_failed,0.07,305.28,2026-01-23T15:51:31.333638
835,human_eval_test,112,112_gen_0.sv,112_testbench.py,112_prompt.txt,pass,pass,pass,0.12,17.56,2026-01-23T15:56:36.786560
836,human_eval_test,114,114_gen_0.sv,114_testbench.py,114_prompt.txt,pass,pass,pass,0.07,16.62,2026-01-23T15:56:54.588825
837,human_eval_test,115,115_gen_0.sv,115_testbench.py,115_prompt.txt,pass,pass,pass,0.06,16.69,2026-01-23T15:57:11.379592
838,human_eval_test,116,116_gen_0.sv,116_testbench.py,116_prompt.txt,pass,fail,verification_failed,0.05,16.50,2026-01-23T15:57:28.229483
839,human_eval_test,117,117_gen_0.sv,117_testbench.py,117_prompt.txt,fail,N/A,compilation_failed,0.07,0.00,2026-01-23T15:57:44.868671
840,human_eval_test,119,119_gen_0.sv,119_testbench.py,119_prompt.txt,pass,fail,verification_failed,0.07,16.43,2026-01-23T15:57:45.048497
841,human_eval_test,12,12_gen_0.sv,12_testbench.py,12_prompt.txt,pass,fail,verification_failed,0.06,22.35,2026-01-23T15:58:01.657104
842,human_eval_test,120,120_gen_0.sv,120_testbench.py,120_prompt.txt,pass,fail,verification_failed,0.08,18.17,2026-01-23T15:58:24.152003
843,human_eval_test,121,121_gen_0.sv,121_testbench.py,121_prompt.txt,pass,pass,pass,0.05,16.17,2026-01-23T15:58:42.481844
844,human_eval_test,122,122_gen_0.sv,122_testbench.py,122_prompt.txt,pass,pass,pass,0.07,16.33,2026-01-23T15:58:58.779287
845,human_eval_test,123,123_gen_0.sv,123_testbench.py,123_prompt.txt,pass,pass,pass,0.06,16.63,2026-01-23T15:59:15.265115
846,human_eval_test,124,124_gen_0.sv,124_testbench.py,124_prompt.txt,pass,pass,pass,0.06,16.34,2026-01-23T15:59:32.041590
847,human_eval_test,125,125_gen_0.sv,125_testbench.py,125_prompt.txt,pass,fail,verification_failed,0.07,17.11,2026-01-23T15:59:48.517341
848,human_eval_test,126,126_gen_0.sv,126_testbench.py,126_prompt.txt,pass,fail,verification_failed,0.06,16.76,2026-01-23T16:00:05.795452
849,human_eval_test,127,127_gen_0.sv,127_testbench.py,127_prompt.txt,pass,pass,pass,0.06,17.20,2026-01-23T16:00:22.697040
850,human_eval_test,128,128_gen_0.sv,128_testbench.py,128_prompt.txt,pass,pass,pass,0.08,16.76,2026-01-23T16:00:40.037359
851,human_eval_test,129,129_gen_0.sv,129_testbench.py,129_prompt.txt,fail,N/A,compilation_failed,0.06,0.00,2026-01-23T16:00:56.953502
852,human_eval_test,13,13_gen_0.sv,13_testbench.py,13_prompt.txt,pass,pass,pass,0.06,16.62,2026-01-23T16:00:57.101628
853,human_eval_test,130,130_gen_0.sv,130_testbench.py,130_prompt.txt,fail,N/A,compilation_failed,0.06,0.00,2026-01-23T16:01:13.864969
854,human_eval_test,131,131_gen_0.sv,131_testbench.py,131_prompt.txt,pass,fail,verification_failed,0.06,16.65,2026-01-23T16:01:14.010617
855,human_eval_test,132,132_gen_0.sv,132_testbench.py,132_prompt.txt,pass,pass,pass,0.06,16.82,2026-01-23T16:01:30.821251
856,human_eval_test,133,133_gen_0.sv,133_testbench.py,133_prompt.txt,pass,fail,verification_failed,0.07,16.49,2026-01-23T16:01:47.781204
857,human_eval_test,134,134_gen_0.sv,134_testbench.py,134_prompt.txt,pass,fail,verification_failed,0.05,16.24,2026-01-23T16:02:04.440697
858,human_eval_test,135,135_gen_0.sv,135_testbench.py,135_prompt.txt,pass,fail,verification_failed,0.07,16.59,2026-01-23T16:02:20.814387
859,human_eval_test,136,136_gen_0.sv,136_testbench.py,136_prompt.txt,pass,pass,pass,0.06,16.40,2026-01-23T16:02:37.556892
860,human_eval_test,137,137_gen_0.sv,137_testbench.py,137_prompt.txt,pass,fail,verification_failed,0.07,16.24,2026-01-23T16:02:54.093536
861,human_eval_test,139,139_gen_0.sv,139_testbench.py,139_prompt.txt,pass,pass,pass,0.05,16.41,2026-01-23T16:03:10.495780
862,human_eval_test,14,14_gen_0.sv,14_testbench.py,14_prompt.txt,pass,pass,pass,0.06,16.46,2026-01-23T16:03:27.051150
863,human_eval_test,140,140_gen_0.sv,140_testbench.py,140_prompt.txt,pass,fail,verification_failed,0.06,16.36,2026-01-23T16:03:43.653174
864,human_eval_test,141,141_gen_0.sv,141_testbench.py,141_prompt.txt,pass,fail,verification_failed,0.07,16.81,2026-01-23T16:04:00.161351
865,human_eval_test,142,142_gen_0.sv,142_testbench.py,142_prompt.txt,pass,pass,pass,0.07,16.62,2026-01-23T16:04:17.118030
866,human_eval_test,143,143_gen_0.sv,143_testbench.py,143_prompt.txt,pass,pass,pass,0.07,16.27,2026-01-23T16:04:33.884118
867,human_eval_test,144,144_gen_0.sv,144_testbench.py,144_prompt.txt,pass,pass,pass,0.07,16.31,2026-01-23T16:04:50.317370
868,human_eval_test,145,145_gen_0.sv,145_testbench.py,145_prompt.txt,pass,fail,verification_failed,0.06,16.37,2026-01-23T16:05:06.778375
869,human_eval_test,146,146_gen_0.sv,146_testbench.py,146_prompt.txt,pass,pass,pass,0.06,16.90,2026-01-23T16:05:23.297267
870,human_eval_test,147,147_gen_0.sv,147_testbench.py,147_prompt.txt,pass,pass,pass,0.06,16.47,2026-01-23T16:05:40.344360
871,human_eval_test,148,148_gen_0.sv,148_testbench.py,148_prompt.txt,pass,fail,verification_failed,0.06,16.61,2026-01-23T16:05:56.959861
872,human_eval_test,149,149_gen_0.sv,149_testbench.py,149_prompt.txt,fail,N/A,compilation_failed,0.07,0.00,2026-01-23T16:06:13.712772
873,human_eval_test,15,15_gen_0.sv,15_testbench.py,15_prompt.txt,pass,fail,verification_failed,0.06,16.91,2026-01-23T16:06:13.871041
874,human_eval_test,150,150_gen_0.sv,150_testbench.py,150_prompt.txt,pass,pass,pass,0.06,16.85,2026-01-23T16:06:30.937665
875,human_eval_test,151,151_gen_0.sv,151_testbench.py,151_prompt.txt,pass,pass,pass,0.06,16.48,2026-01-23T16:06:47.925322
876,human_eval_test,152,152_gen_0.sv,152_testbench.py,152_prompt.txt,pass,pass,pass,0.06,16.75,2026-01-23T16:07:04.550354
877,human_eval_test,153,153_gen_0.sv,153_testbench.py,153_prompt.txt,pass,pass,pass,0.06,16.67,2026-01-23T16:07:21.448228
878,human_eval_test,154,154_gen_0.sv,154_testbench.py,154_prompt.txt,pass,fail,verification_failed,0.06,16.62,2026-01-23T16:07:38.306417
879,human_eval_test,155,155_gen_0.sv,155_testbench.py,155_prompt.txt,pass,pass,pass,0.07,16.87,2026-01-23T16:07:55.076731
880,human_eval_test,156,156_gen_0.sv,156_testbench.py,156_prompt.txt,pass,pass,pass,0.06,16.58,2026-01-23T16:08:12.089893
881,human_eval_test,157,157_gen_0.sv,157_testbench.py,157_prompt.txt,pass,pass,pass,0.06,16.29,2026-01-23T16:08:28.819630
882,human_eval_test,158,158_gen_0.sv,158_testbench.py,158_prompt.txt,pass,fail,verification_failed,0.08,16.56,2026-01-23T16:08:45.259224
883,human_eval_test,159,159_gen_0.sv,159_testbench.py,159_prompt.txt,pass,pass,pass,0.06,16.42,2026-01-23T16:09:01.983971
884,human_eval_test,16,16_gen_0.sv,16_testbench.py,16_prompt.txt,pass,pass,pass,0.07,16.80,2026-01-23T16:09:18.564502
885,human_eval_test,160,160_gen_0.sv,160_testbench.py,160_prompt.txt,pass,pass,pass,0.06,16.87,2026-01-23T16:09:35.530348
886,human_eval_test,162,162_gen_0.sv,162_testbench.py,162_prompt.txt,pass,pass,pass,0.08,16.80,2026-01-23T16:09:52.549919
887,human_eval_test,163,163_gen_0.sv,163_testbench.py,163_prompt.txt,pass,pass,pass,0.05,16.94,2026-01-23T16:10:09.543806
888,human_eval_test,17,17_gen_0.sv,17_testbench.py,17_prompt.txt,pass,fail,verification_failed,0.07,16.81,2026-01-23T16:10:26.651099
889,human_eval_test,18,18_gen_0.sv,18_testbench.py,18_prompt.txt,pass,pass,pass,0.06,16.49,2026-01-23T16:10:43.626844
890,human_eval_test,19,19_gen_0.sv,19_testbench.py,19_prompt.txt,pass,fail,verification_failed,0.07,17.22,2026-01-23T16:11:00.275359
891,human_eval_test,2,2_gen_0.sv,2_testbench.py,2_prompt.txt,pass,pass,pass,0.05,17.13,2026-01-23T16:11:17.670322
892,human_eval_test,20,20_gen_0.sv,20_testbench.py,20_prompt.txt,pass,pass,pass,0.07,16.98,2026-01-23T16:11:34.953823
893,human_eval_test,21,21_gen_0.sv,21_testbench.py,21_prompt.txt,pass,pass,pass,0.06,17.03,2026-01-23T16:11:52.093431
894,human_eval_test,22,22_gen_0.sv,22_testbench.py,22_prompt.txt,pass,pass,pass,0.08,16.87,2026-01-23T16:12:09.281568
895,human_eval_test,23,23_gen_0.sv,23_testbench.py,23_prompt.txt,pass,fail,verification_failed,0.06,17.98,2026-01-23T16:12:26.359763
896,human_eval_test,24,24_gen_0.sv,24_testbench.py,24_prompt.txt,pass,pass,pass,0.07,20.08,2026-01-23T16:12:44.498747
897,human_eval_test,25,25_gen_0.sv,25_testbench.py,25_prompt.txt,fail,N/A,compilation_failed,0.06,0.00,2026-01-23T16:13:04.730973
898,human_eval_test,26,26_gen_0.sv,26_testbench.py,26_prompt.txt,pass,fail,verification_failed,0.05,16.76,2026-01-23T16:13:04.882084
899,human_eval_test,27,27_gen_0.sv,27_testbench.py,27_prompt.txt,pass,pass,pass,0.08,26.56,2026-01-23T16:13:21.778204
900,human_eval_test,28,28_gen_0.sv,28_testbench.py,28_prompt.txt,fail,N/A,compilation_failed,0.06,0.00,2026-01-23T16:13:48.502384
901,human_eval_test,29,29_gen_0.sv,29_testbench.py,29_prompt.txt,fail,N/A,compilation_failed,0.07,0.00,2026-01-23T16:13:48.640665
902,human_eval_test,3,3_gen_0.sv,3_testbench.py,3_prompt.txt,pass,pass,pass,0.05,16.72,2026-01-23T16:13:48.819185
903,human_eval_test,30,30_gen_0.sv,30_testbench.py,30_prompt.txt,pass,fail,verification_failed,0.06,16.70,2026-01-23T16:14:05.698531
904,human_eval_test,31,31_gen_0.sv,31_testbench.py,31_prompt.txt,pass,fail,verification_failed,0.07,16.57,2026-01-23T16:14:22.563758
905,human_eval_test,33,33_gen_0.sv,33_testbench.py,33_prompt.txt,fail,N/A,compilation_failed,0.07,0.00,2026-01-23T16:14:39.293434
906,human_eval_test,34,34_gen_0.sv,34_testbench.py,34_prompt.txt,pass,timeout,verification_failed,0.06,305.22,2026-01-23T16:14:39.447468
907,human_eval_test,35,35_gen_0.sv,35_testbench.py,35_prompt.txt,pass,fail,verification_failed,0.43,17.55,2026-01-23T16:19:44.890447
908,human_eval_test,36,36_gen_0.sv,36_testbench.py,36_prompt.txt,pass,pass,pass,0.06,20.72,2026-01-23T16:20:03.407743
909,human_eval_test,37,37_gen_0.sv,37_testbench.py,37_prompt.txt,pass,fail,verification_failed,0.06,16.94,2026-01-23T16:20:24.290481
910,human_eval_test,39,39_gen_0.sv,39_testbench.py,39_prompt.txt,pass,fail,verification_failed,0.07,17.56,2026-01-23T16:20:41.383816
911,human_eval_test,4,4_gen_0.sv,4_testbench.py,4_prompt.txt,pass,pass,pass,0.07,16.90,2026-01-23T16:20:59.109041
912,human_eval_test,40,40_gen_0.sv,40_testbench.py,40_prompt.txt,pass,fail,verification_failed,0.07,18.31,2026-01-23T16:21:16.170782
913,human_eval_test,42,42_gen_0.sv,42_testbench.py,42_prompt.txt,pass,pass,pass,0.07,16.57,2026-01-23T16:21:34.641556
914,human_eval_test,43,43_gen_0.sv,43_testbench.py,43_prompt.txt,pass,pass,pass,0.06,16.62,2026-01-23T16:21:51.384571
915,human_eval_test,44,44_gen_0.sv,44_testbench.py,44_prompt.txt,pass,timeout,verification_failed,0.06,305.12,2026-01-23T16:22:08.140156
916,human_eval_test,45,45_gen_0.sv,45_testbench.py,45_prompt.txt,pass,fail,verification_failed,0.06,16.54,2026-01-23T16:27:13.430735
917,human_eval_test,47,47_gen_0.sv,47_testbench.py,47_prompt.txt,pass,pass,pass,0.06,16.76,2026-01-23T16:27:30.123378
918,human_eval_test,48,48_gen_0.sv,48_testbench.py,48_prompt.txt,pass,fail,verification_failed,0.07,16.33,2026-01-23T16:27:47.024045
919,human_eval_test,49,49_gen_0.sv,49_testbench.py,49_prompt.txt,pass,pass,pass,0.06,16.31,2026-01-23T16:28:03.506816
920,human_eval_test,5,5_gen_0.sv,5_testbench.py,5_prompt.txt,pass,fail,verification_failed,0.07,27.48,2026-01-23T16:28:19.961647
921,human_eval_test,50,50_gen_0.sv,50_testbench.py,50_prompt.txt,pass,fail,verification_failed,0.06,16.31,2026-01-23T16:28:47.608324
922,human_eval_test,51,51_gen_0.sv,51_testbench.py,51_prompt.txt,pass,fail,verification_failed,0.07,16.19,2026-01-23T16:29:04.062763
923,human_eval_test,52,52_gen_0.sv,52_testbench.py,52_prompt.txt,pass,pass,pass,0.06,16.39,2026-01-23T16:29:20.415091
924,human_eval_test,53,53_gen_0.sv,53_testbench.py,53_prompt.txt,pass,pass,pass,0.07,16.44,2026-01-23T16:29:36.954377
925,human_eval_test,54,54_gen_0.sv,54_testbench.py,54_prompt.txt,pass,pass,pass,0.07,16.39,2026-01-23T16:29:53.549718
926,human_eval_test,55,55_gen_0.sv,55_testbench.py,55_prompt.txt,pass,pass,pass,0.06,16.52,2026-01-23T16:30:10.102020
927,human_eval_test,56,56_gen_0.sv,56_testbench.py,56_prompt.txt,pass,fail,verification_failed,0.06,16.62,2026-01-23T16:30:26.814105
928,human_eval_test,57,57_gen_0.sv,57_testbench.py,57_prompt.txt,pass,pass,pass,0.07,16.26,2026-01-23T16:30:43.593180
929,human_eval_test,58,58_gen_0.sv,58_testbench.py,58_prompt.txt,pass,pass,pass,0.07,16.53,2026-01-23T16:31:00.003644
930,human_eval_test,59,59_gen_0.sv,59_testbench.py,59_prompt.txt,pass,pass,pass,0.06,16.91,2026-01-23T16:31:16.692880
931,human_eval_test,60,60_gen_0.sv,60_testbench.py,60_prompt.txt,pass,fail,verification_failed,0.06,16.42,2026-01-23T16:31:33.755191
932,human_eval_test,61,61_gen_0.sv,61_testbench.py,61_prompt.txt,pass,fail,verification_failed,0.06,16.33,2026-01-23T16:31:50.338339
933,human_eval_test,62,62_gen_0.sv,62_testbench.py,62_prompt.txt,fail,N/A,compilation_failed,0.05,0.00,2026-01-23T16:32:06.816565
934,human_eval_test,63,63_gen_0.sv,63_testbench.py,63_prompt.txt,pass,pass,pass,0.06,16.30,2026-01-23T16:32:06.955417
935,human_eval_test,64,64_gen_0.sv,64_testbench.py,64_prompt.txt,pass,pass,pass,0.07,16.58,2026-01-23T16:32:23.398168
936,human_eval_test,65,65_gen_0.sv,65_testbench.py,65_prompt.txt,pass,fail,verification_failed,0.07,221.12,2026-01-23T22:32:21.028502
937,human_eval_test,66,66_gen_0.sv,66_testbench.py,66_prompt.txt,pass,fail,verification_failed,0.10,16.80,2026-01-23T22:36:02.336825
938,human_eval_test,67,67_gen_0.sv,67_testbench.py,67_prompt.txt,pass,pass,pass,0.06,16.35,2026-01-23T22:36:19.385210
939,human_eval_test,68,68_gen_0.sv,68_testbench.py,68_prompt.txt,pass,pass,pass,0.06,15.75,2026-01-23T22:36:35.891090
940,human_eval_test,69,69_gen_0.sv,69_testbench.py,69_prompt.txt,pass,pass,pass,0.07,25.88,2026-01-23T22:36:51.787208
941,human_eval_test,7,7_gen_0.sv,7_testbench.py,7_prompt.txt,pass,fail,verification_failed,0.07,16.04,2026-01-23T22:37:17.823144
942,human_eval_test,70,70_gen_0.sv,70_testbench.py,70_prompt.txt,fail,N/A,compilation_failed,0.06,0.00,2026-01-23T22:37:34.007851
943,human_eval_test,72,72_gen_0.sv,72_testbench.py,72_prompt.txt,pass,pass,pass,0.07,15.50,2026-01-23T22:37:34.166472
944,human_eval_test,74,74_gen_0.sv,74_testbench.py,74_prompt.txt,pass,fail,verification_failed,0.06,16.15,2026-01-23T22:37:49.811476
945,human_eval_test,75,75_gen_0.sv,75_testbench.py,75_prompt.txt,pass,pass,pass,0.05,16.21,2026-01-23T22:38:06.137194
946,human_eval_test,76,76_gen_0.sv,76_testbench.py,76_prompt.txt,pass,pass,pass,0.06,17.50,2026-01-23T22:38:22.493767
947,human_eval_test,77,77_gen_0.sv,77_testbench.py,77_prompt.txt,pass,pass,pass,0.05,16.32,2026-01-23T22:38:40.146983
948,human_eval_test,79,79_gen_0.sv,79_testbench.py,79_prompt.txt,pass,pass,pass,0.09,16.82,2026-01-23T22:38:56.624358
949,human_eval_test,8,8_gen_0.sv,8_testbench.py,8_prompt.txt,pass,pass,pass,0.07,17.19,2026-01-23T22:39:13.687580
950,human_eval_test,80,80_gen_0.sv,80_testbench.py,80_prompt.txt,pass,pass,pass,0.07,15.87,2026-01-23T22:39:31.038239
951,human_eval_test,81,81_gen_0.sv,81_testbench.py,81_prompt.txt,pass,fail,verification_failed,0.07,15.88,2026-01-23T22:39:47.054682
952,human_eval_test,82,82_gen_0.sv,82_testbench.py,82_prompt.txt,pass,pass,pass,0.05,15.72,2026-01-23T22:40:03.096091
953,human_eval_test,83,83_gen_0.sv,83_testbench.py,83_prompt.txt,pass,pass,pass,0.05,16.29,2026-01-23T22:40:18.953464
954,human_eval_test,84,84_gen_0.sv,84_testbench.py,84_prompt.txt,pass,pass,pass,0.06,15.68,2026-01-23T22:40:35.380099
955,human_eval_test,85,85_gen_0.sv,85_testbench.py,85_prompt.txt,pass,fail,verification_failed,0.05,15.88,2026-01-23T22:40:51.207679
956,human_eval_test,86,86_gen_0.sv,86_testbench.py,86_prompt.txt,pass,fail,verification_failed,0.06,15.91,2026-01-23T22:41:07.219621
957,human_eval_test,87,87_gen_0.sv,87_testbench.py,87_prompt.txt,pass,fail,verification_failed,0.06,15.83,2026-01-23T22:41:23.276391
958,human_eval_test,88,88_gen_0.sv,88_testbench.py,88_prompt.txt,pass,pass,pass,0.07,15.81,2026-01-23T22:41:39.250186
959,human_eval_test,89,89_gen_0.sv,89_testbench.py,89_prompt.txt,pass,fail,verification_failed,0.07,15.86,2026-01-23T22:41:55.217494
960,human_eval_test,9,9_gen_0.sv,9_testbench.py,9_prompt.txt,pass,fail,verification_failed,0.07,16.07,2026-01-23T22:42:11.233450
961,human_eval_test,90,90_gen_0.sv,90_testbench.py,90_prompt.txt,pass,pass,pass,0.05,16.04,2026-01-23T22:42:27.463785
962,human_eval_test,91,91_gen_0.sv,91_testbench.py,91_prompt.txt,fail,N/A,compilation_failed,0.06,0.00,2026-01-23T22:42:43.644270
963,human_eval_test,92,92_gen_0.sv,92_testbench.py,92_prompt.txt,pass,pass,pass,0.07,15.98,2026-01-23T22:42:43.786721
964,human_eval_test,94,94_gen_0.sv,94_testbench.py,94_prompt.txt,pass,fail,verification_failed,0.06,15.72,2026-01-23T22:42:59.923279
965,human_eval_test,95,95_gen_0.sv,95_testbench.py,95_prompt.txt,pass,fail,verification_failed,0.06,16.32,2026-01-23T22:43:15.786033
966,human_eval_test,96,96_gen_0.sv,96_testbench.py,96_prompt.txt,pass,fail,verification_failed,0.06,15.67,2026-01-23T22:43:32.261463
967,human_eval_test,97,97_gen_0.sv,97_testbench.py,97_prompt.txt,pass,pass,pass,0.07,15.77,2026-01-23T22:43:48.070527
968,human_eval_test,98,98_gen_0.sv,98_testbench.py,98_prompt.txt,pass,fail,verification_failed,0.06,15.62,2026-01-23T22:44:03.997822
969,mbpp_test,100,100_gen_0.sv,100_testbench.py,100_prompt.txt,pass,pass,pass,0.07,16.12,2026-01-23T22:44:19.766944
970,mbpp_test,102,102_gen_0.sv,102_testbench.py,102_prompt.txt,fail,N/A,compilation_failed,0.06,0.00,2026-01-23T22:44:36.051846
971,mbpp_test,104,104_gen_0.sv,104_testbench.py,104_prompt.txt,fail,N/A,compilation_failed,0.06,0.00,2026-01-23T22:44:36.197492
972,mbpp_test,105,105_gen_0.sv,105_testbench.py,105_prompt.txt,pass,pass,pass,0.07,15.65,2026-01-23T22:44:36.343680
973,mbpp_test,109,109_gen_0.sv,109_testbench.py,109_prompt.txt,pass,pass,pass,0.06,16.07,2026-01-23T22:44:52.151520
974,mbpp_test,11,11_gen_0.sv,11_testbench.py,11_prompt.txt,pass,fail,verification_failed,0.06,15.83,2026-01-23T22:45:08.374918
975,mbpp_test,111,111_gen_0.sv,111_testbench.py,111_prompt.txt,pass,fail,verification_failed,0.08,16.02,2026-01-23T22:45:24.352937
976,mbpp_test,115,115_gen_0.sv,115_testbench.py,115_prompt.txt,pass,pass,pass,0.05,15.72,2026-01-23T22:45:40.540148
977,mbpp_test,116,116_gen_0.sv,116_testbench.py,116_prompt.txt,pass,fail,verification_failed,0.07,15.78,2026-01-23T22:45:56.405901
978,mbpp_test,117,117_gen_0.sv,117_testbench.py,117_prompt.txt,pass,pass,pass,0.06,16.10,2026-01-23T22:46:12.343711
979,mbpp_test,119,119_gen_0.sv,119_testbench.py,119_prompt.txt,pass,fail,verification_failed,0.06,15.76,2026-01-23T22:46:28.612856
980,mbpp_test,12,12_gen_0.sv,12_testbench.py,12_prompt.txt,pass,fail,verification_failed,0.06,15.76,2026-01-23T22:46:44.517794
981,mbpp_test,120,120_gen_0.sv,120_testbench.py,120_prompt.txt,pass,fail,verification_failed,0.06,15.77,2026-01-23T22:47:00.433491
982,mbpp_test,124,124_gen_0.sv,124_testbench.py,124_prompt.txt,pass,fail,verification_failed,0.06,16.21,2026-01-23T22:47:16.358281
983,mbpp_test,125,125_gen_0.sv,125_testbench.py,125_prompt.txt,pass,fail,verification_failed,0.06,15.79,2026-01-23T22:47:32.719714
984,mbpp_test,126,126_gen_0.sv,126_testbench.py,126_prompt.txt,pass,fail,verification_failed,0.06,15.71,2026-01-23T22:47:48.662085
985,mbpp_test,127,127_gen_0.sv,127_testbench.py,127_prompt.txt,pass,pass,pass,0.07,15.73,2026-01-23T22:48:04.522752
986,mbpp_test,128,128_gen_0.sv,128_testbench.py,128_prompt.txt,pass,pass,pass,0.08,16.11,2026-01-23T22:48:20.416392
987,mbpp_test,129,129_gen_0.sv,129_testbench.py,129_prompt.txt,pass,fail,verification_failed,0.07,15.57,2026-01-23T22:48:36.688625
988,mbpp_test,130,130_gen_0.sv,130_testbench.py,130_prompt.txt,pass,fail,verification_failed,0.07,15.66,2026-01-23T22:48:52.409876
989,mbpp_test,133,133_gen_0.sv,133_testbench.py,133_prompt.txt,pass,fail,verification_failed,0.07,15.75,2026-01-23T22:49:08.228841
990,mbpp_test,137,137_gen_0.sv,137_testbench.py,137_prompt.txt,pass,fail,verification_failed,0.06,16.07,2026-01-23T22:49:24.138839
991,mbpp_test,138,138_gen_0.sv,138_testbench.py,138_prompt.txt,pass,pass,pass,0.06,15.65,2026-01-23T22:49:40.361818
992,mbpp_test,139,139_gen_0.sv,139_testbench.py,139_prompt.txt,pass,fail,verification_failed,0.06,15.79,2026-01-23T22:49:56.171377
993,mbpp_test,140,140_gen_0.sv,140_testbench.py,140_prompt.txt,pass,pass,pass,0.05,16.49,2026-01-23T22:50:12.117549
994,mbpp_test,142,142_gen_0.sv,142_testbench.py,142_prompt.txt,fail,N/A,compilation_failed,0.07,0.00,2026-01-23T22:50:28.762427
995,mbpp_test,143,143_gen_0.sv,143_testbench.py,143_prompt.txt,pass,pass,pass,0.06,15.88,2026-01-23T22:50:28.948458
996,mbpp_test,160,160_gen_0.sv,160_testbench.py,160_prompt.txt,pass,pass,pass,0.07,15.72,2026-01-23T22:50:44.992472
997,mbpp_test,161,161_gen_0.sv,161_testbench.py,161_prompt.txt,pass,fail,verification_failed,0.07,15.60,2026-01-23T22:51:00.864035
998,mbpp_test,162,162_gen_0.sv,162_testbench.py,162_prompt.txt,pass,pass,pass,0.06,16.03,2026-01-23T22:51:16.630308
999,mbpp_test,165,165_gen_0.sv,165_testbench.py,165_prompt.txt,pass,pass,pass,0.06,15.91,2026-01-23T22:51:32.812619
1000,mbpp_test,166,166_gen_0.sv,166_testbench.py,166_prompt.txt,pass,pass,pass,0.07,15.74,2026-01-23T22:51:48.874720
1001,mbpp_test,168,168_gen_0.sv,168_testbench.py,168_prompt.txt,pass,pass,pass,0.06,24.82,2026-01-23T22:52:04.779279
1002,mbpp_test,17,17_gen_0.sv,17_testbench.py,17_prompt.txt,pass,pass,pass,0.06,15.72,2026-01-23T22:52:29.749619
1003,mbpp_test,170,170_gen_0.sv,170_testbench.py,170_prompt.txt,pass,pass,pass,0.06,15.80,2026-01-23T22:52:45.625303
1004,mbpp_test,171,171_gen_0.sv,171_testbench.py,171_prompt.txt,pass,pass,pass,0.05,15.87,2026-01-23T22:53:01.585868
1005,mbpp_test,172,172_gen_0.sv,172_testbench.py,172_prompt.txt,pass,fail,verification_failed,0.06,16.45,2026-01-23T22:53:17.604794
1006,mbpp_test,18,18_gen_0.sv,18_testbench.py,18_prompt.txt,pass,fail,verification_failed,0.05,15.84,2026-01-23T22:53:34.213512
1007,mbpp_test,222,222_gen_0.sv,222_testbench.py,222_prompt.txt,pass,pass,pass,0.05,15.73,2026-01-23T22:53:50.207408
1008,mbpp_test,223,223_gen_0.sv,223_testbench.py,223_prompt.txt,pass,fail,verification_failed,0.06,15.82,2026-01-23T22:54:06.082935
1009,mbpp_test,224,224_gen_0.sv,224_testbench.py,224_prompt.txt,pass,pass,pass,0.05,16.01,2026-01-23T22:54:22.053194
1010,mbpp_test,226,226_gen_0.sv,226_testbench.py,226_prompt.txt,pass,pass,pass,0.06,15.73,2026-01-23T22:54:38.206450
1011,mbpp_test,228,228_gen_0.sv,228_testbench.py,228_prompt.txt,pass,fail,verification_failed,0.07,15.84,2026-01-23T22:54:54.088946
1012,mbpp_test,229,229_gen_0.sv,229_testbench.py,229_prompt.txt,pass,pass,pass,0.06,15.87,2026-01-23T22:55:10.088463
1013,mbpp_test,233,233_gen_0.sv,233_testbench.py,233_prompt.txt,pass,pass,pass,0.07,16.03,2026-01-23T22:55:26.130140
1014,mbpp_test,234,234_gen_0.sv,234_testbench.py,234_prompt.txt,pass,pass,pass,0.07,15.68,2026-01-23T22:55:42.331200
1015,mbpp_test,235,235_gen_0.sv,235_testbench.py,235_prompt.txt,pass,pass,pass,0.06,15.71,2026-01-23T22:55:58.168667
1016,mbpp_test,237,237_gen_0.sv,237_testbench.py,237_prompt.txt,pass,fail,verification_failed,0.06,16.11,2026-01-23T22:56:14.023167
1017,mbpp_test,238,238_gen_0.sv,238_testbench.py,238_prompt.txt,pass,pass,pass,0.07,15.94,2026-01-23T22:56:30.279615
1018,mbpp_test,239,239_gen_0.sv,239_testbench.py,239_prompt.txt,fail,N/A,compilation_failed,0.07,0.00,2026-01-23T22:56:46.379427
1019,mbpp_test,240,240_gen_0.sv,240_testbench.py,240_prompt.txt,pass,fail,verification_failed,0.06,15.68,2026-01-23T22:56:46.537755
1020,mbpp_test,242,242_gen_0.sv,242_testbench.py,242_prompt.txt,pass,fail,verification_failed,0.05,15.60,2026-01-23T22:57:02.371288
1021,mbpp_test,244,244_gen_0.sv,244_testbench.py,244_prompt.txt,pass,pass,pass,0.07,16.15,2026-01-23T22:57:18.117060
1022,mbpp_test,245,245_gen_0.sv,245_testbench.py,245_prompt.txt,pass,pass,pass,0.06,15.81,2026-01-23T22:57:34.432942
1023,mbpp_test,247,247_gen_0.sv,247_testbench.py,247_prompt.txt,pass,fail,verification_failed,0.06,15.75,2026-01-23T22:57:50.399150
1024,mbpp_test,250,250_gen_0.sv,250_testbench.py,250_prompt.txt,pass,pass,pass,0.06,15.92,2026-01-23T22:58:06.308645
1025,mbpp_test,251,251_gen_0.sv,251_testbench.py,251_prompt.txt,pass,pass,pass,0.07,16.30,2026-01-23T22:58:22.390098
1026,mbpp_test,252,252_gen_0.sv,252_testbench.py,252_prompt.txt,pass,pass,pass,0.06,15.81,2026-01-23T22:58:38.858249
1027,mbpp_test,255,255_gen_0.sv,255_testbench.py,255_prompt.txt,pass,pass,pass,0.06,15.73,2026-01-23T22:58:54.827612
1028,mbpp_test,256,256_gen_0.sv,256_testbench.py,256_prompt.txt,pass,fail,verification_failed,0.05,15.72,2026-01-23T22:59:10.722720
1029,mbpp_test,257,257_gen_0.sv,257_testbench.py,257_prompt.txt,pass,pass,pass,0.08,15.98,2026-01-23T22:59:26.597542
1030,mbpp_test,259,259_gen_0.sv,259_testbench.py,259_prompt.txt,pass,fail,verification_failed,0.07,15.84,2026-01-23T22:59:42.744627
1031,mbpp_test,260,260_gen_0.sv,260_testbench.py,260_prompt.txt,pass,pass,pass,0.07,16.35,2026-01-23T22:59:58.752754
1032,mbpp_test,261,261_gen_0.sv,261_testbench.py,261_prompt.txt,pass,pass,pass,0.07,16.72,2026-01-23T23:00:15.277946
1033,mbpp_test,262,262_gen_0.sv,262_testbench.py,262_prompt.txt,pass,pass,pass,0.07,26.63,2026-01-23T23:00:32.163779
1034,mbpp_test,265,265_gen_0.sv,265_testbench.py,265_prompt.txt,fail,N/A,compilation_failed,0.06,0.00,2026-01-23T23:00:58.959763
1035,mbpp_test,268,268_gen_0.sv,268_testbench.py,268_prompt.txt,pass,pass,pass,0.06,16.37,2026-01-23T23:00:59.119070
1036,mbpp_test,270,270_gen_0.sv,270_testbench.py,270_prompt.txt,pass,fail,verification_failed,0.07,16.14,2026-01-23T23:01:15.650856
1037,mbpp_test,271,271_gen_0.sv,271_testbench.py,271_prompt.txt,pass,fail,verification_failed,0.06,15.99,2026-01-23T23:01:31.956105
1038,mbpp_test,272,272_gen_0.sv,272_testbench.py,272_prompt.txt,pass,fail,verification_failed,0.09,15.84,2026-01-23T23:01:48.098592
1039,mbpp_test,273,273_gen_0.sv,273_testbench.py,273_prompt.txt,pass,pass,pass,0.06,15.80,2026-01-23T23:02:04.120939
1040,mbpp_test,276,276_gen_0.sv,276_testbench.py,276_prompt.txt,pass,fail,verification_failed,0.08,16.08,2026-01-23T23:02:20.080731
1041,mbpp_test,277,277_gen_0.sv,277_testbench.py,277_prompt.txt,pass,fail,verification_failed,0.06,16.03,2026-01-23T23:02:36.327323
1042,mbpp_test,278,278_gen_0.sv,278_testbench.py,278_prompt.txt,pass,fail,verification_failed,0.06,15.88,2026-01-23T23:02:52.511148
1043,mbpp_test,279,279_gen_0.sv,279_testbench.py,279_prompt.txt,pass,pass,pass,0.06,15.85,2026-01-23T23:03:08.548016
1044,mbpp_test,280,280_gen_0.sv,280_testbench.py,280_prompt.txt,pass,fail,verification_failed,0.05,16.20,2026-01-23T23:03:24.572514
1045,mbpp_test,282,282_gen_0.sv,282_testbench.py,282_prompt.txt,pass,fail,verification_failed,0.07,16.05,2026-01-23T23:03:40.914301
1046,mbpp_test,283,283_gen_0.sv,283_testbench.py,283_prompt.txt,pass,fail,verification_failed,0.06,15.77,2026-01-23T23:03:57.129262
1047,mbpp_test,284,284_gen_0.sv,284_testbench.py,284_prompt.txt,pass,pass,pass,0.06,16.17,2026-01-23T23:04:13.046548
1048,mbpp_test,285,285_gen_0.sv,285_testbench.py,285_prompt.txt,pass,fail,verification_failed,0.06,15.80,2026-01-23T23:04:29.371426
1049,mbpp_test,286,286_gen_0.sv,286_testbench.py,286_prompt.txt,fail,N/A,compilation_failed,0.06,0.00,2026-01-23T23:04:45.335353
1050,mbpp_test,287,287_gen_0.sv,287_testbench.py,287_prompt.txt,pass,fail,verification_failed,0.07,15.84,2026-01-23T23:04:45.522611
1051,mbpp_test,290,290_gen_0.sv,290_testbench.py,290_prompt.txt,pass,fail,verification_failed,0.05,15.90,2026-01-23T23:05:01.527468
1052,mbpp_test,291,291_gen_0.sv,291_testbench.py,291_prompt.txt,fail,N/A,compilation_failed,0.05,0.00,2026-01-23T23:05:17.579009
1053,mbpp_test,292,292_gen_0.sv,292_testbench.py,292_prompt.txt,pass,pass,pass,0.06,16.08,2026-01-23T23:05:17.729635
1054,mbpp_test,296,296_gen_0.sv,296_testbench.py,296_prompt.txt,pass,pass,pass,0.06,15.66,2026-01-23T23:05:33.969402
1055,mbpp_test,297,297_gen_0.sv,297_testbench.py,297_prompt.txt,pass,fail,verification_failed,0.08,15.81,2026-01-23T23:05:49.783098
1056,mbpp_test,300,300_gen_0.sv,300_testbench.py,300_prompt.txt,pass,fail,verification_failed,0.06,15.94,2026-01-23T23:06:05.769626
1057,mbpp_test,301,301_gen_0.sv,301_testbench.py,301_prompt.txt,pass,pass,pass,0.06,16.06,2026-01-23T23:06:21.863938
1058,mbpp_test,304,304_gen_0.sv,304_testbench.py,304_prompt.txt,pass,fail,verification_failed,0.06,15.76,2026-01-23T23:06:38.081554
1059,mbpp_test,305,305_gen_0.sv,305_testbench.py,305_prompt.txt,pass,fail,verification_failed,0.07,15.82,2026-01-23T23:06:54.005678
1060,mbpp_test,306,306_gen_0.sv,306_testbench.py,306_prompt.txt,pass,fail,verification_failed,0.07,26.42,2026-01-23T23:07:09.998515
1061,mbpp_test,307,307_gen_0.sv,307_testbench.py,307_prompt.txt,pass,pass,pass,0.07,15.74,2026-01-23T23:07:36.590555
1062,mbpp_test,309,309_gen_0.sv,309_testbench.py,309_prompt.txt,pass,pass,pass,0.06,15.68,2026-01-23T23:07:52.495343
1063,mbpp_test,310,310_gen_0.sv,310_testbench.py,310_prompt.txt,pass,fail,verification_failed,0.07,15.90,2026-01-23T23:08:08.363632
1064,mbpp_test,311,311_gen_0.sv,311_testbench.py,311_prompt.txt,pass,pass,pass,0.06,16.17,2026-01-23T23:08:24.423637
1065,mbpp_test,312,312_gen_0.sv,312_testbench.py,312_prompt.txt,pass,fail,verification_failed,0.06,15.85,2026-01-23T23:08:40.757605
1066,mbpp_test,388,388_gen_0.sv,388_testbench.py,388_prompt.txt,pass,pass,pass,0.07,15.86,2026-01-23T23:08:56.759427
1067,mbpp_test,389,389_gen_0.sv,389_testbench.py,389_prompt.txt,pass,pass,pass,0.07,15.98,2026-01-23T23:09:12.787337
1068,mbpp_test,390,390_gen_0.sv,390_testbench.py,390_prompt.txt,pass,fail,verification_failed,0.06,15.66,2026-01-23T23:09:28.943156
1069,mbpp_test,391,391_gen_0.sv,391_testbench.py,391_prompt.txt,pass,pass,pass,0.07,15.76,2026-01-23T23:09:44.757608
1070,mbpp_test,392,392_gen_0.sv,392_testbench.py,392_prompt.txt,pass,fail,verification_failed,0.06,15.61,2026-01-23T23:10:00.688557
1071,mbpp_test,393,393_gen_0.sv,393_testbench.py,393_prompt.txt,pass,fail,verification_failed,0.05,16.38,2026-01-23T23:10:16.460406
1072,mbpp_test,394,394_gen_0.sv,394_testbench.py,394_prompt.txt,pass,pass,pass,0.07,15.69,2026-01-23T23:10:32.990885
1073,mbpp_test,395,395_gen_0.sv,395_testbench.py,395_prompt.txt,pass,pass,pass,0.06,16.03,2026-01-23T23:10:48.854997
1074,mbpp_test,396,396_gen_0.sv,396_testbench.py,396_prompt.txt,pass,fail,verification_failed,0.08,16.13,2026-01-23T23:11:05.040290
1075,mbpp_test,397,397_gen_0.sv,397_testbench.py,397_prompt.txt,pass,fail,verification_failed,0.07,16.36,2026-01-23T23:11:21.341085
1076,mbpp_test,398,398_gen_0.sv,398_testbench.py,398_prompt.txt,pass,pass,pass,0.06,15.96,2026-01-23T23:11:37.868627
1077,mbpp_test,399,399_gen_0.sv,399_testbench.py,399_prompt.txt,pass,pass,pass,0.07,16.04,2026-01-23T23:11:53.986727
1078,mbpp_test,400,400_gen_0.sv,400_testbench.py,400_prompt.txt,pass,fail,verification_failed,0.07,15.91,2026-01-23T23:12:10.200987
1079,mbpp_test,401,401_gen_0.sv,401_testbench.py,401_prompt.txt,pass,fail,verification_failed,0.06,16.46,2026-01-23T23:12:26.298410
1080,mbpp_test,405,405_gen_0.sv,405_testbench.py,405_prompt.txt,pass,fail,verification_failed,0.06,16.17,2026-01-23T23:12:42.922604
1081,mbpp_test,406,406_gen_0.sv,406_testbench.py,406_prompt.txt,pass,pass,pass,0.06,17.11,2026-01-23T23:12:59.264476
1082,mbpp_test,408,408_gen_0.sv,408_testbench.py,408_prompt.txt,fail,N/A,compilation_failed,0.06,0.00,2026-01-23T23:13:16.541694
1083,mbpp_test,410,410_gen_0.sv,410_testbench.py,410_prompt.txt,pass,pass,pass,0.06,17.13,2026-01-23T23:13:16.727353
1084,mbpp_test,411,411_gen_0.sv,411_testbench.py,411_prompt.txt,pass,fail,verification_failed,0.07,16.68,2026-01-23T23:13:34.038662
1085,mbpp_test,412,412_gen_0.sv,412_testbench.py,412_prompt.txt,pass,pass,pass,0.07,16.34,2026-01-23T23:13:50.918538
1086,mbpp_test,413,413_gen_0.sv,413_testbench.py,413_prompt.txt,pass,fail,verification_failed,0.05,16.50,2026-01-23T23:14:07.443768
1087,mbpp_test,414,414_gen_0.sv,414_testbench.py,414_prompt.txt,fail,N/A,compilation_failed,0.06,0.00,2026-01-23T23:14:24.093726
1088,mbpp_test,415,415_gen_0.sv,415_testbench.py,415_prompt.txt,pass,fail,verification_failed,0.06,16.98,2026-01-23T23:14:24.281576
1089,mbpp_test,418,418_gen_0.sv,418_testbench.py,418_prompt.txt,pass,pass,pass,0.08,16.22,2026-01-23T23:14:41.417106
1090,mbpp_test,420,420_gen_0.sv,420_testbench.py,420_prompt.txt,pass,pass,pass,0.05,16.44,2026-01-23T23:14:57.819874
1091,mbpp_test,422,422_gen_0.sv,422_testbench.py,422_prompt.txt,pass,fail,verification_failed,0.07,16.85,2026-01-23T23:15:14.424670
1092,mbpp_test,424,424_gen_0.sv,424_testbench.py,424_prompt.txt,fail,N/A,compilation_failed,0.07,0.00,2026-01-23T23:15:31.446330
1093,mbpp_test,426,426_gen_0.sv,426_testbench.py,426_prompt.txt,pass,pass,pass,0.06,16.17,2026-01-23T23:15:31.618558
1094,mbpp_test,427,427_gen_0.sv,427_testbench.py,427_prompt.txt,pass,pass,pass,0.05,15.84,2026-01-23T23:15:47.951090
1095,mbpp_test,428,428_gen_0.sv,428_testbench.py,428_prompt.txt,pass,pass,pass,0.06,16.20,2026-01-23T23:16:03.947792
1096,mbpp_test,429,429_gen_0.sv,429_testbench.py,429_prompt.txt,pass,pass,pass,0.06,16.42,2026-01-23T23:16:20.308488
1097,mbpp_test,430,430_gen_0.sv,430_testbench.py,430_prompt.txt,pass,pass,pass,0.06,16.23,2026-01-23T23:16:36.891098
1098,mbpp_test,431,431_gen_0.sv,431_testbench.py,431_prompt.txt,pass,pass,pass,0.06,16.17,2026-01-23T23:16:53.289786
1099,mbpp_test,432,432_gen_0.sv,432_testbench.py,432_prompt.txt,pass,pass,pass,0.06,16.43,2026-01-23T23:17:09.637183
1100,mbpp_test,433,433_gen_0.sv,433_testbench.py,433_prompt.txt,pass,pass,pass,0.07,16.59,2026-01-23T23:17:26.282726
1101,mbpp_test,434,434_gen_0.sv,434_testbench.py,434_prompt.txt,fail,N/A,compilation_failed,0.07,0.00,2026-01-23T23:17:43.045335
1102,mbpp_test,435,435_gen_0.sv,435_testbench.py,435_prompt.txt,pass,pass,pass,0.06,16.36,2026-01-23T23:17:43.217824
1103,mbpp_test,436,436_gen_0.sv,436_testbench.py,436_prompt.txt,pass,fail,verification_failed,0.05,16.09,2026-01-23T23:17:59.748093
1104,mbpp_test,437,437_gen_0.sv,437_testbench.py,437_prompt.txt,pass,fail,verification_failed,0.06,16.54,2026-01-23T23:18:15.991548
1105,mbpp_test,438,438_gen_0.sv,438_testbench.py,438_prompt.txt,pass,pass,pass,0.06,16.29,2026-01-23T23:18:32.696297
1106,mbpp_test,439,439_gen_0.sv,439_testbench.py,439_prompt.txt,pass,pass,pass,0.07,16.17,2026-01-23T23:18:49.165338
1107,mbpp_test,441,441_gen_0.sv,441_testbench.py,441_prompt.txt,pass,pass,pass,0.07,16.53,2026-01-23T23:19:05.526901
1108,mbpp_test,442,442_gen_0.sv,442_testbench.py,442_prompt.txt,pass,pass,pass,0.06,17.35,2026-01-23T23:19:22.235376
1109,mbpp_test,444,444_gen_0.sv,444_testbench.py,444_prompt.txt,pass,pass,pass,0.08,17.37,2026-01-23T23:19:39.755862
1110,mbpp_test,447,447_gen_0.sv,447_testbench.py,447_prompt.txt,pass,fail,verification_failed,0.07,17.30,2026-01-23T23:19:57.313510
1111,mbpp_test,448,448_gen_0.sv,448_testbench.py,448_prompt.txt,pass,pass,pass,0.05,17.80,2026-01-23T23:20:14.799901
1112,mbpp_test,450,450_gen_0.sv,450_testbench.py,450_prompt.txt,pass,fail,verification_failed,0.07,17.19,2026-01-23T23:20:32.754887
1113,mbpp_test,451,451_gen_0.sv,451_testbench.py,451_prompt.txt,pass,fail,verification_failed,0.07,17.13,2026-01-23T23:20:50.107456
1114,mbpp_test,453,453_gen_0.sv,453_testbench.py,453_prompt.txt,pass,pass,pass,0.06,16.36,2026-01-23T23:21:07.419428
1115,mbpp_test,454,454_gen_0.sv,454_testbench.py,454_prompt.txt,pass,pass,pass,0.07,16.30,2026-01-23T23:21:23.940124
1116,mbpp_test,455,455_gen_0.sv,455_testbench.py,455_prompt.txt,pass,pass,pass,0.06,16.10,2026-01-23T23:21:40.415389
1117,mbpp_test,457,457_gen_0.sv,457_testbench.py,457_prompt.txt,pass,fail,verification_failed,0.06,16.31,2026-01-23T23:21:56.681580
1118,mbpp_test,458,458_gen_0.sv,458_testbench.py,458_prompt.txt,pass,pass,pass,0.05,16.54,2026-01-23T23:22:13.167316
1119,mbpp_test,459,459_gen_0.sv,459_testbench.py,459_prompt.txt,pass,fail,verification_failed,0.06,16.29,2026-01-23T23:22:29.858389
1120,mbpp_test,460,460_gen_0.sv,460_testbench.py,460_prompt.txt,pass,fail,verification_failed,0.07,16.62,2026-01-23T23:22:46.327028
1121,mbpp_test,462,462_gen_0.sv,462_testbench.py,462_prompt.txt,pass,fail,verification_failed,0.07,16.37,2026-01-23T23:23:03.128310
1122,mbpp_test,463,463_gen_0.sv,463_testbench.py,463_prompt.txt,pass,fail,verification_failed,0.06,16.76,2026-01-23T23:23:19.665736
1123,mbpp_test,464,464_gen_0.sv,464_testbench.py,464_prompt.txt,pass,pass,pass,0.05,16.24,2026-01-23T23:23:36.594235
1124,mbpp_test,465,465_gen_0.sv,465_testbench.py,465_prompt.txt,pass,fail,verification_failed,0.06,16.67,2026-01-23T23:23:52.987770
1125,mbpp_test,471,471_gen_0.sv,471_testbench.py,471_prompt.txt,pass,pass,pass,0.07,15.98,2026-01-23T23:24:09.831209
1126,mbpp_test,472,472_gen_0.sv,472_testbench.py,472_prompt.txt,pass,pass,pass,0.07,16.27,2026-01-23T23:24:25.996955
1127,mbpp_test,474,474_gen_0.sv,474_testbench.py,474_prompt.txt,pass,pass,pass,0.06,16.11,2026-01-23T23:24:42.446340
1128,mbpp_test,475,475_gen_0.sv,475_testbench.py,475_prompt.txt,pass,pass,pass,0.06,15.93,2026-01-23T23:24:58.722206
1129,mbpp_test,476,476_gen_0.sv,476_testbench.py,476_prompt.txt,pass,pass,pass,0.06,16.29,2026-01-23T23:25:14.824500
1130,mbpp_test,477,477_gen_0.sv,477_testbench.py,477_prompt.txt,pass,pass,pass,0.07,15.76,2026-01-23T23:25:31.277653
1131,mbpp_test,479,479_gen_0.sv,479_testbench.py,479_prompt.txt,pass,fail,verification_failed,0.07,15.77,2026-01-23T23:25:47.205386
1132,mbpp_test,56,56_gen_0.sv,56_testbench.py,56_prompt.txt,pass,pass,pass,0.07,15.84,2026-01-23T23:26:03.154484
1133,mbpp_test,57,57_gen_0.sv,57_testbench.py,57_prompt.txt,fail,N/A,compilation_failed,0.07,0.00,2026-01-23T23:26:19.172665
1134,mbpp_test,58,58_gen_0.sv,58_testbench.py,58_prompt.txt,pass,pass,pass,0.06,16.23,2026-01-23T23:26:19.340773
1135,mbpp_test,63,63_gen_0.sv,63_testbench.py,63_prompt.txt,pass,pass,pass,0.06,15.81,2026-01-23T23:26:35.742774
1136,mbpp_test,64,64_gen_0.sv,64_testbench.py,64_prompt.txt,pass,fail,verification_failed,0.07,15.74,2026-01-23T23:26:51.719252
1137,mbpp_test,65,65_gen_0.sv,65_testbench.py,65_prompt.txt,pass,fail,verification_failed,0.06,15.81,2026-01-23T23:27:07.654623
1138,mbpp_test,66,66_gen_0.sv,66_testbench.py,66_prompt.txt,pass,fail,verification_failed,0.05,16.08,2026-01-23T23:27:23.631404
1139,mbpp_test,67,67_gen_0.sv,67_testbench.py,67_prompt.txt,pass,pass,pass,0.06,15.75,2026-01-23T23:27:39.868086
1140,mbpp_test,70,70_gen_0.sv,70_testbench.py,70_prompt.txt,pass,fail,verification_failed,0.07,15.74,2026-01-23T23:27:55.784991
1141,mbpp_test,71,71_gen_0.sv,71_testbench.py,71_prompt.txt,pass,pass,pass,0.07,16.14,2026-01-23T23:28:11.703508
1142,mbpp_test,75,75_gen_0.sv,75_testbench.py,75_prompt.txt,pass,fail,verification_failed,0.06,15.88,2026-01-23T23:28:28.021573
1143,mbpp_test,77,77_gen_0.sv,77_testbench.py,77_prompt.txt,fail,N/A,compilation_failed,0.06,0.00,2026-01-23T23:28:44.079886
1144,mbpp_test,79,79_gen_0.sv,79_testbench.py,79_prompt.txt,pass,pass,pass,0.05,15.89,2026-01-23T23:28:44.245116
1145,mbpp_test,80,80_gen_0.sv,80_testbench.py,80_prompt.txt,pass,pass,pass,0.06,15.68,2026-01-23T23:29:00.287684
1146,mbpp_test,83,83_gen_0.sv,83_testbench.py,83_prompt.txt,pass,fail,verification_failed,0.06,16.27,2026-01-23T23:29:16.142290
1147,mbpp_test,84,84_gen_0.sv,84_testbench.py,84_prompt.txt,fail,N/A,compilation_failed,0.06,0.00,2026-01-23T23:29:32.581959
1148,mbpp_test,85,85_gen_0.sv,85_testbench.py,85_prompt.txt,pass,fail,verification_failed,0.05,15.65,2026-01-23T23:29:32.746881
1149,mbpp_test,86,86_gen_0.sv,86_testbench.py,86_prompt.txt,pass,pass,pass,0.06,16.07,2026-01-23T23:29:48.555982
1150,mbpp_test,87,87_gen_0.sv,87_testbench.py,87_prompt.txt,pass,fail,verification_failed,0.05,243.34,2026-01-23T23:30:04.794910
1151,mbpp_test,88,88_gen_0.sv,88_testbench.py,88_prompt.txt,pass,pass,pass,0.11,16.56,2026-01-23T23:34:08.301261
1152,mbpp_test,91,91_gen_0.sv,91_testbench.py,91_prompt.txt,pass,fail,verification_failed,0.07,16.26,2026-01-23T23:34:25.156479
1153,mbpp_test,92,92_gen_0.sv,92_testbench.py,92_prompt.txt,pass,fail,verification_failed,0.07,16.21,2026-01-23T23:34:41.587345
1154,mbpp_test,93,93_gen_0.sv,93_testbench.py,93_prompt.txt,pass,fail,verification_failed,0.06,16.19,2026-01-23T23:34:57.982434
1155,mbpp_test,94,94_gen_0.sv,94_testbench.py,94_prompt.txt,pass,pass,pass,0.06,16.59,2026-01-23T23:35:14.342232
1156,mbpp_test,96,96_gen_0.sv,96_testbench.py,96_prompt.txt,pass,pass,pass,0.06,15.80,2026-01-23T23:35:31.105763
1157,mbpp_test,97,97_gen_0.sv,97_testbench.py,97_prompt.txt,pass,pass,pass,0.06,15.74,2026-01-23T23:35:47.077175
1158,mbpp_test,98,98_gen_0.sv,98_testbench.py,98_prompt.txt,pass,fail,verification_failed,0.07,16.03,2026-01-23T23:36:02.993022
1159,mbpp_test,99,99_gen_0.sv,99_testbench.py,99_prompt.txt,pass,fail,verification_failed,0.06,16.20,2026-01-23T23:36:19.203007
1160,mbpp_train,602,602_gen_0.sv,602_testbench.py,602_prompt.txt,pass,fail,verification_failed,0.05,15.89,2026-01-23T23:36:35.580764
1161,mbpp_train,603,603_gen_0.sv,603_testbench.py,603_prompt.txt,pass,pass,pass,0.06,15.84,2026-01-23T23:36:51.639804
1162,mbpp_train,604,604_gen_0.sv,604_testbench.py,604_prompt.txt,pass,fail,verification_failed,0.06,15.79,2026-01-23T23:37:07.639383
1163,mbpp_train,605,605_gen_0.sv,605_testbench.py,605_prompt.txt,pass,pass,pass,0.07,16.41,2026-01-23T23:37:23.597659
1164,mbpp_train,606,606_gen_0.sv,606_testbench.py,606_prompt.txt,pass,fail,verification_failed,0.06,15.71,2026-01-23T23:37:40.183637
1165,mbpp_train,607,607_gen_0.sv,607_testbench.py,607_prompt.txt,pass,pass,pass,0.07,15.76,2026-01-23T23:37:56.061567
1166,mbpp_train,608,608_gen_0.sv,608_testbench.py,608_prompt.txt,pass,pass,pass,0.07,15.92,2026-01-23T23:38:11.998556
1167,mbpp_train,610,610_gen_0.sv,610_testbench.py,610_prompt.txt,fail,N/A,compilation_failed,0.05,0.00,2026-01-23T23:38:28.120151
1168,mbpp_train,611,611_gen_0.sv,611_testbench.py,611_prompt.txt,pass,pass,pass,0.06,15.98,2026-01-23T23:38:28.275322
1169,mbpp_train,612,612_gen_0.sv,612_testbench.py,612_prompt.txt,pass,fail,verification_failed,0.06,15.77,2026-01-23T23:38:44.431633
1170,mbpp_train,614,614_gen_0.sv,614_testbench.py,614_prompt.txt,pass,fail,verification_failed,0.07,15.97,2026-01-23T23:39:00.371785
1171,mbpp_train,615,615_gen_0.sv,615_testbench.py,615_prompt.txt,pass,pass,pass,0.06,16.25,2026-01-23T23:39:16.515507
1172,mbpp_train,616,616_gen_0.sv,616_testbench.py,616_prompt.txt,pass,pass,pass,0.07,15.73,2026-01-23T23:39:32.942049
1173,mbpp_train,617,617_gen_0.sv,617_testbench.py,617_prompt.txt,pass,fail,verification_failed,0.06,15.87,2026-01-23T23:39:48.858566
1174,mbpp_train,618,618_gen_0.sv,618_testbench.py,618_prompt.txt,pass,fail,verification_failed,0.06,15.70,2026-01-23T23:40:04.896094
1175,mbpp_train,619,619_gen_0.sv,619_testbench.py,619_prompt.txt,pass,fail,verification_failed,0.07,16.40,2026-01-23T23:40:20.762328
1176,mbpp_train,620,620_gen_0.sv,620_testbench.py,620_prompt.txt,pass,pass,pass,0.07,15.61,2026-01-23T23:40:37.330822
1177,mbpp_train,622,622_gen_0.sv,622_testbench.py,622_prompt.txt,pass,fail,verification_failed,0.05,15.87,2026-01-23T23:40:53.118545
1178,mbpp_train,623,623_gen_0.sv,623_testbench.py,623_prompt.txt,pass,pass,pass,0.06,15.63,2026-01-23T23:41:09.149106
1179,mbpp_train,624,624_gen_0.sv,624_testbench.py,624_prompt.txt,pass,pass,pass,0.06,16.27,2026-01-23T23:41:24.942905
1180,mbpp_train,625,625_gen_0.sv,625_testbench.py,625_prompt.txt,pass,fail,verification_failed,0.05,15.69,2026-01-23T23:41:41.396022
1181,mbpp_train,626,626_gen_0.sv,626_testbench.py,626_prompt.txt,pass,fail,verification_failed,0.05,15.93,2026-01-23T23:41:57.241611
1182,mbpp_train,627,627_gen_0.sv,627_testbench.py,627_prompt.txt,pass,fail,verification_failed,0.06,15.92,2026-01-23T23:42:13.323941
1183,mbpp_train,628,628_gen_0.sv,628_testbench.py,628_prompt.txt,pass,pass,pass,0.08,15.88,2026-01-23T23:42:29.416373
1184,mbpp_train,629,629_gen_0.sv,629_testbench.py,629_prompt.txt,pass,pass,pass,0.07,15.88,2026-01-23T23:42:45.484163
1185,mbpp_train,630,630_gen_0.sv,630_testbench.py,630_prompt.txt,pass,pass,pass,0.06,15.91,2026-01-23T23:43:01.535190
1186,mbpp_train,631,631_gen_0.sv,631_testbench.py,631_prompt.txt,pass,fail,verification_failed,0.06,16.27,2026-01-23T23:43:17.606588
1187,mbpp_train,632,632_gen_0.sv,632_testbench.py,632_prompt.txt,pass,pass,pass,0.07,15.79,2026-01-23T23:43:34.049648
1188,mbpp_train,633,633_gen_0.sv,633_testbench.py,633_prompt.txt,pass,pass,pass,0.07,15.67,2026-01-23T23:43:50.014509
1189,mbpp_train,635,635_gen_0.sv,635_testbench.py,635_prompt.txt,pass,pass,pass,0.06,15.79,2026-01-23T23:44:05.864145
1190,mbpp_train,637,637_gen_0.sv,637_testbench.py,637_prompt.txt,pass,pass,pass,0.05,16.11,2026-01-23T23:44:21.832142
1191,mbpp_train,638,638_gen_0.sv,638_testbench.py,638_prompt.txt,fail,N/A,compilation_failed,0.07,0.00,2026-01-23T23:44:38.096147
1192,mbpp_train,639,639_gen_0.sv,639_testbench.py,639_prompt.txt,pass,fail,verification_failed,0.06,15.63,2026-01-23T23:44:38.283274
1193,mbpp_train,640,640_gen_0.sv,640_testbench.py,640_prompt.txt,pass,fail,verification_failed,0.06,15.82,2026-01-23T23:44:54.099592
1194,mbpp_train,641,641_gen_0.sv,641_testbench.py,641_prompt.txt,pass,pass,pass,0.06,15.66,2026-01-23T23:45:10.094620
1195,mbpp_train,643,643_gen_0.sv,643_testbench.py,643_prompt.txt,pass,fail,verification_failed,0.07,16.22,2026-01-23T23:45:25.938586
1196,mbpp_train,644,644_gen_0.sv,644_testbench.py,644_prompt.txt,pass,fail,verification_failed,0.07,15.76,2026-01-23T23:45:42.340283
1197,mbpp_train,720,720_gen_0.sv,720_testbench.py,720_prompt.txt,pass,pass,pass,0.05,15.87,2026-01-23T23:45:58.277974
1198,mbpp_train,721,721_gen_0.sv,721_testbench.py,721_prompt.txt,pass,fail,verification_failed,0.06,15.98,2026-01-23T23:46:14.303486
1199,mbpp_train,722,722_gen_0.sv,722_testbench.py,722_prompt.txt,pass,pass,pass,0.06,15.79,2026-01-23T23:46:30.456599
1200,mbpp_train,723,723_gen_0.sv,723_testbench.py,723_prompt.txt,pass,fail,verification_failed,0.06,15.86,2026-01-23T23:46:46.420795
1201,mbpp_train,724,724_gen_0.sv,724_testbench.py,724_prompt.txt,pass,fail,verification_failed,0.06,15.84,2026-01-23T23:47:02.441975
1202,mbpp_train,725,725_gen_0.sv,725_testbench.py,725_prompt.txt,pass,pass,pass,0.05,16.35,2026-01-23T23:47:18.450900
1203,mbpp_train,726,726_gen_0.sv,726_testbench.py,726_prompt.txt,pass,fail,verification_failed,0.07,15.90,2026-01-23T23:47:34.971166
1204,mbpp_train,728,728_gen_0.sv,728_testbench.py,728_prompt.txt,pass,pass,pass,0.06,15.91,2026-01-23T23:47:51.074894
1205,mbpp_train,730,730_gen_0.sv,730_testbench.py,730_prompt.txt,pass,fail,verification_failed,0.05,15.72,2026-01-23T23:48:07.183215
1206,mbpp_train,731,731_gen_0.sv,731_testbench.py,731_prompt.txt,fail,N/A,compilation_failed,0.07,0.00,2026-01-23T23:48:23.062157
1207,mbpp_train,732,732_gen_0.sv,732_testbench.py,732_prompt.txt,pass,fail,verification_failed,0.05,15.99,2026-01-23T23:48:23.254200
1208,mbpp_train,733,733_gen_0.sv,733_testbench.py,733_prompt.txt,pass,pass,pass,0.06,15.76,2026-01-23T23:48:39.408143
1209,mbpp_train,734,734_gen_0.sv,734_testbench.py,734_prompt.txt,pass,pass,pass,0.06,15.99,2026-01-23T23:48:55.343857
1210,mbpp_train,735,735_gen_0.sv,735_testbench.py,735_prompt.txt,fail,N/A,compilation_failed,0.06,0.00,2026-01-23T23:49:11.493073
1211,mbpp_train,736,736_gen_0.sv,736_testbench.py,736_prompt.txt,pass,pass,pass,0.05,15.99,2026-01-23T23:49:11.670708
1212,mbpp_train,737,737_gen_0.sv,737_testbench.py,737_prompt.txt,pass,pass,pass,0.06,15.88,2026-01-23T23:49:27.835593
1213,mbpp_train,738,738_gen_0.sv,738_testbench.py,738_prompt.txt,pass,pass,pass,0.06,15.78,2026-01-23T23:49:43.884352
1214,mbpp_train,739,739_gen_0.sv,739_testbench.py,739_prompt.txt,pass,pass,pass,0.07,15.57,2026-01-23T23:49:59.829528
1215,mbpp_train,740,740_gen_0.sv,740_testbench.py,740_prompt.txt,pass,fail,verification_failed,0.07,16.27,2026-01-23T23:50:15.571077
1216,mbpp_train,741,741_gen_0.sv,741_testbench.py,741_prompt.txt,pass,pass,pass,0.05,15.67,2026-01-23T23:50:32.013067
1217,mbpp_train,742,742_gen_0.sv,742_testbench.py,742_prompt.txt,pass,pass,pass,0.06,15.81,2026-01-23T23:50:47.849279
1218,mbpp_train,743,743_gen_0.sv,743_testbench.py,743_prompt.txt,pass,pass,pass,0.05,15.69,2026-01-23T23:51:03.829037
1219,mbpp_train,744,744_gen_0.sv,744_testbench.py,744_prompt.txt,pass,pass,pass,0.05,15.97,2026-01-23T23:51:19.681898
1220,mbpp_train,745,745_gen_0.sv,745_testbench.py,745_prompt.txt,pass,fail,verification_failed,0.06,15.83,2026-01-23T23:51:35.815107
1221,mbpp_train,746,746_gen_0.sv,746_testbench.py,746_prompt.txt,pass,fail,verification_failed,0.05,15.92,2026-01-23T23:51:51.825606
1222,mbpp_train,747,747_gen_0.sv,747_testbench.py,747_prompt.txt,pass,timeout,verification_failed,0.07,304.99,2026-01-23T23:52:07.909110
1223,mbpp_train,748,748_gen_0.sv,748_testbench.py,748_prompt.txt,pass,fail,verification_failed,0.19,26.26,2026-01-23T23:57:13.120731
1224,mbpp_train,749,749_gen_0.sv,749_testbench.py,749_prompt.txt,pass,pass,pass,0.06,16.85,2026-01-23T23:57:39.680295
1225,mbpp_train,750,750_gen_0.sv,750_testbench.py,750_prompt.txt,pass,timeout,verification_failed,0.06,305.00,2026-01-23T23:57:56.719166
1226,mbpp_train,751,751_gen_0.sv,751_testbench.py,751_prompt.txt,pass,pass,pass,0.39,17.09,2026-01-24T00:03:01.920591
1227,mbpp_train,752,752_gen_0.sv,752_testbench.py,752_prompt.txt,pass,pass,pass,0.07,16.88,2026-01-24T00:03:20.079961
1228,mbpp_train,753,753_gen_0.sv,753_testbench.py,753_prompt.txt,pass,pass,pass,0.06,16.25,2026-01-24T00:03:37.144548
1229,mbpp_train,754,754_gen_0.sv,754_testbench.py,754_prompt.txt,pass,timeout,verification_failed,0.06,305.15,2026-01-24T00:03:53.573174
1230,mbpp_train,755,755_gen_0.sv,755_testbench.py,755_prompt.txt,pass,fail,verification_failed,0.07,16.03,2026-01-24T00:08:58.900499
1231,mbpp_train,756,756_gen_0.sv,756_testbench.py,756_prompt.txt,pass,fail,verification_failed,0.06,16.49,2026-01-24T00:09:15.108455
1232,mbpp_train,757,757_gen_0.sv,757_testbench.py,757_prompt.txt,pass,fail,verification_failed,0.05,15.73,2026-01-24T00:09:31.770051
1233,mbpp_train,758,758_gen_0.sv,758_testbench.py,758_prompt.txt,pass,fail,verification_failed,0.06,15.80,2026-01-24T00:09:47.667186
1234,mbpp_train,759,759_gen_0.sv,759_testbench.py,759_prompt.txt,pass,fail,verification_failed,0.05,15.81,2026-01-24T00:10:03.632948
1235,mbpp_train,760,760_gen_0.sv,760_testbench.py,760_prompt.txt,pass,pass,pass,0.05,16.23,2026-01-24T00:10:19.613159
1236,mbpp_train,762,762_gen_0.sv,762_testbench.py,762_prompt.txt,pass,pass,pass,0.06,15.73,2026-01-24T00:10:36.002154
1237,mbpp_train,763,763_gen_0.sv,763_testbench.py,763_prompt.txt,pass,pass,pass,0.06,16.25,2026-01-24T00:10:51.907537
1238,mbpp_train,764,764_gen_0.sv,764_testbench.py,764_prompt.txt,pass,pass,pass,0.06,15.99,2026-01-24T00:11:08.326527
1239,mbpp_train,765,765_gen_0.sv,765_testbench.py,765_prompt.txt,pass,pass,pass,0.05,16.40,2026-01-24T00:11:24.495005
1240,mbpp_train,766,766_gen_0.sv,766_testbench.py,766_prompt.txt,pass,fail,verification_failed,0.05,15.81,2026-01-24T00:11:41.058638
1241,mbpp_train,767,767_gen_0.sv,767_testbench.py,767_prompt.txt,pass,pass,pass,0.05,15.97,2026-01-24T00:11:57.049297
1242,mbpp_train,769,769_gen_0.sv,769_testbench.py,769_prompt.txt,pass,pass,pass,0.07,15.97,2026-01-24T00:12:13.190699
1243,mbpp_train,770,770_gen_0.sv,770_testbench.py,770_prompt.txt,pass,pass,pass,0.06,15.75,2026-01-24T00:12:29.346120
1244,mbpp_train,771,771_gen_0.sv,771_testbench.py,771_prompt.txt,pass,pass,pass,0.06,15.80,2026-01-24T00:12:45.263120
1245,mbpp_train,772,772_gen_0.sv,772_testbench.py,772_prompt.txt,pass,timeout,verification_failed,0.05,305.06,2026-01-24T00:13:01.240190
1246,mbpp_train,773,773_gen_0.sv,773_testbench.py,773_prompt.txt,pass,fail,verification_failed,0.10,16.68,2026-01-24T00:18:06.482859
1247,mbpp_train,775,775_gen_0.sv,775_testbench.py,775_prompt.txt,pass,pass,pass,0.07,16.41,2026-01-24T00:18:23.401108
1248,mbpp_train,776,776_gen_0.sv,776_testbench.py,776_prompt.txt,pass,fail,verification_failed,0.06,16.03,2026-01-24T00:18:39.999565
1249,mbpp_train,777,777_gen_0.sv,777_testbench.py,777_prompt.txt,pass,pass,pass,0.06,16.06,2026-01-24T00:18:56.216898
1250,mbpp_train,778,778_gen_0.sv,778_testbench.py,778_prompt.txt,pass,fail,verification_failed,0.07,15.90,2026-01-24T00:19:12.454464
1251,mbpp_train,779,779_gen_0.sv,779_testbench.py,779_prompt.txt,fail,N/A,compilation_failed,0.05,0.00,2026-01-24T00:19:28.536498
1252,mbpp_train,780,780_gen_0.sv,780_testbench.py,780_prompt.txt,pass,pass,pass,0.07,16.24,2026-01-24T00:19:28.725386
1253,mbpp_train,781,781_gen_0.sv,781_testbench.py,781_prompt.txt,pass,pass,pass,0.06,16.02,2026-01-24T00:19:45.156698
1254,mbpp_train,782,782_gen_0.sv,782_testbench.py,782_prompt.txt,fail,N/A,compilation_failed,0.06,0.00,2026-01-24T00:20:01.349097
1255,mbpp_train,783,783_gen_0.sv,783_testbench.py,783_prompt.txt,pass,fail,verification_failed,0.06,15.92,2026-01-24T00:20:01.537657
1256,mbpp_train,784,784_gen_0.sv,784_testbench.py,784_prompt.txt,pass,pass,pass,0.06,16.31,2026-01-24T00:20:17.633248
1257,mbpp_train,785,785_gen_0.sv,785_testbench.py,785_prompt.txt,fail,N/A,compilation_failed,0.08,0.00,2026-01-24T00:20:34.120051
1258,mbpp_train,786,786_gen_0.sv,786_testbench.py,786_prompt.txt,pass,pass,pass,0.06,15.77,2026-01-24T00:20:34.313946
1259,mbpp_train,787,787_gen_0.sv,787_testbench.py,787_prompt.txt,pass,fail,verification_failed,0.06,15.79,2026-01-24T00:20:50.265208
1260,mbpp_train,788,788_gen_0.sv,788_testbench.py,788_prompt.txt,pass,pass,pass,0.06,15.86,2026-01-24T00:21:06.238267
1261,mbpp_train,790,790_gen_0.sv,790_testbench.py,790_prompt.txt,pass,fail,verification_failed,0.07,16.06,2026-01-24T00:21:22.272052
1262,mbpp_train,791,791_gen_0.sv,791_testbench.py,791_prompt.txt,pass,pass,pass,0.06,15.84,2026-01-24T00:21:38.535275
1263,mbpp_train,792,792_gen_0.sv,792_testbench.py,792_prompt.txt,pass,pass,pass,0.07,15.76,2026-01-24T00:21:54.576533
1264,mbpp_train,793,793_gen_0.sv,793_testbench.py,793_prompt.txt,pass,pass,pass,0.07,15.62,2026-01-24T00:22:10.519333
1265,mbpp_train,794,794_gen_0.sv,794_testbench.py,794_prompt.txt,pass,fail,verification_failed,0.06,24.25,2026-01-24T00:22:26.366924
1266,mbpp_train,796,796_gen_0.sv,796_testbench.py,796_prompt.txt,pass,pass,pass,0.06,16.09,2026-01-24T00:22:50.811548
1267,mbpp_train,797,797_gen_0.sv,797_testbench.py,797_prompt.txt,pass,pass,pass,0.06,16.06,2026-01-24T00:23:07.090476
1268,mbpp_train,798,798_gen_0.sv,798_testbench.py,798_prompt.txt,pass,pass,pass,0.06,15.94,2026-01-24T00:23:23.331976
1269,mbpp_train,799,799_gen_0.sv,799_testbench.py,799_prompt.txt,pass,pass,pass,0.06,15.90,2026-01-24T00:23:39.457334
1270,mbpp_train,800,800_gen_0.sv,800_testbench.py,800_prompt.txt,pass,pass,pass,0.06,15.70,2026-01-24T00:23:55.528516
1271,mbpp_train,801,801_gen_0.sv,801_testbench.py,801_prompt.txt,pass,pass,pass,0.07,15.89,2026-01-24T00:24:11.413510
1272,mbpp_train,802,802_gen_0.sv,802_testbench.py,802_prompt.txt,pass,pass,pass,0.05,15.90,2026-01-24T00:24:27.481883
1273,mbpp_train,803,803_gen_0.sv,803_testbench.py,803_prompt.txt,pass,pass,pass,0.06,15.84,2026-01-24T00:24:43.558708
1274,mbpp_train,804,804_gen_0.sv,804_testbench.py,804_prompt.txt,pass,pass,pass,0.07,15.80,2026-01-24T00:24:59.572902
1275,mbpp_train,805,805_gen_0.sv,805_testbench.py,805_prompt.txt,pass,pass,pass,0.07,16.06,2026-01-24T00:25:15.580669
1276,mbpp_train,806,806_gen_0.sv,806_testbench.py,806_prompt.txt,pass,fail,verification_failed,0.06,15.78,2026-01-24T00:25:31.834310
1277,mbpp_train,807,807_gen_0.sv,807_testbench.py,807_prompt.txt,pass,pass,pass,0.07,15.78,2026-01-24T00:25:47.800824
1278,mbpp_train,808,808_gen_0.sv,808_testbench.py,808_prompt.txt,pass,pass,pass,0.07,15.70,2026-01-24T00:26:03.760579
1279,mbpp_train,809,809_gen_0.sv,809_testbench.py,809_prompt.txt,pass,pass,pass,0.07,16.15,2026-01-24T00:26:19.641876
1280,mbpp_validation,554,554_gen_0.sv,554_testbench.py,554_prompt.txt,pass,pass,pass,0.07,15.68,2026-01-24T00:26:35.973714
1281,mbpp_validation,555,555_gen_0.sv,555_testbench.py,555_prompt.txt,pass,fail,verification_failed,0.06,15.84,2026-01-24T00:26:51.848928
1282,mbpp_validation,556,556_gen_0.sv,556_testbench.py,556_prompt.txt,pass,fail,verification_failed,0.05,15.81,2026-01-24T00:27:07.862670
1283,mbpp_validation,558,558_gen_0.sv,558_testbench.py,558_prompt.txt,pass,fail,verification_failed,0.05,16.09,2026-01-24T00:27:23.847373
1284,mbpp_validation,560,560_gen_0.sv,560_testbench.py,560_prompt.txt,pass,pass,pass,0.06,15.75,2026-01-24T00:27:40.106206
1285,mbpp_validation,562,562_gen_0.sv,562_testbench.py,562_prompt.txt,pass,pass,pass,0.07,15.82,2026-01-24T00:27:56.033144
1286,mbpp_validation,563,563_gen_0.sv,563_testbench.py,563_prompt.txt,pass,pass,pass,0.06,16.00,2026-01-24T00:28:12.055136
1287,mbpp_validation,564,564_gen_0.sv,564_testbench.py,564_prompt.txt,pass,pass,pass,0.07,15.83,2026-01-24T00:28:28.237290
1288,mbpp_validation,565,565_gen_0.sv,565_testbench.py,565_prompt.txt,pass,fail,verification_failed,0.07,15.85,2026-01-24T00:28:44.256810
1289,mbpp_validation,566,566_gen_0.sv,566_testbench.py,566_prompt.txt,pass,pass,pass,0.07,15.73,2026-01-24T00:29:00.319378
1290,mbpp_validation,567,567_gen_0.sv,567_testbench.py,567_prompt.txt,pass,fail,verification_failed,0.06,16.18,2026-01-24T00:29:16.232205
1291,mbpp_validation,568,568_gen_0.sv,568_testbench.py,568_prompt.txt,pass,pass,pass,0.07,15.56,2026-01-24T00:29:32.595363
1292,mbpp_validation,569,569_gen_0.sv,569_testbench.py,569_prompt.txt,pass,fail,verification_failed,0.07,35.17,2026-01-24T00:29:48.337774
1293,mbpp_validation,573,573_gen_0.sv,573_testbench.py,573_prompt.txt,pass,pass,pass,0.11,17.03,2026-01-24T00:30:23.726835
1294,mbpp_validation,574,574_gen_0.sv,574_testbench.py,574_prompt.txt,pass,pass,pass,0.06,16.00,2026-01-24T00:30:41.008638
1295,mbpp_validation,576,576_gen_0.sv,576_testbench.py,576_prompt.txt,pass,pass,pass,0.06,15.91,2026-01-24T00:30:57.187293
1296,mbpp_validation,578,578_gen_0.sv,578_testbench.py,578_prompt.txt,pass,fail,verification_failed,0.07,16.04,2026-01-24T00:31:13.280151
1297,mbpp_validation,579,579_gen_0.sv,579_testbench.py,579_prompt.txt,pass,pass,pass,0.06,15.98,2026-01-24T00:31:29.510687
1298,mbpp_validation,580,580_gen_0.sv,580_testbench.py,580_prompt.txt,pass,pass,pass,0.07,15.97,2026-01-24T00:31:45.671606
1299,mbpp_validation,581,581_gen_0.sv,581_testbench.py,581_prompt.txt,pass,pass,pass,0.07,15.88,2026-01-24T00:32:01.835245
1300,mbpp_validation,582,582_gen_0.sv,582_testbench.py,582_prompt.txt,pass,pass,pass,0.07,15.96,2026-01-24T00:32:17.901847
1301,mbpp_validation,584,584_gen_0.sv,584_testbench.py,584_prompt.txt,pass,fail,verification_failed,0.06,15.81,2026-01-24T00:32:34.053140
1302,mbpp_validation,585,585_gen_0.sv,585_testbench.py,585_prompt.txt,fail,N/A,compilation_failed,0.06,0.00,2026-01-24T00:32:50.037855
1303,mbpp_validation,586,586_gen_0.sv,586_testbench.py,586_prompt.txt,pass,pass,pass,0.07,16.20,2026-01-24T00:32:50.221721
1304,mbpp_validation,588,588_gen_0.sv,588_testbench.py,588_prompt.txt,pass,pass,pass,0.07,15.92,2026-01-24T00:33:06.607840
1305,mbpp_validation,589,589_gen_0.sv,589_testbench.py,589_prompt.txt,fail,N/A,compilation_failed,0.07,0.00,2026-01-24T00:33:22.712981
1306,mbpp_validation,590,590_gen_0.sv,590_testbench.py,590_prompt.txt,pass,fail,verification_failed,0.06,16.06,2026-01-24T00:33:22.896917
1307,mbpp_validation,591,591_gen_0.sv,591_testbench.py,591_prompt.txt,pass,fail,verification_failed,0.05,15.90,2026-01-24T00:33:39.140385
1308,mbpp_validation,592,592_gen_0.sv,592_testbench.py,592_prompt.txt,fail,N/A,compilation_failed,0.07,0.00,2026-01-24T00:33:55.222675
1309,mbpp_validation,593,593_gen_0.sv,593_testbench.py,593_prompt.txt,pass,fail,verification_failed,0.06,16.03,2026-01-24T00:33:55.415030
1310,mbpp_validation,594,594_gen_0.sv,594_testbench.py,594_prompt.txt,pass,pass,pass,0.05,15.86,2026-01-24T00:34:11.631557
1311,mbpp_validation,595,595_gen_0.sv,595_testbench.py,595_prompt.txt,pass,pass,pass,0.06,15.80,2026-01-24T00:34:27.676773
1312,mbpp_validation,597,597_gen_0.sv,597_testbench.py,597_prompt.txt,pass,pass,pass,0.07,15.90,2026-01-24T00:34:43.665711
1313,mbpp_validation,598,598_gen_0.sv,598_testbench.py,598_prompt.txt,pass,pass,pass,0.06,15.91,2026-01-24T00:34:59.758261
