task_id,source,iteration,input_tokens,output_tokens,reasoning_tokens,verilog_file,model_name,finish_reason,system_fingerprint,run_id
3039,aapp_competition_test,0,430,3140,0,D:\PythonProjects\llm_eval\test\aapp_competition_test\3039\3039_gen_0.sv,tngtech/deepseek-r1t2-chimera:free,stop,,gen-1762577410-VwJdQl4epDJG7pKYcIP7
3042,aapp_competition_test,0,626,4666,0,D:\PythonProjects\llm_eval\test\aapp_competition_test\3042\3042_gen_0.sv,tngtech/deepseek-r1t2-chimera:free,stop,,gen-1762577410-a6NrW5JuQlLc2SAI1MrQ
3053,aapp_competition_test,0,601,6895,0,D:\PythonProjects\llm_eval\test\aapp_competition_test\3053\3053_gen_0.sv,tngtech/deepseek-r1t2-chimera:free,stop,,gen-1762577410-YA5vkt8wVUTNaca4BJ2f
3035,aapp_competition_test,0,715,8467,0,D:\PythonProjects\llm_eval\test\aapp_competition_test\3035\3035_gen_0.sv,tngtech/deepseek-r1t2-chimera:free,stop,,gen-1762577410-AvKtFttSA9MBOp9aMRKH
3050,aapp_competition_test,0,788,9966,0,D:\PythonProjects\llm_eval\test\aapp_competition_test\3050\3050_gen_0.sv,tngtech/deepseek-r1t2-chimera:free,stop,,gen-1762577410-IsSWS7m5eUosMDliPH60
3037,aapp_competition_test,0,764,10434,0,D:\PythonProjects\llm_eval\test\aapp_competition_test\3037\3037_gen_0.sv,tngtech/deepseek-r1t2-chimera:free,stop,,gen-1762577410-4WjBAbdvd3o8ycI5Xvbp
3049,aapp_competition_test,0,703,10682,0,D:\PythonProjects\llm_eval\test\aapp_competition_test\3049\3049_gen_0.sv,tngtech/deepseek-r1t2-chimera:free,stop,,gen-1762577410-3yAvlEWMU0MgmRegyTHE
3045,aapp_competition_test,0,685,10975,0,D:\PythonProjects\llm_eval\test\aapp_competition_test\3045\3045_gen_0.sv,tngtech/deepseek-r1t2-chimera:free,stop,,gen-1762577410-sOVczwfXmhgv3ErtCHkN
3029,aapp_competition_test,0,674,12121,0,D:\PythonProjects\llm_eval\test\aapp_competition_test\3029\3029_gen_0.sv,tngtech/deepseek-r1t2-chimera:free,stop,,gen-1762577410-Rd68rqkZOsljHtoOzpWC
3047,aapp_competition_test,0,646,12046,0,D:\PythonProjects\llm_eval\test\aapp_competition_test\3047\3047_gen_0.sv,tngtech/deepseek-r1t2-chimera:free,stop,,gen-1762577410-WAXR21mqiTS95NDS9re0
3572,aapp_competition_test,0,626,4979,0,D:\PythonProjects\llm_eval\test\aapp_competition_test\3572\3572_gen_0.sv,tngtech/deepseek-r1t2-chimera:free,stop,,gen-1762577999-z0V667HyWq3A9x1bShqw
3242,aapp_competition_test,0,527,5703,0,D:\PythonProjects\llm_eval\test\aapp_competition_test\3242\3242_gen_0.sv,tngtech/deepseek-r1t2-chimera:free,stop,,gen-1762577999-5MjWJVgZjGpNAumgQIgh
3996,aapp_competition_test,0,688,6210,0,D:\PythonProjects\llm_eval\test\aapp_competition_test\3996\3996_gen_0.sv,tngtech/deepseek-r1t2-chimera:free,stop,,gen-1762577999-hCU42bWh1jOrCfSdoRHf
3153,aapp_competition_test,0,624,9215,0,D:\PythonProjects\llm_eval\test\aapp_competition_test\3153\3153_gen_0.sv,tngtech/deepseek-r1t2-chimera:free,stop,,gen-1762577999-Qti1TbXN8vdrJsvvofcQ
3994,aapp_competition_test,0,639,9593,0,D:\PythonProjects\llm_eval\test\aapp_competition_test\3994\3994_gen_0.sv,tngtech/deepseek-r1t2-chimera:free,stop,,gen-1762577999-4rIKPjdN4tdDsnnWy99o
3570,aapp_competition_test,0,712,10094,0,D:\PythonProjects\llm_eval\test\aapp_competition_test\3570\3570_gen_0.sv,tngtech/deepseek-r1t2-chimera:free,stop,,gen-1762577999-a9a0qAwmoQFxmA17e3VI
3163,aapp_competition_test,0,565,6350,0,D:\PythonProjects\llm_eval\test\aapp_competition_test\3163\3163_gen_0.sv,tngtech/deepseek-r1t2-chimera:free,stop,,gen-1762578182-20b7JaV3Q7ooMW0rDDq0
3246,aapp_competition_test,0,753,11283,0,D:\PythonProjects\llm_eval\test\aapp_competition_test\3246\3246_gen_0.sv,tngtech/deepseek-r1t2-chimera:free,stop,,gen-1762577999-yb317iWHjONOoaCojRzZ
3568,aapp_competition_test,0,769,10789,0,D:\PythonProjects\llm_eval\test\aapp_competition_test\3568\3568_gen_0.sv,tngtech/deepseek-r1t2-chimera:free,stop,,gen-1762577999-97Ayqwq9st1oQT6N9Jcp
3170,aapp_competition_test,0,619,11207,0,D:\PythonProjects\llm_eval\test\aapp_competition_test\3170\3170_gen_0.sv,tngtech/deepseek-r1t2-chimera:free,stop,,gen-1762577999-qsGIvkTwznWVSQIzMIOz
3248,aapp_competition_test,0,617,6576,0,D:\PythonProjects\llm_eval\test\aapp_competition_test\3248\3248_gen_0.sv,tngtech/deepseek-r1t2-chimera:free,stop,,gen-1762578217-At5BVYNtI9NFFS804JXp
3575,aapp_competition_test,0,549,10650,0,D:\PythonProjects\llm_eval\test\aapp_competition_test\3575\3575_gen_0.sv,tngtech/deepseek-r1t2-chimera:free,stop,,gen-1762578225-VrdFauJcWThL8cnW1H5C
3166,aapp_competition_test,0,621,7798,0,D:\PythonProjects\llm_eval\test\aapp_competition_test\3166\3166_gen_0.sv,tngtech/deepseek-r1t2-chimera:free,stop,,gen-1762578358-HGsNz3ovWfYL53LpvqXt
3998,aapp_competition_test,0,742,9147,0,D:\PythonProjects\llm_eval\test\aapp_competition_test\3998\3998_gen_0.sv,tngtech/deepseek-r1t2-chimera:free,stop,,gen-1762578330-kqOLYpR16bWBo8YK5Ftv
3254,aapp_competition_test,0,535,10198,0,D:\PythonProjects\llm_eval\test\aapp_competition_test\3254\3254_gen_0.sv,tngtech/deepseek-r1t2-chimera:free,stop,,gen-1762578380-c4S0XkVXIwHDQ43DW4OQ
3255,aapp_competition_test,0,662,9777,0,D:\PythonProjects\llm_eval\test\aapp_competition_test\3255\3255_gen_0.sv,tngtech/deepseek-r1t2-chimera:free,stop,,gen-1762578424-ONPcR3Awi4hjm2kvYjDR
3582,aapp_competition_test,0,549,11123,0,D:\PythonProjects\llm_eval\test\aapp_competition_test\3582\3582_gen_0.sv,tngtech/deepseek-r1t2-chimera:free,stop,,gen-1762578383-o9pnMWI3cvW4k5e7ldRH
3107,aapp_competition_test,0,717,11198,0,D:\PythonProjects\llm_eval\test\aapp_competition_test\3107\3107_gen_0.sv,tngtech/deepseek-r1t2-chimera:free,stop,,gen-1762578384-6G95vpFhtwZ1QDckcCnu
3264,aapp_competition_test,0,439,3555,0,D:\PythonProjects\llm_eval\test\aapp_competition_test\3264\3264_gen_0.sv,tngtech/deepseek-r1t2-chimera:free,stop,,gen-1762578665-KlpHu5K1NJaYbvNK6kJa
3244,aapp_competition_test,0,508,1051,0,D:\PythonProjects\llm_eval\test\aapp_competition_test\3244\3244_gen_0.sv,tngtech/deepseek-r1t2-chimera:free,stop,,gen-1762578778-QRh8mWbfbWnNVzwcTGGM
3997,aapp_competition_test,0,620,9710,0,D:\PythonProjects\llm_eval\test\aapp_competition_test\3997\3997_gen_0.sv,tngtech/deepseek-r1t2-chimera:free,stop,,gen-1762578442-8fcOoIWGA81LBjk1HGWr
3581,aapp_competition_test,0,613,13074,0,D:\PythonProjects\llm_eval\test\aapp_competition_test\3581\3581_gen_0.sv,tngtech/deepseek-r1t2-chimera:free,stop,,gen-1762578449-nf8gJaT0YKcmoeBDJSbt
3172,aapp_competition_test,0,613,13312,0,D:\PythonProjects\llm_eval\test\aapp_competition_test\3172\3172_gen_0.sv,tngtech/deepseek-r1t2-chimera:free,,,gen-1762578413-dRBanFcZCudX43QZgfUt
3578,aapp_competition_test,0,680,9795,0,D:\PythonProjects\llm_eval\test\aapp_competition_test\3578\3578_gen_0.sv,tngtech/deepseek-r1t2-chimera:free,stop,,gen-1762578749-cJw5F8u1iUry9vNY2RVQ
3590,aapp_competition_test,0,716,6881,0,D:\PythonProjects\llm_eval\test\aapp_competition_test\3590\3590_gen_0.sv,tngtech/deepseek-r1t2-chimera:free,stop,,gen-1762578815-kc9Uj6D1m0lrD1Vj06jq
3178,aapp_competition_test,0,549,12514,0,D:\PythonProjects\llm_eval\test\aapp_competition_test\3178\3178_gen_0.sv,tngtech/deepseek-r1t2-chimera:free,stop,,gen-1762578655-vjUTL3w1HAaCw6uD5aID
3112,aapp_competition_test,0,615,15188,0,D:\PythonProjects\llm_eval\test\aapp_competition_test\3112\3112_gen_0.sv,tngtech/deepseek-r1t2-chimera:free,stop,,gen-1762578585-EzuQPMjTGNQy9v2eXUYq
3179,aapp_competition_test,0,527,8927,0,D:\PythonProjects\llm_eval\test\aapp_competition_test\3179\3179_gen_0.sv,tngtech/deepseek-r1t2-chimera:free,stop,,gen-1762578836-YOe0pfDaVmXLajLAAKnO
3102,aapp_competition_test,0,579,11668,0,D:\PythonProjects\llm_eval\test\aapp_competition_test\3102\3102_gen_0.sv,tngtech/deepseek-r1t2-chimera:free,stop,,gen-1762578770-dIukMHH23O09KlCGGB9i
3114,aapp_competition_test,0,531,12594,0,D:\PythonProjects\llm_eval\test\aapp_competition_test\3114\3114_gen_0.sv,tngtech/deepseek-r1t2-chimera:free,stop,,gen-1762578816-dP5cz3ibYLk2QqFjU8J9
3591,aapp_competition_test,0,720,8892,0,D:\PythonProjects\llm_eval\test\aapp_competition_test\3591\3591_gen_0.sv,tngtech/deepseek-r1t2-chimera:free,stop,,gen-1762579018-OYdWsORmdKvus9BYKXa4
3261,aapp_competition_test,0,654,3652,0,D:\PythonProjects\llm_eval\test\aapp_competition_test\3261\3261_gen_0.sv,tngtech/deepseek-r1t2-chimera:free,stop,,gen-1762579247-q9Q4xmtCsJcHZ1smhA5S
3183,aapp_competition_test,0,685,7772,0,D:\PythonProjects\llm_eval\test\aapp_competition_test\3183\3183_gen_0.sv,tngtech/deepseek-r1t2-chimera:free,stop,,gen-1762579107-9hkwOFiFQetE9UcplyCb
3113,aapp_competition_test,0,695,9124,0,D:\PythonProjects\llm_eval\test\aapp_competition_test\3113\3113_gen_0.sv,tngtech/deepseek-r1t2-chimera:free,stop,,gen-1762579156-a0lBFWmVmwvZW0HxnC0M
3188,aapp_competition_test,0,573,9001,0,D:\PythonProjects\llm_eval\test\aapp_competition_test\3188\3188_gen_0.sv,tngtech/deepseek-r1t2-chimera:free,stop,,gen-1762579162-gFy93zj6PrPKp84dq20w
3259,aapp_competition_test,0,704,9781,0,D:\PythonProjects\llm_eval\test\aapp_competition_test\3259\3259_gen_0.sv,tngtech/deepseek-r1t2-chimera:free,stop,,gen-1762579131-Cx0lj8FfBpEAE1dHC82v
3181,aapp_competition_test,0,492,2638,0,D:\PythonProjects\llm_eval\test\aapp_competition_test\3181\3181_gen_0.sv,tngtech/deepseek-r1t2-chimera:free,stop,,gen-1762579343-u2A7Jghvom6wJx7JaX4I
3119,aapp_competition_test,0,715,5897,0,D:\PythonProjects\llm_eval\test\aapp_competition_test\3119\3119_gen_0.sv,tngtech/deepseek-r1t2-chimera:free,stop,,gen-1762579329-6V24cbz2wBjsTwKxT5PG
3266,aapp_competition_test,0,544,5349,0,D:\PythonProjects\llm_eval\test\aapp_competition_test\3266\3266_gen_0.sv,tngtech/deepseek-r1t2-chimera:free,stop,,gen-1762579364-EVpCDDbS9oy1wwCjBG81
3117,aapp_competition_test,0,533,13779,0,D:\PythonProjects\llm_eval\test\aapp_competition_test\3117\3117_gen_0.sv,tngtech/deepseek-r1t2-chimera:free,stop,,gen-1762579105-wPUzwaCGAZLuZT0kFHB6
3592,aapp_competition_test,0,696,6062,0,D:\PythonProjects\llm_eval\test\aapp_competition_test\3592\3592_gen_0.sv,tngtech/deepseek-r1t2-chimera:free,stop,,gen-1762579367-Aq5fkMe3afXSZOJNzBL4
3263,aapp_competition_test,0,659,13143,0,D:\PythonProjects\llm_eval\test\aapp_competition_test\3263\3263_gen_0.sv,tngtech/deepseek-r1t2-chimera:free,stop,,gen-1762579151-OyPlYjOJU3tkndwJqCcN
3593,aapp_competition_test,0,721,13874,0,D:\PythonProjects\llm_eval\test\aapp_competition_test\3593\3593_gen_0.sv,tngtech/deepseek-r1t2-chimera:free,stop,,gen-1762579140-e8vVNy1IyUBSFcUfWywI
3190,aapp_competition_test,0,461,2018,0,D:\PythonProjects\llm_eval\test\aapp_competition_test\3190\3190_gen_0.sv,tngtech/deepseek-r1t2-chimera:free,stop,,gen-1762579546-nPD4FuQLwbiGsJwKhmJh
3124,aapp_competition_test,0,488,8790,0,D:\PythonProjects\llm_eval\test\aapp_competition_test\3124\3124_gen_0.sv,tngtech/deepseek-r1t2-chimera:free,stop,,gen-1762579369-6papy8xcfGJiJfBohnJw
3595,aapp_competition_test,0,537,13364,0,D:\PythonProjects\llm_eval\test\aapp_competition_test\3595\3595_gen_0.sv,tngtech/deepseek-r1t2-chimera:free,stop,,gen-1762579305-fyApnOJEJCHMR1Ft03nQ
3584,aapp_competition_test,0,649,6043,0,D:\PythonProjects\llm_eval\test\aapp_competition_test\3584\3584_gen_0.sv,tngtech/deepseek-r1t2-chimera:free,stop,,gen-1762579562-4wBntITfxAmYkPR4ClLD
3121,aapp_competition_test,0,815,7563,0,D:\PythonProjects\llm_eval\test\aapp_competition_test\3121\3121_gen_0.sv,tngtech/deepseek-r1t2-chimera:free,stop,,gen-1762579528-VDreAf3ajnvQFc0sfbvc
3187,aapp_competition_test,0,666,12614,0,D:\PythonProjects\llm_eval\test\aapp_competition_test\3187\3187_gen_0.sv,tngtech/deepseek-r1t2-chimera:free,stop,,gen-1762579419-NTMcjB94eg5PHQDWHYIY
3126,aapp_competition_test,0,644,6244,0,D:\PythonProjects\llm_eval\test\aapp_competition_test\3126\3126_gen_0.sv,tngtech/deepseek-r1t2-chimera:free,stop,,gen-1762579600-cCCSvf2t7lJAVcsoodBg
3269,aapp_competition_test,0,606,8128,0,D:\PythonProjects\llm_eval\test\aapp_competition_test\3269\3269_gen_0.sv,tngtech/deepseek-r1t2-chimera:free,stop,,gen-1762579550-ZE62PFQVi3js88q9klQH
3265,aapp_competition_test,0,695,11449,0,D:\PythonProjects\llm_eval\test\aapp_competition_test\3265\3265_gen_0.sv,tngtech/deepseek-r1t2-chimera:free,stop,,gen-1762579505-0pbyOBbOsiKMq28EujYG
3599,aapp_competition_test,0,561,9925,0,D:\PythonProjects\llm_eval\test\aapp_competition_test\3599\3599_gen_0.sv,tngtech/deepseek-r1t2-chimera:free,stop,,gen-1762579521-txwdgNeQc9kcwVp91iDy
3191,aapp_competition_test,0,493,3522,0,D:\PythonProjects\llm_eval\test\aapp_competition_test\3191\3191_gen_0.sv,tngtech/deepseek-r1t2-chimera:free,stop,,gen-1762579760-Ejx7p9HY359Ygih8sxr2
3275,aapp_competition_test,0,636,8385,0,D:\PythonProjects\llm_eval\test\aapp_competition_test\3275\3275_gen_0.sv,tngtech/deepseek-r1t2-chimera:free,stop,,gen-1762579697-qxaPngjNSQauNoYT7BJG
3193,aapp_competition_test,0,544,10710,0,D:\PythonProjects\llm_eval\test\aapp_competition_test\3193\3193_gen_0.sv,tngtech/deepseek-r1t2-chimera:free,stop,,gen-1762579613-KcY7NfCOqby3K4GZt8AA
3127,aapp_competition_test,0,616,11348,0,D:\PythonProjects\llm_eval\test\aapp_competition_test\3127\3127_gen_0.sv,tngtech/deepseek-r1t2-chimera:free,stop,,gen-1762579724-i0Tz7wYc4TBnrDdlth6w
3602,aapp_competition_test,0,640,2621,0,D:\PythonProjects\llm_eval\test\aapp_competition_test\3602\3602_gen_0.sv,tngtech/deepseek-r1t2-chimera:free,stop,,gen-1762579960-khxzR7hoyM2pWSqPZney
3197,aapp_competition_test,0,526,8962,0,D:\PythonProjects\llm_eval\test\aapp_competition_test\3197\3197_gen_0.sv,tngtech/deepseek-r1t2-chimera:free,stop,,gen-1762579811-IXhpl2qq5dGMCBpK8yD2
3274,aapp_competition_test,0,588,11476,0,D:\PythonProjects\llm_eval\test\aapp_competition_test\3274\3274_gen_0.sv,tngtech/deepseek-r1t2-chimera:free,stop,,gen-1762579766-fMivtp97vGtYowj4vAn3
3577,aapp_competition_test,0,562,11640,0,D:\PythonProjects\llm_eval\test\aapp_competition_test\3577\3577_gen_0.sv,tngtech/deepseek-r1t2-chimera:free,stop,,gen-1762579774-qAdVq9A97ioVqK4T0jGk
3587,aapp_competition_test,0,613,14858,0,D:\PythonProjects\llm_eval\test\aapp_competition_test\3587\3587_gen_0.sv,tngtech/deepseek-r1t2-chimera:free,stop,,gen-1762579719-2Za2KvYrTt6zyyBiS329
3104,aapp_competition_test,0,507,12898,0,D:\PythonProjects\llm_eval\test\aapp_competition_test\3104\3104_gen_0.sv,tngtech/deepseek-r1t2-chimera:free,stop,,gen-1762579808-6lmNABH9P4Wuu2E4Q0Oz
3177,aapp_competition_test,0,518,8180,0,D:\PythonProjects\llm_eval\test\aapp_competition_test\3177\3177_gen_0.sv,tngtech/deepseek-r1t2-chimera:free,stop,,gen-1762579920-2LowHhYsDnnsIBj2Oo62
3280,aapp_competition_test,0,574,7140,0,D:\PythonProjects\llm_eval\test\aapp_competition_test\3280\3280_gen_0.sv,tngtech/deepseek-r1t2-chimera:free,stop,,gen-1762580056-fP0kxyWnR3uYmZenMY2C
3136,aapp_competition_test,0,746,2330,0,D:\PythonProjects\llm_eval\test\aapp_competition_test\3136\3136_gen_0.sv,tngtech/deepseek-r1t2-chimera:free,stop,,gen-1762580200-ESQBegHm3FbdLHj9K33c
3135,aapp_competition_test,0,581,9059,0,D:\PythonProjects\llm_eval\test\aapp_competition_test\3135\3135_gen_0.sv,tngtech/deepseek-r1t2-chimera:free,stop,,gen-1762579980-Z10ZRBPS4pGP769uKH9J
3189,aapp_competition_test,0,605,8259,0,D:\PythonProjects\llm_eval\test\aapp_competition_test\3189\3189_gen_0.sv,tngtech/deepseek-r1t2-chimera:free,stop,,gen-1762580028-ixyveyoysWV0RoJg2NMz
3604,aapp_competition_test,0,584,7767,0,D:\PythonProjects\llm_eval\test\aapp_competition_test\3604\3604_gen_0.sv,tngtech/deepseek-r1t2-chimera:free,stop,,gen-1762580050-5C5iJyOHJUvBYtVytBhh
3285,aapp_competition_test,0,672,7475,0,D:\PythonProjects\llm_eval\test\aapp_competition_test\3285\3285_gen_0.sv,tngtech/deepseek-r1t2-chimera:free,stop,,gen-1762580128-3ECEZwdKzkqg3F0K2t5F
3603,aapp_competition_test,0,726,7128,0,D:\PythonProjects\llm_eval\test\aapp_competition_test\3603\3603_gen_0.sv,tngtech/deepseek-r1t2-chimera:free,stop,,gen-1762580167-J6AM9adUtnIMAG2lM4u3
3281,aapp_competition_test,0,1664,12399,0,D:\PythonProjects\llm_eval\test\aapp_competition_test\3281\3281_gen_0.sv,tngtech/deepseek-r1t2-chimera:free,stop,,gen-1762580031-Tx6ss9DkeKWZMcEqVVPU
3134,aapp_competition_test,0,640,11599,0,D:\PythonProjects\llm_eval\test\aapp_competition_test\3134\3134_gen_0.sv,tngtech/deepseek-r1t2-chimera:free,stop,,gen-1762580076-d0LxBpOtGo5F4dmPaOuo
3284,aapp_competition_test,0,629,6394,0,D:\PythonProjects\llm_eval\test\aapp_competition_test\3284\3284_gen_0.sv,tngtech/deepseek-r1t2-chimera:free,stop,,gen-1762580277-AIorbspnUn4Or16yHAIg
3196,aapp_competition_test,0,589,9530,0,D:\PythonProjects\llm_eval\test\aapp_competition_test\3196\3196_gen_0.sv,tngtech/deepseek-r1t2-chimera:free,stop,,gen-1762580274-couMhdDn5Laqk8WANPS8
3610,aapp_competition_test,0,613,9495,0,D:\PythonProjects\llm_eval\test\aapp_competition_test\3610\3610_gen_0.sv,tngtech/deepseek-r1t2-chimera:free,stop,,gen-1762580282-RB0vENs3vRXnGVPHK4JX
3200,aapp_competition_test,0,592,16681,0,D:\PythonProjects\llm_eval\test\aapp_competition_test\3200\3200_gen_0.sv,tngtech/deepseek-r1t2-chimera:free,stop,,gen-1762580088-z7d90Zb5XrS0yAQ4PXop
3144,aapp_competition_test,0,548,1684,0,D:\PythonProjects\llm_eval\test\aapp_competition_test\3144\3144_gen_0.sv,tngtech/deepseek-r1t2-chimera:free,stop,,gen-1762580609-8VRVPHiU6ZwZv7xoEGtW
3205,aapp_competition_test,0,727,10452,0,D:\PythonProjects\llm_eval\test\aapp_competition_test\3205\3205_gen_0.sv,tngtech/deepseek-r1t2-chimera:free,stop,,gen-1762580314-dtjq3aSpXwyPhr7pfAQJ
3287,aapp_competition_test,0,634,9446,0,D:\PythonProjects\llm_eval\test\aapp_competition_test\3287\3287_gen_0.sv,tngtech/deepseek-r1t2-chimera:free,stop,,gen-1762580382-QbG1dZuMz1Tml3YE8h7h
3608,aapp_competition_test,0,609,11110,0,D:\PythonProjects\llm_eval\test\aapp_competition_test\3608\3608_gen_0.sv,tngtech/deepseek-r1t2-chimera:free,stop,,gen-1762580393-thxVlf00bmYJaE4Ofkkk
3130,aapp_competition_test,0,704,12968,0,D:\PythonProjects\llm_eval\test\aapp_competition_test\3130\3130_gen_0.sv,tngtech/deepseek-r1t2-chimera:free,stop,,gen-1762580306-M9CC6QzBRpXknpjHCBVm
3282,aapp_competition_test,0,684,9589,0,D:\PythonProjects\llm_eval\test\aapp_competition_test\3282\3282_gen_0.sv,tngtech/deepseek-r1t2-chimera:free,stop,,gen-1762580497-O72UqR8wAx1B6hlbUJtN
3614,aapp_competition_test,0,665,8667,0,D:\PythonProjects\llm_eval\test\aapp_competition_test\3614\3614_gen_0.sv,tngtech/deepseek-r1t2-chimera:free,stop,,gen-1762580570-WohCaswj4cciEdxk71eS
3288,aapp_competition_test,0,732,6303,0,D:\PythonProjects\llm_eval\test\aapp_competition_test\3288\3288_gen_0.sv,tngtech/deepseek-r1t2-chimera:free,stop,,gen-1762580672-INYM5kDEkIEWP2LXO1kY
3209,aapp_competition_test,0,686,11133,0,D:\PythonProjects\llm_eval\test\aapp_competition_test\3209\3209_gen_0.sv,tngtech/deepseek-r1t2-chimera:free,stop,,gen-1762580482-MkEh2XwUk8yLpYcB4R6L
3140,aapp_competition_test,0,701,13603,0,D:\PythonProjects\llm_eval\test\aapp_competition_test\3140\3140_gen_0.sv,tngtech/deepseek-r1t2-chimera:free,stop,,gen-1762580433-IclLOcd3Y07IqInLiULA
3279,aapp_competition_test,0,599,5203,0,D:\PythonProjects\llm_eval\test\aapp_competition_test\3279\3279_gen_0.sv,tngtech/deepseek-r1t2-chimera:free,stop,,gen-1762580772-zkFNndDKSuuXzFEM5Cer
3211,aapp_competition_test,0,551,8897,0,D:\PythonProjects\llm_eval\test\aapp_competition_test\3211\3211_gen_0.sv,tngtech/deepseek-r1t2-chimera:free,stop,,gen-1762580642-fgKnFa6FpITstGBLMVtr
3131,aapp_competition_test,0,628,5376,0,D:\PythonProjects\llm_eval\test\aapp_competition_test\3131\3131_gen_0.sv,tngtech/deepseek-r1t2-chimera:free,stop,,gen-1762580858-Ca6zISWekoZ1NnmX7LKu
3123,aapp_competition_test,0,684,10705,0,D:\PythonProjects\llm_eval\test\aapp_competition_test\3123\3123_gen_0.sv,tngtech/deepseek-r1t2-chimera:free,stop,,gen-1762580710-NVskME4gQGzc2aIOR9My
3616,aapp_competition_test,0,575,10822,0,D:\PythonProjects\llm_eval\test\aapp_competition_test\3616\3616_gen_0.sv,tngtech/deepseek-r1t2-chimera:free,stop,,gen-1762580677-reKFg2LPtI999wKhOGPB
3142,aapp_competition_test,0,667,3745,0,D:\PythonProjects\llm_eval\test\aapp_competition_test\3142\3142_gen_0.sv,tngtech/deepseek-r1t2-chimera:free,stop,,gen-1762580944-KxjUHkK2AaAe8fcSnSis
3617,aapp_competition_test,0,645,7892,0,D:\PythonProjects\llm_eval\test\aapp_competition_test\3617\3617_gen_0.sv,tngtech/deepseek-r1t2-chimera:free,stop,,gen-1762580847-d7zA6KiQXScNuLRXfxWw
3213,aapp_competition_test,0,703,12528,0,D:\PythonProjects\llm_eval\test\aapp_competition_test\3213\3213_gen_0.sv,tngtech/deepseek-r1t2-chimera:free,stop,,gen-1762580750-qmr6NzA91boXwqz3Ug1l
3298,aapp_competition_test,0,439,2782,0,D:\PythonProjects\llm_eval\test\aapp_competition_test\3298\3298_gen_0.sv,tngtech/deepseek-r1t2-chimera:free,stop,,gen-1762581114-R4tNgGRbmd88HeVvqGI9
3143,aapp_competition_test,0,598,4744,0,D:\PythonProjects\llm_eval\test\aapp_competition_test\3143\3143_gen_0.sv,tngtech/deepseek-r1t2-chimera:free,stop,,gen-1762581094-4WjGhxuev5incBXwW6VE
3214,aapp_competition_test,0,570,10559,0,D:\PythonProjects\llm_eval\test\aapp_competition_test\3214\3214_gen_0.sv,tngtech/deepseek-r1t2-chimera:free,stop,,gen-1762580875-O18X7tfiIhdoK6GgMipJ
3292,aapp_competition_test,0,550,12036,0,D:\PythonProjects\llm_eval\test\aapp_competition_test\3292\3292_gen_0.sv,tngtech/deepseek-r1t2-chimera:free,stop,,gen-1762580876-STn6R0umUrCFbDeqqkZE
3295,aapp_competition_test,0,603,7604,0,D:\PythonProjects\llm_eval\test\aapp_competition_test\3295\3295_gen_0.sv,tngtech/deepseek-r1t2-chimera:free,stop,,gen-1762581050-No25uCuQ7rgx97hAYTdp
3606,aapp_competition_test,0,692,13160,0,D:\PythonProjects\llm_eval\test\aapp_competition_test\3606\3606_gen_0.sv,tngtech/deepseek-r1t2-chimera:free,stop,,gen-1762580877-w5BGeQvlfxcV6FsCOe2b
3626,aapp_competition_test,0,715,6711,0,D:\PythonProjects\llm_eval\test\aapp_competition_test\3626\3626_gen_0.sv,tngtech/deepseek-r1t2-chimera:free,stop,,gen-1762581092-uIieVN2y9nrR4s3uBfWz
3299,aapp_competition_test,0,435,3942,0,D:\PythonProjects\llm_eval\test\aapp_competition_test\3299\3299_gen_0.sv,tngtech/deepseek-r1t2-chimera:free,stop,,gen-1762581269-00mbm8UAzwShfCFlzSRN
3212,aapp_competition_test,0,667,13088,0,D:\PythonProjects\llm_eval\test\aapp_competition_test\3212\3212_gen_0.sv,tngtech/deepseek-r1t2-chimera:free,stop,,gen-1762580945-YHIOrDuHw8dRKWGA6TM2
3146,aapp_competition_test,0,752,3056,0,D:\PythonProjects\llm_eval\test\aapp_competition_test\3146\3146_gen_0.sv,tngtech/deepseek-r1t2-chimera:free,stop,,gen-1762581307-iwE4535ym0JqfCGmnrAY
3222,aapp_competition_test,0,580,9287,0,D:\PythonProjects\llm_eval\test\aapp_competition_test\3222\3222_gen_0.sv,tngtech/deepseek-r1t2-chimera:free,stop,,gen-1762581101-ghb4Yky6faYWfyVH0fa0
3615,aapp_competition_test,0,645,2686,0,D:\PythonProjects\llm_eval\test\aapp_competition_test\3615\3615_gen_0.sv,tngtech/deepseek-r1t2-chimera:free,stop,,gen-1762581393-UD7LwPEle7Re8oXUJW5n
3628,aapp_competition_test,0,627,9698,0,D:\PythonProjects\llm_eval\test\aapp_competition_test\3628\3628_gen_0.sv,tngtech/deepseek-r1t2-chimera:free,stop,,gen-1762581156-8mYX0pD5LtO4Xz2BvZWu
3150,aapp_competition_test,0,636,10040,0,D:\PythonProjects\llm_eval\test\aapp_competition_test\3150\3150_gen_0.sv,tngtech/deepseek-r1t2-chimera:free,stop,,gen-1762581219-Fgr4mE1I4XzoVPxBz5hz
3221,aapp_competition_test,0,728,9686,0,D:\PythonProjects\llm_eval\test\aapp_competition_test\3221\3221_gen_0.sv,tngtech/deepseek-r1t2-chimera:free,stop,,gen-1762581233-9hj7LbejUnNEvgtGgpfq
3629,aapp_competition_test,0,683,2598,0,D:\PythonProjects\llm_eval\test\aapp_competition_test\3629\3629_gen_0.sv,tngtech/deepseek-r1t2-chimera:free,stop,,gen-1762581477-QYtLR20nYmGA4Dsu90JM
3302,aapp_competition_test,0,580,8241,0,D:\PythonProjects\llm_eval\test\aapp_competition_test\3302\3302_gen_0.sv,tngtech/deepseek-r1t2-chimera:free,stop,,gen-1762581323-ZAb21mU4cnCHi2iPMyIj
3627,aapp_competition_test,0,631,10112,0,D:\PythonProjects\llm_eval\test\aapp_competition_test\3627\3627_gen_0.sv,tngtech/deepseek-r1t2-chimera:free,stop,,gen-1762581297-Try4NjUZaGGM1TGU7Ksc
3217,aapp_competition_test,0,663,8363,0,D:\PythonProjects\llm_eval\test\aapp_competition_test\3217\3217_gen_0.sv,tngtech/deepseek-r1t2-chimera:free,stop,,gen-1762581318-Z4bsByTffoSkoAMbr2FE
3154,aapp_competition_test,0,705,6346,0,D:\PythonProjects\llm_eval\test\aapp_competition_test\3154\3154_gen_0.sv,tngtech/deepseek-r1t2-chimera:free,stop,,gen-1762581582-nZixFNLLEpA973RDyOl9
3152,aapp_competition_test,0,683,10716,0,D:\PythonProjects\llm_eval\test\aapp_competition_test\3152\3152_gen_0.sv,tngtech/deepseek-r1t2-chimera:free,stop,,gen-1762581447-WMWbMxzKj0woy29uhjnk
3216,aapp_competition_test,0,662,12931,0,D:\PythonProjects\llm_eval\test\aapp_competition_test\3216\3216_gen_0.sv,tngtech/deepseek-r1t2-chimera:free,stop,,gen-1762581401-bdeZjRks1sPFQA40Cc7N
3225,aapp_competition_test,0,594,6474,0,D:\PythonProjects\llm_eval\test\aapp_competition_test\3225\3225_gen_0.sv,tngtech/deepseek-r1t2-chimera:free,stop,,gen-1762581647-9p9UNgJ4S16N04hknEuW
3619,aapp_competition_test,0,664,9881,0,D:\PythonProjects\llm_eval\test\aapp_competition_test\3619\3619_gen_0.sv,tngtech/deepseek-r1t2-chimera:free,stop,,gen-1762581562-CNI52JeEVDHQxOyHRhDy
3226,aapp_competition_test,0,525,10027,0,D:\PythonProjects\llm_eval\test\aapp_competition_test\3226\3226_gen_0.sv,tngtech/deepseek-r1t2-chimera:free,stop,,gen-1762581534-TizkLqegGaxTWgSpHVgP
3306,aapp_competition_test,0,683,12327,0,D:\PythonProjects\llm_eval\test\aapp_competition_test\3306\3306_gen_0.sv,tngtech/deepseek-r1t2-chimera:free,stop,,gen-1762581536-4Xralyxvuxrau2KEFqim
3309,aapp_competition_test,0,554,7930,0,D:\PythonProjects\llm_eval\test\aapp_competition_test\3309\3309_gen_0.sv,tngtech/deepseek-r1t2-chimera:free,stop,,gen-1762581673-VSoR5LAdAzvieHaz38Gf
3139,aapp_competition_test,0,690,5447,0,D:\PythonProjects\llm_eval\test\aapp_competition_test\3139\3139_gen_0.sv,tngtech/deepseek-r1t2-chimera:free,stop,,gen-1762581798-fFLQJPEwFSZ6xy3WVei4
3305,aapp_competition_test,0,635,10383,0,D:\PythonProjects\llm_eval\test\aapp_competition_test\3305\3305_gen_0.sv,tngtech/deepseek-r1t2-chimera:free,stop,,gen-1762581653-uz7rWMNcwd9fKBhHDybg
3635,aapp_competition_test,0,578,7244,0,D:\PythonProjects\llm_eval\test\aapp_competition_test\3635\3635_gen_0.sv,tngtech/deepseek-r1t2-chimera:free,stop,,gen-1762581794-fynu03Rs80tQh9kVulit
3156,aapp_competition_test,0,591,16277,0,D:\PythonProjects\llm_eval\test\aapp_competition_test\3156\3156_gen_0.sv,tngtech/deepseek-r1t2-chimera:free,stop,,gen-1762581482-3mcPXgvOHepkwRs8m2Ri
3308,aapp_competition_test,0,750,5415,0,D:\PythonProjects\llm_eval\test\aapp_competition_test\3308\3308_gen_0.sv,tngtech/deepseek-r1t2-chimera:free,stop,,gen-1762581878-RceNqTzZeEQ6lbrtH1K4
3229,aapp_competition_test,0,584,9024,0,D:\PythonProjects\llm_eval\test\aapp_competition_test\3229\3229_gen_0.sv,tngtech/deepseek-r1t2-chimera:free,stop,,gen-1762581825-xXhHIchD2xWCBWvDPUT2
3157,aapp_competition_test,0,656,6773,0,D:\PythonProjects\llm_eval\test\aapp_competition_test\3157\3157_gen_0.sv,tngtech/deepseek-r1t2-chimera:free,stop,,gen-1762581934-ISfRra9f9RbtuvndbJlY
3228,aapp_competition_test,0,746,8667,0,D:\PythonProjects\llm_eval\test\aapp_competition_test\3228\3228_gen_0.sv,tngtech/deepseek-r1t2-chimera:free,stop,,gen-1762581950-i97UVpw0genuFveruKbu
3640,aapp_competition_test,0,534,8612,0,D:\PythonProjects\llm_eval\test\aapp_competition_test\3640\3640_gen_0.sv,tngtech/deepseek-r1t2-chimera:free,stop,,gen-1762581987-X5m9GwyqGmLZs4ecoGoy
3304,aapp_competition_test,0,638,9578,0,D:\PythonProjects\llm_eval\test\aapp_competition_test\3304\3304_gen_0.sv,tngtech/deepseek-r1t2-chimera:free,stop,,gen-1762581955-SErVfyCy0WmNPlWqFlH5
3644,aapp_competition_test,0,585,7343,0,D:\PythonProjects\llm_eval\test\aapp_competition_test\3644\3644_gen_0.sv,tngtech/deepseek-r1t2-chimera:free,stop,,gen-1762582055-JxsZZcz3SrrMF0BBwhGZ
3639,aapp_competition_test,0,705,12656,0,D:\PythonProjects\llm_eval\test\aapp_competition_test\3639\3639_gen_0.sv,tngtech/deepseek-r1t2-chimera:free,stop,,gen-1762581898-X3xSERZwJDwepnUwBGgX
3158,aapp_competition_test,0,720,5968,0,D:\PythonProjects\llm_eval\test\aapp_competition_test\3158\3158_gen_0.sv,tngtech/deepseek-r1t2-chimera:free,stop,,gen-1762582122-lPkX2VyeYE0vCYIwIE4f
3646,aapp_competition_test,0,607,2129,0,D:\PythonProjects\llm_eval\test\aapp_competition_test\3646\3646_gen_0.sv,tngtech/deepseek-r1t2-chimera:free,stop,,gen-1762582313-CgwJ6MFz7SePyw6eM09f
3313,aapp_competition_test,0,651,3572,0,D:\PythonProjects\llm_eval\test\aapp_competition_test\3313\3313_gen_0.sv,tngtech/deepseek-r1t2-chimera:free,stop,,gen-1762582253-6K0CQolswsGy3FCWbw75
3161,aapp_competition_test,0,605,12123,0,D:\PythonProjects\llm_eval\test\aapp_competition_test\3161\3161_gen_0.sv,tngtech/deepseek-r1t2-chimera:free,stop,,gen-1762582005-zeiZ8Dhx7MglsZHcO5gS
3231,aapp_competition_test,0,630,7592,0,D:\PythonProjects\llm_eval\test\aapp_competition_test\3231\3231_gen_0.sv,tngtech/deepseek-r1t2-chimera:free,stop,,gen-1762582180-npH0a0L8arjwaLn2gCHo
3314,aapp_competition_test,0,599,11278,0,D:\PythonProjects\llm_eval\test\aapp_competition_test\3314\3314_gen_0.sv,tngtech/deepseek-r1t2-chimera:free,stop,,gen-1762582054-JfsOr4Smh170cUB8ydPu
3630,aapp_competition_test,0,570,6494,0,D:\PythonProjects\llm_eval\test\aapp_competition_test\3630\3630_gen_0.sv,tngtech/deepseek-r1t2-chimera:free,stop,,gen-1762582370-V0q9P0mp7LXuyRTlhLDQ
3165,aapp_competition_test,0,637,6513,0,D:\PythonProjects\llm_eval\test\aapp_competition_test\3165\3165_gen_0.sv,tngtech/deepseek-r1t2-chimera:free,stop,,gen-1762582397-Lt9au9i34RjYhE4n1cic
3164,aapp_competition_test,0,621,8345,0,D:\PythonProjects\llm_eval\test\aapp_competition_test\3164\3164_gen_0.sv,tngtech/deepseek-r1t2-chimera:free,stop,,gen-1762582322-TEI7iaOlBg5x83ILVvhS
3230,aapp_competition_test,0,572,9219,0,D:\PythonProjects\llm_eval\test\aapp_competition_test\3230\3230_gen_0.sv,tngtech/deepseek-r1t2-chimera:free,stop,,gen-1762582338-0qsOfmbCIMiVZxIefrOx
3315,aapp_competition_test,0,596,9607,0,D:\PythonProjects\llm_eval\test\aapp_competition_test\3315\3315_gen_0.sv,tngtech/deepseek-r1t2-chimera:free,stop,,gen-1762582365-c5q9PxMU0c3UfgWYLhkl
3203,aapp_competition_test,0,554,11189,0,D:\PythonProjects\llm_eval\test\aapp_competition_test\3203\3203_gen_0.sv,tngtech/deepseek-r1t2-chimera:free,stop,,gen-1762582323-Lgb4gsxNYBzE6GUEME11
3234,aapp_competition_test,0,572,9035,0,D:\PythonProjects\llm_eval\test\aapp_competition_test\3234\3234_gen_0.sv,tngtech/deepseek-r1t2-chimera:free,stop,,gen-1762582398-wCJ90WHEJ2fP7qByiU0l
3097,aapp_competition_test,0,429,2667,0,D:\PythonProjects\llm_eval\test\aapp_competition_test\3097\3097_gen_0.sv,tngtech/deepseek-r1t2-chimera:free,stop,,gen-1762582774-APWvhrrjxSWORIP92MGx
3650,aapp_competition_test,0,536,9389,0,D:\PythonProjects\llm_eval\test\aapp_competition_test\3650\3650_gen_0.sv,tngtech/deepseek-r1t2-chimera:free,stop,,gen-1762582448-KEhF7LCGmu4OcJq47uX6
3321,aapp_competition_test,0,588,4827,0,D:\PythonProjects\llm_eval\test\aapp_competition_test\3321\3321_gen_0.sv,tngtech/deepseek-r1t2-chimera:free,stop,,gen-1762582762-0f7BA6kdKX8U8xhUGroe
3240,aapp_competition_test,0,660,8199,0,D:\PythonProjects\llm_eval\test\aapp_competition_test\3240\3240_gen_0.sv,tngtech/deepseek-r1t2-chimera:free,stop,,gen-1762582626-RZuer6WsRm38U1qlLm1q
3317,aapp_competition_test,0,541,8391,0,D:\PythonProjects\llm_eval\test\aapp_competition_test\3317\3317_gen_0.sv,tngtech/deepseek-r1t2-chimera:free,stop,,gen-1762582667-URWYvgstVtS60ShU7BSp
3232,aapp_competition_test,0,490,7590,0,D:\PythonProjects\llm_eval\test\aapp_competition_test\3232\3232_gen_0.sv,tngtech/deepseek-r1t2-chimera:free,stop,,gen-1762582753-bM8rSsIYVwk9F9NW9ExI
3159,aapp_competition_test,0,612,10337,0,D:\PythonProjects\llm_eval\test\aapp_competition_test\3159\3159_gen_0.sv,tngtech/deepseek-r1t2-chimera:free,stop,,gen-1762582702-5QqFBmlZAHKoX6GUlcwl
3645,aapp_competition_test,0,596,6549,0,D:\PythonProjects\llm_eval\test\aapp_competition_test\3645\3645_gen_0.sv,tngtech/deepseek-r1t2-chimera:free,stop,,gen-1762582871-yXiVSkThwIGdDKg8bZel
3160,aapp_competition_test,0,585,15957,0,D:\PythonProjects\llm_eval\test\aapp_competition_test\3160\3160_gen_0.sv,tngtech/deepseek-r1t2-chimera:free,,,gen-1762582519-nW5Q0HJHP792vbOmd1MH
3316,aapp_competition_test,0,606,9538,0,D:\PythonProjects\llm_eval\test\aapp_competition_test\3316\3316_gen_0.sv,tngtech/deepseek-r1t2-chimera:free,stop,,gen-1762582832-NifHdnSv1bYgEiy3JgPE
3723,aapp_competition_test,0,646,9103,0,D:\PythonProjects\llm_eval\test\aapp_competition_test\3723\3723_gen_0.sv,tngtech/deepseek-r1t2-chimera:free,stop,,gen-1762582893-O6I1brWhTExzKvL0tHqu
3319,aapp_competition_test,0,725,7792,0,D:\PythonProjects\llm_eval\test\aapp_competition_test\3319\3319_gen_0.sv,tngtech/deepseek-r1t2-chimera:free,stop,,gen-1762582980-WHrznPBDbxi6nDWvWN0F
3392,aapp_competition_test,0,585,7599,0,D:\PythonProjects\llm_eval\test\aapp_competition_test\3392\3392_gen_0.sv,tngtech/deepseek-r1t2-chimera:free,stop,,gen-1762583028-A75k22Vb1yN0IOwMX4Pd
3924,aapp_competition_test,0,635,9115,0,D:\PythonProjects\llm_eval\test\aapp_competition_test\3924\3924_gen_0.sv,tngtech/deepseek-r1t2-chimera:free,stop,,gen-1762582966-qlOvvjJb04Kiwd0xT7aU
3828,aapp_competition_test,0,521,11788,0,D:\PythonProjects\llm_eval\test\aapp_competition_test\3828\3828_gen_0.sv,tngtech/deepseek-r1t2-chimera:free,stop,,gen-1762582933-Xoom4ogorirtkY7yltvY
3632,aapp_competition_test,0,641,8092,0,D:\PythonProjects\llm_eval\test\aapp_competition_test\3632\3632_gen_0.sv,tngtech/deepseek-r1t2-chimera:free,stop,,gen-1762583085-YwDJxQtRhFRgR2aYlHIz
3721,aapp_competition_test,0,651,6330,0,D:\PythonProjects\llm_eval\test\aapp_competition_test\3721\3721_gen_0.sv,tngtech/deepseek-r1t2-chimera:free,stop,,gen-1762583154-ofl1HbYWO3uJKN6AF3DJ
3830,aapp_competition_test,0,416,4972,0,D:\PythonProjects\llm_eval\test\aapp_competition_test\3830\3830_gen_0.sv,tngtech/deepseek-r1t2-chimera:free,stop,,gen-1762583205-wzBN8zCMLOHurjy64JGu
3078,aapp_competition_test,0,518,8457,0,D:\PythonProjects\llm_eval\test\aapp_competition_test\3078\3078_gen_0.sv,tngtech/deepseek-r1t2-chimera:free,stop,,gen-1762583115-EzrWjPWoxQbdiZoVmuSj
3648,aapp_competition_test,0,752,8431,0,D:\PythonProjects\llm_eval\test\aapp_competition_test\3648\3648_gen_0.sv,tngtech/deepseek-r1t2-chimera:free,stop,,gen-1762583123-KDUpni0uKiXHzsUzkMk2
3898,aapp_competition_test,0,531,5388,0,D:\PythonProjects\llm_eval\test\aapp_competition_test\3898\3898_gen_0.sv,tngtech/deepseek-r1t2-chimera:free,stop,,gen-1762583244-XBuAzEk0LD7ZSqFnZAEe
3086,aapp_competition_test,0,936,6565,0,D:\PythonProjects\llm_eval\test\aapp_competition_test\3086\3086_gen_0.sv,tngtech/deepseek-r1t2-chimera:free,stop,,gen-1762583314-8UMU4MlaR0BPbTYXQpvX
3457,aapp_competition_test,0,599,13102,0,D:\PythonProjects\llm_eval\test\aapp_competition_test\3457\3457_gen_0.sv,tngtech/deepseek-r1t2-chimera:free,stop,,gen-1762583073-xwM8rtTLgv7UOYy5v1kL
3637,aapp_competition_test,0,781,7003,0,D:\PythonProjects\llm_eval\test\aapp_competition_test\3637\3637_gen_0.sv,tngtech/deepseek-r1t2-chimera:free,stop,,gen-1762583326-EX8UmetzQd5JKC0eyjWv
3393,aapp_competition_test,0,691,8915,0,D:\PythonProjects\llm_eval\test\aapp_competition_test\3393\3393_gen_0.sv,tngtech/deepseek-r1t2-chimera:free,stop,,gen-1762583266-clCrJLc1ACccooxS06lF
3325,aapp_competition_test,0,645,11277,0,D:\PythonProjects\llm_eval\test\aapp_competition_test\3325\3325_gen_0.sv,tngtech/deepseek-r1t2-chimera:free,stop,,gen-1762583265-IogRCV3qibtr1xSb4Zb4
3927,aapp_competition_test,0,521,9195,0,D:\PythonProjects\llm_eval\test\aapp_competition_test\3927\3927_gen_0.sv,tngtech/deepseek-r1t2-chimera:free,stop,,gen-1762583358-OZiA2uZd1xrQvNMaxzBp
3455,aapp_competition_test,0,651,12914,0,D:\PythonProjects\llm_eval\test\aapp_competition_test\3455\3455_gen_0.sv,tngtech/deepseek-r1t2-chimera:free,stop,,gen-1762583312-xPK18Q3b00vJDb9bD00J
3829,aapp_competition_test,0,594,11667,0,D:\PythonProjects\llm_eval\test\aapp_competition_test\3829\3829_gen_0.sv,tngtech/deepseek-r1t2-chimera:free,stop,,gen-1762583351-hcRPaTiVBaIuCSc71Nhz
3738,aapp_competition_test,0,596,12602,0,D:\PythonProjects\llm_eval\test\aapp_competition_test\3738\3738_gen_0.sv,tngtech/deepseek-r1t2-chimera:free,stop,,gen-1762583341-8AEbx6kuqW5tvHLCxjVl
3390,aapp_competition_test,0,545,8891,0,D:\PythonProjects\llm_eval\test\aapp_competition_test\3390\3390_gen_0.sv,tngtech/deepseek-r1t2-chimera:free,stop,,gen-1762583495-4iOMRxUwbrNl7WP1iXSL
3072,aapp_competition_test,0,573,7241,0,D:\PythonProjects\llm_eval\test\aapp_competition_test\3072\3072_gen_0.sv,tngtech/deepseek-r1t2-chimera:free,stop,,gen-1762583549-GZ0DONhBoLwWgUspdlt3
3932,aapp_competition_test,0,434,4304,0,D:\PythonProjects\llm_eval\test\aapp_competition_test\3932\3932_gen_0.sv,tngtech/deepseek-r1t2-chimera:free,stop,,gen-1762583680-DQfzLS6Q90iLvkZ72D9s
3452,aapp_competition_test,0,644,10688,0,D:\PythonProjects\llm_eval\test\aapp_competition_test\3452\3452_gen_0.sv,tngtech/deepseek-r1t2-chimera:free,stop,,gen-1762583520-NsIZqoL4EDDwnVbH9mA9
3461,aapp_competition_test,0,586,2825,0,D:\PythonProjects\llm_eval\test\aapp_competition_test\3461\3461_gen_0.sv,tngtech/deepseek-r1t2-chimera:free,stop,,gen-1762583756-wQ83A2td2qqFn0SGY41I
3326,aapp_competition_test,0,697,11372,0,D:\PythonProjects\llm_eval\test\aapp_competition_test\3326\3326_gen_0.sv,tngtech/deepseek-r1t2-chimera:free,stop,,gen-1762583391-7tdm0IwUbBLQF4vt39QR
3741,aapp_competition_test,0,594,10265,0,D:\PythonProjects\llm_eval\test\aapp_competition_test\3741\3741_gen_0.sv,tngtech/deepseek-r1t2-chimera:free,stop,,gen-1762583580-tJcPMicvuIfDx5bUcULV
3394,aapp_competition_test,0,737,6716,0,D:\PythonProjects\llm_eval\test\aapp_competition_test\3394\3394_gen_0.sv,tngtech/deepseek-r1t2-chimera:free,stop,,gen-1762583702-MpW4c30v98KMzpIZHKlQ
3934,aapp_competition_test,0,481,1795,0,D:\PythonProjects\llm_eval\test\aapp_competition_test\3934\3934_gen_0.sv,tngtech/deepseek-r1t2-chimera:free,stop,,gen-1762583845-f2DDAgvQsW9GZHFYr4Mn
3330,aapp_competition_test,0,722,8722,0,D:\PythonProjects\llm_eval\test\aapp_competition_test\3330\3330_gen_0.sv,tngtech/deepseek-r1t2-chimera:free,stop,,gen-1762583685-2dWAmPZGfsZCyBIZDoZP
3832,aapp_competition_test,0,526,11197,0,D:\PythonProjects\llm_eval\test\aapp_competition_test\3832\3832_gen_0.sv,tngtech/deepseek-r1t2-chimera:free,stop,,gen-1762583619-CTBw0J8E9NJ7asaXXCkU
3504,aapp_competition_test,0,706,6794,0,D:\PythonProjects\llm_eval\test\aapp_competition_test\3504\3504_gen_0.sv,tngtech/deepseek-r1t2-chimera:free,stop,,gen-1762583760-12Uzj788IP41aZilXSz3
3651,aapp_competition_test,0,621,9625,0,D:\PythonProjects\llm_eval\test\aapp_competition_test\3651\3651_gen_0.sv,tngtech/deepseek-r1t2-chimera:free,stop,,gen-1762583566-TGpSC9K8In2Ybjfg2JAY
3740,aapp_competition_test,0,517,7212,0,D:\PythonProjects\llm_eval\test\aapp_competition_test\3740\3740_gen_0.sv,tngtech/deepseek-r1t2-chimera:free,stop,,gen-1762583827-Ub14YxQyEoAGMf58qugd
3395,aapp_competition_test,0,798,7034,0,D:\PythonProjects\llm_eval\test\aapp_competition_test\3395\3395_gen_0.sv,tngtech/deepseek-r1t2-chimera:free,stop,,gen-1762583890-soj4rhvWLV9j41K3GGDM
3656,aapp_competition_test,0,568,12104,0,D:\PythonProjects\llm_eval\test\aapp_competition_test\3656\3656_gen_0.sv,tngtech/deepseek-r1t2-chimera:free,stop,,gen-1762583801-BU8penAaZrncOSYfUKg9
3833,aapp_competition_test,0,635,11083,0,D:\PythonProjects\llm_eval\test\aapp_competition_test\3833\3833_gen_0.sv,tngtech/deepseek-r1t2-chimera:free,stop,,gen-1762583834-fQm0LsPE32i58b45IIbv
3338,aapp_competition_test,0,730,9655,0,D:\PythonProjects\llm_eval\test\aapp_competition_test\3338\3338_gen_0.sv,tngtech/deepseek-r1t2-chimera:free,stop,,gen-1762583875-xgLkfLvwQyVddDph9yqw
3464,aapp_competition_test,0,625,8585,0,D:\PythonProjects\llm_eval\test\aapp_competition_test\3464\3464_gen_0.sv,tngtech/deepseek-r1t2-chimera:free,stop,,gen-1762583906-tVRDa6u4bxWpZYmUnp69
3836,aapp_competition_test,0,581,8550,0,D:\PythonProjects\llm_eval\test\aapp_competition_test\3836\3836_gen_0.sv,tngtech/deepseek-r1t2-chimera:free,stop,,gen-1762583965-dCKBgeV6GuEiby7kAuTk
3744,aapp_competition_test,0,689,9697,0,D:\PythonProjects\llm_eval\test\aapp_competition_test\3744\3744_gen_0.sv,tngtech/deepseek-r1t2-chimera:free,stop,,gen-1762583949-SX5Xq5M01sSVtAF8A66V
3465,aapp_competition_test,0,513,4490,0,D:\PythonProjects\llm_eval\test\aapp_competition_test\3465\3465_gen_0.sv,tngtech/deepseek-r1t2-chimera:free,stop,,gen-1762584153-4hEOqxU9OxZ9RhUZ35ei
3508,aapp_competition_test,0,580,12391,0,D:\PythonProjects\llm_eval\test\aapp_competition_test\3508\3508_gen_0.sv,tngtech/deepseek-r1t2-chimera:free,stop,,gen-1762583930-G3fhdQwJ8GyEIzauEaGF
3501,aapp_competition_test,0,509,5875,0,D:\PythonProjects\llm_eval\test\aapp_competition_test\3501\3501_gen_0.sv,tngtech/deepseek-r1t2-chimera:free,stop,,gen-1762584153-VtYLMwqX0ODhaGKyqoaR
3638,aapp_competition_test,0,719,17496,0,D:\PythonProjects\llm_eval\test\aapp_competition_test\3638\3638_gen_0.sv,tngtech/deepseek-r1t2-chimera:free,,,gen-1762583938-AK0Z5iAPiVzJawIKuZlH
3331,aapp_competition_test,0,678,14426,0,D:\PythonProjects\llm_eval\test\aapp_competition_test\3331\3331_gen_0.sv,tngtech/deepseek-r1t2-chimera:free,stop,,gen-1762584095-8ecQTGMwbdqbga0tj7en
3838,aapp_competition_test,0,589,10269,0,D:\PythonProjects\llm_eval\test\aapp_competition_test\3838\3838_gen_0.sv,tngtech/deepseek-r1t2-chimera:free,stop,,gen-1762584243-M2B0lKeukbAwcBhyhBan
3659,aapp_competition_test,0,627,12397,0,D:\PythonProjects\llm_eval\test\aapp_competition_test\3659\3659_gen_0.sv,tngtech/deepseek-r1t2-chimera:free,stop,,gen-1762584198-BDEnmpwPKPIST9jcFNCN
3930,aapp_competition_test,0,610,11540,0,D:\PythonProjects\llm_eval\test\aapp_competition_test\3930\3930_gen_0.sv,tngtech/deepseek-r1t2-chimera:free,stop,,gen-1762584303-dwWe7PA810RM1zofMbOE
3402,aapp_competition_test,0,610,9855,0,D:\PythonProjects\llm_eval\test\aapp_competition_test\3402\3402_gen_0.sv,tngtech/deepseek-r1t2-chimera:free,stop,,gen-1762584353-rdk5r0zz1dYk2ZDHDukL
3746,aapp_competition_test,0,724,12685,0,D:\PythonProjects\llm_eval\test\aapp_competition_test\3746\3746_gen_0.sv,tngtech/deepseek-r1t2-chimera:free,stop,,gen-1762584219-NDuS0aNCaRtzaWQNYivo
3747,aapp_competition_test,0,640,6285,0,D:\PythonProjects\llm_eval\test\aapp_competition_test\3747\3747_gen_0.sv,tngtech/deepseek-r1t2-chimera:free,stop,,gen-1762584646-DhcIlKBuEPLsTMEKXTnz
3660,aapp_competition_test,0,673,8891,0,D:\PythonProjects\llm_eval\test\aapp_competition_test\3660\3660_gen_0.sv,tngtech/deepseek-r1t2-chimera:free,stop,,gen-1762584571-m2Id596H3LpWppJYxs2K
3933,aapp_competition_test,0,498,8927,0,D:\PythonProjects\llm_eval\test\aapp_competition_test\3933\3933_gen_0.sv,tngtech/deepseek-r1t2-chimera:free,stop,,gen-1762584565-Umm8BGJtGOG7L6Bqh6Ii
3340,aapp_competition_test,0,651,12347,0,D:\PythonProjects\llm_eval\test\aapp_competition_test\3340\3340_gen_0.sv,tngtech/deepseek-r1t2-chimera:free,stop,,gen-1762584491-ProXBVTrm7cN2M1ZKCKQ
3923,aapp_competition_test,0,561,7181,0,D:\PythonProjects\llm_eval\test\aapp_competition_test\3923\3923_gen_0.sv,tngtech/deepseek-r1t2-chimera:free,stop,,gen-1762584675-OXsHBwJBLhVpZQhuNp7j
3399,aapp_competition_test,0,723,11481,0,D:\PythonProjects\llm_eval\test\aapp_competition_test\3399\3399_gen_0.sv,tngtech/deepseek-r1t2-chimera:free,stop,,gen-1762584562-Bq9XIEbkVt2iDAoIJVNa
3514,aapp_competition_test,0,607,9418,0,D:\PythonProjects\llm_eval\test\aapp_competition_test\3514\3514_gen_0.sv,tngtech/deepseek-r1t2-chimera:free,stop,,gen-1762584636-BPeck2D3qYMtY0LSIADb
3469,aapp_competition_test,0,655,14159,0,D:\PythonProjects\llm_eval\test\aapp_competition_test\3469\3469_gen_0.sv,tngtech/deepseek-r1t2-chimera:free,stop,,gen-1762584540-pOcfBZMSRI8wLH6qAgu1
3339,aapp_competition_test,0,656,10143,0,D:\PythonProjects\llm_eval\test\aapp_competition_test\3339\3339_gen_0.sv,tngtech/deepseek-r1t2-chimera:free,stop,,gen-1762584678-gELgB1fDoYcpSyCvrxws
3400,aapp_competition_test,0,711,4666,0,D:\PythonProjects\llm_eval\test\aapp_competition_test\3400\3400_gen_0.sv,tngtech/deepseek-r1t2-chimera:free,,,gen-1762584849-7ugApjHkBZlHFiZNE5VZ
3840,aapp_competition_test,0,668,8724,0,D:\PythonProjects\llm_eval\test\aapp_competition_test\3840\3840_gen_0.sv,tngtech/deepseek-r1t2-chimera:free,stop,,gen-1762584725-ncvUr2TjDYAgNcSVezat
3403,aapp_competition_test,0,734,1494,0,D:\PythonProjects\llm_eval\test\aapp_competition_test\3403\3403_gen_0.sv,tngtech/deepseek-r1t2-chimera:free,stop,,gen-1762585022-aKjDqjvx6Xesp9NpEdwS
3653,aapp_competition_test,0,528,6710,0,D:\PythonProjects\llm_eval\test\aapp_competition_test\3653\3653_gen_0.sv,tngtech/deepseek-r1t2-chimera:free,stop,,gen-1762584885-6azp0Kj6ZwIdXoIxW2TR
3517,aapp_competition_test,0,586,1975,0,D:\PythonProjects\llm_eval\test\aapp_competition_test\3517\3517_gen_0.sv,tngtech/deepseek-r1t2-chimera:free,stop,,gen-1762585046-tkk66BWG25lvwrZKmnOC
3743,aapp_competition_test,0,551,6160,0,D:\PythonProjects\llm_eval\test\aapp_competition_test\3743\3743_gen_0.sv,tngtech/deepseek-r1t2-chimera:free,stop,,gen-1762584907-G3UuypIn3UCTSV58Uopz
3735,aapp_competition_test,0,519,4711,0,D:\PythonProjects\llm_eval\test\aapp_competition_test\3735\3735_gen_0.sv,tngtech/deepseek-r1t2-chimera:free,stop,,gen-1762585117-Stj13fLeCGKlP0HM6vpV
3468,aapp_competition_test,0,684,12045,0,D:\PythonProjects\llm_eval\test\aapp_competition_test\3468\3468_gen_0.sv,tngtech/deepseek-r1t2-chimera:free,stop,,gen-1762584852-eCNLJ1nNUap6nivQ4FEC
3935,aapp_competition_test,0,610,9588,0,D:\PythonProjects\llm_eval\test\aapp_competition_test\3935\3935_gen_0.sv,tngtech/deepseek-r1t2-chimera:free,stop,,gen-1762584962-I1UvHY6Bar6EBEwLEPvs
3476,aapp_competition_test,0,576,8380,0,D:\PythonProjects\llm_eval\test\aapp_competition_test\3476\3476_gen_0.sv,tngtech/deepseek-r1t2-chimera:free,stop,,gen-1762585024-AnPi9dYxJZ45xJc3yQ55
3342,aapp_competition_test,0,763,2171,0,D:\PythonProjects\llm_eval\test\aapp_competition_test\3342\3342_gen_0.sv,tngtech/deepseek-r1t2-chimera:free,stop,,gen-1762585304-Q3oRtMQzzmMcYl8Z56Cr
3862,aapp_competition_test,0,605,7056,0,D:\PythonProjects\llm_eval\test\aapp_competition_test\3862\3862_gen_0.sv,tngtech/deepseek-r1t2-chimera:free,stop,,gen-1762585127-uYv3mL2bm29NOAZRSnBq
3512,aapp_competition_test,0,552,11829,0,D:\PythonProjects\llm_eval\test\aapp_competition_test\3512\3512_gen_0.sv,tngtech/deepseek-r1t2-chimera:free,stop,,gen-1762584879-JHCk3hlOuYT9sxYTjLbL
3664,aapp_competition_test,0,690,10146,0,D:\PythonProjects\llm_eval\test\aapp_competition_test\3664\3664_gen_0.sv,tngtech/deepseek-r1t2-chimera:free,stop,,gen-1762585079-aJwmhmGvVl7q7DPMcJcg
3839,aapp_competition_test,0,652,14719,0,D:\PythonProjects\llm_eval\test\aapp_competition_test\3839\3839_gen_0.sv,tngtech/deepseek-r1t2-chimera:free,,,gen-1762584934-001mTW6xOlVkDEB0z815
3925,aapp_competition_test,0,601,10681,0,D:\PythonProjects\llm_eval\test\aapp_competition_test\3925\3925_gen_0.sv,tngtech/deepseek-r1t2-chimera:free,stop,,gen-1762585128-wszijIAQ00NeSSUUCces
3475,aapp_competition_test,0,723,7696,0,D:\PythonProjects\llm_eval\test\aapp_competition_test\3475\3475_gen_0.sv,tngtech/deepseek-r1t2-chimera:free,stop,,gen-1762585329-aY8ZioW4iZ9FJiO3ZxOo
3406,aapp_competition_test,0,686,8306,0,D:\PythonProjects\llm_eval\test\aapp_competition_test\3406\3406_gen_0.sv,tngtech/deepseek-r1t2-chimera:free,stop,,gen-1762585305-BYQ2SoIZxzKTvsZZQWJu
3863,aapp_competition_test,0,644,7046,0,D:\PythonProjects\llm_eval\test\aapp_competition_test\3863\3863_gen_0.sv,tngtech/deepseek-r1t2-chimera:free,stop,,gen-1762585420-PZ7TKbCsN6Z40FOXYoy0
3944,aapp_competition_test,0,616,4725,0,D:\PythonProjects\llm_eval\test\aapp_competition_test\3944\3944_gen_0.sv,tngtech/deepseek-r1t2-chimera:free,stop,,gen-1762585503-HOCjhm62idEs0mjM1NAF
3518,aapp_competition_test,0,649,8758,0,D:\PythonProjects\llm_eval\test\aapp_competition_test\3518\3518_gen_0.sv,tngtech/deepseek-r1t2-chimera:free,stop,,gen-1762585339-xKlDch0LnKOsmLfsViou
3344,aapp_competition_test,0,718,11652,0,D:\PythonProjects\llm_eval\test\aapp_competition_test\3344\3344_gen_0.sv,tngtech/deepseek-r1t2-chimera:free,stop,,gen-1762585252-4Fs0XwN20rby15ijywGa
3667,aapp_competition_test,0,713,2772,0,D:\PythonProjects\llm_eval\test\aapp_competition_test\3667\3667_gen_0.sv,tngtech/deepseek-r1t2-chimera:free,stop,,gen-1762585648-rkQE2kYxS3S3pKCjPzz8
3345,aapp_competition_test,0,681,6587,0,D:\PythonProjects\llm_eval\test\aapp_competition_test\3345\3345_gen_0.sv,tngtech/deepseek-r1t2-chimera:free,stop,,gen-1762585538-RUvcYhQ6BLpElJE7Z5VX
3756,aapp_competition_test,0,609,10737,0,D:\PythonProjects\llm_eval\test\aapp_competition_test\3756\3756_gen_0.sv,tngtech/deepseek-r1t2-chimera:free,stop,,gen-1762585420-yScUIhT55A5y1ucSpssx
3663,aapp_competition_test,0,633,10454,0,D:\PythonProjects\llm_eval\test\aapp_competition_test\3663\3663_gen_0.sv,tngtech/deepseek-r1t2-chimera:free,stop,,gen-1762585394-sb6MxZ0QmWoPYEVucW28
3407,aapp_competition_test,0,624,9483,0,D:\PythonProjects\llm_eval\test\aapp_competition_test\3407\3407_gen_0.sv,tngtech/deepseek-r1t2-chimera:free,stop,,gen-1762585544-iBWzen1OHlwGDApGpiOl
3523,aapp_competition_test,0,640,4597,0,D:\PythonProjects\llm_eval\test\aapp_competition_test\3523\3523_gen_0.sv,tngtech/deepseek-r1t2-chimera:free,,,gen-1762585793-DpdnTubo8FgGCtSsBRMU
3520,aapp_competition_test,0,686,11078,0,D:\PythonProjects\llm_eval\test\aapp_competition_test\3520\3520_gen_0.sv,tngtech/deepseek-r1t2-chimera:free,stop,,gen-1762585601-EHSzA2YUWyk3zx5rJPTj
3861,aapp_competition_test,0,568,9245,0,D:\PythonProjects\llm_eval\test\aapp_competition_test\3861\3861_gen_0.sv,tngtech/deepseek-r1t2-chimera:free,stop,,gen-1762585691-S0xAjo2wQvoyul1OJhHy
3482,aapp_competition_test,0,724,7041,0,D:\PythonProjects\llm_eval\test\aapp_competition_test\3482\3482_gen_0.sv,tngtech/deepseek-r1t2-chimera:free,stop,,gen-1762585788-GAY2bgSL3ZPbwQjjZds5
3474,aapp_competition_test,0,661,10853,0,D:\PythonProjects\llm_eval\test\aapp_competition_test\3474\3474_gen_0.sv,tngtech/deepseek-r1t2-chimera:free,stop,,gen-1762585601-jqFIuwZxYVtCoPqyALps
3945,aapp_competition_test,0,599,10415,0,D:\PythonProjects\llm_eval\test\aapp_competition_test\3945\3945_gen_0.sv,tngtech/deepseek-r1t2-chimera:free,stop,,gen-1762585722-VzZdpZ6gbIItx8GFxfnS
3759,aapp_competition_test,0,502,3166,0,D:\PythonProjects\llm_eval\test\aapp_competition_test\3759\3759_gen_0.sv,tngtech/deepseek-r1t2-chimera:free,stop,,gen-1762585955-trNDJ1lyZOxEGOFtPEzX
3758,aapp_competition_test,0,562,5190,0,D:\PythonProjects\llm_eval\test\aapp_competition_test\3758\3758_gen_0.sv,tngtech/deepseek-r1t2-chimera:free,stop,,gen-1762585916-eOdGtOGjHCPcHnJUoT7u
3943,aapp_competition_test,0,628,2652,0,D:\PythonProjects\llm_eval\test\aapp_competition_test\3943\3943_gen_0.sv,tngtech/deepseek-r1t2-chimera:free,stop,,gen-1762586016-chyxWj8yI1LLLmeWwEwF
3347,aapp_competition_test,0,699,10740,0,D:\PythonProjects\llm_eval\test\aapp_competition_test\3347\3347_gen_0.sv,tngtech/deepseek-r1t2-chimera:free,stop,,gen-1762585761-WFiZFB4Hhe46VitsaeUv
3411,aapp_competition_test,0,586,13026,0,D:\PythonProjects\llm_eval\test\aapp_competition_test\3411\3411_gen_0.sv,tngtech/deepseek-r1t2-chimera:free,stop,,gen-1762585771-PjMTbF3MNvAmO5SyLueW
3868,aapp_competition_test,0,749,7151,0,D:\PythonProjects\llm_eval\test\aapp_competition_test\3868\3868_gen_0.sv,tngtech/deepseek-r1t2-chimera:free,stop,,gen-1762585981-tv1xidDJCNUJiTmnoOoK
3671,aapp_competition_test,0,645,10217,0,D:\PythonProjects\llm_eval\test\aapp_competition_test\3671\3671_gen_0.sv,tngtech/deepseek-r1t2-chimera:free,stop,,gen-1762585873-O3s1pp1wl6dXUjlpY0bm
3334,aapp_competition_test,0,557,8257,0,D:\PythonProjects\llm_eval\test\aapp_competition_test\3334\3334_gen_0.sv,tngtech/deepseek-r1t2-chimera:free,stop,,gen-1762586019-DeMXVf51IiZ3XGdq1JfR
3506,aapp_competition_test,0,703,7117,0,D:\PythonProjects\llm_eval\test\aapp_competition_test\3506\3506_gen_0.sv,tngtech/deepseek-r1t2-chimera:free,stop,,gen-1762586093-C3vRApWIcjpECpR4PTC4
3408,aapp_competition_test,0,552,2949,0,D:\PythonProjects\llm_eval\test\aapp_competition_test\3408\3408_gen_0.sv,tngtech/deepseek-r1t2-chimera:free,stop,,gen-1762586228-Y6ru3h1ny96FfIAgKlDz
3397,aapp_competition_test,0,816,10488,0,D:\PythonProjects\llm_eval\test\aapp_competition_test\3397\3397_gen_0.sv,tngtech/deepseek-r1t2-chimera:free,stop,,gen-1762586029-7OvVhOHjkdWppvKHBbc1
3765,aapp_competition_test,0,650,9081,0,D:\PythonProjects\llm_eval\test\aapp_competition_test\3765\3765_gen_0.sv,tngtech/deepseek-r1t2-chimera:free,stop,,gen-1762586105-DSnUv4v8qKklbBfGONI2
3870,aapp_competition_test,0,707,10400,0,D:\PythonProjects\llm_eval\test\aapp_competition_test\3870\3870_gen_0.sv,tngtech/deepseek-r1t2-chimera:free,stop,,gen-1762586107-1dGMOCv9o6aMcKM5M258
3760,aapp_competition_test,0,598,2408,0,D:\PythonProjects\llm_eval\test\aapp_competition_test\3760\3760_gen_0.sv,tngtech/deepseek-r1t2-chimera:free,stop,,gen-1762586335-QiJ5fZUUNQUpGsi0soxU
3947,aapp_competition_test,0,599,9674,0,D:\PythonProjects\llm_eval\test\aapp_competition_test\3947\3947_gen_0.sv,tngtech/deepseek-r1t2-chimera:free,stop,,gen-1762586180-c2nY4PTg16doFhulLJQJ
3649,aapp_competition_test,0,586,4794,0,D:\PythonProjects\llm_eval\test\aapp_competition_test\3649\3649_gen_0.sv,tngtech/deepseek-r1t2-chimera:free,,,gen-1762586321-sRYO7Zl7SVBsZT9PltE5
3348,aapp_competition_test,0,476,1725,0,D:\PythonProjects\llm_eval\test\aapp_competition_test\3348\3348_gen_0.sv,tngtech/deepseek-r1t2-chimera:free,stop,,gen-1762586401-2KxJIQk7kvCksWSMz0wg
3358,aapp_competition_test,0,575,9525,0,D:\PythonProjects\llm_eval\test\aapp_competition_test\3358\3358_gen_0.sv,tngtech/deepseek-r1t2-chimera:free,stop,,gen-1762586209-pGsFMr2DMH0ZxB9CPOeW
3484,aapp_competition_test,0,662,10906,0,D:\PythonProjects\llm_eval\test\aapp_competition_test\3484\3484_gen_0.sv,tngtech/deepseek-r1t2-chimera:free,stop,,gen-1762586255-DKaLG07ZiYWnmLta3oK4
3051,aapp_competition_test,0,822,10130,0,D:\PythonProjects\llm_eval\test\aapp_competition_test\3051\3051_gen_0.sv,tngtech/deepseek-r1t2-chimera:free,stop,,gen-1762586283-2Mv7pSyVmuqgvuX0wGFN
3673,aapp_competition_test,0,580,11138,0,D:\PythonProjects\llm_eval\test\aapp_competition_test\3673\3673_gen_0.sv,tngtech/deepseek-r1t2-chimera:free,stop,,gen-1762586313-DwbnB8xS3UjNHdiTlsGj
3856,aapp_competition_test,0,728,9527,0,D:\PythonProjects\llm_eval\test\aapp_competition_test\3856\3856_gen_0.sv,tngtech/deepseek-r1t2-chimera:free,stop,,gen-1762586363-PmBbNqhfG2C5DiVqDVir
3487,aapp_competition_test,0,677,7223,0,D:\PythonProjects\llm_eval\test\aapp_competition_test\3487\3487_gen_0.sv,tngtech/deepseek-r1t2-chimera:free,stop,,gen-1762586435-aiNkaYmaZ6AGRbDEzf4W
3414,aapp_competition_test,0,619,6527,0,D:\PythonProjects\llm_eval\test\aapp_competition_test\3414\3414_gen_0.sv,tngtech/deepseek-r1t2-chimera:free,stop,,gen-1762586424-pyeKl99zEPeULjLtLxY5
3526,aapp_competition_test,0,548,12241,0,D:\PythonProjects\llm_eval\test\aapp_competition_test\3526\3526_gen_0.sv,tngtech/deepseek-r1t2-chimera:free,stop,,gen-1762586376-r1355lkRVxkhf1pClWC9
3485,aapp_competition_test,0,826,12442,0,D:\PythonProjects\llm_eval\test\aapp_competition_test\3485\3485_gen_0.sv,tngtech/deepseek-r1t2-chimera:free,stop,,gen-1762586373-oe3HNoO3s5S6Gu33UIEi
3524,aapp_competition_test,0,610,7621,0,D:\PythonProjects\llm_eval\test\aapp_competition_test\3524\3524_gen_0.sv,tngtech/deepseek-r1t2-chimera:free,stop,,gen-1762586484-lOkg4UWeUrVTlMv6T7hG
3942,aapp_competition_test,0,563,11843,0,D:\PythonProjects\llm_eval\test\aapp_competition_test\3942\3942_gen_0.sv,tngtech/deepseek-r1t2-chimera:free,stop,,gen-1762586385-twrun531elGxCO9AMzni
3678,aapp_competition_test,0,622,10616,0,D:\PythonProjects\llm_eval\test\aapp_competition_test\3678\3678_gen_0.sv,tngtech/deepseek-r1t2-chimera:free,stop,,gen-1762586492-8cXYMxNHgdzyZbmf0mho
3054,aapp_competition_test,0,653,12547,0,D:\PythonProjects\llm_eval\test\aapp_competition_test\3054\3054_gen_0.sv,tngtech/deepseek-r1t2-chimera:free,stop,,gen-1762586457-BwAsQ2Dutn3NCpneRAv0
3472,aapp_competition_test,0,662,6171,0,D:\PythonProjects\llm_eval\test\aapp_competition_test\3472\3472_gen_0.sv,tngtech/deepseek-r1t2-chimera:free,stop,,gen-1762586613-G9DDvMsBi3elq49s8l6Y
3948,aapp_competition_test,0,578,9145,0,D:\PythonProjects\llm_eval\test\aapp_competition_test\3948\3948_gen_0.sv,tngtech/deepseek-r1t2-chimera:free,stop,,gen-1762586575-pX8LnwpUlaluASU0ifRO
3355,aapp_competition_test,0,651,9376,0,D:\PythonProjects\llm_eval\test\aapp_competition_test\3355\3355_gen_0.sv,tngtech/deepseek-r1t2-chimera:free,stop,,gen-1762586596-GaCF4mkeT8PIawL7xDBN
3416,aapp_competition_test,0,576,9162,0,D:\PythonProjects\llm_eval\test\aapp_competition_test\3416\3416_gen_0.sv,tngtech/deepseek-r1t2-chimera:free,stop,,gen-1762586613-Xj2Xgb2Goag4x1C1tngz
3766,aapp_competition_test,0,580,13293,0,D:\PythonProjects\llm_eval\test\aapp_competition_test\3766\3766_gen_0.sv,tngtech/deepseek-r1t2-chimera:free,stop,,gen-1762586535-9SF3PC8Y0ghA8GAGSQ9j
3871,aapp_competition_test,0,656,13092,0,D:\PythonProjects\llm_eval\test\aapp_competition_test\3871\3871_gen_0.sv,tngtech/deepseek-r1t2-chimera:free,stop,,gen-1762586548-3LVSlcmC6IZMunXYXAZw
3682,aapp_competition_test,0,625,8261,0,D:\PythonProjects\llm_eval\test\aapp_competition_test\3682\3682_gen_0.sv,tngtech/deepseek-r1t2-chimera:free,stop,,gen-1762586691-7ufZ4rXX9RsPuWy0hsEj
3877,aapp_competition_test,0,512,7146,0,D:\PythonProjects\llm_eval\test\aapp_competition_test\3877\3877_gen_0.sv,tngtech/deepseek-r1t2-chimera:free,stop,,gen-1762586727-eEO3kHcq2ALJuep18PJL
3058,aapp_competition_test,0,595,13303,0,D:\PythonProjects\llm_eval\test\aapp_competition_test\3058\3058_gen_0.sv,tngtech/deepseek-r1t2-chimera:free,stop,,gen-1762586630-Ft1nf6BFl8OE2JqUayVQ
3950,aapp_competition_test,0,781,7119,0,D:\PythonProjects\llm_eval\test\aapp_competition_test\3950\3950_gen_0.sv,tngtech/deepseek-r1t2-chimera:free,stop,,gen-1762586744-NO8U2j7YipKcKCmJtc6G
3767,aapp_competition_test,0,585,7713,0,D:\PythonProjects\llm_eval\test\aapp_competition_test\3767\3767_gen_0.sv,tngtech/deepseek-r1t2-chimera:free,stop,,gen-1762586713-Z3KEcdXF1mPeBqeVBNTK
3357,aapp_competition_test,0,643,7775,0,D:\PythonProjects\llm_eval\test\aapp_competition_test\3357\3357_gen_0.sv,tngtech/deepseek-r1t2-chimera:free,stop,,gen-1762586767-KWEj1TRBDHrzNtQuQCgB
3525,aapp_competition_test,0,675,7855,0,D:\PythonProjects\llm_eval\test\aapp_competition_test\3525\3525_gen_0.sv,tngtech/deepseek-r1t2-chimera:free,stop,,gen-1762586793-ZZEW3sn6TQkdHIdb0zQU
3418,aapp_competition_test,0,632,10917,0,D:\PythonProjects\llm_eval\test\aapp_competition_test\3418\3418_gen_0.sv,tngtech/deepseek-r1t2-chimera:free,stop,,gen-1762586781-jxSd9cARTyFIl0NHkEw5
3059,aapp_competition_test,0,641,12286,0,D:\PythonProjects\llm_eval\test\aapp_competition_test\3059\3059_gen_0.sv,tngtech/deepseek-r1t2-chimera:free,stop,,gen-1762586784-KKp9xfxV6vOdBTisoebt
3686,aapp_competition_test,0,705,9901,0,D:\PythonProjects\llm_eval\test\aapp_competition_test\3686\3686_gen_0.sv,tngtech/deepseek-r1t2-chimera:free,stop,,gen-1762586847-lzhYS1q1qTXhB6lbtu35
3878,aapp_competition_test,0,630,8569,0,D:\PythonProjects\llm_eval\test\aapp_competition_test\3878\3878_gen_0.sv,tngtech/deepseek-r1t2-chimera:free,stop,,gen-1762586877-zhYflq3CvzzKn96IC6cl
3359,aapp_competition_test,0,567,7170,0,D:\PythonProjects\llm_eval\test\aapp_competition_test\3359\3359_gen_0.sv,tngtech/deepseek-r1t2-chimera:free,stop,,gen-1762586908-DtGcLVm9s5zG7NXLdHvN
3543,aapp_competition_test,0,618,16132,0,D:\PythonProjects\llm_eval\test\aapp_competition_test\3543\3543_gen_0.sv,tngtech/deepseek-r1t2-chimera:free,stop,,gen-1762586776-KnNHN9EROS9VVquUQnhv
3952,aapp_competition_test,0,531,10911,0,D:\PythonProjects\llm_eval\test\aapp_competition_test\3952\3952_gen_0.sv,tngtech/deepseek-r1t2-chimera:free,stop,,gen-1762586880-kBYr9pxuAvEmYXAxVJVI
3764,aapp_competition_test,0,657,10841,0,D:\PythonProjects\llm_eval\test\aapp_competition_test\3764\3764_gen_0.sv,tngtech/deepseek-r1t2-chimera:free,stop,,gen-1762586862-1cle8b9AP3lUnXm9Jc0g
3061,aapp_competition_test,0,568,9504,0,D:\PythonProjects\llm_eval\test\aapp_competition_test\3061\3061_gen_0.sv,tngtech/deepseek-r1t2-chimera:free,stop,,gen-1762586949-m3dMuAjTvWH8aelQDXRh
3955,aapp_competition_test,0,673,5448,0,D:\PythonProjects\llm_eval\test\aapp_competition_test\3955\3955_gen_0.sv,tngtech/deepseek-r1t2-chimera:free,stop,,gen-1762587068-Hj4giGMO6UYjMXAQ72Yn
3421,aapp_competition_test,0,557,12964,0,D:\PythonProjects\llm_eval\test\aapp_competition_test\3421\3421_gen_0.sv,tngtech/deepseek-r1t2-chimera:free,stop,,gen-1762586920-f4UqjZwEYZuXujwLNaec
3048,aapp_competition_test,0,530,4968,0,D:\PythonProjects\llm_eval\test\aapp_competition_test\3048\3048_gen_0.sv,tngtech/deepseek-r1t2-chimera:free,stop,,gen-1762587121-hpuSo5eIYhvfqDSzSMns
3769,aapp_competition_test,0,547,8164,0,D:\PythonProjects\llm_eval\test\aapp_competition_test\3769\3769_gen_0.sv,tngtech/deepseek-r1t2-chimera:free,stop,,gen-1762587050-XpBkMddvkAX7IK2HkrXY
3530,aapp_competition_test,0,663,12575,0,D:\PythonProjects\llm_eval\test\aapp_competition_test\3530\3530_gen_0.sv,tngtech/deepseek-r1t2-chimera:free,stop,,gen-1762586999-9UqUTRH8QN4bMAJ9faIh
3880,aapp_competition_test,0,591,9118,0,D:\PythonProjects\llm_eval\test\aapp_competition_test\3880\3880_gen_0.sv,tngtech/deepseek-r1t2-chimera:free,stop,,gen-1762587061-aSgaEgpjuYLWXcXfrWda
3681,aapp_competition_test,0,848,9054,0,D:\PythonProjects\llm_eval\test\aapp_competition_test\3681\3681_gen_0.sv,tngtech/deepseek-r1t2-chimera:free,stop,,gen-1762587048-nq5V7CVgAsP0Hjay4Uu7
3360,aapp_competition_test,0,601,9215,0,D:\PythonProjects\llm_eval\test\aapp_competition_test\3360\3360_gen_0.sv,tngtech/deepseek-r1t2-chimera:free,stop,,gen-1762587110-9lFdG3UQRgotKQzTzlql
3772,aapp_competition_test,0,494,5178,0,D:\PythonProjects\llm_eval\test\aapp_competition_test\3772\3772_gen_0.sv,tngtech/deepseek-r1t2-chimera:free,stop,,gen-1762587193-MzqrQ9Z4ngn8AmABBWSZ
3419,aapp_competition_test,0,606,8687,0,D:\PythonProjects\llm_eval\test\aapp_competition_test\3419\3419_gen_0.sv,tngtech/deepseek-r1t2-chimera:free,stop,,gen-1762587114-nVNvhHZpJwX1QiU28ZUb
3528,aapp_competition_test,0,623,3429,0,D:\PythonProjects\llm_eval\test\aapp_competition_test\3528\3528_gen_0.sv,tngtech/deepseek-r1t2-chimera:free,stop,,gen-1762587299-NRblsywDzsfZoU9VbvJJ
3885,aapp_competition_test,0,377,678,0,D:\PythonProjects\llm_eval\test\aapp_competition_test\3885\3885_gen_0.sv,tngtech/deepseek-r1t2-chimera:free,stop,,gen-1762587405-ic49OxcT97Pg8Ab0asdk
3529,aapp_competition_test,0,661,11411,0,D:\PythonProjects\llm_eval\test\aapp_competition_test\3529\3529_gen_0.sv,tngtech/deepseek-r1t2-chimera:free,stop,,gen-1762587177-THyQ5VZJiupMzvG6F643
3063,aapp_competition_test,0,501,7357,0,D:\PythonProjects\llm_eval\test\aapp_competition_test\3063\3063_gen_0.sv,tngtech/deepseek-r1t2-chimera:free,stop,,gen-1762587286-vUyyB1cZ5OkJChv2wBHY
3881,aapp_competition_test,0,521,10511,0,D:\PythonProjects\llm_eval\test\aapp_competition_test\3881\3881_gen_0.sv,tngtech/deepseek-r1t2-chimera:free,stop,,gen-1762587225-8ePxGXnlCpNPwvVjkGFZ
3423,aapp_competition_test,0,629,8036,0,D:\PythonProjects\llm_eval\test\aapp_competition_test\3423\3423_gen_0.sv,tngtech/deepseek-r1t2-chimera:free,stop,,gen-1762587271-3Hw8pzCktcsgkWbJ9KRr
3957,aapp_competition_test,0,634,2248,0,D:\PythonProjects\llm_eval\test\aapp_competition_test\3957\3957_gen_0.sv,tngtech/deepseek-r1t2-chimera:free,stop,,gen-1762587420-z0dXt3KkvHQksCpTabl6
3959,aapp_competition_test,0,519,11030,0,D:\PythonProjects\llm_eval\test\aapp_competition_test\3959\3959_gen_0.sv,tngtech/deepseek-r1t2-chimera:free,stop,,gen-1762587225-ct04iYXhhqWzRVUEJkWm
3652,aapp_competition_test,0,741,14982,0,D:\PythonProjects\llm_eval\test\aapp_competition_test\3652\3652_gen_0.sv,tngtech/deepseek-r1t2-chimera:free,stop,,gen-1762587190-tGS9nXoRE5YfBropZFGJ
3676,aapp_competition_test,0,593,3046,0,D:\PythonProjects\llm_eval\test\aapp_competition_test\3676\3676_gen_0.sv,tngtech/deepseek-r1t2-chimera:free,stop,,gen-1762587466-OuaddnI8DpIUI00O9R7S
3689,aapp_competition_test,0,587,9178,0,D:\PythonProjects\llm_eval\test\aapp_competition_test\3689\3689_gen_0.sv,tngtech/deepseek-r1t2-chimera:free,stop,,gen-1762587306-4LJpm1UZvT6PBRSjJw3o
3337,aapp_competition_test,0,683,12228,0,D:\PythonProjects\llm_eval\test\aapp_competition_test\3337\3337_gen_0.sv,tngtech/deepseek-r1t2-chimera:free,stop,,gen-1762587267-NeXCbRZN06cZyoNyVMA6
3958,aapp_competition_test,0,597,658,0,D:\PythonProjects\llm_eval\test\aapp_competition_test\3958\3958_gen_0.sv,tngtech/deepseek-r1t2-chimera:free,,,gen-1762587523-SDZRPn2vvqO28tHiG3O8
3366,aapp_competition_test,0,595,6370,0,D:\PythonProjects\llm_eval\test\aapp_competition_test\3366\3366_gen_0.sv,tngtech/deepseek-r1t2-chimera:free,stop,,gen-1762587422-yh6Pcf92DP390rGGK4CW
3522,aapp_competition_test,0,455,8384,0,D:\PythonProjects\llm_eval\test\aapp_competition_test\3522\3522_gen_0.sv,tngtech/deepseek-r1t2-chimera:free,stop,,gen-1762587465-361LNd5xQKmq6wlHYQkL
3064,aapp_competition_test,0,575,7049,0,D:\PythonProjects\llm_eval\test\aapp_competition_test\3064\3064_gen_0.sv,tngtech/deepseek-r1t2-chimera:free,stop,,gen-1762587542-etmcN2v4QhLASUIqEOYt
3422,aapp_competition_test,0,720,12232,0,D:\PythonProjects\llm_eval\test\aapp_competition_test\3422\3422_gen_0.sv,tngtech/deepseek-r1t2-chimera:free,stop,,gen-1762587453-GMhhOzTay9TTfiSyaCc5
3531,aapp_competition_test,0,682,8315,0,D:\PythonProjects\llm_eval\test\aapp_competition_test\3531\3531_gen_0.sv,tngtech/deepseek-r1t2-chimera:free,stop,,gen-1762587544-rlo1YOpUtWzLrOuSYI4c
3779,aapp_competition_test,0,809,10174,0,D:\PythonProjects\llm_eval\test\aapp_competition_test\3779\3779_gen_0.sv,tngtech/deepseek-r1t2-chimera:free,stop,,gen-1762587495-rHtTdkjMb1HM6Zj0fphU
3778,aapp_competition_test,0,751,10303,0,D:\PythonProjects\llm_eval\test\aapp_competition_test\3778\3778_gen_0.sv,tngtech/deepseek-r1t2-chimera:free,,,gen-1762587323-CxL5kB57CP9fUvA4sxVj
3425,aapp_competition_test,0,609,242,0,D:\PythonProjects\llm_eval\test\aapp_competition_test\3425\3425_gen_0.sv,tngtech/deepseek-r1t2-chimera:free,,,gen-1762587541-vtJTbOGU4wLM7BDd7CIz
3367,aapp_competition_test,0,751,10529,0,D:\PythonProjects\llm_eval\test\aapp_competition_test\3367\3367_gen_0.sv,tngtech/deepseek-r1t2-chimera:free,stop,,gen-1762587525-qVeAUHwHWXt5bpW61SR0
3062,aapp_competition_test,0,636,7267,0,D:\PythonProjects\llm_eval\test\aapp_competition_test\3062\3062_gen_0.sv,tngtech/deepseek-r1t2-chimera:free,stop,,gen-1762587464-UoCa7HQgRboOLXTIONpL
3884,aapp_competition_test,0,618,1829,0,D:\PythonProjects\llm_eval\test\aapp_competition_test\3884\3884_gen_0.sv,tngtech/deepseek-r1t2-chimera:free,,,gen-1762587515-56aYJYfyaqrnMGSsCn8k
3887,aapp_competition_test,0,572,8540,0,D:\PythonProjects\llm_eval\test\aapp_competition_test\3887\3887_gen_0.sv,tngtech/deepseek-r1t2-chimera:free,stop,,gen-1762587663-hRAQHlDjr7a0nVMqQX6F
3060,aapp_competition_test,0,590,6274,0,D:\PythonProjects\llm_eval\test\aapp_competition_test\3060\3060_gen_0.sv,tngtech/deepseek-r1t2-chimera:free,stop,,gen-1762587685-LA4iI9M4DPB7OirwBBoJ
3965,aapp_competition_test,0,596,6287,0,D:\PythonProjects\llm_eval\test\aapp_competition_test\3965\3965_gen_0.sv,tngtech/deepseek-r1t2-chimera:free,stop,,gen-1762587665-YF3XMPLk6wIOWNscBBfY
3697,aapp_competition_test,0,699,9799,0,D:\PythonProjects\llm_eval\test\aapp_competition_test\3697\3697_gen_0.sv,tngtech/deepseek-r1t2-chimera:free,stop,,gen-1762587718-lDsUSjzsgSNpGuZiTkDE
3786,aapp_competition_test,0,542,10708,0,D:\PythonProjects\llm_eval\test\aapp_competition_test\3786\3786_gen_0.sv,tngtech/deepseek-r1t2-chimera:free,stop,,gen-1762587738-9uvqWTUomSihfecUXK3M
3368,aapp_competition_test,0,627,10890,0,D:\PythonProjects\llm_eval\test\aapp_competition_test\3368\3368_gen_0.sv,tngtech/deepseek-r1t2-chimera:free,stop,,gen-1762587669-rgPG0pGA4Ps380EDYycZ
3427,aapp_competition_test,0,633,10972,0,D:\PythonProjects\llm_eval\test\aapp_competition_test\3427\3427_gen_0.sv,tngtech/deepseek-r1t2-chimera:free,stop,,gen-1762587681-agjqwchHsNJ9qVWyglA6
3780,aapp_competition_test,0,699,10184,0,D:\PythonProjects\llm_eval\test\aapp_competition_test\3780\3780_gen_0.sv,tngtech/deepseek-r1t2-chimera:free,stop,,gen-1762587655-dWJJRXhkUqjbLJwm5Ohi
3693,aapp_competition_test,0,637,11404,0,D:\PythonProjects\llm_eval\test\aapp_competition_test\3693\3693_gen_0.sv,tngtech/deepseek-r1t2-chimera:free,stop,,gen-1762587731-KmcyG8s4wHxLbQMWskFz
3889,aapp_competition_test,0,526,6359,0,D:\PythonProjects\llm_eval\test\aapp_competition_test\3889\3889_gen_0.sv,tngtech/deepseek-r1t2-chimera:free,stop,,gen-1762587881-9lUnRWJ8MNj9a2BszLTI
3516,aapp_competition_test,0,893,11961,0,D:\PythonProjects\llm_eval\test\aapp_competition_test\3516\3516_gen_0.sv,tngtech/deepseek-r1t2-chimera:free,stop,,gen-1762587703-h5XrjKQKv3DrwYNcs7X0
3963,aapp_competition_test,0,649,2171,0,D:\PythonProjects\llm_eval\test\aapp_competition_test\3963\3963_gen_0.sv,tngtech/deepseek-r1t2-chimera:free,stop,,gen-1762588000-CMgU5Xi05I7lrmHw6u4E
3966,aapp_competition_test,0,478,8848,0,D:\PythonProjects\llm_eval\test\aapp_competition_test\3966\3966_gen_0.sv,tngtech/deepseek-r1t2-chimera:free,stop,,gen-1762587895-K3aNi7Xzp6EMREoR4Xug
3424,aapp_competition_test,0,595,8804,0,D:\PythonProjects\llm_eval\test\aapp_competition_test\3424\3424_gen_0.sv,tngtech/deepseek-r1t2-chimera:free,stop,,gen-1762587955-5YgIn6YsPjQ48sQ8XB8v
3370,aapp_competition_test,0,665,11711,0,D:\PythonProjects\llm_eval\test\aapp_competition_test\3370\3370_gen_0.sv,tngtech/deepseek-r1t2-chimera:free,stop,,gen-1762587908-t54IIXjy4qfkUyib8TDX
3066,aapp_competition_test,0,651,8131,0,D:\PythonProjects\llm_eval\test\aapp_competition_test\3066\3066_gen_0.sv,tngtech/deepseek-r1t2-chimera:free,stop,,gen-1762587979-uanCTG50cDMjIwiaK5sD
3890,aapp_competition_test,0,604,9060,0,D:\PythonProjects\llm_eval\test\aapp_competition_test\3890\3890_gen_0.sv,tngtech/deepseek-r1t2-chimera:free,stop,,gen-1762587990-BWVExQwocrVFImuj6ZPC
3694,aapp_competition_test,0,616,1841,0,D:\PythonProjects\llm_eval\test\aapp_competition_test\3694\3694_gen_0.sv,tngtech/deepseek-r1t2-chimera:free,stop,,gen-1762588132-NURgraicZgb8gAV7Mab2
3790,aapp_competition_test,0,581,9411,0,D:\PythonProjects\llm_eval\test\aapp_competition_test\3790\3790_gen_0.sv,tngtech/deepseek-r1t2-chimera:free,stop,,gen-1762587983-ValP8mZz4k76yn6aqSrn
3698,aapp_competition_test,0,502,11604,0,D:\PythonProjects\llm_eval\test\aapp_competition_test\3698\3698_gen_0.sv,tngtech/deepseek-r1t2-chimera:free,stop,,gen-1762587979-wHRWHwTlPdSofjxcWvCv
3532,aapp_competition_test,0,734,10314,0,D:\PythonProjects\llm_eval\test\aapp_competition_test\3532\3532_gen_0.sv,tngtech/deepseek-r1t2-chimera:free,stop,,gen-1762587979-bGJlwBqPY5GMTQeaabOs
3371,aapp_competition_test,0,678,9137,0,D:\PythonProjects\llm_eval\test\aapp_competition_test\3371\3371_gen_0.sv,tngtech/deepseek-r1t2-chimera:free,stop,,gen-1762588025-vvgTEaSvrDr98DdySBGs
3372,aapp_competition_test,0,853,2735,0,D:\PythonProjects\llm_eval\test\aapp_competition_test\3372\3372_gen_0.sv,tngtech/deepseek-r1t2-chimera:free,stop,,gen-1762588174-LsyaBgmdD4mGqyoTlmqU
3893,aapp_competition_test,0,621,2923,0,D:\PythonProjects\llm_eval\test\aapp_competition_test\3893\3893_gen_0.sv,tngtech/deepseek-r1t2-chimera:free,stop,,gen-1762588170-uafXwtdUen847s4oSeDc
3070,aapp_competition_test,0,700,10419,0,D:\PythonProjects\llm_eval\test\aapp_competition_test\3070\3070_gen_0.sv,tngtech/deepseek-r1t2-chimera:free,stop,,gen-1762588059-UE2NDn0sfkUYMlRmgImV
3702,aapp_competition_test,0,526,2790,0,D:\PythonProjects\llm_eval\test\aapp_competition_test\3702\3702_gen_0.sv,tngtech/deepseek-r1t2-chimera:free,stop,,gen-1762588233-jtTtpFcWXjhLhvbR0Czp
3969,aapp_competition_test,0,522,6394,0,D:\PythonProjects\llm_eval\test\aapp_competition_test\3969\3969_gen_0.sv,tngtech/deepseek-r1t2-chimera:free,stop,,gen-1762588172-utptWGkgxYZkYs1FQmkb
3538,aapp_competition_test,0,651,7508,0,D:\PythonProjects\llm_eval\test\aapp_competition_test\3538\3538_gen_0.sv,tngtech/deepseek-r1t2-chimera:free,stop,,gen-1762588127-UQRs2CE38O36S0quwKpz
3795,aapp_competition_test,0,556,8429,0,D:\PythonProjects\llm_eval\test\aapp_competition_test\3795\3795_gen_0.sv,tngtech/deepseek-r1t2-chimera:free,stop,,gen-1762588137-dees40EyVPgEgy2Y3Zl4
3536,aapp_competition_test,0,622,6886,0,D:\PythonProjects\llm_eval\test\aapp_competition_test\3536\3536_gen_0.sv,tngtech/deepseek-r1t2-chimera:free,stop,,gen-1762588225-1TF6qjQQzPnTWjzKZV9Z
3420,aapp_competition_test,0,509,8995,0,D:\PythonProjects\llm_eval\test\aapp_competition_test\3420\3420_gen_0.sv,tngtech/deepseek-r1t2-chimera:free,stop,,gen-1762588215-ouaqxgoOq79XyJwWguAq
3791,aapp_competition_test,0,632,10271,0,D:\PythonProjects\llm_eval\test\aapp_competition_test\3791\3791_gen_0.sv,tngtech/deepseek-r1t2-chimera:free,stop,,gen-1762588234-FLkQ8gwotboW9UAbhGDa
3074,aapp_competition_test,0,612,9712,0,D:\PythonProjects\llm_eval\test\aapp_competition_test\3074\3074_gen_0.sv,tngtech/deepseek-r1t2-chimera:free,stop,,gen-1762588221-TKIK5nSE3lZUjvr9Nywp
3073,aapp_competition_test,0,654,8068,0,D:\PythonProjects\llm_eval\test\aapp_competition_test\3073\3073_gen_0.sv,tngtech/deepseek-r1t2-chimera:free,stop,,gen-1762588317-x3ppAsLCjic0Oeu8Ms2Q
3970,aapp_competition_test,0,554,9500,0,D:\PythonProjects\llm_eval\test\aapp_competition_test\3970\3970_gen_0.sv,tngtech/deepseek-r1t2-chimera:free,stop,,gen-1762588290-VWiBw6TmKw0J3lGQXoEw
3431,aapp_competition_test,0,608,8120,0,D:\PythonProjects\llm_eval\test\aapp_competition_test\3431\3431_gen_0.sv,tngtech/deepseek-r1t2-chimera:free,stop,,gen-1762588338-tDjyEJQY7zvssBWZ2jC6
3895,aapp_competition_test,0,613,11127,0,D:\PythonProjects\llm_eval\test\aapp_competition_test\3895\3895_gen_0.sv,tngtech/deepseek-r1t2-chimera:free,stop,,gen-1762588276-m7e9iRjZnyuV2HIVdXDu
3430,aapp_competition_test,0,764,10898,0,D:\PythonProjects\llm_eval\test\aapp_competition_test\3430\3430_gen_0.sv,tngtech/deepseek-r1t2-chimera:free,stop,,gen-1762588306-RwGIfJrDjSzTGU97mobG
3375,aapp_competition_test,0,608,10945,0,D:\PythonProjects\llm_eval\test\aapp_competition_test\3375\3375_gen_0.sv,tngtech/deepseek-r1t2-chimera:free,stop,,gen-1762588306-yL3sDvFnm7XL6VqRHvyh
3542,aapp_competition_test,0,563,8881,0,D:\PythonProjects\llm_eval\test\aapp_competition_test\3542\3542_gen_0.sv,tngtech/deepseek-r1t2-chimera:free,stop,,gen-1762588375-uCXg3tvwe0ug9sQBOrKE
3433,aapp_competition_test,0,615,2550,0,D:\PythonProjects\llm_eval\test\aapp_competition_test\3433\3433_gen_0.sv,tngtech/deepseek-r1t2-chimera:free,stop,,gen-1762588505-I0TOe7Lh1l6vHCsRcZq3
3706,aapp_competition_test,0,495,8700,0,D:\PythonProjects\llm_eval\test\aapp_competition_test\3706\3706_gen_0.sv,tngtech/deepseek-r1t2-chimera:free,stop,,gen-1762588396-AHYNPfOBA8Bqzr158RXH
3968,aapp_competition_test,0,665,6170,0,D:\PythonProjects\llm_eval\test\aapp_competition_test\3968\3968_gen_0.sv,tngtech/deepseek-r1t2-chimera:free,stop,,gen-1762588484-pg5DOMDfv228hK0Xaba1
3775,aapp_competition_test,0,616,9818,0,D:\PythonProjects\llm_eval\test\aapp_competition_test\3775\3775_gen_0.sv,tngtech/deepseek-r1t2-chimera:free,stop,,gen-1762588446-OrsdNqi8XUZv9xuZC53X
3380,aapp_competition_test,0,518,2642,0,D:\PythonProjects\llm_eval\test\aapp_competition_test\3380\3380_gen_0.sv,tngtech/deepseek-r1t2-chimera:free,stop,,gen-1762588602-vwQDyVMcCqf2xkA40PUc
3365,aapp_competition_test,0,633,10065,0,D:\PythonProjects\llm_eval\test\aapp_competition_test\3365\3365_gen_0.sv,tngtech/deepseek-r1t2-chimera:free,stop,,gen-1762588486-LtGy9yAx8r9W8t4fY8hd
3972,aapp_competition_test,0,589,6112,0,D:\PythonProjects\llm_eval\test\aapp_competition_test\3972\3972_gen_0.sv,tngtech/deepseek-r1t2-chimera:free,stop,,gen-1762588574-2fBMndref8patLCHGNPl
3710,aapp_competition_test,0,538,8618,0,D:\PythonProjects\llm_eval\test\aapp_competition_test\3710\3710_gen_0.sv,tngtech/deepseek-r1t2-chimera:free,stop,,gen-1762588528-ogq9EajFd3bxBSgYTZxC
3899,aapp_competition_test,0,515,12657,0,D:\PythonProjects\llm_eval\test\aapp_competition_test\3899\3899_gen_0.sv,tngtech/deepseek-r1t2-chimera:free,stop,,gen-1762588469-PJw39w82IXRq4MtBIlXA
3075,aapp_competition_test,0,687,9953,0,D:\PythonProjects\llm_eval\test\aapp_competition_test\3075\3075_gen_0.sv,tngtech/deepseek-r1t2-chimera:free,stop,,gen-1762588523-zXO83Bu4jcJq3i4MWSyQ
3805,aapp_competition_test,0,532,8400,0,D:\PythonProjects\llm_eval\test\aapp_competition_test\3805\3805_gen_0.sv,tngtech/deepseek-r1t2-chimera:free,stop,,gen-1762588556-pJ8Jvs0TXCi41OebByEo
3076,aapp_competition_test,0,649,5845,0,D:\PythonProjects\llm_eval\test\aapp_competition_test\3076\3076_gen_0.sv,tngtech/deepseek-r1t2-chimera:free,stop,,gen-1762588657-WwslHM2ho1zeZUJOzBQ2
3883,aapp_competition_test,0,636,10062,0,D:\PythonProjects\llm_eval\test\aapp_competition_test\3883\3883_gen_0.sv,tngtech/deepseek-r1t2-chimera:free,stop,,gen-1762588563-ythbxVaXIABZ8V0Tm3Ca
3537,aapp_competition_test,0,622,14350,0,D:\PythonProjects\llm_eval\test\aapp_competition_test\3537\3537_gen_0.sv,tngtech/deepseek-r1t2-chimera:free,stop,,gen-1762588528-0CISQFv8aKIF6Q9SR9Mp
3546,aapp_competition_test,0,806,7399,0,D:\PythonProjects\llm_eval\test\aapp_competition_test\3546\3546_gen_0.sv,tngtech/deepseek-r1t2-chimera:free,stop,,gen-1762588683-zRvtnsBrpBukT5Jwl2G6
3802,aapp_competition_test,0,633,6452,0,D:\PythonProjects\llm_eval\test\aapp_competition_test\3802\3802_gen_0.sv,tngtech/deepseek-r1t2-chimera:free,stop,,gen-1762588717-1iDVK5GGMb59NkTUStxs
3437,aapp_competition_test,0,610,10559,0,D:\PythonProjects\llm_eval\test\aapp_competition_test\3437\3437_gen_0.sv,tngtech/deepseek-r1t2-chimera:free,stop,,gen-1762588638-lRT0Zb1Ab1MyVgPQiyEf
3714,aapp_competition_test,0,567,8938,0,D:\PythonProjects\llm_eval\test\aapp_competition_test\3714\3714_gen_0.sv,tngtech/deepseek-r1t2-chimera:free,stop,,gen-1762588698-UKodRSo3uXsNhp0LQjlR
3903,aapp_competition_test,0,519,10565,0,D:\PythonProjects\llm_eval\test\aapp_competition_test\3903\3903_gen_0.sv,tngtech/deepseek-r1t2-chimera:free,stop,,gen-1762588720-sXtWcvdW2yu3gLVAl7NE
3553,aapp_competition_test,0,536,7092,0,D:\PythonProjects\llm_eval\test\aapp_competition_test\3553\3553_gen_0.sv,tngtech/deepseek-r1t2-chimera:free,stop,,gen-1762588812-hM1hBZHUeabCq8ByGrwx
3428,aapp_competition_test,0,717,9605,0,D:\PythonProjects\llm_eval\test\aapp_competition_test\3428\3428_gen_0.sv,tngtech/deepseek-r1t2-chimera:free,stop,,gen-1762588773-rwpuFhMWMOzJ8kPUbM2K
3712,aapp_competition_test,0,758,6429,0,D:\PythonProjects\llm_eval\test\aapp_competition_test\3712\3712_gen_0.sv,tngtech/deepseek-r1t2-chimera:free,stop,,gen-1762588831-06ftuF6Xg1hEyuvf7Ihs
3080,aapp_competition_test,0,609,9469,0,D:\PythonProjects\llm_eval\test\aapp_competition_test\3080\3080_gen_0.sv,tngtech/deepseek-r1t2-chimera:free,stop,,gen-1762588782-ZsCuGMqmLB812gMr7xA5
3978,aapp_competition_test,0,535,11339,0,D:\PythonProjects\llm_eval\test\aapp_competition_test\3978\3978_gen_0.sv,tngtech/deepseek-r1t2-chimera:free,stop,,gen-1762588724-cGCigJzXv3Orp0vRCUEQ
3807,aapp_competition_test,0,670,7300,0,D:\PythonProjects\llm_eval\test\aapp_competition_test\3807\3807_gen_0.sv,tngtech/deepseek-r1t2-chimera:free,stop,,gen-1762588845-j2E54r7jeqoSrALawDox
3377,aapp_competition_test,0,713,11804,0,D:\PythonProjects\llm_eval\test\aapp_competition_test\3377\3377_gen_0.sv,tngtech/deepseek-r1t2-chimera:free,stop,,gen-1762588725-71el9pbB9FZHMWkkvcjE
3904,aapp_competition_test,0,534,7499,0,D:\PythonProjects\llm_eval\test\aapp_competition_test\3904\3904_gen_0.sv,tngtech/deepseek-r1t2-chimera:free,stop,,gen-1762588849-PxwwHpWnp6kcauNSzW4Q
3806,aapp_competition_test,0,503,1007,0,D:\PythonProjects\llm_eval\test\aapp_competition_test\3806\3806_gen_0.sv,tngtech/deepseek-r1t2-chimera:free,stop,,gen-1762589007-x7xMXo5Wdf67Vudrzmsj
3981,aapp_competition_test,0,600,3152,0,D:\PythonProjects\llm_eval\test\aapp_competition_test\3981\3981_gen_0.sv,tngtech/deepseek-r1t2-chimera:free,stop,,gen-1762589015-6UrZO0D5nYEELPIx2Nf5
3444,aapp_competition_test,0,708,2134,0,D:\PythonProjects\llm_eval\test\aapp_competition_test\3444\3444_gen_0.sv,tngtech/deepseek-r1t2-chimera:free,,,gen-1762589037-QD3SnXPXzUoMmfKi3QuC
3977,aapp_competition_test,0,654,9020,0,D:\PythonProjects\llm_eval\test\aapp_competition_test\3977\3977_gen_0.sv,tngtech/deepseek-r1t2-chimera:free,stop,,gen-1762588900-NutjGLXJKmSXopx8EMKn
3379,aapp_competition_test,0,675,7934,0,D:\PythonProjects\llm_eval\test\aapp_competition_test\3379\3379_gen_0.sv,tngtech/deepseek-r1t2-chimera:free,stop,,gen-1762588937-7jKumGlfp2GUPKx9a5b1
3554,aapp_competition_test,0,598,8574,0,D:\PythonProjects\llm_eval\test\aapp_competition_test\3554\3554_gen_0.sv,tngtech/deepseek-r1t2-chimera:free,stop,,gen-1762588977-DomUHPsKTGsn8wc3tMWJ
3705,aapp_competition_test,0,514,4334,0,D:\PythonProjects\llm_eval\test\aapp_competition_test\3705\3705_gen_0.sv,tngtech/deepseek-r1t2-chimera:free,stop,,gen-1762589095-FjzBAVHKwR0VJ2WYG9uz
3352,aapp_competition_test,0,702,8215,0,D:\PythonProjects\llm_eval\test\aapp_competition_test\3352\3352_gen_0.sv,tngtech/deepseek-r1t2-chimera:free,stop,,gen-1762589016-EnKunGbXgdjXfHr1VS7i
3716,aapp_competition_test,0,484,9948,0,D:\PythonProjects\llm_eval\test\aapp_competition_test\3716\3716_gen_0.sv,tngtech/deepseek-r1t2-chimera:free,stop,,gen-1762588984-2PSUuUeKyFrYHmPkhpBe
3441,aapp_competition_test,0,608,10816,0,D:\PythonProjects\llm_eval\test\aapp_competition_test\3441\3441_gen_0.sv,tngtech/deepseek-r1t2-chimera:free,stop,,gen-1762588963-zYz6C6SgnapmyTvOcZJM
3905,aapp_competition_test,0,677,10641,0,D:\PythonProjects\llm_eval\test\aapp_competition_test\3905\3905_gen_0.sv,tngtech/deepseek-r1t2-chimera:free,stop,,gen-1762589007-9qXHLK9nemNatUk3T3E0
3082,aapp_competition_test,0,734,10829,0,D:\PythonProjects\llm_eval\test\aapp_competition_test\3082\3082_gen_0.sv,tngtech/deepseek-r1t2-chimera:free,stop,,gen-1762588976-8f5nuDRHGQfTcm0rFZzy
3534,aapp_competition_test,0,607,8966,0,D:\PythonProjects\llm_eval\test\aapp_competition_test\3534\3534_gen_0.sv,tngtech/deepseek-r1t2-chimera:free,stop,,gen-1762589091-XibYnPVwDF4EWreD8K5T
3985,aapp_competition_test,0,555,6506,0,D:\PythonProjects\llm_eval\test\aapp_competition_test\3985\3985_gen_0.sv,tngtech/deepseek-r1t2-chimera:free,stop,,gen-1762589191-SrmxLcsbMF47GuKIu1RP
3776,aapp_competition_test,0,720,9447,0,D:\PythonProjects\llm_eval\test\aapp_competition_test\3776\3776_gen_0.sv,tngtech/deepseek-r1t2-chimera:free,stop,,gen-1762589115-5146FRTnkkt6JhbLyowN
3384,aapp_competition_test,0,640,6042,0,D:\PythonProjects\llm_eval\test\aapp_competition_test\3384\3384_gen_0.sv,tngtech/deepseek-r1t2-chimera:free,stop,,gen-1762589211-Cp9oPZ70cNfYLBEOfc2X
3911,aapp_competition_test,0,611,9649,0,D:\PythonProjects\llm_eval\test\aapp_competition_test\3911\3911_gen_0.sv,tngtech/deepseek-r1t2-chimera:free,stop,,gen-1762589183-fPIC9SmQYf8FdRpH6DjP
3081,aapp_competition_test,0,642,12943,0,D:\PythonProjects\llm_eval\test\aapp_competition_test\3081\3081_gen_0.sv,tngtech/deepseek-r1t2-chimera:free,stop,,gen-1762589089-9LnwdS4vyvON8nnppmDP
3085,aapp_competition_test,0,499,9135,0,D:\PythonProjects\llm_eval\test\aapp_competition_test\3085\3085_gen_0.sv,tngtech/deepseek-r1t2-chimera:free,stop,,gen-1762589215-L9KGS5XVchB3IAg7hgQg
3715,aapp_competition_test,0,522,8891,0,D:\PythonProjects\llm_eval\test\aapp_competition_test\3715\3715_gen_0.sv,tngtech/deepseek-r1t2-chimera:free,stop,,gen-1762589255-kV7XHqxGEcAOx4vxn7uX
3558,aapp_competition_test,0,548,9674,0,D:\PythonProjects\llm_eval\test\aapp_competition_test\3558\3558_gen_0.sv,tngtech/deepseek-r1t2-chimera:free,stop,,gen-1762589247-IOKbylrq53BFzP8tmdai
3442,aapp_competition_test,0,622,11778,0,D:\PythonProjects\llm_eval\test\aapp_competition_test\3442\3442_gen_0.sv,tngtech/deepseek-r1t2-chimera:free,stop,,gen-1762589213-63LRb71i1wwgnfV1QfOh
3987,aapp_competition_test,0,668,9151,0,D:\PythonProjects\llm_eval\test\aapp_competition_test\3987\3987_gen_0.sv,tngtech/deepseek-r1t2-chimera:free,stop,,gen-1762589337-P4JzmjlU1iXXEJgLuPKi
3383,aapp_competition_test,0,652,9171,0,D:\PythonProjects\llm_eval\test\aapp_competition_test\3383\3383_gen_0.sv,tngtech/deepseek-r1t2-chimera:free,stop,,gen-1762589353-JFlPFShKnzzOrcxkOqFf
3445,aapp_competition_test,0,644,8861,0,D:\PythonProjects\llm_eval\test\aapp_competition_test\3445\3445_gen_0.sv,tngtech/deepseek-r1t2-chimera:free,stop,,gen-1762589395-yg5Y5f8CI0SG99BrNMUj
3559,aapp_competition_test,0,774,9112,0,D:\PythonProjects\llm_eval\test\aapp_competition_test\3559\3559_gen_0.sv,tngtech/deepseek-r1t2-chimera:free,stop,,gen-1762589402-sAYeUdEYIU0e2HeaS9m7
3720,aapp_competition_test,0,546,5939,0,D:\PythonProjects\llm_eval\test\aapp_competition_test\3720\3720_gen_0.sv,tngtech/deepseek-r1t2-chimera:free,stop,,gen-1762589475-2bxHZpradB9BcV7PnlMs
3858,aapp_competition_test,0,503,14101,0,D:\PythonProjects\llm_eval\test\aapp_competition_test\3858\3858_gen_0.sv,tngtech/deepseek-r1t2-chimera:free,stop,,gen-1762589336-1XKwDh4x95zXJFuMuU67
3810,aapp_competition_test,0,587,7492,0,D:\PythonProjects\llm_eval\test\aapp_competition_test\3810\3810_gen_0.sv,tngtech/deepseek-r1t2-chimera:free,stop,,gen-1762589528-P9dwT9q1GmdPAlJM4RaI
3815,aapp_competition_test,0,709,10389,0,D:\PythonProjects\llm_eval\test\aapp_competition_test\3815\3815_gen_0.sv,tngtech/deepseek-r1t2-chimera:free,stop,,gen-1762589484-Q4epCAlHxtQCuNToG2td
3912,aapp_competition_test,0,635,9451,0,D:\PythonProjects\llm_eval\test\aapp_competition_test\3912\3912_gen_0.sv,tngtech/deepseek-r1t2-chimera:free,stop,,gen-1762589487-zmLk9VSF3tv1DlP6aITk
3084,aapp_competition_test,0,587,5714,0,D:\PythonProjects\llm_eval\test\aapp_competition_test\3084\3084_gen_0.sv,tngtech/deepseek-r1t2-chimera:free,stop,,gen-1762589600-MFFwL5OjQR94Mm11tLP0
3083,aapp_competition_test,0,664,12314,0,D:\PythonProjects\llm_eval\test\aapp_competition_test\3083\3083_gen_0.sv,tngtech/deepseek-r1t2-chimera:free,stop,,gen-1762589434-kQjnmwRn2EJZkQoXLI0w
3984,aapp_competition_test,0,672,9533,0,D:\PythonProjects\llm_eval\test\aapp_competition_test\3984\3984_gen_0.sv,tngtech/deepseek-r1t2-chimera:free,stop,,gen-1762589533-pxzN23rLX4ojXYtGq26o
3434,aapp_competition_test,0,678,8735,0,D:\PythonProjects\llm_eval\test\aapp_competition_test\3434\3434_gen_0.sv,tngtech/deepseek-r1t2-chimera:free,stop,,gen-1762589588-ov9SLhP5Z3rzcdJ91zsy
3387,aapp_competition_test,0,664,2532,0,D:\PythonProjects\llm_eval\test\aapp_competition_test\3387\3387_gen_0.sv,tngtech/deepseek-r1t2-chimera:free,stop,,gen-1762589718-E1qGLV0sOpgkq4YwzYTZ
3385,aapp_competition_test,0,475,11057,0,D:\PythonProjects\llm_eval\test\aapp_competition_test\3385\3385_gen_0.sv,tngtech/deepseek-r1t2-chimera:free,stop,,gen-1762589551-lYK8gwZGT0fyFDhViDW2
3824,aapp_competition_test,0,509,2607,0,D:\PythonProjects\llm_eval\test\aapp_competition_test\3824\3824_gen_0.sv,tngtech/deepseek-r1t2-chimera:free,stop,,gen-1762589784-or4qSjAauDa7sas3MZtB
3916,aapp_competition_test,0,448,446,0,D:\PythonProjects\llm_eval\test\aapp_competition_test\3916\3916_gen_0.sv,tngtech/deepseek-r1t2-chimera:free,,,gen-1762589837-88EbX11cDk4vSujmc4Xt
3703,aapp_competition_test,0,500,3831,0,D:\PythonProjects\llm_eval\test\aapp_competition_test\3703\3703_gen_0.sv,tngtech/deepseek-r1t2-chimera:free,stop,,gen-1762589768-EnHMJJBga4E6GHjXCvVf
3562,aapp_competition_test,0,686,12506,0,D:\PythonProjects\llm_eval\test\aapp_competition_test\3562\3562_gen_0.sv,tngtech/deepseek-r1t2-chimera:free,stop,,gen-1762589602-HE3acPWQUC2XBFKax04I
3817,aapp_competition_test,0,559,7691,0,D:\PythonProjects\llm_eval\test\aapp_competition_test\3817\3817_gen_0.sv,tngtech/deepseek-r1t2-chimera:free,stop,,gen-1762589679-51eEGQ21pe1wpkeAKtLG
3989,aapp_competition_test,0,590,8762,0,D:\PythonProjects\llm_eval\test\aapp_competition_test\3989\3989_gen_0.sv,tngtech/deepseek-r1t2-chimera:free,stop,,gen-1762589708-SlMHFTITEKJJZRVlYuTw
3717,aapp_competition_test,0,724,12572,0,D:\PythonProjects\llm_eval\test\aapp_competition_test\3717\3717_gen_0.sv,tngtech/deepseek-r1t2-chimera:free,stop,,gen-1762589638-257Cef5ofRFJ0qoe1zpY
3447,aapp_competition_test,0,626,9177,0,D:\PythonProjects\llm_eval\test\aapp_competition_test\3447\3447_gen_0.sv,tngtech/deepseek-r1t2-chimera:free,stop,,gen-1762589721-6sv0YnFpoYMorphGyaKZ
3913,aapp_competition_test,0,583,10772,0,D:\PythonProjects\llm_eval\test\aapp_competition_test\3913\3913_gen_0.sv,tngtech/deepseek-r1t2-chimera:free,stop,,gen-1762589694-tYop4soFHCxvD0L4dMVJ
3709,aapp_competition_test,0,446,2805,0,D:\PythonProjects\llm_eval\test\aapp_competition_test\3709\3709_gen_0.sv,tngtech/deepseek-r1t2-chimera:free,stop,,gen-1762589900-PQ9bO0xJr7H74QZQw1tx
3091,aapp_competition_test,0,543,11297,0,D:\PythonProjects\llm_eval\test\aapp_competition_test\3091\3091_gen_0.sv,tngtech/deepseek-r1t2-chimera:free,stop,,gen-1762589739-Em0soLwUx4zJWkAJCHsD
3564,aapp_competition_test,0,796,9832,0,D:\PythonProjects\llm_eval\test\aapp_competition_test\3564\3564_gen_0.sv,tngtech/deepseek-r1t2-chimera:free,,,gen-1762589765-FB88F9Q6f1kx8FRC1VPX
3446,aapp_competition_test,0,695,7344,0,D:\PythonProjects\llm_eval\test\aapp_competition_test\3446\3446_gen_0.sv,tngtech/deepseek-r1t2-chimera:free,stop,,gen-1762589863-IhOyC6AJVRKSmTnkZVK3
3388,aapp_competition_test,0,618,8719,0,D:\PythonProjects\llm_eval\test\aapp_competition_test\3388\3388_gen_0.sv,tngtech/deepseek-r1t2-chimera:free,stop,,gen-1762589855-wDLoDUXmCOdOUsfyj6DI
3571,aapp_competition_test,0,691,7762,0,D:\PythonProjects\llm_eval\test\aapp_competition_test\3571\3571_gen_0.sv,tngtech/deepseek-r1t2-chimera:free,stop,,gen-1762589893-83PfLzKpXC9Kk2qQUupY
3995,aapp_competition_test,0,506,5838,0,D:\PythonProjects\llm_eval\test\aapp_competition_test\3995\3995_gen_0.sv,tngtech/deepseek-r1t2-chimera:free,stop,,gen-1762589958-o4C2HXbpfgZIcvcj4imS
3988,aapp_competition_test,0,633,12166,0,D:\PythonProjects\llm_eval\test\aapp_competition_test\3988\3988_gen_0.sv,tngtech/deepseek-r1t2-chimera:free,stop,,gen-1762589850-aPA7WnSPe0PXxOEyBZSp
3089,aapp_competition_test,0,606,11621,0,D:\PythonProjects\llm_eval\test\aapp_competition_test\3089\3089_gen_0.sv,tngtech/deepseek-r1t2-chimera:free,stop,,gen-1762589866-5ym9Vfk7M6gH3ieqrThA
3826,aapp_competition_test,0,559,3501,0,D:\PythonProjects\llm_eval\test\aapp_competition_test\3826\3826_gen_0.sv,tngtech/deepseek-r1t2-chimera:free,stop,,gen-1762590087-N6uhd7iDBkuCoPSndVI5
3822,aapp_competition_test,0,708,10729,0,D:\PythonProjects\llm_eval\test\aapp_competition_test\3822\3822_gen_0.sv,tngtech/deepseek-r1t2-chimera:free,stop,,gen-1762589913-eqEMt1IIYXh7WjbzfYnz
3915,aapp_competition_test,0,583,12381,0,D:\PythonProjects\llm_eval\test\aapp_competition_test\3915\3915_gen_0.sv,tngtech/deepseek-r1t2-chimera:free,stop,,gen-1762589923-G1qE6yrIbCAWigmnqZb8
3574,aapp_competition_test,0,592,8075,0,D:\PythonProjects\llm_eval\test\aapp_competition_test\3574\3574_gen_0.sv,tngtech/deepseek-r1t2-chimera:free,stop,,gen-1762590041-XOUsfZIzb2XlqFrrP2Lx
3374,aapp_competition_test,0,718,11151,0,D:\PythonProjects\llm_eval\test\aapp_competition_test\3374\3374_gen_0.sv,tngtech/deepseek-r1t2-chimera:free,stop,,gen-1762589984-9vxd6kIY7NaVI4h4PcSt
3451,aapp_competition_test,0,676,11046,0,D:\PythonProjects\llm_eval\test\aapp_competition_test\3451\3451_gen_0.sv,tngtech/deepseek-r1t2-chimera:free,stop,,gen-1762589993-DvlW3ku0TlqIfYNnvse8
3094,aapp_competition_test,0,670,9832,0,D:\PythonProjects\llm_eval\test\aapp_competition_test\3094\3094_gen_0.sv,tngtech/deepseek-r1t2-chimera:free,stop,,gen-1762590032-Kb5KNc0V7sH9PxPuKzAE
3926,aapp_competition_test,0,662,10153,0,D:\PythonProjects\llm_eval\test\aapp_competition_test\3926\3926_gen_0.sv,tngtech/deepseek-r1t2-chimera:free,stop,,gen-1762590109-JQI8mwuiUEsHblUhY1UT
3725,aapp_competition_test,0,614,12628,0,D:\PythonProjects\llm_eval\test\aapp_competition_test\3725\3725_gen_0.sv,tngtech/deepseek-r1t2-chimera:free,stop,,gen-1762590084-zkD0UtWYkRmSMMckSY0J
3993,aapp_competition_test,0,655,12461,0,D:\PythonProjects\llm_eval\test\aapp_competition_test\3993\3993_gen_0.sv,tngtech/deepseek-r1t2-chimera:free,stop,,gen-1762590127-G83z0PvLl5wCj3Pic9FZ
3449,aapp_competition_test,0,695,11471,0,D:\PythonProjects\llm_eval\test\aapp_competition_test\3449\3449_gen_0.sv,tngtech/deepseek-r1t2-chimera:free,stop,,gen-1762590164-bjc33wZJTgm5RDbXsM4F
3373,aapp_competition_test,0,532,8201,0,D:\PythonProjects\llm_eval\test\aapp_competition_test\3373\3373_gen_0.sv,tngtech/deepseek-r1t2-chimera:free,stop,,gen-1762590233-87vM16x1J58VB0HRekND
397,mbpp_test,0,363,1637,0,D:\PythonProjects\llm_eval\test\mbpp_test\397\397_gen_0.sv,tngtech/deepseek-r1t2-chimera:free,stop,,gen-1762625141-R9Fs4BAw4KR7PW1Qx0SL
556,mbpp_validation,0,422,1746,0,D:\PythonProjects\llm_eval\test\mbpp_validation\556\556_gen_0.sv,tngtech/deepseek-r1t2-chimera:free,stop,,gen-1762625141-JUjtZuSXZtQuPWUK7nOW
170,mbpp_test,0,482,1787,0,D:\PythonProjects\llm_eval\test\mbpp_test\170\170_gen_0.sv,tngtech/deepseek-r1t2-chimera:free,stop,,gen-1762625141-GMNVWqqSVlBgnFsc8ZrS
396,mbpp_test,0,326,546,0,D:\PythonProjects\llm_eval\test\mbpp_test\396\396_gen_0.sv,tngtech/deepseek-r1t2-chimera:free,stop,,gen-1762625216-laGoCCzl8n9wFINqURSl
50,human_eval_test,0,440,2505,0,D:\PythonProjects\llm_eval\test\human_eval_test\50\50_gen_0.sv,tngtech/deepseek-r1t2-chimera:free,stop,,gen-1762625141-VniIHKsz4nWSKeIr3tld
274,mbpp_test,0,318,836,0,D:\PythonProjects\llm_eval\test\mbpp_test\274\274_gen_0.sv,tngtech/deepseek-r1t2-chimera:free,stop,,gen-1762625213-EGxAfRzA9G85DVCFIJ40
273,mbpp_test,0,352,2528,0,D:\PythonProjects\llm_eval\test\mbpp_test\273\273_gen_0.sv,tngtech/deepseek-r1t2-chimera:free,stop,,gen-1762625141-a8HV72Ptzyx5sLx7yLdV
172,mbpp_test,0,406,3779,0,D:\PythonProjects\llm_eval\test\mbpp_test\172\172_gen_0.sv,tngtech/deepseek-r1t2-chimera:free,stop,,gen-1762625141-Y8zKvYBRpuLQoBnMghFx
102,human_eval_test,0,358,1563,0,D:\PythonProjects\llm_eval\test\human_eval_test\102\102_gen_0.sv,tngtech/deepseek-r1t2-chimera:free,stop,,gen-1762625259-wCGPUBwHyWN66hLNWTyi
76,human_eval_test,0,507,5977,0,D:\PythonProjects\llm_eval\test\human_eval_test\76\76_gen_0.sv,tngtech/deepseek-r1t2-chimera:free,stop,,gen-1762625141-M4iUlrwwpVpfr2kYDLlL
223,mbpp_test,0,429,3473,0,D:\PythonProjects\llm_eval\test\mbpp_test\223\223_gen_0.sv,tngtech/deepseek-r1t2-chimera:free,stop,,gen-1762625268-FMoKGF6oK2JsaFKwvQrP
278,mbpp_test,0,361,3572,0,D:\PythonProjects\llm_eval\test\mbpp_test\278\278_gen_0.sv,tngtech/deepseek-r1t2-chimera:free,stop,,gen-1762625303-Lk9sfS2TTFOli9kHo7HQ
147,human_eval_test,0,432,7778,0,D:\PythonProjects\llm_eval\test\human_eval_test\147\147_gen_0.sv,tngtech/deepseek-r1t2-chimera:free,stop,,gen-1762625141-2ARSNrCdYywrQIVWsp4g
559,mbpp_validation,0,533,6392,0,D:\PythonProjects\llm_eval\test\mbpp_validation\559\559_gen_0.sv,tngtech/deepseek-r1t2-chimera:free,stop,,gen-1762625243-cfNWTOc78l0NprwvufgP
393,mbpp_test,0,494,4277,0,D:\PythonProjects\llm_eval\test\mbpp_test\393\393_gen_0.sv,tngtech/deepseek-r1t2-chimera:free,stop,,gen-1762625325-Hl7ZU0dbjJSFZRHwH4zm
148,human_eval_test,0,593,8769,0,D:\PythonProjects\llm_eval\test\human_eval_test\148\148_gen_0.sv,tngtech/deepseek-r1t2-chimera:free,stop,,gen-1762625171-Rpxjlfu5w8Ox5GwThEJ0
279,mbpp_test,0,322,921,0,D:\PythonProjects\llm_eval\test\mbpp_test\279\279_gen_0.sv,tngtech/deepseek-r1t2-chimera:free,stop,,gen-1762625532-7tkHiZzm4CBG9e4wMx9z
777,mbpp_train,0,493,10626,0,D:\PythonProjects\llm_eval\test\mbpp_train\777\777_gen_0.sv,tngtech/deepseek-r1t2-chimera:free,stop,,gen-1762625141-2PMbgILF2podoiwFbZoZ
222,mbpp_test,0,332,2485,0,D:\PythonProjects\llm_eval\test\mbpp_test\222\222_gen_0.sv,tngtech/deepseek-r1t2-chimera:free,stop,,gen-1762625483-cTvLpxMkzI2fdvHy2el6
122,human_eval_test,0,495,8919,0,D:\PythonProjects\llm_eval\test\human_eval_test\122\122_gen_0.sv,tngtech/deepseek-r1t2-chimera:free,stop,,gen-1762625252-7007HpMhKhA16ra0GmQg
153,human_eval_test,0,540,4853,0,D:\PythonProjects\llm_eval\test\human_eval_test\153\153_gen_0.sv,tngtech/deepseek-r1t2-chimera:free,stop,,gen-1762625472-hMSOH6mIwITQwYVt2kZ9
778,mbpp_train,0,562,11153,0,D:\PythonProjects\llm_eval\test\mbpp_train\778\778_gen_0.sv,tngtech/deepseek-r1t2-chimera:free,stop,,gen-1762625227-oxeQVYfqC2DJitol63U5
782,mbpp_train,0,379,3695,0,D:\PythonProjects\llm_eval\test\mbpp_train\782\782_gen_0.sv,tngtech/deepseek-r1t2-chimera:free,stop,,gen-1762625585-aCzrPpwiYOOMtFqxmos8
70,human_eval_test,0,582,6498,0,D:\PythonProjects\llm_eval\test\human_eval_test\70\70_gen_0.sv,tngtech/deepseek-r1t2-chimera:free,stop,,gen-1762625469-e8vmg8emYMc7NVo7CiOL
404,mbpp_test,0,327,389,0,D:\PythonProjects\llm_eval\test\mbpp_test\404\404_gen_0.sv,tngtech/deepseek-r1t2-chimera:free,stop,,gen-1762625741-KUdJBCx6vNzhNWTKG8LD
564,mbpp_validation,0,457,7386,0,D:\PythonProjects\llm_eval\test\mbpp_validation\564\564_gen_0.sv,tngtech/deepseek-r1t2-chimera:free,stop,,gen-1762625439-DbyRLWKqZFCPKNBeEJ11
24,human_eval_test,0,513,3208,0,D:\PythonProjects\llm_eval\test\human_eval_test\24\24_gen_0.sv,tngtech/deepseek-r1t2-chimera:free,stop,,gen-1762625636-AF0huqnUzaFPzWUoZpwF
781,mbpp_train,0,367,8834,0,D:\PythonProjects\llm_eval\test\mbpp_train\781\781_gen_0.sv,tngtech/deepseek-r1t2-chimera:free,stop,,gen-1762625410-BBbiYR2XPQDYIvJv4vzn
249,mbpp_test,0,483,2153,0,D:\PythonProjects\llm_eval\test\mbpp_test\249\249_gen_0.sv,tngtech/deepseek-r1t2-chimera:free,stop,,gen-1762625734-vHr62PFuse6k8eRuCtBK
227,mbpp_test,0,345,734,0,D:\PythonProjects\llm_eval\test\mbpp_test\227\227_gen_0.sv,tngtech/deepseek-r1t2-chimera:free,stop,,gen-1762625787-L0FMieHYXW43s14CT2l6
775,mbpp_train,0,386,1746,0,D:\PythonProjects\llm_eval\test\mbpp_train\775\775_gen_0.sv,tngtech/deepseek-r1t2-chimera:free,stop,,gen-1762625749-RmaVZyd9cvaNf8UJ33i0
226,mbpp_test,0,430,3577,0,D:\PythonProjects\llm_eval\test\mbpp_test\226\226_gen_0.sv,tngtech/deepseek-r1t2-chimera:free,stop,,gen-1762625708-divCrD7dcEeqHUYHMmHt
780,mbpp_train,0,652,1173,0,D:\PythonProjects\llm_eval\test\mbpp_train\780\780_gen_0.sv,tngtech/deepseek-r1t2-chimera:free,stop,,gen-1762625825-zqZePqdZEoeayxYLchBG
94,human_eval_test,0,507,6571,0,D:\PythonProjects\llm_eval\test\human_eval_test\94\94_gen_0.sv,tngtech/deepseek-r1t2-chimera:free,stop,,gen-1762625603-SszaunrU9akGc3M0ECZj
568,mbpp_validation,0,415,3431,0,D:\PythonProjects\llm_eval\test\mbpp_validation\568\568_gen_0.sv,tngtech/deepseek-r1t2-chimera:free,stop,,gen-1762625755-rBrmALGGBJPfw1bSO9WV
234,mbpp_test,0,332,1199,0,D:\PythonProjects\llm_eval\test\mbpp_test\234\234_gen_0.sv,tngtech/deepseek-r1t2-chimera:free,stop,,gen-1762625894-coKatOeKPH6vkHXb16qQ
265,mbpp_test,0,511,4515,0,D:\PythonProjects\llm_eval\test\mbpp_test\265\265_gen_0.sv,tngtech/deepseek-r1t2-chimera:free,stop,,gen-1762625812-guZh6ybOwpUUMW4VqQMQ
406,mbpp_test,0,355,859,0,D:\PythonProjects\llm_eval\test\mbpp_test\406\406_gen_0.sv,tngtech/deepseek-r1t2-chimera:free,stop,,gen-1762625986-Jrkkfxsuvh2G7nqvwlxr
392,mbpp_test,0,595,12105,0,D:\PythonProjects\llm_eval\test\mbpp_test\392\392_gen_0.sv,tngtech/deepseek-r1t2-chimera:free,stop,,gen-1762625556-SE8g6glSI68ykauN8o93
96,human_eval_test,0,453,6055,0,D:\PythonProjects\llm_eval\test\human_eval_test\96\96_gen_0.sv,tngtech/deepseek-r1t2-chimera:free,stop,,gen-1762625868-l4qw0bq9OEd9o87lopqN
149,human_eval_test,0,470,9044,0,D:\PythonProjects\llm_eval\test\human_eval_test\149\149_gen_0.sv,tngtech/deepseek-r1t2-chimera:free,stop,,gen-1762625760-Vjyz9svicv4fwuuBZoR5
398,mbpp_test,0,468,8339,0,D:\PythonProjects\llm_eval\test\mbpp_test\398\398_gen_0.sv,tngtech/deepseek-r1t2-chimera:free,stop,,gen-1762625814-IlRLRQXAgaeh0wh5bGBU
565,mbpp_validation,0,407,2079,0,D:\PythonProjects\llm_eval\test\mbpp_validation\565\565_gen_0.sv,tngtech/deepseek-r1t2-chimera:free,stop,,gen-1762626097-FIEJ3ltQiy8upYMY0uSf
566,mbpp_validation,0,472,8031,0,D:\PythonProjects\llm_eval\test\mbpp_validation\566\566_gen_0.sv,tngtech/deepseek-r1t2-chimera:free,stop,,gen-1762625850-gPSZV9L2O3KowS0GadHH
563,mbpp_validation,0,586,13726,0,D:\PythonProjects\llm_eval\test\mbpp_validation\563\563_gen_0.sv,tngtech/deepseek-r1t2-chimera:free,stop,,gen-1762625595-d1uU0zln7WMspDHXjyWi
272,mbpp_test,0,364,674,0,D:\PythonProjects\llm_eval\test\mbpp_test\272\272_gen_0.sv,tngtech/deepseek-r1t2-chimera:free,stop,,gen-1762626182-ZnVDLfL83CHwt0usi4RA
786,mbpp_train,0,422,4172,0,D:\PythonProjects\llm_eval\test\mbpp_train\786\786_gen_0.sv,tngtech/deepseek-r1t2-chimera:free,stop,,gen-1762626024-Lj2dlJVIUahZ9EkqaQKc
567,mbpp_validation,0,396,924,0,D:\PythonProjects\llm_eval\test\mbpp_validation\567\567_gen_0.sv,tngtech/deepseek-r1t2-chimera:free,stop,,gen-1762626210-IL5l2hldvDkwOoAEHuuU
77,human_eval_test,0,448,5033,0,D:\PythonProjects\llm_eval\test\human_eval_test\77\77_gen_0.sv,tngtech/deepseek-r1t2-chimera:free,stop,,gen-1762626068-txbHurXDCPv1ks9GSURK
390,mbpp_test,0,416,2037,0,D:\PythonProjects\llm_eval\test\mbpp_test\390\390_gen_0.sv,tngtech/deepseek-r1t2-chimera:free,stop,,gen-1762626195-cqCAdtGewGoh8UKPusS6
235,mbpp_test,0,320,1617,0,D:\PythonProjects\llm_eval\test\mbpp_test\235\235_gen_0.sv,tngtech/deepseek-r1t2-chimera:free,stop,,gen-1762626256-n8PEclwAPt3ayEf1LFPF
276,mbpp_test,0,601,10217,0,D:\PythonProjects\llm_eval\test\mbpp_test\276\276_gen_0.sv,tngtech/deepseek-r1t2-chimera:free,stop,,gen-1762625948-gV0QzrXPtJLVlPAA7cgV
281,mbpp_test,0,397,2151,0,D:\PythonProjects\llm_eval\test\mbpp_test\281\281_gen_0.sv,tngtech/deepseek-r1t2-chimera:free,stop,,gen-1762626268-w44NnIieD2CIPqeNrsbm
784,mbpp_train,0,553,4246,0,D:\PythonProjects\llm_eval\test\mbpp_train\784\784_gen_0.sv,tngtech/deepseek-r1t2-chimera:free,stop,,gen-1762626196-5VhaP7gL7iIaG2DTGhj1
788,mbpp_train,0,394,542,0,D:\PythonProjects\llm_eval\test\mbpp_train\788\788_gen_0.sv,tngtech/deepseek-r1t2-chimera:free,stop,,gen-1762626338-ZEjMCXDv2DWVUquUmMKF
405,mbpp_test,0,369,1825,0,D:\PythonProjects\llm_eval\test\mbpp_test\405\405_gen_0.sv,tngtech/deepseek-r1t2-chimera:free,stop,,gen-1762626313-J3ypkqsl9m1M1JTCdJpS
129,human_eval_test,0,575,12768,0,D:\PythonProjects\llm_eval\test\human_eval_test\129\129_gen_0.sv,tngtech/deepseek-r1t2-chimera:free,stop,,gen-1762625878-PMMegn58tRpkMja66dTG
43,human_eval_test,0,525,6480,0,D:\PythonProjects\llm_eval\test\human_eval_test\43\43_gen_0.sv,tngtech/deepseek-r1t2-chimera:free,stop,,gen-1762626135-FBcTi5FV3g0zKGXab7Za
284,mbpp_test,0,369,532,0,D:\PythonProjects\llm_eval\test\mbpp_test\284\284_gen_0.sv,tngtech/deepseek-r1t2-chimera:free,stop,,gen-1762626392-Hku49vVFJXxQum2xOuTO
230,mbpp_test,0,391,1143,0,D:\PythonProjects\llm_eval\test\mbpp_test\230\230_gen_0.sv,tngtech/deepseek-r1t2-chimera:free,stop,,gen-1762626387-KqRijtqDhmIJhS2i3Bew
401,mbpp_test,0,463,1739,0,D:\PythonProjects\llm_eval\test\mbpp_test\401\401_gen_0.sv,tngtech/deepseek-r1t2-chimera:free,stop,,gen-1762626393-hd0NXplJP1qpCvq1f5x2
577,mbpp_validation,0,393,755,0,D:\PythonProjects\llm_eval\test\mbpp_validation\577\577_gen_0.sv,tngtech/deepseek-r1t2-chimera:free,stop,,gen-1762626436-Cx8XBa1QtlrtqWEnHWnS
51,human_eval_test,0,479,8256,0,D:\PythonProjects\llm_eval\test\human_eval_test\51\51_gen_0.sv,tngtech/deepseek-r1t2-chimera:free,stop,,gen-1762626164-mkdtX5KzOsMJORgP9CWb
229,mbpp_test,0,458,7132,0,D:\PythonProjects\llm_eval\test\mbpp_test\229\229_gen_0.sv,tngtech/deepseek-r1t2-chimera:free,stop,,gen-1762626176-jFKRxvMQDStPzUBs82W7
572,mbpp_validation,0,471,5253,0,D:\PythonProjects\llm_eval\test\mbpp_validation\572\572_gen_0.sv,tngtech/deepseek-r1t2-chimera:free,stop,,gen-1762626341-yX0uoi5ohwpwkoCUC5WU
282,mbpp_test,0,409,1932,0,D:\PythonProjects\llm_eval\test\mbpp_test\282\282_gen_0.sv,tngtech/deepseek-r1t2-chimera:free,stop,,gen-1762626495-X8WTGHj1fF2BNnJP7W9q
126,human_eval_test,0,503,4545,0,D:\PythonProjects\llm_eval\test\human_eval_test\126\126_gen_0.sv,tngtech/deepseek-r1t2-chimera:free,stop,,gen-1762626363-XUB6srZyoojTsvhI2WOz
17,human_eval_test,0,569,5496,0,D:\PythonProjects\llm_eval\test\human_eval_test\17\17_gen_0.sv,tngtech/deepseek-r1t2-chimera:free,stop,,gen-1762626345-aIYmncD5cF9uam4evl5Y
228,mbpp_test,0,476,2672,0,D:\PythonProjects\llm_eval\test\mbpp_test\228\228_gen_0.sv,tngtech/deepseek-r1t2-chimera:free,stop,,gen-1762626493-yg5TThILsDtLbKkaFzcH
790,mbpp_train,0,325,1161,0,D:\PythonProjects\llm_eval\test\mbpp_train\790\790_gen_0.sv,tngtech/deepseek-r1t2-chimera:free,stop,,gen-1762626588-HZTmuWcxeHP7fHa1Sltm
18,human_eval_test,0,454,9347,0,D:\PythonProjects\llm_eval\test\human_eval_test\18\18_gen_0.sv,tngtech/deepseek-r1t2-chimera:free,stop,,gen-1762626230-oL5YUSWISH1RH9u2XlJc
45,human_eval_test,0,376,4945,0,D:\PythonProjects\llm_eval\test\human_eval_test\45\45_gen_0.sv,tngtech/deepseek-r1t2-chimera:free,stop,,gen-1762626464-icUTuqGLK2mvmBn0dHiR
391,mbpp_test,0,468,993,0,D:\PythonProjects\llm_eval\test\mbpp_test\391\391_gen_0.sv,tngtech/deepseek-r1t2-chimera:free,stop,,gen-1762626693-SeOCLcFAqBAccIP5zzP5
785,mbpp_train,0,540,7802,0,D:\PythonProjects\llm_eval\test\mbpp_train\785\785_gen_0.sv,tngtech/deepseek-r1t2-chimera:free,stop,,gen-1762626424-88yupWpthwoat2i4tImk
25,human_eval_test,0,593,6225,0,D:\PythonProjects\llm_eval\test\human_eval_test\25\25_gen_0.sv,tngtech/deepseek-r1t2-chimera:free,stop,,gen-1762626470-CakODRqc0OqJq1amf5hU
280,mbpp_test,0,576,3115,0,D:\PythonProjects\llm_eval\test\mbpp_test\280\280_gen_0.sv,tngtech/deepseek-r1t2-chimera:free,stop,,gen-1762626657-5ZmO8ln0cDbOwkNJ1Vku
156,human_eval_test,0,462,12893,0,D:\PythonProjects\llm_eval\test\human_eval_test\156\156_gen_0.sv,tngtech/deepseek-r1t2-chimera:free,,,gen-1762626251-oJ1RFRZiSVJOyyksXqPm
131,human_eval_test,0,405,6717,0,D:\PythonProjects\llm_eval\test\human_eval_test\131\131_gen_0.sv,tngtech/deepseek-r1t2-chimera:free,stop,,gen-1762626611-XtVxm19CuhU4GVZoxOCD
400,mbpp_test,0,538,8210,0,D:\PythonProjects\llm_eval\test\mbpp_test\400\400_gen_0.sv,tngtech/deepseek-r1t2-chimera:free,stop,,gen-1762626583-DyrXTSSPagjiGIYM81D3
787,mbpp_train,0,484,4929,0,D:\PythonProjects\llm_eval\test\mbpp_train\787\787_gen_0.sv,tngtech/deepseek-r1t2-chimera:free,stop,,gen-1762626732-wZqwVsnMa59yHrrW3HHA
573,mbpp_validation,0,545,9464,0,D:\PythonProjects\llm_eval\test\mbpp_validation\573\573_gen_0.sv,tngtech/deepseek-r1t2-chimera:free,stop,,gen-1762626592-Cb6U2G5SblyvLCcMh8vU
396,mbpp_test,0,326,628,0,D:\PythonProjects\llm_eval\test\mbpp_test\396\396_gen_0.sv,tngtech/deepseek-r1t2-chimera:free,stop,,gen-1762629113-CCygvLFWsS6z7NycJBLE
397,mbpp_test,0,363,1742,0,D:\PythonProjects\llm_eval\test\mbpp_test\397\397_gen_0.sv,tngtech/deepseek-r1t2-chimera:free,stop,,gen-1762629113-x5PZ4CEe3DPz0LbOqazI
274,mbpp_test,0,318,1881,0,D:\PythonProjects\llm_eval\test\mbpp_test\274\274_gen_0.sv,tngtech/deepseek-r1t2-chimera:free,stop,,gen-1762629113-4kK2vkBiaoDt0IKMuvrK
170,mbpp_test,0,482,3096,0,D:\PythonProjects\llm_eval\test\mbpp_test\170\170_gen_0.sv,tngtech/deepseek-r1t2-chimera:free,stop,,gen-1762629113-y6JkrEUzZ6EBjvKQBtgK
172,mbpp_test,0,406,3378,0,D:\PythonProjects\llm_eval\test\mbpp_test\172\172_gen_0.sv,tngtech/deepseek-r1t2-chimera:free,stop,,gen-1762629113-vUVhnErBpie6dT5NwQMM
273,mbpp_test,0,352,2947,0,D:\PythonProjects\llm_eval\test\mbpp_test\273\273_gen_0.sv,tngtech/deepseek-r1t2-chimera:free,stop,,gen-1762629113-3ak5aGpbEtLGDY0ZUQMT
147,human_eval_test,0,432,4117,0,D:\PythonProjects\llm_eval\test\human_eval_test\147\147_gen_0.sv,tngtech/deepseek-r1t2-chimera:free,stop,,gen-1762629113-UPvmwwwArAdI5SEaSHQm
55,human_eval_test,0,447,4376,0,D:\PythonProjects\llm_eval\test\human_eval_test\55\55_gen_0.sv,tngtech/deepseek-r1t2-chimera:free,stop,,gen-1762629113-wscmZXhEIz138swSLd06
122,human_eval_test,0,495,5397,0,D:\PythonProjects\llm_eval\test\human_eval_test\122\122_gen_0.sv,tngtech/deepseek-r1t2-chimera:free,stop,,gen-1762629137-VztG4wwADmWFkJYPIyn0
278,mbpp_test,0,361,3696,0,D:\PythonProjects\llm_eval\test\mbpp_test\278\278_gen_0.sv,tngtech/deepseek-r1t2-chimera:free,stop,,gen-1762629220-opJL95dKIKQG5TUNyflM
222,mbpp_test,0,332,1543,0,D:\PythonProjects\llm_eval\test\mbpp_test\222\222_gen_0.sv,tngtech/deepseek-r1t2-chimera:free,stop,,gen-1762629269-JMclbBXczYskUJpEEvkN
148,human_eval_test,0,593,7082,0,D:\PythonProjects\llm_eval\test\human_eval_test\148\148_gen_0.sv,tngtech/deepseek-r1t2-chimera:free,stop,,gen-1762629113-Sa6lBR88nM0gKTQYh2DJ
279,mbpp_test,0,322,850,0,D:\PythonProjects\llm_eval\test\mbpp_test\279\279_gen_0.sv,tngtech/deepseek-r1t2-chimera:free,stop,,gen-1762629334-h9e0Ny6wbHn9nT0G7Dxz
29,human_eval_test,0,543,6564,0,D:\PythonProjects\llm_eval\test\human_eval_test\29\29_gen_0.sv,tngtech/deepseek-r1t2-chimera:free,stop,,gen-1762629113-2QvUNSa9w6NopMhJVtOh
108,human_eval_test,0,398,5838,0,D:\PythonProjects\llm_eval\test\human_eval_test\108\108_gen_0.sv,tngtech/deepseek-r1t2-chimera:free,stop,,gen-1762629174-goziiAEYOzTQLguCiDq3
161,human_eval_test,0,473,4505,0,D:\PythonProjects\llm_eval\test\human_eval_test\161\161_gen_0.sv,tngtech/deepseek-r1t2-chimera:free,stop,,gen-1762629259-ZXqGQtuF8keQJSLYSAjH
404,mbpp_test,0,327,337,0,D:\PythonProjects\llm_eval\test\mbpp_test\404\404_gen_0.sv,tngtech/deepseek-r1t2-chimera:free,stop,,gen-1762629416-EVjhk3YvQIiC6v7X0eZH
223,mbpp_test,0,429,7280,0,D:\PythonProjects\llm_eval\test\mbpp_test\223\223_gen_0.sv,tngtech/deepseek-r1t2-chimera:free,stop,,gen-1762629181-rsR39l2JIW4nGHAaDaPA
393,mbpp_test,0,494,6564,0,D:\PythonProjects\llm_eval\test\mbpp_test\393\393_gen_0.sv,tngtech/deepseek-r1t2-chimera:free,stop,,gen-1762629228-4dTqDPZCjHToPGz1nW5k
227,mbpp_test,0,345,987,0,D:\PythonProjects\llm_eval\test\mbpp_test\227\227_gen_0.sv,tngtech/deepseek-r1t2-chimera:free,stop,,gen-1762629448-u21FkCmnIVloSljmEkTy
56,human_eval_test,0,383,3537,0,D:\PythonProjects\llm_eval\test\human_eval_test\56\56_gen_0.sv,tngtech/deepseek-r1t2-chimera:free,stop,,gen-1762629352-ouukfG3wpUoQNQlRax28
226,mbpp_test,0,430,4626,0,D:\PythonProjects\llm_eval\test\mbpp_test\226\226_gen_0.sv,tngtech/deepseek-r1t2-chimera:free,stop,,gen-1762629368-Tri6gbWzqLpXI2NXuxQx
249,mbpp_test,0,483,4765,0,D:\PythonProjects\llm_eval\test\mbpp_test\249\249_gen_0.sv,tngtech/deepseek-r1t2-chimera:free,stop,,gen-1762629383-PDA8wKLypS0KinXMnCe1
3,human_eval_test,0,516,5039,0,D:\PythonProjects\llm_eval\test\human_eval_test\3\3_gen_0.sv,tngtech/deepseek-r1t2-chimera:free,stop,,gen-1762629434-Mzy5qPjk2wgzqmj3kVo2
234,mbpp_test,0,332,857,0,D:\PythonProjects\llm_eval\test\mbpp_test\234\234_gen_0.sv,tngtech/deepseek-r1t2-chimera:free,stop,,gen-1762629589-6neKrrROg4ah7MmeRcst
30,human_eval_test,0,387,2347,0,D:\PythonProjects\llm_eval\test\human_eval_test\30\30_gen_0.sv,tngtech/deepseek-r1t2-chimera:free,stop,,gen-1762629567-TU8AO4nOn3Vy69YkDe7N
392,mbpp_test,0,595,7670,0,D:\PythonProjects\llm_eval\test\mbpp_test\392\392_gen_0.sv,tngtech/deepseek-r1t2-chimera:free,stop,,gen-1762629341-g6jQO764VLOfler5a3f9
265,mbpp_test,0,511,4925,0,D:\PythonProjects\llm_eval\test\mbpp_test\265\265_gen_0.sv,tngtech/deepseek-r1t2-chimera:free,stop,,gen-1762629454-WrUdKyELJpKBqKs5iqLt
70,human_eval_test,0,582,10712,0,D:\PythonProjects\llm_eval\test\human_eval_test\70\70_gen_0.sv,tngtech/deepseek-r1t2-chimera:free,stop,,gen-1762629247-uCczQ9XnENjNCjxp4VVB
149,human_eval_test,0,470,6535,0,D:\PythonProjects\llm_eval\test\human_eval_test\149\149_gen_0.sv,tngtech/deepseek-r1t2-chimera:free,stop,,gen-1762629425-jfDDdIvPM5eRb0OvDVgy
406,mbpp_test,0,355,2406,0,D:\PythonProjects\llm_eval\test\mbpp_test\406\406_gen_0.sv,tngtech/deepseek-r1t2-chimera:free,stop,,gen-1762629625-2Iu8d8vwfW2ujcOXVUf6
272,mbpp_test,0,364,1151,0,D:\PythonProjects\llm_eval\test\mbpp_test\272\272_gen_0.sv,tngtech/deepseek-r1t2-chimera:free,stop,,gen-1762629689-nUIWYbtLt8NYQAaQEg8z
398,mbpp_test,0,468,6993,0,D:\PythonProjects\llm_eval\test\mbpp_test\398\398_gen_0.sv,tngtech/deepseek-r1t2-chimera:free,stop,,gen-1762629482-EM6NXFs2IPxGfZ5QwQie
43,human_eval_test,0,525,3064,0,D:\PythonProjects\llm_eval\test\human_eval_test\43\43_gen_0.sv,tngtech/deepseek-r1t2-chimera:free,stop,,gen-1762629652-nW45HA83w1UyRIXdwP0Z
235,mbpp_test,0,320,672,0,D:\PythonProjects\llm_eval\test\mbpp_test\235\235_gen_0.sv,tngtech/deepseek-r1t2-chimera:free,stop,,gen-1762629755-5SMGr8J1tcdXAsUEtYRJ
390,mbpp_test,0,416,1871,0,D:\PythonProjects\llm_eval\test\mbpp_test\390\390_gen_0.sv,tngtech/deepseek-r1t2-chimera:free,stop,,gen-1762629714-qjaUhM1sUomfQEAaeCg2
94,human_eval_test,0,507,10112,0,D:\PythonProjects\llm_eval\test\human_eval_test\94\94_gen_0.sv,tngtech/deepseek-r1t2-chimera:free,stop,,gen-1762629342-3IwrX11xEqP8mwJwQbQ6
96,human_eval_test,0,453,7821,0,D:\PythonProjects\llm_eval\test\human_eval_test\96\96_gen_0.sv,tngtech/deepseek-r1t2-chimera:free,stop,,gen-1762629504-SDxBaDaUJxVIbUR8iKhk
405,mbpp_test,0,369,926,0,D:\PythonProjects\llm_eval\test\mbpp_test\405\405_gen_0.sv,tngtech/deepseek-r1t2-chimera:free,stop,,gen-1762629778-8HQt4m2KrXXjvtE8pGOn
281,mbpp_test,0,397,2031,0,D:\PythonProjects\llm_eval\test\mbpp_test\281\281_gen_0.sv,tngtech/deepseek-r1t2-chimera:free,stop,,gen-1762629766-ofhxQn3qxwJHbW9vmuUh
284,mbpp_test,0,369,769,0,D:\PythonProjects\llm_eval\test\mbpp_test\284\284_gen_0.sv,tngtech/deepseek-r1t2-chimera:free,stop,,gen-1762629812-iB3i2udp03gFRz7FqVlZ
230,mbpp_test,0,391,1382,0,D:\PythonProjects\llm_eval\test\mbpp_test\230\230_gen_0.sv,tngtech/deepseek-r1t2-chimera:free,stop,,gen-1762629798-19kD21irsDOV03vnZp38
83,human_eval_test,0,342,2161,0,D:\PythonProjects\llm_eval\test\human_eval_test\83\83_gen_0.sv,tngtech/deepseek-r1t2-chimera:free,stop,,gen-1762629790-BcRTS4nBSSQhHwuVWkjY
401,mbpp_test,0,463,2006,0,D:\PythonProjects\llm_eval\test\mbpp_test\401\401_gen_0.sv,tngtech/deepseek-r1t2-chimera:free,stop,,gen-1762629840-PATU8mpRC1mnzw8HKOzy
136,human_eval_test,0,529,6311,0,D:\PythonProjects\llm_eval\test\human_eval_test\136\136_gen_0.sv,tngtech/deepseek-r1t2-chimera:free,stop,,gen-1762629732-4l8kYuaedK0Um8aIEIqG
228,mbpp_test,0,476,2598,0,D:\PythonProjects\llm_eval\test\mbpp_test\228\228_gen_0.sv,tngtech/deepseek-r1t2-chimera:free,stop,,gen-1762629875-68v7uud4PJ7vGscFeZBe
109,human_eval_test,0,534,9472,0,D:\PythonProjects\llm_eval\test\human_eval_test\109\109_gen_0.sv,tngtech/deepseek-r1t2-chimera:free,stop,,gen-1762629656-lNz7thOHUYH0KNQ5NTmv
282,mbpp_test,0,409,2990,0,D:\PythonProjects\llm_eval\test\mbpp_test\282\282_gen_0.sv,tngtech/deepseek-r1t2-chimera:free,stop,,gen-1762629916-GX0C17KgpVRREqdz48fo
18,human_eval_test,0,454,8955,0,D:\PythonProjects\llm_eval\test\human_eval_test\18\18_gen_0.sv,tngtech/deepseek-r1t2-chimera:free,stop,,gen-1762629718-3nZhmFRWX3TbG1tbjeWh
17,human_eval_test,0,569,7557,0,D:\PythonProjects\llm_eval\test\human_eval_test\17\17_gen_0.sv,tngtech/deepseek-r1t2-chimera:free,stop,,gen-1762629778-dQslX9IrsFbjOfflYVIC
391,mbpp_test,0,468,1282,0,D:\PythonProjects\llm_eval\test\mbpp_test\391\391_gen_0.sv,tngtech/deepseek-r1t2-chimera:free,stop,,gen-1762630110-qTE1NkdNanvfrBt7xdWz
45,human_eval_test,0,376,7878,0,D:\PythonProjects\llm_eval\test\human_eval_test\45\45_gen_0.sv,tngtech/deepseek-r1t2-chimera:free,stop,,gen-1762629843-p266qm1YQdfq9AwzoEd5
280,mbpp_test,0,576,4422,0,D:\PythonProjects\llm_eval\test\mbpp_test\280\280_gen_0.sv,tngtech/deepseek-r1t2-chimera:free,stop,,gen-1762630086-ODY8U6XuqggMo4KPUG9b
4,human_eval_test,0,485,9414,0,D:\PythonProjects\llm_eval\test\human_eval_test\4\4_gen_0.sv,tngtech/deepseek-r1t2-chimera:free,stop,,gen-1762629846-ZGP8j3EEvmKNYT0OiGSk
400,mbpp_test,0,538,8427,0,D:\PythonProjects\llm_eval\test\mbpp_test\400\400_gen_0.sv,tngtech/deepseek-r1t2-chimera:free,stop,,gen-1762629970-j01DZG06M2qHZImF3z9Q
110,human_eval_test,0,382,2092,0,D:\PythonProjects\llm_eval\test\human_eval_test\110\110_gen_0.sv,tngtech/deepseek-r1t2-chimera:free,stop,,gen-1762630205-QqTIA8ZTt8B3PbjItRqL
31,human_eval_test,0,522,6719,0,D:\PythonProjects\llm_eval\test\human_eval_test\31\31_gen_0.sv,tngtech/deepseek-r1t2-chimera:free,stop,,gen-1762630041-IO6eoGUVeA2EOVmrQf2S
150,human_eval_test,0,406,5968,0,D:\PythonProjects\llm_eval\test\human_eval_test\150\150_gen_0.sv,tngtech/deepseek-r1t2-chimera:free,stop,,gen-1762630155-K6UkNPZSNFfpiesu5X3M
287,mbpp_test,0,391,2585,0,D:\PythonProjects\llm_eval\test\mbpp_test\287\287_gen_0.sv,tngtech/deepseek-r1t2-chimera:free,stop,,gen-1762630257-4sizSubDCSt5pWwGWmLN
163,mbpp_test,0,477,10388,0,D:\PythonProjects\llm_eval\test\mbpp_test\163\163_gen_0.sv,tngtech/deepseek-r1t2-chimera:free,stop,,gen-1762630041-muqG2hznOEl5rmgNEwuv
124,human_eval_test,0,469,2896,0,D:\PythonProjects\llm_eval\test\human_eval_test\124\124_gen_0.sv,tngtech/deepseek-r1t2-chimera:free,stop,,gen-1762630285-kGc3J4QOw2L8OGbFGzer
238,mbpp_test,0,358,1383,0,D:\PythonProjects\llm_eval\test\mbpp_test\238\238_gen_0.sv,tngtech/deepseek-r1t2-chimera:free,stop,,gen-1762630359-w04N61zAHRBhhvxCQD4n
57,human_eval_test,0,417,4134,0,D:\PythonProjects\llm_eval\test\human_eval_test\57\57_gen_0.sv,tngtech/deepseek-r1t2-chimera:free,stop,,gen-1762630306-UyxhK5lrOxxkZScBuqNV
123,human_eval_test,0,530,2058,0,D:\PythonProjects\llm_eval\test\human_eval_test\123\123_gen_0.sv,tngtech/deepseek-r1t2-chimera:free,stop,,gen-1762630401-u3ehDCi23aqUZ9v5kNnN
292,mbpp_test,0,339,610,0,D:\PythonProjects\llm_eval\test\mbpp_test\292\292_gen_0.sv,tngtech/deepseek-r1t2-chimera:free,stop,,gen-1762630462-LuV8MlUWYReIReWJxyCZ
44,human_eval_test,0,566,14453,0,D:\PythonProjects\llm_eval\test\human_eval_test\44\44_gen_0.sv,tngtech/deepseek-r1t2-chimera:free,stop,,gen-1762629997-Pp1i9gbzXeWeMe3irMY4
229,mbpp_test,0,458,5352,0,D:\PythonProjects\llm_eval\test\mbpp_test\229\229_gen_0.sv,tngtech/deepseek-r1t2-chimera:free,stop,,gen-1762630359-gVk8ROTkslmoQix0hBl9
232,mbpp_test,0,577,8659,0,D:\PythonProjects\llm_eval\test\mbpp_test\232\232_gen_0.sv,tngtech/deepseek-r1t2-chimera:free,stop,,gen-1762630237-7NRjWvTwmXaHPQoj0iYe
410,mbpp_test,0,397,2322,0,D:\PythonProjects\llm_eval\test\mbpp_test\410\410_gen_0.sv,tngtech/deepseek-r1t2-chimera:free,stop,,gen-1762630488-OtOY7LvovxifbY7MfFP4
5,human_eval_test,0,456,2093,0,D:\PythonProjects\llm_eval\test\human_eval_test\5\5_gen_0.sv,tngtech/deepseek-r1t2-chimera:free,stop,,gen-1762630564-ij0RMozzPVqMXzpNtSX0
163,human_eval_test,0,524,6282,0,D:\PythonProjects\llm_eval\test\human_eval_test\163\163_gen_0.sv,tngtech/deepseek-r1t2-chimera:free,stop,,gen-1762630404-0K3sCZpFKGtJukTR2ESa
242,mbpp_test,0,378,2765,0,D:\PythonProjects\llm_eval\test\mbpp_test\242\242_gen_0.sv,tngtech/deepseek-r1t2-chimera:free,stop,,gen-1762630567-sXJ5g20dPowuvZEi2VMz
408,mbpp_test,0,518,10942,0,D:\PythonProjects\llm_eval\test\mbpp_test\408\408_gen_0.sv,tngtech/deepseek-r1t2-chimera:free,stop,,gen-1762630267-Tlj2iZY10mfd9EEjOrhN
233,mbpp_test,0,525,6980,0,D:\PythonProjects\llm_eval\test\mbpp_test\233\233_gen_0.sv,tngtech/deepseek-r1t2-chimera:free,stop,,gen-1762630450-sasmphIauYpEX4ZpJJl3
407,mbpp_test,0,502,8880,0,D:\PythonProjects\llm_eval\test\mbpp_test\407\407_gen_0.sv,tngtech/deepseek-r1t2-chimera:free,stop,,gen-1762630398-2wzNj2iY5x9j4tHrdgCS
276,mbpp_test,0,601,8354,0,D:\PythonProjects\llm_eval\test\mbpp_test\276\276_gen_0.sv,tngtech/deepseek-r1t2-chimera:free,stop,,gen-1762630401-mSlAza7ewGQRd34aZ6bf
291,mbpp_test,0,541,6542,0,D:\PythonProjects\llm_eval\test\mbpp_test\291\291_gen_0.sv,tngtech/deepseek-r1t2-chimera:free,stop,,gen-1762630573-BnpOcPgx9a4I787m1eb3
414,mbpp_test,0,391,2789,0,D:\PythonProjects\llm_eval\test\mbpp_test\414\414_gen_0.sv,tngtech/deepseek-r1t2-chimera:free,stop,,gen-1762630727-zhn1G8LAcCTlJcojvz7R
285,mbpp_test,0,643,12258,0,D:\PythonProjects\llm_eval\test\mbpp_test\285\285_gen_0.sv,tngtech/deepseek-r1t2-chimera:free,stop,,gen-1762630367-iWJGB3IwbmQmeJXdkJQm
65,human_eval_test,0,495,8996,0,D:\PythonProjects\llm_eval\test\human_eval_test\65\65_gen_0.sv,tngtech/deepseek-r1t2-chimera:free,stop,,gen-1762630557-55w1v64yq1mKblwhhP8B
84,human_eval_test,0,363,2720,0,D:\PythonProjects\llm_eval\test\human_eval_test\84\84_gen_0.sv,tngtech/deepseek-r1t2-chimera:free,stop,,gen-1762630796-np428cN8FT2Gg9oeBgb3
237,mbpp_test,0,555,6372,0,D:\PythonProjects\llm_eval\test\mbpp_test\237\237_gen_0.sv,tngtech/deepseek-r1t2-chimera:free,stop,,gen-1762630676-Jn9n5QsezqU9AoctdsAY
290,mbpp_test,0,456,5194,0,D:\PythonProjects\llm_eval\test\mbpp_test\290\290_gen_0.sv,tngtech/deepseek-r1t2-chimera:free,stop,,gen-1762630715-YgoxENlfkQIrAOwg35rG
283,mbpp_test,0,350,3108,0,D:\PythonProjects\llm_eval\test\mbpp_test\283\283_gen_0.sv,tngtech/deepseek-r1t2-chimera:free,stop,,gen-1762630831-l49UXmZLKlqGMebCXgBv
151,human_eval_test,0,487,6523,0,D:\PythonProjects\llm_eval\test\human_eval_test\151\151_gen_0.sv,tngtech/deepseek-r1t2-chimera:free,stop,,gen-1762630736-TBu2y79R7ECndlMYxjSK
97,human_eval_test,0,375,2229,0,D:\PythonProjects\llm_eval\test\human_eval_test\97\97_gen_0.sv,tngtech/deepseek-r1t2-chimera:free,stop,,gen-1762630912-RHqmEVMr7xEKII3kkP8L
415,mbpp_test,0,371,3235,0,D:\PythonProjects\llm_eval\test\mbpp_test\415\415_gen_0.sv,tngtech/deepseek-r1t2-chimera:free,stop,,gen-1762630868-UYFOsWhSN038j4NyXBKr
413,mbpp_test,0,409,1141,0,D:\PythonProjects\llm_eval\test\mbpp_test\413\413_gen_0.sv,tngtech/deepseek-r1t2-chimera:free,stop,,gen-1762630983-RhxPJhuZzXjFWdwdYaOB
135,human_eval_test,0,459,3777,0,D:\PythonProjects\llm_eval\test\human_eval_test\135\135_gen_0.sv,tngtech/deepseek-r1t2-chimera:free,stop,,gen-1762630916-tGCsE9ASE29AInQ0iFG5
71,human_eval_test,0,640,11500,0,D:\PythonProjects\llm_eval\test\human_eval_test\71\71_gen_0.sv,tngtech/deepseek-r1t2-chimera:free,stop,,gen-1762630643-upX6HVCBfZwm3li1Au0p
244,mbpp_test,0,450,5920,0,D:\PythonProjects\llm_eval\test\mbpp_test\244\244_gen_0.sv,tngtech/deepseek-r1t2-chimera:free,stop,,gen-1762630816-wc21ocC3JNxSEZdzxM2v
162,human_eval_test,0,509,9751,0,D:\PythonProjects\llm_eval\test\human_eval_test\162\162_gen_0.sv,tngtech/deepseek-r1t2-chimera:free,stop,,gen-1762630675-haIRpcMg2MABBUBKAHDh
250,mbpp_test,0,411,1804,0,D:\PythonProjects\llm_eval\test\mbpp_test\250\250_gen_0.sv,tngtech/deepseek-r1t2-chimera:free,stop,,gen-1762631024-X0aaaEFkPdtjdXrxFH0f
98,human_eval_test,0,428,3340,0,D:\PythonProjects\llm_eval\test\human_eval_test\98\98_gen_0.sv,tngtech/deepseek-r1t2-chimera:free,stop,,gen-1762630996-0EE5SacKxkVG9MdyB7Cm
294,mbpp_test,0,415,1461,0,D:\PythonProjects\llm_eval\test\mbpp_test\294\294_gen_0.sv,tngtech/deepseek-r1t2-chimera:free,stop,,gen-1762631055-njbBoAPSAC09b0epBO4N
300,mbpp_test,0,362,1225,0,D:\PythonProjects\llm_eval\test\mbpp_test\300\300_gen_0.sv,tngtech/deepseek-r1t2-chimera:free,stop,,gen-1762631100-N8iBlsUuZ76VqZpOOedV
418,mbpp_test,0,286,4019,0,D:\PythonProjects\llm_eval\test\mbpp_test\418\418_gen_0.sv,tngtech/deepseek-r1t2-chimera:free,stop,,gen-1762631058-XvGLDnwCGCD3SrSzzOlP
239,mbpp_test,0,591,9955,0,D:\PythonProjects\llm_eval\test\mbpp_test\239\239_gen_0.sv,tngtech/deepseek-r1t2-chimera:free,stop,,gen-1762630948-Kbd0MuxmcJbzfw0LUTO9
420,mbpp_test,0,372,5351,0,D:\PythonProjects\llm_eval\test\mbpp_test\420\420_gen_0.sv,tngtech/deepseek-r1t2-chimera:free,stop,,gen-1762631104-krS5j4mHlBeUxBc24k2y
19,human_eval_test,0,514,7563,0,D:\PythonProjects\llm_eval\test\human_eval_test\19\19_gen_0.sv,tngtech/deepseek-r1t2-chimera:free,stop,,gen-1762631071-7WWvjQmU4wXzZtXdD4d8
240,mbpp_test,0,582,8437,0,D:\PythonProjects\llm_eval\test\mbpp_test\240\240_gen_0.sv,tngtech/deepseek-r1t2-chimera:free,stop,,gen-1762631083-Hlf78Xh6qwvDQtX2vsyQ
412,mbpp_test,0,371,1381,0,D:\PythonProjects\llm_eval\test\mbpp_test\412\412_gen_0.sv,tngtech/deepseek-r1t2-chimera:free,stop,,gen-1762631345-EEuiWmnJvRuHFzr6vqiJ
32,human_eval_test,0,567,10246,0,D:\PythonProjects\llm_eval\test\human_eval_test\32\32_gen_0.sv,tngtech/deepseek-r1t2-chimera:free,stop,,gen-1762631072-iZ4cgJPUslsBnfhvlnBP
138,human_eval_test,0,320,1321,0,D:\PythonProjects\llm_eval\test\human_eval_test\138\138_gen_0.sv,tngtech/deepseek-r1t2-chimera:free,stop,,gen-1762631404-AisqtnwgaPslXjPBX29R
411,mbpp_test,0,489,9577,0,D:\PythonProjects\llm_eval\test\mbpp_test\411\411_gen_0.sv,tngtech/deepseek-r1t2-chimera:free,stop,,gen-1762631116-BYpzUd0T3REcSDXPOiTd
99,human_eval_test,0,411,8276,0,D:\PythonProjects\llm_eval\test\human_eval_test\99\99_gen_0.sv,tngtech/deepseek-r1t2-chimera:free,stop,,gen-1762631143-xAbmg3iWtBR0ZJAXbHSG
421,mbpp_test,0,529,1379,0,D:\PythonProjects\llm_eval\test\mbpp_test\421\421_gen_0.sv,tngtech/deepseek-r1t2-chimera:free,stop,,gen-1762631452-r2JnVmGhYlCimLE84uQy
58,human_eval_test,0,539,13090,0,D:\PythonProjects\llm_eval\test\human_eval_test\58\58_gen_0.sv,tngtech/deepseek-r1t2-chimera:free,stop,,gen-1762631007-WPWt9QpXnDhgFCvNTSrh
295,mbpp_test,0,502,9298,0,D:\PythonProjects\llm_eval\test\mbpp_test\295\295_gen_0.sv,tngtech/deepseek-r1t2-chimera:free,stop,,gen-1762631223-ybL5nHFrhUFZn6oquxGp
253,mbpp_test,0,319,638,0,D:\PythonProjects\llm_eval\test\mbpp_test\253\253_gen_0.sv,tngtech/deepseek-r1t2-chimera:free,stop,,gen-1762631527-pWKcH4Hf7UqbQetd59i2
73,human_eval_test,0,392,2124,0,D:\PythonProjects\llm_eval\test\human_eval_test\73\73_gen_0.sv,tngtech/deepseek-r1t2-chimera:free,stop,,gen-1762631495-bnooJGSBg3ViRnZu3ukC
85,human_eval_test,0,409,3318,0,D:\PythonProjects\llm_eval\test\human_eval_test\85\85_gen_0.sv,tngtech/deepseek-r1t2-chimera:free,stop,,gen-1762631504-vN2QokPcxjNe5b4SL6bx
137,human_eval_test,0,547,11462,0,D:\PythonProjects\llm_eval\test\human_eval_test\137\137_gen_0.sv,tngtech/deepseek-r1t2-chimera:free,stop,,gen-1762631209-P0biJ4ZZDwIuoNaGTOYk
248,mbpp_test,0,598,9332,0,D:\PythonProjects\llm_eval\test\mbpp_test\248\248_gen_0.sv,tngtech/deepseek-r1t2-chimera:free,stop,,gen-1762631303-YXPPItiyidGYvfzOWpbK
72,human_eval_test,0,456,7675,0,D:\PythonProjects\llm_eval\test\human_eval_test\72\72_gen_0.sv,tngtech/deepseek-r1t2-chimera:free,stop,,gen-1762631380-mFePyqLzf7IfDtz7buwD
247,mbpp_test,0,673,8768,0,D:\PythonProjects\llm_eval\test\mbpp_test\247\247_gen_0.sv,tngtech/deepseek-r1t2-chimera:free,stop,,gen-1762631416-COZHwoEpsJXbORBrW5xc
299,mbpp_test,0,519,6423,0,D:\PythonProjects\llm_eval\test\mbpp_test\299\299_gen_0.sv,tngtech/deepseek-r1t2-chimera:free,stop,,gen-1762631543-YyFtBv2XoImWZ4FjjPsj
301,mbpp_test,0,479,11915,0,D:\PythonProjects\llm_eval\test\mbpp_test\301\301_gen_0.sv,tngtech/deepseek-r1t2-chimera:free,stop,,gen-1762631315-Dbt2paNqVQK6rEiH9zcE
257,mbpp_test,0,314,422,0,D:\PythonProjects\llm_eval\test\mbpp_test\257\257_gen_0.sv,tngtech/deepseek-r1t2-chimera:free,stop,,gen-1762631782-rSUNuxFvBHgrowEQYfhQ
424,mbpp_test,0,415,3604,0,D:\PythonProjects\llm_eval\test\mbpp_test\424\424_gen_0.sv,tngtech/deepseek-r1t2-chimera:free,stop,,gen-1762631680-G5EhrwQFNi9GfkTzlUGV
417,mbpp_test,0,589,8980,0,D:\PythonProjects\llm_eval\test\mbpp_test\417\417_gen_0.sv,tngtech/deepseek-r1t2-chimera:free,stop,,gen-1762631552-HfbAJhzdmH72wLCadLia
426,mbpp_test,0,488,1829,0,D:\PythonProjects\llm_eval\test\mbpp_test\426\426_gen_0.sv,tngtech/deepseek-r1t2-chimera:free,stop,,gen-1762631817-Dk3cLwFyjkGUubr0cvDQ
46,human_eval_test,0,588,8368,0,D:\PythonProjects\llm_eval\test\human_eval_test\46\46_gen_0.sv,tngtech/deepseek-r1t2-chimera:free,stop,,gen-1762631572-nRnK8o7D8JmuQaPT5pzO
6,human_eval_test,0,458,7299,0,D:\PythonProjects\llm_eval\test\human_eval_test\6\6_gen_0.sv,tngtech/deepseek-r1t2-chimera:free,stop,,gen-1762631624-Nn77twI4XuiyTB22fqxA
293,mbpp_test,0,489,6798,0,D:\PythonProjects\llm_eval\test\mbpp_test\293\293_gen_0.sv,tngtech/deepseek-r1t2-chimera:free,stop,,gen-1762631654-CT0tIiWQChgCpQ0aaMwJ
125,human_eval_test,0,493,6496,0,D:\PythonProjects\llm_eval\test\human_eval_test\125\125_gen_0.sv,tngtech/deepseek-r1t2-chimera:free,stop,,gen-1762631732-Iz45Dqu22LoIsLGxtVnN
425,mbpp_test,0,469,1595,0,D:\PythonProjects\llm_eval\test\mbpp_test\425\425_gen_0.sv,tngtech/deepseek-r1t2-chimera:free,stop,,gen-1762631923-cNYOZG6KOCn4AlAfyZ7U
59,human_eval_test,0,600,6419,0,D:\PythonProjects\llm_eval\test\human_eval_test\59\59_gen_0.sv,tngtech/deepseek-r1t2-chimera:free,stop,,gen-1762631772-FrZSb7Wz93hAUirRq5Xl
246,mbpp_test,0,541,9312,0,D:\PythonProjects\llm_eval\test\mbpp_test\246\246_gen_0.sv,tngtech/deepseek-r1t2-chimera:free,stop,,gen-1762631641-Wh3PHCEntR9jsbQmw1CR
152,human_eval_test,0,410,3942,0,D:\PythonProjects\llm_eval\test\human_eval_test\152\152_gen_0.sv,tngtech/deepseek-r1t2-chimera:free,stop,,gen-1762631879-kWx2Paq1iCQnfzOkhlyb
309,mbpp_test,0,343,457,0,D:\PythonProjects\llm_eval\test\mbpp_test\309\309_gen_0.sv,tngtech/deepseek-r1t2-chimera:free,stop,,gen-1762632023-1zVrR4jBxokd0UBI7uTu
427,mbpp_test,0,363,828,0,D:\PythonProjects\llm_eval\test\mbpp_test\427\427_gen_0.sv,tngtech/deepseek-r1t2-chimera:free,stop,,gen-1762632028-z0OY30IUnM55Fp9yTC6Z
251,mbpp_test,0,392,2309,0,D:\PythonProjects\llm_eval\test\mbpp_test\251\251_gen_0.sv,tngtech/deepseek-r1t2-chimera:free,stop,,gen-1762631983-Gmw5TxSQ7Wbdj8BFTEAI
17,mbpp_test,0,325,601,0,D:\PythonProjects\llm_eval\test\mbpp_test\17\17_gen_0.sv,tngtech/deepseek-r1t2-chimera:free,stop,,gen-1762632061-RoCPytl9vP9SlZHVU5En
305,mbpp_test,0,475,7642,0,D:\PythonProjects\llm_eval\test\mbpp_test\305\305_gen_0.sv,tngtech/deepseek-r1t2-chimera:free,stop,,gen-1762631798-OzdHy6pmwGyGMiRWkieK
252,mbpp_test,0,575,7646,0,D:\PythonProjects\llm_eval\test\mbpp_test\252\252_gen_0.sv,tngtech/deepseek-r1t2-chimera:free,stop,,gen-1762631890-VzrpaHo9NPFvP9GYN4zE
111,human_eval_test,0,507,8654,0,D:\PythonProjects\llm_eval\test\human_eval_test\111\111_gen_0.sv,tngtech/deepseek-r1t2-chimera:free,stop,,gen-1762631883-E6Wcc8xyqMyRQGlZQu0G
127,human_eval_test,0,397,6520,0,D:\PythonProjects\llm_eval\test\human_eval_test\127\127_gen_0.sv,tngtech/deepseek-r1t2-chimera:free,stop,,gen-1762631964-WpYbIJlCUIuRzJXyISE3
430,mbpp_test,0,342,3068,0,D:\PythonProjects\llm_eval\test\mbpp_test\430\430_gen_0.sv,tngtech/deepseek-r1t2-chimera:free,stop,,gen-1762632120-tR3GKkqn5H8Zem8s1weA
112,human_eval_test,0,774,8818,0,D:\PythonProjects\llm_eval\test\human_eval_test\112\112_gen_0.sv,tngtech/deepseek-r1t2-chimera:free,stop,,gen-1762631980-9RQhItuwuxf761Ifcu3N
286,mbpp_test,0,659,11672,0,D:\PythonProjects\llm_eval\test\mbpp_test\286\286_gen_0.sv,tngtech/deepseek-r1t2-chimera:free,stop,,gen-1762631900-aZ4vQJGt8m407jCKL4ET
308,mbpp_test,0,543,7688,0,D:\PythonProjects\llm_eval\test\mbpp_test\308\308_gen_0.sv,tngtech/deepseek-r1t2-chimera:free,stop,,gen-1762632082-17sFqW6yCcgSnGAKFJqS
429,mbpp_test,0,432,1735,0,D:\PythonProjects\llm_eval\test\mbpp_test\429\429_gen_0.sv,tngtech/deepseek-r1t2-chimera:free,stop,,gen-1762632356-xEruHXpxvO8YXk1G0W9X
304,mbpp_test,0,557,6043,0,D:\PythonProjects\llm_eval\test\mbpp_test\304\304_gen_0.sv,tngtech/deepseek-r1t2-chimera:free,stop,,gen-1762632206-JmLzFKZ817kCSH144tiD
47,human_eval_test,0,485,10859,0,D:\PythonProjects\llm_eval\test\human_eval_test\47\47_gen_0.sv,tngtech/deepseek-r1t2-chimera:free,stop,,gen-1762632040-vpsRvk1wTz6bHopchxZB
19,mbpp_test,0,350,2812,0,D:\PythonProjects\llm_eval\test\mbpp_test\19\19_gen_0.sv,tngtech/deepseek-r1t2-chimera:free,stop,,gen-1762632415-t8mamaCAkvVetpuPwsuG
56,mbpp_test,0,407,6960,0,D:\PythonProjects\llm_eval\test\mbpp_test\56\56_gen_0.sv,tngtech/deepseek-r1t2-chimera:free,stop,,gen-1762632216-fCmM931IXIYxYuJpdad4
260,mbpp_test,0,534,6691,0,D:\PythonProjects\llm_eval\test\mbpp_test\260\260_gen_0.sv,tngtech/deepseek-r1t2-chimera:free,stop,,gen-1762632226-6h89slrQ223OtQQnzKY0
310,mbpp_test,0,520,7576,0,D:\PythonProjects\llm_eval\test\mbpp_test\310\310_gen_0.sv,tngtech/deepseek-r1t2-chimera:free,stop,,gen-1762632250-75oV0XDbWbgtfeqHO3wg
255,mbpp_test,0,602,12367,0,D:\PythonProjects\llm_eval\test\mbpp_test\255\255_gen_0.sv,tngtech/deepseek-r1t2-chimera:free,stop,,gen-1762632074-h9284JsseHVfwM2E7yrh
14,mbpp_test,0,346,1698,0,D:\PythonProjects\llm_eval\test\mbpp_test\14\14_gen_0.sv,tngtech/deepseek-r1t2-chimera:free,stop,,gen-1762632498-dkM1ghTfXC6SI6Tx9JKF
264,mbpp_test,0,391,2167,0,D:\PythonProjects\llm_eval\test\mbpp_test\264\264_gen_0.sv,tngtech/deepseek-r1t2-chimera:free,stop,,gen-1762632500-RJC7Uwyi5jVdkvsPnCXF
311,mbpp_test,0,436,1751,0,D:\PythonProjects\llm_eval\test\mbpp_test\311\311_gen_0.sv,tngtech/deepseek-r1t2-chimera:free,stop,,gen-1762632518-7k0NeMXyuCmQZP3beKdP
433,mbpp_test,0,351,2275,0,D:\PythonProjects\llm_eval\test\mbpp_test\433\433_gen_0.sv,tngtech/deepseek-r1t2-chimera:free,stop,,gen-1762632520-IM4R9GiPhZDfXM358GiO
262,mbpp_test,0,431,5336,0,D:\PythonProjects\llm_eval\test\mbpp_test\262\262_gen_0.sv,tngtech/deepseek-r1t2-chimera:free,stop,,gen-1762632421-sikrVLq1p9ufUCq3mADi
21,human_eval_test,0,551,12290,0,D:\PythonProjects\llm_eval\test\human_eval_test\21\21_gen_0.sv,tngtech/deepseek-r1t2-chimera:free,stop,,gen-1762632183-unJnpiWY9RKJbR609mMV
48,human_eval_test,0,441,7501,0,D:\PythonProjects\llm_eval\test\human_eval_test\48\48_gen_0.sv,tngtech/deepseek-r1t2-chimera:free,stop,,gen-1762632385-QfnAKRv0ahM7H6DjBwSG
100,human_eval_test,0,424,4338,0,D:\PythonProjects\llm_eval\test\human_eval_test\100\100_gen_0.sv,tngtech/deepseek-r1t2-chimera:free,stop,,gen-1762632497-7gricO3XhkUcvxoYS0n7
259,mbpp_test,0,648,1936,0,D:\PythonProjects\llm_eval\test\mbpp_test\259\259_gen_0.sv,tngtech/deepseek-r1t2-chimera:free,stop,,gen-1762632585-Erht6KijoTmiH7hjxySO
422,mbpp_test,0,403,3748,0,D:\PythonProjects\llm_eval\test\mbpp_test\422\422_gen_0.sv,tngtech/deepseek-r1t2-chimera:free,stop,,gen-1762632596-q5GMgXLmN782l8yK9Lq0
20,human_eval_test,0,443,6262,0,D:\PythonProjects\llm_eval\test\human_eval_test\20\20_gen_0.sv,tngtech/deepseek-r1t2-chimera:free,stop,,gen-1762632553-ewGfIRDAN8pmcg5WgxVs
428,mbpp_test,0,557,8528,0,D:\PythonProjects\llm_eval\test\mbpp_test\428\428_gen_0.sv,tngtech/deepseek-r1t2-chimera:free,stop,,gen-1762632484-xu6QVqupNvEoMxwpJIp1
58,mbpp_test,0,337,750,0,D:\PythonProjects\llm_eval\test\mbpp_test\58\58_gen_0.sv,tngtech/deepseek-r1t2-chimera:free,stop,,gen-1762632761-qD8NTk6TstlniPqgcl16
12,mbpp_test,0,452,7184,0,D:\PythonProjects\llm_eval\test\mbpp_test\12\12_gen_0.sv,tngtech/deepseek-r1t2-chimera:free,stop,,gen-1762632568-KPqOFIMKbi6wmA4WEHxl
22,human_eval_test,0,481,5566,0,D:\PythonProjects\llm_eval\test\human_eval_test\22\22_gen_0.sv,tngtech/deepseek-r1t2-chimera:free,stop,,gen-1762632631-XmX1Qpx6ux4b5DZzPS2v
431,mbpp_test,0,488,2737,0,D:\PythonProjects\llm_eval\test\mbpp_test\431\431_gen_0.sv,tngtech/deepseek-r1t2-chimera:free,stop,,gen-1762632717-GYGzY1Ml5tSy74dL8QTy
256,mbpp_test,0,430,5986,0,D:\PythonProjects\llm_eval\test\mbpp_test\256\256_gen_0.sv,tngtech/deepseek-r1t2-chimera:free,stop,,gen-1762632647-Bpj2Z6WYp7DNIsoD6dNU
312,mbpp_test,0,558,4302,0,D:\PythonProjects\llm_eval\test\mbpp_test\312\312_gen_0.sv,tngtech/deepseek-r1t2-chimera:free,stop,,gen-1762632666-SNusQpsPExoOnTOYddg6
306,mbpp_test,0,641,11677,0,D:\PythonProjects\llm_eval\test\mbpp_test\306\306_gen_0.sv,tngtech/deepseek-r1t2-chimera:free,stop,,gen-1762632441-tinbg9OxszyOdlTFjVQ8
268,mbpp_test,0,352,2407,0,D:\PythonProjects\llm_eval\test\mbpp_test\268\268_gen_0.sv,tngtech/deepseek-r1t2-chimera:free,stop,,gen-1762632783-TUGgCZQSo94RLS8l4mh5
266,mbpp_test,0,329,1056,0,D:\PythonProjects\llm_eval\test\mbpp_test\266\266_gen_0.sv,tngtech/deepseek-r1t2-chimera:free,stop,,gen-1762632819-lXVrKSFyhfGeNSwp0H2P
75,human_eval_test,0,394,3485,0,D:\PythonProjects\llm_eval\test\human_eval_test\75\75_gen_0.sv,tngtech/deepseek-r1t2-chimera:free,stop,,gen-1762632760-3NOB8JxxMpY4Y5lt1yCP
307,mbpp_test,0,531,1863,0,D:\PythonProjects\llm_eval\test\mbpp_test\307\307_gen_0.sv,tngtech/deepseek-r1t2-chimera:free,stop,,gen-1762632795-c3zdDabjpSn3A5ETkCe7
388,mbpp_test,0,498,8026,0,D:\PythonProjects\llm_eval\test\mbpp_test\388\388_gen_0.sv,tngtech/deepseek-r1t2-chimera:free,stop,,gen-1762632592-9EQQEpIvrIohmDWyTzqh
20,mbpp_test,0,512,7954,0,D:\PythonProjects\llm_eval\test\mbpp_test\20\20_gen_0.sv,tngtech/deepseek-r1t2-chimera:free,stop,,gen-1762632637-sJbngBxU2GCfJ3KqSZcK
269,mbpp_test,0,295,831,0,D:\PythonProjects\llm_eval\test\mbpp_test\269\269_gen_0.sv,tngtech/deepseek-r1t2-chimera:free,stop,,gen-1762632857-Mxq5CSXGHaQDiJJkFHIh
59,mbpp_test,0,463,1856,0,D:\PythonProjects\llm_eval\test\mbpp_test\59\59_gen_0.sv,tngtech/deepseek-r1t2-chimera:free,stop,,gen-1762632857-Gjj1pqUs52dCFw6sxhJG
435,mbpp_test,0,317,2349,0,D:\PythonProjects\llm_eval\test\mbpp_test\435\435_gen_0.sv,tngtech/deepseek-r1t2-chimera:free,stop,,gen-1762632850-pTKfuC44EbNGJJ6afcRx
74,human_eval_test,0,469,1740,0,D:\PythonProjects\llm_eval\test\human_eval_test\74\74_gen_0.sv,tngtech/deepseek-r1t2-chimera:free,stop,,gen-1762632885-VcxlLyMo5NIP3AWMvqnI
432,mbpp_test,0,474,2600,0,D:\PythonProjects\llm_eval\test\mbpp_test\432\432_gen_0.sv,tngtech/deepseek-r1t2-chimera:free,stop,,gen-1762632872-Dyau3KbHEsjegmWEzFE4
267,mbpp_test,0,311,1461,0,D:\PythonProjects\llm_eval\test\mbpp_test\267\267_gen_0.sv,tngtech/deepseek-r1t2-chimera:free,stop,,gen-1762632923-hZHQtozVZlNWgpae11Cf
394,mbpp_test,0,382,3656,0,D:\PythonProjects\llm_eval\test\mbpp_test\394\394_gen_0.sv,tngtech/deepseek-r1t2-chimera:free,stop,,gen-1762632870-R3lsbyKQ3X5s8GTkT7E8
49,human_eval_test,0,534,4805,0,D:\PythonProjects\llm_eval\test\human_eval_test\49\49_gen_0.sv,tngtech/deepseek-r1t2-chimera:free,stop,,gen-1762632852-iKlLTrum5EYuEh8gRfEw
18,mbpp_test,0,458,5492,0,D:\PythonProjects\llm_eval\test\mbpp_test\18\18_gen_0.sv,tngtech/deepseek-r1t2-chimera:free,stop,,gen-1762632912-esCPcpzlmVyPinABf5vl
62,mbpp_test,0,353,3290,0,D:\PythonProjects\llm_eval\test\mbpp_test\62\62_gen_0.sv,tngtech/deepseek-r1t2-chimera:free,stop,,gen-1762632982-iRbmxiqodz3K6TMpuRlU
437,mbpp_test,0,459,3776,0,D:\PythonProjects\llm_eval\test\mbpp_test\437\437_gen_0.sv,tngtech/deepseek-r1t2-chimera:free,stop,,gen-1762632959-oJKFvpmo3QtaGZljY52n
389,mbpp_test,0,594,8298,0,D:\PythonProjects\llm_eval\test\mbpp_test\389\389_gen_0.sv,tngtech/deepseek-r1t2-chimera:free,stop,,gen-1762632850-cTsMU53txLCUFgxxyLK5
399,mbpp_test,0,388,711,0,D:\PythonProjects\llm_eval\test\mbpp_test\399\399_gen_0.sv,tngtech/deepseek-r1t2-chimera:free,stop,,gen-1762633078-gBcBk5CyctZ9xx9UgFXI
434,mbpp_test,0,533,10527,0,D:\PythonProjects\llm_eval\test\mbpp_test\434\434_gen_0.sv,tngtech/deepseek-r1t2-chimera:free,stop,,gen-1762632803-whYcyEW0uPl2bBJqzagy
11,mbpp_test,0,430,9286,0,D:\PythonProjects\llm_eval\test\mbpp_test\11\11_gen_0.sv,tngtech/deepseek-r1t2-chimera:free,stop,,gen-1762632810-hXDGQJgRnFgRvfqxiLkR
101,human_eval_test,0,532,11982,0,D:\PythonProjects\llm_eval\test\human_eval_test\101\101_gen_0.sv,tngtech/deepseek-r1t2-chimera:free,stop,,gen-1762632809-9wCqzeqg3F0QdPkdAKdL
116,mbpp_test,0,362,1906,0,D:\PythonProjects\llm_eval\test\mbpp_test\116\116_gen_0.sv,tngtech/deepseek-r1t2-chimera:free,stop,,gen-1762633123-VpRztbX47xgJnvDL50Du
728,mbpp_train,0,436,1268,0,D:\PythonProjects\llm_eval\test\mbpp_train\728\728_gen_0.sv,tngtech/deepseek-r1t2-chimera:free,stop,,gen-1762633180-xt27HEvLLwY43foBNRDd
409,mbpp_test,0,352,4578,0,D:\PythonProjects\llm_eval\test\mbpp_test\409\409_gen_0.sv,tngtech/deepseek-r1t2-chimera:free,stop,,gen-1762633083-IJgdedRS7BqpKQkeAZcw
395,mbpp_test,0,475,10999,0,D:\PythonProjects\llm_eval\test\mbpp_test\395\395_gen_0.sv,tngtech/deepseek-r1t2-chimera:free,stop,,gen-1762632936-DtMjDIgcLWyfKDddTOfE
154,human_eval_test,0,588,10171,0,D:\PythonProjects\llm_eval\test\human_eval_test\154\154_gen_0.sv,tngtech/deepseek-r1t2-chimera:free,stop,,gen-1762632972-iI5wrVRBVqxeCXTprG0X
556,mbpp_validation,0,422,2355,0,D:\PythonProjects\llm_eval\test\mbpp_validation\556\556_gen_0.sv,tngtech/deepseek-r1t2-chimera:free,stop,,gen-1762633219-6ttnIpNDIovyJNkBCyof
271,mbpp_test,0,501,9098,0,D:\PythonProjects\llm_eval\test\mbpp_test\271\271_gen_0.sv,tngtech/deepseek-r1t2-chimera:free,stop,,gen-1762632991-KX8j4AOoRoPgCnbdUMqi
605,mbpp_train,0,463,5723,0,D:\PythonProjects\llm_eval\test\mbpp_train\605\605_gen_0.sv,tngtech/deepseek-r1t2-chimera:free,stop,,gen-1762633163-TdAk8hJKtYBZNcxnuvz6
76,human_eval_test,0,507,7925,0,D:\PythonProjects\llm_eval\test\human_eval_test\76\76_gen_0.sv,tngtech/deepseek-r1t2-chimera:free,stop,,gen-1762633095-M2fPbIQbuW10P96bMflv
419,mbpp_test,0,521,5336,0,D:\PythonProjects\llm_eval\test\mbpp_test\419\419_gen_0.sv,tngtech/deepseek-r1t2-chimera:free,stop,,gen-1762633146-S26Mv0dbcbSy2yWotqOk
10,human_eval_test,0,471,8904,0,D:\PythonProjects\llm_eval\test\human_eval_test\10\10_gen_0.sv,tngtech/deepseek-r1t2-chimera:free,stop,,gen-1762633091-7huDd0ERa4r0JIPl2AGj
66,mbpp_test,0,360,1795,0,D:\PythonProjects\llm_eval\test\mbpp_test\66\66_gen_0.sv,tngtech/deepseek-r1t2-chimera:free,stop,,gen-1762633289-9ftVGzoso8uTsZWdDPuw
777,mbpp_train,0,493,5579,0,D:\PythonProjects\llm_eval\test\mbpp_train\777\777_gen_0.sv,tngtech/deepseek-r1t2-chimera:free,stop,,gen-1762633218-czj1eNd9ErbCqdVo6JrD
732,mbpp_train,0,445,1531,0,D:\PythonProjects\llm_eval\test\mbpp_train\732\732_gen_0.sv,tngtech/deepseek-r1t2-chimera:free,stop,,gen-1762633333-ZmDv0rfJVyayrwveQ4DG
63,mbpp_test,0,447,9991,0,D:\PythonProjects\llm_eval\test\mbpp_test\63\63_gen_0.sv,tngtech/deepseek-r1t2-chimera:free,stop,,gen-1762633102-z0KjvGvVDmi1P13fqbC0
102,human_eval_test,0,358,972,0,D:\PythonProjects\llm_eval\test\human_eval_test\102\102_gen_0.sv,tngtech/deepseek-r1t2-chimera:free,stop,,gen-1762633381-AVnhpjuCFgbEo2GtO7fd
109,mbpp_test,0,468,3775,0,D:\PythonProjects\llm_eval\test\mbpp_test\109\109_gen_0.sv,tngtech/deepseek-r1t2-chimera:free,stop,,gen-1762633309-YBywKMTwyDqf8nzgj8RF
36,human_eval_test,0,478,5736,0,D:\PythonProjects\llm_eval\test\human_eval_test\36\36_gen_0.sv,tngtech/deepseek-r1t2-chimera:free,stop,,gen-1762633253-r6YSDbYuYcehtfkm7DCI
111,mbpp_test,0,451,1509,0,D:\PythonProjects\llm_eval\test\mbpp_test\111\111_gen_0.sv,tngtech/deepseek-r1t2-chimera:free,stop,,gen-1762633410-BG88izFIIMpbiA4gnjU5
50,human_eval_test,0,440,5988,0,D:\PythonProjects\llm_eval\test\human_eval_test\50\50_gen_0.sv,tngtech/deepseek-r1t2-chimera:free,stop,,gen-1762633263-wrX7ur8hRc3OQUG6EpIe
441,mbpp_test,0,356,1724,0,D:\PythonProjects\llm_eval\test\mbpp_test\441\441_gen_0.sv,tngtech/deepseek-r1t2-chimera:free,stop,,gen-1762633425-JF8SdfY7Kc60I3p90WIp
559,mbpp_validation,0,533,5257,0,D:\PythonProjects\llm_eval\test\mbpp_validation\559\559_gen_0.sv,tngtech/deepseek-r1t2-chimera:free,stop,,gen-1762633344-BdqIzmTmUdTUZQotvM0X
438,mbpp_test,0,415,6208,0,D:\PythonProjects\llm_eval\test\mbpp_test\438\438_gen_0.sv,tngtech/deepseek-r1t2-chimera:free,stop,,gen-1762633324-rVDt4lVnNVHutbyeYLIF
781,mbpp_train,0,367,5264,0,D:\PythonProjects\llm_eval\test\mbpp_train\781\781_gen_0.sv,tngtech/deepseek-r1t2-chimera:free,stop,,gen-1762633468-mYk3D31AKWxLrx3oofe7
64,mbpp_test,0,414,7437,0,D:\PythonProjects\llm_eval\test\mbpp_test\64\64_gen_0.sv,tngtech/deepseek-r1t2-chimera:free,stop,,gen-1762633389-c91BvFU8VtJESe7tRF8t
115,mbpp_test,0,352,489,0,D:\PythonProjects\llm_eval\test\mbpp_test\115\115_gen_0.sv,tngtech/deepseek-r1t2-chimera:free,stop,,gen-1762633618-muLjcB6l3FEwOkSFRNFz
65,mbpp_test,0,376,1139,0,D:\PythonProjects\llm_eval\test\mbpp_test\65\65_gen_0.sv,tngtech/deepseek-r1t2-chimera:free,stop,,gen-1762633616-P3NlGFBeN6vM16bAnmGl
153,human_eval_test,0,540,5775,0,D:\PythonProjects\llm_eval\test\human_eval_test\153\153_gen_0.sv,tngtech/deepseek-r1t2-chimera:free,stop,,gen-1762633502-KGpUSjdX4282bKX8cLVX
141,human_eval_test,0,477,10469,0,D:\PythonProjects\llm_eval\test\human_eval_test\141\141_gen_0.sv,tngtech/deepseek-r1t2-chimera:free,stop,,gen-1762633371-nDxpucSar7w4gCvIDb3l
778,mbpp_train,0,562,11055,0,D:\PythonProjects\llm_eval\test\mbpp_train\778\778_gen_0.sv,tngtech/deepseek-r1t2-chimera:free,stop,,gen-1762633338-FCQLiUBaVOKS1f4frLd6
737,mbpp_train,0,463,1099,0,D:\PythonProjects\llm_eval\test\mbpp_train\737\737_gen_0.sv,tngtech/deepseek-r1t2-chimera:free,stop,,gen-1762633665-k1B3djydg6PPF0Vsx0O9
608,mbpp_train,0,625,9654,0,D:\PythonProjects\llm_eval\test\mbpp_train\608\608_gen_0.sv,tngtech/deepseek-r1t2-chimera:free,stop,,gen-1762633438-zNEQYDhXX8v67euxEhik
782,mbpp_train,0,379,2032,0,D:\PythonProjects\llm_eval\test\mbpp_train\782\782_gen_0.sv,tngtech/deepseek-r1t2-chimera:free,stop,,gen-1762633667-4LOG6trpItWcyfiVS1He
63,human_eval_test,0,529,8295,0,D:\PythonProjects\llm_eval\test\human_eval_test\63\63_gen_0.sv,tngtech/deepseek-r1t2-chimera:free,stop,,gen-1762633493-f6Rz8Jr6O1ktjWoXuKRT
607,mbpp_train,0,510,11961,0,D:\PythonProjects\llm_eval\test\mbpp_train\607\607_gen_0.sv,tngtech/deepseek-r1t2-chimera:free,stop,,gen-1762633426-gasN7qiMgMULc4piHlqJ
68,mbpp_test,0,450,2469,0,D:\PythonProjects\llm_eval\test\mbpp_test\68\68_gen_0.sv,tngtech/deepseek-r1t2-chimera:free,stop,,gen-1762633718-Y7UH9vFBNUzckwBVCZGg
731,mbpp_train,0,542,13039,0,D:\PythonProjects\llm_eval\test\mbpp_train\731\731_gen_0.sv,tngtech/deepseek-r1t2-chimera:free,stop,,gen-1762633454-zwprfkeFtxvK4IJR59wZ
24,human_eval_test,0,513,5685,0,D:\PythonProjects\llm_eval\test\human_eval_test\24\24_gen_0.sv,tngtech/deepseek-r1t2-chimera:free,stop,,gen-1762633708-4p0Vb5aFC7LNr25WaBBS
439,mbpp_test,0,472,8680,0,D:\PythonProjects\llm_eval\test\mbpp_test\439\439_gen_0.sv,tngtech/deepseek-r1t2-chimera:free,stop,,gen-1762633634-mGi0T58FKRuu9jk1uRMS
564,mbpp_validation,0,457,4673,0,D:\PythonProjects\llm_eval\test\mbpp_validation\564\564_gen_0.sv,tngtech/deepseek-r1t2-chimera:free,stop,,gen-1762633759-EdNIxchUmpJ74gBURNvV
775,mbpp_train,0,386,1325,0,D:\PythonProjects\llm_eval\test\mbpp_train\775\775_gen_0.sv,tngtech/deepseek-r1t2-chimera:free,stop,,gen-1762633865-drNRoepUYiPMjVWxQOk2
116,human_eval_test,0,500,7328,0,D:\PythonProjects\llm_eval\test\human_eval_test\116\116_gen_0.sv,tngtech/deepseek-r1t2-chimera:free,stop,,gen-1762633695-GkAYKapZ7ZqfV32SU2wI
568,mbpp_validation,0,415,2084,0,D:\PythonProjects\llm_eval\test\mbpp_validation\568\568_gen_0.sv,tngtech/deepseek-r1t2-chimera:free,stop,,gen-1762633875-JQG13S55I9rYGr7itDxu
604,mbpp_train,0,504,10836,0,D:\PythonProjects\llm_eval\test\mbpp_train\604\604_gen_0.sv,tngtech/deepseek-r1t2-chimera:free,stop,,gen-1762633650-F6EVsSTUI3mNoZINxMRB
563,mbpp_validation,0,586,11306,0,D:\PythonProjects\llm_eval\test\mbpp_validation\563\563_gen_0.sv,tngtech/deepseek-r1t2-chimera:free,stop,,gen-1762633672-1wzG3bDCD9qMDVxrPDy2
119,mbpp_test,0,392,1216,0,D:\PythonProjects\llm_eval\test\mbpp_test\119\119_gen_0.sv,tngtech/deepseek-r1t2-chimera:free,stop,,gen-1762633951-taCdE99ajs1Scpoch47v
440,mbpp_test,0,483,8338,0,D:\PythonProjects\llm_eval\test\mbpp_test\440\440_gen_0.sv,tngtech/deepseek-r1t2-chimera:free,stop,,gen-1762633765-a80svD21Q0l3W146VE89
443,mbpp_test,0,369,1480,0,D:\PythonProjects\llm_eval\test\mbpp_test\443\443_gen_0.sv,tngtech/deepseek-r1t2-chimera:free,stop,,gen-1762633954-wENqoGrs5Jy8i29PdqmW
77,human_eval_test,0,448,4114,0,D:\PythonProjects\llm_eval\test\human_eval_test\77\77_gen_0.sv,tngtech/deepseek-r1t2-chimera:free,stop,,gen-1762633909-TMZH0sNYybLcHMeS5UKl
118,mbpp_test,0,571,9963,0,D:\PythonProjects\llm_eval\test\mbpp_test\118\118_gen_0.sv,tngtech/deepseek-r1t2-chimera:free,stop,,gen-1762633747-ysk68AImkZltr54n44Wb
780,mbpp_train,0,652,1998,0,D:\PythonProjects\llm_eval\test\mbpp_train\780\780_gen_0.sv,tngtech/deepseek-r1t2-chimera:free,stop,,gen-1762633999-0EQuhwC8VDk5EmunfyrJ
603,mbpp_train,0,633,9858,0,D:\PythonProjects\llm_eval\test\mbpp_train\603\603_gen_0.sv,tngtech/deepseek-r1t2-chimera:free,stop,,gen-1762633789-1KFP6PiEghfyfFSvZrY9
734,mbpp_train,0,513,9215,0,D:\PythonProjects\llm_eval\test\mbpp_train\734\734_gen_0.sv,tngtech/deepseek-r1t2-chimera:free,stop,,gen-1762633823-6sPSqBVyZb65uDUTQ9Wg
736,mbpp_train,0,531,5595,0,D:\PythonProjects\llm_eval\test\mbpp_train\736\736_gen_0.sv,tngtech/deepseek-r1t2-chimera:free,stop,,gen-1762633992-bqFN36l9jVNukcLuUV6d
67,mbpp_test,0,568,10876,0,D:\PythonProjects\llm_eval\test\mbpp_test\67\67_gen_0.sv,tngtech/deepseek-r1t2-chimera:free,stop,,gen-1762633910-Gr41i926fjUENgZOTEqS
108,mbpp_test,0,606,4703,0,D:\PythonProjects\llm_eval\test\mbpp_test\108\108_gen_0.sv,tngtech/deepseek-r1t2-chimera:free,stop,,gen-1762634095-FxbWbAEvzceMlMIZn4w9
37,human_eval_test,0,466,8827,0,D:\PythonProjects\llm_eval\test\human_eval_test\37\37_gen_0.sv,tngtech/deepseek-r1t2-chimera:free,stop,,gen-1762633972-Bl7XS2YY0ux0uLk8xQgy
442,mbpp_test,0,472,5161,0,D:\PythonProjects\llm_eval\test\mbpp_test\442\442_gen_0.sv,tngtech/deepseek-r1t2-chimera:free,stop,,gen-1762634111-U0P2HQHmCVpqwuMNdhcT
602,mbpp_train,0,504,9684,0,D:\PythonProjects\llm_eval\test\mbpp_train\602\602_gen_0.sv,tngtech/deepseek-r1t2-chimera:free,stop,,gen-1762633982-rJvcVmpozrBsxmtlpXVg
614,mbpp_train,0,452,5110,0,D:\PythonProjects\llm_eval\test\mbpp_train\614\614_gen_0.sv,tngtech/deepseek-r1t2-chimera:free,stop,,gen-1762634170-PyzUW9lAx6ef851k9RCf
566,mbpp_validation,0,472,9879,0,D:\PythonProjects\llm_eval\test\mbpp_validation\566\566_gen_0.sv,tngtech/deepseek-r1t2-chimera:free,stop,,gen-1762634001-CX5QxF4UYWda3P67hBv9
7,human_eval_test,0,568,10450,0,D:\PythonProjects\llm_eval\test\human_eval_test\7\7_gen_0.sv,tngtech/deepseek-r1t2-chimera:free,stop,,gen-1762634029-oVymhxY9CuHSJn1Vo8VT
57,mbpp_test,0,442,8452,0,D:\PythonProjects\llm_eval\test\mbpp_test\57\57_gen_0.sv,tngtech/deepseek-r1t2-chimera:free,stop,,gen-1762634063-qknWDAFOzn2rNX492Wih
565,mbpp_validation,0,407,2150,0,D:\PythonProjects\llm_eval\test\mbpp_validation\565\565_gen_0.sv,tngtech/deepseek-r1t2-chimera:free,stop,,gen-1762634273-h46NvdBz6oGYaPUAupbM
739,mbpp_train,0,537,3880,0,D:\PythonProjects\llm_eval\test\mbpp_train\739\739_gen_0.sv,tngtech/deepseek-r1t2-chimera:free,stop,,gen-1762634242-SLokjAgLFmxT96e4OW8l
129,human_eval_test,0,575,10158,0,D:\PythonProjects\llm_eval\test\human_eval_test\129\129_gen_0.sv,tngtech/deepseek-r1t2-chimera:free,stop,,gen-1762634038-JfQph0y6UQ1xXffe0AIF
445,mbpp_test,0,458,1325,0,D:\PythonProjects\llm_eval\test\mbpp_test\445\445_gen_0.sv,tngtech/deepseek-r1t2-chimera:free,stop,,gen-1762634340-bqqLVt6DZObCHTln1M7k
740,mbpp_train,0,402,1590,0,D:\PythonProjects\llm_eval\test\mbpp_train\740\740_gen_0.sv,tngtech/deepseek-r1t2-chimera:free,stop,,gen-1762634343-ABrRowtn8qVXkunMjSWh
115,human_eval_test,0,401,3861,0,D:\PythonProjects\llm_eval\test\human_eval_test\115\115_gen_0.sv,tngtech/deepseek-r1t2-chimera:free,stop,,gen-1762634276-Pnjq03OdDnQs7uWzGRTN
612,mbpp_train,0,424,1950,0,D:\PythonProjects\llm_eval\test\mbpp_train\612\612_gen_0.sv,tngtech/deepseek-r1t2-chimera:free,stop,,gen-1762634340-4oSW3ClzqZlSxtW60Kho
567,mbpp_validation,0,396,992,0,D:\PythonProjects\llm_eval\test\mbpp_validation\567\567_gen_0.sv,tngtech/deepseek-r1t2-chimera:free,stop,,gen-1762634375-vjWGiYa9MPSJch2AcNx4
72,mbpp_test,0,371,624,0,D:\PythonProjects\llm_eval\test\mbpp_test\72\72_gen_0.sv,tngtech/deepseek-r1t2-chimera:free,stop,,gen-1762634398-c043GQLIN6HMA6cN3xek
446,mbpp_test,0,374,1939,0,D:\PythonProjects\llm_eval\test\mbpp_test\446\446_gen_0.sv,tngtech/deepseek-r1t2-chimera:free,stop,,gen-1762634408-j1wVbbnlwPPFE3fWKz8U
120,mbpp_test,0,447,2279,0,D:\PythonProjects\llm_eval\test\mbpp_test\120\120_gen_0.sv,tngtech/deepseek-r1t2-chimera:free,stop,,gen-1762634404-WDpjyfvhHWnNYDeYWwTa
616,mbpp_train,0,415,1602,0,D:\PythonProjects\llm_eval\test\mbpp_train\616\616_gen_0.sv,tngtech/deepseek-r1t2-chimera:free,stop,,gen-1762634429-uNMMgdblBjfn5YP6H98A
784,mbpp_train,0,553,3909,0,D:\PythonProjects\llm_eval\test\mbpp_train\784\784_gen_0.sv,tngtech/deepseek-r1t2-chimera:free,stop,,gen-1762634371-KkNDY2S1pngwnr5cpMjg
51,human_eval_test,0,479,6615,0,D:\PythonProjects\llm_eval\test\human_eval_test\51\51_gen_0.sv,tngtech/deepseek-r1t2-chimera:free,stop,,gen-1762634278-qDkmUq03fuOO7898qxZj
788,mbpp_train,0,394,965,0,D:\PythonProjects\llm_eval\test\mbpp_train\788\788_gen_0.sv,tngtech/deepseek-r1t2-chimera:free,stop,,gen-1762634476-7cCB7U8xRAWSZTm5AgLu
786,mbpp_train,0,422,8981,0,D:\PythonProjects\llm_eval\test\mbpp_train\786\786_gen_0.sv,tngtech/deepseek-r1t2-chimera:free,stop,,gen-1762634249-xmluFNdAbauuJaELo064
123,mbpp_test,0,598,6818,0,D:\PythonProjects\llm_eval\test\mbpp_test\123\123_gen_0.sv,tngtech/deepseek-r1t2-chimera:free,stop,,gen-1762634322-3L9RahfzKn7F7yO88o4b
126,human_eval_test,0,503,2636,0,D:\PythonProjects\llm_eval\test\human_eval_test\126\126_gen_0.sv,tngtech/deepseek-r1t2-chimera:free,stop,,gen-1762634506-0VPHIlLEFh20qIWJLp74
735,mbpp_train,0,419,3519,0,D:\PythonProjects\llm_eval\test\mbpp_train\735\735_gen_0.sv,tngtech/deepseek-r1t2-chimera:free,stop,,gen-1762634473-nLPHpiNm1zprnjlcgnU6
744,mbpp_train,0,336,698,0,D:\PythonProjects\llm_eval\test\mbpp_train\744\744_gen_0.sv,tngtech/deepseek-r1t2-chimera:free,stop,,gen-1762634582-V9GQCeEBBUSEIKpHOR5R
90,human_eval_test,0,607,6990,0,D:\PythonProjects\llm_eval\test\human_eval_test\90\90_gen_0.sv,tngtech/deepseek-r1t2-chimera:free,stop,,gen-1762634379-ZMgL2KrkqLuaQaNexD5A
577,mbpp_validation,0,393,865,0,D:\PythonProjects\llm_eval\test\mbpp_validation\577\577_gen_0.sv,tngtech/deepseek-r1t2-chimera:free,stop,,gen-1762634623-eyIi0HnB57xpip0050C0
572,mbpp_validation,0,471,5957,0,D:\PythonProjects\llm_eval\test\mbpp_validation\572\572_gen_0.sv,tngtech/deepseek-r1t2-chimera:free,stop,,gen-1762634482-2h3I7jsWxeR8xtBVKUhu
69,mbpp_test,0,524,12258,0,D:\PythonProjects\llm_eval\test\mbpp_test\69\69_gen_0.sv,tngtech/deepseek-r1t2-chimera:free,stop,,gen-1762634308-w6Cey7b3dfyU7vyCkTY5
143,human_eval_test,0,490,7534,0,D:\PythonProjects\llm_eval\test\human_eval_test\143\143_gen_0.sv,tngtech/deepseek-r1t2-chimera:free,stop,,gen-1762634502-CPNTaCL9BxOCahYFecJH
617,mbpp_train,0,467,5183,0,D:\PythonProjects\llm_eval\test\mbpp_train\617\617_gen_0.sv,tngtech/deepseek-r1t2-chimera:free,stop,,gen-1762634581-qn3VYh204ASvumJFwOhj
127,mbpp_test,0,337,581,0,D:\PythonProjects\llm_eval\test\mbpp_test\127\127_gen_0.sv,tngtech/deepseek-r1t2-chimera:free,stop,,gen-1762634720-tl7ZzhMdnHn3mS0R1qV4
156,human_eval_test,0,465,12455,0,D:\PythonProjects\llm_eval\test\human_eval_test\156\156_gen_0.sv,tngtech/deepseek-r1t2-chimera:free,stop,,gen-1762634397-C9hvhluUqohSxFcHo9Cd
448,mbpp_test,0,528,8815,0,D:\PythonProjects\llm_eval\test\mbpp_test\448\448_gen_0.sv,tngtech/deepseek-r1t2-chimera:free,stop,,gen-1762634533-inhJ3d6wKjJmesTdjXjr
618,mbpp_train,0,410,2335,0,D:\PythonProjects\llm_eval\test\mbpp_train\618\618_gen_0.sv,tngtech/deepseek-r1t2-chimera:free,stop,,gen-1762634747-nTrX4KBTqUtAr0f83vAA
790,mbpp_train,0,325,1377,0,D:\PythonProjects\llm_eval\test\mbpp_train\790\790_gen_0.sv,tngtech/deepseek-r1t2-chimera:free,stop,,gen-1762634778-1tZnhrE8qeg8IPGEXx8h
25,human_eval_test,0,593,6320,0,D:\PythonProjects\llm_eval\test\human_eval_test\25\25_gen_0.sv,tngtech/deepseek-r1t2-chimera:free,stop,,gen-1762634656-GfGCtq1PHZylWy1t1plf
74,mbpp_test,0,477,6269,0,D:\PythonProjects\llm_eval\test\mbpp_test\74\74_gen_0.sv,tngtech/deepseek-r1t2-chimera:free,stop,,gen-1762634685-AN7UQ2NxfG9qP3hG1Udc
71,mbpp_test,0,533,12663,0,D:\PythonProjects\llm_eval\test\mbpp_test\71\71_gen_0.sv,tngtech/deepseek-r1t2-chimera:free,stop,,gen-1762634515-JdU8nrbKTP1roajaPNOz
124,mbpp_test,0,577,12742,0,D:\PythonProjects\llm_eval\test\mbpp_test\124\124_gen_0.sv,tngtech/deepseek-r1t2-chimera:free,stop,,gen-1762634528-WehBkP9KEbKOQoSExXSE
738,mbpp_train,0,513,6445,0,D:\PythonProjects\llm_eval\test\mbpp_train\738\738_gen_0.sv,tngtech/deepseek-r1t2-chimera:free,stop,,gen-1762634756-x0cX8LQB4ZryC9zlJA17
75,mbpp_test,0,512,2924,0,D:\PythonProjects\llm_eval\test\mbpp_test\75\75_gen_0.sv,tngtech/deepseek-r1t2-chimera:free,stop,,gen-1762634854-JhWVazOgBbwSyiKr08EF
447,mbpp_test,0,431,2732,0,D:\PythonProjects\llm_eval\test\mbpp_test\447\447_gen_0.sv,tngtech/deepseek-r1t2-chimera:free,stop,,gen-1762634886-ry7xc1pj5YYcOPFQTuvK
743,mbpp_train,0,412,1830,0,D:\PythonProjects\llm_eval\test\mbpp_train\743\743_gen_0.sv,tngtech/deepseek-r1t2-chimera:free,stop,,gen-1762634945-ci8EfdqnZuMsaWpxRGG7
785,mbpp_train,0,540,14136,0,D:\PythonProjects\llm_eval\test\mbpp_train\785\785_gen_0.sv,tngtech/deepseek-r1t2-chimera:free,stop,,gen-1762634604-maeS65otqrmxQf5z1vPE
142,human_eval_test,0,550,12140,0,D:\PythonProjects\llm_eval\test\human_eval_test\142\142_gen_0.sv,tngtech/deepseek-r1t2-chimera:free,stop,,gen-1762634649-tnlkHm06LHEv4GIbbiuN
125,mbpp_test,0,543,5935,0,D:\PythonProjects\llm_eval\test\mbpp_test\125\125_gen_0.sv,tngtech/deepseek-r1t2-chimera:free,stop,,gen-1762634877-BMFXf5BP1DYYURfjp4D5
573,mbpp_validation,0,545,8680,0,D:\PythonProjects\llm_eval\test\mbpp_validation\573\573_gen_0.sv,tngtech/deepseek-r1t2-chimera:free,stop,,gen-1762634813-ns8xV01Q3ACSzwIcZOOd
89,human_eval_test,0,370,2418,0,D:\PythonProjects\llm_eval\test\human_eval_test\89\89_gen_0.sv,tngtech/deepseek-r1t2-chimera:free,stop,,gen-1762635007-75kJ5SOyc2jvdzhAhY9A
131,human_eval_test,0,405,8518,0,D:\PythonProjects\llm_eval\test\human_eval_test\131\131_gen_0.sv,tngtech/deepseek-r1t2-chimera:free,stop,,gen-1762634827-hcGrhHq5w6jNJojb0zer
117,human_eval_test,0,456,8628,0,D:\PythonProjects\llm_eval\test\human_eval_test\117\117_gen_0.sv,tngtech/deepseek-r1t2-chimera:free,stop,,gen-1762634821-u4JosTngsHZjB1B0U9Eg
450,mbpp_test,0,470,13415,0,D:\PythonProjects\llm_eval\test\mbpp_test\450\450_gen_0.sv,tngtech/deepseek-r1t2-chimera:free,stop,,gen-1762634728-rPU4VRte9nG4V9nqIFXI
787,mbpp_train,0,484,4744,0,D:\PythonProjects\llm_eval\test\mbpp_train\787\787_gen_0.sv,tngtech/deepseek-r1t2-chimera:free,stop,,gen-1762634967-Ps4PE0fN48XdqCcnKhyM
619,mbpp_train,0,596,7513,0,D:\PythonProjects\llm_eval\test\mbpp_train\619\619_gen_0.sv,tngtech/deepseek-r1t2-chimera:free,stop,,gen-1762634943-aehyf8IZ1h1IVDkJ89z6
452,mbpp_test,0,336,2835,0,D:\PythonProjects\llm_eval\test\mbpp_test\452\452_gen_0.sv,tngtech/deepseek-r1t2-chimera:free,stop,,gen-1762635076-Xmiw7Mq05ppCa6nTpdC1
70,mbpp_test,0,413,4437,0,D:\PythonProjects\llm_eval\test\mbpp_test\70\70_gen_0.sv,tngtech/deepseek-r1t2-chimera:free,stop,,gen-1762635050-jBO9oBd6cmvPgRKHPcYz
569,mbpp_validation,0,576,8256,0,D:\PythonProjects\llm_eval\test\mbpp_validation\569\569_gen_0.sv,tngtech/deepseek-r1t2-chimera:free,stop,,gen-1762634998-f6U8y30KM8JRGmwdTiKd
80,mbpp_test,0,382,3070,0,D:\PythonProjects\llm_eval\test\mbpp_test\80\80_gen_0.sv,tngtech/deepseek-r1t2-chimera:free,stop,,gen-1762635161-ZsrOvW5PiJoYCqAN0FWk
103,human_eval_test,0,429,3392,0,D:\PythonProjects\llm_eval\test\human_eval_test\103\103_gen_0.sv,tngtech/deepseek-r1t2-chimera:free,stop,,gen-1762635152-sogWFwfUSwKD4v5HaLR2
38,human_eval_test,0,514,4671,0,D:\PythonProjects\llm_eval\test\human_eval_test\38\38_gen_0.sv,tngtech/deepseek-r1t2-chimera:free,stop,,gen-1762635152-hE2iVpKbeY9U2INHVeeI
128,human_eval_test,0,531,8743,0,D:\PythonProjects\llm_eval\test\human_eval_test\128\128_gen_0.sv,tngtech/deepseek-r1t2-chimera:free,stop,,gen-1762635011-JjLXTZJwPMiVi9WVIKUT
117,mbpp_test,0,458,10966,0,D:\PythonProjects\llm_eval\test\mbpp_test\117\117_gen_0.sv,tngtech/deepseek-r1t2-chimera:free,stop,,gen-1762635061-iQXDPjnYUJMJYeGxJg9m
620,mbpp_train,0,535,10168,0,D:\PythonProjects\llm_eval\test\mbpp_train\620\620_gen_0.sv,tngtech/deepseek-r1t2-chimera:free,stop,,gen-1762635083-cKfbG0daFHlp3bGBn32M
581,mbpp_validation,0,354,1234,0,D:\PythonProjects\llm_eval\test\mbpp_validation\581\581_gen_0.sv,tngtech/deepseek-r1t2-chimera:free,stop,,gen-1762635368-Hl8QdaKlhrHShVLu3fEv
126,mbpp_test,0,445,5844,0,D:\PythonProjects\llm_eval\test\mbpp_test\126\126_gen_0.sv,tngtech/deepseek-r1t2-chimera:free,stop,,gen-1762635229-Ya2P2zTmAyuyJlWdIQZl
783,mbpp_train,0,687,10425,0,D:\PythonProjects\llm_eval\test\mbpp_train\783\783_gen_0.sv,tngtech/deepseek-r1t2-chimera:free,stop,,gen-1762635091-twECql6ihg5zefXtYh9l
766,mbpp_train,0,433,3751,0,D:\PythonProjects\llm_eval\test\mbpp_train\766\766_gen_0.sv,tngtech/deepseek-r1t2-chimera:free,stop,,gen-1762635320-uqOBja4XQcWhsjInEIx0
144,human_eval_test,0,454,1137,0,D:\PythonProjects\llm_eval\test\human_eval_test\144\144_gen_0.sv,tngtech/deepseek-r1t2-chimera:free,stop,,gen-1762635412-bQ2xmYduaBZNHcWJjdim
622,mbpp_train,0,544,5291,0,D:\PythonProjects\llm_eval\test\mbpp_train\622\622_gen_0.sv,tngtech/deepseek-r1t2-chimera:free,stop,,gen-1762635287-0F9lKhbNwvxfkRS1KjP9
576,mbpp_validation,0,550,10923,0,D:\PythonProjects\llm_eval\test\mbpp_validation\576\576_gen_0.sv,tngtech/deepseek-r1t2-chimera:free,stop,,gen-1762635105-04EbdUkqHaNxnZ9fmdlI
746,mbpp_train,0,535,11761,0,D:\PythonProjects\llm_eval\test\mbpp_train\746\746_gen_0.sv,tngtech/deepseek-r1t2-chimera:free,stop,,gen-1762635084-hK2uKKl39oCGFf5lyUsz
624,mbpp_train,0,388,876,0,D:\PythonProjects\llm_eval\test\mbpp_train\624\624_gen_0.sv,tngtech/deepseek-r1t2-chimera:free,stop,,gen-1762635452-Ck5NOjSogMLpGaqNUxsm
454,mbpp_test,0,354,1966,0,D:\PythonProjects\llm_eval\test\mbpp_test\454\454_gen_0.sv,tngtech/deepseek-r1t2-chimera:free,stop,,gen-1762635446-XjBv6rZs8recrzX0ixj3
742,mbpp_train,0,431,1939,0,D:\PythonProjects\llm_eval\test\mbpp_train\742\742_gen_0.sv,tngtech/deepseek-r1t2-chimera:free,stop,,gen-1762635468-WdEmzB4MDRkvX0CePscR
83,mbpp_test,0,446,2848,0,D:\PythonProjects\llm_eval\test\mbpp_test\83\83_gen_0.sv,tngtech/deepseek-r1t2-chimera:free,stop,,gen-1762635433-DfjAbcNZkNKaJ3luWlKw
444,mbpp_test,0,533,10082,0,D:\PythonProjects\llm_eval\test\mbpp_test\444\444_gen_0.sv,tngtech/deepseek-r1t2-chimera:free,stop,,gen-1762635264-E7LmY4zzfacOgj3Ohmmb
128,mbpp_test,0,437,4984,0,D:\PythonProjects\llm_eval\test\mbpp_test\128\128_gen_0.sv,tngtech/deepseek-r1t2-chimera:free,stop,,gen-1762635444-8wMkoI83vFCB35SHDTTa
748,mbpp_train,0,569,9021,0,D:\PythonProjects\llm_eval\test\mbpp_train\748\748_gen_0.sv,tngtech/deepseek-r1t2-chimera:free,stop,,gen-1762635306-8p95R2In0psvyyfoz6Tz
12,human_eval_test,0,409,2660,0,D:\PythonProjects\llm_eval\test\human_eval_test\12\12_gen_0.sv,tngtech/deepseek-r1t2-chimera:free,stop,,gen-1762635525-d6kIPFrDkmLpyRuhzlVR
436,mbpp_test,0,359,622,0,D:\PythonProjects\llm_eval\test\mbpp_test\436\436_gen_0.sv,tngtech/deepseek-r1t2-chimera:free,stop,,gen-1762635602-zRWibOxKBSy8MUJL3Mwu
23,human_eval_test,0,436,5014,0,D:\PythonProjects\llm_eval\test\human_eval_test\23\23_gen_0.sv,tngtech/deepseek-r1t2-chimera:free,stop,,gen-1762635424-579AqXah11uOngFGmket
798,mbpp_train,0,357,820,0,D:\PythonProjects\llm_eval\test\mbpp_train\798\798_gen_0.sv,tngtech/deepseek-r1t2-chimera:free,stop,,gen-1762635624-38lQITuypoTnHK6FdDj6
749,mbpp_train,0,524,1491,0,D:\PythonProjects\llm_eval\test\mbpp_train\749\749_gen_0.sv,tngtech/deepseek-r1t2-chimera:free,stop,,gen-1762635622-1EfoYr3T6GZBujYBIA7S
583,mbpp_validation,0,420,1588,0,D:\PythonProjects\llm_eval\test\mbpp_validation\583\583_gen_0.sv,tngtech/deepseek-r1t2-chimera:free,stop,,gen-1762635648-4TFkrYaMaocONWMqMsyQ
3491,aapp_competition_test,0,772,11737,0,D:\PythonProjects\llm_eval\test\aapp_competition_test\3491\3491_gen_0.sv,tngtech/deepseek-r1t2-chimera:free,stop,,gen-1762635403-MqDjnuIOFEVqP50ueJQT
157,human_eval_test,0,369,1335,0,D:\PythonProjects\llm_eval\test\human_eval_test\157\157_gen_0.sv,tngtech/deepseek-r1t2-chimera:free,stop,,gen-1762635751-BZsL4paMm9WrOGINx3DK
752,mbpp_train,0,526,12523,0,D:\PythonProjects\llm_eval\test\mbpp_train\752\752_gen_0.sv,tngtech/deepseek-r1t2-chimera:free,stop,,gen-1762635460-5I19qLNNjgOhDoRpdzJX
3493,aapp_competition_test,0,511,9986,0,D:\PythonProjects\llm_eval\test\aapp_competition_test\3493\3493_gen_0.sv,tngtech/deepseek-r1t2-chimera:free,stop,,gen-1762635519-vvnNsYCbSoOK4FnlcYRj
623,mbpp_train,0,501,7237,0,D:\PythonProjects\llm_eval\test\mbpp_train\623\623_gen_0.sv,tngtech/deepseek-r1t2-chimera:free,stop,,gen-1762635614-14NG8WXFcombLY1IYkVW
133,mbpp_test,0,345,1986,0,D:\PythonProjects\llm_eval\test\mbpp_test\133\133_gen_0.sv,tngtech/deepseek-r1t2-chimera:free,stop,,gen-1762635836-HLRoPFSZmZRXbrFG71dZ
93,human_eval_test,0,549,6635,0,D:\PythonProjects\llm_eval\test\human_eval_test\93\93_gen_0.sv,tngtech/deepseek-r1t2-chimera:free,stop,,gen-1762635702-94phyZjh36jE2nzNSq6J
455,mbpp_test,0,341,1420,0,D:\PythonProjects\llm_eval\test\mbpp_test\455\455_gen_0.sv,tngtech/deepseek-r1t2-chimera:free,stop,,gen-1762635845-CQHYvKkjUQSu1ecswNk0
84,mbpp_test,0,554,9405,0,D:\PythonProjects\llm_eval\test\mbpp_test\84\84_gen_0.sv,tngtech/deepseek-r1t2-chimera:free,stop,,gen-1762635578-tejEIOINC9ldhNkYPnyA
579,mbpp_validation,0,502,13051,0,D:\PythonProjects\llm_eval\test\mbpp_validation\579\579_gen_0.sv,tngtech/deepseek-r1t2-chimera:free,stop,,gen-1762635478-FBASAZPff87KOPiPaMLb
104,human_eval_test,0,530,12354,0,D:\PythonProjects\llm_eval\test\human_eval_test\104\104_gen_0.sv,tngtech/deepseek-r1t2-chimera:free,stop,,gen-1762635557-ewjmhFCqKaDRe3AX32ob
52,human_eval_test,0,352,590,0,D:\PythonProjects\llm_eval\test\human_eval_test\52\52_gen_0.sv,tngtech/deepseek-r1t2-chimera:free,stop,,gen-1762635933-h3j5FIutEqyXMGitHvWD
582,mbpp_validation,0,408,2009,0,D:\PythonProjects\llm_eval\test\mbpp_validation\582\582_gen_0.sv,tngtech/deepseek-r1t2-chimera:free,stop,,gen-1762635909-rZkxWFt0PndRprumRJ1X
3489,aapp_competition_test,0,612,9869,0,D:\PythonProjects\llm_eval\test\aapp_competition_test\3489\3489_gen_0.sv,tngtech/deepseek-r1t2-chimera:free,stop,,gen-1762635667-7iOtnRV0XmwvcUx56WAt
458,mbpp_test,0,296,949,0,D:\PythonProjects\llm_eval\test\mbpp_test\458\458_gen_0.sv,tngtech/deepseek-r1t2-chimera:free,stop,,gen-1762635969-igPLX99BNAZD0gfhsceB
82,mbpp_test,0,448,6650,0,D:\PythonProjects\llm_eval\test\mbpp_test\82\82_gen_0.sv,tngtech/deepseek-r1t2-chimera:free,stop,,gen-1762635804-RSNrOTEiCDiSiY2zJFhA
129,mbpp_test,0,528,10943,0,D:\PythonProjects\llm_eval\test\mbpp_test\129\129_gen_0.sv,tngtech/deepseek-r1t2-chimera:free,stop,,gen-1762635600-9jZbGvXF63BkjZj9spCp
132,mbpp_test,0,430,4081,0,D:\PythonProjects\llm_eval\test\mbpp_test\132\132_gen_0.sv,tngtech/deepseek-r1t2-chimera:free,stop,,gen-1762635967-zh0pxbgRHrk8BpV0FnNK
77,mbpp_test,0,386,3938,0,D:\PythonProjects\llm_eval\test\mbpp_test\77\77_gen_0.sv,tngtech/deepseek-r1t2-chimera:free,stop,,gen-1762635951-o5JqRqbCFdJ74JfwTZT0
628,mbpp_train,0,504,7554,0,D:\PythonProjects\llm_eval\test\mbpp_train\628\628_gen_0.sv,tngtech/deepseek-r1t2-chimera:free,stop,,gen-1762635866-OU5SIVXh5AFGlYXLXawr
751,mbpp_train,0,400,3096,0,D:\PythonProjects\llm_eval\test\mbpp_train\751\751_gen_0.sv,tngtech/deepseek-r1t2-chimera:free,stop,,gen-1762636015-LJCbC2R7sGZHOavVWTit
797,mbpp_train,0,401,5964,0,D:\PythonProjects\llm_eval\test\mbpp_train\797\797_gen_0.sv,tngtech/deepseek-r1t2-chimera:free,stop,,gen-1762635908-OUwSWXCdoM2ajZ2cCcPh
625,mbpp_train,0,520,3535,0,D:\PythonProjects\llm_eval\test\mbpp_train\625\625_gen_0.sv,tngtech/deepseek-r1t2-chimera:free,stop,,gen-1762636003-659sMjBrfsqQtyjPEbmT
793,mbpp_train,0,530,4472,0,D:\PythonProjects\llm_eval\test\mbpp_train\793\793_gen_0.sv,tngtech/deepseek-r1t2-chimera:free,stop,,gen-1762636025-wjakhcGhYuzRys7e38qo
118,human_eval_test,0,471,6807,0,D:\PythonProjects\llm_eval\test\human_eval_test\118\118_gen_0.sv,tngtech/deepseek-r1t2-chimera:free,stop,,gen-1762635929-UPVNg1EesG7uGM5nnmAO
86,mbpp_test,0,375,1281,0,D:\PythonProjects\llm_eval\test\mbpp_test\86\86_gen_0.sv,tngtech/deepseek-r1t2-chimera:free,,,gen-1762636136-78hD5WCDY3fJ9yYISdTs
135,mbpp_test,0,347,1401,0,D:\PythonProjects\llm_eval\test\mbpp_test\135\135_gen_0.sv,tngtech/deepseek-r1t2-chimera:free,stop,,gen-1762636139-JrHKWrYyQmlZ7qdrCGqJ
747,mbpp_train,0,735,8975,0,D:\PythonProjects\llm_eval\test\mbpp_train\747\747_gen_0.sv,tngtech/deepseek-r1t2-chimera:free,stop,,gen-1762635901-2njzaH4B0c6UGr6elhgn
794,mbpp_train,0,391,1913,0,D:\PythonProjects\llm_eval\test\mbpp_train\794\794_gen_0.sv,tngtech/deepseek-r1t2-chimera:free,stop,,gen-1762636187-01iFEpJNFdr9YvO2UHyC
630,mbpp_train,0,434,3013,0,D:\PythonProjects\llm_eval\test\mbpp_train\630\630_gen_0.sv,tngtech/deepseek-r1t2-chimera:free,stop,,gen-1762636184-oCcs7BdIETSG66QysD4F
3481,aapp_competition_test,0,759,10454,0,D:\PythonProjects\llm_eval\test\aapp_competition_test\3481\3481_gen_0.sv,tngtech/deepseek-r1t2-chimera:free,stop,,gen-1762635909-SFHtKPfz4VduXvYS3enj
91,human_eval_test,0,500,6802,0,D:\PythonProjects\llm_eval\test\human_eval_test\91\91_gen_0.sv,tngtech/deepseek-r1t2-chimera:free,stop,,gen-1762636114-Ksr6PCsKdOwCtwJIMvfF
578,mbpp_validation,0,577,8268,0,D:\PythonProjects\llm_eval\test\mbpp_validation\578\578_gen_0.sv,tngtech/deepseek-r1t2-chimera:free,stop,,gen-1762636106-wBRUrVXD1GYgw0NQvwm5
3495,aapp_competition_test,0,891,10202,0,D:\PythonProjects\llm_eval\test\aapp_competition_test\3495\3495_gen_0.sv,tngtech/deepseek-r1t2-chimera:free,stop,,gen-1762636106-8MYmmLqoFGKP8u2f0d9z
580,mbpp_validation,0,647,7116,0,D:\PythonProjects\llm_eval\test\mbpp_validation\580\580_gen_0.sv,tngtech/deepseek-r1t2-chimera:free,stop,,gen-1762636203-8Nrz5plN21W3oACbgGXx
39,human_eval_test,0,520,5590,0,D:\PythonProjects\llm_eval\test\human_eval_test\39\39_gen_0.sv,tngtech/deepseek-r1t2-chimera:free,stop,,gen-1762636293-zA7L6SOaoqG3rl1iUTAI
113,mbpp_test,0,393,2745,0,D:\PythonProjects\llm_eval\test\mbpp_test\113\113_gen_0.sv,tngtech/deepseek-r1t2-chimera:free,stop,,gen-1762636432-3TF8229ePIJVVVf3SEl8
155,human_eval_test,0,437,6123,0,D:\PythonProjects\llm_eval\test\human_eval_test\155\155_gen_0.sv,tngtech/deepseek-r1t2-chimera:free,stop,,gen-1762636308-ETSnaODCVxNTdF6QiNQL
26,human_eval_test,0,429,10435,0,D:\PythonProjects\llm_eval\test\human_eval_test\26\26_gen_0.sv,tngtech/deepseek-r1t2-chimera:free,stop,,gen-1762636121-tQ6tA8HKp5nx1t4iyENo
753,mbpp_train,0,586,9930,0,D:\PythonProjects\llm_eval\test\mbpp_train\753\753_gen_0.sv,tngtech/deepseek-r1t2-chimera:free,stop,,gen-1762636185-UFE6RMrqfaMawKAmlomQ
85,mbpp_test,0,407,5044,0,D:\PythonProjects\llm_eval\test\mbpp_test\85\85_gen_0.sv,tngtech/deepseek-r1t2-chimera:free,stop,,gen-1762636376-4VGttzaHHiRK42ocJlnR
3497,aapp_competition_test,0,647,8048,0,D:\PythonProjects\llm_eval\test\aapp_competition_test\3497\3497_gen_0.sv,tngtech/deepseek-r1t2-chimera:free,stop,,gen-1762636256-tiYCntlBl1oJI5q9035Y
89,mbpp_test,0,318,488,0,D:\PythonProjects\llm_eval\test\mbpp_test\89\89_gen_0.sv,tngtech/deepseek-r1t2-chimera:free,stop,,gen-1762636565-jCVkbh1D3a6Xddonyhw3
3498,aapp_competition_test,0,561,1802,0,D:\PythonProjects\llm_eval\test\aapp_competition_test\3498\3498_gen_0.sv,tngtech/deepseek-r1t2-chimera:free,stop,,gen-1762636537-fR0ZFAuwV5Kz9NUtLoed
796,mbpp_train,0,446,2288,0,D:\PythonProjects\llm_eval\test\mbpp_train\796\796_gen_0.sv,tngtech/deepseek-r1t2-chimera:free,stop,,gen-1762636523-lD4vumzUMza1CT45qxoq
461,mbpp_test,0,383,4266,0,D:\PythonProjects\llm_eval\test\mbpp_test\461\461_gen_0.sv,tngtech/deepseek-r1t2-chimera:free,stop,,gen-1762636473-iE08zzVZQy6xtQmPkjRG
586,mbpp_validation,0,385,2438,0,D:\PythonProjects\llm_eval\test\mbpp_validation\586\586_gen_0.sv,tngtech/deepseek-r1t2-chimera:free,stop,,gen-1762636536-WUs9swIbUw5nZLKWBCbR
453,mbpp_test,0,571,12763,0,D:\PythonProjects\llm_eval\test\mbpp_test\453\453_gen_0.sv,tngtech/deepseek-r1t2-chimera:free,stop,,gen-1762636169-WeZhN6l5lRUIUTqH9U1d
754,mbpp_train,0,437,4015,0,D:\PythonProjects\llm_eval\test\mbpp_train\754\754_gen_0.sv,tngtech/deepseek-r1t2-chimera:free,stop,,gen-1762636522-W9DOnbAsG6RXYZ5RJ6sm
631,mbpp_train,0,374,2067,0,D:\PythonProjects\llm_eval\test\mbpp_train\631\631_gen_0.sv,tngtech/deepseek-r1t2-chimera:free,stop,,gen-1762636611-dkmVeZOHb9vJqEmmilJI
66,human_eval_test,0,443,4512,0,D:\PythonProjects\llm_eval\test\human_eval_test\66\66_gen_0.sv,tngtech/deepseek-r1t2-chimera:free,stop,,gen-1762636544-Bjm2Rr05QaLJIJrHAycA
131,mbpp_test,0,412,5434,0,D:\PythonProjects\llm_eval\test\mbpp_test\131\131_gen_0.sv,tngtech/deepseek-r1t2-chimera:free,stop,,gen-1762636583-9rGujTB3qh3a4PeIyn8I
0,human_eval_test,0,466,6380,0,D:\PythonProjects\llm_eval\test\human_eval_test\0\0_gen_0.sv,tngtech/deepseek-r1t2-chimera:free,stop,,gen-1762636554-kCCPOutfr0nbX0vSh2u1
791,mbpp_train,0,487,4492,0,D:\PythonProjects\llm_eval\test\mbpp_train\791\791_gen_0.sv,tngtech/deepseek-r1t2-chimera:free,stop,,gen-1762636646-FpnmfUeB45qJyrMCiao0
90,mbpp_test,0,310,792,0,D:\PythonProjects\llm_eval\test\mbpp_test\90\90_gen_0.sv,tngtech/deepseek-r1t2-chimera:free,stop,,gen-1762636782-xBplAa3RokBfsCPwtdTa
627,mbpp_train,0,584,9088,0,D:\PythonProjects\llm_eval\test\mbpp_train\627\627_gen_0.sv,tngtech/deepseek-r1t2-chimera:free,stop,,gen-1762636502-CpwOQ6LdrbnVds4R8xkc
138,mbpp_test,0,322,1004,0,D:\PythonProjects\llm_eval\test\mbpp_test\138\138_gen_0.sv,tngtech/deepseek-r1t2-chimera:free,stop,,gen-1762636801-4g17LHymjNnrFnyhvP6Q
13,human_eval_test,0,510,4487,0,D:\PythonProjects\llm_eval\test\human_eval_test\13\13_gen_0.sv,tngtech/deepseek-r1t2-chimera:free,stop,,gen-1762636694-bPi3lMWpkP2a4vuYyZWC
792,mbpp_train,0,354,469,0,D:\PythonProjects\llm_eval\test\mbpp_train\792\792_gen_0.sv,tngtech/deepseek-r1t2-chimera:free,stop,,gen-1762636840-mMfcaKgfPLrbqbhgKrgD
3471,aapp_competition_test,0,751,5918,0,D:\PythonProjects\llm_eval\test\aapp_competition_test\3471\3471_gen_0.sv,tngtech/deepseek-r1t2-chimera:free,stop,,gen-1762636665-YS8N9sgNK5HO2DLEmGxy
587,mbpp_validation,0,334,544,0,D:\PythonProjects\llm_eval\test\mbpp_validation\587\587_gen_0.sv,tngtech/deepseek-r1t2-chimera:free,stop,,gen-1762636851-ofIV8Qzo5RKCuBzapTYS
741,mbpp_train,0,440,6840,0,D:\PythonProjects\llm_eval\test\mbpp_train\741\741_gen_0.sv,tngtech/deepseek-r1t2-chimera:free,stop,,gen-1762636624-q3sBh5TKWrosXGTeTBFU
633,mbpp_train,0,433,1508,0,D:\PythonProjects\llm_eval\test\mbpp_train\633\633_gen_0.sv,tngtech/deepseek-r1t2-chimera:free,stop,,gen-1762636816-sfEZwOW0QHqYwcSckZyp
11,human_eval_test,0,355,398,0,D:\PythonProjects\llm_eval\test\human_eval_test\11\11_gen_0.sv,tngtech/deepseek-r1t2-chimera:free,stop,,gen-1762636865-MqcoXJ1HfcDkZnVzSJWq
462,mbpp_test,0,418,2265,0,D:\PythonProjects\llm_eval\test\mbpp_test\462\462_gen_0.sv,tngtech/deepseek-r1t2-chimera:free,stop,,gen-1762636809-uTxH4acRBm4qcykjq13I
459,mbpp_test,0,521,8668,0,D:\PythonProjects\llm_eval\test\mbpp_test\459\459_gen_0.sv,tngtech/deepseek-r1t2-chimera:free,stop,,gen-1762636607-fSEghPYZHrascGCD23kz
139,mbpp_test,0,405,884,0,D:\PythonProjects\llm_eval\test\mbpp_test\139\139_gen_0.sv,tngtech/deepseek-r1t2-chimera:free,stop,,gen-1762636876-w2EeEW4mVjG40j1VbMxB
637,mbpp_train,0,330,572,0,D:\PythonProjects\llm_eval\test\mbpp_train\637\637_gen_0.sv,tngtech/deepseek-r1t2-chimera:free,stop,,gen-1762636903-owQxg8PtZulMg9ZAasBI
27,human_eval_test,0,365,1629,0,D:\PythonProjects\llm_eval\test\human_eval_test\27\27_gen_0.sv,tngtech/deepseek-r1t2-chimera:free,stop,,gen-1762636869-xHjcqoEaiOpBWisOyWDF
457,mbpp_test,0,420,1990,0,D:\PythonProjects\llm_eval\test\mbpp_test\457\457_gen_0.sv,tngtech/deepseek-r1t2-chimera:free,stop,,gen-1762636880-AqLnMacVHcgEuIn2j6eu
750,mbpp_train,0,535,3584,0,D:\PythonProjects\llm_eval\test\mbpp_train\750\750_gen_0.sv,tngtech/deepseek-r1t2-chimera:free,stop,,gen-1762636837-9MPPI4DVLfo1kOnFvp1s
799,mbpp_train,0,362,2296,0,D:\PythonProjects\llm_eval\test\mbpp_train\799\799_gen_0.sv,tngtech/deepseek-r1t2-chimera:free,stop,,gen-1762636914-hXkNXZSiSHSFYIRY4S59
105,human_eval_test,0,620,8975,0,D:\PythonProjects\llm_eval\test\human_eval_test\105\105_gen_0.sv,tngtech/deepseek-r1t2-chimera:free,stop,,gen-1762636719-oYqSYPZQJBqzLKWtiVcj
16,mbpp_test,0,464,6388,0,D:\PythonProjects\llm_eval\test\mbpp_test\16\16_gen_0.sv,tngtech/deepseek-r1t2-chimera:free,stop,,gen-1762636869-zE0G92497bXvb229EWfE
64,human_eval_test,0,431,4636,0,D:\PythonProjects\llm_eval\test\human_eval_test\64\64_gen_0.sv,tngtech/deepseek-r1t2-chimera:free,stop,,gen-1762636960-kaU6SelQA4fRuNyfBcX8
585,mbpp_validation,0,506,5516,0,D:\PythonProjects\llm_eval\test\mbpp_validation\585\585_gen_0.sv,tngtech/deepseek-r1t2-chimera:free,stop,,gen-1762636927-enrC2PTibvhOPhvNOsxJ
464,mbpp_test,0,406,1660,0,D:\PythonProjects\llm_eval\test\mbpp_test\464\464_gen_0.sv,tngtech/deepseek-r1t2-chimera:free,stop,,gen-1762637117-ImxTyYBD16hl6EaGxKSf
762,mbpp_train,0,344,806,0,D:\PythonProjects\llm_eval\test\mbpp_train\762\762_gen_0.sv,tngtech/deepseek-r1t2-chimera:free,stop,,gen-1762637169-PlCWWohUjeMC4LcOvxIr
88,mbpp_test,0,449,5115,0,D:\PythonProjects\llm_eval\test\mbpp_test\88\88_gen_0.sv,tngtech/deepseek-r1t2-chimera:free,stop,,gen-1762636996-zea0qS6OnjhqtK9pvSMk
584,mbpp_validation,0,561,13228,0,D:\PythonProjects\llm_eval\test\mbpp_validation\584\584_gen_0.sv,tngtech/deepseek-r1t2-chimera:free,stop,,gen-1762636663-tuQHQLHSPeYDkKC58QH4
588,mbpp_validation,0,372,1062,0,D:\PythonProjects\llm_eval\test\mbpp_validation\588\588_gen_0.sv,tngtech/deepseek-r1t2-chimera:free,stop,,gen-1762637196-m5FYmHKmyAROTVoTHgL7
53,human_eval_test,0,309,513,0,D:\PythonProjects\llm_eval\test\human_eval_test\53\53_gen_0.sv,tngtech/deepseek-r1t2-chimera:free,stop,,gen-1762637231-6pctD335MvadrfDBHd7T
755,mbpp_train,0,500,8521,0,D:\PythonProjects\llm_eval\test\mbpp_train\755\755_gen_0.sv,tngtech/deepseek-r1t2-chimera:free,stop,,gen-1762636914-XF7g9yzv97UrkcY0lQqF
143,mbpp_test,0,411,948,0,D:\PythonProjects\llm_eval\test\mbpp_test\143\143_gen_0.sv,tngtech/deepseek-r1t2-chimera:free,stop,,gen-1762637260-qXVqjzp6rI2j6YRhx3NW
470,mbpp_test,0,388,1244,0,D:\PythonProjects\llm_eval\test\mbpp_test\470\470_gen_0.sv,tngtech/deepseek-r1t2-chimera:free,stop,,gen-1762637293-woUqT1BS60i39krOMTjN
130,mbpp_test,0,493,7875,0,D:\PythonProjects\llm_eval\test\mbpp_test\130\130_gen_0.sv,tngtech/deepseek-r1t2-chimera:free,stop,,gen-1762637067-1ISdXAZCI6AEQEZGullx
800,mbpp_train,0,536,5717,0,D:\PythonProjects\llm_eval\test\mbpp_train\800\800_gen_0.sv,tngtech/deepseek-r1t2-chimera:free,stop,,gen-1762637172-9mW5lzrmb2I9ffbhUOGr
87,mbpp_test,0,539,3842,0,D:\PythonProjects\llm_eval\test\mbpp_test\87\87_gen_0.sv,tngtech/deepseek-r1t2-chimera:free,,,gen-1762637251-WD9UH0ojIJfSo4deR97f
158,human_eval_test,0,463,11531,0,D:\PythonProjects\llm_eval\test\human_eval_test\158\158_gen_0.sv,tngtech/deepseek-r1t2-chimera:free,stop,,gen-1762636982-XMsZmtuqLNT7wKCk0e2b
60,human_eval_test,0,372,5078,0,D:\PythonProjects\llm_eval\test\human_eval_test\60\60_gen_0.sv,tngtech/deepseek-r1t2-chimera:free,stop,,gen-1762637203-DBkL1jYPLf5asMbEJheA
635,mbpp_train,0,475,7791,0,D:\PythonProjects\llm_eval\test\mbpp_train\635\635_gen_0.sv,tngtech/deepseek-r1t2-chimera:free,stop,,gen-1762637138-73oTSyXyZZc4Tjyd1k7D
67,human_eval_test,0,402,426,0,D:\PythonProjects\llm_eval\test\human_eval_test\67\67_gen_0.sv,tngtech/deepseek-r1t2-chimera:free,stop,,gen-1762637408-WZoLavx2sTy4w4LrapWQ
3496,aapp_competition_test,0,605,15745,0,D:\PythonProjects\llm_eval\test\aapp_competition_test\3496\3496_gen_0.sv,tngtech/deepseek-r1t2-chimera:free,stop,,gen-1762636856-zfckYPIUDD7aogkOuTf0
760,mbpp_train,0,325,2171,0,D:\PythonProjects\llm_eval\test\mbpp_train\760\760_gen_0.sv,tngtech/deepseek-r1t2-chimera:free,stop,,gen-1762637346-weO6dwUf1VR7Zq0qLtd2
119,human_eval_test,0,565,6976,0,D:\PythonProjects\llm_eval\test\human_eval_test\119\119_gen_0.sv,tngtech/deepseek-r1t2-chimera:free,stop,,gen-1762637216-6JvZGjjvhAyEn1zHdl74
142,mbpp_test,0,423,1202,0,D:\PythonProjects\llm_eval\test\mbpp_test\142\142_gen_0.sv,tngtech/deepseek-r1t2-chimera:free,stop,,gen-1762637432-eNPRdpgNFu6Cifw0DSk6
3488,aapp_competition_test,0,675,11902,0,D:\PythonProjects\llm_eval\test\aapp_competition_test\3488\3488_gen_0.sv,tngtech/deepseek-r1t2-chimera:free,,,gen-1762636941-xenfO2gR7L6j917rAy4e
95,mbpp_test,0,451,2769,0,D:\PythonProjects\llm_eval\test\mbpp_test\95\95_gen_0.sv,tngtech/deepseek-r1t2-chimera:free,stop,,gen-1762637424-8IUYsobljALjHWrmeTPl
592,mbpp_validation,0,413,3990,0,D:\PythonProjects\llm_eval\test\mbpp_validation\592\592_gen_0.sv,tngtech/deepseek-r1t2-chimera:free,stop,,gen-1762637387-bPZaz5m4zipPlwpUzXyK
638,mbpp_train,0,485,6284,0,D:\PythonProjects\llm_eval\test\mbpp_train\638\638_gen_0.sv,tngtech/deepseek-r1t2-chimera:free,,,gen-1762637336-8CcCLyKXwgSsGF01oxhd
92,human_eval_test,0,377,787,0,D:\PythonProjects\llm_eval\test\human_eval_test\92\92_gen_0.sv,tngtech/deepseek-r1t2-chimera:free,stop,,gen-1762637556-IumAQYO0eFUm0NvtVL8M
78,human_eval_test,0,497,5137,0,D:\PythonProjects\llm_eval\test\human_eval_test\78\78_gen_0.sv,tngtech/deepseek-r1t2-chimera:free,stop,,gen-1762637417-ZdALvKYSItcQ5HcuO6NH
61,human_eval_test,0,441,5321,0,D:\PythonProjects\llm_eval\test\human_eval_test\61\61_gen_0.sv,tngtech/deepseek-r1t2-chimera:free,stop,,gen-1762637403-JOwvX6vC8VY3djXqjlzx
641,mbpp_train,0,315,4080,0,D:\PythonProjects\llm_eval\test\mbpp_train\641\641_gen_0.sv,tngtech/deepseek-r1t2-chimera:free,stop,,gen-1762637458-3d3H5GeNznDu9ChmzOnh
758,mbpp_train,0,584,5305,0,D:\PythonProjects\llm_eval\test\mbpp_train\758\758_gen_0.sv,tngtech/deepseek-r1t2-chimera:free,,,gen-1762637474-Si9IHXkvXsk4gbMcmdEW
803,mbpp_train,0,460,4212,0,D:\PythonProjects\llm_eval\test\mbpp_train\803\803_gen_0.sv,tngtech/deepseek-r1t2-chimera:free,stop,,gen-1762637511-fUSgKxNjsYCImvjiH0oC
472,mbpp_test,0,507,6777,0,D:\PythonProjects\llm_eval\test\mbpp_test\472\472_gen_0.sv,tngtech/deepseek-r1t2-chimera:free,stop,,gen-1762637435-UX1qTHujAVzJRkGzFxuH
804,mbpp_train,0,374,917,0,D:\PythonProjects\llm_eval\test\mbpp_train\804\804_gen_0.sv,tngtech/deepseek-r1t2-chimera:free,stop,,gen-1762637671-R2VIRyIZjWObUGlmUSr9
80,human_eval_test,0,478,3785,0,D:\PythonProjects\llm_eval\test\human_eval_test\80\80_gen_0.sv,tngtech/deepseek-r1t2-chimera:free,stop,,gen-1762637591-55xcqZc6C8ST1R3a73mJ
33,human_eval_test,0,431,5182,0,D:\PythonProjects\llm_eval\test\human_eval_test\33\33_gen_0.sv,tngtech/deepseek-r1t2-chimera:free,stop,,gen-1762637539-MapzbUQTI01R10kTPuud
589,mbpp_validation,0,551,7070,0,D:\PythonProjects\llm_eval\test\mbpp_validation\589\589_gen_0.sv,tngtech/deepseek-r1t2-chimera:free,stop,,gen-1762637529-Vg5BbpFAoBeVWkKuGRcw
137,mbpp_test,0,563,5173,0,D:\PythonProjects\llm_eval\test\mbpp_test\137\137_gen_0.sv,tngtech/deepseek-r1t2-chimera:free,stop,,gen-1762637594-P5iDFRKqob3qleZAPHwF
643,mbpp_train,0,501,5540,0,D:\PythonProjects\llm_eval\test\mbpp_train\643\643_gen_0.sv,tngtech/deepseek-r1t2-chimera:free,stop,,gen-1762637639-A7gY8ZoSI2XIR0Koa5zy
806,mbpp_train,0,450,10018,0,D:\PythonProjects\llm_eval\test\mbpp_train\806\806_gen_0.sv,tngtech/deepseek-r1t2-chimera:free,stop,,gen-1762637491-qX2z252QRVVCMynchXD2
468,mbpp_test,0,529,7703,0,D:\PythonProjects\llm_eval\test\mbpp_test\468\468_gen_0.sv,tngtech/deepseek-r1t2-chimera:free,stop,,gen-1762637604-nZrUc5M6b1F9CzS92YJz
757,mbpp_train,0,478,8572,0,D:\PythonProjects\llm_eval\test\mbpp_train\757\757_gen_0.sv,tngtech/deepseek-r1t2-chimera:free,stop,,gen-1762637652-Ks0z7PAN9VzaEM7kKdXt
28,human_eval_test,0,420,6167,0,D:\PythonProjects\llm_eval\test\human_eval_test\28\28_gen_0.sv,tngtech/deepseek-r1t2-chimera:free,stop,,gen-1762637755-DpmdSJUUqsE9yDjmsSbF
34,human_eval_test,0,451,7641,0,D:\PythonProjects\llm_eval\test\human_eval_test\34\34_gen_0.sv,tngtech/deepseek-r1t2-chimera:free,stop,,gen-1762637712-1yfLW3IXZJKfezRUL3UP
97,mbpp_test,0,458,6620,0,D:\PythonProjects\llm_eval\test\mbpp_test\97\97_gen_0.sv,tngtech/deepseek-r1t2-chimera:free,stop,,gen-1762637772-u9HtvFIVrMtf1BaLvBti
40,human_eval_test,0,394,8044,0,D:\PythonProjects\llm_eval\test\human_eval_test\40\40_gen_0.sv,tngtech/deepseek-r1t2-chimera:free,stop,,gen-1762637738-Kj2PEkk2rgZdCGeq2mUb
764,mbpp_train,0,454,3407,0,D:\PythonProjects\llm_eval\test\mbpp_train\764\764_gen_0.sv,tngtech/deepseek-r1t2-chimera:free,stop,,gen-1762637945-TBrdrF5QrvjtZnW6WDtN
93,mbpp_test,0,591,13821,0,D:\PythonProjects\llm_eval\test\mbpp_test\93\93_gen_0.sv,tngtech/deepseek-r1t2-chimera:free,stop,,gen-1762637594-N8tbLPDzw15uRtHJctcb
639,mbpp_train,0,575,6244,0,D:\PythonProjects\llm_eval\test\mbpp_train\639\639_gen_0.sv,tngtech/deepseek-r1t2-chimera:free,stop,,gen-1762637873-H8QvaMAabtziahrH3a4p
79,human_eval_test,0,323,602,0,D:\PythonProjects\llm_eval\test\human_eval_test\79\79_gen_0.sv,tngtech/deepseek-r1t2-chimera:free,stop,,gen-1762638061-zlrrneEO7HBcdhajypBT
165,mbpp_test,0,354,1407,0,D:\PythonProjects\llm_eval\test\mbpp_test\165\165_gen_0.sv,tngtech/deepseek-r1t2-chimera:free,stop,,gen-1762638084-DLs5PCzlENCuYzeAYXx3
474,mbpp_test,0,459,1725,0,D:\PythonProjects\llm_eval\test\mbpp_test\474\474_gen_0.sv,tngtech/deepseek-r1t2-chimera:free,stop,,gen-1762638085-Nv42aU3hmhJEQq1x2bp8
805,mbpp_train,0,359,4036,0,D:\PythonProjects\llm_eval\test\mbpp_train\805\805_gen_0.sv,tngtech/deepseek-r1t2-chimera:free,stop,,gen-1762637963-q97qbqHH2PYhstFbK4TY
98,mbpp_test,0,326,2729,0,D:\PythonProjects\llm_eval\test\mbpp_test\98\98_gen_0.sv,tngtech/deepseek-r1t2-chimera:free,stop,,gen-1762638075-nlG9du0oYAU9KsPdMnjN
139,human_eval_test,0,516,5706,0,D:\PythonProjects\llm_eval\test\human_eval_test\139\139_gen_0.sv,tngtech/deepseek-r1t2-chimera:free,stop,,gen-1762637984-odC8sIdsGHInhlaVDsYj
593,mbpp_validation,0,489,5917,0,D:\PythonProjects\llm_eval\test\mbpp_validation\593\593_gen_0.sv,tngtech/deepseek-r1t2-chimera:free,stop,,gen-1762637966-Anr1LTadGnmcyVEbB37k
41,human_eval_test,0,340,624,0,D:\PythonProjects\llm_eval\test\human_eval_test\41\41_gen_0.sv,tngtech/deepseek-r1t2-chimera:free,stop,,gen-1762638196-4llKGZCSzBpI557E5AvL
463,mbpp_test,0,519,10888,0,D:\PythonProjects\llm_eval\test\mbpp_test\463\463_gen_0.sv,tngtech/deepseek-r1t2-chimera:free,stop,,gen-1762637839-VN0bYKpsEaaZjXXi0QVK
145,mbpp_test,0,456,11938,0,D:\PythonProjects\llm_eval\test\mbpp_test\145\145_gen_0.sv,tngtech/deepseek-r1t2-chimera:free,stop,,gen-1762637819-UCtfk8RwRiFaJPCCheiU
595,mbpp_validation,0,367,3212,0,D:\PythonProjects\llm_eval\test\mbpp_validation\595\595_gen_0.sv,tngtech/deepseek-r1t2-chimera:free,stop,,gen-1762638168-ip9k5UHgKX0UoJYavoEf
14,human_eval_test,0,529,7627,0,D:\PythonProjects\llm_eval\test\human_eval_test\14\14_gen_0.sv,tngtech/deepseek-r1t2-chimera:free,stop,,gen-1762638024-GNyK5mbNItaVDZzRMJfj
759,mbpp_train,0,581,6010,0,D:\PythonProjects\llm_eval\test\mbpp_train\759\759_gen_0.sv,tngtech/deepseek-r1t2-chimera:free,stop,,gen-1762638138-Q4qpkFtzJrXcaCZrNHWj
802,mbpp_train,0,470,5352,0,D:\PythonProjects\llm_eval\test\mbpp_train\802\802_gen_0.sv,tngtech/deepseek-r1t2-chimera:free,stop,,gen-1762638142-3DJ4XBVuDW8GHDOm4eOC
720,mbpp_train,0,437,2272,0,D:\PythonProjects\llm_eval\test\mbpp_train\720\720_gen_0.sv,tngtech/deepseek-r1t2-chimera:free,stop,,gen-1762638300-Xi5btFGpjA4vsQ0GionY
96,mbpp_test,0,463,4341,0,D:\PythonProjects\llm_eval\test\mbpp_test\96\96_gen_0.sv,tngtech/deepseek-r1t2-chimera:free,stop,,gen-1762638230-lunPdl1aykTaKPz9NG1s
590,mbpp_validation,0,633,6851,0,D:\PythonProjects\llm_eval\test\mbpp_validation\590\590_gen_0.sv,tngtech/deepseek-r1t2-chimera:free,stop,,gen-1762638118-9hIvtn88A2jS2U0YA1Lz
640,mbpp_train,0,527,8556,0,D:\PythonProjects\llm_eval\test\mbpp_train\640\640_gen_0.sv,tngtech/deepseek-r1t2-chimera:free,stop,,gen-1762638131-dxfPQ1Phtnun2lGibkXe
809,mbpp_train,0,376,2032,0,D:\PythonProjects\llm_eval\test\mbpp_train\809\809_gen_0.sv,tngtech/deepseek-r1t2-chimera:free,stop,,gen-1762638346-XYETqYUaHSdZppRR4UG5
86,human_eval_test,0,591,9252,0,D:\PythonProjects\llm_eval\test\human_eval_test\86\86_gen_0.sv,tngtech/deepseek-r1t2-chimera:free,stop,,gen-1762638188-snduC16iCmvOobo9Q3dp
140,mbpp_test,0,534,8278,0,D:\PythonProjects\llm_eval\test\mbpp_test\140\140_gen_0.sv,tngtech/deepseek-r1t2-chimera:free,stop,,gen-1762638247-wjX6PwCcifLxbyFjKJJg
133,human_eval_test,0,537,10057,0,D:\PythonProjects\llm_eval\test\human_eval_test\133\133_gen_0.sv,tngtech/deepseek-r1t2-chimera:free,stop,,gen-1762638218-37sl4aemxYMVJBzI9tg2
100,mbpp_test,0,485,4393,0,D:\PythonProjects\llm_eval\test\mbpp_test\100\100_gen_0.sv,tngtech/deepseek-r1t2-chimera:free,stop,,gen-1762638438-aDdmtkMxzqXvN32nT7XV
745,mbpp_train,0,503,7507,0,D:\PythonProjects\llm_eval\test\mbpp_train\745\745_gen_0.sv,tngtech/deepseek-r1t2-chimera:free,stop,,gen-1762638339-esAV510FNYeqJFOSLiMp
629,mbpp_train,0,415,1329,0,D:\PythonProjects\llm_eval\test\mbpp_train\629\629_gen_0.sv,tngtech/deepseek-r1t2-chimera:free,stop,,gen-1762638538-4XjOZGFGfwvThZHWgq9F
140,human_eval_test,0,531,7512,0,D:\PythonProjects\llm_eval\test\human_eval_test\140\140_gen_0.sv,tngtech/deepseek-r1t2-chimera:free,stop,,gen-1762638376-5d2fqe90f1365eK3oUS2
600,mbpp_validation,0,318,758,0,D:\PythonProjects\llm_eval\test\mbpp_validation\600\600_gen_0.sv,tngtech/deepseek-r1t2-chimera:free,stop,,gen-1762638589-RCtqyBxbDolBF5A69OXR
146,human_eval_test,0,507,7546,0,D:\PythonProjects\llm_eval\test\human_eval_test\146\146_gen_0.sv,tngtech/deepseek-r1t2-chimera:free,stop,,gen-1762638379-3thYtbB61uJ8rLVbmDe7
808,mbpp_train,0,343,1558,0,D:\PythonProjects\llm_eval\test\mbpp_train\808\808_gen_0.sv,tngtech/deepseek-r1t2-chimera:free,stop,,gen-1762638574-yN7GWdlbglq917SS7LdG
471,mbpp_test,0,527,10864,0,D:\PythonProjects\llm_eval\test\mbpp_test\471\471_gen_0.sv,tngtech/deepseek-r1t2-chimera:free,stop,,gen-1762638294-AwPSg3XHN2byrvXzDS3S
161,mbpp_test,0,454,4739,0,D:\PythonProjects\llm_eval\test\mbpp_test\161\161_gen_0.sv,tngtech/deepseek-r1t2-chimera:free,stop,,gen-1762638479-EVf1IQw8FzxFeEUF45Xq
473,mbpp_test,0,524,4340,0,D:\PythonProjects\llm_eval\test\mbpp_test\473\473_gen_0.sv,tngtech/deepseek-r1t2-chimera:free,stop,,gen-1762638531-jwA9ntaJlx90DDlf22LL
35,human_eval_test,0,429,1784,0,D:\PythonProjects\llm_eval\test\human_eval_test\35\35_gen_0.sv,tngtech/deepseek-r1t2-chimera:free,stop,,gen-1762638610-Tlew8YjdQBn1AAtcvLtH
81,human_eval_test,0,534,1910,0,D:\PythonProjects\llm_eval\test\human_eval_test\81\81_gen_0.sv,tngtech/deepseek-r1t2-chimera:free,stop,,gen-1762638622-UZbdIFWbU5LcAG59zA6b
460,mbpp_test,0,493,847,0,D:\PythonProjects\llm_eval\test\mbpp_test\460\460_gen_0.sv,tngtech/deepseek-r1t2-chimera:free,stop,,gen-1762638658-nFYOCQXOGRA5tWsFiJGs
99,mbpp_test,0,394,2436,0,D:\PythonProjects\llm_eval\test\mbpp_test\99\99_gen_0.sv,tngtech/deepseek-r1t2-chimera:free,stop,,gen-1762638623-vRPk4MtkmkAcbnPIkJSb
723,mbpp_train,0,407,1164,0,D:\PythonProjects\llm_eval\test\mbpp_train\723\723_gen_0.sv,tngtech/deepseek-r1t2-chimera:free,stop,,gen-1762638661-nGbq8UULDKb6IGU0fr49
596,mbpp_validation,0,379,471,0,D:\PythonProjects\llm_eval\test\mbpp_validation\596\596_gen_0.sv,tngtech/deepseek-r1t2-chimera:free,stop,,gen-1762638685-P9LlIal2k2DfsEiq3EGg
1,human_eval_test,0,686,8527,0,D:\PythonProjects\llm_eval\test\human_eval_test\1\1_gen_0.sv,tngtech/deepseek-r1t2-chimera:free,stop,,gen-1762638426-YTq2fwEWY2ZVH18lpr9N
54,human_eval_test,0,424,1954,0,D:\PythonProjects\llm_eval\test\human_eval_test\54\54_gen_0.sv,tngtech/deepseek-r1t2-chimera:free,stop,,gen-1762638710-3j7pBiOnl9rrchUpECG8
598,mbpp_validation,0,478,12670,0,D:\PythonProjects\llm_eval\test\mbpp_validation\598\598_gen_0.sv,tngtech/deepseek-r1t2-chimera:free,stop,,gen-1762638368-t0kuqz7R08ZwexsRI7ym
801,mbpp_train,0,371,3044,0,D:\PythonProjects\llm_eval\test\mbpp_train\801\801_gen_0.sv,tngtech/deepseek-r1t2-chimera:free,stop,,gen-1762638678-XOIWfoVxD9Lr7oE3Q88G
767,mbpp_train,0,460,7211,0,D:\PythonProjects\llm_eval\test\mbpp_train\767\767_gen_0.sv,tngtech/deepseek-r1t2-chimera:free,stop,,gen-1762638568-QfIN73XLtCYw54UHlz0G
92,mbpp_test,0,473,2584,0,D:\PythonProjects\llm_eval\test\mbpp_test\92\92_gen_0.sv,tngtech/deepseek-r1t2-chimera:free,stop,,gen-1762638744-KkupowsMjlDTQB2anqoZ
477,mbpp_test,0,397,2161,0,D:\PythonProjects\llm_eval\test\mbpp_test\477\477_gen_0.sv,tngtech/deepseek-r1t2-chimera:free,stop,,gen-1762638773-V4K3tKsCOdogfa8KQnyc
160,mbpp_test,0,589,6912,0,D:\PythonProjects\llm_eval\test\mbpp_test\160\160_gen_0.sv,tngtech/deepseek-r1t2-chimera:free,stop,,gen-1762638630-oNT9iNOiMTLKDJ0FarSG
807,mbpp_train,0,391,1178,0,D:\PythonProjects\llm_eval\test\mbpp_train\807\807_gen_0.sv,tngtech/deepseek-r1t2-chimera:free,stop,,gen-1762638828-IElD9I5pjvI7Js2zJGJb
62,human_eval_test,0,370,5847,0,D:\PythonProjects\llm_eval\test\human_eval_test\62\62_gen_0.sv,tngtech/deepseek-r1t2-chimera:free,stop,,gen-1762638692-PknCJMEAGGcVxvMKUx0O
15,human_eval_test,0,537,7320,0,D:\PythonProjects\llm_eval\test\human_eval_test\15\15_gen_0.sv,tngtech/deepseek-r1t2-chimera:free,stop,,gen-1762638692-gMTPjNANNdoOHPK7oWEv
164,mbpp_test,0,396,6274,0,D:\PythonProjects\llm_eval\test\mbpp_test\164\164_gen_0.sv,tngtech/deepseek-r1t2-chimera:free,stop,,gen-1762638771-VjjuDiaEjaXdZsctQwm1
120,human_eval_test,0,579,12277,0,D:\PythonProjects\llm_eval\test\human_eval_test\120\120_gen_0.sv,tngtech/deepseek-r1t2-chimera:free,stop,,gen-1762638615-TWuY8OAvy1ymdTghSwCM
770,mbpp_train,0,495,5945,0,D:\PythonProjects\llm_eval\test\mbpp_train\770\770_gen_0.sv,tngtech/deepseek-r1t2-chimera:free,stop,,gen-1762638812-p6SQefafGsLs3eVvcTNQ
726,mbpp_train,0,349,797,0,D:\PythonProjects\llm_eval\test\mbpp_train\726\726_gen_0.sv,tngtech/deepseek-r1t2-chimera:free,stop,,gen-1762639020-00sNYqqhcUbPWlF3w3SQ
763,mbpp_train,0,497,12171,0,D:\PythonProjects\llm_eval\test\mbpp_train\763\763_gen_0.sv,tngtech/deepseek-r1t2-chimera:free,stop,,gen-1762638671-GH9HcNzyNXMyuiiWjWzI
562,mbpp_validation,0,428,1629,0,D:\PythonProjects\llm_eval\test\mbpp_validation\562\562_gen_0.sv,tngtech/deepseek-r1t2-chimera:free,stop,,gen-1762639076-j2oTJX7bGVHI1rP9VsQM
106,human_eval_test,0,618,7300,0,D:\PythonProjects\llm_eval\test\human_eval_test\106\106_gen_0.sv,tngtech/deepseek-r1t2-chimera:free,stop,,gen-1762638893-xzTD97yqZgdUMgUbVV40
114,human_eval_test,0,545,9711,0,D:\PythonProjects\llm_eval\test\human_eval_test\114\114_gen_0.sv,tngtech/deepseek-r1t2-chimera:free,stop,,gen-1762638847-lhtwHxcPTWABc1kHTaoz
765,mbpp_train,0,431,3088,0,D:\PythonProjects\llm_eval\test\mbpp_train\765\765_gen_0.sv,tngtech/deepseek-r1t2-chimera:free,stop,,gen-1762639052-dNFCNcHvIcY5tbkyo0uf
476,mbpp_test,0,377,5283,0,D:\PythonProjects\llm_eval\test\mbpp_test\476\476_gen_0.sv,tngtech/deepseek-r1t2-chimera:free,stop,,gen-1762639013-P2UaqcQcZZplw85I2RDM
594,mbpp_validation,0,448,2949,0,D:\PythonProjects\llm_eval\test\mbpp_validation\594\594_gen_0.sv,tngtech/deepseek-r1t2-chimera:free,stop,,gen-1762639123-TiU0oSp41OU1ZSG1Enou
8,human_eval_test,0,403,3010,0,D:\PythonProjects\llm_eval\test\human_eval_test\8\8_gen_0.sv,tngtech/deepseek-r1t2-chimera:free,stop,,gen-1762639152-nejoTPwN6Is23izeWhMq
101,mbpp_test,0,581,10002,0,D:\PythonProjects\llm_eval\test\mbpp_test\101\101_gen_0.sv,tngtech/deepseek-r1t2-chimera:free,stop,,gen-1762638931-2a4i7TohNCPeHbePbyIe
121,human_eval_test,0,517,10947,0,D:\PythonProjects\llm_eval\test\human_eval_test\121\121_gen_0.sv,tngtech/deepseek-r1t2-chimera:free,stop,,gen-1762638861-Q6dD3DskylKpArbhQXPE
597,mbpp_validation,0,619,12345,0,D:\PythonProjects\llm_eval\test\mbpp_validation\597\597_gen_0.sv,tngtech/deepseek-r1t2-chimera:free,stop,,gen-1762638846-yjZofUYqka4bibjA92SD
141,mbpp_test,0,566,8632,0,D:\PythonProjects\llm_eval\test\mbpp_test\141\141_gen_0.sv,tngtech/deepseek-r1t2-chimera:free,stop,,gen-1762638982-F5Cq3IpuzU18FgAEj77U
475,mbpp_test,0,506,1770,0,D:\PythonProjects\llm_eval\test\mbpp_test\475\475_gen_0.sv,tngtech/deepseek-r1t2-chimera:free,stop,,gen-1762639261-62Fo7pm0U73Hyca5CexU
103,mbpp_test,0,756,4998,0,D:\PythonProjects\llm_eval\test\mbpp_test\103\103_gen_0.sv,tngtech/deepseek-r1t2-chimera:free,stop,,gen-1762639180-PuM86f0MGvfksegU5L4P
724,mbpp_train,0,454,6983,0,D:\PythonProjects\llm_eval\test\mbpp_train\724\724_gen_0.sv,tngtech/deepseek-r1t2-chimera:free,stop,,gen-1762639155-ilvo1xWsruFoul4ZNc7f
555,mbpp_validation,0,336,3430,0,D:\PythonProjects\llm_eval\test\mbpp_validation\555\555_gen_0.sv,tngtech/deepseek-r1t2-chimera:free,stop,,gen-1762639285-C8VRzohJvyAiX79IfB0M
16,human_eval_test,0,461,7334,0,D:\PythonProjects\llm_eval\test\human_eval_test\16\16_gen_0.sv,tngtech/deepseek-r1t2-chimera:free,stop,,gen-1762639146-KfWzM57aFUyfMg6FowAB
68,human_eval_test,0,453,2318,0,D:\PythonProjects\llm_eval\test\human_eval_test\68\68_gen_0.sv,tngtech/deepseek-r1t2-chimera:free,stop,,gen-1762639358-HD6TDiEqLQ0DWHUuijaz
171,mbpp_test,0,297,726,0,D:\PythonProjects\llm_eval\test\mbpp_test\171\171_gen_0.sv,tngtech/deepseek-r1t2-chimera:free,stop,,gen-1762639415-DWS1kQXu3HHuqiJgwxgG
162,mbpp_test,0,473,6116,0,D:\PythonProjects\llm_eval\test\mbpp_test\162\162_gen_0.sv,tngtech/deepseek-r1t2-chimera:free,stop,,gen-1762639230-uZZdaUvOqTQzoaFq646a
132,human_eval_test,0,482,8772,0,D:\PythonProjects\llm_eval\test\human_eval_test\132\132_gen_0.sv,tngtech/deepseek-r1t2-chimera:free,stop,,gen-1762639161-5yjDqLbdbgGe3mzNtB19
105,mbpp_test,0,370,1943,0,D:\PythonProjects\llm_eval\test\mbpp_test\105\105_gen_0.sv,tngtech/deepseek-r1t2-chimera:free,stop,,gen-1762639402-PfQzS25ibl3ieeHqzYfp
722,mbpp_train,0,492,1803,0,D:\PythonProjects\llm_eval\test\mbpp_train\722\722_gen_0.sv,tngtech/deepseek-r1t2-chimera:free,stop,,gen-1762639445-kXP0ka61iLzGbjfbHOEc
771,mbpp_train,0,548,2399,0,D:\PythonProjects\llm_eval\test\mbpp_train\771\771_gen_0.sv,tngtech/deepseek-r1t2-chimera:free,stop,,gen-1762639456-RTpmhfEwcEFyuFMzC9NS
2,human_eval_test,0,341,537,0,D:\PythonProjects\llm_eval\test\human_eval_test\2\2_gen_0.sv,tngtech/deepseek-r1t2-chimera:free,stop,,gen-1762639577-oTGHjOosVu9F94A4hqBR
725,mbpp_train,0,494,9473,0,D:\PythonProjects\llm_eval\test\mbpp_train\725\725_gen_0.sv,tngtech/deepseek-r1t2-chimera:free,stop,,gen-1762639268-px0yNpPCbdg59k3xqkus
113,human_eval_test,0,377,3016,0,D:\PythonProjects\llm_eval\test\human_eval_test\113\113_gen_0.sv,tngtech/deepseek-r1t2-chimera:free,stop,,gen-1762639488-YZI4rAt2qvHd2sjUUM2f
769,mbpp_train,0,425,9698,0,D:\PythonProjects\llm_eval\test\mbpp_train\769\769_gen_0.sv,tngtech/deepseek-r1t2-chimera:free,stop,,gen-1762639271-F32KCuuyYyc7IMphwYuu
591,mbpp_validation,0,434,7472,0,D:\PythonProjects\llm_eval\test\mbpp_validation\591\591_gen_0.sv,tngtech/deepseek-r1t2-chimera:free,stop,,gen-1762639297-DmDvAcSH0FTunWsZDoKO
644,mbpp_train,0,390,2008,0,D:\PythonProjects\llm_eval\test\mbpp_train\644\644_gen_0.sv,tngtech/deepseek-r1t2-chimera:free,stop,,gen-1762639619-OjiVwYOAJDQ5rNNPvdAA
772,mbpp_train,0,552,2176,0,D:\PythonProjects\llm_eval\test\mbpp_train\772\772_gen_0.sv,tngtech/deepseek-r1t2-chimera:free,stop,,gen-1762639620-KmcUDVmTiKRo9MfCB7rh
134,human_eval_test,0,585,8785,0,D:\PythonProjects\llm_eval\test\human_eval_test\134\134_gen_0.sv,tngtech/deepseek-r1t2-chimera:free,stop,,gen-1762639388-acwci6qjhAFSQkvB1zH1
95,human_eval_test,0,469,6241,0,D:\PythonProjects\llm_eval\test\human_eval_test\95\95_gen_0.sv,tngtech/deepseek-r1t2-chimera:free,stop,,gen-1762639507-RGtlLPHoIZ7SwabXlaT9
87,human_eval_test,0,711,10153,0,D:\PythonProjects\llm_eval\test\human_eval_test\87\87_gen_0.sv,tngtech/deepseek-r1t2-chimera:free,stop,,gen-1762639333-koYuIEEqTBOrFuVzgNvY
554,mbpp_validation,0,462,7409,0,D:\PythonProjects\llm_eval\test\mbpp_validation\554\554_gen_0.sv,tngtech/deepseek-r1t2-chimera:free,stop,,gen-1762639484-SRPtOlUEmWhGuPjxA67x
167,mbpp_test,0,456,4290,0,D:\PythonProjects\llm_eval\test\mbpp_test\167\167_gen_0.sv,tngtech/deepseek-r1t2-chimera:free,stop,,gen-1762639609-L06dRr4lsUO0YhwAiRoO
106,mbpp_test,0,430,806,0,D:\PythonProjects\llm_eval\test\mbpp_test\106\106_gen_0.sv,tngtech/deepseek-r1t2-chimera:free,stop,,gen-1762639735-uA3U8WItzWqFCM2mrzAZ
478,mbpp_test,0,526,9797,0,D:\PythonProjects\llm_eval\test\mbpp_test\478\478_gen_0.sv,tngtech/deepseek-r1t2-chimera:free,stop,,gen-1762639442-W5OHaYX6CkIJS03t2XOq
611,mbpp_train,0,372,1100,0,D:\PythonProjects\llm_eval\test\mbpp_train\611\611_gen_0.sv,tngtech/deepseek-r1t2-chimera:free,stop,,gen-1762639762-WYtvbA5TZ2MtwFseWFAg
168,mbpp_test,0,340,2493,0,D:\PythonProjects\llm_eval\test\mbpp_test\168\168_gen_0.sv,tngtech/deepseek-r1t2-chimera:free,stop,,gen-1762639752-ITdMUJYbtWR8ST6fTTJx
558,mbpp_validation,0,535,4673,0,D:\PythonProjects\llm_eval\test\mbpp_validation\558\558_gen_0.sv,tngtech/deepseek-r1t2-chimera:free,stop,,gen-1762639694-YxcRSdS72mE0P4lNeTAb
42,human_eval_test,0,354,4566,0,D:\PythonProjects\llm_eval\test\human_eval_test\42\42_gen_0.sv,tngtech/deepseek-r1t2-chimera:free,stop,,gen-1762639723-vpdJYfG5KF5RgJKEPfOx
69,human_eval_test,0,461,1602,0,D:\PythonProjects\llm_eval\test\human_eval_test\69\69_gen_0.sv,tngtech/deepseek-r1t2-chimera:free,stop,,gen-1762639876-gsPSi2omnb7GCDT03Zsl
107,human_eval_test,0,571,5345,0,D:\PythonProjects\llm_eval\test\human_eval_test\107\107_gen_0.sv,tngtech/deepseek-r1t2-chimera:free,stop,,gen-1762639729-BgGUcYtqDYKjtPhs6bpG
82,human_eval_test,0,405,1200,0,D:\PythonProjects\llm_eval\test\human_eval_test\82\82_gen_0.sv,tngtech/deepseek-r1t2-chimera:free,stop,,gen-1762639895-dVayKwBqKFaj5kNquAzs
9,human_eval_test,0,415,2954,0,D:\PythonProjects\llm_eval\test\human_eval_test\9\9_gen_0.sv,tngtech/deepseek-r1t2-chimera:free,stop,,gen-1762639844-G4YNDIbQHKk5GGzuPZEN
557,mbpp_validation,0,371,3883,0,D:\PythonProjects\llm_eval\test\mbpp_validation\557\557_gen_0.sv,tngtech/deepseek-r1t2-chimera:free,stop,,gen-1762639813-13kysfAfJCvSlDaKqerG
102,mbpp_test,0,555,7308,0,D:\PythonProjects\llm_eval\test\mbpp_test\102\102_gen_0.sv,tngtech/deepseek-r1t2-chimera:free,,,gen-1762639602-K8Ue2UuRmKtmXJmKtrKb
479,mbpp_test,0,408,10953,0,D:\PythonProjects\llm_eval\test\mbpp_test\479\479_gen_0.sv,tngtech/deepseek-r1t2-chimera:free,stop,,gen-1762639613-CceWsgQLECkmYYLOpy0j
166,mbpp_test,0,383,3208,0,D:\PythonProjects\llm_eval\test\mbpp_test\166\166_gen_0.sv,tngtech/deepseek-r1t2-chimera:free,stop,,gen-1762639945-qJuPMnNfNpBLeZdmkeIm
773,mbpp_train,0,478,8097,0,D:\PythonProjects\llm_eval\test\mbpp_train\773\773_gen_0.sv,tngtech/deepseek-r1t2-chimera:free,stop,,gen-1762639800-aj3W7e3RgZyT8LOk8U8r
88,human_eval_test,0,569,10234,0,D:\PythonProjects\llm_eval\test\human_eval_test\88\88_gen_0.sv,tngtech/deepseek-r1t2-chimera:free,stop,,gen-1762639715-u3y6j9pyALGFEpmJ7Rmy
606,mbpp_train,0,379,3742,0,D:\PythonProjects\llm_eval\test\mbpp_train\606\606_gen_0.sv,tngtech/deepseek-r1t2-chimera:free,stop,,gen-1762639969-m7ac2BYYLDFiSrtaoP9L
776,mbpp_train,0,461,4792,0,D:\PythonProjects\llm_eval\test\mbpp_train\776\776_gen_0.sv,tngtech/deepseek-r1t2-chimera:free,stop,,gen-1762639984-VxdeqKqq89WjqlEcrmKx
560,mbpp_validation,0,445,5063,0,D:\PythonProjects\llm_eval\test\mbpp_validation\560\560_gen_0.sv,tngtech/deepseek-r1t2-chimera:free,stop,,gen-1762640067-YpFbbsoEb6ST2XOYrvQV
610,mbpp_train,0,432,7404,0,D:\PythonProjects\llm_eval\test\mbpp_train\610\610_gen_0.sv,tngtech/deepseek-r1t2-chimera:free,stop,,gen-1762639966-l6n9OIV1QP8xwAanD5JS
104,mbpp_test,0,534,8329,0,D:\PythonProjects\llm_eval\test\mbpp_test\104\104_gen_0.sv,tngtech/deepseek-r1t2-chimera:free,stop,,gen-1762639943-HZieB8yGZTDwu9np1xzO
721,mbpp_train,0,628,14173,0,D:\PythonProjects\llm_eval\test\mbpp_train\721\721_gen_0.sv,tngtech/deepseek-r1t2-chimera:free,,,gen-1762639762-SZz2VqWDktGJ2eFwjnoF