Index,Category,Problem,HDL_File,TB_File,Prompt_File,Compilation,Verification,Overall,Comp_Time,Verif_Time,Processed_At
1,aapp_competition_test,3000,3000_gen_0.sv,3000_testbench.py,3000_prompt.txt,pass,pass,pass,0.14,26.17,2026-01-21T16:13:29.427153
2,aapp_competition_test,3002,3002_gen_0.sv,3002_testbench.py,3002_prompt.txt,fail,N/A,compilation_failed,0.06,0.00,2026-01-21T16:13:55.753693
3,aapp_competition_test,3003,3003_gen_0.sv,3003_testbench.py,3003_prompt.txt,pass,fail,verification_failed,0.06,17.81,2026-01-21T16:13:55.831546
4,aapp_competition_test,3004,3004_gen_0.sv,3004_testbench.py,3004_prompt.txt,fail,N/A,compilation_failed,0.06,0.00,2026-01-21T16:14:13.713137
5,aapp_competition_test,3005,3005_gen_0.sv,3005_testbench.py,3005_prompt.txt,pass,pass,pass,0.07,17.65,2026-01-21T16:14:13.787004
6,aapp_competition_test,3006,3006_gen_0.sv,3006_testbench.py,3006_prompt.txt,pass,fail,verification_failed,0.08,17.71,2026-01-21T16:14:31.534178
7,aapp_competition_test,3008,3008_gen_0.sv,3008_testbench.py,3008_prompt.txt,pass,fail,verification_failed,0.06,17.29,2026-01-21T16:14:49.341438
8,aapp_competition_test,3009,3009_gen_0.sv,3009_testbench.py,3009_prompt.txt,pass,pass,pass,0.06,16.90,2026-01-21T16:15:06.706973
9,aapp_competition_test,3010,3010_gen_0.sv,3010_testbench.py,3010_prompt.txt,pass,fail,verification_failed,0.06,16.51,2026-01-21T16:15:23.701494
10,aapp_competition_test,3011,3011_gen_0.sv,3011_testbench.py,3011_prompt.txt,pass,pass,pass,0.06,17.36,2026-01-21T16:15:40.299953
11,aapp_competition_test,3012,3012_gen_0.sv,3012_testbench.py,3012_prompt.txt,pass,pass,pass,0.06,28.25,2026-01-21T16:15:57.764978
12,aapp_competition_test,3013,3013_gen_0.sv,3013_testbench.py,3013_prompt.txt,pass,pass,pass,0.07,17.45,2026-01-21T16:16:26.097610
13,aapp_competition_test,3014,3014_gen_0.sv,3014_testbench.py,3014_prompt.txt,pass,timeout,verification_failed,0.06,307.82,2026-01-21T16:16:43.640486
14,aapp_competition_test,3015,3015_gen_0.sv,3015_testbench.py,3015_prompt.txt,pass,pass,pass,0.11,18.29,2026-01-21T16:21:51.553257
15,aapp_competition_test,3016,3016_gen_0.sv,3016_testbench.py,3016_prompt.txt,pass,pass,pass,0.07,17.83,2026-01-21T16:22:10.041439
16,aapp_competition_test,3017,3017_gen_0.sv,3017_testbench.py,3017_prompt.txt,fail,N/A,compilation_failed,0.08,0.00,2026-01-21T16:22:27.968592
17,aapp_competition_test,3018,3018_gen_0.sv,3018_testbench.py,3018_prompt.txt,pass,pass,pass,0.06,18.09,2026-01-21T16:22:28.075081
18,aapp_competition_test,3019,3019_gen_0.sv,3019_testbench.py,3019_prompt.txt,fail,N/A,compilation_failed,0.06,0.00,2026-01-21T16:22:46.249452
19,aapp_competition_test,3021,3021_gen_0.sv,3021_testbench.py,3021_prompt.txt,fail,N/A,compilation_failed,0.06,0.00,2026-01-21T16:22:46.334419
20,aapp_competition_test,3022,3022_gen_0.sv,3022_testbench.py,3022_prompt.txt,pass,pass,pass,0.07,17.31,2026-01-21T16:22:46.420209
21,aapp_competition_test,3023,3023_gen_0.sv,3023_testbench.py,3023_prompt.txt,pass,pass,pass,0.07,17.39,2026-01-21T16:23:03.818424
22,aapp_competition_test,3024,3024_gen_0.sv,3024_testbench.py,3024_prompt.txt,fail,N/A,compilation_failed,0.05,0.00,2026-01-21T16:23:21.305784
23,aapp_competition_test,3026,3026_gen_0.sv,3026_testbench.py,3026_prompt.txt,pass,fail,verification_failed,0.07,17.06,2026-01-21T16:23:21.377225
24,aapp_competition_test,3027,3027_gen_0.sv,3027_testbench.py,3027_prompt.txt,pass,pass,pass,0.06,18.56,2026-01-21T16:23:38.530462
25,aapp_competition_test,3028,3028_gen_0.sv,3028_testbench.py,3028_prompt.txt,pass,timeout,verification_failed,0.08,307.23,2026-01-21T16:23:57.163991
26,aapp_competition_test,3029,3029_gen_0.sv,3029_testbench.py,3029_prompt.txt,pass,pass,pass,0.11,18.14,2026-01-21T16:29:04.502205
27,aapp_competition_test,3030,3030_gen_0.sv,3030_testbench.py,3030_prompt.txt,pass,fail,verification_failed,0.07,20.71,2026-01-21T16:29:22.820465
28,aapp_competition_test,3031,3031_gen_0.sv,3031_testbench.py,3031_prompt.txt,fail,N/A,compilation_failed,0.07,0.00,2026-01-21T16:29:43.629193
29,aapp_competition_test,3032,3032_gen_0.sv,3032_testbench.py,3032_prompt.txt,pass,pass,pass,0.08,16.79,2026-01-21T16:29:43.722852
30,aapp_competition_test,3033,3033_gen_0.sv,3033_testbench.py,3033_prompt.txt,pass,fail,verification_failed,0.08,17.35,2026-01-21T16:30:00.623139
31,aapp_competition_test,3034,3034_gen_0.sv,3034_testbench.py,3034_prompt.txt,pass,fail,verification_failed,0.06,16.90,2026-01-21T16:30:18.076777
32,aapp_competition_test,3037,3037_gen_0.sv,3037_testbench.py,3037_prompt.txt,fail,N/A,compilation_failed,0.06,0.00,2026-01-21T16:30:35.065743
33,aapp_competition_test,3038,3038_gen_0.sv,3038_testbench.py,3038_prompt.txt,fail,N/A,compilation_failed,0.06,0.00,2026-01-21T16:30:35.146099
34,aapp_competition_test,3039,3039_gen_0.sv,3039_testbench.py,3039_prompt.txt,pass,pass,pass,0.07,16.60,2026-01-21T16:30:35.224704
35,aapp_competition_test,3040,3040_gen_0.sv,3040_testbench.py,3040_prompt.txt,pass,pass,pass,0.06,26.58,2026-01-21T16:30:51.923373
36,aapp_competition_test,3042,3042_gen_0.sv,3042_testbench.py,3042_prompt.txt,fail,N/A,compilation_failed,0.07,0.00,2026-01-21T16:31:18.598204
37,aapp_competition_test,3044,3044_gen_0.sv,3044_testbench.py,3044_prompt.txt,fail,N/A,compilation_failed,0.08,0.00,2026-01-21T16:31:18.687842
38,aapp_competition_test,3045,3045_gen_0.sv,3045_testbench.py,3045_prompt.txt,pass,pass,pass,0.08,17.09,2026-01-21T16:31:18.792499
39,aapp_competition_test,3046,3046_gen_0.sv,3046_testbench.py,3046_prompt.txt,fail,N/A,compilation_failed,0.06,0.00,2026-01-21T16:31:35.985832
40,aapp_competition_test,3047,3047_gen_0.sv,3047_testbench.py,3047_prompt.txt,fail,N/A,compilation_failed,0.07,0.00,2026-01-21T16:31:36.074828
41,aapp_competition_test,3049,3049_gen_0.sv,3049_testbench.py,3049_prompt.txt,pass,timeout,verification_failed,0.07,307.61,2026-01-21T16:31:36.165437
42,aapp_competition_test,3050,3050_gen_0.sv,3050_testbench.py,3050_prompt.txt,fail,N/A,compilation_failed,0.13,0.00,2026-01-21T16:36:43.872733
43,aapp_competition_test,3051,3051_gen_0.sv,3051_testbench.py,3051_prompt.txt,pass,fail,verification_failed,0.07,18.02,2026-01-21T16:36:44.043309
44,aapp_competition_test,3052,3052_gen_0.sv,3052_testbench.py,3052_prompt.txt,pass,fail,verification_failed,0.06,82.51,2026-01-21T16:37:02.172753
45,aapp_competition_test,3053,3053_gen_0.sv,3053_testbench.py,3053_prompt.txt,pass,pass,pass,0.06,16.50,2026-01-21T16:38:24.776020
46,aapp_competition_test,3054,3054_gen_0.sv,3054_testbench.py,3054_prompt.txt,fail,N/A,compilation_failed,0.06,0.00,2026-01-21T16:38:41.370229
47,aapp_competition_test,3056,3056_gen_0.sv,3056_testbench.py,3056_prompt.txt,pass,pass,pass,0.07,16.65,2026-01-21T16:38:41.452771
48,aapp_competition_test,3057,3057_gen_0.sv,3057_testbench.py,3057_prompt.txt,pass,fail,verification_failed,0.06,17.10,2026-01-21T16:38:58.195582
49,aapp_competition_test,3058,3058_gen_0.sv,3058_testbench.py,3058_prompt.txt,pass,fail,verification_failed,0.07,16.45,2026-01-21T16:39:15.390281
50,aapp_competition_test,3060,3060_gen_0.sv,3060_testbench.py,3060_prompt.txt,pass,pass,pass,0.06,16.42,2026-01-21T16:39:31.940817
51,aapp_competition_test,3063,3063_gen_0.sv,3063_testbench.py,3063_prompt.txt,fail,N/A,compilation_failed,0.07,0.00,2026-01-21T16:39:48.454325
52,aapp_competition_test,3065,3065_gen_0.sv,3065_testbench.py,3065_prompt.txt,fail,N/A,compilation_failed,0.06,0.00,2026-01-21T16:39:48.547856
53,aapp_competition_test,3066,3066_gen_0.sv,3066_testbench.py,3066_prompt.txt,pass,fail,verification_failed,0.06,16.68,2026-01-21T16:39:48.637494
54,aapp_competition_test,3067,3067_gen_0.sv,3067_testbench.py,3067_prompt.txt,pass,timeout,verification_failed,0.07,305.53,2026-01-21T16:40:05.400302
55,aapp_competition_test,3068,3068_gen_0.sv,3068_testbench.py,3068_prompt.txt,pass,fail,verification_failed,0.06,16.45,2026-01-21T16:45:11.021904
56,aapp_competition_test,3069,3069_gen_0.sv,3069_testbench.py,3069_prompt.txt,pass,pass,pass,0.06,16.49,2026-01-21T16:45:27.563761
57,aapp_competition_test,3070,3070_gen_0.sv,3070_testbench.py,3070_prompt.txt,pass,fail,verification_failed,0.06,16.93,2026-01-21T16:45:44.141994
58,aapp_competition_test,3071,3071_gen_0.sv,3071_testbench.py,3071_prompt.txt,pass,fail,verification_failed,0.06,17.37,2026-01-21T16:46:01.152447
59,aapp_competition_test,3072,3072_gen_0.sv,3072_testbench.py,3072_prompt.txt,fail,N/A,compilation_failed,2.05,0.00,2026-01-21T16:46:18.599793
60,aapp_competition_test,3073,3073_gen_0.sv,3073_testbench.py,3073_prompt.txt,pass,pass,pass,0.07,16.44,2026-01-21T16:46:20.671539
61,aapp_competition_test,3076,3076_gen_0.sv,3076_testbench.py,3076_prompt.txt,pass,pass,pass,0.08,16.68,2026-01-21T16:46:37.207378
62,aapp_competition_test,3077,3077_gen_0.sv,3077_testbench.py,3077_prompt.txt,pass,fail,verification_failed,0.07,16.63,2026-01-21T16:46:53.985973
63,aapp_competition_test,3078,3078_gen_0.sv,3078_testbench.py,3078_prompt.txt,fail,N/A,compilation_failed,0.07,0.00,2026-01-21T16:47:10.716492
64,aapp_competition_test,3079,3079_gen_0.sv,3079_testbench.py,3079_prompt.txt,fail,N/A,compilation_failed,0.08,0.00,2026-01-21T16:47:10.810389
65,aapp_competition_test,3080,3080_gen_0.sv,3080_testbench.py,3080_prompt.txt,pass,fail,verification_failed,0.07,16.89,2026-01-21T16:47:10.920632
66,aapp_competition_test,3081,3081_gen_0.sv,3081_testbench.py,3081_prompt.txt,pass,fail,verification_failed,0.07,16.40,2026-01-21T16:47:27.907250
67,aapp_competition_test,3082,3082_gen_0.sv,3082_testbench.py,3082_prompt.txt,pass,pass,pass,0.07,16.64,2026-01-21T16:47:44.409237
68,aapp_competition_test,3083,3083_gen_0.sv,3083_testbench.py,3083_prompt.txt,pass,fail,verification_failed,0.08,19.78,2026-01-21T16:48:01.143677
69,aapp_competition_test,3084,3084_gen_0.sv,3084_testbench.py,3084_prompt.txt,pass,fail,verification_failed,0.07,16.43,2026-01-21T16:48:21.054110
70,aapp_competition_test,3085,3085_gen_0.sv,3085_testbench.py,3085_prompt.txt,pass,pass,pass,0.08,16.64,2026-01-21T16:48:37.597258
71,aapp_competition_test,3086,3086_gen_0.sv,3086_testbench.py,3086_prompt.txt,pass,pass,pass,0.07,17.10,2026-01-21T16:48:54.364978
72,aapp_competition_test,3087,3087_gen_0.sv,3087_testbench.py,3087_prompt.txt,fail,N/A,compilation_failed,0.05,0.00,2026-01-21T16:49:11.572094
73,aapp_competition_test,3088,3088_gen_0.sv,3088_testbench.py,3088_prompt.txt,fail,N/A,compilation_failed,0.05,0.00,2026-01-21T16:49:11.657362
74,aapp_competition_test,3090,3090_gen_0.sv,3090_testbench.py,3090_prompt.txt,fail,N/A,compilation_failed,0.06,0.00,2026-01-21T16:49:11.749632
75,aapp_competition_test,3092,3092_gen_0.sv,3092_testbench.py,3092_prompt.txt,fail,N/A,compilation_failed,0.05,0.00,2026-01-21T16:49:11.850593
76,aapp_competition_test,3095,3095_gen_0.sv,3095_testbench.py,3095_prompt.txt,pass,pass,pass,0.06,16.70,2026-01-21T16:49:11.939515
77,aapp_competition_test,3097,3097_gen_0.sv,3097_testbench.py,3097_prompt.txt,pass,pass,pass,0.06,16.61,2026-01-21T16:49:28.731317
78,aapp_competition_test,3098,3098_gen_0.sv,3098_testbench.py,3098_prompt.txt,pass,pass,pass,0.07,16.57,2026-01-21T16:49:45.443731
79,aapp_competition_test,3099,3099_gen_0.sv,3099_testbench.py,3099_prompt.txt,pass,fail,verification_failed,0.06,16.91,2026-01-21T16:50:02.131985
80,aapp_competition_test,3100,3100_gen_0.sv,3100_testbench.py,3100_prompt.txt,pass,pass,pass,0.06,16.45,2026-01-21T16:50:19.132980
81,aapp_competition_test,3101,3101_gen_0.sv,3101_testbench.py,3101_prompt.txt,pass,fail,verification_failed,0.07,16.44,2026-01-21T16:50:35.671454
82,aapp_competition_test,3102,3102_gen_0.sv,3102_testbench.py,3102_prompt.txt,pass,fail,verification_failed,0.07,17.63,2026-01-21T16:50:52.223399
83,aapp_competition_test,3103,3103_gen_0.sv,3103_testbench.py,3103_prompt.txt,pass,pass,pass,0.08,17.56,2026-01-21T16:51:09.957993
84,aapp_competition_test,3104,3104_gen_0.sv,3104_testbench.py,3104_prompt.txt,pass,pass,pass,0.07,17.62,2026-01-21T16:51:27.638191
85,aapp_competition_test,3106,3106_gen_0.sv,3106_testbench.py,3106_prompt.txt,fail,N/A,compilation_failed,0.08,0.00,2026-01-21T16:51:45.365050
86,aapp_competition_test,3107,3107_gen_0.sv,3107_testbench.py,3107_prompt.txt,pass,pass,pass,0.07,16.81,2026-01-21T16:51:45.481581
87,aapp_competition_test,3108,3108_gen_0.sv,3108_testbench.py,3108_prompt.txt,pass,pass,pass,0.08,17.42,2026-01-21T16:52:02.387753
88,aapp_competition_test,3109,3109_gen_0.sv,3109_testbench.py,3109_prompt.txt,pass,fail,verification_failed,0.06,16.91,2026-01-21T16:52:19.925232
89,aapp_competition_test,3110,3110_gen_0.sv,3110_testbench.py,3110_prompt.txt,pass,fail,verification_failed,0.06,16.93,2026-01-21T16:52:36.942453
90,aapp_competition_test,3111,3111_gen_0.sv,3111_testbench.py,3111_prompt.txt,pass,pass,pass,0.07,16.96,2026-01-21T16:52:53.967235
91,aapp_competition_test,3112,3112_gen_0.sv,3112_testbench.py,3112_prompt.txt,pass,fail,verification_failed,0.09,16.99,2026-01-21T16:53:11.039446
92,aapp_competition_test,3113,3113_gen_0.sv,3113_testbench.py,3113_prompt.txt,pass,pass,pass,0.07,16.96,2026-01-21T16:53:28.160349
93,aapp_competition_test,3114,3114_gen_0.sv,3114_testbench.py,3114_prompt.txt,fail,N/A,compilation_failed,0.08,0.00,2026-01-21T16:53:45.228404
94,aapp_competition_test,3115,3115_gen_0.sv,3115_testbench.py,3115_prompt.txt,pass,pass,pass,0.08,17.21,2026-01-21T16:53:45.348046
95,aapp_competition_test,3117,3117_gen_0.sv,3117_testbench.py,3117_prompt.txt,pass,fail,verification_failed,0.06,17.12,2026-01-21T16:54:02.682069
96,aapp_competition_test,3118,3118_gen_0.sv,3118_testbench.py,3118_prompt.txt,pass,pass,pass,0.08,16.63,2026-01-21T16:54:19.907661
97,aapp_competition_test,3119,3119_gen_0.sv,3119_testbench.py,3119_prompt.txt,pass,fail,verification_failed,0.06,16.92,2026-01-21T16:54:36.643834
98,aapp_competition_test,3121,3121_gen_0.sv,3121_testbench.py,3121_prompt.txt,fail,N/A,compilation_failed,0.06,0.00,2026-01-21T16:54:53.652503
99,aapp_competition_test,3122,3122_gen_0.sv,3122_testbench.py,3122_prompt.txt,fail,N/A,compilation_failed,0.07,0.00,2026-01-21T16:54:53.761078
100,aapp_competition_test,3123,3123_gen_0.sv,3123_testbench.py,3123_prompt.txt,pass,pass,pass,0.06,17.21,2026-01-21T16:54:53.880464
101,aapp_competition_test,3124,3124_gen_0.sv,3124_testbench.py,3124_prompt.txt,pass,pass,pass,0.07,16.71,2026-01-21T16:55:11.187811
102,aapp_competition_test,3125,3125_gen_0.sv,3125_testbench.py,3125_prompt.txt,pass,pass,pass,0.07,16.99,2026-01-21T16:55:28.004757
103,aapp_competition_test,3127,3127_gen_0.sv,3127_testbench.py,3127_prompt.txt,pass,fail,verification_failed,0.06,18.20,2026-01-21T16:55:45.107995
104,aapp_competition_test,3128,3128_gen_0.sv,3128_testbench.py,3128_prompt.txt,pass,fail,verification_failed,0.06,17.27,2026-01-21T16:56:03.403383
105,aapp_competition_test,3129,3129_gen_0.sv,3129_testbench.py,3129_prompt.txt,pass,pass,pass,0.06,17.29,2026-01-21T16:56:20.775513
106,aapp_competition_test,3130,3130_gen_0.sv,3130_testbench.py,3130_prompt.txt,pass,pass,pass,0.07,17.06,2026-01-21T16:56:38.169162
107,aapp_competition_test,3131,3131_gen_0.sv,3131_testbench.py,3131_prompt.txt,pass,pass,pass,0.07,17.21,2026-01-21T16:56:55.332234
108,aapp_competition_test,3132,3132_gen_0.sv,3132_testbench.py,3132_prompt.txt,pass,pass,pass,0.07,17.17,2026-01-21T16:57:12.650075
109,aapp_competition_test,3133,3133_gen_0.sv,3133_testbench.py,3133_prompt.txt,pass,fail,verification_failed,0.06,17.91,2026-01-21T16:57:29.931012
110,aapp_competition_test,3134,3134_gen_0.sv,3134_testbench.py,3134_prompt.txt,pass,pass,pass,0.10,18.97,2026-01-21T16:57:47.941415
111,aapp_competition_test,3135,3135_gen_0.sv,3135_testbench.py,3135_prompt.txt,pass,pass,pass,0.08,17.65,2026-01-21T16:58:07.053147
112,aapp_competition_test,3136,3136_gen_0.sv,3136_testbench.py,3136_prompt.txt,fail,N/A,compilation_failed,0.06,0.00,2026-01-21T16:58:24.824143
113,aapp_competition_test,3137,3137_gen_0.sv,3137_testbench.py,3137_prompt.txt,pass,pass,pass,0.07,17.49,2026-01-21T16:58:24.927719
114,aapp_competition_test,3139,3139_gen_0.sv,3139_testbench.py,3139_prompt.txt,pass,pass,pass,0.07,17.31,2026-01-21T16:58:42.528892
115,aapp_competition_test,3141,3141_gen_0.sv,3141_testbench.py,3141_prompt.txt,pass,pass,pass,0.06,18.09,2026-01-21T16:58:59.952664
116,aapp_competition_test,3142,3142_gen_0.sv,3142_testbench.py,3142_prompt.txt,fail,N/A,compilation_failed,0.06,0.00,2026-01-21T16:59:18.139080
117,aapp_competition_test,3144,3144_gen_0.sv,3144_testbench.py,3144_prompt.txt,pass,pass,pass,0.07,24.00,2026-01-21T16:59:18.239958
118,aapp_competition_test,3145,3145_gen_0.sv,3145_testbench.py,3145_prompt.txt,pass,pass,pass,0.06,19.11,2026-01-21T16:59:42.345135
119,aapp_competition_test,3146,3146_gen_0.sv,3146_testbench.py,3146_prompt.txt,pass,fail,verification_failed,0.07,19.28,2026-01-21T17:00:01.555396
120,aapp_competition_test,3147,3147_gen_0.sv,3147_testbench.py,3147_prompt.txt,pass,fail,verification_failed,0.06,29.61,2026-01-21T17:00:20.950353
121,aapp_competition_test,3148,3148_gen_0.sv,3148_testbench.py,3148_prompt.txt,pass,pass,pass,0.08,19.11,2026-01-21T17:00:50.666650
122,aapp_competition_test,3149,3149_gen_0.sv,3149_testbench.py,3149_prompt.txt,pass,fail,verification_failed,0.06,26.75,2026-01-21T17:01:09.910121
123,aapp_competition_test,3151,3151_gen_0.sv,3151_testbench.py,3151_prompt.txt,pass,pass,pass,0.07,17.14,2026-01-21T17:01:36.765632
124,aapp_competition_test,3153,3153_gen_0.sv,3153_testbench.py,3153_prompt.txt,pass,fail,verification_failed,0.06,17.71,2026-01-21T17:01:54.031359
125,aapp_competition_test,3155,3155_gen_0.sv,3155_testbench.py,3155_prompt.txt,pass,pass,pass,0.07,17.20,2026-01-21T17:02:11.849727
126,aapp_competition_test,3156,3156_gen_0.sv,3156_testbench.py,3156_prompt.txt,pass,fail,verification_failed,0.07,17.19,2026-01-21T17:02:29.155776
127,aapp_competition_test,3157,3157_gen_0.sv,3157_testbench.py,3157_prompt.txt,pass,pass,pass,0.06,18.83,2026-01-21T17:02:46.458552
128,aapp_competition_test,3160,3160_gen_0.sv,3160_testbench.py,3160_prompt.txt,fail,N/A,compilation_failed,0.06,0.00,2026-01-21T17:03:05.392496
129,aapp_competition_test,3161,3161_gen_0.sv,3161_testbench.py,3161_prompt.txt,pass,pass,pass,0.07,17.08,2026-01-21T17:03:05.492485
130,aapp_competition_test,3162,3162_gen_0.sv,3162_testbench.py,3162_prompt.txt,pass,pass,pass,0.07,16.85,2026-01-21T17:03:22.683661
131,aapp_competition_test,3163,3163_gen_0.sv,3163_testbench.py,3163_prompt.txt,pass,pass,pass,0.06,17.52,2026-01-21T17:03:39.643784
132,aapp_competition_test,3164,3164_gen_0.sv,3164_testbench.py,3164_prompt.txt,fail,N/A,compilation_failed,0.06,0.00,2026-01-21T17:03:57.291795
133,aapp_competition_test,3165,3165_gen_0.sv,3165_testbench.py,3165_prompt.txt,pass,fail,verification_failed,0.07,17.24,2026-01-21T17:03:57.391913
134,aapp_competition_test,3166,3166_gen_0.sv,3166_testbench.py,3166_prompt.txt,pass,pass,pass,0.07,16.72,2026-01-21T17:04:14.751606
135,aapp_competition_test,3168,3168_gen_0.sv,3168_testbench.py,3168_prompt.txt,pass,fail,verification_failed,0.07,16.60,2026-01-21T17:04:31.579082
136,aapp_competition_test,3169,3169_gen_0.sv,3169_testbench.py,3169_prompt.txt,fail,N/A,compilation_failed,0.07,0.00,2026-01-21T17:04:48.289510
137,aapp_competition_test,3170,3170_gen_0.sv,3170_testbench.py,3170_prompt.txt,pass,fail,verification_failed,0.06,16.90,2026-01-21T17:04:48.409584
138,aapp_competition_test,3171,3171_gen_0.sv,3171_testbench.py,3171_prompt.txt,pass,fail,verification_failed,0.06,16.78,2026-01-21T17:05:05.408615
139,aapp_competition_test,3172,3172_gen_0.sv,3172_testbench.py,3172_prompt.txt,pass,fail,verification_failed,0.06,16.75,2026-01-21T17:05:22.292569
140,aapp_competition_test,3173,3173_gen_0.sv,3173_testbench.py,3173_prompt.txt,pass,fail,verification_failed,0.07,16.92,2026-01-21T17:05:39.166931
141,aapp_competition_test,3174,3174_gen_0.sv,3174_testbench.py,3174_prompt.txt,fail,N/A,compilation_failed,0.07,0.00,2026-01-21T17:05:56.208670
142,aapp_competition_test,3175,3175_gen_0.sv,3175_testbench.py,3175_prompt.txt,pass,fail,verification_failed,0.07,18.06,2026-01-21T17:05:56.329831
143,aapp_competition_test,3176,3176_gen_0.sv,3176_testbench.py,3176_prompt.txt,pass,pass,pass,0.07,17.02,2026-01-21T17:06:14.504121
144,aapp_competition_test,3177,3177_gen_0.sv,3177_testbench.py,3177_prompt.txt,fail,N/A,compilation_failed,0.07,0.00,2026-01-21T17:06:31.626900
145,aapp_competition_test,3179,3179_gen_0.sv,3179_testbench.py,3179_prompt.txt,fail,N/A,compilation_failed,0.07,0.00,2026-01-21T17:06:31.740149
146,aapp_competition_test,3180,3180_gen_0.sv,3180_testbench.py,3180_prompt.txt,pass,fail,verification_failed,0.06,17.14,2026-01-21T17:06:31.860257
147,aapp_competition_test,3181,3181_gen_0.sv,3181_testbench.py,3181_prompt.txt,pass,pass,pass,0.07,17.41,2026-01-21T17:06:49.109306
148,aapp_competition_test,3184,3184_gen_0.sv,3184_testbench.py,3184_prompt.txt,fail,N/A,compilation_failed,0.06,0.00,2026-01-21T17:07:06.637496
149,aapp_competition_test,3186,3186_gen_0.sv,3186_testbench.py,3186_prompt.txt,pass,pass,pass,0.07,17.01,2026-01-21T17:07:06.740460
150,aapp_competition_test,3187,3187_gen_0.sv,3187_testbench.py,3187_prompt.txt,pass,pass,pass,0.07,16.53,2026-01-21T17:07:23.875745
151,aapp_competition_test,3188,3188_gen_0.sv,3188_testbench.py,3188_prompt.txt,fail,N/A,compilation_failed,0.08,0.00,2026-01-21T17:07:40.512798
152,aapp_competition_test,3189,3189_gen_0.sv,3189_testbench.py,3189_prompt.txt,pass,pass,pass,0.06,16.75,2026-01-21T17:07:40.627097
153,aapp_competition_test,3190,3190_gen_0.sv,3190_testbench.py,3190_prompt.txt,pass,pass,pass,0.06,17.24,2026-01-21T17:07:57.474039
154,aapp_competition_test,3191,3191_gen_0.sv,3191_testbench.py,3191_prompt.txt,pass,pass,pass,0.08,16.76,2026-01-21T17:08:14.811480
155,aapp_competition_test,3192,3192_gen_0.sv,3192_testbench.py,3192_prompt.txt,fail,N/A,compilation_failed,0.07,0.00,2026-01-21T17:08:31.692988
156,aapp_competition_test,3193,3193_gen_0.sv,3193_testbench.py,3193_prompt.txt,pass,pass,pass,0.07,16.69,2026-01-21T17:08:31.806776
157,aapp_competition_test,3194,3194_gen_0.sv,3194_testbench.py,3194_prompt.txt,pass,pass,pass,0.05,16.68,2026-01-21T17:08:48.604723
158,aapp_competition_test,3195,3195_gen_0.sv,3195_testbench.py,3195_prompt.txt,fail,N/A,compilation_failed,0.06,0.00,2026-01-21T17:09:05.393328
159,aapp_competition_test,3196,3196_gen_0.sv,3196_testbench.py,3196_prompt.txt,pass,fail,verification_failed,0.08,17.23,2026-01-21T17:09:05.493490
160,aapp_competition_test,3198,3198_gen_0.sv,3198_testbench.py,3198_prompt.txt,fail,N/A,compilation_failed,0.07,0.00,2026-01-21T17:09:22.845535
161,aapp_competition_test,3199,3199_gen_0.sv,3199_testbench.py,3199_prompt.txt,pass,fail,verification_failed,0.06,16.73,2026-01-21T17:09:22.962850
162,aapp_competition_test,3200,3200_gen_0.sv,3200_testbench.py,3200_prompt.txt,pass,fail,verification_failed,0.08,16.96,2026-01-21T17:09:39.786150
163,aapp_competition_test,3201,3201_gen_0.sv,3201_testbench.py,3201_prompt.txt,pass,pass,pass,0.07,18.14,2026-01-21T17:09:56.877331
164,aapp_competition_test,3202,3202_gen_0.sv,3202_testbench.py,3202_prompt.txt,pass,pass,pass,0.06,19.08,2026-01-21T17:10:15.149797
165,aapp_competition_test,3203,3203_gen_0.sv,3203_testbench.py,3203_prompt.txt,pass,fail,verification_failed,0.06,16.75,2026-01-21T17:10:34.327832
166,aapp_competition_test,3204,3204_gen_0.sv,3204_testbench.py,3204_prompt.txt,pass,pass,pass,0.07,18.76,2026-01-21T17:10:51.185437
167,aapp_competition_test,3205,3205_gen_0.sv,3205_testbench.py,3205_prompt.txt,pass,pass,pass,0.08,20.78,2026-01-21T17:11:10.057957
168,aapp_competition_test,3207,3207_gen_0.sv,3207_testbench.py,3207_prompt.txt,pass,fail,verification_failed,0.08,17.48,2026-01-21T17:11:30.962014
169,aapp_competition_test,3208,3208_gen_0.sv,3208_testbench.py,3208_prompt.txt,pass,fail,verification_failed,0.06,17.91,2026-01-21T17:11:48.566553
170,aapp_competition_test,3209,3209_gen_0.sv,3209_testbench.py,3209_prompt.txt,pass,fail,verification_failed,0.06,17.84,2026-01-21T17:12:06.576044
171,aapp_competition_test,3210,3210_gen_0.sv,3210_testbench.py,3210_prompt.txt,pass,timeout,verification_failed,0.07,305.51,2026-01-21T17:12:24.515626
172,aapp_competition_test,3211,3211_gen_0.sv,3211_testbench.py,3211_prompt.txt,fail,N/A,compilation_failed,0.11,0.00,2026-01-21T17:17:30.139331
173,aapp_competition_test,3212,3212_gen_0.sv,3212_testbench.py,3212_prompt.txt,pass,fail,verification_failed,0.08,27.33,2026-01-21T17:17:30.295663
174,aapp_competition_test,3213,3213_gen_0.sv,3213_testbench.py,3213_prompt.txt,pass,pass,pass,0.07,17.19,2026-01-21T17:17:57.740934
175,aapp_competition_test,3214,3214_gen_0.sv,3214_testbench.py,3214_prompt.txt,pass,pass,pass,0.06,16.85,2026-01-21T17:18:15.054043
176,aapp_competition_test,3215,3215_gen_0.sv,3215_testbench.py,3215_prompt.txt,pass,fail,verification_failed,0.07,292.09,2026-01-21T17:18:32.022625
177,aapp_competition_test,3216,3216_gen_0.sv,3216_testbench.py,3216_prompt.txt,pass,fail,verification_failed,0.09,16.65,2026-01-21T17:23:24.249753
178,aapp_competition_test,3217,3217_gen_0.sv,3217_testbench.py,3217_prompt.txt,fail,N/A,compilation_failed,0.06,0.00,2026-01-21T17:23:41.057617
179,aapp_competition_test,3218,3218_gen_0.sv,3218_testbench.py,3218_prompt.txt,pass,pass,pass,0.07,18.40,2026-01-21T17:23:41.174762
180,aapp_competition_test,3219,3219_gen_0.sv,3219_testbench.py,3219_prompt.txt,pass,pass,pass,0.06,17.94,2026-01-21T17:23:59.687297
181,aapp_competition_test,3220,3220_gen_0.sv,3220_testbench.py,3220_prompt.txt,pass,pass,pass,0.06,17.06,2026-01-21T17:24:17.730479
182,aapp_competition_test,3221,3221_gen_0.sv,3221_testbench.py,3221_prompt.txt,pass,fail,verification_failed,0.06,20.91,2026-01-21T17:24:34.891602
183,aapp_competition_test,3223,3223_gen_0.sv,3223_testbench.py,3223_prompt.txt,pass,fail,verification_failed,0.06,16.54,2026-01-21T17:24:55.905752
184,aapp_competition_test,3224,3224_gen_0.sv,3224_testbench.py,3224_prompt.txt,pass,fail,verification_failed,0.05,16.29,2026-01-21T17:25:12.544083
185,aapp_competition_test,3225,3225_gen_0.sv,3225_testbench.py,3225_prompt.txt,fail,N/A,compilation_failed,0.06,0.00,2026-01-21T17:25:28.928256
186,aapp_competition_test,3226,3226_gen_0.sv,3226_testbench.py,3226_prompt.txt,fail,N/A,compilation_failed,0.05,0.00,2026-01-21T17:25:29.023954
187,aapp_competition_test,3229,3229_gen_0.sv,3229_testbench.py,3229_prompt.txt,fail,N/A,compilation_failed,0.07,0.00,2026-01-21T17:25:29.113471
188,aapp_competition_test,3230,3230_gen_0.sv,3230_testbench.py,3230_prompt.txt,pass,pass,pass,0.07,16.18,2026-01-21T17:25:29.222613
189,aapp_competition_test,3231,3231_gen_0.sv,3231_testbench.py,3231_prompt.txt,pass,timeout,verification_failed,0.07,307.88,2026-01-21T17:25:45.505174
190,aapp_competition_test,3232,3232_gen_0.sv,3232_testbench.py,3232_prompt.txt,pass,pass,pass,0.09,25.59,2026-01-21T17:30:53.506690
191,aapp_competition_test,3233,3233_gen_0.sv,3233_testbench.py,3233_prompt.txt,pass,pass,pass,0.06,29.43,2026-01-21T17:31:19.285161
192,aapp_competition_test,3234,3234_gen_0.sv,3234_testbench.py,3234_prompt.txt,pass,pass,pass,0.06,17.41,2026-01-21T17:31:48.816627
193,aapp_competition_test,3235,3235_gen_0.sv,3235_testbench.py,3235_prompt.txt,pass,fail,verification_failed,0.07,16.56,2026-01-21T17:32:06.331841
194,aapp_competition_test,3237,3237_gen_0.sv,3237_testbench.py,3237_prompt.txt,fail,N/A,compilation_failed,0.07,0.00,2026-01-21T17:32:23.011311
195,aapp_competition_test,3238,3238_gen_0.sv,3238_testbench.py,3238_prompt.txt,fail,N/A,compilation_failed,0.05,0.00,2026-01-21T17:32:23.122598
196,aapp_competition_test,3239,3239_gen_0.sv,3239_testbench.py,3239_prompt.txt,fail,N/A,compilation_failed,0.08,0.00,2026-01-21T17:32:23.220868
197,aapp_competition_test,3240,3240_gen_0.sv,3240_testbench.py,3240_prompt.txt,pass,fail,verification_failed,0.07,25.43,2026-01-21T17:32:23.346872
198,aapp_competition_test,3241,3241_gen_0.sv,3241_testbench.py,3241_prompt.txt,pass,pass,pass,0.08,16.56,2026-01-21T17:32:48.897801
199,aapp_competition_test,3242,3242_gen_0.sv,3242_testbench.py,3242_prompt.txt,pass,pass,pass,0.07,17.21,2026-01-21T17:33:05.595935
200,aapp_competition_test,3244,3244_gen_0.sv,3244_testbench.py,3244_prompt.txt,pass,pass,pass,0.05,16.22,2026-01-21T17:33:22.933572
201,aapp_competition_test,3245,3245_gen_0.sv,3245_testbench.py,3245_prompt.txt,fail,N/A,compilation_failed,0.06,0.00,2026-01-21T17:33:39.250298
202,aapp_competition_test,3246,3246_gen_0.sv,3246_testbench.py,3246_prompt.txt,pass,timeout,verification_failed,0.06,305.16,2026-01-21T17:33:39.354780
203,aapp_competition_test,3247,3247_gen_0.sv,3247_testbench.py,3247_prompt.txt,pass,pass,pass,0.06,16.23,2026-01-21T17:38:44.609415
204,aapp_competition_test,3248,3248_gen_0.sv,3248_testbench.py,3248_prompt.txt,pass,fail,verification_failed,0.07,16.09,2026-01-21T17:39:00.939856
205,aapp_competition_test,3249,3249_gen_0.sv,3249_testbench.py,3249_prompt.txt,pass,fail,verification_failed,0.07,16.41,2026-01-21T17:39:17.136397
206,aapp_competition_test,3250,3250_gen_0.sv,3250_testbench.py,3250_prompt.txt,pass,fail,verification_failed,0.07,16.05,2026-01-21T17:39:33.650399
207,aapp_competition_test,3251,3251_gen_0.sv,3251_testbench.py,3251_prompt.txt,pass,pass,pass,0.06,16.24,2026-01-21T17:39:49.811058
208,aapp_competition_test,3252,3252_gen_0.sv,3252_testbench.py,3252_prompt.txt,pass,pass,pass,0.07,16.74,2026-01-21T17:40:06.156985
209,aapp_competition_test,3253,3253_gen_0.sv,3253_testbench.py,3253_prompt.txt,pass,fail,verification_failed,0.07,16.39,2026-01-21T17:40:23.001493
210,aapp_competition_test,3254,3254_gen_0.sv,3254_testbench.py,3254_prompt.txt,pass,pass,pass,0.07,16.36,2026-01-21T17:40:39.503114
211,aapp_competition_test,3255,3255_gen_0.sv,3255_testbench.py,3255_prompt.txt,pass,fail,verification_failed,0.07,16.46,2026-01-21T17:40:55.979393
212,aapp_competition_test,3256,3256_gen_0.sv,3256_testbench.py,3256_prompt.txt,fail,N/A,compilation_failed,0.05,0.00,2026-01-21T17:41:12.557457
213,aapp_competition_test,3257,3257_gen_0.sv,3257_testbench.py,3257_prompt.txt,pass,pass,pass,0.08,16.55,2026-01-21T17:41:12.667606
214,aapp_competition_test,3259,3259_gen_0.sv,3259_testbench.py,3259_prompt.txt,pass,pass,pass,0.06,16.39,2026-01-21T17:41:29.343988
215,aapp_competition_test,3261,3261_gen_0.sv,3261_testbench.py,3261_prompt.txt,pass,pass,pass,0.07,17.30,2026-01-21T17:41:45.854092
216,aapp_competition_test,3262,3262_gen_0.sv,3262_testbench.py,3262_prompt.txt,fail,N/A,compilation_failed,0.07,0.00,2026-01-21T17:42:03.281906
217,aapp_competition_test,3264,3264_gen_0.sv,3264_testbench.py,3264_prompt.txt,pass,fail,verification_failed,0.07,16.18,2026-01-21T17:42:03.400485
218,aapp_competition_test,3265,3265_gen_0.sv,3265_testbench.py,3265_prompt.txt,pass,pass,pass,0.07,15.93,2026-01-21T17:42:19.709216
219,aapp_competition_test,3266,3266_gen_0.sv,3266_testbench.py,3266_prompt.txt,pass,fail,verification_failed,0.06,16.21,2026-01-21T17:42:35.750192
220,aapp_competition_test,3267,3267_gen_0.sv,3267_testbench.py,3267_prompt.txt,fail,N/A,compilation_failed,0.06,0.00,2026-01-21T17:42:52.077668
221,aapp_competition_test,3268,3268_gen_0.sv,3268_testbench.py,3268_prompt.txt,pass,timeout,verification_failed,0.06,305.21,2026-01-21T17:42:52.197460
222,aapp_competition_test,3269,3269_gen_0.sv,3269_testbench.py,3269_prompt.txt,fail,N/A,compilation_failed,0.07,0.00,2026-01-21T17:47:57.534493
223,aapp_competition_test,3270,3270_gen_0.sv,3270_testbench.py,3270_prompt.txt,fail,N/A,compilation_failed,0.08,0.00,2026-01-21T17:47:57.650313
224,aapp_competition_test,3272,3272_gen_0.sv,3272_testbench.py,3272_prompt.txt,pass,fail,verification_failed,0.06,26.82,2026-01-21T17:47:57.778415
225,aapp_competition_test,3273,3273_gen_0.sv,3273_testbench.py,3273_prompt.txt,fail,N/A,compilation_failed,0.07,0.00,2026-01-21T17:48:24.717369
226,aapp_competition_test,3276,3276_gen_0.sv,3276_testbench.py,3276_prompt.txt,fail,N/A,compilation_failed,0.06,0.00,2026-01-21T17:48:24.845439
227,aapp_competition_test,3277,3277_gen_0.sv,3277_testbench.py,3277_prompt.txt,pass,pass,pass,0.06,16.29,2026-01-21T17:48:24.966279
228,aapp_competition_test,3278,3278_gen_0.sv,3278_testbench.py,3278_prompt.txt,fail,N/A,compilation_failed,0.07,0.00,2026-01-21T17:48:41.379857
229,aapp_competition_test,3279,3279_gen_0.sv,3279_testbench.py,3279_prompt.txt,pass,fail,verification_failed,0.05,16.47,2026-01-21T17:48:41.499427
230,aapp_competition_test,3280,3280_gen_0.sv,3280_testbench.py,3280_prompt.txt,pass,pass,pass,0.07,16.41,2026-01-21T17:48:58.083174
231,aapp_competition_test,3281,3281_gen_0.sv,3281_testbench.py,3281_prompt.txt,pass,pass,pass,0.05,16.49,2026-01-21T17:49:14.609290
232,aapp_competition_test,3282,3282_gen_0.sv,3282_testbench.py,3282_prompt.txt,pass,pass,pass,0.05,16.24,2026-01-21T17:49:31.201495
233,aapp_competition_test,3283,3283_gen_0.sv,3283_testbench.py,3283_prompt.txt,fail,N/A,compilation_failed,0.06,0.00,2026-01-21T17:49:47.550572
234,aapp_competition_test,3284,3284_gen_0.sv,3284_testbench.py,3284_prompt.txt,pass,pass,pass,0.06,16.63,2026-01-21T17:49:47.669743
235,aapp_competition_test,3285,3285_gen_0.sv,3285_testbench.py,3285_prompt.txt,pass,fail,verification_failed,0.08,16.50,2026-01-21T17:50:04.395875
236,aapp_competition_test,3286,3286_gen_0.sv,3286_testbench.py,3286_prompt.txt,pass,pass,pass,0.07,16.23,2026-01-21T17:50:21.044196
237,aapp_competition_test,3288,3288_gen_0.sv,3288_testbench.py,3288_prompt.txt,pass,pass,pass,0.07,18.28,2026-01-21T17:50:37.404197
238,aapp_competition_test,3289,3289_gen_0.sv,3289_testbench.py,3289_prompt.txt,fail,N/A,compilation_failed,0.07,0.00,2026-01-21T17:50:55.819663
239,aapp_competition_test,3290,3290_gen_0.sv,3290_testbench.py,3290_prompt.txt,fail,N/A,compilation_failed,0.05,0.00,2026-01-21T17:50:55.945543
240,aapp_competition_test,3291,3291_gen_0.sv,3291_testbench.py,3291_prompt.txt,fail,N/A,compilation_failed,0.05,0.00,2026-01-21T17:50:56.048003
241,aapp_competition_test,3292,3292_gen_0.sv,3292_testbench.py,3292_prompt.txt,pass,fail,verification_failed,0.05,16.46,2026-01-21T17:50:56.151227
242,aapp_competition_test,3293,3293_gen_0.sv,3293_testbench.py,3293_prompt.txt,pass,pass,pass,0.06,16.35,2026-01-21T17:51:12.738909
243,aapp_competition_test,3294,3294_gen_0.sv,3294_testbench.py,3294_prompt.txt,pass,fail,verification_failed,0.07,16.24,2026-01-21T17:51:29.197184
244,aapp_competition_test,3295,3295_gen_0.sv,3295_testbench.py,3295_prompt.txt,pass,pass,pass,0.06,16.37,2026-01-21T17:51:45.560132
245,aapp_competition_test,3296,3296_gen_0.sv,3296_testbench.py,3296_prompt.txt,pass,pass,pass,0.08,16.19,2026-01-21T17:52:02.044619
246,aapp_competition_test,3297,3297_gen_0.sv,3297_testbench.py,3297_prompt.txt,pass,fail,verification_failed,0.08,16.27,2026-01-21T17:52:18.394068
247,aapp_competition_test,3298,3298_gen_0.sv,3298_testbench.py,3298_prompt.txt,pass,fail,verification_failed,0.07,16.61,2026-01-21T17:52:34.812691
248,aapp_competition_test,3299,3299_gen_0.sv,3299_testbench.py,3299_prompt.txt,pass,pass,pass,0.06,16.38,2026-01-21T17:52:51.567295
249,aapp_competition_test,3300,3300_gen_0.sv,3300_testbench.py,3300_prompt.txt,pass,pass,pass,0.06,16.26,2026-01-21T17:53:08.069617
250,aapp_competition_test,3301,3301_gen_0.sv,3301_testbench.py,3301_prompt.txt,fail,N/A,compilation_failed,0.05,0.00,2026-01-21T17:53:24.437137
251,aapp_competition_test,3302,3302_gen_0.sv,3302_testbench.py,3302_prompt.txt,pass,fail,verification_failed,0.06,16.50,2026-01-21T17:53:24.548541
252,aapp_competition_test,3303,3303_gen_0.sv,3303_testbench.py,3303_prompt.txt,pass,pass,pass,0.08,16.40,2026-01-21T17:53:41.176912
253,aapp_competition_test,3305,3305_gen_0.sv,3305_testbench.py,3305_prompt.txt,pass,pass,pass,0.07,16.62,2026-01-21T17:53:57.721346
254,aapp_competition_test,3306,3306_gen_0.sv,3306_testbench.py,3306_prompt.txt,pass,pass,pass,0.06,16.45,2026-01-21T17:54:14.475541
255,aapp_competition_test,3307,3307_gen_0.sv,3307_testbench.py,3307_prompt.txt,fail,N/A,compilation_failed,0.05,0.00,2026-01-21T17:54:31.046405
256,aapp_competition_test,3308,3308_gen_0.sv,3308_testbench.py,3308_prompt.txt,pass,fail,verification_failed,0.07,16.42,2026-01-21T17:54:31.161121
257,aapp_competition_test,3310,3310_gen_0.sv,3310_testbench.py,3310_prompt.txt,fail,N/A,compilation_failed,0.07,0.00,2026-01-21T17:54:47.710189
258,aapp_competition_test,3311,3311_gen_0.sv,3311_testbench.py,3311_prompt.txt,fail,N/A,compilation_failed,0.07,0.00,2026-01-21T17:54:47.847449
259,aapp_competition_test,3312,3312_gen_0.sv,3312_testbench.py,3312_prompt.txt,pass,pass,pass,0.06,17.83,2026-01-21T17:54:47.972283
260,aapp_competition_test,3313,3313_gen_0.sv,3313_testbench.py,3313_prompt.txt,pass,pass,pass,0.06,16.50,2026-01-21T17:55:05.934113
261,aapp_competition_test,3314,3314_gen_0.sv,3314_testbench.py,3314_prompt.txt,pass,pass,pass,0.06,16.66,2026-01-21T17:55:22.553085
262,aapp_competition_test,3315,3315_gen_0.sv,3315_testbench.py,3315_prompt.txt,fail,N/A,compilation_failed,0.06,0.00,2026-01-21T17:55:39.340178
263,aapp_competition_test,3317,3317_gen_0.sv,3317_testbench.py,3317_prompt.txt,pass,pass,pass,0.06,16.60,2026-01-21T17:55:39.461807
264,aapp_competition_test,3320,3320_gen_0.sv,3320_testbench.py,3320_prompt.txt,pass,pass,pass,0.05,16.64,2026-01-21T17:55:56.177570
265,aapp_competition_test,3321,3321_gen_0.sv,3321_testbench.py,3321_prompt.txt,pass,fail,verification_failed,0.06,16.42,2026-01-21T17:56:12.946049
266,aapp_competition_test,3323,3323_gen_0.sv,3323_testbench.py,3323_prompt.txt,pass,fail,verification_failed,0.07,16.41,2026-01-21T17:56:29.519637
267,aapp_competition_test,3324,3324_gen_0.sv,3324_testbench.py,3324_prompt.txt,pass,fail,verification_failed,0.06,16.71,2026-01-21T17:56:46.081933
268,aapp_competition_test,3325,3325_gen_0.sv,3325_testbench.py,3325_prompt.txt,pass,fail,verification_failed,0.06,16.32,2026-01-21T17:57:02.932570
269,aapp_competition_test,3326,3326_gen_0.sv,3326_testbench.py,3326_prompt.txt,pass,fail,verification_failed,0.06,16.32,2026-01-21T17:57:19.364358
270,aapp_competition_test,3328,3328_gen_0.sv,3328_testbench.py,3328_prompt.txt,pass,fail,verification_failed,0.07,16.37,2026-01-21T17:57:35.798408
271,aapp_competition_test,3329,3329_gen_0.sv,3329_testbench.py,3329_prompt.txt,pass,pass,pass,0.08,16.40,2026-01-21T17:57:52.305700
272,aapp_competition_test,3330,3330_gen_0.sv,3330_testbench.py,3330_prompt.txt,pass,pass,pass,0.08,16.34,2026-01-21T17:58:08.864694
273,aapp_competition_test,3331,3331_gen_0.sv,3331_testbench.py,3331_prompt.txt,pass,pass,pass,0.06,16.27,2026-01-21T17:58:25.366535
274,aapp_competition_test,3332,3332_gen_0.sv,3332_testbench.py,3332_prompt.txt,fail,N/A,compilation_failed,0.06,0.00,2026-01-21T17:58:41.775817
275,aapp_competition_test,3333,3333_gen_0.sv,3333_testbench.py,3333_prompt.txt,pass,fail,verification_failed,0.09,16.56,2026-01-21T17:58:41.917869
276,aapp_competition_test,3334,3334_gen_0.sv,3334_testbench.py,3334_prompt.txt,pass,fail,verification_failed,0.07,16.42,2026-01-21T17:58:58.682106
277,aapp_competition_test,3336,3336_gen_0.sv,3336_testbench.py,3336_prompt.txt,fail,N/A,compilation_failed,0.06,0.00,2026-01-21T17:59:15.267059
278,aapp_competition_test,3337,3337_gen_0.sv,3337_testbench.py,3337_prompt.txt,pass,pass,pass,0.07,16.43,2026-01-21T17:59:15.405517
279,aapp_competition_test,3338,3338_gen_0.sv,3338_testbench.py,3338_prompt.txt,pass,fail,verification_failed,0.07,16.74,2026-01-21T17:59:31.984770
280,aapp_competition_test,3339,3339_gen_0.sv,3339_testbench.py,3339_prompt.txt,pass,fail,verification_failed,0.06,17.02,2026-01-21T17:59:48.868545
281,aapp_competition_test,3340,3340_gen_0.sv,3340_testbench.py,3340_prompt.txt,fail,N/A,compilation_failed,0.06,0.00,2026-01-21T18:00:06.017991
282,aapp_competition_test,3341,3341_gen_0.sv,3341_testbench.py,3341_prompt.txt,pass,fail,verification_failed,0.07,16.86,2026-01-21T18:00:06.165286
283,aapp_competition_test,3344,3344_gen_0.sv,3344_testbench.py,3344_prompt.txt,pass,fail,verification_failed,0.06,16.83,2026-01-21T18:00:23.157956
284,aapp_competition_test,3345,3345_gen_0.sv,3345_testbench.py,3345_prompt.txt,pass,fail,verification_failed,0.06,16.36,2026-01-21T18:00:40.118520
285,aapp_competition_test,3346,3346_gen_0.sv,3346_testbench.py,3346_prompt.txt,pass,fail,verification_failed,0.07,16.31,2026-01-21T18:00:56.597802
286,aapp_competition_test,3347,3347_gen_0.sv,3347_testbench.py,3347_prompt.txt,fail,N/A,compilation_failed,0.06,0.00,2026-01-21T18:01:13.051145
287,aapp_competition_test,3348,3348_gen_0.sv,3348_testbench.py,3348_prompt.txt,pass,pass,pass,0.09,16.50,2026-01-21T18:01:13.212954
288,aapp_competition_test,3349,3349_gen_0.sv,3349_testbench.py,3349_prompt.txt,pass,fail,verification_failed,0.05,25.93,2026-01-21T18:01:29.882850
289,aapp_competition_test,3351,3351_gen_0.sv,3351_testbench.py,3351_prompt.txt,pass,pass,pass,0.06,16.61,2026-01-21T18:01:55.938464
290,aapp_competition_test,3354,3354_gen_0.sv,3354_testbench.py,3354_prompt.txt,pass,pass,pass,0.06,16.60,2026-01-21T18:02:12.686408
291,aapp_competition_test,3356,3356_gen_0.sv,3356_testbench.py,3356_prompt.txt,fail,N/A,compilation_failed,0.07,0.00,2026-01-21T18:02:29.416340
292,aapp_competition_test,3358,3358_gen_0.sv,3358_testbench.py,3358_prompt.txt,pass,fail,verification_failed,0.05,16.36,2026-01-21T18:02:29.565856
293,aapp_competition_test,3359,3359_gen_0.sv,3359_testbench.py,3359_prompt.txt,fail,N/A,compilation_failed,0.07,0.00,2026-01-21T18:02:46.068592
294,aapp_competition_test,3360,3360_gen_0.sv,3360_testbench.py,3360_prompt.txt,pass,pass,pass,0.07,17.47,2026-01-21T18:02:46.215753
295,aapp_competition_test,3362,3362_gen_0.sv,3362_testbench.py,3362_prompt.txt,fail,N/A,compilation_failed,0.07,0.00,2026-01-21T18:03:03.859796
296,aapp_competition_test,3363,3363_gen_0.sv,3363_testbench.py,3363_prompt.txt,pass,pass,pass,0.07,16.60,2026-01-21T18:03:04.011712
297,aapp_competition_test,3364,3364_gen_0.sv,3364_testbench.py,3364_prompt.txt,fail,N/A,compilation_failed,0.07,0.00,2026-01-21T18:03:20.757075
298,aapp_competition_test,3365,3365_gen_0.sv,3365_testbench.py,3365_prompt.txt,pass,fail,verification_failed,0.07,16.82,2026-01-21T18:03:20.881914
299,aapp_competition_test,3367,3367_gen_0.sv,3367_testbench.py,3367_prompt.txt,fail,N/A,compilation_failed,0.06,0.00,2026-01-21T18:03:37.817400
300,aapp_competition_test,3368,3368_gen_0.sv,3368_testbench.py,3368_prompt.txt,pass,fail,verification_failed,0.07,16.82,2026-01-21T18:03:37.949603
301,aapp_competition_test,3369,3369_gen_0.sv,3369_testbench.py,3369_prompt.txt,pass,fail,verification_failed,0.06,16.43,2026-01-21T18:03:54.886839
302,aapp_competition_test,3370,3370_gen_0.sv,3370_testbench.py,3370_prompt.txt,pass,fail,verification_failed,0.07,16.62,2026-01-21T18:04:11.426482
303,aapp_competition_test,3371,3371_gen_0.sv,3371_testbench.py,3371_prompt.txt,pass,pass,pass,0.08,16.86,2026-01-21T18:04:28.179367
304,aapp_competition_test,3372,3372_gen_0.sv,3372_testbench.py,3372_prompt.txt,pass,pass,pass,0.07,16.94,2026-01-21T18:04:45.193041
305,aapp_competition_test,3373,3373_gen_0.sv,3373_testbench.py,3373_prompt.txt,pass,fail,verification_failed,0.07,17.70,2026-01-21T18:05:02.271607
306,aapp_competition_test,3374,3374_gen_0.sv,3374_testbench.py,3374_prompt.txt,pass,fail,verification_failed,0.12,26.03,2026-01-21T18:15:50.543425
307,aapp_competition_test,3376,3376_gen_0.sv,3376_testbench.py,3376_prompt.txt,pass,fail,verification_failed,0.09,28.25,2026-01-21T18:16:16.747399
308,aapp_competition_test,3377,3377_gen_0.sv,3377_testbench.py,3377_prompt.txt,fail,N/A,compilation_failed,0.08,0.00,2026-01-21T18:16:45.170046
309,aapp_competition_test,3378,3378_gen_0.sv,3378_testbench.py,3378_prompt.txt,pass,fail,verification_failed,0.07,25.74,2026-01-21T18:16:45.325371
310,aapp_competition_test,3379,3379_gen_0.sv,3379_testbench.py,3379_prompt.txt,fail,N/A,compilation_failed,0.06,0.00,2026-01-21T18:17:11.203975
311,aapp_competition_test,3380,3380_gen_0.sv,3380_testbench.py,3380_prompt.txt,pass,fail,verification_failed,0.05,19.98,2026-01-21T18:17:11.330609
312,aapp_competition_test,3381,3381_gen_0.sv,3381_testbench.py,3381_prompt.txt,pass,fail,verification_failed,0.06,20.85,2026-01-21T18:17:31.405363
313,aapp_competition_test,3382,3382_gen_0.sv,3382_testbench.py,3382_prompt.txt,pass,fail,verification_failed,0.09,20.40,2026-01-21T18:17:52.388545
314,aapp_competition_test,3383,3383_gen_0.sv,3383_testbench.py,3383_prompt.txt,pass,fail,verification_failed,0.07,20.15,2026-01-21T18:18:12.966334
315,aapp_competition_test,3384,3384_gen_0.sv,3384_testbench.py,3384_prompt.txt,fail,N/A,compilation_failed,0.06,0.00,2026-01-21T18:18:33.249023
316,aapp_competition_test,3385,3385_gen_0.sv,3385_testbench.py,3385_prompt.txt,pass,fail,verification_failed,0.05,19.50,2026-01-21T18:18:33.355019
317,aapp_competition_test,3387,3387_gen_0.sv,3387_testbench.py,3387_prompt.txt,pass,fail,verification_failed,0.05,22.94,2026-01-21T18:18:52.958124
318,aapp_competition_test,3388,3388_gen_0.sv,3388_testbench.py,3388_prompt.txt,pass,fail,verification_failed,0.07,19.66,2026-01-21T18:19:16.022722
319,aapp_competition_test,3389,3389_gen_0.sv,3389_testbench.py,3389_prompt.txt,pass,fail,verification_failed,0.06,20.06,2026-01-21T18:19:35.799985
320,aapp_competition_test,3391,3391_gen_0.sv,3391_testbench.py,3391_prompt.txt,pass,fail,verification_failed,0.06,20.46,2026-01-21T18:19:55.993083
321,aapp_competition_test,3392,3392_gen_0.sv,3392_testbench.py,3392_prompt.txt,pass,fail,verification_failed,0.07,19.05,2026-01-21T18:20:16.581760
322,aapp_competition_test,3393,3393_gen_0.sv,3393_testbench.py,3393_prompt.txt,pass,fail,verification_failed,0.06,19.02,2026-01-21T18:20:35.788449
323,aapp_competition_test,3394,3394_gen_0.sv,3394_testbench.py,3394_prompt.txt,fail,N/A,compilation_failed,0.06,0.00,2026-01-21T18:20:54.961222
324,aapp_competition_test,3395,3395_gen_0.sv,3395_testbench.py,3395_prompt.txt,pass,fail,verification_failed,0.06,19.78,2026-01-21T18:20:55.089302
325,aapp_competition_test,3396,3396_gen_0.sv,3396_testbench.py,3396_prompt.txt,pass,fail,verification_failed,0.07,19.47,2026-01-21T18:21:14.986374
326,aapp_competition_test,3397,3397_gen_0.sv,3397_testbench.py,3397_prompt.txt,pass,fail,verification_failed,0.07,19.61,2026-01-21T18:21:34.635056
327,aapp_competition_test,3398,3398_gen_0.sv,3398_testbench.py,3398_prompt.txt,pass,fail,verification_failed,0.07,20.33,2026-01-21T18:21:54.411692
328,aapp_competition_test,3399,3399_gen_0.sv,3399_testbench.py,3399_prompt.txt,fail,N/A,compilation_failed,0.06,0.00,2026-01-21T18:22:14.906929
329,aapp_competition_test,3400,3400_gen_0.sv,3400_testbench.py,3400_prompt.txt,fail,N/A,compilation_failed,0.07,0.00,2026-01-21T18:22:15.070434
330,aapp_competition_test,3402,3402_gen_0.sv,3402_testbench.py,3402_prompt.txt,pass,fail,verification_failed,0.07,19.45,2026-01-21T18:22:15.237476
331,aapp_competition_test,3403,3403_gen_0.sv,3403_testbench.py,3403_prompt.txt,pass,fail,verification_failed,0.06,19.58,2026-01-21T18:22:34.834187
332,aapp_competition_test,3404,3404_gen_0.sv,3404_testbench.py,3404_prompt.txt,fail,N/A,compilation_failed,0.05,0.00,2026-01-21T18:22:54.555276
333,aapp_competition_test,3406,3406_gen_0.sv,3406_testbench.py,3406_prompt.txt,fail,N/A,compilation_failed,0.06,0.00,2026-01-21T18:22:54.704871
334,aapp_competition_test,3407,3407_gen_0.sv,3407_testbench.py,3407_prompt.txt,fail,N/A,compilation_failed,0.07,0.00,2026-01-21T18:22:54.853202
335,aapp_competition_test,3408,3408_gen_0.sv,3408_testbench.py,3408_prompt.txt,fail,N/A,compilation_failed,0.07,0.00,2026-01-21T18:22:55.028965
336,aapp_competition_test,3409,3409_gen_0.sv,3409_testbench.py,3409_prompt.txt,pass,fail,verification_failed,0.07,19.84,2026-01-21T18:22:55.179642
337,aapp_competition_test,3410,3410_gen_0.sv,3410_testbench.py,3410_prompt.txt,pass,fail,verification_failed,0.07,19.51,2026-01-21T18:23:15.189306
338,aapp_competition_test,3411,3411_gen_0.sv,3411_testbench.py,3411_prompt.txt,pass,fail,verification_failed,0.06,19.06,2026-01-21T18:23:34.871626
339,aapp_competition_test,3412,3412_gen_0.sv,3412_testbench.py,3412_prompt.txt,fail,N/A,compilation_failed,0.06,0.00,2026-01-21T18:23:54.099183
340,aapp_competition_test,3413,3413_gen_0.sv,3413_testbench.py,3413_prompt.txt,fail,N/A,compilation_failed,0.06,0.00,2026-01-21T18:23:54.273157
341,aapp_competition_test,3414,3414_gen_0.sv,3414_testbench.py,3414_prompt.txt,pass,fail,verification_failed,0.05,21.41,2026-01-21T18:23:54.422057
342,aapp_competition_test,3415,3415_gen_0.sv,3415_testbench.py,3415_prompt.txt,pass,fail,verification_failed,0.07,19.85,2026-01-21T18:24:15.984276
343,aapp_competition_test,3416,3416_gen_0.sv,3416_testbench.py,3416_prompt.txt,pass,fail,verification_failed,0.06,19.35,2026-01-21T18:24:35.990629
344,aapp_competition_test,3417,3417_gen_0.sv,3417_testbench.py,3417_prompt.txt,pass,fail,verification_failed,0.07,20.39,2026-01-21T18:24:55.480402
345,aapp_competition_test,3418,3418_gen_0.sv,3418_testbench.py,3418_prompt.txt,pass,fail,verification_failed,0.07,19.51,2026-01-21T18:25:16.035904
346,aapp_competition_test,3419,3419_gen_0.sv,3419_testbench.py,3419_prompt.txt,pass,fail,verification_failed,0.07,19.58,2026-01-21T18:25:35.691544
347,aapp_competition_test,3420,3420_gen_0.sv,3420_testbench.py,3420_prompt.txt,pass,fail,verification_failed,0.06,20.09,2026-01-21T18:25:55.443551
348,aapp_competition_test,3421,3421_gen_0.sv,3421_testbench.py,3421_prompt.txt,pass,fail,verification_failed,0.08,19.42,2026-01-21T18:26:15.685615
349,aapp_competition_test,3422,3422_gen_0.sv,3422_testbench.py,3422_prompt.txt,fail,N/A,compilation_failed,0.07,0.00,2026-01-21T18:26:35.266689
350,aapp_competition_test,3423,3423_gen_0.sv,3423_testbench.py,3423_prompt.txt,pass,fail,verification_failed,0.05,19.27,2026-01-21T18:26:35.412171
351,aapp_competition_test,3424,3424_gen_0.sv,3424_testbench.py,3424_prompt.txt,pass,fail,verification_failed,0.06,19.88,2026-01-21T18:26:54.821713
352,aapp_competition_test,3425,3425_gen_0.sv,3425_testbench.py,3425_prompt.txt,pass,fail,verification_failed,0.06,19.33,2026-01-21T18:27:14.831332
353,aapp_competition_test,3427,3427_gen_0.sv,3427_testbench.py,3427_prompt.txt,pass,fail,verification_failed,0.07,19.27,2026-01-21T18:27:34.331735
354,aapp_competition_test,3428,3428_gen_0.sv,3428_testbench.py,3428_prompt.txt,pass,fail,verification_failed,0.05,19.70,2026-01-21T18:27:53.764264
355,aapp_competition_test,3430,3430_gen_0.sv,3430_testbench.py,3430_prompt.txt,pass,fail,verification_failed,0.07,19.25,2026-01-21T18:28:13.615448
356,aapp_competition_test,3431,3431_gen_0.sv,3431_testbench.py,3431_prompt.txt,fail,N/A,compilation_failed,0.07,0.00,2026-01-21T18:28:33.028269
357,aapp_competition_test,3432,3432_gen_0.sv,3432_testbench.py,3432_prompt.txt,pass,fail,verification_failed,0.05,19.26,2026-01-21T18:28:33.202122
358,aapp_competition_test,3433,3433_gen_0.sv,3433_testbench.py,3433_prompt.txt,fail,N/A,compilation_failed,0.07,0.00,2026-01-21T18:28:52.604228
359,aapp_competition_test,3434,3434_gen_0.sv,3434_testbench.py,3434_prompt.txt,pass,fail,verification_failed,0.07,20.36,2026-01-21T18:28:52.774537
360,aapp_competition_test,3435,3435_gen_0.sv,3435_testbench.py,3435_prompt.txt,fail,N/A,compilation_failed,0.05,0.00,2026-01-21T18:29:13.292055
361,aapp_competition_test,3436,3436_gen_0.sv,3436_testbench.py,3436_prompt.txt,fail,N/A,compilation_failed,1.08,0.00,2026-01-21T18:29:13.439131
362,aapp_competition_test,3437,3437_gen_0.sv,3437_testbench.py,3437_prompt.txt,pass,fail,verification_failed,0.06,19.48,2026-01-21T18:29:14.605575
363,aapp_competition_test,3438,3438_gen_0.sv,3438_testbench.py,3438_prompt.txt,pass,fail,verification_failed,0.06,19.42,2026-01-21T18:29:34.229466
364,aapp_competition_test,3439,3439_gen_0.sv,3439_testbench.py,3439_prompt.txt,pass,fail,verification_failed,0.07,21.44,2026-01-21T18:29:53.789939
365,aapp_competition_test,3441,3441_gen_0.sv,3441_testbench.py,3441_prompt.txt,pass,fail,verification_failed,0.07,19.58,2026-01-21T18:30:15.393497
366,aapp_competition_test,3442,3442_gen_0.sv,3442_testbench.py,3442_prompt.txt,pass,fail,verification_failed,0.07,19.11,2026-01-21T18:30:35.124935
367,aapp_competition_test,3443,3443_gen_0.sv,3443_testbench.py,3443_prompt.txt,pass,fail,verification_failed,0.07,20.17,2026-01-21T18:30:54.399011
368,aapp_competition_test,3444,3444_gen_0.sv,3444_testbench.py,3444_prompt.txt,pass,fail,verification_failed,0.07,19.53,2026-01-21T18:31:14.732264
369,aapp_competition_test,3445,3445_gen_0.sv,3445_testbench.py,3445_prompt.txt,fail,N/A,compilation_failed,0.05,0.00,2026-01-21T18:31:34.438255
370,aapp_competition_test,3446,3446_gen_0.sv,3446_testbench.py,3446_prompt.txt,fail,N/A,compilation_failed,0.07,0.00,2026-01-21T18:31:34.552316
371,aapp_competition_test,3447,3447_gen_0.sv,3447_testbench.py,3447_prompt.txt,pass,fail,verification_failed,0.07,19.29,2026-01-21T18:31:34.727881
372,aapp_competition_test,3449,3449_gen_0.sv,3449_testbench.py,3449_prompt.txt,pass,fail,verification_failed,0.06,19.83,2026-01-21T18:31:54.197486
373,aapp_competition_test,3450,3450_gen_0.sv,3450_testbench.py,3450_prompt.txt,pass,fail,verification_failed,0.07,19.74,2026-01-21T18:32:14.197989
374,aapp_competition_test,3451,3451_gen_0.sv,3451_testbench.py,3451_prompt.txt,pass,fail,verification_failed,0.07,19.52,2026-01-21T18:32:34.095877
375,aapp_competition_test,3452,3452_gen_0.sv,3452_testbench.py,3452_prompt.txt,pass,fail,verification_failed,0.06,19.79,2026-01-21T18:32:53.795490
376,aapp_competition_test,3453,3453_gen_0.sv,3453_testbench.py,3453_prompt.txt,fail,N/A,compilation_failed,0.07,0.00,2026-01-21T18:33:13.751410
377,aapp_competition_test,3454,3454_gen_0.sv,3454_testbench.py,3454_prompt.txt,fail,N/A,compilation_failed,0.07,0.00,2026-01-21T18:33:13.910307
378,aapp_competition_test,3455,3455_gen_0.sv,3455_testbench.py,3455_prompt.txt,fail,N/A,compilation_failed,0.06,0.00,2026-01-21T18:33:14.066374
379,aapp_competition_test,3456,3456_gen_0.sv,3456_testbench.py,3456_prompt.txt,fail,N/A,compilation_failed,0.06,0.00,2026-01-21T18:33:14.202335
380,aapp_competition_test,3457,3457_gen_0.sv,3457_testbench.py,3457_prompt.txt,pass,fail,verification_failed,0.06,19.54,2026-01-21T18:33:14.337557
381,aapp_competition_test,3459,3459_gen_0.sv,3459_testbench.py,3459_prompt.txt,fail,N/A,compilation_failed,0.07,0.00,2026-01-21T18:33:34.047642
382,aapp_competition_test,3460,3460_gen_0.sv,3460_testbench.py,3460_prompt.txt,pass,fail,verification_failed,0.07,19.16,2026-01-21T18:33:34.194829
383,aapp_competition_test,3461,3461_gen_0.sv,3461_testbench.py,3461_prompt.txt,pass,fail,verification_failed,0.07,21.33,2026-01-21T18:33:53.519178
384,aapp_competition_test,3462,3462_gen_0.sv,3462_testbench.py,3462_prompt.txt,pass,fail,verification_failed,0.06,19.34,2026-01-21T18:34:15.008939
385,aapp_competition_test,3463,3463_gen_0.sv,3463_testbench.py,3463_prompt.txt,fail,N/A,compilation_failed,1.10,0.00,2026-01-21T18:34:34.483127
386,aapp_competition_test,3464,3464_gen_0.sv,3464_testbench.py,3464_prompt.txt,pass,fail,verification_failed,0.06,19.24,2026-01-21T18:34:35.679469
387,aapp_competition_test,3466,3466_gen_0.sv,3466_testbench.py,3466_prompt.txt,pass,fail,verification_failed,0.06,20.07,2026-01-21T18:34:55.085218
388,aapp_competition_test,3467,3467_gen_0.sv,3467_testbench.py,3467_prompt.txt,pass,fail,verification_failed,0.07,19.40,2026-01-21T18:35:15.327853
389,aapp_competition_test,3468,3468_gen_0.sv,3468_testbench.py,3468_prompt.txt,pass,fail,verification_failed,0.06,19.29,2026-01-21T18:35:34.885847
390,aapp_competition_test,3469,3469_gen_0.sv,3469_testbench.py,3469_prompt.txt,pass,fail,verification_failed,0.07,20.18,2026-01-21T18:35:54.341833
391,aapp_competition_test,3470,3470_gen_0.sv,3470_testbench.py,3470_prompt.txt,pass,fail,verification_failed,0.07,19.46,2026-01-21T18:36:14.690754
392,aapp_competition_test,3471,3471_gen_0.sv,3471_testbench.py,3471_prompt.txt,pass,fail,verification_failed,0.07,19.24,2026-01-21T18:36:34.316597
393,aapp_competition_test,3472,3472_gen_0.sv,3472_testbench.py,3472_prompt.txt,fail,N/A,compilation_failed,0.06,0.00,2026-01-21T18:36:53.710044
394,aapp_competition_test,3473,3473_gen_0.sv,3473_testbench.py,3473_prompt.txt,pass,fail,verification_failed,0.06,19.81,2026-01-21T18:36:53.849495
395,aapp_competition_test,3474,3474_gen_0.sv,3474_testbench.py,3474_prompt.txt,pass,fail,verification_failed,0.09,20.58,2026-01-21T18:37:13.835358
396,aapp_competition_test,3475,3475_gen_0.sv,3475_testbench.py,3475_prompt.txt,pass,fail,verification_failed,0.08,19.31,2026-01-21T18:37:34.620860
397,aapp_competition_test,3476,3476_gen_0.sv,3476_testbench.py,3476_prompt.txt,pass,fail,verification_failed,0.07,20.49,2026-01-21T18:37:54.109600
398,aapp_competition_test,3477,3477_gen_0.sv,3477_testbench.py,3477_prompt.txt,fail,N/A,compilation_failed,0.07,0.00,2026-01-21T18:38:14.759793
399,aapp_competition_test,3478,3478_gen_0.sv,3478_testbench.py,3478_prompt.txt,pass,fail,verification_failed,0.06,19.36,2026-01-21T18:38:14.919025
400,aapp_competition_test,3482,3482_gen_0.sv,3482_testbench.py,3482_prompt.txt,pass,fail,verification_failed,0.08,19.27,2026-01-21T18:38:34.434555
401,aapp_competition_test,3483,3483_gen_0.sv,3483_testbench.py,3483_prompt.txt,pass,fail,verification_failed,0.07,20.20,2026-01-21T18:38:53.897757
402,aapp_competition_test,3484,3484_gen_0.sv,3484_testbench.py,3484_prompt.txt,pass,fail,verification_failed,0.05,19.67,2026-01-21T18:39:14.273244
403,aapp_competition_test,3485,3485_gen_0.sv,3485_testbench.py,3485_prompt.txt,fail,N/A,compilation_failed,0.05,0.00,2026-01-21T18:39:34.093558
404,aapp_competition_test,3486,3486_gen_0.sv,3486_testbench.py,3486_prompt.txt,pass,fail,verification_failed,0.06,19.72,2026-01-21T18:39:34.232970
405,aapp_competition_test,3488,3488_gen_0.sv,3488_testbench.py,3488_prompt.txt,fail,N/A,compilation_failed,0.06,0.00,2026-01-21T18:39:54.084384
406,aapp_competition_test,3489,3489_gen_0.sv,3489_testbench.py,3489_prompt.txt,pass,fail,verification_failed,0.07,20.28,2026-01-21T18:39:54.248223
407,aapp_competition_test,3490,3490_gen_0.sv,3490_testbench.py,3490_prompt.txt,pass,fail,verification_failed,0.06,19.56,2026-01-21T18:40:14.696288
408,aapp_competition_test,3492,3492_gen_0.sv,3492_testbench.py,3492_prompt.txt,pass,fail,verification_failed,0.08,19.27,2026-01-21T18:40:34.420429
409,aapp_competition_test,3493,3493_gen_0.sv,3493_testbench.py,3493_prompt.txt,pass,fail,verification_failed,0.07,22.08,2026-01-21T18:40:53.856677
410,aapp_competition_test,3494,3494_gen_0.sv,3494_testbench.py,3494_prompt.txt,pass,fail,verification_failed,0.07,20.53,2026-01-21T18:41:16.117298
411,aapp_competition_test,3495,3495_gen_0.sv,3495_testbench.py,3495_prompt.txt,pass,fail,verification_failed,0.07,22.24,2026-01-21T18:41:36.817656
412,aapp_competition_test,3499,3499_gen_0.sv,3499_testbench.py,3499_prompt.txt,pass,fail,verification_failed,0.08,21.23,2026-01-21T18:41:59.259851
413,aapp_competition_test,3500,3500_gen_0.sv,3500_testbench.py,3500_prompt.txt,fail,N/A,compilation_failed,0.08,0.00,2026-01-21T18:42:20.672481
414,aapp_competition_test,3501,3501_gen_0.sv,3501_testbench.py,3501_prompt.txt,pass,fail,verification_failed,0.08,20.17,2026-01-21T18:42:20.839349
415,aapp_competition_test,3502,3502_gen_0.sv,3502_testbench.py,3502_prompt.txt,pass,fail,verification_failed,0.07,20.20,2026-01-21T18:42:41.189178
416,aapp_competition_test,3503,3503_gen_0.sv,3503_testbench.py,3503_prompt.txt,pass,fail,verification_failed,0.07,20.25,2026-01-21T18:43:01.574467
417,aapp_competition_test,3508,3508_gen_0.sv,3508_testbench.py,3508_prompt.txt,pass,fail,verification_failed,0.06,20.37,2026-01-21T18:43:22.005684
418,aapp_competition_test,3510,3510_gen_0.sv,3510_testbench.py,3510_prompt.txt,fail,N/A,compilation_failed,0.07,0.00,2026-01-21T18:43:42.535752
419,aapp_competition_test,3511,3511_gen_0.sv,3511_testbench.py,3511_prompt.txt,fail,N/A,compilation_failed,0.06,0.00,2026-01-21T18:43:42.735476
420,aapp_competition_test,3512,3512_gen_0.sv,3512_testbench.py,3512_prompt.txt,pass,fail,verification_failed,0.07,21.76,2026-01-21T18:43:42.882076
421,aapp_competition_test,3513,3513_gen_0.sv,3513_testbench.py,3513_prompt.txt,pass,fail,verification_failed,0.07,20.59,2026-01-21T18:44:04.805861
422,aapp_competition_test,3514,3514_gen_0.sv,3514_testbench.py,3514_prompt.txt,pass,fail,verification_failed,0.06,20.26,2026-01-21T18:44:25.585680
423,aapp_competition_test,3515,3515_gen_0.sv,3515_testbench.py,3515_prompt.txt,pass,fail,verification_failed,0.07,20.28,2026-01-21T18:44:46.015363
424,aapp_competition_test,3516,3516_gen_0.sv,3516_testbench.py,3516_prompt.txt,pass,fail,verification_failed,0.07,18.71,2026-01-21T18:45:06.447810
425,aapp_competition_test,3517,3517_gen_0.sv,3517_testbench.py,3517_prompt.txt,pass,fail,verification_failed,0.07,19.34,2026-01-21T18:45:25.333598
426,aapp_competition_test,3518,3518_gen_0.sv,3518_testbench.py,3518_prompt.txt,fail,N/A,compilation_failed,0.06,0.00,2026-01-21T18:45:44.834710
427,aapp_competition_test,3519,3519_gen_0.sv,3519_testbench.py,3519_prompt.txt,pass,fail,verification_failed,0.06,19.65,2026-01-21T18:45:44.994629
428,aapp_competition_test,3520,3520_gen_0.sv,3520_testbench.py,3520_prompt.txt,pass,fail,verification_failed,0.07,18.95,2026-01-21T18:46:04.783183
429,aapp_competition_test,3521,3521_gen_0.sv,3521_testbench.py,3521_prompt.txt,fail,N/A,compilation_failed,0.07,0.00,2026-01-21T18:46:23.910922
430,aapp_competition_test,3522,3522_gen_0.sv,3522_testbench.py,3522_prompt.txt,pass,fail,verification_failed,0.05,18.95,2026-01-21T18:46:24.060152
431,aapp_competition_test,3523,3523_gen_0.sv,3523_testbench.py,3523_prompt.txt,pass,fail,verification_failed,0.07,19.51,2026-01-21T18:46:43.162893
432,aapp_competition_test,3524,3524_gen_0.sv,3524_testbench.py,3524_prompt.txt,fail,N/A,compilation_failed,0.97,0.00,2026-01-21T18:47:02.860992
433,aapp_competition_test,3525,3525_gen_0.sv,3525_testbench.py,3525_prompt.txt,fail,N/A,compilation_failed,0.07,0.00,2026-01-21T18:47:03.930777
434,aapp_competition_test,3526,3526_gen_0.sv,3526_testbench.py,3526_prompt.txt,fail,N/A,compilation_failed,0.05,0.00,2026-01-21T18:47:04.070967
435,aapp_competition_test,3527,3527_gen_0.sv,3527_testbench.py,3527_prompt.txt,pass,fail,verification_failed,0.07,18.66,2026-01-21T18:47:04.215662
436,aapp_competition_test,3529,3529_gen_0.sv,3529_testbench.py,3529_prompt.txt,fail,N/A,compilation_failed,0.08,0.00,2026-01-21T18:47:23.041851
437,aapp_competition_test,3530,3530_gen_0.sv,3530_testbench.py,3530_prompt.txt,pass,fail,verification_failed,0.06,18.99,2026-01-21T18:47:23.219089
438,aapp_competition_test,3532,3532_gen_0.sv,3532_testbench.py,3532_prompt.txt,pass,fail,verification_failed,0.06,19.41,2026-01-21T18:47:42.382879
439,aapp_competition_test,3533,3533_gen_0.sv,3533_testbench.py,3533_prompt.txt,pass,fail,verification_failed,0.07,18.90,2026-01-21T18:48:01.957364
440,aapp_competition_test,3534,3534_gen_0.sv,3534_testbench.py,3534_prompt.txt,pass,fail,verification_failed,0.06,18.79,2026-01-21T18:48:21.019008
441,aapp_competition_test,3535,3535_gen_0.sv,3535_testbench.py,3535_prompt.txt,fail,N/A,compilation_failed,0.05,0.00,2026-01-21T18:48:39.958615
442,aapp_competition_test,3536,3536_gen_0.sv,3536_testbench.py,3536_prompt.txt,pass,fail,verification_failed,0.06,19.32,2026-01-21T18:48:40.117607
443,aapp_competition_test,3538,3538_gen_0.sv,3538_testbench.py,3538_prompt.txt,pass,fail,verification_failed,0.06,20.68,2026-01-21T18:48:59.624961
444,aapp_competition_test,3539,3539_gen_0.sv,3539_testbench.py,3539_prompt.txt,pass,fail,verification_failed,0.07,18.88,2026-01-21T18:49:20.475507
445,aapp_competition_test,3541,3541_gen_0.sv,3541_testbench.py,3541_prompt.txt,fail,N/A,compilation_failed,0.07,0.00,2026-01-21T18:49:39.530225
446,aapp_competition_test,3542,3542_gen_0.sv,3542_testbench.py,3542_prompt.txt,pass,fail,verification_failed,0.06,20.02,2026-01-21T18:49:39.719919
447,aapp_competition_test,3543,3543_gen_0.sv,3543_testbench.py,3543_prompt.txt,fail,N/A,compilation_failed,0.07,0.00,2026-01-21T18:49:59.899768
448,aapp_competition_test,3544,3544_gen_0.sv,3544_testbench.py,3544_prompt.txt,fail,N/A,compilation_failed,0.07,0.00,2026-01-21T18:50:00.080743
449,aapp_competition_test,3546,3546_gen_0.sv,3546_testbench.py,3546_prompt.txt,pass,fail,verification_failed,0.07,19.10,2026-01-21T18:50:00.242242
450,aapp_competition_test,3547,3547_gen_0.sv,3547_testbench.py,3547_prompt.txt,pass,fail,verification_failed,0.06,19.09,2026-01-21T18:50:19.508513
451,aapp_competition_test,3548,3548_gen_0.sv,3548_testbench.py,3548_prompt.txt,pass,fail,verification_failed,0.07,19.25,2026-01-21T18:50:38.780613
452,aapp_competition_test,3550,3550_gen_0.sv,3550_testbench.py,3550_prompt.txt,pass,fail,verification_failed,0.06,19.13,2026-01-21T18:50:58.217018
453,aapp_competition_test,3551,3551_gen_0.sv,3551_testbench.py,3551_prompt.txt,fail,N/A,compilation_failed,0.06,0.00,2026-01-21T18:51:17.502574
454,aapp_competition_test,3552,3552_gen_0.sv,3552_testbench.py,3552_prompt.txt,pass,fail,verification_failed,0.08,18.91,2026-01-21T18:51:17.656578
455,aapp_competition_test,3553,3553_gen_0.sv,3553_testbench.py,3553_prompt.txt,pass,fail,verification_failed,0.08,18.99,2026-01-21T18:51:36.747668
456,aapp_competition_test,3554,3554_gen_0.sv,3554_testbench.py,3554_prompt.txt,fail,N/A,compilation_failed,0.06,0.00,2026-01-21T18:51:55.901446
457,aapp_competition_test,3555,3555_gen_0.sv,3555_testbench.py,3555_prompt.txt,fail,N/A,compilation_failed,0.06,0.00,2026-01-21T18:51:56.060634
458,aapp_competition_test,3556,3556_gen_0.sv,3556_testbench.py,3556_prompt.txt,pass,fail,verification_failed,0.06,19.26,2026-01-21T18:51:56.230247
459,aapp_competition_test,3557,3557_gen_0.sv,3557_testbench.py,3557_prompt.txt,pass,fail,verification_failed,0.06,18.87,2026-01-21T18:52:15.650523
460,aapp_competition_test,3558,3558_gen_0.sv,3558_testbench.py,3558_prompt.txt,pass,fail,verification_failed,0.06,19.08,2026-01-21T18:52:34.694402
461,aapp_competition_test,3560,3560_gen_0.sv,3560_testbench.py,3560_prompt.txt,pass,fail,verification_failed,0.06,19.53,2026-01-21T18:52:53.945090
462,aapp_competition_test,3561,3561_gen_0.sv,3561_testbench.py,3561_prompt.txt,pass,fail,verification_failed,0.06,19.07,2026-01-21T18:53:13.632524
463,aapp_competition_test,3563,3563_gen_0.sv,3563_testbench.py,3563_prompt.txt,fail,N/A,compilation_failed,0.06,0.00,2026-01-21T18:53:32.871926
464,aapp_competition_test,3564,3564_gen_0.sv,3564_testbench.py,3564_prompt.txt,pass,fail,verification_failed,0.06,19.03,2026-01-21T18:53:33.043899
465,aapp_competition_test,3565,3565_gen_0.sv,3565_testbench.py,3565_prompt.txt,fail,N/A,compilation_failed,0.07,0.00,2026-01-21T18:53:52.232921
466,aapp_competition_test,3566,3566_gen_0.sv,3566_testbench.py,3566_prompt.txt,pass,fail,verification_failed,0.06,20.21,2026-01-21T18:53:52.397082
467,aapp_competition_test,3567,3567_gen_0.sv,3567_testbench.py,3567_prompt.txt,pass,fail,verification_failed,0.07,18.90,2026-01-21T18:54:12.771726
468,aapp_competition_test,3568,3568_gen_0.sv,3568_testbench.py,3568_prompt.txt,pass,fail,verification_failed,0.06,19.05,2026-01-21T18:54:31.855767
469,aapp_competition_test,3569,3569_gen_0.sv,3569_testbench.py,3569_prompt.txt,pass,fail,verification_failed,0.07,19.88,2026-01-21T18:54:51.052109
470,aapp_competition_test,3571,3571_gen_0.sv,3571_testbench.py,3571_prompt.txt,pass,fail,verification_failed,0.06,19.03,2026-01-21T18:55:11.137276
471,aapp_competition_test,3572,3572_gen_0.sv,3572_testbench.py,3572_prompt.txt,fail,N/A,compilation_failed,0.07,0.00,2026-01-21T18:55:30.336138
472,aapp_competition_test,3574,3574_gen_0.sv,3574_testbench.py,3574_prompt.txt,pass,fail,verification_failed,0.07,18.98,2026-01-21T18:55:30.499776
473,aapp_competition_test,3575,3575_gen_0.sv,3575_testbench.py,3575_prompt.txt,pass,fail,verification_failed,0.06,19.66,2026-01-21T18:55:49.635287
474,aapp_competition_test,3576,3576_gen_0.sv,3576_testbench.py,3576_prompt.txt,pass,fail,verification_failed,0.08,18.96,2026-01-21T18:56:09.452860
475,aapp_competition_test,3577,3577_gen_0.sv,3577_testbench.py,3577_prompt.txt,pass,fail,verification_failed,0.07,18.95,2026-01-21T18:56:28.592257
476,aapp_competition_test,3578,3578_gen_0.sv,3578_testbench.py,3578_prompt.txt,fail,N/A,compilation_failed,0.05,0.00,2026-01-21T18:56:47.725433
477,aapp_competition_test,3579,3579_gen_0.sv,3579_testbench.py,3579_prompt.txt,pass,fail,verification_failed,0.05,19.26,2026-01-21T18:56:47.886343
478,aapp_competition_test,3580,3580_gen_0.sv,3580_testbench.py,3580_prompt.txt,pass,fail,verification_failed,0.06,19.11,2026-01-21T18:57:07.284298
479,aapp_competition_test,3581,3581_gen_0.sv,3581_testbench.py,3581_prompt.txt,pass,fail,verification_failed,0.07,19.10,2026-01-21T18:57:26.536143
480,aapp_competition_test,3582,3582_gen_0.sv,3582_testbench.py,3582_prompt.txt,fail,N/A,compilation_failed,0.08,0.00,2026-01-21T18:57:45.819956
481,aapp_competition_test,3584,3584_gen_0.sv,3584_testbench.py,3584_prompt.txt,pass,fail,verification_failed,0.05,19.50,2026-01-21T18:57:45.998849
482,aapp_competition_test,3585,3585_gen_0.sv,3585_testbench.py,3585_prompt.txt,pass,fail,verification_failed,0.06,18.94,2026-01-21T18:58:05.662564
483,aapp_competition_test,3587,3587_gen_0.sv,3587_testbench.py,3587_prompt.txt,fail,N/A,compilation_failed,0.06,0.00,2026-01-21T18:58:24.755933
484,aapp_competition_test,3588,3588_gen_0.sv,3588_testbench.py,3588_prompt.txt,pass,fail,verification_failed,0.06,19.07,2026-01-21T18:58:24.928203
485,aapp_competition_test,3589,3589_gen_0.sv,3589_testbench.py,3589_prompt.txt,pass,fail,verification_failed,0.07,19.70,2026-01-21T18:58:44.158055
486,aapp_competition_test,3590,3590_gen_0.sv,3590_testbench.py,3590_prompt.txt,pass,fail,verification_failed,0.06,19.03,2026-01-21T18:59:04.052339
487,aapp_competition_test,3591,3591_gen_0.sv,3591_testbench.py,3591_prompt.txt,pass,fail,verification_failed,0.06,18.75,2026-01-21T18:59:23.271065
488,aapp_competition_test,3592,3592_gen_0.sv,3592_testbench.py,3592_prompt.txt,pass,fail,verification_failed,0.07,19.17,2026-01-21T18:59:42.202064
489,aapp_competition_test,3593,3593_gen_0.sv,3593_testbench.py,3593_prompt.txt,pass,fail,verification_failed,0.06,21.12,2026-01-21T19:00:01.541715
490,aapp_competition_test,3594,3594_gen_0.sv,3594_testbench.py,3594_prompt.txt,pass,fail,verification_failed,0.07,23.84,2026-01-21T19:00:22.870363
491,aapp_competition_test,3595,3595_gen_0.sv,3595_testbench.py,3595_prompt.txt,pass,fail,verification_failed,0.07,20.20,2026-01-21T19:00:46.846751
492,aapp_competition_test,3596,3596_gen_0.sv,3596_testbench.py,3596_prompt.txt,pass,fail,verification_failed,0.06,19.28,2026-01-21T19:01:07.233589
493,aapp_competition_test,3598,3598_gen_0.sv,3598_testbench.py,3598_prompt.txt,fail,N/A,compilation_failed,0.06,0.00,2026-01-21T19:01:26.692768
494,aapp_competition_test,3600,3600_gen_0.sv,3600_testbench.py,3600_prompt.txt,pass,fail,verification_failed,0.05,18.99,2026-01-21T19:01:26.870124
495,aapp_competition_test,3601,3601_gen_0.sv,3601_testbench.py,3601_prompt.txt,pass,fail,verification_failed,0.07,19.49,2026-01-21T19:01:46.023592
496,aapp_competition_test,3602,3602_gen_0.sv,3602_testbench.py,3602_prompt.txt,pass,fail,verification_failed,0.06,18.90,2026-01-21T19:02:05.725499
497,aapp_competition_test,3603,3603_gen_0.sv,3603_testbench.py,3603_prompt.txt,pass,fail,verification_failed,0.06,19.03,2026-01-21T19:02:24.781941
498,aapp_competition_test,3604,3604_gen_0.sv,3604_testbench.py,3604_prompt.txt,pass,fail,verification_failed,0.07,19.50,2026-01-21T19:02:43.979003
499,aapp_competition_test,3605,3605_gen_0.sv,3605_testbench.py,3605_prompt.txt,pass,fail,verification_failed,0.06,18.72,2026-01-21T19:03:03.672233
500,aapp_competition_test,3608,3608_gen_0.sv,3608_testbench.py,3608_prompt.txt,pass,fail,verification_failed,0.07,18.85,2026-01-21T19:03:22.559171
501,aapp_competition_test,3611,3611_gen_0.sv,3611_testbench.py,3611_prompt.txt,pass,fail,verification_failed,0.07,20.33,2026-01-21T19:03:41.578498
502,aapp_competition_test,3613,3613_gen_0.sv,3613_testbench.py,3613_prompt.txt,fail,N/A,compilation_failed,0.06,0.00,2026-01-21T19:04:02.101824
503,aapp_competition_test,3614,3614_gen_0.sv,3614_testbench.py,3614_prompt.txt,pass,fail,verification_failed,0.07,18.77,2026-01-21T19:04:02.271515
504,aapp_competition_test,3615,3615_gen_0.sv,3615_testbench.py,3615_prompt.txt,pass,fail,verification_failed,0.07,19.03,2026-01-21T19:04:21.225286
505,aapp_competition_test,3618,3618_gen_0.sv,3618_testbench.py,3618_prompt.txt,pass,fail,verification_failed,0.07,19.70,2026-01-21T19:04:40.438796
506,aapp_competition_test,3619,3619_gen_0.sv,3619_testbench.py,3619_prompt.txt,pass,fail,verification_failed,0.06,19.07,2026-01-21T19:05:00.289349
507,aapp_competition_test,3620,3620_gen_0.sv,3620_testbench.py,3620_prompt.txt,fail,N/A,compilation_failed,0.05,0.00,2026-01-21T19:05:19.539977
508,aapp_competition_test,3621,3621_gen_0.sv,3621_testbench.py,3621_prompt.txt,pass,fail,verification_failed,0.06,19.06,2026-01-21T19:05:19.685393
509,aapp_competition_test,3624,3624_gen_0.sv,3624_testbench.py,3624_prompt.txt,fail,N/A,compilation_failed,0.06,0.00,2026-01-21T19:05:38.888602
510,aapp_competition_test,3625,3625_gen_0.sv,3625_testbench.py,3625_prompt.txt,fail,N/A,compilation_failed,0.06,0.00,2026-01-21T19:05:39.035179
511,aapp_competition_test,3626,3626_gen_0.sv,3626_testbench.py,3626_prompt.txt,fail,N/A,compilation_failed,0.06,0.00,2026-01-21T19:05:39.205868
512,aapp_competition_test,3627,3627_gen_0.sv,3627_testbench.py,3627_prompt.txt,pass,fail,verification_failed,0.06,19.37,2026-01-21T19:05:39.336998
513,aapp_competition_test,3628,3628_gen_0.sv,3628_testbench.py,3628_prompt.txt,pass,fail,verification_failed,0.07,19.22,2026-01-21T19:05:58.869241
514,aapp_competition_test,3629,3629_gen_0.sv,3629_testbench.py,3629_prompt.txt,pass,fail,verification_failed,0.07,18.77,2026-01-21T19:06:18.268284
515,aapp_competition_test,3630,3630_gen_0.sv,3630_testbench.py,3630_prompt.txt,pass,fail,verification_failed,0.07,18.66,2026-01-21T19:06:37.212527
516,aapp_competition_test,3631,3631_gen_0.sv,3631_testbench.py,3631_prompt.txt,pass,fail,verification_failed,0.06,19.39,2026-01-21T19:06:56.054834
517,aapp_competition_test,3632,3632_gen_0.sv,3632_testbench.py,3632_prompt.txt,pass,fail,verification_failed,0.07,18.84,2026-01-21T19:07:15.608867
518,aapp_competition_test,3633,3633_gen_0.sv,3633_testbench.py,3633_prompt.txt,pass,fail,verification_failed,0.07,18.71,2026-01-21T19:07:34.626329
519,aapp_competition_test,3635,3635_gen_0.sv,3635_testbench.py,3635_prompt.txt,pass,fail,verification_failed,0.06,19.37,2026-01-21T19:07:53.520671
520,aapp_competition_test,3636,3636_gen_0.sv,3636_testbench.py,3636_prompt.txt,pass,fail,verification_failed,0.06,18.95,2026-01-21T19:08:13.047936
521,aapp_competition_test,3637,3637_gen_0.sv,3637_testbench.py,3637_prompt.txt,fail,N/A,compilation_failed,0.06,0.00,2026-01-21T19:08:32.172067
522,aapp_competition_test,3638,3638_gen_0.sv,3638_testbench.py,3638_prompt.txt,pass,fail,verification_failed,0.06,18.63,2026-01-21T19:08:32.326162
523,aapp_competition_test,3639,3639_gen_0.sv,3639_testbench.py,3639_prompt.txt,pass,fail,verification_failed,0.07,19.37,2026-01-21T19:08:51.142117
524,aapp_competition_test,3640,3640_gen_0.sv,3640_testbench.py,3640_prompt.txt,pass,fail,verification_failed,0.06,18.79,2026-01-21T19:09:10.697380
525,aapp_competition_test,3641,3641_gen_0.sv,3641_testbench.py,3641_prompt.txt,pass,fail,verification_failed,0.06,18.91,2026-01-21T19:09:29.655176
526,aapp_competition_test,3642,3642_gen_0.sv,3642_testbench.py,3642_prompt.txt,pass,fail,verification_failed,0.07,19.41,2026-01-21T19:09:48.791712
527,aapp_competition_test,3644,3644_gen_0.sv,3644_testbench.py,3644_prompt.txt,pass,fail,verification_failed,0.06,18.76,2026-01-21T19:10:08.372326
528,aapp_competition_test,3645,3645_gen_0.sv,3645_testbench.py,3645_prompt.txt,fail,N/A,compilation_failed,0.07,0.00,2026-01-21T19:10:27.301415
529,aapp_competition_test,3646,3646_gen_0.sv,3646_testbench.py,3646_prompt.txt,pass,fail,verification_failed,0.06,18.82,2026-01-21T19:10:27.494523
530,aapp_competition_test,3647,3647_gen_0.sv,3647_testbench.py,3647_prompt.txt,fail,N/A,compilation_failed,0.07,0.00,2026-01-21T19:10:46.453692
531,aapp_competition_test,3648,3648_gen_0.sv,3648_testbench.py,3648_prompt.txt,pass,fail,verification_failed,0.08,22.45,2026-01-21T19:10:46.652608
532,aapp_competition_test,3649,3649_gen_0.sv,3649_testbench.py,3649_prompt.txt,fail,N/A,compilation_failed,0.05,0.00,2026-01-21T19:11:09.322419
533,aapp_competition_test,3650,3650_gen_0.sv,3650_testbench.py,3650_prompt.txt,pass,fail,verification_failed,0.08,19.87,2026-01-21T19:11:09.466639
534,aapp_competition_test,3651,3651_gen_0.sv,3651_testbench.py,3651_prompt.txt,pass,fail,verification_failed,0.06,20.05,2026-01-21T19:11:29.532795
535,aapp_competition_test,3652,3652_gen_0.sv,3652_testbench.py,3652_prompt.txt,pass,fail,verification_failed,0.05,20.69,2026-01-21T19:11:49.739958
536,aapp_competition_test,3653,3653_gen_0.sv,3653_testbench.py,3653_prompt.txt,pass,fail,verification_failed,0.06,19.99,2026-01-21T19:12:10.591475
537,aapp_competition_test,3654,3654_gen_0.sv,3654_testbench.py,3654_prompt.txt,pass,fail,verification_failed,0.08,20.72,2026-01-21T19:12:30.787605
538,aapp_competition_test,3655,3655_gen_0.sv,3655_testbench.py,3655_prompt.txt,pass,fail,verification_failed,0.06,22.05,2026-01-21T19:12:51.717218
539,aapp_competition_test,3656,3656_gen_0.sv,3656_testbench.py,3656_prompt.txt,pass,fail,verification_failed,0.09,22.26,2026-01-21T19:13:13.938846
540,aapp_competition_test,3658,3658_gen_0.sv,3658_testbench.py,3658_prompt.txt,pass,fail,verification_failed,0.07,23.24,2026-01-21T19:13:36.427140
541,aapp_competition_test,3659,3659_gen_0.sv,3659_testbench.py,3659_prompt.txt,pass,fail,verification_failed,0.09,23.34,2026-01-21T19:13:59.890962
542,aapp_competition_test,3660,3660_gen_0.sv,3660_testbench.py,3660_prompt.txt,fail,N/A,compilation_failed,0.06,0.00,2026-01-21T19:14:23.441151
543,aapp_competition_test,3661,3661_gen_0.sv,3661_testbench.py,3661_prompt.txt,pass,fail,verification_failed,0.06,20.21,2026-01-21T19:14:23.622388
544,aapp_competition_test,3662,3662_gen_0.sv,3662_testbench.py,3662_prompt.txt,pass,fail,verification_failed,0.07,21.83,2026-01-21T19:14:44.014995
545,aapp_competition_test,3663,3663_gen_0.sv,3663_testbench.py,3663_prompt.txt,pass,fail,verification_failed,0.07,21.84,2026-01-21T19:15:06.031245
546,aapp_competition_test,3664,3664_gen_0.sv,3664_testbench.py,3664_prompt.txt,pass,fail,verification_failed,0.06,20.98,2026-01-21T19:15:28.076858
547,aapp_competition_test,3665,3665_gen_0.sv,3665_testbench.py,3665_prompt.txt,pass,fail,verification_failed,0.06,20.68,2026-01-21T19:15:49.235850
548,aapp_competition_test,3666,3666_gen_0.sv,3666_testbench.py,3666_prompt.txt,pass,fail,verification_failed,0.06,19.90,2026-01-21T19:16:10.087294
549,aapp_competition_test,3667,3667_gen_0.sv,3667_testbench.py,3667_prompt.txt,pass,fail,verification_failed,0.07,19.18,2026-01-21T19:16:30.156180
550,aapp_competition_test,3668,3668_gen_0.sv,3668_testbench.py,3668_prompt.txt,pass,fail,verification_failed,0.07,19.57,2026-01-21T19:16:49.507566
551,aapp_competition_test,3671,3671_gen_0.sv,3671_testbench.py,3671_prompt.txt,fail,N/A,compilation_failed,0.06,0.00,2026-01-21T19:17:09.288255
552,aapp_competition_test,3672,3672_gen_0.sv,3672_testbench.py,3672_prompt.txt,pass,fail,verification_failed,0.07,18.79,2026-01-21T19:17:09.429870
553,aapp_competition_test,3673,3673_gen_0.sv,3673_testbench.py,3673_prompt.txt,pass,fail,verification_failed,0.06,19.05,2026-01-21T19:17:28.408653
554,aapp_competition_test,3674,3674_gen_0.sv,3674_testbench.py,3674_prompt.txt,pass,fail,verification_failed,0.05,19.42,2026-01-21T19:17:47.640794
555,aapp_competition_test,3676,3676_gen_0.sv,3676_testbench.py,3676_prompt.txt,pass,fail,verification_failed,0.05,18.78,2026-01-21T19:18:07.249401
556,aapp_competition_test,3677,3677_gen_0.sv,3677_testbench.py,3677_prompt.txt,pass,fail,verification_failed,0.07,19.08,2026-01-21T19:18:26.181608
557,aapp_competition_test,3678,3678_gen_0.sv,3678_testbench.py,3678_prompt.txt,fail,N/A,compilation_failed,0.06,0.00,2026-01-21T19:18:45.445470
558,aapp_competition_test,3679,3679_gen_0.sv,3679_testbench.py,3679_prompt.txt,fail,N/A,compilation_failed,0.05,0.00,2026-01-21T19:18:45.633573
559,aapp_competition_test,3680,3680_gen_0.sv,3680_testbench.py,3680_prompt.txt,pass,fail,verification_failed,0.07,19.32,2026-01-21T19:18:45.794043
560,aapp_competition_test,3683,3683_gen_0.sv,3683_testbench.py,3683_prompt.txt,pass,fail,verification_failed,0.07,19.01,2026-01-21T19:19:05.293419
561,aapp_competition_test,3686,3686_gen_0.sv,3686_testbench.py,3686_prompt.txt,pass,fail,verification_failed,0.07,19.32,2026-01-21T19:19:24.485742
562,aapp_competition_test,3689,3689_gen_0.sv,3689_testbench.py,3689_prompt.txt,pass,fail,verification_failed,0.07,19.30,2026-01-21T19:19:44.006648
563,aapp_competition_test,3691,3691_gen_0.sv,3691_testbench.py,3691_prompt.txt,fail,N/A,compilation_failed,0.06,0.00,2026-01-21T19:20:03.501594
564,aapp_competition_test,3692,3692_gen_0.sv,3692_testbench.py,3692_prompt.txt,pass,fail,verification_failed,0.07,18.94,2026-01-21T19:20:03.698777
565,aapp_competition_test,3693,3693_gen_0.sv,3693_testbench.py,3693_prompt.txt,pass,fail,verification_failed,0.06,18.85,2026-01-21T19:20:22.836293
566,aapp_competition_test,3694,3694_gen_0.sv,3694_testbench.py,3694_prompt.txt,fail,N/A,compilation_failed,0.06,0.00,2026-01-21T19:20:41.833930
567,aapp_competition_test,3695,3695_gen_0.sv,3695_testbench.py,3695_prompt.txt,pass,fail,verification_failed,0.07,19.06,2026-01-21T19:20:42.009063
568,aapp_competition_test,3696,3696_gen_0.sv,3696_testbench.py,3696_prompt.txt,pass,fail,verification_failed,0.08,19.20,2026-01-21T19:21:01.230447
569,aapp_competition_test,3697,3697_gen_0.sv,3697_testbench.py,3697_prompt.txt,pass,fail,verification_failed,0.06,18.86,2026-01-21T19:21:20.597390
570,aapp_competition_test,3699,3699_gen_0.sv,3699_testbench.py,3699_prompt.txt,pass,fail,verification_failed,0.07,19.13,2026-01-21T19:21:39.626683
571,aapp_competition_test,3700,3700_gen_0.sv,3700_testbench.py,3700_prompt.txt,pass,fail,verification_failed,0.06,18.97,2026-01-21T19:21:58.946413
572,aapp_competition_test,3701,3701_gen_0.sv,3701_testbench.py,3701_prompt.txt,pass,fail,verification_failed,0.06,18.80,2026-01-21T19:22:18.099726
573,aapp_competition_test,3702,3702_gen_0.sv,3702_testbench.py,3702_prompt.txt,pass,fail,verification_failed,0.05,18.69,2026-01-21T19:22:37.077571
574,aapp_competition_test,3704,3704_gen_0.sv,3704_testbench.py,3704_prompt.txt,pass,fail,verification_failed,0.07,19.50,2026-01-21T19:22:55.958343
575,aapp_competition_test,3705,3705_gen_0.sv,3705_testbench.py,3705_prompt.txt,pass,fail,verification_failed,0.06,19.02,2026-01-21T19:23:15.652576
576,aapp_competition_test,3706,3706_gen_0.sv,3706_testbench.py,3706_prompt.txt,pass,fail,verification_failed,0.07,18.91,2026-01-21T19:23:34.838754
577,aapp_competition_test,3707,3707_gen_0.sv,3707_testbench.py,3707_prompt.txt,pass,fail,verification_failed,0.07,20.92,2026-01-21T19:23:53.938184
578,aapp_competition_test,3708,3708_gen_0.sv,3708_testbench.py,3708_prompt.txt,pass,fail,verification_failed,0.06,18.98,2026-01-21T19:24:15.058493
579,aapp_competition_test,3709,3709_gen_0.sv,3709_testbench.py,3709_prompt.txt,pass,fail,verification_failed,0.08,18.90,2026-01-21T19:24:34.226016
580,aapp_competition_test,3710,3710_gen_0.sv,3710_testbench.py,3710_prompt.txt,fail,N/A,compilation_failed,0.06,0.00,2026-01-21T19:24:53.330071
581,aapp_competition_test,3711,3711_gen_0.sv,3711_testbench.py,3711_prompt.txt,pass,fail,verification_failed,0.06,19.31,2026-01-21T19:24:53.506110
582,aapp_competition_test,3712,3712_gen_0.sv,3712_testbench.py,3712_prompt.txt,pass,fail,verification_failed,0.08,19.14,2026-01-21T19:25:12.969933
583,aapp_competition_test,3713,3713_gen_0.sv,3713_testbench.py,3713_prompt.txt,pass,fail,verification_failed,0.06,18.74,2026-01-21T19:25:32.316426
584,aapp_competition_test,3714,3714_gen_0.sv,3714_testbench.py,3714_prompt.txt,pass,fail,verification_failed,0.06,20.20,2026-01-21T19:25:51.183812
585,aapp_competition_test,3717,3717_gen_0.sv,3717_testbench.py,3717_prompt.txt,pass,fail,verification_failed,0.07,18.94,2026-01-21T19:26:11.571050
586,aapp_competition_test,3718,3718_gen_0.sv,3718_testbench.py,3718_prompt.txt,fail,N/A,compilation_failed,0.06,0.00,2026-01-21T19:26:30.688018
587,aapp_competition_test,3719,3719_gen_0.sv,3719_testbench.py,3719_prompt.txt,pass,fail,verification_failed,0.07,18.57,2026-01-21T19:26:30.879425
588,aapp_competition_test,3720,3720_gen_0.sv,3720_testbench.py,3720_prompt.txt,pass,fail,verification_failed,0.07,19.37,2026-01-21T19:26:49.628369
589,aapp_competition_test,3721,3721_gen_0.sv,3721_testbench.py,3721_prompt.txt,pass,fail,verification_failed,0.06,18.86,2026-01-21T19:27:09.216521
590,aapp_competition_test,3722,3722_gen_0.sv,3722_testbench.py,3722_prompt.txt,pass,fail,verification_failed,0.06,18.87,2026-01-21T19:27:28.243578
591,aapp_competition_test,3727,3727_gen_0.sv,3727_testbench.py,3727_prompt.txt,pass,fail,verification_failed,0.06,19.33,2026-01-21T19:27:47.293809
592,aapp_competition_test,3728,3728_gen_0.sv,3728_testbench.py,3728_prompt.txt,fail,N/A,compilation_failed,0.08,0.00,2026-01-21T19:28:06.803449
593,aapp_competition_test,3729,3729_gen_0.sv,3729_testbench.py,3729_prompt.txt,pass,fail,verification_failed,0.06,18.86,2026-01-21T19:28:06.982394
594,aapp_competition_test,3730,3730_gen_0.sv,3730_testbench.py,3730_prompt.txt,pass,fail,verification_failed,0.06,19.00,2026-01-21T19:28:26.032062
595,aapp_competition_test,3732,3732_gen_0.sv,3732_testbench.py,3732_prompt.txt,pass,fail,verification_failed,0.07,19.53,2026-01-21T19:28:45.194617
596,aapp_competition_test,3733,3733_gen_0.sv,3733_testbench.py,3733_prompt.txt,pass,fail,verification_failed,0.06,18.94,2026-01-21T19:29:04.919998
597,aapp_competition_test,3734,3734_gen_0.sv,3734_testbench.py,3734_prompt.txt,pass,fail,verification_failed,0.07,18.94,2026-01-21T19:29:24.057084
598,aapp_competition_test,3735,3735_gen_0.sv,3735_testbench.py,3735_prompt.txt,pass,fail,verification_failed,0.06,19.43,2026-01-21T19:29:43.179928
599,aapp_competition_test,3736,3736_gen_0.sv,3736_testbench.py,3736_prompt.txt,fail,N/A,compilation_failed,0.06,0.00,2026-01-21T19:30:02.803151
600,aapp_competition_test,3737,3737_gen_0.sv,3737_testbench.py,3737_prompt.txt,pass,fail,verification_failed,0.06,19.35,2026-01-21T19:30:02.997695
601,aapp_competition_test,3738,3738_gen_0.sv,3738_testbench.py,3738_prompt.txt,pass,fail,verification_failed,0.05,18.90,2026-01-21T19:30:22.512064
602,aapp_competition_test,3739,3739_gen_0.sv,3739_testbench.py,3739_prompt.txt,pass,fail,verification_failed,0.07,19.12,2026-01-21T19:30:41.585404
603,aapp_competition_test,3742,3742_gen_0.sv,3742_testbench.py,3742_prompt.txt,pass,fail,verification_failed,0.06,19.02,2026-01-21T19:31:00.900865
604,aapp_competition_test,3743,3743_gen_0.sv,3743_testbench.py,3743_prompt.txt,pass,fail,verification_failed,0.06,18.74,2026-01-21T19:31:20.108990
605,aapp_competition_test,3744,3744_gen_0.sv,3744_testbench.py,3744_prompt.txt,pass,fail,verification_failed,0.06,19.08,2026-01-21T19:31:38.999790
606,aapp_competition_test,3745,3745_gen_0.sv,3745_testbench.py,3745_prompt.txt,pass,fail,verification_failed,0.06,19.16,2026-01-21T19:31:58.284212
607,aapp_competition_test,3747,3747_gen_0.sv,3747_testbench.py,3747_prompt.txt,pass,fail,verification_failed,0.06,18.77,2026-01-21T19:32:17.608615
608,aapp_competition_test,3748,3748_gen_0.sv,3748_testbench.py,3748_prompt.txt,pass,fail,verification_failed,0.07,18.73,2026-01-21T19:32:36.582051
609,aapp_competition_test,3750,3750_gen_0.sv,3750_testbench.py,3750_prompt.txt,pass,fail,verification_failed,0.07,19.45,2026-01-21T19:32:55.501207
610,aapp_competition_test,3751,3751_gen_0.sv,3751_testbench.py,3751_prompt.txt,pass,fail,verification_failed,0.07,19.07,2026-01-21T19:33:15.129624
611,aapp_competition_test,3752,3752_gen_0.sv,3752_testbench.py,3752_prompt.txt,pass,fail,verification_failed,0.06,18.75,2026-01-21T19:33:34.352114
612,aapp_competition_test,3753,3753_gen_0.sv,3753_testbench.py,3753_prompt.txt,pass,fail,verification_failed,0.07,20.99,2026-01-21T19:33:53.272191
613,aapp_competition_test,3757,3757_gen_0.sv,3757_testbench.py,3757_prompt.txt,fail,N/A,compilation_failed,0.07,0.00,2026-01-21T19:34:14.466027
614,aapp_competition_test,3758,3758_gen_0.sv,3758_testbench.py,3758_prompt.txt,pass,fail,verification_failed,0.07,20.94,2026-01-21T19:34:14.647829
615,aapp_competition_test,3760,3760_gen_0.sv,3760_testbench.py,3760_prompt.txt,pass,fail,verification_failed,0.06,18.51,2026-01-21T19:34:35.748768
616,aapp_competition_test,3761,3761_gen_0.sv,3761_testbench.py,3761_prompt.txt,pass,fail,verification_failed,0.07,19.43,2026-01-21T19:34:54.412065
617,aapp_competition_test,3764,3764_gen_0.sv,3764_testbench.py,3764_prompt.txt,pass,fail,verification_failed,0.07,18.98,2026-01-21T19:35:14.017148
618,aapp_competition_test,3765,3765_gen_0.sv,3765_testbench.py,3765_prompt.txt,pass,fail,verification_failed,0.07,21.78,2026-01-21T19:35:33.170538
619,aapp_competition_test,3766,3766_gen_0.sv,3766_testbench.py,3766_prompt.txt,fail,N/A,compilation_failed,0.07,0.00,2026-01-21T19:35:55.131289
620,aapp_competition_test,3767,3767_gen_0.sv,3767_testbench.py,3767_prompt.txt,pass,fail,verification_failed,0.10,19.49,2026-01-21T19:35:55.327176
621,aapp_competition_test,3772,3772_gen_0.sv,3772_testbench.py,3772_prompt.txt,pass,fail,verification_failed,0.07,18.98,2026-01-21T19:36:15.023040
622,aapp_competition_test,3774,3774_gen_0.sv,3774_testbench.py,3774_prompt.txt,pass,fail,verification_failed,0.07,19.24,2026-01-21T19:36:34.182568
623,aapp_competition_test,3776,3776_gen_0.sv,3776_testbench.py,3776_prompt.txt,pass,fail,verification_failed,0.08,19.38,2026-01-21T19:36:53.627444
624,aapp_competition_test,3778,3778_gen_0.sv,3778_testbench.py,3778_prompt.txt,pass,fail,verification_failed,0.06,18.78,2026-01-21T19:37:13.200842
625,aapp_competition_test,3779,3779_gen_0.sv,3779_testbench.py,3779_prompt.txt,pass,fail,verification_failed,0.06,18.90,2026-01-21T19:37:32.163374
626,aapp_competition_test,3780,3780_gen_0.sv,3780_testbench.py,3780_prompt.txt,pass,fail,verification_failed,0.07,19.27,2026-01-21T19:37:51.242029
627,aapp_competition_test,3783,3783_gen_0.sv,3783_testbench.py,3783_prompt.txt,pass,fail,verification_failed,0.06,19.44,2026-01-21T19:38:10.710910
628,aapp_competition_test,3784,3784_gen_0.sv,3784_testbench.py,3784_prompt.txt,pass,fail,verification_failed,0.07,18.85,2026-01-21T19:38:30.336196
629,aapp_competition_test,3785,3785_gen_0.sv,3785_testbench.py,3785_prompt.txt,pass,fail,verification_failed,0.06,19.41,2026-01-21T19:38:49.375373
630,aapp_competition_test,3786,3786_gen_0.sv,3786_testbench.py,3786_prompt.txt,pass,fail,verification_failed,0.09,18.92,2026-01-21T19:39:08.982885
631,aapp_competition_test,3790,3790_gen_0.sv,3790_testbench.py,3790_prompt.txt,pass,fail,verification_failed,0.06,18.78,2026-01-21T19:39:28.132462
632,aapp_competition_test,3791,3791_gen_0.sv,3791_testbench.py,3791_prompt.txt,pass,fail,verification_failed,0.06,19.62,2026-01-21T19:39:47.073168
633,aapp_competition_test,3792,3792_gen_0.sv,3792_testbench.py,3792_prompt.txt,pass,fail,verification_failed,0.06,19.17,2026-01-21T19:40:06.839010
634,aapp_competition_test,3793,3793_gen_0.sv,3793_testbench.py,3793_prompt.txt,pass,fail,verification_failed,0.07,19.28,2026-01-21T19:40:26.174569
635,aapp_competition_test,3794,3794_gen_0.sv,3794_testbench.py,3794_prompt.txt,pass,fail,verification_failed,0.07,19.73,2026-01-21T19:40:45.648310
636,aapp_competition_test,3795,3795_gen_0.sv,3795_testbench.py,3795_prompt.txt,pass,fail,verification_failed,0.06,18.85,2026-01-21T19:41:05.588692
637,aapp_competition_test,3796,3796_gen_0.sv,3796_testbench.py,3796_prompt.txt,pass,fail,verification_failed,0.06,19.05,2026-01-21T19:41:24.615855
638,aapp_competition_test,3800,3800_gen_0.sv,3800_testbench.py,3800_prompt.txt,pass,fail,verification_failed,0.05,19.47,2026-01-21T19:41:43.833442
639,aapp_competition_test,3802,3802_gen_0.sv,3802_testbench.py,3802_prompt.txt,pass,fail,verification_failed,0.07,18.70,2026-01-21T19:42:03.472968
640,aapp_competition_test,3804,3804_gen_0.sv,3804_testbench.py,3804_prompt.txt,pass,fail,verification_failed,0.20,19.07,2026-01-21T19:42:22.351384
641,aapp_competition_test,3805,3805_gen_0.sv,3805_testbench.py,3805_prompt.txt,pass,fail,verification_failed,0.06,19.22,2026-01-21T19:42:41.745143
642,aapp_competition_test,3807,3807_gen_0.sv,3807_testbench.py,3807_prompt.txt,pass,fail,verification_failed,0.05,18.99,2026-01-21T19:43:01.142300
643,aapp_competition_test,3808,3808_gen_0.sv,3808_testbench.py,3808_prompt.txt,pass,fail,verification_failed,0.06,18.93,2026-01-21T19:43:20.324592
644,aapp_competition_test,3809,3809_gen_0.sv,3809_testbench.py,3809_prompt.txt,fail,N/A,compilation_failed,0.05,0.00,2026-01-21T19:43:39.418514
645,aapp_competition_test,3810,3810_gen_0.sv,3810_testbench.py,3810_prompt.txt,pass,fail,verification_failed,0.07,19.52,2026-01-21T19:43:39.594313
646,aapp_competition_test,3811,3811_gen_0.sv,3811_testbench.py,3811_prompt.txt,pass,fail,verification_failed,0.08,19.79,2026-01-21T19:43:59.351811
647,aapp_competition_test,3812,3812_gen_0.sv,3812_testbench.py,3812_prompt.txt,pass,fail,verification_failed,0.06,18.83,2026-01-21T19:44:19.344188
648,aapp_competition_test,3814,3814_gen_0.sv,3814_testbench.py,3814_prompt.txt,pass,fail,verification_failed,0.07,18.93,2026-01-21T19:44:38.358151
649,aapp_competition_test,3815,3815_gen_0.sv,3815_testbench.py,3815_prompt.txt,pass,fail,verification_failed,0.07,19.53,2026-01-21T19:44:57.537346
650,aapp_competition_test,3816,3816_gen_0.sv,3816_testbench.py,3816_prompt.txt,pass,fail,verification_failed,0.07,19.12,2026-01-21T19:45:17.261970
651,aapp_competition_test,3817,3817_gen_0.sv,3817_testbench.py,3817_prompt.txt,pass,fail,verification_failed,0.06,18.71,2026-01-21T19:45:36.588280
652,aapp_competition_test,3819,3819_gen_0.sv,3819_testbench.py,3819_prompt.txt,pass,fail,verification_failed,0.07,19.47,2026-01-21T19:45:55.481022
653,aapp_competition_test,3820,3820_gen_0.sv,3820_testbench.py,3820_prompt.txt,pass,fail,verification_failed,0.05,18.81,2026-01-21T19:46:15.123147
654,aapp_competition_test,3821,3821_gen_0.sv,3821_testbench.py,3821_prompt.txt,pass,fail,verification_failed,0.07,19.13,2026-01-21T19:46:34.098991
655,aapp_competition_test,3822,3822_gen_0.sv,3822_testbench.py,3822_prompt.txt,fail,N/A,compilation_failed,0.06,0.00,2026-01-21T19:46:53.425610
656,aapp_competition_test,3823,3823_gen_0.sv,3823_testbench.py,3823_prompt.txt,pass,fail,verification_failed,0.06,19.74,2026-01-21T19:46:53.601057
657,aapp_competition_test,3824,3824_gen_0.sv,3824_testbench.py,3824_prompt.txt,pass,fail,verification_failed,0.06,18.85,2026-01-21T19:47:13.532785
658,aapp_competition_test,3825,3825_gen_0.sv,3825_testbench.py,3825_prompt.txt,pass,fail,verification_failed,0.06,18.79,2026-01-21T19:47:32.548110
659,aapp_competition_test,3827,3827_gen_0.sv,3827_testbench.py,3827_prompt.txt,pass,fail,verification_failed,0.06,19.30,2026-01-21T19:47:51.518909
660,aapp_competition_test,3828,3828_gen_0.sv,3828_testbench.py,3828_prompt.txt,pass,fail,verification_failed,0.07,18.90,2026-01-21T19:48:11.013146
661,aapp_competition_test,3829,3829_gen_0.sv,3829_testbench.py,3829_prompt.txt,pass,fail,verification_failed,0.08,18.85,2026-01-21T19:48:30.086157
662,aapp_competition_test,3830,3830_gen_0.sv,3830_testbench.py,3830_prompt.txt,pass,fail,verification_failed,0.06,19.63,2026-01-21T19:48:49.122203
663,aapp_competition_test,3831,3831_gen_0.sv,3831_testbench.py,3831_prompt.txt,pass,fail,verification_failed,0.07,18.97,2026-01-21T19:49:08.958241
664,aapp_competition_test,3832,3832_gen_0.sv,3832_testbench.py,3832_prompt.txt,pass,fail,verification_failed,0.06,20.94,2026-01-21T19:49:28.133424
665,aapp_competition_test,3834,3834_gen_0.sv,3834_testbench.py,3834_prompt.txt,fail,N/A,compilation_failed,0.06,0.00,2026-01-21T19:49:49.242329
666,aapp_competition_test,3835,3835_gen_0.sv,3835_testbench.py,3835_prompt.txt,pass,fail,verification_failed,0.07,19.13,2026-01-21T19:49:49.420733
667,aapp_competition_test,3837,3837_gen_0.sv,3837_testbench.py,3837_prompt.txt,pass,fail,verification_failed,0.06,19.30,2026-01-21T19:50:08.732992
668,aapp_competition_test,3838,3838_gen_0.sv,3838_testbench.py,3838_prompt.txt,pass,fail,verification_failed,0.06,19.30,2026-01-21T19:50:28.197420
669,aapp_competition_test,3839,3839_gen_0.sv,3839_testbench.py,3839_prompt.txt,pass,fail,verification_failed,0.06,20.22,2026-01-21T19:50:47.693635
670,aapp_competition_test,3840,3840_gen_0.sv,3840_testbench.py,3840_prompt.txt,pass,fail,verification_failed,0.06,19.42,2026-01-21T19:51:08.100216
671,aapp_competition_test,3841,3841_gen_0.sv,3841_testbench.py,3841_prompt.txt,pass,fail,verification_failed,0.07,19.60,2026-01-21T19:51:27.711564
672,aapp_competition_test,3842,3842_gen_0.sv,3842_testbench.py,3842_prompt.txt,pass,fail,verification_failed,0.08,19.87,2026-01-21T19:51:47.498154
673,aapp_competition_test,3843,3843_gen_0.sv,3843_testbench.py,3843_prompt.txt,fail,N/A,compilation_failed,0.08,0.00,2026-01-21T19:52:07.571830
674,aapp_competition_test,3844,3844_gen_0.sv,3844_testbench.py,3844_prompt.txt,pass,fail,verification_failed,0.07,19.46,2026-01-21T19:52:07.801034
675,aapp_competition_test,3845,3845_gen_0.sv,3845_testbench.py,3845_prompt.txt,pass,fail,verification_failed,0.07,19.82,2026-01-21T19:52:27.451027
676,aapp_competition_test,3846,3846_gen_0.sv,3846_testbench.py,3846_prompt.txt,pass,fail,verification_failed,0.06,19.84,2026-01-21T19:52:47.485492
677,aapp_competition_test,3847,3847_gen_0.sv,3847_testbench.py,3847_prompt.txt,pass,fail,verification_failed,0.07,19.96,2026-01-21T19:53:07.543383
678,aapp_competition_test,3848,3848_gen_0.sv,3848_testbench.py,3848_prompt.txt,pass,fail,verification_failed,0.06,20.11,2026-01-21T19:53:27.713989
679,aapp_competition_test,3849,3849_gen_0.sv,3849_testbench.py,3849_prompt.txt,pass,fail,verification_failed,0.06,21.69,2026-01-21T19:53:48.027802
680,aapp_competition_test,3850,3850_gen_0.sv,3850_testbench.py,3850_prompt.txt,pass,fail,verification_failed,0.08,20.17,2026-01-21T19:54:09.927601
681,aapp_competition_test,3851,3851_gen_0.sv,3851_testbench.py,3851_prompt.txt,pass,fail,verification_failed,0.05,19.24,2026-01-21T19:54:30.321695
682,aapp_competition_test,3852,3852_gen_0.sv,3852_testbench.py,3852_prompt.txt,pass,fail,verification_failed,0.07,20.09,2026-01-21T19:54:49.739904
683,aapp_competition_test,3854,3854_gen_0.sv,3854_testbench.py,3854_prompt.txt,pass,fail,verification_failed,0.06,18.92,2026-01-21T19:55:10.019621
684,aapp_competition_test,3855,3855_gen_0.sv,3855_testbench.py,3855_prompt.txt,pass,fail,verification_failed,0.07,18.87,2026-01-21T19:55:29.128411
685,aapp_competition_test,3856,3856_gen_0.sv,3856_testbench.py,3856_prompt.txt,pass,fail,verification_failed,0.08,19.46,2026-01-21T19:55:48.212797
686,aapp_competition_test,3857,3857_gen_0.sv,3857_testbench.py,3857_prompt.txt,pass,fail,verification_failed,0.07,18.70,2026-01-21T19:56:07.885205
687,aapp_competition_test,3858,3858_gen_0.sv,3858_testbench.py,3858_prompt.txt,pass,fail,verification_failed,0.06,18.97,2026-01-21T19:56:26.779062
688,aapp_competition_test,3861,3861_gen_0.sv,3861_testbench.py,3861_prompt.txt,pass,fail,verification_failed,0.06,19.29,2026-01-21T19:56:45.954795
689,aapp_competition_test,3863,3863_gen_0.sv,3863_testbench.py,3863_prompt.txt,pass,fail,verification_failed,0.07,18.80,2026-01-21T19:57:05.427963
690,aapp_competition_test,3866,3866_gen_0.sv,3866_testbench.py,3866_prompt.txt,pass,fail,verification_failed,0.07,19.32,2026-01-21T19:57:24.434608
691,aapp_competition_test,3867,3867_gen_0.sv,3867_testbench.py,3867_prompt.txt,pass,fail,verification_failed,0.05,19.35,2026-01-21T19:57:43.964481
692,aapp_competition_test,3868,3868_gen_0.sv,3868_testbench.py,3868_prompt.txt,pass,fail,verification_failed,0.08,18.72,2026-01-21T19:58:03.500209
693,aapp_competition_test,3870,3870_gen_0.sv,3870_testbench.py,3870_prompt.txt,pass,fail,verification_failed,0.06,18.84,2026-01-21T19:58:22.399986
694,aapp_competition_test,3871,3871_gen_0.sv,3871_testbench.py,3871_prompt.txt,pass,fail,verification_failed,0.08,19.36,2026-01-21T19:58:41.416700
695,aapp_competition_test,3873,3873_gen_0.sv,3873_testbench.py,3873_prompt.txt,pass,fail,verification_failed,0.06,19.01,2026-01-21T19:59:00.965851
696,aapp_competition_test,3875,3875_gen_0.sv,3875_testbench.py,3875_prompt.txt,pass,fail,verification_failed,0.07,18.98,2026-01-21T19:59:20.175894
697,aapp_competition_test,3877,3877_gen_0.sv,3877_testbench.py,3877_prompt.txt,fail,N/A,compilation_failed,0.08,0.00,2026-01-21T19:59:39.337836
698,aapp_competition_test,3878,3878_gen_0.sv,3878_testbench.py,3878_prompt.txt,fail,N/A,compilation_failed,0.06,0.00,2026-01-21T19:59:39.524110
699,aapp_competition_test,3879,3879_gen_0.sv,3879_testbench.py,3879_prompt.txt,pass,fail,verification_failed,0.05,19.18,2026-01-21T19:59:39.720003
700,aapp_competition_test,3880,3880_gen_0.sv,3880_testbench.py,3880_prompt.txt,pass,fail,verification_failed,0.06,21.46,2026-01-21T19:59:59.090517
701,aapp_competition_test,3883,3883_gen_0.sv,3883_testbench.py,3883_prompt.txt,pass,fail,verification_failed,0.05,19.59,2026-01-21T20:00:20.701782
702,aapp_competition_test,3884,3884_gen_0.sv,3884_testbench.py,3884_prompt.txt,pass,fail,verification_failed,0.06,19.26,2026-01-21T20:00:40.477616
703,aapp_competition_test,3885,3885_gen_0.sv,3885_testbench.py,3885_prompt.txt,pass,fail,verification_failed,0.06,19.11,2026-01-21T20:00:59.934344
704,aapp_competition_test,3886,3886_gen_0.sv,3886_testbench.py,3886_prompt.txt,pass,fail,verification_failed,0.07,18.99,2026-01-21T20:01:19.202149
705,aapp_competition_test,3887,3887_gen_0.sv,3887_testbench.py,3887_prompt.txt,pass,fail,verification_failed,0.07,18.89,2026-01-21T20:01:38.382523
706,aapp_competition_test,3889,3889_gen_0.sv,3889_testbench.py,3889_prompt.txt,fail,N/A,compilation_failed,0.08,0.00,2026-01-21T20:01:57.517115
707,aapp_competition_test,3890,3890_gen_0.sv,3890_testbench.py,3890_prompt.txt,pass,fail,verification_failed,0.08,19.41,2026-01-21T20:01:57.749515
708,aapp_competition_test,3891,3891_gen_0.sv,3891_testbench.py,3891_prompt.txt,pass,fail,verification_failed,0.07,18.84,2026-01-21T20:02:17.365525
709,aapp_competition_test,3892,3892_gen_0.sv,3892_testbench.py,3892_prompt.txt,fail,N/A,compilation_failed,0.05,0.00,2026-01-21T20:02:36.379598
710,aapp_competition_test,3893,3893_gen_0.sv,3893_testbench.py,3893_prompt.txt,pass,fail,verification_failed,0.06,18.69,2026-01-21T20:02:36.558061
711,aapp_competition_test,3894,3894_gen_0.sv,3894_testbench.py,3894_prompt.txt,pass,fail,verification_failed,0.07,19.31,2026-01-21T20:02:55.428764
712,aapp_competition_test,3896,3896_gen_0.sv,3896_testbench.py,3896_prompt.txt,fail,N/A,compilation_failed,0.05,0.00,2026-01-21T20:03:14.940697
713,aapp_competition_test,3897,3897_gen_0.sv,3897_testbench.py,3897_prompt.txt,pass,fail,verification_failed,0.07,18.69,2026-01-21T20:03:15.123781
714,aapp_competition_test,3898,3898_gen_0.sv,3898_testbench.py,3898_prompt.txt,pass,fail,verification_failed,0.06,18.75,2026-01-21T20:03:34.012495
715,aapp_competition_test,3899,3899_gen_0.sv,3899_testbench.py,3899_prompt.txt,pass,fail,verification_failed,0.08,20.08,2026-01-21T20:03:52.952181
716,aapp_competition_test,3900,3900_gen_0.sv,3900_testbench.py,3900_prompt.txt,pass,fail,verification_failed,0.06,18.86,2026-01-21T20:04:13.253660
717,aapp_competition_test,3901,3901_gen_0.sv,3901_testbench.py,3901_prompt.txt,pass,fail,verification_failed,0.08,18.88,2026-01-21T20:04:32.310088
718,aapp_competition_test,3902,3902_gen_0.sv,3902_testbench.py,3902_prompt.txt,fail,N/A,compilation_failed,0.07,0.00,2026-01-21T20:04:51.389115
719,aapp_competition_test,3903,3903_gen_0.sv,3903_testbench.py,3903_prompt.txt,fail,N/A,compilation_failed,0.06,0.00,2026-01-21T20:04:51.586008
720,aapp_competition_test,3904,3904_gen_0.sv,3904_testbench.py,3904_prompt.txt,pass,fail,verification_failed,0.08,19.49,2026-01-21T20:04:51.742412
721,aapp_competition_test,3905,3905_gen_0.sv,3905_testbench.py,3905_prompt.txt,fail,N/A,compilation_failed,0.08,0.00,2026-01-21T20:05:11.431018
722,aapp_competition_test,3906,3906_gen_0.sv,3906_testbench.py,3906_prompt.txt,pass,fail,verification_failed,0.06,18.65,2026-01-21T20:05:11.659493
723,aapp_competition_test,3907,3907_gen_0.sv,3907_testbench.py,3907_prompt.txt,fail,N/A,compilation_failed,0.07,0.00,2026-01-21T20:05:30.508195
724,aapp_competition_test,3908,3908_gen_0.sv,3908_testbench.py,3908_prompt.txt,pass,fail,verification_failed,0.10,19.07,2026-01-21T20:05:30.686165
725,aapp_competition_test,3909,3909_gen_0.sv,3909_testbench.py,3909_prompt.txt,pass,fail,verification_failed,0.07,19.62,2026-01-21T20:05:50.016392
726,aapp_competition_test,3910,3910_gen_0.sv,3910_testbench.py,3910_prompt.txt,pass,fail,verification_failed,0.06,18.95,2026-01-21T20:06:09.838283
727,aapp_competition_test,3911,3911_gen_0.sv,3911_testbench.py,3911_prompt.txt,pass,fail,verification_failed,0.05,19.00,2026-01-21T20:06:28.975999
728,aapp_competition_test,3912,3912_gen_0.sv,3912_testbench.py,3912_prompt.txt,pass,fail,verification_failed,0.07,19.81,2026-01-21T20:06:48.156859
729,aapp_competition_test,3913,3913_gen_0.sv,3913_testbench.py,3913_prompt.txt,pass,fail,verification_failed,0.06,19.46,2026-01-21T20:07:08.175474
730,aapp_competition_test,3914,3914_gen_0.sv,3914_testbench.py,3914_prompt.txt,pass,fail,verification_failed,0.08,20.17,2026-01-21T20:07:27.882977
731,aapp_competition_test,3916,3916_gen_0.sv,3916_testbench.py,3916_prompt.txt,fail,N/A,compilation_failed,0.07,0.00,2026-01-21T20:07:48.295363
732,aapp_competition_test,3917,3917_gen_0.sv,3917_testbench.py,3917_prompt.txt,fail,N/A,compilation_failed,0.05,0.00,2026-01-21T20:07:48.515699
733,aapp_competition_test,3918,3918_gen_0.sv,3918_testbench.py,3918_prompt.txt,pass,fail,verification_failed,0.07,19.91,2026-01-21T20:07:48.684235
734,aapp_competition_test,3920,3920_gen_0.sv,3920_testbench.py,3920_prompt.txt,pass,fail,verification_failed,0.07,19.30,2026-01-21T20:08:08.808364
735,aapp_competition_test,3921,3921_gen_0.sv,3921_testbench.py,3921_prompt.txt,pass,fail,verification_failed,0.07,19.60,2026-01-21T20:08:28.291411
736,aapp_competition_test,3922,3922_gen_0.sv,3922_testbench.py,3922_prompt.txt,fail,N/A,compilation_failed,0.07,0.00,2026-01-21T20:08:48.079858
737,aapp_competition_test,3923,3923_gen_0.sv,3923_testbench.py,3923_prompt.txt,pass,fail,verification_failed,0.06,20.39,2026-01-21T20:08:48.300380
738,aapp_competition_test,3924,3924_gen_0.sv,3924_testbench.py,3924_prompt.txt,pass,fail,verification_failed,0.05,19.58,2026-01-21T20:09:08.889295
739,aapp_competition_test,3925,3925_gen_0.sv,3925_testbench.py,3925_prompt.txt,pass,fail,verification_failed,0.07,19.69,2026-01-21T20:09:28.651172
740,aapp_competition_test,3927,3927_gen_0.sv,3927_testbench.py,3927_prompt.txt,fail,N/A,compilation_failed,0.10,0.00,2026-01-21T20:09:48.560087
741,aapp_competition_test,3928,3928_gen_0.sv,3928_testbench.py,3928_prompt.txt,pass,fail,verification_failed,0.06,20.26,2026-01-21T20:09:48.783114
742,aapp_competition_test,3930,3930_gen_0.sv,3930_testbench.py,3930_prompt.txt,pass,fail,verification_failed,0.06,19.47,2026-01-21T20:10:09.249099
743,aapp_competition_test,3931,3931_gen_0.sv,3931_testbench.py,3931_prompt.txt,pass,fail,verification_failed,0.06,19.35,2026-01-21T20:10:28.925101
744,aapp_competition_test,3932,3932_gen_0.sv,3932_testbench.py,3932_prompt.txt,pass,fail,verification_failed,0.06,21.65,2026-01-21T20:10:48.491867
745,aapp_competition_test,3933,3933_gen_0.sv,3933_testbench.py,3933_prompt.txt,pass,fail,verification_failed,0.06,20.92,2026-01-21T20:11:10.350631
746,aapp_competition_test,3934,3934_gen_0.sv,3934_testbench.py,3934_prompt.txt,pass,fail,verification_failed,0.07,20.96,2026-01-21T20:11:31.473368
747,aapp_competition_test,3935,3935_gen_0.sv,3935_testbench.py,3935_prompt.txt,pass,fail,verification_failed,0.07,21.21,2026-01-21T20:11:52.646331
748,aapp_competition_test,3936,3936_gen_0.sv,3936_testbench.py,3936_prompt.txt,pass,fail,verification_failed,0.06,20.54,2026-01-21T20:12:14.056415
749,aapp_competition_test,3937,3937_gen_0.sv,3937_testbench.py,3937_prompt.txt,fail,N/A,compilation_failed,0.06,0.00,2026-01-21T20:12:34.801931
750,aapp_competition_test,3938,3938_gen_0.sv,3938_testbench.py,3938_prompt.txt,fail,N/A,compilation_failed,0.06,0.00,2026-01-21T20:12:35.003622
751,aapp_competition_test,3940,3940_gen_0.sv,3940_testbench.py,3940_prompt.txt,pass,fail,verification_failed,0.07,19.99,2026-01-21T20:12:35.201821
752,aapp_competition_test,3942,3942_gen_0.sv,3942_testbench.py,3942_prompt.txt,pass,fail,verification_failed,0.06,20.56,2026-01-21T20:12:55.389364
753,aapp_competition_test,3943,3943_gen_0.sv,3943_testbench.py,3943_prompt.txt,fail,N/A,compilation_failed,0.07,0.00,2026-01-21T20:13:16.184985
754,aapp_competition_test,3944,3944_gen_0.sv,3944_testbench.py,3944_prompt.txt,pass,fail,verification_failed,0.06,20.25,2026-01-21T20:13:16.392006
755,aapp_competition_test,3945,3945_gen_0.sv,3945_testbench.py,3945_prompt.txt,fail,N/A,compilation_failed,0.07,0.00,2026-01-21T20:13:36.876663
756,aapp_competition_test,3946,3946_gen_0.sv,3946_testbench.py,3946_prompt.txt,pass,fail,verification_failed,0.08,19.74,2026-01-21T20:13:37.089173
757,aapp_competition_test,3948,3948_gen_0.sv,3948_testbench.py,3948_prompt.txt,pass,timeout,verification_failed,0.07,308.20,2026-01-21T20:13:57.028167
758,aapp_competition_test,3949,3949_gen_0.sv,3949_testbench.py,3949_prompt.txt,pass,fail,verification_failed,0.10,18.40,2026-01-21T20:19:05.435344
759,aapp_competition_test,3950,3950_gen_0.sv,3950_testbench.py,3950_prompt.txt,pass,fail,verification_failed,0.09,18.52,2026-01-21T20:19:24.053449
760,aapp_competition_test,3951,3951_gen_0.sv,3951_testbench.py,3951_prompt.txt,fail,N/A,compilation_failed,0.05,0.00,2026-01-21T20:19:42.784745
761,aapp_competition_test,3953,3953_gen_0.sv,3953_testbench.py,3953_prompt.txt,pass,fail,verification_failed,0.06,20.44,2026-01-21T20:19:42.949714
762,aapp_competition_test,3954,3954_gen_0.sv,3954_testbench.py,3954_prompt.txt,pass,fail,verification_failed,0.06,18.30,2026-01-21T20:20:03.556204
763,aapp_competition_test,3957,3957_gen_0.sv,3957_testbench.py,3957_prompt.txt,pass,fail,verification_failed,0.07,18.27,2026-01-21T20:20:22.020842
764,aapp_competition_test,3958,3958_gen_0.sv,3958_testbench.py,3958_prompt.txt,pass,fail,verification_failed,0.06,18.97,2026-01-21T20:20:40.484902
765,aapp_competition_test,3959,3959_gen_0.sv,3959_testbench.py,3959_prompt.txt,pass,fail,verification_failed,0.08,19.06,2026-01-21T20:20:59.677948
766,aapp_competition_test,3960,3960_gen_0.sv,3960_testbench.py,3960_prompt.txt,pass,fail,verification_failed,0.07,19.05,2026-01-21T20:21:18.954736
767,aapp_competition_test,3961,3961_gen_0.sv,3961_testbench.py,3961_prompt.txt,pass,fail,verification_failed,0.06,19.25,2026-01-21T20:21:38.179515
768,aapp_competition_test,3962,3962_gen_0.sv,3962_testbench.py,3962_prompt.txt,pass,fail,verification_failed,0.08,19.38,2026-01-21T20:21:57.674696
769,aapp_competition_test,3963,3963_gen_0.sv,3963_testbench.py,3963_prompt.txt,fail,N/A,compilation_failed,0.06,0.00,2026-01-21T20:22:17.269184
770,aapp_competition_test,3964,3964_gen_0.sv,3964_testbench.py,3964_prompt.txt,pass,fail,verification_failed,0.07,18.59,2026-01-21T20:22:17.446180
771,aapp_competition_test,3966,3966_gen_0.sv,3966_testbench.py,3966_prompt.txt,pass,fail,verification_failed,0.06,18.80,2026-01-21T20:22:36.239891
772,aapp_competition_test,3967,3967_gen_0.sv,3967_testbench.py,3967_prompt.txt,pass,fail,verification_failed,0.08,19.48,2026-01-21T20:22:55.229104
773,aapp_competition_test,3969,3969_gen_0.sv,3969_testbench.py,3969_prompt.txt,pass,fail,verification_failed,0.07,19.55,2026-01-21T20:23:14.909609
774,aapp_competition_test,3970,3970_gen_0.sv,3970_testbench.py,3970_prompt.txt,pass,fail,verification_failed,0.07,18.91,2026-01-21T20:23:34.652732
775,aapp_competition_test,3971,3971_gen_0.sv,3971_testbench.py,3971_prompt.txt,pass,fail,verification_failed,0.06,20.82,2026-01-21T20:23:53.740711
776,aapp_competition_test,3972,3972_gen_0.sv,3972_testbench.py,3972_prompt.txt,pass,fail,verification_failed,0.07,18.68,2026-01-21T20:24:14.749467
777,aapp_competition_test,3976,3976_gen_0.sv,3976_testbench.py,3976_prompt.txt,pass,timeout,verification_failed,0.08,306.02,2026-01-21T20:24:33.641574
778,aapp_competition_test,3977,3977_gen_0.sv,3977_testbench.py,3977_prompt.txt,pass,fail,verification_failed,0.08,18.56,2026-01-21T20:29:39.885704
779,aapp_competition_test,3978,3978_gen_0.sv,3978_testbench.py,3978_prompt.txt,pass,fail,verification_failed,0.06,18.57,2026-01-21T20:29:58.643266
780,aapp_competition_test,3979,3979_gen_0.sv,3979_testbench.py,3979_prompt.txt,fail,N/A,compilation_failed,0.06,0.00,2026-01-21T20:30:17.389373
781,aapp_competition_test,3981,3981_gen_0.sv,3981_testbench.py,3981_prompt.txt,pass,fail,verification_failed,0.07,18.34,2026-01-21T20:30:17.580692
782,aapp_competition_test,3982,3982_gen_0.sv,3982_testbench.py,3982_prompt.txt,fail,N/A,compilation_failed,0.08,0.00,2026-01-21T20:30:36.118431
783,aapp_competition_test,3984,3984_gen_0.sv,3984_testbench.py,3984_prompt.txt,pass,fail,verification_failed,0.06,18.57,2026-01-21T20:30:36.316740
784,aapp_competition_test,3985,3985_gen_0.sv,3985_testbench.py,3985_prompt.txt,pass,fail,verification_failed,0.08,18.59,2026-01-21T20:30:55.061032
785,aapp_competition_test,3986,3986_gen_0.sv,3986_testbench.py,3986_prompt.txt,pass,fail,verification_failed,0.07,18.52,2026-01-21T20:31:13.856607
786,aapp_competition_test,3987,3987_gen_0.sv,3987_testbench.py,3987_prompt.txt,pass,fail,verification_failed,0.07,18.55,2026-01-21T20:31:32.577682
787,aapp_competition_test,3989,3989_gen_0.sv,3989_testbench.py,3989_prompt.txt,pass,fail,verification_failed,0.06,19.42,2026-01-21T20:31:51.354273
788,aapp_competition_test,3991,3991_gen_0.sv,3991_testbench.py,3991_prompt.txt,pass,fail,verification_failed,0.07,18.80,2026-01-21T20:32:10.971784
789,aapp_competition_test,3992,3992_gen_0.sv,3992_testbench.py,3992_prompt.txt,pass,fail,verification_failed,0.06,19.08,2026-01-21T20:32:29.969798
790,aapp_competition_test,3994,3994_gen_0.sv,3994_testbench.py,3994_prompt.txt,pass,fail,verification_failed,0.06,19.49,2026-01-21T20:32:49.269974
791,aapp_competition_test,3995,3995_gen_0.sv,3995_testbench.py,3995_prompt.txt,pass,fail,verification_failed,0.06,18.95,2026-01-21T20:33:08.946194
792,aapp_competition_test,3996,3996_gen_0.sv,3996_testbench.py,3996_prompt.txt,pass,fail,verification_failed,0.06,18.85,2026-01-21T20:33:28.096302
793,aapp_competition_test,3997,3997_gen_0.sv,3997_testbench.py,3997_prompt.txt,pass,timeout,verification_failed,0.07,306.05,2026-01-21T20:33:47.171976
794,aapp_competition_test,3998,3998_gen_0.sv,3998_testbench.py,3998_prompt.txt,pass,timeout,verification_failed,0.06,306.29,2026-01-21T20:38:53.434200
795,aapp_competition_test,3999,3999_gen_0.sv,3999_testbench.py,3999_prompt.txt,pass,fail,verification_failed,0.07,18.64,2026-01-21T20:43:59.911437
796,human_eval_test,0,0_gen_0.sv,0_testbench.py,0_prompt.txt,pass,fail,verification_failed,0.06,19.05,2026-01-21T20:44:18.765088
797,human_eval_test,1,1_gen_0.sv,1_testbench.py,1_prompt.txt,pass,fail,verification_failed,0.07,18.86,2026-01-21T20:44:37.994133
798,human_eval_test,10,10_gen_0.sv,10_testbench.py,10_prompt.txt,pass,fail,verification_failed,0.07,19.70,2026-01-21T20:44:57.090667
799,human_eval_test,100,100_gen_0.sv,100_testbench.py,100_prompt.txt,pass,fail,verification_failed,0.07,19.13,2026-01-21T20:45:17.022196
800,human_eval_test,102,102_gen_0.sv,102_testbench.py,102_prompt.txt,pass,fail,verification_failed,0.07,18.93,2026-01-21T20:45:36.362042
801,human_eval_test,103,103_gen_0.sv,103_testbench.py,103_prompt.txt,pass,fail,verification_failed,0.07,19.41,2026-01-21T20:45:55.508021
802,human_eval_test,104,104_gen_0.sv,104_testbench.py,104_prompt.txt,pass,fail,verification_failed,0.09,18.88,2026-01-21T20:46:15.134711
803,human_eval_test,105,105_gen_0.sv,105_testbench.py,105_prompt.txt,pass,fail,verification_failed,0.07,18.74,2026-01-21T20:46:34.261728
804,human_eval_test,106,106_gen_0.sv,106_testbench.py,106_prompt.txt,pass,fail,verification_failed,0.07,19.38,2026-01-21T20:46:53.214012
805,human_eval_test,107,107_gen_0.sv,107_testbench.py,107_prompt.txt,pass,fail,verification_failed,0.07,19.00,2026-01-21T20:47:12.769394
806,human_eval_test,108,108_gen_0.sv,108_testbench.py,108_prompt.txt,fail,N/A,compilation_failed,0.05,0.00,2026-01-21T20:47:32.002885
807,human_eval_test,109,109_gen_0.sv,109_testbench.py,109_prompt.txt,pass,fail,verification_failed,0.05,18.93,2026-01-21T20:47:32.187324
808,human_eval_test,11,11_gen_0.sv,11_testbench.py,11_prompt.txt,pass,fail,verification_failed,0.07,19.18,2026-01-21T20:47:51.293549
809,human_eval_test,110,110_gen_0.sv,110_testbench.py,110_prompt.txt,pass,fail,verification_failed,0.07,18.79,2026-01-21T20:48:10.684293
810,human_eval_test,111,111_gen_0.sv,111_testbench.py,111_prompt.txt,pass,fail,verification_failed,0.07,18.80,2026-01-21T20:48:29.683143
811,human_eval_test,112,112_gen_0.sv,112_testbench.py,112_prompt.txt,pass,fail,verification_failed,0.06,19.60,2026-01-21T20:48:48.686447
812,human_eval_test,113,113_gen_0.sv,113_testbench.py,113_prompt.txt,pass,fail,verification_failed,0.07,18.81,2026-01-21T20:49:08.483713
813,human_eval_test,114,114_gen_0.sv,114_testbench.py,114_prompt.txt,pass,fail,verification_failed,0.06,19.23,2026-01-21T20:49:27.522650
814,human_eval_test,116,116_gen_0.sv,116_testbench.py,116_prompt.txt,pass,fail,verification_failed,0.06,21.33,2026-01-21T20:49:46.964196
815,human_eval_test,117,117_gen_0.sv,117_testbench.py,117_prompt.txt,pass,fail,verification_failed,0.07,18.90,2026-01-21T20:50:08.456948
816,human_eval_test,118,118_gen_0.sv,118_testbench.py,118_prompt.txt,pass,fail,verification_failed,0.06,19.05,2026-01-21T20:50:27.577462
817,human_eval_test,12,12_gen_0.sv,12_testbench.py,12_prompt.txt,pass,fail,verification_failed,0.07,19.63,2026-01-21T20:50:46.830194
818,human_eval_test,120,120_gen_0.sv,120_testbench.py,120_prompt.txt,pass,fail,verification_failed,0.06,18.95,2026-01-21T20:51:06.653937
819,human_eval_test,121,121_gen_0.sv,121_testbench.py,121_prompt.txt,pass,fail,verification_failed,0.06,18.79,2026-01-21T20:51:25.799776
820,human_eval_test,122,122_gen_0.sv,122_testbench.py,122_prompt.txt,pass,fail,verification_failed,0.05,19.17,2026-01-21T20:51:44.834314
821,human_eval_test,123,123_gen_0.sv,123_testbench.py,123_prompt.txt,fail,N/A,compilation_failed,0.07,0.00,2026-01-21T20:52:04.200143
822,human_eval_test,124,124_gen_0.sv,124_testbench.py,124_prompt.txt,pass,fail,verification_failed,0.06,18.89,2026-01-21T20:52:04.394564
823,human_eval_test,125,125_gen_0.sv,125_testbench.py,125_prompt.txt,pass,fail,verification_failed,0.06,19.01,2026-01-21T20:52:23.488130
824,human_eval_test,126,126_gen_0.sv,126_testbench.py,126_prompt.txt,pass,fail,verification_failed,0.06,19.25,2026-01-21T20:52:42.692465
825,human_eval_test,127,127_gen_0.sv,127_testbench.py,127_prompt.txt,pass,fail,verification_failed,0.06,19.04,2026-01-21T20:53:02.140113
826,human_eval_test,128,128_gen_0.sv,128_testbench.py,128_prompt.txt,pass,fail,verification_failed,0.08,18.77,2026-01-21T20:53:21.379530
827,human_eval_test,129,129_gen_0.sv,129_testbench.py,129_prompt.txt,pass,fail,verification_failed,0.07,19.67,2026-01-21T20:53:40.352961
828,human_eval_test,13,13_gen_0.sv,13_testbench.py,13_prompt.txt,pass,fail,verification_failed,0.07,19.23,2026-01-21T20:54:00.289382
829,human_eval_test,130,130_gen_0.sv,130_testbench.py,130_prompt.txt,pass,fail,verification_failed,0.05,19.00,2026-01-21T20:54:19.719940
830,human_eval_test,131,131_gen_0.sv,131_testbench.py,131_prompt.txt,pass,fail,verification_failed,0.06,18.84,2026-01-21T20:54:38.904700
831,human_eval_test,132,132_gen_0.sv,132_testbench.py,132_prompt.txt,pass,fail,verification_failed,0.06,19.41,2026-01-21T20:54:57.986572
832,human_eval_test,133,133_gen_0.sv,133_testbench.py,133_prompt.txt,pass,fail,verification_failed,0.05,18.90,2026-01-21T20:55:17.570342
833,human_eval_test,134,134_gen_0.sv,134_testbench.py,134_prompt.txt,pass,fail,verification_failed,0.06,18.90,2026-01-21T20:55:36.680977
834,human_eval_test,135,135_gen_0.sv,135_testbench.py,135_prompt.txt,pass,fail,verification_failed,0.05,19.33,2026-01-21T20:55:55.802668
835,human_eval_test,136,136_gen_0.sv,136_testbench.py,136_prompt.txt,pass,fail,verification_failed,0.05,19.05,2026-01-21T20:56:15.310860
836,human_eval_test,137,137_gen_0.sv,137_testbench.py,137_prompt.txt,fail,N/A,compilation_failed,0.06,0.00,2026-01-21T20:56:34.575048
837,human_eval_test,138,138_gen_0.sv,138_testbench.py,138_prompt.txt,pass,fail,verification_failed,0.07,18.72,2026-01-21T20:56:34.765707
838,human_eval_test,139,139_gen_0.sv,139_testbench.py,139_prompt.txt,pass,fail,verification_failed,0.05,19.28,2026-01-21T20:56:53.645472
839,human_eval_test,14,14_gen_0.sv,14_testbench.py,14_prompt.txt,pass,fail,verification_failed,0.06,19.16,2026-01-21T20:57:13.117791
840,human_eval_test,140,140_gen_0.sv,140_testbench.py,140_prompt.txt,pass,fail,verification_failed,0.06,18.89,2026-01-21T20:57:32.472778
841,human_eval_test,141,141_gen_0.sv,141_testbench.py,141_prompt.txt,pass,fail,verification_failed,0.07,19.57,2026-01-21T20:57:51.551690
842,human_eval_test,142,142_gen_0.sv,142_testbench.py,142_prompt.txt,pass,fail,verification_failed,0.05,19.03,2026-01-21T20:58:11.317611
843,human_eval_test,144,144_gen_0.sv,144_testbench.py,144_prompt.txt,pass,fail,verification_failed,0.06,19.02,2026-01-21T20:58:30.540370
844,human_eval_test,145,145_gen_0.sv,145_testbench.py,145_prompt.txt,pass,fail,verification_failed,0.07,19.60,2026-01-21T20:58:49.756154
845,human_eval_test,146,146_gen_0.sv,146_testbench.py,146_prompt.txt,pass,fail,verification_failed,0.06,18.93,2026-01-21T20:59:09.570417
846,human_eval_test,147,147_gen_0.sv,147_testbench.py,147_prompt.txt,pass,fail,verification_failed,0.07,18.95,2026-01-21T20:59:28.721694
847,human_eval_test,148,148_gen_0.sv,148_testbench.py,148_prompt.txt,pass,fail,verification_failed,0.06,20.76,2026-01-21T20:59:47.895299
848,human_eval_test,149,149_gen_0.sv,149_testbench.py,149_prompt.txt,pass,fail,verification_failed,0.06,20.49,2026-01-21T21:00:08.855495
849,human_eval_test,15,15_gen_0.sv,15_testbench.py,15_prompt.txt,pass,fail,verification_failed,0.05,19.57,2026-01-21T21:00:29.532781
850,human_eval_test,150,150_gen_0.sv,150_testbench.py,150_prompt.txt,pass,fail,verification_failed,0.05,19.92,2026-01-21T21:00:49.263980
851,human_eval_test,151,151_gen_0.sv,151_testbench.py,151_prompt.txt,pass,fail,verification_failed,0.07,19.70,2026-01-21T21:01:09.382063
852,human_eval_test,152,152_gen_0.sv,152_testbench.py,152_prompt.txt,fail,N/A,compilation_failed,0.05,0.00,2026-01-21T21:01:29.294342
853,human_eval_test,153,153_gen_0.sv,153_testbench.py,153_prompt.txt,fail,N/A,compilation_failed,0.07,0.00,2026-01-21T21:01:29.451930
854,human_eval_test,154,154_gen_0.sv,154_testbench.py,154_prompt.txt,pass,fail,verification_failed,0.07,19.57,2026-01-21T21:01:29.643202
855,human_eval_test,155,155_gen_0.sv,155_testbench.py,155_prompt.txt,pass,fail,verification_failed,0.05,20.11,2026-01-21T21:01:49.419369
856,human_eval_test,156,156_gen_0.sv,156_testbench.py,156_prompt.txt,pass,fail,verification_failed,0.07,19.61,2026-01-21T21:02:09.754482
857,human_eval_test,157,157_gen_0.sv,157_testbench.py,157_prompt.txt,pass,fail,verification_failed,0.05,19.53,2026-01-21T21:02:29.564777
858,human_eval_test,158,158_gen_0.sv,158_testbench.py,158_prompt.txt,pass,fail,verification_failed,0.07,19.92,2026-01-21T21:02:49.331854
859,human_eval_test,159,159_gen_0.sv,159_testbench.py,159_prompt.txt,pass,fail,verification_failed,0.06,19.81,2026-01-21T21:03:09.462182
860,human_eval_test,16,16_gen_0.sv,16_testbench.py,16_prompt.txt,pass,fail,verification_failed,0.07,19.32,2026-01-21T21:03:29.479078
861,human_eval_test,160,160_gen_0.sv,160_testbench.py,160_prompt.txt,pass,fail,verification_failed,0.06,21.27,2026-01-21T21:03:48.997491
862,human_eval_test,161,161_gen_0.sv,161_testbench.py,161_prompt.txt,pass,fail,verification_failed,0.06,21.18,2026-01-21T21:04:10.425143
863,human_eval_test,162,162_gen_0.sv,162_testbench.py,162_prompt.txt,pass,fail,verification_failed,0.08,19.85,2026-01-21T21:04:31.836467
864,human_eval_test,163,163_gen_0.sv,163_testbench.py,163_prompt.txt,fail,N/A,compilation_failed,0.06,0.00,2026-01-21T21:04:51.920034
865,human_eval_test,17,17_gen_0.sv,17_testbench.py,17_prompt.txt,pass,fail,verification_failed,0.07,21.70,2026-01-21T21:04:52.103832
866,human_eval_test,18,18_gen_0.sv,18_testbench.py,18_prompt.txt,pass,fail,verification_failed,0.07,19.06,2026-01-21T21:05:14.009590
867,human_eval_test,19,19_gen_0.sv,19_testbench.py,19_prompt.txt,pass,fail,verification_failed,0.08,18.83,2026-01-21T21:05:33.254835
868,human_eval_test,2,2_gen_0.sv,2_testbench.py,2_prompt.txt,pass,fail,verification_failed,0.06,19.81,2026-01-21T21:05:52.299345
869,human_eval_test,20,20_gen_0.sv,20_testbench.py,20_prompt.txt,pass,fail,verification_failed,0.08,18.93,2026-01-21T21:06:12.267334
870,human_eval_test,21,21_gen_0.sv,21_testbench.py,21_prompt.txt,pass,fail,verification_failed,0.05,18.90,2026-01-21T21:06:31.435731
871,human_eval_test,22,22_gen_0.sv,22_testbench.py,22_prompt.txt,pass,fail,verification_failed,0.07,19.36,2026-01-21T21:06:50.519770
872,human_eval_test,23,23_gen_0.sv,23_testbench.py,23_prompt.txt,fail,N/A,compilation_failed,0.07,0.00,2026-01-21T21:07:10.106192
873,human_eval_test,24,24_gen_0.sv,24_testbench.py,24_prompt.txt,pass,fail,verification_failed,0.07,18.70,2026-01-21T21:07:10.300465
874,human_eval_test,25,25_gen_0.sv,25_testbench.py,25_prompt.txt,pass,fail,verification_failed,0.06,18.66,2026-01-21T21:07:29.195204
875,human_eval_test,26,26_gen_0.sv,26_testbench.py,26_prompt.txt,pass,fail,verification_failed,0.08,19.26,2026-01-21T21:07:48.070107
876,human_eval_test,27,27_gen_0.sv,27_testbench.py,27_prompt.txt,pass,fail,verification_failed,0.05,18.68,2026-01-21T21:08:07.520696
877,human_eval_test,28,28_gen_0.sv,28_testbench.py,28_prompt.txt,pass,fail,verification_failed,0.07,18.95,2026-01-21T21:08:26.373401
878,human_eval_test,29,29_gen_0.sv,29_testbench.py,29_prompt.txt,pass,fail,verification_failed,0.07,19.46,2026-01-21T21:08:45.534253
879,human_eval_test,3,3_gen_0.sv,3_testbench.py,3_prompt.txt,pass,fail,verification_failed,0.06,18.93,2026-01-21T21:09:05.221443
880,human_eval_test,30,30_gen_0.sv,30_testbench.py,30_prompt.txt,pass,fail,verification_failed,0.07,18.96,2026-01-21T21:09:24.384632
881,human_eval_test,32,32_gen_0.sv,32_testbench.py,32_prompt.txt,pass,fail,verification_failed,0.06,19.30,2026-01-21T21:09:43.543965
882,human_eval_test,33,33_gen_0.sv,33_testbench.py,33_prompt.txt,pass,fail,verification_failed,0.07,18.99,2026-01-21T21:10:03.058740
883,human_eval_test,34,34_gen_0.sv,34_testbench.py,34_prompt.txt,pass,fail,verification_failed,0.07,18.86,2026-01-21T21:10:22.252332
884,human_eval_test,35,35_gen_0.sv,35_testbench.py,35_prompt.txt,pass,fail,verification_failed,0.06,19.18,2026-01-21T21:10:41.319672
885,human_eval_test,36,36_gen_0.sv,36_testbench.py,36_prompt.txt,pass,fail,verification_failed,0.05,20.71,2026-01-21T21:11:00.682132
886,human_eval_test,37,37_gen_0.sv,37_testbench.py,37_prompt.txt,pass,fail,verification_failed,0.06,19.50,2026-01-21T21:11:21.603714
887,human_eval_test,38,38_gen_0.sv,38_testbench.py,38_prompt.txt,pass,fail,verification_failed,0.06,19.80,2026-01-21T21:11:41.291491
888,human_eval_test,39,39_gen_0.sv,39_testbench.py,39_prompt.txt,pass,fail,verification_failed,0.06,19.43,2026-01-21T21:12:01.318043
889,human_eval_test,4,4_gen_0.sv,4_testbench.py,4_prompt.txt,pass,fail,verification_failed,0.06,19.16,2026-01-21T21:12:20.958770
890,human_eval_test,40,40_gen_0.sv,40_testbench.py,40_prompt.txt,pass,fail,verification_failed,0.07,19.83,2026-01-21T21:12:40.306213
891,human_eval_test,41,41_gen_0.sv,41_testbench.py,41_prompt.txt,pass,fail,verification_failed,0.05,19.70,2026-01-21T21:13:00.356143
892,human_eval_test,42,42_gen_0.sv,42_testbench.py,42_prompt.txt,pass,fail,verification_failed,0.05,19.52,2026-01-21T21:13:20.252292
893,human_eval_test,43,43_gen_0.sv,43_testbench.py,43_prompt.txt,pass,fail,verification_failed,0.06,19.81,2026-01-21T21:13:39.951339
894,human_eval_test,44,44_gen_0.sv,44_testbench.py,44_prompt.txt,pass,fail,verification_failed,0.08,19.52,2026-01-21T21:14:00.000280
895,human_eval_test,45,45_gen_0.sv,45_testbench.py,45_prompt.txt,pass,fail,verification_failed,0.07,18.88,2026-01-21T21:14:19.697888
896,human_eval_test,46,46_gen_0.sv,46_testbench.py,46_prompt.txt,pass,fail,verification_failed,0.08,19.14,2026-01-21T21:14:38.801478
897,human_eval_test,47,47_gen_0.sv,47_testbench.py,47_prompt.txt,pass,fail,verification_failed,0.07,19.59,2026-01-21T21:14:58.212595
898,human_eval_test,48,48_gen_0.sv,48_testbench.py,48_prompt.txt,pass,fail,verification_failed,0.07,18.92,2026-01-21T21:15:18.020593
899,human_eval_test,49,49_gen_0.sv,49_testbench.py,49_prompt.txt,pass,fail,verification_failed,0.07,19.02,2026-01-21T21:15:37.160880
900,human_eval_test,5,5_gen_0.sv,5_testbench.py,5_prompt.txt,pass,fail,verification_failed,0.09,19.66,2026-01-21T21:15:56.380904
901,human_eval_test,50,50_gen_0.sv,50_testbench.py,50_prompt.txt,pass,fail,verification_failed,0.09,18.93,2026-01-21T21:16:16.280982
902,human_eval_test,51,51_gen_0.sv,51_testbench.py,51_prompt.txt,pass,fail,verification_failed,0.06,18.79,2026-01-21T21:16:35.411796
903,human_eval_test,52,52_gen_0.sv,52_testbench.py,52_prompt.txt,pass,fail,verification_failed,0.08,19.47,2026-01-21T21:16:54.390194
904,human_eval_test,53,53_gen_0.sv,53_testbench.py,53_prompt.txt,pass,fail,verification_failed,0.08,18.87,2026-01-21T21:17:14.065504
905,human_eval_test,54,54_gen_0.sv,54_testbench.py,54_prompt.txt,pass,fail,verification_failed,0.06,18.83,2026-01-21T21:17:33.124279
906,human_eval_test,55,55_gen_0.sv,55_testbench.py,55_prompt.txt,pass,fail,verification_failed,0.06,19.72,2026-01-21T21:17:52.142707
907,human_eval_test,56,56_gen_0.sv,56_testbench.py,56_prompt.txt,pass,fail,verification_failed,0.06,19.04,2026-01-21T21:18:12.094434
908,human_eval_test,57,57_gen_0.sv,57_testbench.py,57_prompt.txt,pass,fail,verification_failed,0.06,18.83,2026-01-21T21:18:31.346431
909,human_eval_test,58,58_gen_0.sv,58_testbench.py,58_prompt.txt,pass,fail,verification_failed,0.07,19.40,2026-01-21T21:18:50.361310
910,human_eval_test,59,59_gen_0.sv,59_testbench.py,59_prompt.txt,pass,fail,verification_failed,0.06,18.80,2026-01-21T21:19:09.998558
911,human_eval_test,6,6_gen_0.sv,6_testbench.py,6_prompt.txt,pass,fail,verification_failed,0.07,18.84,2026-01-21T21:19:29.007234
912,human_eval_test,60,60_gen_0.sv,60_testbench.py,60_prompt.txt,pass,fail,verification_failed,0.06,21.27,2026-01-21T21:19:48.087760
913,human_eval_test,61,61_gen_0.sv,61_testbench.py,61_prompt.txt,pass,fail,verification_failed,0.06,19.25,2026-01-21T21:20:09.557556
914,human_eval_test,62,62_gen_0.sv,62_testbench.py,62_prompt.txt,pass,fail,verification_failed,0.07,18.97,2026-01-21T21:20:29.019923
915,human_eval_test,63,63_gen_0.sv,63_testbench.py,63_prompt.txt,pass,fail,verification_failed,0.07,19.65,2026-01-21T21:20:48.204999
916,human_eval_test,64,64_gen_0.sv,64_testbench.py,64_prompt.txt,pass,fail,verification_failed,0.06,18.70,2026-01-21T21:21:08.079790
917,human_eval_test,65,65_gen_0.sv,65_testbench.py,65_prompt.txt,fail,N/A,compilation_failed,0.05,0.00,2026-01-21T21:21:26.994080
918,human_eval_test,66,66_gen_0.sv,66_testbench.py,66_prompt.txt,pass,fail,verification_failed,0.05,19.09,2026-01-21T21:21:27.144396
919,human_eval_test,67,67_gen_0.sv,67_testbench.py,67_prompt.txt,fail,N/A,compilation_failed,0.07,0.00,2026-01-21T21:21:46.450063
920,human_eval_test,68,68_gen_0.sv,68_testbench.py,68_prompt.txt,pass,fail,verification_failed,0.06,19.36,2026-01-21T21:21:46.667635
921,human_eval_test,69,69_gen_0.sv,69_testbench.py,69_prompt.txt,pass,fail,verification_failed,0.07,18.75,2026-01-21T21:22:06.226674
922,human_eval_test,7,7_gen_0.sv,7_testbench.py,7_prompt.txt,pass,fail,verification_failed,0.07,19.04,2026-01-21T21:22:25.166978
923,human_eval_test,70,70_gen_0.sv,70_testbench.py,70_prompt.txt,pass,fail,verification_failed,0.06,19.49,2026-01-21T21:22:44.426669
924,human_eval_test,71,71_gen_0.sv,71_testbench.py,71_prompt.txt,pass,fail,verification_failed,0.08,18.94,2026-01-21T21:23:04.118088
925,human_eval_test,72,72_gen_0.sv,72_testbench.py,72_prompt.txt,pass,fail,verification_failed,0.06,18.86,2026-01-21T21:23:23.292953
926,human_eval_test,73,73_gen_0.sv,73_testbench.py,73_prompt.txt,pass,fail,verification_failed,0.07,20.42,2026-01-21T21:23:42.360749
927,human_eval_test,74,74_gen_0.sv,74_testbench.py,74_prompt.txt,pass,fail,verification_failed,0.07,19.46,2026-01-21T21:24:03.012678
928,human_eval_test,76,76_gen_0.sv,76_testbench.py,76_prompt.txt,pass,fail,verification_failed,0.06,18.89,2026-01-21T21:24:22.692011
929,human_eval_test,77,77_gen_0.sv,77_testbench.py,77_prompt.txt,fail,N/A,compilation_failed,0.07,0.00,2026-01-21T21:24:41.769355
930,human_eval_test,78,78_gen_0.sv,78_testbench.py,78_prompt.txt,pass,fail,verification_failed,0.07,19.41,2026-01-21T21:24:41.964241
931,human_eval_test,79,79_gen_0.sv,79_testbench.py,79_prompt.txt,pass,fail,verification_failed,0.06,18.98,2026-01-21T21:25:01.607965
932,human_eval_test,8,8_gen_0.sv,8_testbench.py,8_prompt.txt,pass,fail,verification_failed,0.07,18.76,2026-01-21T21:25:20.810433
933,human_eval_test,80,80_gen_0.sv,80_testbench.py,80_prompt.txt,pass,fail,verification_failed,0.07,19.29,2026-01-21T21:25:39.781323
934,human_eval_test,81,81_gen_0.sv,81_testbench.py,81_prompt.txt,pass,fail,verification_failed,0.06,19.22,2026-01-21T21:25:59.321487
935,human_eval_test,82,82_gen_0.sv,82_testbench.py,82_prompt.txt,pass,fail,verification_failed,0.07,18.93,2026-01-21T21:26:18.720939
936,human_eval_test,83,83_gen_0.sv,83_testbench.py,83_prompt.txt,pass,fail,verification_failed,0.06,18.84,2026-01-21T21:26:37.837931
937,human_eval_test,84,84_gen_0.sv,84_testbench.py,84_prompt.txt,pass,fail,verification_failed,0.06,19.34,2026-01-21T21:26:56.921529
938,human_eval_test,85,85_gen_0.sv,85_testbench.py,85_prompt.txt,pass,fail,verification_failed,0.08,18.70,2026-01-21T21:27:16.465214
939,human_eval_test,86,86_gen_0.sv,86_testbench.py,86_prompt.txt,pass,fail,verification_failed,0.05,18.78,2026-01-21T21:27:35.388216
940,human_eval_test,87,87_gen_0.sv,87_testbench.py,87_prompt.txt,fail,N/A,compilation_failed,0.06,0.00,2026-01-21T21:27:54.382036
941,human_eval_test,88,88_gen_0.sv,88_testbench.py,88_prompt.txt,pass,fail,verification_failed,0.07,19.77,2026-01-21T21:27:54.587480
942,human_eval_test,89,89_gen_0.sv,89_testbench.py,89_prompt.txt,pass,fail,verification_failed,0.06,19.59,2026-01-21T21:28:14.607383
943,human_eval_test,9,9_gen_0.sv,9_testbench.py,9_prompt.txt,pass,fail,verification_failed,0.07,19.51,2026-01-21T21:28:34.437653
944,human_eval_test,90,90_gen_0.sv,90_testbench.py,90_prompt.txt,pass,fail,verification_failed,0.06,20.19,2026-01-21T21:28:54.153059
945,human_eval_test,91,91_gen_0.sv,91_testbench.py,91_prompt.txt,pass,fail,verification_failed,0.07,19.85,2026-01-21T21:29:14.570170
946,human_eval_test,92,92_gen_0.sv,92_testbench.py,92_prompt.txt,pass,fail,verification_failed,0.07,19.47,2026-01-21T21:29:34.620258
947,human_eval_test,94,94_gen_0.sv,94_testbench.py,94_prompt.txt,pass,fail,verification_failed,0.07,20.11,2026-01-21T21:29:54.333339
948,human_eval_test,95,95_gen_0.sv,95_testbench.py,95_prompt.txt,pass,fail,verification_failed,0.07,18.94,2026-01-21T21:30:14.683121
949,human_eval_test,96,96_gen_0.sv,96_testbench.py,96_prompt.txt,fail,N/A,compilation_failed,0.07,0.00,2026-01-21T21:30:33.842857
950,human_eval_test,97,97_gen_0.sv,97_testbench.py,97_prompt.txt,pass,fail,verification_failed,0.06,18.84,2026-01-21T21:30:34.051946
951,human_eval_test,98,98_gen_0.sv,98_testbench.py,98_prompt.txt,pass,fail,verification_failed,0.05,19.53,2026-01-21T21:30:53.113159
952,human_eval_test,99,99_gen_0.sv,99_testbench.py,99_prompt.txt,pass,fail,verification_failed,0.06,18.84,2026-01-21T21:31:12.860865
953,mbpp_test,100,100_gen_0.sv,100_testbench.py,100_prompt.txt,pass,fail,verification_failed,0.06,18.69,2026-01-21T21:31:31.904624
954,mbpp_test,101,101_gen_0.sv,101_testbench.py,101_prompt.txt,pass,fail,verification_failed,0.08,19.37,2026-01-21T21:31:50.802155
955,mbpp_test,102,102_gen_0.sv,102_testbench.py,102_prompt.txt,pass,fail,verification_failed,0.07,18.86,2026-01-21T21:32:10.402747
956,mbpp_test,103,103_gen_0.sv,103_testbench.py,103_prompt.txt,pass,fail,verification_failed,0.07,19.05,2026-01-21T21:32:29.465519
957,mbpp_test,106,106_gen_0.sv,106_testbench.py,106_prompt.txt,pass,fail,verification_failed,0.06,19.29,2026-01-21T21:32:48.752727
958,mbpp_test,109,109_gen_0.sv,109_testbench.py,109_prompt.txt,pass,fail,verification_failed,0.07,18.95,2026-01-21T21:33:08.270780
959,mbpp_test,111,111_gen_0.sv,111_testbench.py,111_prompt.txt,pass,fail,verification_failed,0.08,19.11,2026-01-21T21:33:27.480856
960,mbpp_test,113,113_gen_0.sv,113_testbench.py,113_prompt.txt,pass,fail,verification_failed,0.07,20.19,2026-01-21T21:33:46.817658
961,mbpp_test,115,115_gen_0.sv,115_testbench.py,115_prompt.txt,fail,N/A,compilation_failed,0.06,0.00,2026-01-21T21:34:07.241488
962,mbpp_test,116,116_gen_0.sv,116_testbench.py,116_prompt.txt,pass,fail,verification_failed,0.06,19.10,2026-01-21T21:34:07.455660
963,mbpp_test,118,118_gen_0.sv,118_testbench.py,118_prompt.txt,pass,fail,verification_failed,0.07,18.99,2026-01-21T21:34:26.738970
964,mbpp_test,119,119_gen_0.sv,119_testbench.py,119_prompt.txt,pass,fail,verification_failed,0.06,19.51,2026-01-21T21:34:45.960860
965,mbpp_test,124,124_gen_0.sv,124_testbench.py,124_prompt.txt,pass,fail,verification_failed,0.07,21.06,2026-01-21T21:35:05.687085
966,mbpp_test,128,128_gen_0.sv,128_testbench.py,128_prompt.txt,pass,fail,verification_failed,0.06,18.52,2026-01-21T21:35:26.959794
967,mbpp_test,130,130_gen_0.sv,130_testbench.py,130_prompt.txt,pass,fail,verification_failed,0.06,19.51,2026-01-21T21:35:45.686565
968,mbpp_test,133,133_gen_0.sv,133_testbench.py,133_prompt.txt,pass,fail,verification_failed,0.07,18.55,2026-01-21T21:36:05.422242
969,mbpp_test,135,135_gen_0.sv,135_testbench.py,135_prompt.txt,pass,fail,verification_failed,0.06,18.99,2026-01-21T21:36:24.208518
970,mbpp_test,138,138_gen_0.sv,138_testbench.py,138_prompt.txt,fail,N/A,compilation_failed,0.07,0.00,2026-01-21T21:36:43.395075
971,mbpp_test,139,139_gen_0.sv,139_testbench.py,139_prompt.txt,pass,fail,verification_failed,0.05,19.42,2026-01-21T21:36:43.583321
972,mbpp_test,140,140_gen_0.sv,140_testbench.py,140_prompt.txt,pass,fail,verification_failed,0.06,18.94,2026-01-21T21:37:03.195733
973,mbpp_test,143,143_gen_0.sv,143_testbench.py,143_prompt.txt,pass,fail,verification_failed,0.06,18.86,2026-01-21T21:37:22.340520
974,mbpp_test,16,16_gen_0.sv,16_testbench.py,16_prompt.txt,pass,fail,verification_failed,0.05,19.88,2026-01-21T21:37:41.416299
975,mbpp_test,161,161_gen_0.sv,161_testbench.py,161_prompt.txt,pass,fail,verification_failed,0.06,19.04,2026-01-21T21:38:01.509280
976,mbpp_test,163,163_gen_0.sv,163_testbench.py,163_prompt.txt,fail,N/A,compilation_failed,0.06,0.00,2026-01-21T21:38:20.794857
977,mbpp_test,164,164_gen_0.sv,164_testbench.py,164_prompt.txt,pass,fail,verification_failed,0.06,18.75,2026-01-21T21:38:20.990173
978,mbpp_test,166,166_gen_0.sv,166_testbench.py,166_prompt.txt,pass,fail,verification_failed,0.06,21.04,2026-01-21T21:38:39.976803
979,mbpp_test,167,167_gen_0.sv,167_testbench.py,167_prompt.txt,pass,fail,verification_failed,0.06,19.66,2026-01-21T21:39:01.242464
980,mbpp_test,168,168_gen_0.sv,168_testbench.py,168_prompt.txt,pass,fail,verification_failed,0.07,19.37,2026-01-21T21:39:21.086186
981,mbpp_test,17,17_gen_0.sv,17_testbench.py,17_prompt.txt,pass,fail,verification_failed,0.07,20.03,2026-01-21T21:39:40.720334
982,mbpp_test,170,170_gen_0.sv,170_testbench.py,170_prompt.txt,fail,N/A,compilation_failed,0.07,0.00,2026-01-21T21:40:00.993557
983,mbpp_test,172,172_gen_0.sv,172_testbench.py,172_prompt.txt,pass,fail,verification_failed,0.05,19.57,2026-01-21T21:40:01.206141
984,mbpp_test,223,223_gen_0.sv,223_testbench.py,223_prompt.txt,pass,fail,verification_failed,0.07,19.82,2026-01-21T21:40:20.955061
985,mbpp_test,224,224_gen_0.sv,224_testbench.py,224_prompt.txt,pass,fail,verification_failed,0.06,20.37,2026-01-21T21:40:40.989807
986,mbpp_test,226,226_gen_0.sv,226_testbench.py,226_prompt.txt,pass,fail,verification_failed,0.08,20.17,2026-01-21T21:41:01.633015
987,mbpp_test,228,228_gen_0.sv,228_testbench.py,228_prompt.txt,pass,fail,verification_failed,0.05,19.61,2026-01-21T21:41:22.062963
988,mbpp_test,229,229_gen_0.sv,229_testbench.py,229_prompt.txt,pass,fail,verification_failed,0.06,20.44,2026-01-21T21:41:41.872344
989,mbpp_test,230,230_gen_0.sv,230_testbench.py,230_prompt.txt,pass,fail,verification_failed,0.07,19.55,2026-01-21T21:42:02.543159
990,mbpp_test,232,232_gen_0.sv,232_testbench.py,232_prompt.txt,pass,fail,verification_failed,0.06,20.07,2026-01-21T21:42:22.311186
991,mbpp_test,234,234_gen_0.sv,234_testbench.py,234_prompt.txt,pass,fail,verification_failed,0.07,20.96,2026-01-21T21:42:42.619988
992,mbpp_test,235,235_gen_0.sv,235_testbench.py,235_prompt.txt,fail,N/A,compilation_failed,0.07,0.00,2026-01-21T21:43:03.802194
993,mbpp_test,238,238_gen_0.sv,238_testbench.py,238_prompt.txt,pass,fail,verification_failed,0.06,20.22,2026-01-21T21:43:04.017255
994,mbpp_test,239,239_gen_0.sv,239_testbench.py,239_prompt.txt,fail,N/A,compilation_failed,0.07,0.00,2026-01-21T21:43:24.463362
995,mbpp_test,245,245_gen_0.sv,245_testbench.py,245_prompt.txt,pass,fail,verification_failed,0.07,19.80,2026-01-21T21:43:24.668811
996,mbpp_test,247,247_gen_0.sv,247_testbench.py,247_prompt.txt,pass,fail,verification_failed,0.07,21.56,2026-01-21T21:43:44.706365
997,mbpp_test,248,248_gen_0.sv,248_testbench.py,248_prompt.txt,pass,fail,verification_failed,0.07,19.84,2026-01-21T21:44:06.508945
998,mbpp_test,250,250_gen_0.sv,250_testbench.py,250_prompt.txt,pass,fail,verification_failed,0.08,20.15,2026-01-21T21:44:26.603438
999,mbpp_test,253,253_gen_0.sv,253_testbench.py,253_prompt.txt,pass,fail,verification_failed,0.07,20.58,2026-01-21T21:44:46.975309
1000,mbpp_test,255,255_gen_0.sv,255_testbench.py,255_prompt.txt,pass,fail,verification_failed,0.06,19.52,2026-01-21T21:45:07.748303
1001,mbpp_test,256,256_gen_0.sv,256_testbench.py,256_prompt.txt,pass,fail,verification_failed,0.06,19.60,2026-01-21T21:45:27.496157
1002,mbpp_test,257,257_gen_0.sv,257_testbench.py,257_prompt.txt,pass,fail,verification_failed,0.07,20.33,2026-01-21T21:45:47.298842
1003,mbpp_test,259,259_gen_0.sv,259_testbench.py,259_prompt.txt,pass,fail,verification_failed,0.09,19.02,2026-01-21T21:46:07.840915
1004,mbpp_test,260,260_gen_0.sv,260_testbench.py,260_prompt.txt,pass,fail,verification_failed,0.06,19.11,2026-01-21T21:46:27.089539
1005,mbpp_test,261,261_gen_0.sv,261_testbench.py,261_prompt.txt,pass,fail,verification_failed,0.06,19.40,2026-01-21T21:46:46.399506
1006,mbpp_test,266,266_gen_0.sv,266_testbench.py,266_prompt.txt,pass,fail,verification_failed,0.05,18.71,2026-01-21T21:47:06.021021
1007,mbpp_test,267,267_gen_0.sv,267_testbench.py,267_prompt.txt,pass,fail,verification_failed,0.07,19.03,2026-01-21T21:47:24.957210
1008,mbpp_test,270,270_gen_0.sv,270_testbench.py,270_prompt.txt,pass,fail,verification_failed,0.06,19.31,2026-01-21T21:47:44.202796
1009,mbpp_test,272,272_gen_0.sv,272_testbench.py,272_prompt.txt,pass,fail,verification_failed,0.07,18.85,2026-01-21T21:48:03.717765
1010,mbpp_test,273,273_gen_0.sv,273_testbench.py,273_prompt.txt,pass,fail,verification_failed,0.05,19.14,2026-01-21T21:48:22.799410
1011,mbpp_test,276,276_gen_0.sv,276_testbench.py,276_prompt.txt,pass,fail,verification_failed,0.08,19.45,2026-01-21T21:48:42.124039
1012,mbpp_test,277,277_gen_0.sv,277_testbench.py,277_prompt.txt,pass,fail,verification_failed,0.06,19.13,2026-01-21T21:49:01.817987
1013,mbpp_test,282,282_gen_0.sv,282_testbench.py,282_prompt.txt,pass,fail,verification_failed,0.07,18.92,2026-01-21T21:49:21.188603
1014,mbpp_test,284,284_gen_0.sv,284_testbench.py,284_prompt.txt,pass,fail,verification_failed,0.08,19.41,2026-01-21T21:49:40.335609
1015,mbpp_test,285,285_gen_0.sv,285_testbench.py,285_prompt.txt,pass,fail,verification_failed,0.07,20.56,2026-01-21T21:49:59.958672
1016,mbpp_test,286,286_gen_0.sv,286_testbench.py,286_prompt.txt,pass,fail,verification_failed,0.07,18.78,2026-01-21T21:50:20.706734
1017,mbpp_test,287,287_gen_0.sv,287_testbench.py,287_prompt.txt,pass,fail,verification_failed,0.07,19.23,2026-01-21T21:50:39.723245
1018,mbpp_test,290,290_gen_0.sv,290_testbench.py,290_prompt.txt,pass,fail,verification_failed,0.07,19.22,2026-01-21T21:50:59.202995
1019,mbpp_test,293,293_gen_0.sv,293_testbench.py,293_prompt.txt,pass,fail,verification_failed,0.07,19.18,2026-01-21T21:51:18.615927
1020,mbpp_test,294,294_gen_0.sv,294_testbench.py,294_prompt.txt,pass,fail,verification_failed,0.06,18.85,2026-01-21T21:51:38.014194
1021,mbpp_test,295,295_gen_0.sv,295_testbench.py,295_prompt.txt,pass,fail,verification_failed,0.07,19.11,2026-01-21T21:51:57.071920
1022,mbpp_test,300,300_gen_0.sv,300_testbench.py,300_prompt.txt,pass,fail,verification_failed,0.07,18.92,2026-01-21T21:52:16.391942
1023,mbpp_test,301,301_gen_0.sv,301_testbench.py,301_prompt.txt,pass,fail,verification_failed,0.07,18.87,2026-01-21T21:52:35.514189
1024,mbpp_test,305,305_gen_0.sv,305_testbench.py,305_prompt.txt,pass,fail,verification_failed,0.06,20.56,2026-01-21T21:52:54.591193
1025,mbpp_test,306,306_gen_0.sv,306_testbench.py,306_prompt.txt,pass,fail,verification_failed,0.07,18.93,2026-01-21T21:53:15.365989
1026,mbpp_test,307,307_gen_0.sv,307_testbench.py,307_prompt.txt,pass,fail,verification_failed,0.06,18.88,2026-01-21T21:53:34.538445
1027,mbpp_test,308,308_gen_0.sv,308_testbench.py,308_prompt.txt,pass,fail,verification_failed,0.06,20.16,2026-01-21T21:53:53.628559
1028,mbpp_test,310,310_gen_0.sv,310_testbench.py,310_prompt.txt,pass,fail,verification_failed,0.06,18.85,2026-01-21T21:54:14.021217
1029,mbpp_test,311,311_gen_0.sv,311_testbench.py,311_prompt.txt,pass,fail,verification_failed,0.06,18.80,2026-01-21T21:54:33.066940
1030,mbpp_test,312,312_gen_0.sv,312_testbench.py,312_prompt.txt,pass,fail,verification_failed,0.06,19.65,2026-01-21T21:54:52.102279
1031,mbpp_test,388,388_gen_0.sv,388_testbench.py,388_prompt.txt,pass,fail,verification_failed,0.05,19.05,2026-01-21T21:55:11.964614
1032,mbpp_test,389,389_gen_0.sv,389_testbench.py,389_prompt.txt,pass,fail,verification_failed,0.07,19.32,2026-01-21T21:55:31.211125
1033,mbpp_test,392,392_gen_0.sv,392_testbench.py,392_prompt.txt,pass,fail,verification_failed,0.07,20.43,2026-01-21T21:55:50.763035
1034,mbpp_test,393,393_gen_0.sv,393_testbench.py,393_prompt.txt,pass,fail,verification_failed,0.06,18.84,2026-01-21T21:56:11.439934
1035,mbpp_test,397,397_gen_0.sv,397_testbench.py,397_prompt.txt,pass,fail,verification_failed,0.06,18.95,2026-01-21T21:56:30.500284
1036,mbpp_test,398,398_gen_0.sv,398_testbench.py,398_prompt.txt,pass,fail,verification_failed,0.06,19.27,2026-01-21T21:56:49.679674
1037,mbpp_test,399,399_gen_0.sv,399_testbench.py,399_prompt.txt,pass,fail,verification_failed,0.06,18.89,2026-01-21T21:57:09.171689
1038,mbpp_test,406,406_gen_0.sv,406_testbench.py,406_prompt.txt,pass,fail,verification_failed,0.06,18.82,2026-01-21T21:57:28.294334
1039,mbpp_test,409,409_gen_0.sv,409_testbench.py,409_prompt.txt,pass,fail,verification_failed,0.06,19.62,2026-01-21T21:57:47.322576
1040,mbpp_test,410,410_gen_0.sv,410_testbench.py,410_prompt.txt,pass,fail,verification_failed,0.07,18.94,2026-01-21T21:58:07.162568
1041,mbpp_test,411,411_gen_0.sv,411_testbench.py,411_prompt.txt,pass,fail,verification_failed,0.06,18.79,2026-01-21T21:58:26.337812
1042,mbpp_test,412,412_gen_0.sv,412_testbench.py,412_prompt.txt,pass,fail,verification_failed,0.07,19.56,2026-01-21T21:58:45.313239
1043,mbpp_test,413,413_gen_0.sv,413_testbench.py,413_prompt.txt,pass,fail,verification_failed,0.06,18.95,2026-01-21T21:59:05.094584
1044,mbpp_test,414,414_gen_0.sv,414_testbench.py,414_prompt.txt,pass,fail,verification_failed,0.07,19.11,2026-01-21T21:59:24.255031
1045,mbpp_test,415,415_gen_0.sv,415_testbench.py,415_prompt.txt,pass,fail,verification_failed,0.07,20.28,2026-01-21T21:59:43.569544
1046,mbpp_test,417,417_gen_0.sv,417_testbench.py,417_prompt.txt,pass,fail,verification_failed,0.08,20.17,2026-01-21T22:00:04.135457
1047,mbpp_test,418,418_gen_0.sv,418_testbench.py,418_prompt.txt,pass,fail,verification_failed,0.06,19.27,2026-01-21T22:00:24.523914
1048,mbpp_test,421,421_gen_0.sv,421_testbench.py,421_prompt.txt,pass,fail,verification_failed,0.07,19.45,2026-01-21T22:00:44.015265
1049,mbpp_test,422,422_gen_0.sv,422_testbench.py,422_prompt.txt,pass,fail,verification_failed,0.07,18.87,2026-01-21T22:01:03.703124
1050,mbpp_test,424,424_gen_0.sv,424_testbench.py,424_prompt.txt,pass,fail,verification_failed,0.05,19.20,2026-01-21T22:01:22.807522
1051,mbpp_test,425,425_gen_0.sv,425_testbench.py,425_prompt.txt,pass,fail,verification_failed,0.07,19.38,2026-01-21T22:01:42.197900
1052,mbpp_test,427,427_gen_0.sv,427_testbench.py,427_prompt.txt,pass,fail,verification_failed,0.06,19.10,2026-01-21T22:02:01.825976
1053,mbpp_test,428,428_gen_0.sv,428_testbench.py,428_prompt.txt,pass,fail,verification_failed,0.07,18.76,2026-01-21T22:02:21.122164
1054,mbpp_test,431,431_gen_0.sv,431_testbench.py,431_prompt.txt,pass,fail,verification_failed,0.07,19.02,2026-01-21T22:02:40.088985
1055,mbpp_test,432,432_gen_0.sv,432_testbench.py,432_prompt.txt,pass,fail,verification_failed,0.06,18.98,2026-01-21T22:02:59.330122
1056,mbpp_test,433,433_gen_0.sv,433_testbench.py,433_prompt.txt,pass,fail,verification_failed,0.06,18.98,2026-01-21T22:03:18.535271
1057,mbpp_test,435,435_gen_0.sv,435_testbench.py,435_prompt.txt,pass,fail,verification_failed,0.06,19.31,2026-01-21T22:03:37.726500
1058,mbpp_test,436,436_gen_0.sv,436_testbench.py,436_prompt.txt,pass,fail,verification_failed,0.07,20.14,2026-01-21T22:03:57.266772
1059,mbpp_test,437,437_gen_0.sv,437_testbench.py,437_prompt.txt,pass,fail,verification_failed,0.06,18.78,2026-01-21T22:04:17.610297
1060,mbpp_test,438,438_gen_0.sv,438_testbench.py,438_prompt.txt,pass,fail,verification_failed,0.07,18.98,2026-01-21T22:04:36.594466
1061,mbpp_test,439,439_gen_0.sv,439_testbench.py,439_prompt.txt,pass,fail,verification_failed,0.07,19.36,2026-01-21T22:04:55.794961
1062,mbpp_test,440,440_gen_0.sv,440_testbench.py,440_prompt.txt,pass,fail,verification_failed,0.07,21.32,2026-01-21T22:05:15.396831
1063,mbpp_test,441,441_gen_0.sv,441_testbench.py,441_prompt.txt,pass,fail,verification_failed,0.06,18.66,2026-01-21T22:05:36.951138
1064,mbpp_test,442,442_gen_0.sv,442_testbench.py,442_prompt.txt,pass,fail,verification_failed,0.06,20.37,2026-01-21T22:05:55.806806
1065,mbpp_test,443,443_gen_0.sv,443_testbench.py,443_prompt.txt,pass,fail,verification_failed,0.07,19.93,2026-01-21T22:06:16.445429
1066,mbpp_test,445,445_gen_0.sv,445_testbench.py,445_prompt.txt,pass,fail,verification_failed,0.06,19.53,2026-01-21T22:06:36.590200
1067,mbpp_test,447,447_gen_0.sv,447_testbench.py,447_prompt.txt,pass,fail,verification_failed,0.07,20.99,2026-01-21T22:06:56.366764
1068,mbpp_test,452,452_gen_0.sv,452_testbench.py,452_prompt.txt,pass,fail,verification_failed,0.06,20.28,2026-01-21T22:07:17.591556
1069,mbpp_test,454,454_gen_0.sv,454_testbench.py,454_prompt.txt,pass,fail,verification_failed,0.06,18.94,2026-01-21T22:07:38.056765
1070,mbpp_test,455,455_gen_0.sv,455_testbench.py,455_prompt.txt,pass,fail,verification_failed,0.07,19.41,2026-01-21T22:07:57.204125
1071,mbpp_test,458,458_gen_0.sv,458_testbench.py,458_prompt.txt,fail,N/A,compilation_failed,0.05,0.00,2026-01-21T22:08:16.816424
1072,mbpp_test,460,460_gen_0.sv,460_testbench.py,460_prompt.txt,fail,N/A,compilation_failed,0.07,0.00,2026-01-21T22:08:17.017676
1073,mbpp_test,461,461_gen_0.sv,461_testbench.py,461_prompt.txt,fail,N/A,compilation_failed,0.06,0.00,2026-01-21T22:08:17.204129
1074,mbpp_test,462,462_gen_0.sv,462_testbench.py,462_prompt.txt,pass,fail,verification_failed,0.05,19.31,2026-01-21T22:08:17.393098
1075,mbpp_test,463,463_gen_0.sv,463_testbench.py,463_prompt.txt,pass,fail,verification_failed,0.06,18.88,2026-01-21T22:08:36.909818
1076,mbpp_test,468,468_gen_0.sv,468_testbench.py,468_prompt.txt,pass,fail,verification_failed,0.07,19.77,2026-01-21T22:08:56.040713
1077,mbpp_test,471,471_gen_0.sv,471_testbench.py,471_prompt.txt,fail,N/A,compilation_failed,0.07,0.00,2026-01-21T22:09:16.045161
1078,mbpp_test,472,472_gen_0.sv,472_testbench.py,472_prompt.txt,pass,fail,verification_failed,0.06,19.09,2026-01-21T22:09:16.274439
1079,mbpp_test,473,473_gen_0.sv,473_testbench.py,473_prompt.txt,pass,fail,verification_failed,0.07,19.59,2026-01-21T22:09:35.621306
1080,mbpp_test,474,474_gen_0.sv,474_testbench.py,474_prompt.txt,pass,fail,verification_failed,0.06,20.10,2026-01-21T22:09:55.439949
1081,mbpp_test,477,477_gen_0.sv,477_testbench.py,477_prompt.txt,pass,fail,verification_failed,0.08,19.50,2026-01-21T22:10:15.776290
1082,mbpp_test,479,479_gen_0.sv,479_testbench.py,479_prompt.txt,pass,fail,verification_failed,0.06,19.31,2026-01-21T22:10:35.497987
1083,mbpp_test,57,57_gen_0.sv,57_testbench.py,57_prompt.txt,pass,fail,verification_failed,0.07,21.70,2026-01-21T22:10:55.030218
1084,mbpp_test,58,58_gen_0.sv,58_testbench.py,58_prompt.txt,pass,fail,verification_failed,0.06,20.21,2026-01-21T22:11:16.979162
1085,mbpp_test,61,61_gen_0.sv,61_testbench.py,61_prompt.txt,pass,fail,verification_failed,0.07,19.96,2026-01-21T22:11:37.359840
1086,mbpp_test,62,62_gen_0.sv,62_testbench.py,62_prompt.txt,pass,fail,verification_failed,0.07,21.25,2026-01-21T22:11:57.628325
1087,mbpp_test,64,64_gen_0.sv,64_testbench.py,64_prompt.txt,pass,fail,verification_failed,0.08,20.20,2026-01-21T22:12:19.131666
1088,mbpp_test,65,65_gen_0.sv,65_testbench.py,65_prompt.txt,pass,fail,verification_failed,0.05,20.47,2026-01-21T22:12:39.569755
1089,mbpp_test,66,66_gen_0.sv,66_testbench.py,66_prompt.txt,pass,fail,verification_failed,0.06,19.75,2026-01-21T22:13:00.263461
1090,mbpp_test,67,67_gen_0.sv,67_testbench.py,67_prompt.txt,pass,fail,verification_failed,0.07,23.51,2026-01-21T22:13:20.250407
1091,mbpp_test,69,69_gen_0.sv,69_testbench.py,69_prompt.txt,pass,fail,verification_failed,0.07,25.71,2026-01-21T22:13:44.032066
1092,mbpp_test,70,70_gen_0.sv,70_testbench.py,70_prompt.txt,pass,fail,verification_failed,0.08,21.21,2026-01-21T22:14:09.943155
1093,mbpp_test,71,71_gen_0.sv,71_testbench.py,71_prompt.txt,pass,fail,verification_failed,0.06,20.70,2026-01-21T22:14:31.340389
1094,mbpp_test,72,72_gen_0.sv,72_testbench.py,72_prompt.txt,fail,N/A,compilation_failed,0.06,0.00,2026-01-21T22:14:52.204942
1095,mbpp_test,74,74_gen_0.sv,74_testbench.py,74_prompt.txt,pass,fail,verification_failed,0.06,21.41,2026-01-21T22:14:52.358607
1096,mbpp_test,79,79_gen_0.sv,79_testbench.py,79_prompt.txt,pass,fail,verification_failed,0.07,20.33,2026-01-21T22:15:13.948638
1097,mbpp_test,80,80_gen_0.sv,80_testbench.py,80_prompt.txt,pass,fail,verification_failed,0.06,20.04,2026-01-21T22:15:34.450656
1098,mbpp_test,82,82_gen_0.sv,82_testbench.py,82_prompt.txt,pass,fail,verification_failed,0.07,20.96,2026-01-21T22:15:54.654406
1099,mbpp_test,84,84_gen_0.sv,84_testbench.py,84_prompt.txt,pass,fail,verification_failed,0.07,20.04,2026-01-21T22:16:15.803364
1100,mbpp_test,87,87_gen_0.sv,87_testbench.py,87_prompt.txt,pass,fail,verification_failed,0.08,20.05,2026-01-21T22:16:36.025138
1101,mbpp_test,88,88_gen_0.sv,88_testbench.py,88_prompt.txt,pass,fail,verification_failed,0.07,21.06,2026-01-21T22:16:56.274272
1102,mbpp_test,90,90_gen_0.sv,90_testbench.py,90_prompt.txt,pass,fail,verification_failed,0.07,19.87,2026-01-21T22:17:17.535929
1103,mbpp_test,91,91_gen_0.sv,91_testbench.py,91_prompt.txt,pass,fail,verification_failed,0.07,19.67,2026-01-21T22:17:37.584550
1104,mbpp_test,92,92_gen_0.sv,92_testbench.py,92_prompt.txt,pass,fail,verification_failed,0.09,20.47,2026-01-21T22:17:57.488744
1105,mbpp_test,93,93_gen_0.sv,93_testbench.py,93_prompt.txt,pass,fail,verification_failed,0.07,19.96,2026-01-21T22:18:18.163963
1106,mbpp_test,94,94_gen_0.sv,94_testbench.py,94_prompt.txt,pass,fail,verification_failed,0.08,20.40,2026-01-21T22:18:38.298150
1107,mbpp_test,95,95_gen_0.sv,95_testbench.py,95_prompt.txt,pass,fail,verification_failed,0.08,20.65,2026-01-21T22:18:58.911056
1108,mbpp_test,96,96_gen_0.sv,96_testbench.py,96_prompt.txt,pass,fail,verification_failed,0.07,19.85,2026-01-21T22:19:19.750144
1109,mbpp_test,97,97_gen_0.sv,97_testbench.py,97_prompt.txt,pass,fail,verification_failed,0.07,20.37,2026-01-21T22:19:39.785113
1110,mbpp_train,602,602_gen_0.sv,602_testbench.py,602_prompt.txt,pass,fail,verification_failed,0.08,20.04,2026-01-21T22:20:00.336174
1111,mbpp_train,604,604_gen_0.sv,604_testbench.py,604_prompt.txt,pass,fail,verification_failed,0.07,20.06,2026-01-21T22:20:20.561228
1112,mbpp_train,607,607_gen_0.sv,607_testbench.py,607_prompt.txt,pass,fail,verification_failed,0.07,21.13,2026-01-21T22:20:40.817643
1113,mbpp_train,614,614_gen_0.sv,614_testbench.py,614_prompt.txt,pass,fail,verification_failed,0.08,20.03,2026-01-21T22:21:02.171202
1114,mbpp_train,617,617_gen_0.sv,617_testbench.py,617_prompt.txt,pass,fail,verification_failed,0.07,19.99,2026-01-21T22:21:22.406308
1115,mbpp_train,618,618_gen_0.sv,618_testbench.py,618_prompt.txt,pass,fail,verification_failed,0.07,20.34,2026-01-21T22:21:42.588372
1116,mbpp_train,619,619_gen_0.sv,619_testbench.py,619_prompt.txt,pass,fail,verification_failed,0.06,19.76,2026-01-21T22:22:03.103286
1117,mbpp_train,623,623_gen_0.sv,623_testbench.py,623_prompt.txt,pass,fail,verification_failed,0.06,20.12,2026-01-21T22:22:23.034308
1118,mbpp_train,626,626_gen_0.sv,626_testbench.py,626_prompt.txt,pass,fail,verification_failed,0.07,20.61,2026-01-21T22:22:43.322275
1119,mbpp_train,627,627_gen_0.sv,627_testbench.py,627_prompt.txt,pass,fail,verification_failed,0.08,20.20,2026-01-21T22:23:04.110897
1120,mbpp_train,629,629_gen_0.sv,629_testbench.py,629_prompt.txt,pass,fail,verification_failed,0.06,19.91,2026-01-21T22:23:24.509161
1121,mbpp_train,630,630_gen_0.sv,630_testbench.py,630_prompt.txt,pass,fail,verification_failed,0.06,22.15,2026-01-21T22:23:44.588426
1122,mbpp_train,631,631_gen_0.sv,631_testbench.py,631_prompt.txt,pass,fail,verification_failed,0.07,25.18,2026-01-21T22:24:06.917668
1123,mbpp_train,638,638_gen_0.sv,638_testbench.py,638_prompt.txt,pass,fail,verification_failed,0.07,20.86,2026-01-21T22:24:32.276622
1124,mbpp_train,639,639_gen_0.sv,639_testbench.py,639_prompt.txt,pass,fail,verification_failed,0.08,20.95,2026-01-21T22:24:53.339288
1125,mbpp_train,641,641_gen_0.sv,641_testbench.py,641_prompt.txt,pass,fail,verification_failed,0.06,19.76,2026-01-21T22:25:14.479999
1126,mbpp_train,720,720_gen_0.sv,720_testbench.py,720_prompt.txt,pass,fail,verification_failed,0.07,20.03,2026-01-21T22:25:34.416463
1127,mbpp_train,721,721_gen_0.sv,721_testbench.py,721_prompt.txt,pass,fail,verification_failed,0.07,20.70,2026-01-21T22:25:54.623278
1128,mbpp_train,723,723_gen_0.sv,723_testbench.py,723_prompt.txt,pass,fail,verification_failed,0.06,19.67,2026-01-21T22:26:15.517306
1129,mbpp_train,725,725_gen_0.sv,725_testbench.py,725_prompt.txt,fail,N/A,compilation_failed,0.07,0.00,2026-01-21T22:26:35.351739
1130,mbpp_train,726,726_gen_0.sv,726_testbench.py,726_prompt.txt,pass,fail,verification_failed,0.08,20.05,2026-01-21T22:26:35.529471
1131,mbpp_train,731,731_gen_0.sv,731_testbench.py,731_prompt.txt,pass,fail,verification_failed,0.07,20.56,2026-01-21T22:26:55.778469
1132,mbpp_train,733,733_gen_0.sv,733_testbench.py,733_prompt.txt,pass,fail,verification_failed,0.07,19.85,2026-01-21T22:27:16.529486
1133,mbpp_train,735,735_gen_0.sv,735_testbench.py,735_prompt.txt,pass,fail,verification_failed,0.06,19.98,2026-01-21T22:27:36.568859
1134,mbpp_train,736,736_gen_0.sv,736_testbench.py,736_prompt.txt,pass,fail,verification_failed,0.07,20.42,2026-01-21T22:27:56.738585
1135,mbpp_train,740,740_gen_0.sv,740_testbench.py,740_prompt.txt,pass,fail,verification_failed,0.07,19.89,2026-01-21T22:28:17.342605
1136,mbpp_train,742,742_gen_0.sv,742_testbench.py,742_prompt.txt,pass,fail,verification_failed,0.07,20.03,2026-01-21T22:28:37.434180
1137,mbpp_train,746,746_gen_0.sv,746_testbench.py,746_prompt.txt,pass,fail,verification_failed,0.09,20.58,2026-01-21T22:28:57.713693
1138,mbpp_train,751,751_gen_0.sv,751_testbench.py,751_prompt.txt,pass,fail,verification_failed,0.07,19.85,2026-01-21T22:29:18.505565
1139,mbpp_train,753,753_gen_0.sv,753_testbench.py,753_prompt.txt,pass,fail,verification_failed,0.06,20.16,2026-01-21T22:29:38.556181
1140,mbpp_train,754,754_gen_0.sv,754_testbench.py,754_prompt.txt,pass,fail,verification_failed,0.07,20.44,2026-01-21T22:29:58.900102
1141,mbpp_train,755,755_gen_0.sv,755_testbench.py,755_prompt.txt,pass,fail,verification_failed,0.06,19.60,2026-01-21T22:30:19.525025
1142,mbpp_train,757,757_gen_0.sv,757_testbench.py,757_prompt.txt,pass,fail,verification_failed,0.06,20.43,2026-01-21T22:30:39.311310
1143,mbpp_train,762,762_gen_0.sv,762_testbench.py,762_prompt.txt,pass,fail,verification_failed,0.07,20.19,2026-01-21T22:30:59.922699
1144,mbpp_train,765,765_gen_0.sv,765_testbench.py,765_prompt.txt,pass,fail,verification_failed,0.07,19.81,2026-01-21T22:31:20.307015
1145,mbpp_train,766,766_gen_0.sv,766_testbench.py,766_prompt.txt,pass,fail,verification_failed,0.06,20.52,2026-01-21T22:31:40.310282
1146,mbpp_train,771,771_gen_0.sv,771_testbench.py,771_prompt.txt,pass,fail,verification_failed,0.07,20.04,2026-01-21T22:32:00.998431
1147,mbpp_train,772,772_gen_0.sv,772_testbench.py,772_prompt.txt,pass,fail,verification_failed,0.06,19.96,2026-01-21T22:32:21.234846
1148,mbpp_train,773,773_gen_0.sv,773_testbench.py,773_prompt.txt,pass,fail,verification_failed,0.07,20.46,2026-01-21T22:32:41.381246
1149,mbpp_train,775,775_gen_0.sv,775_testbench.py,775_prompt.txt,pass,fail,verification_failed,0.06,19.98,2026-01-21T22:33:02.032064
1150,mbpp_train,776,776_gen_0.sv,776_testbench.py,776_prompt.txt,pass,fail,verification_failed,0.07,20.58,2026-01-21T22:33:22.188867
1151,mbpp_train,777,777_gen_0.sv,777_testbench.py,777_prompt.txt,pass,fail,verification_failed,0.08,21.59,2026-01-21T22:33:42.949306
1152,mbpp_train,778,778_gen_0.sv,778_testbench.py,778_prompt.txt,pass,fail,verification_failed,0.07,20.33,2026-01-21T22:34:04.748302
1153,mbpp_train,781,781_gen_0.sv,781_testbench.py,781_prompt.txt,pass,fail,verification_failed,0.07,20.64,2026-01-21T22:34:25.268254
1154,mbpp_train,783,783_gen_0.sv,783_testbench.py,783_prompt.txt,pass,fail,verification_failed,0.07,20.71,2026-01-21T22:34:46.074272
1155,mbpp_train,784,784_gen_0.sv,784_testbench.py,784_prompt.txt,pass,fail,verification_failed,0.08,20.21,2026-01-21T22:35:06.971104
1156,mbpp_train,785,785_gen_0.sv,785_testbench.py,785_prompt.txt,pass,fail,verification_failed,0.07,22.36,2026-01-21T22:35:27.389897
1157,mbpp_train,786,786_gen_0.sv,786_testbench.py,786_prompt.txt,pass,fail,verification_failed,0.06,20.58,2026-01-21T22:35:49.932562
1158,mbpp_train,787,787_gen_0.sv,787_testbench.py,787_prompt.txt,pass,fail,verification_failed,0.06,20.06,2026-01-21T22:36:10.688548
1159,mbpp_train,788,788_gen_0.sv,788_testbench.py,788_prompt.txt,pass,fail,verification_failed,0.07,20.36,2026-01-21T22:36:30.906525
1160,mbpp_train,790,790_gen_0.sv,790_testbench.py,790_prompt.txt,fail,N/A,compilation_failed,0.07,0.00,2026-01-21T22:36:51.496927
1161,mbpp_train,794,794_gen_0.sv,794_testbench.py,794_prompt.txt,pass,fail,verification_failed,0.07,22.69,2026-01-21T22:36:51.692980
1162,mbpp_train,797,797_gen_0.sv,797_testbench.py,797_prompt.txt,pass,fail,verification_failed,0.07,20.71,2026-01-21T22:37:14.572540
1163,mbpp_train,799,799_gen_0.sv,799_testbench.py,799_prompt.txt,pass,fail,verification_failed,0.07,20.67,2026-01-21T22:37:35.466786
1164,mbpp_train,801,801_gen_0.sv,801_testbench.py,801_prompt.txt,pass,fail,verification_failed,0.06,21.23,2026-01-21T22:37:56.325383
1165,mbpp_train,802,802_gen_0.sv,802_testbench.py,802_prompt.txt,pass,fail,verification_failed,0.07,20.78,2026-01-21T22:38:17.739773
1166,mbpp_train,803,803_gen_0.sv,803_testbench.py,803_prompt.txt,pass,fail,verification_failed,0.07,21.57,2026-01-21T22:38:38.718767
1167,mbpp_train,804,804_gen_0.sv,804_testbench.py,804_prompt.txt,pass,fail,verification_failed,0.08,21.61,2026-01-21T22:39:00.506430
1168,mbpp_train,807,807_gen_0.sv,807_testbench.py,807_prompt.txt,pass,fail,verification_failed,0.08,21.21,2026-01-21T22:39:22.315126
1169,mbpp_train,809,809_gen_0.sv,809_testbench.py,809_prompt.txt,pass,fail,verification_failed,0.08,21.66,2026-01-21T22:39:43.721772
1170,mbpp_validation,555,555_gen_0.sv,555_testbench.py,555_prompt.txt,pass,fail,verification_failed,0.07,21.42,2026-01-21T22:40:05.588017
1171,mbpp_validation,556,556_gen_0.sv,556_testbench.py,556_prompt.txt,pass,fail,verification_failed,0.07,21.41,2026-01-21T22:40:27.200141
1172,mbpp_validation,558,558_gen_0.sv,558_testbench.py,558_prompt.txt,pass,fail,verification_failed,0.08,23.13,2026-01-21T22:40:48.818768
1173,mbpp_validation,559,559_gen_0.sv,559_testbench.py,559_prompt.txt,fail,N/A,compilation_failed,0.07,0.00,2026-01-21T22:41:12.154651
1174,mbpp_validation,560,560_gen_0.sv,560_testbench.py,560_prompt.txt,pass,fail,verification_failed,0.08,22.15,2026-01-21T22:41:12.322603
1175,mbpp_validation,562,562_gen_0.sv,562_testbench.py,562_prompt.txt,pass,fail,verification_failed,0.07,21.76,2026-01-21T22:41:34.679508
1176,mbpp_validation,565,565_gen_0.sv,565_testbench.py,565_prompt.txt,pass,fail,verification_failed,0.07,22.21,2026-01-21T22:41:56.615061
1177,mbpp_validation,567,567_gen_0.sv,567_testbench.py,567_prompt.txt,pass,fail,verification_failed,0.07,22.52,2026-01-21T22:42:19.016685
1178,mbpp_validation,572,572_gen_0.sv,572_testbench.py,572_prompt.txt,pass,fail,verification_failed,0.07,22.55,2026-01-21T22:42:41.728225
1179,mbpp_validation,573,573_gen_0.sv,573_testbench.py,573_prompt.txt,pass,fail,verification_failed,0.07,21.06,2026-01-21T22:43:04.475737
1180,mbpp_validation,574,574_gen_0.sv,574_testbench.py,574_prompt.txt,pass,fail,verification_failed,0.07,20.84,2026-01-21T22:43:25.721606
1181,mbpp_validation,576,576_gen_0.sv,576_testbench.py,576_prompt.txt,fail,N/A,compilation_failed,0.06,0.00,2026-01-21T22:43:46.741777
1182,mbpp_validation,578,578_gen_0.sv,578_testbench.py,578_prompt.txt,pass,fail,verification_failed,0.07,22.98,2026-01-21T22:43:46.915072
1183,mbpp_validation,583,583_gen_0.sv,583_testbench.py,583_prompt.txt,pass,fail,verification_failed,0.07,21.15,2026-01-21T22:44:10.077900
1184,mbpp_validation,588,588_gen_0.sv,588_testbench.py,588_prompt.txt,pass,fail,verification_failed,0.07,21.09,2026-01-21T22:44:31.411320
1185,mbpp_validation,589,589_gen_0.sv,589_testbench.py,589_prompt.txt,fail,N/A,compilation_failed,0.06,0.00,2026-01-21T22:44:52.693090
1186,mbpp_validation,590,590_gen_0.sv,590_testbench.py,590_prompt.txt,pass,fail,verification_failed,0.07,21.42,2026-01-21T22:44:52.865474
1187,mbpp_validation,592,592_gen_0.sv,592_testbench.py,592_prompt.txt,pass,fail,verification_failed,0.07,20.86,2026-01-21T22:45:14.472711
1188,mbpp_validation,593,593_gen_0.sv,593_testbench.py,593_prompt.txt,pass,fail,verification_failed,0.06,20.19,2026-01-21T22:45:35.505415
1189,mbpp_validation,594,594_gen_0.sv,594_testbench.py,594_prompt.txt,pass,fail,verification_failed,0.06,20.52,2026-01-21T22:45:55.874126
1190,mbpp_validation,595,595_gen_0.sv,595_testbench.py,595_prompt.txt,pass,fail,verification_failed,0.07,19.95,2026-01-21T22:46:16.585343
1191,mbpp_validation,596,596_gen_0.sv,596_testbench.py,596_prompt.txt,pass,fail,verification_failed,0.06,19.66,2026-01-21T22:46:36.723608
1192,mbpp_validation,598,598_gen_0.sv,598_testbench.py,598_prompt.txt,pass,fail,verification_failed,0.07,20.69,2026-01-21T22:46:56.562401
