task_id,source,iteration,input_tokens,output_tokens,reasoning_tokens,verilog_file,model_name,finish_reason,system_fingerprint,run_id
743,mbpp_train,0,536,1068,0,C:\Users\durgamaniryudh\Desktop\Learn\llm_eval\test\mbpp_train\743\743_gen_0.sv,mistralai/devstral-2512:free,stop,,gen-1766346853-CgcIqtjuDFeben6ntTQi
738,mbpp_train,0,781,484,0,C:\Users\durgamaniryudh\Desktop\Learn\llm_eval\test\mbpp_train\738\738_gen_0.sv,mistralai/devstral-2512:free,stop,,gen-1766346853-8fflxhIn3gPYhNWYodkT
3306,aapp_competition_test,0,788,1216,0,C:\Users\durgamaniryudh\Desktop\Learn\llm_eval\test\aapp_competition_test\3306\3306_gen_0.sv,mistralai/devstral-2512:free,stop,,gen-1766346853-rQPpHkIpenSvVcdtFeAK
740,mbpp_train,0,701,437,0,C:\Users\durgamaniryudh\Desktop\Learn\llm_eval\test\mbpp_train\740\740_gen_0.sv,mistralai/devstral-2512:free,stop,,gen-1766346861-dzKhS24xf829nievGW3p
3305,aapp_competition_test,0,873,1191,0,C:\Users\durgamaniryudh\Desktop\Learn\llm_eval\test\aapp_competition_test\3305\3305_gen_0.sv,mistralai/devstral-2512:free,stop,,gen-1766346853-nKbLtYYwzPJOLhaH3C11
3545,aapp_competition_test,0,2474,1302,0,C:\Users\durgamaniryudh\Desktop\Learn\llm_eval\test\aapp_competition_test\3545\3545_gen_0.sv,mistralai/devstral-2512:free,stop,,gen-1766346853-Zo4pIGC0Nnm4jbMKWJ2R
3304,aapp_competition_test,0,652,1541,0,C:\Users\durgamaniryudh\Desktop\Learn\llm_eval\test\aapp_competition_test\3304\3304_gen_0.sv,mistralai/devstral-2512:free,stop,,gen-1766346853-24r6vJFRAoqRF8ppSrwt
3544,aapp_competition_test,0,850,1444,0,C:\Users\durgamaniryudh\Desktop\Learn\llm_eval\test\aapp_competition_test\3544\3544_gen_0.sv,mistralai/devstral-2512:free,stop,,gen-1766346853-tD6kl4hJ8ZIWBGugMyFK
3652,aapp_competition_test,0,747,1252,0,C:\Users\durgamaniryudh\Desktop\Learn\llm_eval\test\aapp_competition_test\3652\3652_gen_0.sv,mistralai/devstral-2512:free,stop,,gen-1766346860-LR3vAYDurDUSQImX5bJ2
3649,aapp_competition_test,0,749,1684,0,C:\Users\durgamaniryudh\Desktop\Learn\llm_eval\test\aapp_competition_test\3649\3649_gen_0.sv,mistralai/devstral-2512:free,stop,,gen-1766346853-6fyVu29K9tIIP923M5i9
750,mbpp_train,0,476,149,0,C:\Users\durgamaniryudh\Desktop\Learn\llm_eval\test\mbpp_train\750\750_gen_0.sv,mistralai/devstral-2512:free,stop,,gen-1766346875-6vZSz5mW2nnsdYTO6IH9
3546,aapp_competition_test,0,671,1787,0,C:\Users\durgamaniryudh\Desktop\Learn\llm_eval\test\aapp_competition_test\3546\3546_gen_0.sv,mistralai/devstral-2512:free,stop,,gen-1766346853-qFgYTZxJarVtwG3i6xHM
3645,aapp_competition_test,0,870,2311,0,C:\Users\durgamaniryudh\Desktop\Learn\llm_eval\test\aapp_competition_test\3645\3645_gen_0.sv,mistralai/devstral-2512:free,stop,,gen-1766346853-Q6XdmoARPWpYtvs24azT
745,mbpp_train,0,743,733,0,C:\Users\durgamaniryudh\Desktop\Learn\llm_eval\test\mbpp_train\745\745_gen_0.sv,mistralai/devstral-2512:free,stop,,gen-1766346871-j46WDPbH0XVEHAuwyl66
3309,aapp_competition_test,0,758,1518,0,C:\Users\durgamaniryudh\Desktop\Learn\llm_eval\test\aapp_competition_test\3309\3309_gen_0.sv,mistralai/devstral-2512:free,stop,,gen-1766346868-toDcNcpovZuCjFyvjRcu
3548,aapp_competition_test,0,666,746,0,C:\Users\durgamaniryudh\Desktop\Learn\llm_eval\test\aapp_competition_test\3548\3548_gen_0.sv,mistralai/devstral-2512:free,stop,,gen-1766346874-nLrsb1QufvhXyhy9liks
3310,aapp_competition_test,0,930,1796,0,C:\Users\durgamaniryudh\Desktop\Learn\llm_eval\test\aapp_competition_test\3310\3310_gen_0.sv,mistralai/devstral-2512:free,stop,,gen-1766346874-e2o14IurhhYa3ejzewER
3547,aapp_competition_test,0,762,2043,0,C:\Users\durgamaniryudh\Desktop\Learn\llm_eval\test\aapp_competition_test\3547\3547_gen_0.sv,mistralai/devstral-2512:free,stop,,gen-1766346870-Nb7iokcV8tGu6VEdvGPu
3653,aapp_competition_test,0,3345,2168,0,C:\Users\durgamaniryudh\Desktop\Learn\llm_eval\test\aapp_competition_test\3653\3653_gen_0.sv,mistralai/devstral-2512:free,stop,,gen-1766346870-YcpiK9MKtKpYwlRfBpOE
3650,aapp_competition_test,0,843,1879,0,C:\Users\durgamaniryudh\Desktop\Learn\llm_eval\test\aapp_competition_test\3650\3650_gen_0.sv,mistralai/devstral-2512:free,stop,,gen-1766346874-VHSKLMBcp9QS6eTa8QBY
3311,aapp_competition_test,0,976,950,0,C:\Users\durgamaniryudh\Desktop\Learn\llm_eval\test\aapp_competition_test\3311\3311_gen_0.sv,mistralai/devstral-2512:free,stop,,gen-1766346887-GfxWVIxV0I0p8yX6QxHr
3655,aapp_competition_test,0,1856,1734,0,C:\Users\durgamaniryudh\Desktop\Learn\llm_eval\test\aapp_competition_test\3655\3655_gen_0.sv,mistralai/devstral-2512:free,stop,,gen-1766346882-qk1InuAtocY4A5XQMIv9
3552,aapp_competition_test,0,683,908,0,C:\Users\durgamaniryudh\Desktop\Learn\llm_eval\test\aapp_competition_test\3552\3552_gen_0.sv,mistralai/devstral-2512:free,stop,,gen-1766346888-H3adQb5mg3fGJLUTlfpA
748,mbpp_train,0,764,1165,0,C:\Users\durgamaniryudh\Desktop\Learn\llm_eval\test\mbpp_train\748\748_gen_0.sv,mistralai/devstral-2512:free,stop,,gen-1766346887-8ngdkBK9F6Lhb6XZWxeI
752,mbpp_train,0,623,624,0,C:\Users\durgamaniryudh\Desktop\Learn\llm_eval\test\mbpp_train\752\752_gen_0.sv,mistralai/devstral-2512:free,stop,,gen-1766346900-i8b5b1bJP9ZLTPqo9LLe
3308,aapp_competition_test,0,1119,2537,0,C:\Users\durgamaniryudh\Desktop\Learn\llm_eval\test\aapp_competition_test\3308\3308_gen_0.sv,mistralai/devstral-2512:free,stop,,gen-1766346878-JRlyLt1SRyR0qNUTTmTu
3549,aapp_competition_test,0,1484,1276,0,C:\Users\durgamaniryudh\Desktop\Learn\llm_eval\test\aapp_competition_test\3549\3549_gen_0.sv,mistralai/devstral-2512:free,stop,,gen-1766346899-YR0zziUWt2djYVBI7ynS
747,mbpp_train,0,1044,1291,0,C:\Users\durgamaniryudh\Desktop\Learn\llm_eval\test\mbpp_train\747\747_gen_0.sv,mistralai/devstral-2512:free,stop,,gen-1766346895-aWlET0Boak8zjmiVrT5s
3658,aapp_competition_test,0,800,1570,0,C:\Users\durgamaniryudh\Desktop\Learn\llm_eval\test\aapp_competition_test\3658\3658_gen_0.sv,mistralai/devstral-2512:free,stop,,gen-1766346895-U6URVFmFLj0p0cgh9wUN
3314,aapp_competition_test,0,817,1003,0,C:\Users\durgamaniryudh\Desktop\Learn\llm_eval\test\aapp_competition_test\3314\3314_gen_0.sv,mistralai/devstral-2512:free,stop,,gen-1766346905-HURFSw70q9oRi4K3RqCv
754,mbpp_train,0,508,164,0,C:\Users\durgamaniryudh\Desktop\Learn\llm_eval\test\mbpp_train\754\754_gen_0.sv,mistralai/devstral-2512:free,stop,,gen-1766346919-rhMjTLcP3v9nxfL3xPuU
3659,aapp_competition_test,0,785,1585,0,C:\Users\durgamaniryudh\Desktop\Learn\llm_eval\test\aapp_competition_test\3659\3659_gen_0.sv,mistralai/devstral-2512:free,stop,,gen-1766346899-wBeuEpebpdR3XxWgNFlp
3312,aapp_competition_test,0,899,2843,0,C:\Users\durgamaniryudh\Desktop\Learn\llm_eval\test\aapp_competition_test\3312\3312_gen_0.sv,mistralai/devstral-2512:free,stop,,gen-1766346896-b1bJSuTCMRIKLeLCOxCd
3557,aapp_competition_test,0,844,1141,0,C:\Users\durgamaniryudh\Desktop\Learn\llm_eval\test\aapp_competition_test\3557\3557_gen_0.sv,mistralai/devstral-2512:free,stop,,gen-1766346912-f6gPg1GSXOS4RWKtNA4J
3656,aapp_competition_test,0,1203,2067,0,C:\Users\durgamaniryudh\Desktop\Learn\llm_eval\test\aapp_competition_test\3656\3656_gen_0.sv,mistralai/devstral-2512:free,stop,,gen-1766346908-FvjLORkfJa3d8XIEZMtX
3553,aapp_competition_test,0,876,1686,0,C:\Users\durgamaniryudh\Desktop\Learn\llm_eval\test\aapp_competition_test\3553\3553_gen_0.sv,mistralai/devstral-2512:free,stop,,gen-1766346906-2doYRqEiP0BVXukKTiqP
753,mbpp_train,0,757,2380,0,C:\Users\durgamaniryudh\Desktop\Learn\llm_eval\test\mbpp_train\753\753_gen_0.sv,mistralai/devstral-2512:free,stop,,gen-1766346910-ORhkz1L0XcmHz9Xvmctp
3560,aapp_competition_test,0,1047,1537,0,C:\Users\durgamaniryudh\Desktop\Learn\llm_eval\test\aapp_competition_test\3560\3560_gen_0.sv,mistralai/devstral-2512:free,stop,,gen-1766346923-mhgG4BxwzSFBcvxS9Il3
749,mbpp_train,0,1079,597,0,C:\Users\durgamaniryudh\Desktop\Learn\llm_eval\test\mbpp_train\749\749_gen_0.sv,mistralai/devstral-2512:free,stop,,gen-1766346932-KS7yYlRPnoUIQGGHsttj
3315,aapp_competition_test,0,956,1693,0,C:\Users\durgamaniryudh\Desktop\Learn\llm_eval\test\aapp_competition_test\3315\3315_gen_0.sv,mistralai/devstral-2512:free,stop,,gen-1766346922-dBMRx6Irbr2YVjAHLQat
3317,aapp_competition_test,0,650,769,0,C:\Users\durgamaniryudh\Desktop\Learn\llm_eval\test\aapp_competition_test\3317\3317_gen_0.sv,mistralai/devstral-2512:free,stop,,gen-1766346933-b4mM0JaQgtZE2EgOrbyk
3550,aapp_competition_test,0,1148,2983,0,C:\Users\durgamaniryudh\Desktop\Learn\llm_eval\test\aapp_competition_test\3550\3550_gen_0.sv,mistralai/devstral-2512:free,stop,,gen-1766346879-QxrrqJ9YMdroKtodUP14
3654,aapp_competition_test,0,1085,1534,0,C:\Users\durgamaniryudh\Desktop\Learn\llm_eval\test\aapp_competition_test\3654\3654_gen_0.sv,mistralai/devstral-2512:free,stop,,gen-1766346932-CLakINWEXevdadN8fTkN
3316,aapp_competition_test,0,836,1194,0,C:\Users\durgamaniryudh\Desktop\Learn\llm_eval\test\aapp_competition_test\3316\3316_gen_0.sv,mistralai/devstral-2512:free,stop,,gen-1766346911-mua3HV5ukRp1E0zS30um
3660,aapp_competition_test,0,979,2499,0,C:\Users\durgamaniryudh\Desktop\Learn\llm_eval\test\aapp_competition_test\3660\3660_gen_0.sv,mistralai/devstral-2512:free,stop,,gen-1766346916-M9MKieB0AfAMbvg04pzM
757,mbpp_train,0,674,1298,0,C:\Users\durgamaniryudh\Desktop\Learn\llm_eval\test\mbpp_train\757\757_gen_0.sv,mistralai/devstral-2512:free,stop,,gen-1766346948-IbjobkS5nJQPe9qqpoo0
3318,aapp_competition_test,0,894,1363,0,C:\Users\durgamaniryudh\Desktop\Learn\llm_eval\test\aapp_competition_test\3318\3318_gen_0.sv,mistralai/devstral-2512:free,stop,,gen-1766346945-jwKoqeI6MDUuhzUCY6Mr
3563,aapp_competition_test,0,649,1054,0,C:\Users\durgamaniryudh\Desktop\Learn\llm_eval\test\aapp_competition_test\3563\3563_gen_0.sv,mistralai/devstral-2512:free,stop,,gen-1766346951-ueL3f8EXCJuuI3quMvfA
3320,aapp_competition_test,0,606,967,0,C:\Users\durgamaniryudh\Desktop\Learn\llm_eval\test\aapp_competition_test\3320\3320_gen_0.sv,mistralai/devstral-2512:free,stop,,gen-1766346950-4RD25T9v60SIyw4MgabX
3661,aapp_competition_test,0,664,1368,0,C:\Users\durgamaniryudh\Desktop\Learn\llm_eval\test\aapp_competition_test\3661\3661_gen_0.sv,mistralai/devstral-2512:free,stop,,gen-1766346948-Rdwxb0XiYvcLHGcRYXM3
751,mbpp_train,0,723,666,0,C:\Users\durgamaniryudh\Desktop\Learn\llm_eval\test\mbpp_train\751\751_gen_0.sv,mistralai/devstral-2512:free,stop,,gen-1766346968-Aauj7lzn8js5NczeOOOD
3567,aapp_competition_test,0,633,1220,0,C:\Users\durgamaniryudh\Desktop\Learn\llm_eval\test\aapp_competition_test\3567\3567_gen_0.sv,mistralai/devstral-2512:free,stop,,gen-1766346965-l2wLbz6qARhaGwV0wd76
756,mbpp_train,0,689,638,0,C:\Users\durgamaniryudh\Desktop\Learn\llm_eval\test\mbpp_train\756\756_gen_0.sv,mistralai/devstral-2512:free,stop,,gen-1766346942-Gcw4ig0C3VpPnOk5fwLa
3662,aapp_competition_test,0,997,1902,0,C:\Users\durgamaniryudh\Desktop\Learn\llm_eval\test\aapp_competition_test\3662\3662_gen_0.sv,mistralai/devstral-2512:free,stop,,gen-1766346956-e83dShnyeYtDruK5Lmb9
3665,aapp_competition_test,0,849,1189,0,C:\Users\durgamaniryudh\Desktop\Learn\llm_eval\test\aapp_competition_test\3665\3665_gen_0.sv,mistralai/devstral-2512:free,stop,,gen-1766346967-ut8Fa7duRpvG7ZjWpVGd
760,mbpp_train,0,582,122,0,C:\Users\durgamaniryudh\Desktop\Learn\llm_eval\test\mbpp_train\760\760_gen_0.sv,mistralai/devstral-2512:free,stop,,gen-1766346983-r31qdnL4pKwnNogEKTP6
3323,aapp_competition_test,0,900,560,0,C:\Users\durgamaniryudh\Desktop\Learn\llm_eval\test\aapp_competition_test\3323\3323_gen_0.sv,mistralai/devstral-2512:free,stop,,gen-1766346984-XKb11DRIksjqZa839Bam
3562,aapp_competition_test,0,799,1721,0,C:\Users\durgamaniryudh\Desktop\Learn\llm_eval\test\aapp_competition_test\3562\3562_gen_0.sv,mistralai/devstral-2512:free,stop,,gen-1766346947-u47NXGgqupy0svNADJNK
762,mbpp_train,0,372,88,0,C:\Users\durgamaniryudh\Desktop\Learn\llm_eval\test\mbpp_train\762\762_gen_0.sv,mistralai/devstral-2512:free,stop,,gen-1766346993-yqm81n70uwddqqvyaERy
3568,aapp_competition_test,0,1546,1409,0,C:\Users\durgamaniryudh\Desktop\Learn\llm_eval\test\aapp_competition_test\3568\3568_gen_0.sv,mistralai/devstral-2512:free,stop,,gen-1766346985-s8HST1SmtBNMqc2HXkyt
3670,aapp_competition_test,0,860,944,0,C:\Users\durgamaniryudh\Desktop\Learn\llm_eval\test\aapp_competition_test\3670\3670_gen_0.sv,mistralai/devstral-2512:free,stop,,gen-1766346991-YTPYrSgps1Rj7y0XfZql
3313,aapp_competition_test,0,737,1673,0,C:\Users\durgamaniryudh\Desktop\Learn\llm_eval\test\aapp_competition_test\3313\3313_gen_0.sv,mistralai/devstral-2512:free,stop,,gen-1766346964-AItQCM0MD2V0w7VqmJ32
3664,aapp_competition_test,0,772,1373,0,C:\Users\durgamaniryudh\Desktop\Learn\llm_eval\test\aapp_competition_test\3664\3664_gen_0.sv,mistralai/devstral-2512:free,stop,,gen-1766346937-SVtSoCbQV2yaVtX76zLL
3319,aapp_competition_test,0,1227,2912,0,C:\Users\durgamaniryudh\Desktop\Learn\llm_eval\test\aapp_competition_test\3319\3319_gen_0.sv,mistralai/devstral-2512:free,stop,,gen-1766346977-E1TdoVLgxD9yF9D1jjH7
3564,aapp_competition_test,0,1157,2352,0,C:\Users\durgamaniryudh\Desktop\Learn\llm_eval\test\aapp_competition_test\3564\3564_gen_0.sv,mistralai/devstral-2512:free,stop,,gen-1766346982-Ew5NHhDcmmKiu5eJvnFg
3559,aapp_competition_test,0,1214,8587,0,C:\Users\durgamaniryudh\Desktop\Learn\llm_eval\test\aapp_competition_test\3559\3559_gen_0.sv,mistralai/devstral-2512:free,stop,,gen-1766346933-7QrHLRRxTlXu0nnQIvI3
3666,aapp_competition_test,0,981,2698,0,C:\Users\durgamaniryudh\Desktop\Learn\llm_eval\test\aapp_competition_test\3666\3666_gen_0.sv,mistralai/devstral-2512:free,stop,,gen-1766346982-WuT1Ig3MqekF7JdpR2pi
3663,aapp_competition_test,0,1741,1032,0,C:\Users\durgamaniryudh\Desktop\Learn\llm_eval\test\aapp_competition_test\3663\3663_gen_0.sv,mistralai/devstral-2512:free,stop,,gen-1766347005-D2rfNmKYfE6p63S4D228
3322,aapp_competition_test,0,938,1179,0,C:\Users\durgamaniryudh\Desktop\Learn\llm_eval\test\aapp_competition_test\3322\3322_gen_0.sv,mistralai/devstral-2512:free,stop,,gen-1766346994-bO54ecMY5AZgHH0hzzSk
759,mbpp_train,0,676,1054,0,C:\Users\durgamaniryudh\Desktop\Learn\llm_eval\test\mbpp_train\759\759_gen_0.sv,mistralai/devstral-2512:free,stop,,gen-1766347006-qaps0GFtfrkMKjJShzJW
764,mbpp_train,0,550,664,0,C:\Users\durgamaniryudh\Desktop\Learn\llm_eval\test\mbpp_train\764\764_gen_0.sv,mistralai/devstral-2512:free,stop,,gen-1766347022-epObBJwVSOsfkmoFp01p
3672,aapp_competition_test,0,817,1126,0,C:\Users\durgamaniryudh\Desktop\Learn\llm_eval\test\aapp_competition_test\3672\3672_gen_0.sv,mistralai/devstral-2512:free,stop,,gen-1766347019-ktxFCpLfJFCb6zAJ5Kip
758,mbpp_train,0,927,1572,0,C:\Users\durgamaniryudh\Desktop\Learn\llm_eval\test\mbpp_train\758\758_gen_0.sv,mistralai/devstral-2512:free,stop,,gen-1766347013-JV2GXbqSphAjMO860Xjb
3328,aapp_competition_test,0,642,2918,0,C:\Users\durgamaniryudh\Desktop\Learn\llm_eval\test\aapp_competition_test\3328\3328_gen_0.sv,mistralai/devstral-2512:free,stop,,gen-1766347018-uRLJ9soxSOjac2AuTlAc
3570,aapp_competition_test,0,1069,1888,0,C:\Users\durgamaniryudh\Desktop\Learn\llm_eval\test\aapp_competition_test\3570\3570_gen_0.sv,mistralai/devstral-2512:free,stop,,gen-1766347018-bnfGZlP5QpBV2LA9LJkk
3675,aapp_competition_test,0,3158,1157,0,C:\Users\durgamaniryudh\Desktop\Learn\llm_eval\test\aapp_competition_test\3675\3675_gen_0.sv,mistralai/devstral-2512:free,stop,,gen-1766347044-IgAU47taTmGUwDn39OXN
3569,aapp_competition_test,0,815,1536,0,C:\Users\durgamaniryudh\Desktop\Learn\llm_eval\test\aapp_competition_test\3569\3569_gen_0.sv,mistralai/devstral-2512:free,,,gen-1766347000-hWFrTj7UpRvt3xXXKfSL
3327,aapp_competition_test,0,748,2215,0,C:\Users\durgamaniryudh\Desktop\Learn\llm_eval\test\aapp_competition_test\3327\3327_gen_0.sv,mistralai/devstral-2512:free,stop,,gen-1766347032-SC6XIFaqgFgLLB8YFELe
3667,aapp_competition_test,0,1729,2035,0,C:\Users\durgamaniryudh\Desktop\Learn\llm_eval\test\aapp_competition_test\3667\3667_gen_0.sv,mistralai/devstral-2512:free,stop,,gen-1766347010-SDIz34hw0N3sDOTtE7Vl
3572,aapp_competition_test,0,949,1569,0,C:\Users\durgamaniryudh\Desktop\Learn\llm_eval\test\aapp_competition_test\3572\3572_gen_0.sv,mistralai/devstral-2512:free,stop,,gen-1766347009-xJFJSERzWR7nI7ocr9OH
770,mbpp_train,0,538,419,0,C:\Users\durgamaniryudh\Desktop\Learn\llm_eval\test\mbpp_train\770\770_gen_0.sv,mistralai/devstral-2512:free,stop,,gen-1766347066-YY7ZAlthqPjrO24XNFLO
3326,aapp_competition_test,0,720,1493,0,C:\Users\durgamaniryudh\Desktop\Learn\llm_eval\test\aapp_competition_test\3326\3326_gen_0.sv,mistralai/devstral-2512:free,stop,,gen-1766347052-9BaD3cm04JhPhQR8sfVr
3674,aapp_competition_test,0,833,1068,0,C:\Users\durgamaniryudh\Desktop\Learn\llm_eval\test\aapp_competition_test\3674\3674_gen_0.sv,mistralai/devstral-2512:free,stop,,gen-1766347058-9dnwmhrFvoLHdyNC9gdJ
766,mbpp_train,0,484,195,0,C:\Users\durgamaniryudh\Desktop\Learn\llm_eval\test\mbpp_train\766\766_gen_0.sv,mistralai/devstral-2512:free,stop,,gen-1766347074-rbPu2Ard7eJV3xm7RmCn
3574,aapp_competition_test,0,2911,825,0,C:\Users\durgamaniryudh\Desktop\Learn\llm_eval\test\aapp_competition_test\3574\3574_gen_0.sv,mistralai/devstral-2512:free,stop,,gen-1766347040-Trb8KvY3NroTb0EV9m1c
3673,aapp_competition_test,0,1868,1463,0,C:\Users\durgamaniryudh\Desktop\Learn\llm_eval\test\aapp_competition_test\3673\3673_gen_0.sv,mistralai/devstral-2512:free,stop,,gen-1766347073-DDAkcENFAqfdSylQTGrS
3331,aapp_competition_test,0,954,1227,0,C:\Users\durgamaniryudh\Desktop\Learn\llm_eval\test\aapp_competition_test\3331\3331_gen_0.sv,mistralai/devstral-2512:free,stop,,gen-1766347076-DKiK3xgOwfCUiKTtSowF
3575,aapp_competition_test,0,1765,1765,0,C:\Users\durgamaniryudh\Desktop\Learn\llm_eval\test\aapp_competition_test\3575\3575_gen_0.sv,mistralai/devstral-2512:free,stop,,gen-1766347069-DAIOXWjyubAMhVuce0h1
3577,aapp_competition_test,0,845,260,0,C:\Users\durgamaniryudh\Desktop\Learn\llm_eval\test\aapp_competition_test\3577\3577_gen_0.sv,mistralai/devstral-2512:free,stop,,gen-1766347088-n9cjA4pO8hv0lcGMDV2T
3571,aapp_competition_test,0,3895,3910,0,C:\Users\durgamaniryudh\Desktop\Learn\llm_eval\test\aapp_competition_test\3571\3571_gen_0.sv,mistralai/devstral-2512:free,stop,,gen-1766347057-I9gyKWVUt74XzI5dzuyl
3676,aapp_competition_test,0,916,905,0,C:\Users\durgamaniryudh\Desktop\Learn\llm_eval\test\aapp_competition_test\3676\3676_gen_0.sv,mistralai/devstral-2512:free,stop,,gen-1766347097-dY8molwQlRW8PhfxEtz4
771,mbpp_train,0,671,1692,0,C:\Users\durgamaniryudh\Desktop\Learn\llm_eval\test\mbpp_train\771\771_gen_0.sv,mistralai/devstral-2512:free,stop,,gen-1766347093-dHjaMH6OppTj5najW6d7
3325,aapp_competition_test,0,3214,2269,0,C:\Users\durgamaniryudh\Desktop\Learn\llm_eval\test\aapp_competition_test\3325\3325_gen_0.sv,mistralai/devstral-2512:free,stop,,gen-1766347093-SyNGomzHSRYQhKnwlOkO
767,mbpp_train,0,623,1554,0,C:\Users\durgamaniryudh\Desktop\Learn\llm_eval\test\mbpp_train\767\767_gen_0.sv,mistralai/devstral-2512:free,stop,,gen-1766347101-AkN3BK3NN8mkRMP3g3W8
763,mbpp_train,0,640,1260,0,C:\Users\durgamaniryudh\Desktop\Learn\llm_eval\test\mbpp_train\763\763_gen_0.sv,mistralai/devstral-2512:free,stop,,gen-1766347048-G81dEPghtHwUOaUTZj0J
3573,aapp_competition_test,0,977,1868,0,C:\Users\durgamaniryudh\Desktop\Learn\llm_eval\test\aapp_competition_test\3573\3573_gen_0.sv,mistralai/devstral-2512:free,stop,,gen-1766347096-admsZzayhQUaZZGYOuWa
3335,aapp_competition_test,0,818,881,0,C:\Users\durgamaniryudh\Desktop\Learn\llm_eval\test\aapp_competition_test\3335\3335_gen_0.sv,mistralai/devstral-2512:free,stop,,gen-1766347111-AzPXyGlPdN0icG6d2n3N
3329,aapp_competition_test,0,842,1167,0,C:\Users\durgamaniryudh\Desktop\Learn\llm_eval\test\aapp_competition_test\3329\3329_gen_0.sv,mistralai/devstral-2512:free,stop,,gen-1766347066-L1hviaXf2bVrdgii9dQG
3580,aapp_competition_test,0,784,860,0,C:\Users\durgamaniryudh\Desktop\Learn\llm_eval\test\aapp_competition_test\3580\3580_gen_0.sv,mistralai/devstral-2512:free,stop,,gen-1766347116-hkld7V1drSCqQvBa3eii
773,mbpp_train,0,745,1025,0,C:\Users\durgamaniryudh\Desktop\Learn\llm_eval\test\mbpp_train\773\773_gen_0.sv,mistralai/devstral-2512:free,stop,,gen-1766347119-EiRzQsgS8GidUr3zNZZN
776,mbpp_train,0,648,933,0,C:\Users\durgamaniryudh\Desktop\Learn\llm_eval\test\mbpp_train\776\776_gen_0.sv,mistralai/devstral-2512:free,stop,,gen-1766347126-lJFI4m9D9SpwJjnF4WN9
3680,aapp_competition_test,0,708,1109,0,C:\Users\durgamaniryudh\Desktop\Learn\llm_eval\test\aapp_competition_test\3680\3680_gen_0.sv,mistralai/devstral-2512:free,stop,,gen-1766347118-8djsLeocdatsXjyZN9XU
3677,aapp_competition_test,0,772,1600,0,C:\Users\durgamaniryudh\Desktop\Learn\llm_eval\test\aapp_competition_test\3677\3677_gen_0.sv,mistralai/devstral-2512:free,stop,,gen-1766347125-bCPGmg9VNhmmV9TFUocQ
3578,aapp_competition_test,0,790,1766,0,C:\Users\durgamaniryudh\Desktop\Learn\llm_eval\test\aapp_competition_test\3578\3578_gen_0.sv,mistralai/devstral-2512:free,stop,,gen-1766347124-8qIpwX4aAFG5Yd6lp0ZC
3583,aapp_competition_test,0,535,1106,0,C:\Users\durgamaniryudh\Desktop\Learn\llm_eval\test\aapp_competition_test\3583\3583_gen_0.sv,mistralai/devstral-2512:free,stop,,gen-1766347134-esIF7vvd0irYjW4vj6Zx
3333,aapp_competition_test,0,930,1715,0,C:\Users\durgamaniryudh\Desktop\Learn\llm_eval\test\aapp_competition_test\3333\3333_gen_0.sv,mistralai/devstral-2512:free,stop,,gen-1766347121-97hpgJM1XHOg0RTJDUwO
775,mbpp_train,0,822,215,0,C:\Users\durgamaniryudh\Desktop\Learn\llm_eval\test\mbpp_train\775\775_gen_0.sv,mistralai/devstral-2512:free,stop,,gen-1766347147-AocJrqcKao0fmm9v7dDz
3337,aapp_competition_test,0,1132,1608,0,C:\Users\durgamaniryudh\Desktop\Learn\llm_eval\test\aapp_competition_test\3337\3337_gen_0.sv,mistralai/devstral-2512:free,stop,,gen-1766347131-La6UREzUXMLa1hH91KRQ
3678,aapp_competition_test,0,749,1555,0,C:\Users\durgamaniryudh\Desktop\Learn\llm_eval\test\aapp_competition_test\3678\3678_gen_0.sv,mistralai/devstral-2512:free,stop,,gen-1766347139-r6vIBZiRgzqQctisi3pV
3681,aapp_competition_test,0,892,755,0,C:\Users\durgamaniryudh\Desktop\Learn\llm_eval\test\aapp_competition_test\3681\3681_gen_0.sv,mistralai/devstral-2512:free,stop,,gen-1766347149-dju925hTAKxHBOu2GprE
778,mbpp_train,0,670,834,0,C:\Users\durgamaniryudh\Desktop\Learn\llm_eval\test\mbpp_train\778\778_gen_0.sv,mistralai/devstral-2512:free,stop,,gen-1766347150-vCrWpoPPtQU3tpmZghl6
3566,aapp_competition_test,0,1492,826,0,C:\Users\durgamaniryudh\Desktop\Learn\llm_eval\test\aapp_competition_test\3566\3566_gen_0.sv,mistralai/devstral-2512:free,stop,,gen-1766347151-7b92YPQYKrFlLZeIqlIm
3338,aapp_competition_test,0,604,1537,0,C:\Users\durgamaniryudh\Desktop\Learn\llm_eval\test\aapp_competition_test\3338\3338_gen_0.sv,mistralai/devstral-2512:free,stop,,gen-1766347147-Hovv9CnkkG97fuBVzuDq
3582,aapp_competition_test,0,859,247,0,C:\Users\durgamaniryudh\Desktop\Learn\llm_eval\test\aapp_competition_test\3582\3582_gen_0.sv,mistralai/devstral-2512:free,,,gen-1766347166-xAPtgoGzaRAmyCJNj2NV
3579,aapp_competition_test,0,834,1768,0,C:\Users\durgamaniryudh\Desktop\Learn\llm_eval\test\aapp_competition_test\3579\3579_gen_0.sv,mistralai/devstral-2512:free,stop,,gen-1766347148-NkUkcycW3MY5Fpe1EqQo
781,mbpp_train,0,608,221,0,C:\Users\durgamaniryudh\Desktop\Learn\llm_eval\test\mbpp_train\781\781_gen_0.sv,mistralai/devstral-2512:free,stop,,gen-1766347173-FjJOsiiDnhfFSio1M3LI
772,mbpp_train,0,819,1440,0,C:\Users\durgamaniryudh\Desktop\Learn\llm_eval\test\mbpp_train\772\772_gen_0.sv,mistralai/devstral-2512:free,stop,,gen-1766347160-7GNeNUP0fhbXVXTPGkbX
3684,aapp_competition_test,0,730,1107,0,C:\Users\durgamaniryudh\Desktop\Learn\llm_eval\test\aapp_competition_test\3684\3684_gen_0.sv,mistralai/devstral-2512:free,stop,,gen-1766347159-ArnRfyuO6BMee1IFYGvB
3336,aapp_competition_test,0,5046,1192,0,C:\Users\durgamaniryudh\Desktop\Learn\llm_eval\test\aapp_competition_test\3336\3336_gen_0.sv,mistralai/devstral-2512:free,stop,,gen-1766347161-0VjCblV4MojHd0edmlGM
782,mbpp_train,0,597,538,0,C:\Users\durgamaniryudh\Desktop\Learn\llm_eval\test\mbpp_train\782\782_gen_0.sv,mistralai/devstral-2512:free,stop,,gen-1766347179-kUGiHtsFVp8YaWjcwq3U
3332,aapp_competition_test,0,914,1284,0,C:\Users\durgamaniryudh\Desktop\Learn\llm_eval\test\aapp_competition_test\3332\3332_gen_0.sv,mistralai/devstral-2512:free,stop,,gen-1766347174-y5jJDYY4qDVt96SJLtlN
3682,aapp_competition_test,0,733,1911,0,C:\Users\durgamaniryudh\Desktop\Learn\llm_eval\test\aapp_competition_test\3682\3682_gen_0.sv,mistralai/devstral-2512:free,stop,,gen-1766347168-lklc1sT9U9mrNfprntSw
3585,aapp_competition_test,0,609,556,0,C:\Users\durgamaniryudh\Desktop\Learn\llm_eval\test\aapp_competition_test\3585\3585_gen_0.sv,mistralai/devstral-2512:free,stop,,gen-1766347186-sTnswDaNrADX87NFkE3R
3341,aapp_competition_test,0,819,746,0,C:\Users\durgamaniryudh\Desktop\Learn\llm_eval\test\aapp_competition_test\3341\3341_gen_0.sv,mistralai/devstral-2512:free,stop,,gen-1766347182-SUbdejtqTgjmRr9Ar7Lk
3685,aapp_competition_test,0,829,2006,0,C:\Users\durgamaniryudh\Desktop\Learn\llm_eval\test\aapp_competition_test\3685\3685_gen_0.sv,mistralai/devstral-2512:free,stop,,gen-1766347179-4esEFbLfuVCYCsQoaSn3
3581,aapp_competition_test,0,836,2311,0,C:\Users\durgamaniryudh\Desktop\Learn\llm_eval\test\aapp_competition_test\3581\3581_gen_0.sv,mistralai/devstral-2512:free,stop,,gen-1766347179-RmSOXWTki3UV4zPPbgs0
3586,aapp_competition_test,0,666,1209,0,C:\Users\durgamaniryudh\Desktop\Learn\llm_eval\test\aapp_competition_test\3586\3586_gen_0.sv,mistralai/devstral-2512:free,stop,,gen-1766347198-RwEzFsmdvMr812pLXS6H
3342,aapp_competition_test,0,1042,1781,0,C:\Users\durgamaniryudh\Desktop\Learn\llm_eval\test\aapp_competition_test\3342\3342_gen_0.sv,mistralai/devstral-2512:free,stop,,gen-1766347194-aAyPQJMqsxg94ChrSZep
3687,aapp_competition_test,0,1001,1414,0,C:\Users\durgamaniryudh\Desktop\Learn\llm_eval\test\aapp_competition_test\3687\3687_gen_0.sv,mistralai/devstral-2512:free,stop,,gen-1766347202-OOrf8fAMI9rWEuw7cG0k
783,mbpp_train,0,867,820,0,C:\Users\durgamaniryudh\Desktop\Learn\llm_eval\test\mbpp_train\783\783_gen_0.sv,mistralai/devstral-2512:free,stop,,gen-1766347208-qsFyqTM2JnqH5vsdZMay
3683,aapp_competition_test,0,865,2403,0,C:\Users\durgamaniryudh\Desktop\Learn\llm_eval\test\aapp_competition_test\3683\3683_gen_0.sv,mistralai/devstral-2512:free,stop,,gen-1766347192-9gOevV52eggxtdlq6QqC
777,mbpp_train,0,619,2258,0,C:\Users\durgamaniryudh\Desktop\Learn\llm_eval\test\mbpp_train\777\777_gen_0.sv,mistralai/devstral-2512:free,stop,,gen-1766347193-0b6AUnylPcV7d1l1C71P
3324,aapp_competition_test,0,1192,16696,0,C:\Users\durgamaniryudh\Desktop\Learn\llm_eval\test\aapp_competition_test\3324\3324_gen_0.sv,mistralai/devstral-2512:free,stop,,gen-1766347008-c61zmQ5R1IGE0Zy9he3M
779,mbpp_train,0,871,682,0,C:\Users\durgamaniryudh\Desktop\Learn\llm_eval\test\mbpp_train\779\779_gen_0.sv,mistralai/devstral-2512:free,stop,,gen-1766347226-2vjmO31yRnfDzIgi9pYG
3589,aapp_competition_test,0,673,1185,0,C:\Users\durgamaniryudh\Desktop\Learn\llm_eval\test\aapp_competition_test\3589\3589_gen_0.sv,mistralai/devstral-2512:free,stop,,gen-1766347221-5IvdMvXgH057rpJ9Eko7
3686,aapp_competition_test,0,1025,1775,0,C:\Users\durgamaniryudh\Desktop\Learn\llm_eval\test\aapp_competition_test\3686\3686_gen_0.sv,mistralai/devstral-2512:free,stop,,gen-1766347222-bUwENYR10DWekd0lGXqx
3690,aapp_competition_test,0,954,926,0,C:\Users\durgamaniryudh\Desktop\Learn\llm_eval\test\aapp_competition_test\3690\3690_gen_0.sv,mistralai/devstral-2512:free,stop,,gen-1766347239-2YWa23bHWbFonOZ8kO2W
3007,aapp_competition_test,0,772,1039,0,C:\Users\durgamaniryudh\Desktop\Learn\llm_eval\test\aapp_competition_test\3007\3007_gen_0.sv,mistralai/devstral-2512:free,stop,,gen-1766347228-zRynTRgeEAcdnpMNYdpw
3005,aapp_competition_test,0,881,1080,0,C:\Users\durgamaniryudh\Desktop\Learn\llm_eval\test\aapp_competition_test\3005\3005_gen_0.sv,mistralai/devstral-2512:free,stop,,gen-1766347214-GaAqevSkLmsxvEK0fU8S
3343,aapp_competition_test,0,819,2258,0,C:\Users\durgamaniryudh\Desktop\Learn\llm_eval\test\aapp_competition_test\3343\3343_gen_0.sv,mistralai/devstral-2512:free,stop,,gen-1766347218-1T5sxDEXbLIT7CpUOBbv
769,mbpp_train,0,581,1103,0,C:\Users\durgamaniryudh\Desktop\Learn\llm_eval\test\mbpp_train\769\769_gen_0.sv,mistralai/devstral-2512:free,stop,,gen-1766347248-WSClZt62at5H7F4yPdWO
784,mbpp_train,0,722,817,0,C:\Users\durgamaniryudh\Desktop\Learn\llm_eval\test\mbpp_train\784\784_gen_0.sv,mistralai/devstral-2512:free,stop,,gen-1766347261-rUrJbgDn7vgVnO48vnLA
3590,aapp_competition_test,0,828,1969,0,C:\Users\durgamaniryudh\Desktop\Learn\llm_eval\test\aapp_competition_test\3590\3590_gen_0.sv,mistralai/devstral-2512:free,stop,,gen-1766347238-pyfYUmWKuH8RLinGCeeG
3345,aapp_competition_test,0,1240,1612,0,C:\Users\durgamaniryudh\Desktop\Learn\llm_eval\test\aapp_competition_test\3345\3345_gen_0.sv,mistralai/devstral-2512:free,stop,,gen-1766347259-lwUcrL8ie2W0OPsZ2xMC
3694,aapp_competition_test,0,826,1626,0,C:\Users\durgamaniryudh\Desktop\Learn\llm_eval\test\aapp_competition_test\3694\3694_gen_0.sv,mistralai/devstral-2512:free,stop,,gen-1766347260-XNjudV1yHXISfxpwOpco
3587,aapp_competition_test,0,774,2391,0,C:\Users\durgamaniryudh\Desktop\Learn\llm_eval\test\aapp_competition_test\3587\3587_gen_0.sv,mistralai/devstral-2512:free,stop,,gen-1766347259-lngy0UxuZNy5R3f0QMw1
3002,aapp_competition_test,0,837,1333,0,C:\Users\durgamaniryudh\Desktop\Learn\llm_eval\test\aapp_competition_test\3002\3002_gen_0.sv,mistralai/devstral-2512:free,stop,,gen-1766347272-ErDc7PcP6vVQ2eRajYiL
786,mbpp_train,0,633,493,0,C:\Users\durgamaniryudh\Desktop\Learn\llm_eval\test\mbpp_train\786\786_gen_0.sv,mistralai/devstral-2512:free,stop,,gen-1766347287-dKKQfnJ9cyZenUZ9ggYR
3346,aapp_competition_test,0,925,1075,0,C:\Users\durgamaniryudh\Desktop\Learn\llm_eval\test\aapp_competition_test\3346\3346_gen_0.sv,mistralai/devstral-2512:free,stop,,gen-1766347278-YMtWeL5tKbauMqeN2RAE
3698,aapp_competition_test,0,839,1390,0,C:\Users\durgamaniryudh\Desktop\Learn\llm_eval\test\aapp_competition_test\3698\3698_gen_0.sv,mistralai/devstral-2512:free,stop,,gen-1766347280-PJLynTK7F3ai4Mi5ZUUd
3592,aapp_competition_test,0,755,724,0,C:\Users\durgamaniryudh\Desktop\Learn\llm_eval\test\aapp_competition_test\3592\3592_gen_0.sv,mistralai/devstral-2512:free,stop,,gen-1766347279-QFTZWj5tYgZrfm7tTAtP
3003,aapp_competition_test,0,833,1386,0,C:\Users\durgamaniryudh\Desktop\Learn\llm_eval\test\aapp_competition_test\3003\3003_gen_0.sv,mistralai/devstral-2512:free,stop,,gen-1766347258-2NbGXRUoEcFhici2NgGY
52,human_eval_test,0,500,136,0,C:\Users\durgamaniryudh\Desktop\Learn\llm_eval\test\human_eval_test\52\52_gen_0.sv,mistralai/devstral-2512:free,stop,,gen-1766347302-xlWyAfaBGaDIqDBLtd2Z
780,mbpp_train,0,869,547,0,C:\Users\durgamaniryudh\Desktop\Learn\llm_eval\test\mbpp_train\780\780_gen_0.sv,mistralai/devstral-2512:free,stop,,gen-1766347300-5g8NMNc4CCtib1kdMWGz
86,mbpp_test,0,468,153,0,C:\Users\durgamaniryudh\Desktop\Learn\llm_eval\test\mbpp_test\86\86_gen_0.sv,mistralai/devstral-2512:free,stop,,gen-1766347305-sq4WF50eo13lKF16kNJ5
3008,aapp_competition_test,0,829,1364,0,C:\Users\durgamaniryudh\Desktop\Learn\llm_eval\test\aapp_competition_test\3008\3008_gen_0.sv,mistralai/devstral-2512:free,stop,,gen-1766347290-F3CjQa6dPCm4XDKS2Otb
3699,aapp_competition_test,0,745,1174,0,C:\Users\durgamaniryudh\Desktop\Learn\llm_eval\test\aapp_competition_test\3699\3699_gen_0.sv,mistralai/devstral-2512:free,stop,,gen-1766347299-qpDXUDxJZvJyYbMLsjpq
3584,aapp_competition_test,0,3073,2372,0,C:\Users\durgamaniryudh\Desktop\Learn\llm_eval\test\aapp_competition_test\3584\3584_gen_0.sv,mistralai/devstral-2512:free,stop,,gen-1766347296-PrKfwcAHPrpSBh9nKimV
3348,aapp_competition_test,0,1179,1622,0,C:\Users\durgamaniryudh\Desktop\Learn\llm_eval\test\aapp_competition_test\3348\3348_gen_0.sv,mistralai/devstral-2512:free,stop,,gen-1766347295-M9NkpF26cuGvKBFLLwSl
53,human_eval_test,0,408,60,0,C:\Users\durgamaniryudh\Desktop\Learn\llm_eval\test\human_eval_test\53\53_gen_0.sv,mistralai/devstral-2512:free,stop,,gen-1766347316-k38DC1q96JJJibJn5n2X
71,mbpp_test,0,2692,1521,0,C:\Users\durgamaniryudh\Desktop\Learn\llm_eval\test\mbpp_test\71\71_gen_0.sv,mistralai/devstral-2512:free,stop,,gen-1766347316-EOEiVK6nTc9Uw9N1Tj0V
3902,aapp_competition_test,0,1049,1522,0,C:\Users\durgamaniryudh\Desktop\Learn\llm_eval\test\aapp_competition_test\3902\3902_gen_0.sv,mistralai/devstral-2512:free,stop,,gen-1766347314-RPjAeI8D900n3JLRVUEA
3793,aapp_competition_test,0,4299,4306,0,C:\Users\durgamaniryudh\Desktop\Learn\llm_eval\test\aapp_competition_test\3793\3793_gen_0.sv,mistralai/devstral-2512:free,stop,,gen-1766347308-xYJE0se0bd2BCmdutBs4
3805,aapp_competition_test,0,718,604,0,C:\Users\durgamaniryudh\Desktop\Learn\llm_eval\test\aapp_competition_test\3805\3805_gen_0.sv,mistralai/devstral-2512:free,stop,,gen-1766347336-IYLYO5uwNkekpxXbXZRh
3452,aapp_competition_test,0,668,1993,0,C:\Users\durgamaniryudh\Desktop\Learn\llm_eval\test\aapp_competition_test\3452\3452_gen_0.sv,mistralai/devstral-2512:free,stop,,gen-1766347330-4igo2HTQuSds30PnU465
3901,aapp_competition_test,0,801,1222,0,C:\Users\durgamaniryudh\Desktop\Learn\llm_eval\test\aapp_competition_test\3901\3901_gen_0.sv,mistralai/devstral-2512:free,stop,,gen-1766347342-8W0wpUWnC8xG3d2ZCHiY
3055,aapp_competition_test,0,931,1170,0,C:\Users\durgamaniryudh\Desktop\Learn\llm_eval\test\aapp_competition_test\3055\3055_gen_0.sv,mistralai/devstral-2512:free,stop,,gen-1766347305-BEmhFlTG6oFhoDh7e2Hw
104,human_eval_test,0,971,1964,0,C:\Users\durgamaniryudh\Desktop\Learn\llm_eval\test\human_eval_test\104\104_gen_0.sv,mistralai/devstral-2512:free,stop,,gen-1766347350-Y0MUCh3pg2o6bXt0ML9O
3808,aapp_competition_test,0,619,611,0,C:\Users\durgamaniryudh\Desktop\Learn\llm_eval\test\aapp_competition_test\3808\3808_gen_0.sv,mistralai/devstral-2512:free,stop,,gen-1766347371-tNmPjO4xeeS2M6D5IKA8
3900,aapp_competition_test,0,1231,1064,0,C:\Users\durgamaniryudh\Desktop\Learn\llm_eval\test\aapp_competition_test\3900\3900_gen_0.sv,mistralai/devstral-2512:free,stop,,gen-1766347375-SyQvHWDgGQ23jSsj9KaL
3453,aapp_competition_test,0,661,1910,0,C:\Users\durgamaniryudh\Desktop\Learn\llm_eval\test\aapp_competition_test\3453\3453_gen_0.sv,mistralai/devstral-2512:free,stop,,gen-1766347360-VzAVmUlfjiHcLpsaP9II
93,mbpp_test,0,615,842,0,C:\Users\durgamaniryudh\Desktop\Learn\llm_eval\test\mbpp_test\93\93_gen_0.sv,mistralai/devstral-2512:free,stop,,gen-1766347383-Fj9Xdjb4inJ3a12D0dYc
27,human_eval_test,0,617,828,0,C:\Users\durgamaniryudh\Desktop\Learn\llm_eval\test\human_eval_test\27\27_gen_0.sv,mistralai/devstral-2512:free,stop,,gen-1766347386-5RRYyndA0ZZtmWOWPBbp
3058,aapp_competition_test,0,987,1843,0,C:\Users\durgamaniryudh\Desktop\Learn\llm_eval\test\aapp_competition_test\3058\3058_gen_0.sv,mistralai/devstral-2512:free,stop,,gen-1766347389-ArCssZ74hpNZRg9Cd3fO
3458,aapp_competition_test,0,716,1406,0,C:\Users\durgamaniryudh\Desktop\Learn\llm_eval\test\aapp_competition_test\3458\3458_gen_0.sv,mistralai/devstral-2512:free,stop,,gen-1766347394-kEKeUXEtrVlt86HzjuQM
3906,aapp_competition_test,0,708,304,0,C:\Users\durgamaniryudh\Desktop\Learn\llm_eval\test\aapp_competition_test\3906\3906_gen_0.sv,mistralai/devstral-2512:free,stop,,gen-1766347414-7MoBzQ6XedpupxS3EXb2
80,human_eval_test,0,632,585,0,C:\Users\durgamaniryudh\Desktop\Learn\llm_eval\test\human_eval_test\80\80_gen_0.sv,mistralai/devstral-2512:free,stop,,gen-1766347419-JSN9Yr2sPkLHiTA61aSs
3807,aapp_competition_test,0,1398,1978,0,C:\Users\durgamaniryudh\Desktop\Learn\llm_eval\test\aapp_competition_test\3807\3807_gen_0.sv,mistralai/devstral-2512:free,stop,,gen-1766347399-EaxjZKDQp9kBWBUbgH3j
88,mbpp_test,0,843,1601,0,C:\Users\durgamaniryudh\Desktop\Learn\llm_eval\test\mbpp_test\88\88_gen_0.sv,mistralai/devstral-2512:free,stop,,gen-1766347419-4dnD6tPBn5eXFUy3nqp3
3060,aapp_competition_test,0,628,976,0,C:\Users\durgamaniryudh\Desktop\Learn\llm_eval\test\aapp_competition_test\3060\3060_gen_0.sv,mistralai/devstral-2512:free,stop,,gen-1766347429-RM68H3VoEwa7WhuDM5oE
3811,aapp_competition_test,0,906,1180,0,C:\Users\durgamaniryudh\Desktop\Learn\llm_eval\test\aapp_competition_test\3811\3811_gen_0.sv,mistralai/devstral-2512:free,stop,,gen-1766347439-tcPw8wFut3XrtDatVtPt
3459,aapp_competition_test,0,725,1662,0,C:\Users\durgamaniryudh\Desktop\Learn\llm_eval\test\aapp_competition_test\3459\3459_gen_0.sv,mistralai/devstral-2512:free,stop,,gen-1766347434-jF8nPBz8GsaBDlffaTRq
3908,aapp_competition_test,0,691,1206,0,C:\Users\durgamaniryudh\Desktop\Learn\llm_eval\test\aapp_competition_test\3908\3908_gen_0.sv,mistralai/devstral-2512:free,stop,,gen-1766347445-0WkysPe6NmveFPY1WFBE
3451,aapp_competition_test,0,1474,11126,0,C:\Users\durgamaniryudh\Desktop\Learn\llm_eval\test\aapp_competition_test\3451\3451_gen_0.sv,mistralai/devstral-2512:free,stop,,gen-1766347307-ebnaXQFwwjVfseZjRhUY
92,mbpp_test,0,688,740,0,C:\Users\durgamaniryudh\Desktop\Learn\llm_eval\test\mbpp_test\92\92_gen_0.sv,mistralai/devstral-2512:free,stop,,gen-1766347456-bUGLueMiFBxO0NKV4MtL
3457,aapp_competition_test,0,690,887,0,C:\Users\durgamaniryudh\Desktop\Learn\llm_eval\test\aapp_competition_test\3457\3457_gen_0.sv,mistralai/devstral-2512:free,stop,,gen-1766347463-CNKDGZoHou2yf2nPHmok
3054,aapp_competition_test,0,4975,2224,0,C:\Users\durgamaniryudh\Desktop\Learn\llm_eval\test\aapp_competition_test\3054\3054_gen_0.sv,mistralai/devstral-2512:free,stop,,gen-1766347457-qQZFXbjgQZolYNWqaSrW
91,mbpp_test,0,659,996,0,C:\Users\durgamaniryudh\Desktop\Learn\llm_eval\test\mbpp_test\91\91_gen_0.sv,mistralai/devstral-2512:free,stop,,gen-1766347491-o8et3Kt5JV1MeGtqFFiI
3905,aapp_competition_test,0,801,2015,0,C:\Users\durgamaniryudh\Desktop\Learn\llm_eval\test\aapp_competition_test\3905\3905_gen_0.sv,mistralai/devstral-2512:free,stop,,gen-1766347470-RLXX8R3mo3vzB3n8fjWZ
3809,aapp_competition_test,0,854,4414,0,C:\Users\durgamaniryudh\Desktop\Learn\llm_eval\test\aapp_competition_test\3809\3809_gen_0.sv,mistralai/devstral-2512:free,stop,,gen-1766347465-RaCUdVkX0IeHuhjVBdhE
3061,aapp_competition_test,0,1034,1320,0,C:\Users\durgamaniryudh\Desktop\Learn\llm_eval\test\aapp_competition_test\3061\3061_gen_0.sv,mistralai/devstral-2512:free,stop,,gen-1766347506-Lk0gIsEZ1YIaC6bGB1Vx
105,human_eval_test,0,1061,4704,0,C:\Users\durgamaniryudh\Desktop\Learn\llm_eval\test\human_eval_test\105\105_gen_0.sv,mistralai/devstral-2512:free,stop,,gen-1766347475-L9n6azNzigwW1778XatQ
3816,aapp_competition_test,0,714,1089,0,C:\Users\durgamaniryudh\Desktop\Learn\llm_eval\test\aapp_competition_test\3816\3816_gen_0.sv,mistralai/devstral-2512:free,stop,,gen-1766347520-hHIA5B1QMUSmbFqkF6Gz
3907,aapp_competition_test,0,944,662,0,C:\Users\durgamaniryudh\Desktop\Learn\llm_eval\test\aapp_competition_test\3907\3907_gen_0.sv,mistralai/devstral-2512:free,stop,,gen-1766347522-XJIoRn54pkZXTztfPwnd
87,mbpp_test,0,1338,1849,0,C:\Users\durgamaniryudh\Desktop\Learn\llm_eval\test\mbpp_test\87\87_gen_0.sv,mistralai/devstral-2512:free,stop,,gen-1766347535-NPDab80wsIgDQClOeKD6
158,human_eval_test,0,760,2002,0,C:\Users\durgamaniryudh\Desktop\Learn\llm_eval\test\human_eval_test\158\158_gen_0.sv,mistralai/devstral-2512:free,stop,,gen-1766347527-pn6n7ZqVc287Qp7R8NnK
3053,aapp_competition_test,0,9059,1499,0,C:\Users\durgamaniryudh\Desktop\Learn\llm_eval\test\aapp_competition_test\3053\3053_gen_0.sv,mistralai/devstral-2512:free,stop,,gen-1766347538-H3kcmlQjz70FnFlDH0n3
3911,aapp_competition_test,0,577,204,0,C:\Users\durgamaniryudh\Desktop\Learn\llm_eval\test\aapp_competition_test\3911\3911_gen_0.sv,mistralai/devstral-2512:free,stop,,gen-1766347565-0VgU9CSERcwTYiGNRW83
3460,aapp_competition_test,0,824,1030,0,C:\Users\durgamaniryudh\Desktop\Learn\llm_eval\test\aapp_competition_test\3460\3460_gen_0.sv,mistralai/devstral-2512:free,stop,,gen-1766347556-xBCldn0KTydWxftgmf4N
106,human_eval_test,0,734,741,0,C:\Users\durgamaniryudh\Desktop\Learn\llm_eval\test\human_eval_test\106\106_gen_0.sv,mistralai/devstral-2512:free,stop,,gen-1766347568-SdsnusdUXfqcWk3VpljF
3814,aapp_competition_test,0,878,1882,0,C:\Users\durgamaniryudh\Desktop\Learn\llm_eval\test\aapp_competition_test\3814\3814_gen_0.sv,mistralai/devstral-2512:free,stop,,gen-1766347556-RYNPjK0bcdz1b2lXEDaz
96,mbpp_test,0,600,537,0,C:\Users\durgamaniryudh\Desktop\Learn\llm_eval\test\mbpp_test\96\96_gen_0.sv,mistralai/devstral-2512:free,stop,,gen-1766347576-nchSJakSvUo3OJDC4FoJ
3032,aapp_competition_test,0,526,294,0,C:\Users\durgamaniryudh\Desktop\Learn\llm_eval\test\aapp_competition_test\3032\3032_gen_0.sv,mistralai/devstral-2512:free,stop,,gen-1766347579-ZqhYZsZPB4aNWvcyhGRH
3817,aapp_competition_test,0,756,609,0,C:\Users\durgamaniryudh\Desktop\Learn\llm_eval\test\aapp_competition_test\3817\3817_gen_0.sv,mistralai/devstral-2512:free,stop,,gen-1766347586-cfNleeSQPq0ekyf88yCQ
3898,aapp_competition_test,0,2563,592,0,C:\Users\durgamaniryudh\Desktop\Learn\llm_eval\test\aapp_competition_test\3898\3898_gen_0.sv,mistralai/devstral-2512:free,stop,,gen-1766347587-NNP63rjuv84oe9wsmb7n
3455,aapp_competition_test,0,1071,2866,0,C:\Users\durgamaniryudh\Desktop\Learn\llm_eval\test\aapp_competition_test\3455\3455_gen_0.sv,mistralai/devstral-2512:free,stop,,gen-1766347515-FSBN79ZE5tR84XqizuJj
3461,aapp_competition_test,0,888,1017,0,C:\Users\durgamaniryudh\Desktop\Learn\llm_eval\test\aapp_competition_test\3461\3461_gen_0.sv,mistralai/devstral-2512:free,stop,,gen-1766347584-f770TgG9f6Lps4NkhMVV
133,human_eval_test,0,959,932,0,C:\Users\durgamaniryudh\Desktop\Learn\llm_eval\test\human_eval_test\133\133_gen_0.sv,mistralai/devstral-2512:free,stop,,gen-1766347594-29SGtw591yDwhvgeo3cp
3069,aapp_competition_test,0,923,1591,0,C:\Users\durgamaniryudh\Desktop\Learn\llm_eval\test\aapp_competition_test\3069\3069_gen_0.sv,mistralai/devstral-2512:free,stop,,gen-1766347599-sHIFOo6YTaZFOfBt1FQY
3462,aapp_competition_test,0,717,1800,0,C:\Users\durgamaniryudh\Desktop\Learn\llm_eval\test\aapp_competition_test\3462\3462_gen_0.sv,mistralai/devstral-2512:free,stop,,gen-1766347602-DDdBTiZ3A8Fp6VfnXLJG
159,human_eval_test,0,429,122,0,C:\Users\durgamaniryudh\Desktop\Learn\llm_eval\test\human_eval_test\159\159_gen_0.sv,mistralai/devstral-2512:free,stop,,gen-1766347624-hbSrvewZossc80fU027l
94,mbpp_test,0,723,188,0,C:\Users\durgamaniryudh\Desktop\Learn\llm_eval\test\mbpp_test\94\94_gen_0.sv,mistralai/devstral-2512:free,stop,,gen-1766347627-8hj6mcmhE8C0A3BR5cMs
90,mbpp_test,0,1660,3322,0,C:\Users\durgamaniryudh\Desktop\Learn\llm_eval\test\mbpp_test\90\90_gen_0.sv,mistralai/devstral-2512:free,stop,,gen-1766347596-l5FHDLyQPFcoIpIugyiI
95,mbpp_test,0,933,312,0,C:\Users\durgamaniryudh\Desktop\Learn\llm_eval\test\mbpp_test\95\95_gen_0.sv,mistralai/devstral-2512:free,stop,,gen-1766347630-s6nJ9VmaaUOacsnG9r8t
3913,aapp_competition_test,0,709,1243,0,C:\Users\durgamaniryudh\Desktop\Learn\llm_eval\test\aapp_competition_test\3913\3913_gen_0.sv,mistralai/devstral-2512:free,stop,,gen-1766347621-9ZJrwPOtaHIWnnUxEkwI
3802,aapp_competition_test,0,5112,3822,0,C:\Users\durgamaniryudh\Desktop\Learn\llm_eval\test\aapp_competition_test\3802\3802_gen_0.sv,mistralai/devstral-2512:free,stop,,gen-1766347608-yu7WJ5UofR64jMyAeFrr
3072,aapp_competition_test,0,560,375,0,C:\Users\durgamaniryudh\Desktop\Learn\llm_eval\test\aapp_competition_test\3072\3072_gen_0.sv,mistralai/devstral-2512:free,stop,,gen-1766347633-AZg7FeSqdQ0T6Zct1u0e
3463,aapp_competition_test,0,836,1026,0,C:\Users\durgamaniryudh\Desktop\Learn\llm_eval\test\aapp_competition_test\3463\3463_gen_0.sv,mistralai/devstral-2512:free,stop,,gen-1766347634-qSql1FyZsK3kk7N26SbX
3909,aapp_competition_test,0,799,622,0,C:\Users\durgamaniryudh\Desktop\Learn\llm_eval\test\aapp_competition_test\3909\3909_gen_0.sv,mistralai/devstral-2512:free,stop,,gen-1766347642-1oRallYyIsOPo9hpdWjv
28,human_eval_test,0,590,363,0,C:\Users\durgamaniryudh\Desktop\Learn\llm_eval\test\human_eval_test\28\28_gen_0.sv,mistralai/devstral-2512:free,stop,,gen-1766347645-HVyhDWitAS22rzDh63IY
99,mbpp_test,0,688,716,0,C:\Users\durgamaniryudh\Desktop\Learn\llm_eval\test\mbpp_test\99\99_gen_0.sv,mistralai/devstral-2512:free,stop,,gen-1766347650-Pj6nilj806ZbytjQsbtp
3464,aapp_competition_test,0,1083,1598,0,C:\Users\durgamaniryudh\Desktop\Learn\llm_eval\test\aapp_competition_test\3464\3464_gen_0.sv,mistralai/devstral-2512:free,stop,,gen-1766347654-FN7lxDek4qv8YLymuWmF
3815,aapp_competition_test,0,1230,1574,0,C:\Users\durgamaniryudh\Desktop\Learn\llm_eval\test\aapp_competition_test\3815\3815_gen_0.sv,mistralai/devstral-2512:free,stop,,gen-1766347662-FxExKlKLt2w8EMiOXpfB
3915,aapp_competition_test,0,695,1484,0,C:\Users\durgamaniryudh\Desktop\Learn\llm_eval\test\aapp_competition_test\3915\3915_gen_0.sv,mistralai/devstral-2512:free,stop,,gen-1766347674-IWz52jFreq4usSvH6ovw
0,human_eval_test,0,684,392,0,C:\Users\durgamaniryudh\Desktop\Learn\llm_eval\test\human_eval_test\0\0_gen_0.sv,mistralai/devstral-2512:free,stop,,gen-1766347690-PQF1maZRNzSMbBKGbIV0
3820,aapp_competition_test,0,781,1087,0,C:\Users\durgamaniryudh\Desktop\Learn\llm_eval\test\aapp_competition_test\3820\3820_gen_0.sv,mistralai/devstral-2512:free,stop,,gen-1766347639-CFSL6OU29AziGGPi9LsS
3067,aapp_competition_test,0,4605,1285,0,C:\Users\durgamaniryudh\Desktop\Learn\llm_eval\test\aapp_competition_test\3067\3067_gen_0.sv,mistralai/devstral-2512:free,stop,,gen-1766347651-QLy9iZQ0VKPz67NPl8fW
3465,aapp_competition_test,0,966,974,0,C:\Users\durgamaniryudh\Desktop\Learn\llm_eval\test\aapp_competition_test\3465\3465_gen_0.sv,mistralai/devstral-2512:free,stop,,gen-1766347704-1NFE5RXgS3aSzr6LQmwI
3027,aapp_competition_test,0,1066,19396,0,C:\Users\durgamaniryudh\Desktop\Learn\llm_eval\test\aapp_competition_test\3027\3027_gen_0.sv,mistralai/devstral-2512:free,stop,,gen-1766347356-taUQS74aOWoJhAqpFN1A
3071,aapp_competition_test,0,864,1654,0,C:\Users\durgamaniryudh\Desktop\Learn\llm_eval\test\aapp_competition_test\3071\3071_gen_0.sv,mistralai/devstral-2512:free,stop,,gen-1766347696-fZaaWgRvl0rRtVoUvtQ3
3821,aapp_competition_test,0,639,787,0,C:\Users\durgamaniryudh\Desktop\Learn\llm_eval\test\aapp_competition_test\3821\3821_gen_0.sv,mistralai/devstral-2512:free,stop,,gen-1766347713-H5r1i4R5PMqK89e1x9pK
100,mbpp_test,0,704,1131,0,C:\Users\durgamaniryudh\Desktop\Learn\llm_eval\test\mbpp_test\100\100_gen_0.sv,mistralai/devstral-2512:free,stop,,gen-1766347718-BGbw8kmR2HQvIsDfcwzP
134,human_eval_test,0,787,681,0,C:\Users\durgamaniryudh\Desktop\Learn\llm_eval\test\human_eval_test\134\134_gen_0.sv,mistralai/devstral-2512:free,stop,,gen-1766347722-dyJes74xWPy2llBYqcno
103,mbpp_test,0,683,461,0,C:\Users\durgamaniryudh\Desktop\Learn\llm_eval\test\mbpp_test\103\103_gen_0.sv,mistralai/devstral-2512:free,stop,,gen-1766347727-cgRK7UQp2nW6ckYNXzKc
3074,aapp_competition_test,0,648,607,0,C:\Users\durgamaniryudh\Desktop\Learn\llm_eval\test\aapp_competition_test\3074\3074_gen_0.sv,mistralai/devstral-2512:free,stop,,gen-1766347735-zdQ33ay4EWH3YPOneS8t
54,human_eval_test,0,516,5903,0,C:\Users\durgamaniryudh\Desktop\Learn\llm_eval\test\human_eval_test\54\54_gen_0.sv,mistralai/devstral-2512:free,stop,,gen-1766347694-JJpdDRoUKitWJe4rB1vc
2,human_eval_test,0,736,93,0,C:\Users\durgamaniryudh\Desktop\Learn\llm_eval\test\human_eval_test\2\2_gen_0.sv,mistralai/devstral-2512:free,stop,,gen-1766347748-c3Y04BGnNqTTNaok02vo
3467,aapp_competition_test,0,932,1002,0,C:\Users\durgamaniryudh\Desktop\Learn\llm_eval\test\aapp_competition_test\3467\3467_gen_0.sv,mistralai/devstral-2512:free,stop,,gen-1766347740-1um4MlQCUmdq7QaJHmpQ
3914,aapp_competition_test,0,904,1005,0,C:\Users\durgamaniryudh\Desktop\Learn\llm_eval\test\aapp_competition_test\3914\3914_gen_0.sv,mistralai/devstral-2512:free,stop,,gen-1766347744-gg9zsiZZt0CvGaVB8fyQ
3822,aapp_competition_test,0,1129,890,0,C:\Users\durgamaniryudh\Desktop\Learn\llm_eval\test\aapp_competition_test\3822\3822_gen_0.sv,mistralai/devstral-2512:free,stop,,gen-1766347741-rKd28LX6wTp4U8uDefG6
3917,aapp_competition_test,0,841,936,0,C:\Users\durgamaniryudh\Desktop\Learn\llm_eval\test\aapp_competition_test\3917\3917_gen_0.sv,mistralai/devstral-2512:free,stop,,gen-1766347717-lqpSoElAseTBSMmIepdQ
3470,aapp_competition_test,0,818,251,0,C:\Users\durgamaniryudh\Desktop\Learn\llm_eval\test\aapp_competition_test\3470\3470_gen_0.sv,mistralai/devstral-2512:free,stop,,gen-1766347758-hQl2xHSzS6BzqRGqkSNq
3076,aapp_competition_test,0,816,1397,0,C:\Users\durgamaniryudh\Desktop\Learn\llm_eval\test\aapp_competition_test\3076\3076_gen_0.sv,mistralai/devstral-2512:free,stop,,gen-1766347752-NXfxtY44xzARn1CrpBI0
107,human_eval_test,0,718,771,0,C:\Users\durgamaniryudh\Desktop\Learn\llm_eval\test\human_eval_test\107\107_gen_0.sv,mistralai/devstral-2512:free,stop,,gen-1766347762-tJSRl3BI22LEAks0GyRb
3918,aapp_competition_test,0,820,1084,0,C:\Users\durgamaniryudh\Desktop\Learn\llm_eval\test\aapp_competition_test\3918\3918_gen_0.sv,mistralai/devstral-2512:free,stop,,gen-1766347760-NrUL56z74BPCs8juyFiz
105,mbpp_test,0,576,185,0,C:\Users\durgamaniryudh\Desktop\Learn\llm_eval\test\mbpp_test\105\105_gen_0.sv,mistralai/devstral-2512:free,stop,,gen-1766347774-qERcQVr2PvwW6N7aN91k
3825,aapp_competition_test,0,884,1084,0,C:\Users\durgamaniryudh\Desktop\Learn\llm_eval\test\aapp_competition_test\3825\3825_gen_0.sv,mistralai/devstral-2512:free,stop,,gen-1766347758-57icywcd9hDnDAaDG4sV
3472,aapp_competition_test,0,674,223,0,C:\Users\durgamaniryudh\Desktop\Learn\llm_eval\test\aapp_competition_test\3472\3472_gen_0.sv,mistralai/devstral-2512:free,stop,,gen-1766347776-Yq2liCJHI2fQ0Zl6IvXo
55,human_eval_test,0,711,649,0,C:\Users\durgamaniryudh\Desktop\Learn\llm_eval\test\human_eval_test\55\55_gen_0.sv,mistralai/devstral-2512:free,stop,,gen-1766347782-4tUdlyK0MnLe632cUjun
3826,aapp_competition_test,0,704,1074,0,C:\Users\durgamaniryudh\Desktop\Learn\llm_eval\test\aapp_competition_test\3826\3826_gen_0.sv,mistralai/devstral-2512:free,stop,,gen-1766347778-dA7jusD1b62cuGf6gzsY
3916,aapp_competition_test,0,2276,2178,0,C:\Users\durgamaniryudh\Desktop\Learn\llm_eval\test\aapp_competition_test\3916\3916_gen_0.sv,mistralai/devstral-2512:free,stop,,gen-1766347779-Jz29CXBunolP735u6Fl3
3068,aapp_competition_test,0,4404,2044,0,C:\Users\durgamaniryudh\Desktop\Learn\llm_eval\test\aapp_competition_test\3068\3068_gen_0.sv,mistralai/devstral-2512:free,stop,,gen-1766347774-YacjMs6hhOqe5yDFcT9b
97,mbpp_test,0,705,1158,0,C:\Users\durgamaniryudh\Desktop\Learn\llm_eval\test\mbpp_test\97\97_gen_0.sv,mistralai/devstral-2512:free,stop,,gen-1766347791-XkWewSZo50a7FHywygXV
3075,aapp_competition_test,0,995,1202,0,C:\Users\durgamaniryudh\Desktop\Learn\llm_eval\test\aapp_competition_test\3075\3075_gen_0.sv,mistralai/devstral-2512:free,stop,,gen-1766347792-zjwMdsEVbwdbCwoGLYDA
3920,aapp_competition_test,0,572,241,0,C:\Users\durgamaniryudh\Desktop\Learn\llm_eval\test\aapp_competition_test\3920\3920_gen_0.sv,mistralai/devstral-2512:free,stop,,gen-1766347811-jTHoEaEnzSWYtCEScFtX
3827,aapp_competition_test,0,784,1031,0,C:\Users\durgamaniryudh\Desktop\Learn\llm_eval\test\aapp_competition_test\3827\3827_gen_0.sv,mistralai/devstral-2512:free,stop,,gen-1766347807-WgnfcMOXbDKyYXiBIu8x
102,mbpp_test,0,836,803,0,C:\Users\durgamaniryudh\Desktop\Learn\llm_eval\test\mbpp_test\102\102_gen_0.sv,mistralai/devstral-2512:free,stop,,gen-1766347814-mdulMajhKHTdZaSEAbjP
81,human_eval_test,0,1229,1693,0,C:\Users\durgamaniryudh\Desktop\Learn\llm_eval\test\human_eval_test\81\81_gen_0.sv,mistralai/devstral-2512:free,stop,,gen-1766347812-ldhNv8lO4unCBIOghsJy
3469,aapp_competition_test,0,954,2239,0,C:\Users\durgamaniryudh\Desktop\Learn\llm_eval\test\aapp_competition_test\3469\3469_gen_0.sv,mistralai/devstral-2512:free,stop,,gen-1766347804-kfHWWzyns9DynuYttsMU
3073,aapp_competition_test,0,2507,1834,0,C:\Users\durgamaniryudh\Desktop\Learn\llm_eval\test\aapp_competition_test\3073\3073_gen_0.sv,mistralai/devstral-2512:free,stop,,gen-1766347821-elh3eCmzK6dnWIe6Bjxl
3823,aapp_competition_test,0,939,1157,0,C:\Users\durgamaniryudh\Desktop\Learn\llm_eval\test\aapp_competition_test\3823\3823_gen_0.sv,mistralai/devstral-2512:free,stop,,gen-1766347829-PfbFfdgkltu5ikzRRiDo
3471,aapp_competition_test,0,806,1970,0,C:\Users\durgamaniryudh\Desktop\Learn\llm_eval\test\aapp_competition_test\3471\3471_gen_0.sv,mistralai/devstral-2512:free,stop,,gen-1766347827-EGPVqh1p4Ww9pLCVfrPW
82,human_eval_test,0,508,124,0,C:\Users\durgamaniryudh\Desktop\Learn\llm_eval\test\human_eval_test\82\82_gen_0.sv,mistralai/devstral-2512:free,stop,,gen-1766347846-YK1IIoGgluQOSUtXPREu
101,mbpp_test,0,662,697,0,C:\Users\durgamaniryudh\Desktop\Learn\llm_eval\test\mbpp_test\101\101_gen_0.sv,mistralai/devstral-2512:free,stop,,gen-1766347853-OTnG0ySLhZdPInUA0TRA
3921,aapp_competition_test,0,757,1519,0,C:\Users\durgamaniryudh\Desktop\Learn\llm_eval\test\aapp_competition_test\3921\3921_gen_0.sv,mistralai/devstral-2512:free,stop,,gen-1766347833-MCKUu2KPmSYCdYRYn4s0
3829,aapp_competition_test,0,643,726,0,C:\Users\durgamaniryudh\Desktop\Learn\llm_eval\test\aapp_competition_test\3829\3829_gen_0.sv,mistralai/devstral-2512:free,stop,,gen-1766347864-mRcdljTLBc8XdXHBU8Fz
29,human_eval_test,0,935,524,0,C:\Users\durgamaniryudh\Desktop\Learn\llm_eval\test\human_eval_test\29\29_gen_0.sv,mistralai/devstral-2512:free,stop,,gen-1766347876-STz3L07A190z4K7houuL
3910,aapp_competition_test,0,842,1051,0,C:\Users\durgamaniryudh\Desktop\Learn\llm_eval\test\aapp_competition_test\3910\3910_gen_0.sv,mistralai/devstral-2512:free,stop,,gen-1766347868-VRUzVk2BFqvhF6q4i7dx
3474,aapp_competition_test,0,814,1977,0,C:\Users\durgamaniryudh\Desktop\Learn\llm_eval\test\aapp_competition_test\3474\3474_gen_0.sv,mistralai/devstral-2512:free,stop,,gen-1766347858-aTG3Ab8QCUhurtnmAPyP
108,mbpp_test,0,606,511,0,C:\Users\durgamaniryudh\Desktop\Learn\llm_eval\test\mbpp_test\108\108_gen_0.sv,mistralai/devstral-2512:free,stop,,gen-1766347884-d7zHDUarRAFs10nSxoZE
3830,aapp_competition_test,0,522,776,0,C:\Users\durgamaniryudh\Desktop\Learn\llm_eval\test\aapp_competition_test\3830\3830_gen_0.sv,mistralai/devstral-2512:free,stop,,gen-1766347892-ktvgEdemk7rDfVeNNetc
3081,aapp_competition_test,0,805,1020,0,C:\Users\durgamaniryudh\Desktop\Learn\llm_eval\test\aapp_competition_test\3081\3081_gen_0.sv,mistralai/devstral-2512:free,stop,,gen-1766347886-sj9idUAbNFrXZzvvkl5t
3077,aapp_competition_test,0,1100,1748,0,C:\Users\durgamaniryudh\Desktop\Learn\llm_eval\test\aapp_competition_test\3077\3077_gen_0.sv,mistralai/devstral-2512:free,stop,,gen-1766347855-yIRwwjyiexSqL0Kg4ECo
106,mbpp_test,0,524,319,0,C:\Users\durgamaniryudh\Desktop\Learn\llm_eval\test\mbpp_test\106\106_gen_0.sv,mistralai/devstral-2512:free,stop,,gen-1766347909-S9tj15g7jcCXEYhsFu20
3477,aapp_competition_test,0,928,1583,0,C:\Users\durgamaniryudh\Desktop\Learn\llm_eval\test\aapp_competition_test\3477\3477_gen_0.sv,mistralai/devstral-2512:free,stop,,gen-1766347891-kemx2AVW6Hkm22BssL8q
3828,aapp_competition_test,0,733,792,0,C:\Users\durgamaniryudh\Desktop\Learn\llm_eval\test\aapp_competition_test\3828\3828_gen_0.sv,mistralai/devstral-2512:free,stop,,gen-1766347917-o4L4BqAFvaVX3RWxEGEf
3922,aapp_competition_test,0,648,1591,0,C:\Users\durgamaniryudh\Desktop\Learn\llm_eval\test\aapp_competition_test\3922\3922_gen_0.sv,mistralai/devstral-2512:free,stop,,gen-1766347907-ENhDb6a087AdAomSGxh7
3473,aapp_competition_test,0,856,1898,0,C:\Users\durgamaniryudh\Desktop\Learn\llm_eval\test\aapp_competition_test\3473\3473_gen_0.sv,mistralai/devstral-2512:free,stop,,gen-1766347914-g1UFWMcMtk0iYLRuB54x
135,human_eval_test,0,578,459,0,C:\Users\durgamaniryudh\Desktop\Learn\llm_eval\test\human_eval_test\135\135_gen_0.sv,mistralai/devstral-2512:free,stop,,gen-1766347933-Ic9iUCs3by6YvAgTb5Yw
115,mbpp_test,0,634,114,0,C:\Users\durgamaniryudh\Desktop\Learn\llm_eval\test\mbpp_test\115\115_gen_0.sv,mistralai/devstral-2512:free,stop,,gen-1766347940-7kjbpaIw9AeKPUUvkd6H
3,human_eval_test,0,581,570,0,C:\Users\durgamaniryudh\Desktop\Learn\llm_eval\test\human_eval_test\3\3_gen_0.sv,mistralai/devstral-2512:free,stop,,gen-1766347939-tOwCQbJVWdn4XD8C6P2w
3925,aapp_competition_test,0,744,1530,0,C:\Users\durgamaniryudh\Desktop\Learn\llm_eval\test\aapp_competition_test\3925\3925_gen_0.sv,mistralai/devstral-2512:free,stop,,gen-1766347928-hytwF18timRzWf1McP62
3835,aapp_competition_test,0,663,1065,0,C:\Users\durgamaniryudh\Desktop\Learn\llm_eval\test\aapp_competition_test\3835\3835_gen_0.sv,mistralai/devstral-2512:free,stop,,gen-1766347951-RTaDnGkBOCD6KyRM3WLb
3466,aapp_competition_test,0,632,1232,0,C:\Users\durgamaniryudh\Desktop\Learn\llm_eval\test\aapp_competition_test\3466\3466_gen_0.sv,mistralai/devstral-2512:free,stop,,gen-1766347947-1yGu21G1yerKWeaawUH2
3082,aapp_competition_test,0,3367,2799,0,C:\Users\durgamaniryudh\Desktop\Learn\llm_eval\test\aapp_competition_test\3082\3082_gen_0.sv,mistralai/devstral-2512:free,stop,,gen-1766347942-ciJlOUniRbb4aC3lVKlw
56,human_eval_test,0,641,637,0,C:\Users\durgamaniryudh\Desktop\Learn\llm_eval\test\human_eval_test\56\56_gen_0.sv,mistralai/devstral-2512:free,stop,,gen-1766347974-dLoKTSZBreCTyXjaUPAe
3079,aapp_competition_test,0,1753,1765,0,C:\Users\durgamaniryudh\Desktop\Learn\llm_eval\test\aapp_competition_test\3079\3079_gen_0.sv,mistralai/devstral-2512:free,stop,,gen-1766347913-gBcZDsKL4IcfG5UQwUZi
3923,aapp_competition_test,0,837,1550,0,C:\Users\durgamaniryudh\Desktop\Learn\llm_eval\test\aapp_competition_test\3923\3923_gen_0.sv,mistralai/devstral-2512:free,stop,,gen-1766347968-Bunnx7p6Nd9JhAHcIWbN
3832,aapp_competition_test,0,1133,1588,0,C:\Users\durgamaniryudh\Desktop\Learn\llm_eval\test\aapp_competition_test\3832\3832_gen_0.sv,mistralai/devstral-2512:free,stop,,gen-1766347987-tQv9xzOBez9gUUJ3uGcG
3928,aapp_competition_test,0,809,1219,0,C:\Users\durgamaniryudh\Desktop\Learn\llm_eval\test\aapp_competition_test\3928\3928_gen_0.sv,mistralai/devstral-2512:free,stop,,gen-1766347989-6WKMy0tU5NmoUNkYwgNV
3478,aapp_competition_test,0,625,1858,0,C:\Users\durgamaniryudh\Desktop\Learn\llm_eval\test\aapp_competition_test\3478\3478_gen_0.sv,mistralai/devstral-2512:free,stop,,gen-1766347984-EiY2pgYgBVwWggvv0qgw
161,human_eval_test,0,958,1349,0,C:\Users\durgamaniryudh\Desktop\Learn\llm_eval\test\human_eval_test\161\161_gen_0.sv,mistralai/devstral-2512:free,stop,,gen-1766348009-vyEunDPXZIiAtBSjrrZD
3447,aapp_competition_test,0,1008,120,0,C:\Users\durgamaniryudh\Desktop\Learn\llm_eval\test\aapp_competition_test\3447\3447_gen_0.sv,mistralai/devstral-2512:free,,,gen-1766348023-hJVUBYroOA3p2jfsBoGS
3085,aapp_competition_test,0,659,943,0,C:\Users\durgamaniryudh\Desktop\Learn\llm_eval\test\aapp_competition_test\3085\3085_gen_0.sv,mistralai/devstral-2512:free,stop,,gen-1766348019-JGwu1xdTZuUgns79L4we
109,mbpp_test,0,728,840,0,C:\Users\durgamaniryudh\Desktop\Learn\llm_eval\test\mbpp_test\109\109_gen_0.sv,mistralai/devstral-2512:free,stop,,gen-1766348008-0J8lBeSTb8HuucD9NtZq
116,mbpp_test,0,727,352,0,C:\Users\durgamaniryudh\Desktop\Learn\llm_eval\test\mbpp_test\116\116_gen_0.sv,mistralai/devstral-2512:free,stop,,gen-1766348045-6zvvnrjrzOcGWn3haEaZ
3833,aapp_competition_test,0,851,1670,0,C:\Users\durgamaniryudh\Desktop\Learn\llm_eval\test\aapp_competition_test\3833\3833_gen_0.sv,mistralai/devstral-2512:free,stop,,gen-1766348026-9Mts3KUrcvvTdp8Dh4gv
113,mbpp_test,0,629,991,0,C:\Users\durgamaniryudh\Desktop\Learn\llm_eval\test\mbpp_test\113\113_gen_0.sv,mistralai/devstral-2512:free,stop,,gen-1766348050-1gYNTRkwSB3xe0R3NbhR
3924,aapp_competition_test,0,665,1049,0,C:\Users\durgamaniryudh\Desktop\Learn\llm_eval\test\aapp_competition_test\3924\3924_gen_0.sv,mistralai/devstral-2512:free,stop,,gen-1766348036-a4Su5xFdROxW5T56IvFN
3834,aapp_competition_test,0,814,955,0,C:\Users\durgamaniryudh\Desktop\Learn\llm_eval\test\aapp_competition_test\3834\3834_gen_0.sv,mistralai/devstral-2512:free,stop,,gen-1766348076-m8AFvyOCDXJ7EsTyKMMl
3086,aapp_competition_test,0,1167,1400,0,C:\Users\durgamaniryudh\Desktop\Learn\llm_eval\test\aapp_competition_test\3086\3086_gen_0.sv,mistralai/devstral-2512:free,stop,,gen-1766348065-Y1CfK1HgTGpvcjzXhl4N
3479,aapp_competition_test,0,917,1235,0,C:\Users\durgamaniryudh\Desktop\Learn\llm_eval\test\aapp_competition_test\3479\3479_gen_0.sv,mistralai/devstral-2512:free,stop,,gen-1766348072-GUI6S4ZOFOkFCU3In5gy
30,human_eval_test,0,829,530,0,C:\Users\durgamaniryudh\Desktop\Learn\llm_eval\test\human_eval_test\30\30_gen_0.sv,mistralai/devstral-2512:free,stop,,gen-1766348091-40r0kTUjdfDOnaLxmgYN
3926,aapp_competition_test,0,891,2138,0,C:\Users\durgamaniryudh\Desktop\Learn\llm_eval\test\aapp_competition_test\3926\3926_gen_0.sv,mistralai/devstral-2512:free,stop,,gen-1766348089-GTifbH0vnPDsKHAWVvpK
3449,aapp_competition_test,0,3408,3338,0,C:\Users\durgamaniryudh\Desktop\Learn\llm_eval\test\aapp_competition_test\3449\3449_gen_0.sv,mistralai/devstral-2512:free,stop,,gen-1766348095-PvMpvj1AZ4efuMHWNGYW
3836,aapp_competition_test,0,938,1882,0,C:\Users\durgamaniryudh\Desktop\Learn\llm_eval\test\aapp_competition_test\3836\3836_gen_0.sv,mistralai/devstral-2512:free,stop,,gen-1766348116-f8s7wObgKR8NJyeFsqEL
3087,aapp_competition_test,0,606,2049,0,C:\Users\durgamaniryudh\Desktop\Learn\llm_eval\test\aapp_competition_test\3087\3087_gen_0.sv,mistralai/devstral-2512:free,stop,,gen-1766348094-G2NKNCGWm0VIw2Xzua4v
111,mbpp_test,0,683,573,0,C:\Users\durgamaniryudh\Desktop\Learn\llm_eval\test\mbpp_test\111\111_gen_0.sv,mistralai/devstral-2512:free,stop,,gen-1766348155-xgwlPlHV0WNUWUBeb2I4
108,human_eval_test,0,1612,947,0,C:\Users\durgamaniryudh\Desktop\Learn\llm_eval\test\human_eval_test\108\108_gen_0.sv,mistralai/devstral-2512:free,stop,,gen-1766348152-2LJEebr9XxedtYWA53l9
104,mbpp_test,0,1166,123,0,C:\Users\durgamaniryudh\Desktop\Learn\llm_eval\test\mbpp_test\104\104_gen_0.sv,mistralai/devstral-2512:free,,,gen-1766348162-aq7aUxRlaeVbELm3qmvr
3088,aapp_competition_test,0,688,1070,0,C:\Users\durgamaniryudh\Desktop\Learn\llm_eval\test\aapp_competition_test\3088\3088_gen_0.sv,mistralai/devstral-2512:free,stop,,gen-1766348166-fAxfzeqeepfL8Mz5d3RQ
3929,aapp_competition_test,0,771,963,0,C:\Users\durgamaniryudh\Desktop\Learn\llm_eval\test\aapp_competition_test\3929\3929_gen_0.sv,mistralai/devstral-2512:free,stop,,gen-1766348127-nuZzRU16tbfg4J0gax7I
3481,aapp_competition_test,0,1273,1966,0,C:\Users\durgamaniryudh\Desktop\Learn\llm_eval\test\aapp_competition_test\3481\3481_gen_0.sv,mistralai/devstral-2512:free,stop,,gen-1766348166-7e92rADxLetKvWh3ZMp8
3934,aapp_competition_test,0,580,374,0,C:\Users\durgamaniryudh\Desktop\Learn\llm_eval\test\aapp_competition_test\3934\3934_gen_0.sv,mistralai/devstral-2512:free,stop,,gen-1766348187-WPty4fIDdJt11LjIC1UZ
3839,aapp_competition_test,0,799,626,0,C:\Users\durgamaniryudh\Desktop\Learn\llm_eval\test\aapp_competition_test\3839\3839_gen_0.sv,mistralai/devstral-2512:free,stop,,gen-1766348183-pBmP69iAuHLfsU5MLpW8
119,mbpp_test,0,440,104,0,C:\Users\durgamaniryudh\Desktop\Learn\llm_eval\test\mbpp_test\119\119_gen_0.sv,mistralai/devstral-2512:free,stop,,gen-1766348195-ZMojGOIqsaAkTBbIx7E1
136,human_eval_test,0,767,828,0,C:\Users\durgamaniryudh\Desktop\Learn\llm_eval\test\human_eval_test\136\136_gen_0.sv,mistralai/devstral-2512:free,stop,,gen-1766348193-DzXjtZfsOjXCh9wjwlxS
83,human_eval_test,0,1076,999,0,C:\Users\durgamaniryudh\Desktop\Learn\llm_eval\test\human_eval_test\83\83_gen_0.sv,mistralai/devstral-2512:free,stop,,gen-1766348191-ElToYar5XfahmOcdx378
3090,aapp_competition_test,0,615,732,0,C:\Users\durgamaniryudh\Desktop\Learn\llm_eval\test\aapp_competition_test\3090\3090_gen_0.sv,mistralai/devstral-2512:free,stop,,gen-1766348197-v6iPPm6BoisyaWQD44dv
3933,aapp_competition_test,0,704,1020,0,C:\Users\durgamaniryudh\Desktop\Learn\llm_eval\test\aapp_competition_test\3933\3933_gen_0.sv,mistralai/devstral-2512:free,stop,,gen-1766348210-0KrjvkwcqE1X9iKQDpmb
3837,aapp_competition_test,0,702,1713,0,C:\Users\durgamaniryudh\Desktop\Learn\llm_eval\test\aapp_competition_test\3837\3837_gen_0.sv,mistralai/devstral-2512:free,stop,,gen-1766348206-5Cb9rtGPrfdnpmBeFZde
120,mbpp_test,0,529,531,0,C:\Users\durgamaniryudh\Desktop\Learn\llm_eval\test\mbpp_test\120\120_gen_0.sv,mistralai/devstral-2512:free,stop,,gen-1766348231-vRjaZBPnmzFJJiOxQirI
31,human_eval_test,0,722,1146,0,C:\Users\durgamaniryudh\Desktop\Learn\llm_eval\test\human_eval_test\31\31_gen_0.sv,mistralai/devstral-2512:free,stop,,gen-1766348223-Myqp4sYNHMQ6Ao4xrok6
3078,aapp_competition_test,0,662,827,0,C:\Users\durgamaniryudh\Desktop\Learn\llm_eval\test\aapp_competition_test\3078\3078_gen_0.sv,mistralai/devstral-2512:free,stop,,gen-1766348237-3Pmglmqw897PDJysvmMV
3482,aapp_competition_test,0,889,1203,0,C:\Users\durgamaniryudh\Desktop\Learn\llm_eval\test\aapp_competition_test\3482\3482_gen_0.sv,mistralai/devstral-2512:free,stop,,gen-1766348206-Vc5mkmDsZum5vxglPfjb
3483,aapp_competition_test,0,1029,1537,0,C:\Users\durgamaniryudh\Desktop\Learn\llm_eval\test\aapp_competition_test\3483\3483_gen_0.sv,mistralai/devstral-2512:free,stop,,gen-1766348238-nh1qFGt0AdVux6cTpcgo
110,human_eval_test,0,593,373,0,C:\Users\durgamaniryudh\Desktop\Learn\llm_eval\test\human_eval_test\110\110_gen_0.sv,mistralai/devstral-2512:free,stop,,gen-1766348259-3wnr4oryT1fdVXrveEnH
3840,aapp_competition_test,0,778,1138,0,C:\Users\durgamaniryudh\Desktop\Learn\llm_eval\test\aapp_competition_test\3840\3840_gen_0.sv,mistralai/devstral-2512:free,stop,,gen-1766348249-cRpk4SkpJsO8IjA6xUX5
3927,aapp_competition_test,0,724,1557,0,C:\Users\durgamaniryudh\Desktop\Learn\llm_eval\test\aapp_competition_test\3927\3927_gen_0.sv,mistralai/devstral-2512:free,stop,,gen-1766348257-2P4lMQkMU8RCCTdvO5YY
124,mbpp_test,0,693,1863,0,C:\Users\durgamaniryudh\Desktop\Learn\llm_eval\test\mbpp_test\124\124_gen_0.sv,mistralai/devstral-2512:free,stop,,gen-1766348268-HAHw0gh7LgtNsJsGdtHb
3484,aapp_competition_test,0,983,1460,0,C:\Users\durgamaniryudh\Desktop\Learn\llm_eval\test\aapp_competition_test\3484\3484_gen_0.sv,mistralai/devstral-2512:free,stop,,gen-1766348284-HqYXgNgiU7xrTp6m4uvt
3935,aapp_competition_test,0,701,700,0,C:\Users\durgamaniryudh\Desktop\Learn\llm_eval\test\aapp_competition_test\3935\3935_gen_0.sv,mistralai/devstral-2512:free,stop,,gen-1766348343-KIhBnEwy3xjd0ySEvDCJ
84,human_eval_test,0,652,821,0,C:\Users\durgamaniryudh\Desktop\Learn\llm_eval\test\human_eval_test\84\84_gen_0.sv,mistralai/devstral-2512:free,stop,,gen-1766348351-tz7gTFZ3IszZn9eqLeU3
126,mbpp_test,0,551,303,0,C:\Users\durgamaniryudh\Desktop\Learn\llm_eval\test\mbpp_test\126\126_gen_0.sv,mistralai/devstral-2512:free,stop,,gen-1766348362-l1ThVtFL7LBLKu0ZdTQ2
3092,aapp_competition_test,0,670,1621,0,C:\Users\durgamaniryudh\Desktop\Learn\llm_eval\test\aapp_competition_test\3092\3092_gen_0.sv,mistralai/devstral-2512:free,stop,,gen-1766348376-x0B9ssnXMZrK8G9NQ8gr
3488,aapp_competition_test,0,730,1534,0,C:\Users\durgamaniryudh\Desktop\Learn\llm_eval\test\aapp_competition_test\3488\3488_gen_0.sv,mistralai/devstral-2512:free,stop,,gen-1766348415-peVCIvlT5CJMgi7hgPWW
3843,aapp_competition_test,0,877,1267,0,C:\Users\durgamaniryudh\Desktop\Learn\llm_eval\test\aapp_competition_test\3843\3843_gen_0.sv,mistralai/devstral-2512:free,stop,,gen-1766348445-KuTFbOFKG7HVKeXZ6qMw
3931,aapp_competition_test,0,1276,1790,0,C:\Users\durgamaniryudh\Desktop\Learn\llm_eval\test\aapp_competition_test\3931\3931_gen_0.sv,mistralai/devstral-2512:free,stop,,gen-1766348468-zuFFVySSFYtcgTQtxfve
57,human_eval_test,0,665,634,0,C:\Users\durgamaniryudh\Desktop\Learn\llm_eval\test\human_eval_test\57\57_gen_0.sv,mistralai/devstral-2512:free,stop,,gen-1766348508-bg9hPI23ww3Z6UgsY52p
118,mbpp_test,0,685,1353,0,C:\Users\durgamaniryudh\Desktop\Learn\llm_eval\test\mbpp_test\118\118_gen_0.sv,mistralai/devstral-2512:free,stop,,gen-1766348530-bfXZGJGseIyGbAlCKngG
3091,aapp_competition_test,0,3179,3105,0,C:\Users\durgamaniryudh\Desktop\Learn\llm_eval\test\aapp_competition_test\3091\3091_gen_0.sv,mistralai/devstral-2512:free,stop,,gen-1766348577-yLDKoC3YRjszDIf2UeTp
3083,aapp_competition_test,0,876,44898,0,C:\Users\durgamaniryudh\Desktop\Learn\llm_eval\test\aapp_competition_test\3083\3083_gen_0.sv,mistralai/devstral-2512:free,stop,,gen-1766347976-Bevt0UndL7MdaUH8JDye
3485,aapp_competition_test,0,822,1343,0,C:\Users\durgamaniryudh\Desktop\Learn\llm_eval\test\aapp_competition_test\3485\3485_gen_0.sv,mistralai/devstral-2512:free,stop,,gen-1766348618-Ob9huNtFm9ckOgxt1cGm
3844,aapp_competition_test,0,797,618,0,C:\Users\durgamaniryudh\Desktop\Learn\llm_eval\test\aapp_competition_test\3844\3844_gen_0.sv,mistralai/devstral-2512:free,stop,,gen-1766348634-WFxQBeJZIC8E7q7R32wQ
3936,aapp_competition_test,0,787,915,0,C:\Users\durgamaniryudh\Desktop\Learn\llm_eval\test\aapp_competition_test\3936\3936_gen_0.sv,mistralai/devstral-2512:free,stop,,gen-1766348641-GEajJRXrrZvsUBIGBS7R
109,human_eval_test,0,844,600,0,C:\Users\durgamaniryudh\Desktop\Learn\llm_eval\test\human_eval_test\109\109_gen_0.sv,mistralai/devstral-2512:free,stop,,gen-1766348642-vBuO6bTGKxoGkAAfTW6Z
123,mbpp_test,0,900,928,0,C:\Users\durgamaniryudh\Desktop\Learn\llm_eval\test\mbpp_test\123\123_gen_0.sv,mistralai/devstral-2512:free,stop,,gen-1766348652-oe6CKCCfXIdzL9WnUNdx
3095,aapp_competition_test,0,705,602,0,C:\Users\durgamaniryudh\Desktop\Learn\llm_eval\test\aapp_competition_test\3095\3095_gen_0.sv,mistralai/devstral-2512:free,stop,,gen-1766348654-FWg22WQ4ijVxjuDqg6kc
3841,aapp_competition_test,0,681,903,0,C:\Users\durgamaniryudh\Desktop\Learn\llm_eval\test\aapp_competition_test\3841\3841_gen_0.sv,mistralai/devstral-2512:free,stop,,gen-1766348671-xMxHAxfxIWiNjgkav75t
3937,aapp_competition_test,0,800,900,0,C:\Users\durgamaniryudh\Desktop\Learn\llm_eval\test\aapp_competition_test\3937\3937_gen_0.sv,mistralai/devstral-2512:free,stop,,gen-1766348696-poIXtNLSxKeWR2h2yPV1
125,mbpp_test,0,680,629,0,C:\Users\durgamaniryudh\Desktop\Learn\llm_eval\test\mbpp_test\125\125_gen_0.sv,mistralai/devstral-2512:free,stop,,gen-1766348713-ZhuRi4dxZdFQnRVo6Vbt
4,human_eval_test,0,679,831,0,C:\Users\durgamaniryudh\Desktop\Learn\llm_eval\test\human_eval_test\4\4_gen_0.sv,mistralai/devstral-2512:free,stop,,gen-1766348727-qVDDDAimJUDhJ1wdDkG9
3487,aapp_competition_test,0,1171,1364,0,C:\Users\durgamaniryudh\Desktop\Learn\llm_eval\test\aapp_competition_test\3487\3487_gen_0.sv,mistralai/devstral-2512:free,stop,,gen-1766348670-G6Glb5q3zaZULk3t1knd
3489,aapp_competition_test,0,1119,1050,0,C:\Users\durgamaniryudh\Desktop\Learn\llm_eval\test\aapp_competition_test\3489\3489_gen_0.sv,mistralai/devstral-2512:free,stop,,gen-1766348767-HLUuBEW9BGoyzZDIw8Rf
3089,aapp_competition_test,0,856,44974,0,C:\Users\durgamaniryudh\Desktop\Learn\llm_eval\test\aapp_competition_test\3089\3089_gen_0.sv,mistralai/devstral-2512:free,stop,,gen-1766348275-fJH35IVfeto8xjTd8zwj
3847,aapp_competition_test,0,828,1500,0,C:\Users\durgamaniryudh\Desktop\Learn\llm_eval\test\aapp_competition_test\3847\3847_gen_0.sv,mistralai/devstral-2512:free,stop,,gen-1766348838-GhTjLbIrGjppcyoMLRXR
5,human_eval_test,0,551,286,0,C:\Users\durgamaniryudh\Desktop\Learn\llm_eval\test\human_eval_test\5\5_gen_0.sv,mistralai/devstral-2512:free,stop,,gen-1766348856-fUZSZH4vAX4vwIzkc7Q0
127,mbpp_test,0,753,737,0,C:\Users\durgamaniryudh\Desktop\Learn\llm_eval\test\mbpp_test\127\127_gen_0.sv,mistralai/devstral-2512:free,stop,,gen-1766348861-1jbDdlAeM7ixHx9n6sfv
3939,aapp_competition_test,0,708,902,0,C:\Users\durgamaniryudh\Desktop\Learn\llm_eval\test\aapp_competition_test\3939\3939_gen_0.sv,mistralai/devstral-2512:free,stop,,gen-1766348843-H8Yn4dJDPjMJgYbaNKTm
3093,aapp_competition_test,0,750,1876,0,C:\Users\durgamaniryudh\Desktop\Learn\llm_eval\test\aapp_competition_test\3093\3093_gen_0.sv,mistralai/devstral-2512:free,stop,,gen-1766348874-HhCh7fiAAPv8tw6CFfkj
3490,aapp_competition_test,0,953,3020,0,C:\Users\durgamaniryudh\Desktop\Learn\llm_eval\test\aapp_competition_test\3490\3490_gen_0.sv,mistralai/devstral-2512:free,stop,,gen-1766348881-IwReBWpzB4ZD6f3XkD2B
3846,aapp_competition_test,0,569,988,0,C:\Users\durgamaniryudh\Desktop\Learn\llm_eval\test\aapp_competition_test\3846\3846_gen_0.sv,mistralai/devstral-2512:free,stop,,gen-1766348900-jD0G3yfHa4dA3WbdUxtx
3940,aapp_competition_test,0,748,708,0,C:\Users\durgamaniryudh\Desktop\Learn\llm_eval\test\aapp_competition_test\3940\3940_gen_0.sv,mistralai/devstral-2512:free,stop,,gen-1766348917-kJXuhX1kwT1iNfZl21jH
135,mbpp_test,0,515,91,0,C:\Users\durgamaniryudh\Desktop\Learn\llm_eval\test\mbpp_test\135\135_gen_0.sv,mistralai/devstral-2512:free,stop,,gen-1766348937-NSGTVOZzLPMMwwXhNw2E
163,human_eval_test,0,651,303,0,C:\Users\durgamaniryudh\Desktop\Learn\llm_eval\test\human_eval_test\163\163_gen_0.sv,mistralai/devstral-2512:free,stop,,gen-1766348924-I5GbFUwIyDCK9loZzpdD
3097,aapp_competition_test,0,1192,921,0,C:\Users\durgamaniryudh\Desktop\Learn\llm_eval\test\aapp_competition_test\3097\3097_gen_0.sv,mistralai/devstral-2512:free,stop,,gen-1766348938-x8IYb8UZijCQE2qHxnd5
3819,aapp_competition_test,0,891,1596,0,C:\Users\durgamaniryudh\Desktop\Learn\llm_eval\test\aapp_competition_test\3819\3819_gen_0.sv,mistralai/devstral-2512:free,stop,,gen-1766348954-1J5HC3ywYIjUbvkAYChU
3480,aapp_competition_test,0,5718,2425,0,C:\Users\durgamaniryudh\Desktop\Learn\llm_eval\test\aapp_competition_test\3480\3480_gen_0.sv,mistralai/devstral-2512:free,stop,,gen-1766348947-MB6Liz752PG5Hgw7bFyf
137,human_eval_test,0,933,1280,0,C:\Users\durgamaniryudh\Desktop\Learn\llm_eval\test\human_eval_test\137\137_gen_0.sv,mistralai/devstral-2512:free,stop,,gen-1766349003-H9lvGWUeHo12Ulg6j0uq
3941,aapp_competition_test,0,1027,1512,0,C:\Users\durgamaniryudh\Desktop\Learn\llm_eval\test\aapp_competition_test\3941\3941_gen_0.sv,mistralai/devstral-2512:free,stop,,gen-1766348981-oIparUMpdbft2lY7feXw
132,mbpp_test,0,634,445,0,C:\Users\durgamaniryudh\Desktop\Learn\llm_eval\test\mbpp_test\132\132_gen_0.sv,mistralai/devstral-2512:free,stop,,gen-1766349033-31ShvfBlEWwbe2AELads
3098,aapp_competition_test,0,1048,1517,0,C:\Users\durgamaniryudh\Desktop\Learn\llm_eval\test\aapp_competition_test\3098\3098_gen_0.sv,mistralai/devstral-2512:free,stop,,gen-1766349060-6vy2sVZtMMHbYV1UerJ6
3493,aapp_competition_test,0,988,2650,0,C:\Users\durgamaniryudh\Desktop\Learn\llm_eval\test\aapp_competition_test\3493\3493_gen_0.sv,mistralai/devstral-2512:free,stop,,gen-1766349063-uLzZMg96Bep51VtbzZSN
3945,aapp_competition_test,0,639,197,0,C:\Users\durgamaniryudh\Desktop\Learn\llm_eval\test\aapp_competition_test\3945\3945_gen_0.sv,mistralai/devstral-2512:free,stop,,gen-1766349102-pybDGeLGLCYJZ0zXbVYe
3848,aapp_competition_test,0,654,1346,0,C:\Users\durgamaniryudh\Desktop\Learn\llm_eval\test\aapp_competition_test\3848\3848_gen_0.sv,mistralai/devstral-2512:free,stop,,gen-1766349085-Uv5gMd8ZHWTMu8f7y87N
58,human_eval_test,0,593,592,0,C:\Users\durgamaniryudh\Desktop\Learn\llm_eval\test\human_eval_test\58\58_gen_0.sv,mistralai/devstral-2512:free,stop,,gen-1766349105-U1ayuxuBUt4pxxqVLvXB
3100,aapp_competition_test,0,938,1482,0,C:\Users\durgamaniryudh\Desktop\Learn\llm_eval\test\aapp_competition_test\3100\3100_gen_0.sv,mistralai/devstral-2512:free,stop,,gen-1766349113-PmJ7ItFXfVbLzFf6VTLG
129,mbpp_test,0,674,1972,0,C:\Users\durgamaniryudh\Desktop\Learn\llm_eval\test\mbpp_test\129\129_gen_0.sv,mistralai/devstral-2512:free,stop,,gen-1766349109-f2THpiBLQdzwnB7Ij0Wa
3850,aapp_competition_test,0,760,908,0,C:\Users\durgamaniryudh\Desktop\Learn\llm_eval\test\aapp_competition_test\3850\3850_gen_0.sv,mistralai/devstral-2512:free,stop,,gen-1766349140-NTodfdf4hZ5Oj9ls9hGu
3491,aapp_competition_test,0,1361,1691,0,C:\Users\durgamaniryudh\Desktop\Learn\llm_eval\test\aapp_competition_test\3491\3491_gen_0.sv,mistralai/devstral-2512:free,stop,,gen-1766349133-LLdfi21phh7fOYVfdTRE
6,human_eval_test,0,641,910,0,C:\Users\durgamaniryudh\Desktop\Learn\llm_eval\test\human_eval_test\6\6_gen_0.sv,mistralai/devstral-2512:free,stop,,gen-1766349179-YjPdxqiVHOdUQ4t5vWGL
130,mbpp_test,0,930,509,0,C:\Users\durgamaniryudh\Desktop\Learn\llm_eval\test\mbpp_test\130\130_gen_0.sv,mistralai/devstral-2512:free,stop,,gen-1766349195-3mQ0BV0Tj4OsZJhEgvJf
3084,aapp_competition_test,0,904,3069,0,C:\Users\durgamaniryudh\Desktop\Learn\llm_eval\test\aapp_competition_test\3084\3084_gen_0.sv,mistralai/devstral-2512:free,stop,,gen-1766349202-VAbXwXpYkWtbY6TX1Jgf
3496,aapp_competition_test,0,1889,1749,0,C:\Users\durgamaniryudh\Desktop\Learn\llm_eval\test\aapp_competition_test\3496\3496_gen_0.sv,mistralai/devstral-2512:free,stop,,gen-1766349235-NdDoiAK2eSluTjP9psh1
3942,aapp_competition_test,0,874,1416,0,C:\Users\durgamaniryudh\Desktop\Learn\llm_eval\test\aapp_competition_test\3942\3942_gen_0.sv,mistralai/devstral-2512:free,stop,,gen-1766349160-CtWtNLMGZjdD4OzcB36y
3855,aapp_competition_test,0,540,608,0,C:\Users\durgamaniryudh\Desktop\Learn\llm_eval\test\aapp_competition_test\3855\3855_gen_0.sv,mistralai/devstral-2512:free,stop,,gen-1766349249-139lRTEd176ySCjaeSZ0
3156,aapp_competition_test,0,821,889,0,C:\Users\durgamaniryudh\Desktop\Learn\llm_eval\test\aapp_competition_test\3156\3156_gen_0.sv,mistralai/devstral-2512:free,stop,,gen-1766349258-UAu6G99wbDGbz0xHxUN5
3938,aapp_competition_test,0,1336,901,0,C:\Users\durgamaniryudh\Desktop\Learn\llm_eval\test\aapp_competition_test\3938\3938_gen_0.sv,mistralai/devstral-2512:free,stop,,gen-1766349252-a8i00AUMKB6GEC0MjXMR
38,human_eval_test,0,1068,952,0,C:\Users\durgamaniryudh\Desktop\Learn\llm_eval\test\human_eval_test\38\38_gen_0.sv,mistralai/devstral-2512:free,stop,,gen-1766349274-qpZGjSQkYBcMMg9gNQP8
3157,aapp_competition_test,0,2140,1022,0,C:\Users\durgamaniryudh\Desktop\Learn\llm_eval\test\aapp_competition_test\3157\3157_gen_0.sv,mistralai/devstral-2512:free,stop,,gen-1766349278-1EHH1YSq4ZPDpQohL9Bu
92,human_eval_test,0,515,174,0,C:\Users\durgamaniryudh\Desktop\Learn\llm_eval\test\human_eval_test\92\92_gen_0.sv,mistralai/devstral-2512:free,stop,,gen-1766349290-SXNdruDb4GuevtlXQTfq
13,human_eval_test,0,578,889,0,C:\Users\durgamaniryudh\Desktop\Learn\llm_eval\test\human_eval_test\13\13_gen_0.sv,mistralai/devstral-2512:free,stop,,gen-1766349296-FDcYVwqEibAQpmgI8GwK
3160,aapp_competition_test,0,922,993,0,C:\Users\durgamaniryudh\Desktop\Learn\llm_eval\test\aapp_competition_test\3160\3160_gen_0.sv,mistralai/devstral-2512:free,stop,,gen-1766349295-thWVmI1eNSACrwZsvU3q
67,human_eval_test,0,666,146,0,C:\Users\durgamaniryudh\Desktop\Learn\llm_eval\test\human_eval_test\67\67_gen_0.sv,mistralai/devstral-2512:free,stop,,gen-1766349309-NsVNB7MyPOo2cvxfCKyg
3159,aapp_competition_test,0,781,2066,0,C:\Users\durgamaniryudh\Desktop\Learn\llm_eval\test\aapp_competition_test\3159\3159_gen_0.sv,mistralai/devstral-2512:free,stop,,gen-1766349313-6bkKtRZGKlqnYfTT9vPe
65,human_eval_test,0,2391,730,0,C:\Users\durgamaniryudh\Desktop\Learn\llm_eval\test\human_eval_test\65\65_gen_0.sv,mistralai/devstral-2512:free,stop,,gen-1766349338-z1i2BrisvklzrZsoIGlB
3164,aapp_competition_test,0,832,423,0,C:\Users\durgamaniryudh\Desktop\Learn\llm_eval\test\aapp_competition_test\3164\3164_gen_0.sv,mistralai/devstral-2512:free,stop,,gen-1766349352-x5tYrbrferfczG3hJSMH
14,human_eval_test,0,588,204,0,C:\Users\durgamaniryudh\Desktop\Learn\llm_eval\test\human_eval_test\14\14_gen_0.sv,mistralai/devstral-2512:free,stop,,gen-1766349361-U5Zh6V241Ve7lTanNwbe
3161,aapp_competition_test,0,748,1777,0,C:\Users\durgamaniryudh\Desktop\Learn\llm_eval\test\aapp_competition_test\3161\3161_gen_0.sv,mistralai/devstral-2512:free,stop,,gen-1766349308-VbJPmfocLSAcicZS8N6b
119,human_eval_test,0,781,1372,0,C:\Users\durgamaniryudh\Desktop\Learn\llm_eval\test\human_eval_test\119\119_gen_0.sv,mistralai/devstral-2512:free,stop,,gen-1766349364-GBJmpMrHZsq5j6Iw6xhc
3167,aapp_competition_test,0,732,1393,0,C:\Users\durgamaniryudh\Desktop\Learn\llm_eval\test\aapp_competition_test\3167\3167_gen_0.sv,mistralai/devstral-2512:free,stop,,gen-1766349368-GfliX2MtQvKZRwxIvRtx
3168,aapp_competition_test,0,743,1368,0,C:\Users\durgamaniryudh\Desktop\Learn\llm_eval\test\aapp_competition_test\3168\3168_gen_0.sv,mistralai/devstral-2512:free,stop,,gen-1766349379-MCuFgpyhPuRNPqJ7TfnZ
3340,aapp_competition_test,0,660,65536,0,C:\Users\durgamaniryudh\Desktop\Learn\llm_eval\test\aapp_competition_test\3340\3340_gen_0.sv,mistralai/devstral-2512:free,length,,gen-1766347151-wdCjUoU2iLPPJGQ8enVm
41,human_eval_test,0,469,52,0,C:\Users\durgamaniryudh\Desktop\Learn\llm_eval\test\human_eval_test\41\41_gen_0.sv,mistralai/devstral-2512:free,stop,,gen-1766349407-ShWvlBEqnPRtaoh8mHKI
3166,aapp_competition_test,0,1021,1559,0,C:\Users\durgamaniryudh\Desktop\Learn\llm_eval\test\aapp_competition_test\3166\3166_gen_0.sv,mistralai/devstral-2512:free,stop,,gen-1766349397-Q6ig7S6Gp33iyWIfXPaV
3173,aapp_competition_test,0,996,1909,0,C:\Users\durgamaniryudh\Desktop\Learn\llm_eval\test\aapp_competition_test\3173\3173_gen_0.sv,mistralai/devstral-2512:free,stop,,gen-1766349408-Spga3DTOjmhJLu4bCAD6
40,human_eval_test,0,803,2488,0,C:\Users\durgamaniryudh\Desktop\Learn\llm_eval\test\human_eval_test\40\40_gen_0.sv,mistralai/devstral-2512:free,stop,,gen-1766349418-AK7IpiVrZ89aprR2NBSa
120,human_eval_test,0,726,1108,0,C:\Users\durgamaniryudh\Desktop\Learn\llm_eval\test\human_eval_test\120\120_gen_0.sv,mistralai/devstral-2512:free,stop,,gen-1766349442-gstgQ01hpZeKNsCNJly1
3169,aapp_competition_test,0,1400,2342,0,C:\Users\durgamaniryudh\Desktop\Learn\llm_eval\test\aapp_competition_test\3169\3169_gen_0.sv,mistralai/devstral-2512:free,stop,,gen-1766349432-9exaENUS5MgeY6BNH1Ce
145,human_eval_test,0,991,1424,0,C:\Users\durgamaniryudh\Desktop\Learn\llm_eval\test\human_eval_test\145\145_gen_0.sv,mistralai/devstral-2512:free,stop,,gen-1766349389-8Q77MBKaSPfOAyHZzhW2
93,human_eval_test,0,769,927,0,C:\Users\durgamaniryudh\Desktop\Learn\llm_eval\test\human_eval_test\93\93_gen_0.sv,mistralai/devstral-2512:free,stop,,gen-1766349463-UDioPhUfPfIrH5Ev2oEz
3172,aapp_competition_test,0,868,1909,0,C:\Users\durgamaniryudh\Desktop\Learn\llm_eval\test\aapp_competition_test\3172\3172_gen_0.sv,mistralai/devstral-2512:free,stop,,gen-1766349461-OGR58RrGZeYDElaicBnq
146,human_eval_test,0,915,748,0,C:\Users\durgamaniryudh\Desktop\Learn\llm_eval\test\human_eval_test\146\146_gen_0.sv,mistralai/devstral-2512:free,stop,,gen-1766349476-GqldDTPfHdevRGP3lbYm
3174,aapp_competition_test,0,771,1271,0,C:\Users\durgamaniryudh\Desktop\Learn\llm_eval\test\aapp_competition_test\3174\3174_gen_0.sv,mistralai/devstral-2512:free,stop,,gen-1766349467-4vo1hzCiFXkSeBib6MJ0
121,human_eval_test,0,555,228,0,C:\Users\durgamaniryudh\Desktop\Learn\llm_eval\test\human_eval_test\121\121_gen_0.sv,mistralai/devstral-2512:free,stop,,gen-1766349487-9xjCBLJNFmwGqeNBvHRK
68,human_eval_test,0,661,895,0,C:\Users\durgamaniryudh\Desktop\Learn\llm_eval\test\human_eval_test\68\68_gen_0.sv,mistralai/devstral-2512:free,stop,,gen-1766349491-bOYRDbxyhyH4KSRxSQf7
3179,aapp_competition_test,0,649,2021,0,C:\Users\durgamaniryudh\Desktop\Learn\llm_eval\test\aapp_competition_test\3179\3179_gen_0.sv,mistralai/devstral-2512:free,stop,,gen-1766349489-9MijdiJxcbuS6vjYbnlr
3170,aapp_competition_test,0,3103,2198,0,C:\Users\durgamaniryudh\Desktop\Learn\llm_eval\test\aapp_competition_test\3170\3170_gen_0.sv,mistralai/devstral-2512:free,stop,,gen-1766349486-b8htCr22Iz1UOfi0MSXq
42,human_eval_test,0,647,844,0,C:\Users\durgamaniryudh\Desktop\Learn\llm_eval\test\human_eval_test\42\42_gen_0.sv,mistralai/devstral-2512:free,stop,,gen-1766349525-P9aEuZbG41JJC0alDtZr
3176,aapp_competition_test,0,1264,1677,0,C:\Users\durgamaniryudh\Desktop\Learn\llm_eval\test\aapp_competition_test\3176\3176_gen_0.sv,mistralai/devstral-2512:free,stop,,gen-1766349503-DLFlcJmkrz94hma2wekV
94,human_eval_test,0,588,1205,0,C:\Users\durgamaniryudh\Desktop\Learn\llm_eval\test\human_eval_test\94\94_gen_0.sv,mistralai/devstral-2512:free,stop,,gen-1766349536-ABxempwruc6DtRO7R3GO
3177,aapp_competition_test,0,2055,2051,0,C:\Users\durgamaniryudh\Desktop\Learn\llm_eval\test\aapp_competition_test\3177\3177_gen_0.sv,mistralai/devstral-2512:free,stop,,gen-1766349526-n90hBgF78KDjzoeeV99U
147,human_eval_test,0,590,336,0,C:\Users\durgamaniryudh\Desktop\Learn\llm_eval\test\human_eval_test\147\147_gen_0.sv,mistralai/devstral-2512:free,stop,,gen-1766349551-t5WfLM3oPHVr4H5mWdY6
3175,aapp_competition_test,0,862,1603,0,C:\Users\durgamaniryudh\Desktop\Learn\llm_eval\test\aapp_competition_test\3175\3175_gen_0.sv,mistralai/devstral-2512:free,stop,,gen-1766349543-n5bJ43XpbvbjDN4vQgTB
69,human_eval_test,0,1044,802,0,C:\Users\durgamaniryudh\Desktop\Learn\llm_eval\test\human_eval_test\69\69_gen_0.sv,mistralai/devstral-2512:free,stop,,gen-1766349558-dWbyRClPjGKz7XoAuYdM
3181,aapp_competition_test,0,1562,819,0,C:\Users\durgamaniryudh\Desktop\Learn\llm_eval\test\aapp_competition_test\3181\3181_gen_0.sv,mistralai/devstral-2512:free,stop,,gen-1766349563-BzxeT5nwhnhDgLFKDPTR
3178,aapp_competition_test,0,2682,2178,0,C:\Users\durgamaniryudh\Desktop\Learn\llm_eval\test\aapp_competition_test\3178\3178_gen_0.sv,mistralai/devstral-2512:free,stop,,gen-1766349556-DZjUkXQQW4HMxzT5kl4Q
95,human_eval_test,0,816,1223,0,C:\Users\durgamaniryudh\Desktop\Learn\llm_eval\test\human_eval_test\95\95_gen_0.sv,mistralai/devstral-2512:free,stop,,gen-1766349569-4CSFwWVYbG6KYajLShbA
16,human_eval_test,0,671,475,0,C:\Users\durgamaniryudh\Desktop\Learn\llm_eval\test\human_eval_test\16\16_gen_0.sv,mistralai/devstral-2512:free,stop,,gen-1766349584-5iPRxIWERKhGi0wKhAql
3669,aapp_competition_test,0,992,65536,0,C:\Users\durgamaniryudh\Desktop\Learn\llm_eval\test\aapp_competition_test\3669\3669_gen_0.sv,mistralai/devstral-2512:free,length,,gen-1766347090-7WP51ZeCrrCzcuySIqHS
96,human_eval_test,0,717,317,0,C:\Users\durgamaniryudh\Desktop\Learn\llm_eval\test\human_eval_test\96\96_gen_0.sv,mistralai/devstral-2512:free,stop,,gen-1766349590-4RaUvFK99vYQ3h8AbKao
3182,aapp_competition_test,0,836,906,0,C:\Users\durgamaniryudh\Desktop\Learn\llm_eval\test\aapp_competition_test\3182\3182_gen_0.sv,mistralai/devstral-2512:free,stop,,gen-1766349590-xhXqG6tsn2EAvp5ftA9o
3180,aapp_competition_test,0,1273,1578,0,C:\Users\durgamaniryudh\Desktop\Learn\llm_eval\test\aapp_competition_test\3180\3180_gen_0.sv,mistralai/devstral-2512:free,stop,,gen-1766349576-rCxghUZeXds61jlgnaxB
17,human_eval_test,0,1026,729,0,C:\Users\durgamaniryudh\Desktop\Learn\llm_eval\test\human_eval_test\17\17_gen_0.sv,mistralai/devstral-2512:free,stop,,gen-1766349593-Jhqj1IJS4dKi7NrqZjbf
3185,aapp_competition_test,0,580,771,0,C:\Users\durgamaniryudh\Desktop\Learn\llm_eval\test\aapp_competition_test\3185\3185_gen_0.sv,mistralai/devstral-2512:free,stop,,gen-1766349596-oz5lLJX60UR6g8I5YuFg
44,human_eval_test,0,629,609,0,C:\Users\durgamaniryudh\Desktop\Learn\llm_eval\test\human_eval_test\44\44_gen_0.sv,mistralai/devstral-2512:free,stop,,gen-1766349608-C3z0fTQuqxIEkf5pJAe9
3186,aapp_competition_test,0,778,1023,0,C:\Users\durgamaniryudh\Desktop\Learn\llm_eval\test\aapp_competition_test\3186\3186_gen_0.sv,mistralai/devstral-2512:free,stop,,gen-1766349604-Af9FufgGThuLJLYRdVIY
3184,aapp_competition_test,0,661,887,0,C:\Users\durgamaniryudh\Desktop\Learn\llm_eval\test\aapp_competition_test\3184\3184_gen_0.sv,mistralai/devstral-2512:free,stop,,gen-1766349617-CEZIY0PLNQ8IPXFa44aS
43,human_eval_test,0,681,2099,0,C:\Users\durgamaniryudh\Desktop\Learn\llm_eval\test\human_eval_test\43\43_gen_0.sv,mistralai/devstral-2512:free,stop,,gen-1766349603-UufGMy8wXhdZ74cZhDFD
148,human_eval_test,0,1106,1077,0,C:\Users\durgamaniryudh\Desktop\Learn\llm_eval\test\human_eval_test\148\148_gen_0.sv,mistralai/devstral-2512:free,stop,,gen-1766349618-6XG2plo4qH2shLEYXiNJ
3187,aapp_competition_test,0,1766,1000,0,C:\Users\durgamaniryudh\Desktop\Learn\llm_eval\test\aapp_competition_test\3187\3187_gen_0.sv,mistralai/devstral-2512:free,stop,,gen-1766349619-NdPRi5QjeJz1TJR5SFpO
3190,aapp_competition_test,0,860,1119,0,C:\Users\durgamaniryudh\Desktop\Learn\llm_eval\test\aapp_competition_test\3190\3190_gen_0.sv,mistralai/devstral-2512:free,stop,,gen-1766349633-uYKr6bFVHc66z1eYHeiT
149,human_eval_test,0,621,1425,0,C:\Users\durgamaniryudh\Desktop\Learn\llm_eval\test\human_eval_test\149\149_gen_0.sv,mistralai/devstral-2512:free,stop,,gen-1766349631-oEln7YPqQ2wbdG6P2gkh
123,human_eval_test,0,759,1065,0,C:\Users\durgamaniryudh\Desktop\Learn\llm_eval\test\human_eval_test\123\123_gen_0.sv,mistralai/devstral-2512:free,stop,,gen-1766349635-EvPuH5eGtoRbzigmbGjX
3194,aapp_competition_test,0,706,933,0,C:\Users\durgamaniryudh\Desktop\Learn\llm_eval\test\aapp_competition_test\3194\3194_gen_0.sv,mistralai/devstral-2512:free,stop,,gen-1766349633-L8I8t9xbirAmkCLmnOzy
70,human_eval_test,0,860,1061,0,C:\Users\durgamaniryudh\Desktop\Learn\llm_eval\test\human_eval_test\70\70_gen_0.sv,mistralai/devstral-2512:free,stop,,gen-1766349656-snKnUbss0VD3jVRKozr2
97,human_eval_test,0,531,162,0,C:\Users\durgamaniryudh\Desktop\Learn\llm_eval\test\human_eval_test\97\97_gen_0.sv,mistralai/devstral-2512:free,stop,,gen-1766349667-CWoq4yaTikXyZljCFhSG
3193,aapp_competition_test,0,1156,2143,0,C:\Users\durgamaniryudh\Desktop\Learn\llm_eval\test\aapp_competition_test\3193\3193_gen_0.sv,mistralai/devstral-2512:free,stop,,gen-1766349649-lGgNYeG13PfeaIPo4Fej
122,human_eval_test,0,626,394,0,C:\Users\durgamaniryudh\Desktop\Learn\llm_eval\test\human_eval_test\122\122_gen_0.sv,mistralai/devstral-2512:free,stop,,gen-1766349673-EalvU662MKkV2RLysWID
3196,aapp_competition_test,0,762,1338,0,C:\Users\durgamaniryudh\Desktop\Learn\llm_eval\test\aapp_competition_test\3196\3196_gen_0.sv,mistralai/devstral-2512:free,stop,,gen-1766349669-wxD6YqwCL9rEEHtbjYBX
3197,aapp_competition_test,0,736,1007,0,C:\Users\durgamaniryudh\Desktop\Learn\llm_eval\test\aapp_competition_test\3197\3197_gen_0.sv,mistralai/devstral-2512:free,stop,,gen-1766349663-j0DbLiCHAAj2KadTg4yN
18,human_eval_test,0,657,713,0,C:\Users\durgamaniryudh\Desktop\Learn\llm_eval\test\human_eval_test\18\18_gen_0.sv,mistralai/devstral-2512:free,stop,,gen-1766349679-sBe5Zf6Wc29vVF2IP5yx
3192,aapp_competition_test,0,1479,1358,0,C:\Users\durgamaniryudh\Desktop\Learn\llm_eval\test\aapp_competition_test\3192\3192_gen_0.sv,mistralai/devstral-2512:free,stop,,gen-1766349678-U0NnwNMvDP49JNWHqMo3
45,human_eval_test,0,509,94,0,C:\Users\durgamaniryudh\Desktop\Learn\llm_eval\test\human_eval_test\45\45_gen_0.sv,mistralai/devstral-2512:free,stop,,gen-1766349702-HBaS751FnM0aXZh4v97N
3198,aapp_competition_test,0,802,1367,0,C:\Users\durgamaniryudh\Desktop\Learn\llm_eval\test\aapp_competition_test\3198\3198_gen_0.sv,mistralai/devstral-2512:free,stop,,gen-1766349687-mywLGU4VmfACpst5sx7n
3202,aapp_competition_test,0,803,1157,0,C:\Users\durgamaniryudh\Desktop\Learn\llm_eval\test\aapp_competition_test\3202\3202_gen_0.sv,mistralai/devstral-2512:free,stop,,gen-1766349695-WSST7mxUvJAscweTfpXF
71,human_eval_test,0,841,1657,0,C:\Users\durgamaniryudh\Desktop\Learn\llm_eval\test\human_eval_test\71\71_gen_0.sv,mistralai/devstral-2512:free,stop,,gen-1766349692-6GVk4BZkzckUoC0uOggZ
3199,aapp_competition_test,0,839,1370,0,C:\Users\durgamaniryudh\Desktop\Learn\llm_eval\test\aapp_competition_test\3199\3199_gen_0.sv,mistralai/devstral-2512:free,stop,,gen-1766349704-CGOpOMn1PmtrHRXxUwV7
72,human_eval_test,0,582,542,0,C:\Users\durgamaniryudh\Desktop\Learn\llm_eval\test\human_eval_test\72\72_gen_0.sv,mistralai/devstral-2512:free,stop,,gen-1766349707-HyqhXTYZ2DtV2ECnouIX
150,human_eval_test,0,507,120,0,C:\Users\durgamaniryudh\Desktop\Learn\llm_eval\test\human_eval_test\150\150_gen_0.sv,mistralai/devstral-2512:free,stop,,gen-1766349725-1hbpaAknILonhQnM9eSY
3205,aapp_competition_test,0,685,1204,0,C:\Users\durgamaniryudh\Desktop\Learn\llm_eval\test\aapp_competition_test\3205\3205_gen_0.sv,mistralai/devstral-2512:free,stop,,gen-1766349714-guHVBHcjCBSivK3IfmNB
98,human_eval_test,0,672,912,0,C:\Users\durgamaniryudh\Desktop\Learn\llm_eval\test\human_eval_test\98\98_gen_0.sv,mistralai/devstral-2512:free,stop,,gen-1766349721-LzsKnfENUcfqQ5kMdVOU
3204,aapp_competition_test,0,886,1423,0,C:\Users\durgamaniryudh\Desktop\Learn\llm_eval\test\aapp_competition_test\3204\3204_gen_0.sv,mistralai/devstral-2512:free,stop,,gen-1766349723-FCiiuHjtFOM4jGIZ8sfG
46,human_eval_test,0,692,805,0,C:\Users\durgamaniryudh\Desktop\Learn\llm_eval\test\human_eval_test\46\46_gen_0.sv,mistralai/devstral-2512:free,stop,,gen-1766349733-jPnEMLMmYXkUmFe0yKtl
3211,aapp_competition_test,0,714,975,0,C:\Users\durgamaniryudh\Desktop\Learn\llm_eval\test\aapp_competition_test\3211\3211_gen_0.sv,mistralai/devstral-2512:free,stop,,gen-1766349733-Z0NgyL7fhdaQ6aEHWqbG
19,human_eval_test,0,632,2031,0,C:\Users\durgamaniryudh\Desktop\Learn\llm_eval\test\human_eval_test\19\19_gen_0.sv,mistralai/devstral-2512:free,stop,,gen-1766349728-hq4BH3JaocfeUuNpAAC7
3701,aapp_competition_test,0,514,852,0,C:\Users\durgamaniryudh\Desktop\Learn\llm_eval\test\aapp_competition_test\3701\3701_gen_0.sv,mistralai/devstral-2512:free,stop,,gen-1766349754-e2CpAZtlBGWI0Og8ihVx
3210,aapp_competition_test,0,734,2161,0,C:\Users\durgamaniryudh\Desktop\Learn\llm_eval\test\aapp_competition_test\3210\3210_gen_0.sv,mistralai/devstral-2512:free,stop,,gen-1766349741-dYxlhj4UuEwfF4Ax8rUy
460,mbpp_test,0,665,113,0,C:\Users\durgamaniryudh\Desktop\Learn\llm_eval\test\mbpp_test\460\460_gen_0.sv,mistralai/devstral-2512:free,stop,,gen-1766349766-j0vjoJvznkp8NJI4HUQ5
295,mbpp_test,0,537,848,0,C:\Users\durgamaniryudh\Desktop\Learn\llm_eval\test\mbpp_test\295\295_gen_0.sv,mistralai/devstral-2512:free,stop,,gen-1766349766-fhqEPJcEkvSKJ6BXpbtV
3492,aapp_competition_test,0,882,2587,0,C:\Users\durgamaniryudh\Desktop\Learn\llm_eval\test\aapp_competition_test\3492\3492_gen_0.sv,mistralai/devstral-2512:free,stop,,gen-1766349746-84CoMMa2buuZsHxhvLFn
3700,aapp_competition_test,0,747,247,0,C:\Users\durgamaniryudh\Desktop\Learn\llm_eval\test\aapp_competition_test\3700\3700_gen_0.sv,mistralai/devstral-2512:free,stop,,gen-1766349793-IeR9w1npGpIOVpWc9SYq
3351,aapp_competition_test,0,981,2476,0,C:\Users\durgamaniryudh\Desktop\Learn\llm_eval\test\aapp_competition_test\3351\3351_gen_0.sv,mistralai/devstral-2512:free,stop,,gen-1766349771-CMK948fKWrIasCM2uWzf
3350,aapp_competition_test,0,833,1429,0,C:\Users\durgamaniryudh\Desktop\Learn\llm_eval\test\aapp_competition_test\3350\3350_gen_0.sv,mistralai/devstral-2512:free,stop,,gen-1766349744-UH8wd6G7S3cVW0b2Ddov
296,mbpp_test,0,625,1104,0,C:\Users\durgamaniryudh\Desktop\Learn\llm_eval\test\mbpp_test\296\296_gen_0.sv,mistralai/devstral-2512:free,stop,,gen-1766349802-T0Mnru571FqTOdr8HHiO
3495,aapp_competition_test,0,818,1526,0,C:\Users\durgamaniryudh\Desktop\Learn\llm_eval\test\aapp_competition_test\3495\3495_gen_0.sv,mistralai/devstral-2512:free,stop,,gen-1766349778-AqJZUNtJy1Ip0ErNts3Y
459,mbpp_test,0,645,595,0,C:\Users\durgamaniryudh\Desktop\Learn\llm_eval\test\mbpp_test\459\459_gen_0.sv,mistralai/devstral-2512:free,stop,,gen-1766349803-mc9YRHW32cwXmg6fZQqu
456,mbpp_test,0,584,1117,0,C:\Users\durgamaniryudh\Desktop\Learn\llm_eval\test\mbpp_test\456\456_gen_0.sv,mistralai/devstral-2512:free,stop,,gen-1766349817-foQ3MCwZUJKx5d4uYNjA
3347,aapp_competition_test,0,661,444,0,C:\Users\durgamaniryudh\Desktop\Learn\llm_eval\test\aapp_competition_test\3347\3347_gen_0.sv,mistralai/devstral-2512:free,,,gen-1766349818-m83uV23UP3nVbHr5ofd8
3696,aapp_competition_test,0,765,1363,0,C:\Users\durgamaniryudh\Desktop\Learn\llm_eval\test\aapp_competition_test\3696\3696_gen_0.sv,mistralai/devstral-2512:free,stop,,gen-1766349821-ggc9VXN4Cr2R2BatVH59
3352,aapp_competition_test,0,662,364,0,C:\Users\durgamaniryudh\Desktop\Learn\llm_eval\test\aapp_competition_test\3352\3352_gen_0.sv,mistralai/devstral-2512:free,stop,,gen-1766349835-uWR9V1f99WoywBedghrB
293,mbpp_test,0,1456,838,0,C:\Users\durgamaniryudh\Desktop\Learn\llm_eval\test\mbpp_test\293\293_gen_0.sv,mistralai/devstral-2512:free,stop,,gen-1766349832-G1WVW0nZyQpVCt7WULZM
3501,aapp_competition_test,0,743,697,0,C:\Users\durgamaniryudh\Desktop\Learn\llm_eval\test\aapp_competition_test\3501\3501_gen_0.sv,mistralai/devstral-2512:free,stop,,gen-1766349839-zN55FAkl9ov75UqcRBTE
461,mbpp_test,0,494,204,0,C:\Users\durgamaniryudh\Desktop\Learn\llm_eval\test\mbpp_test\461\461_gen_0.sv,mistralai/devstral-2512:free,stop,,gen-1766349848-KiAa0pqjGMiPbJEIeBoS
3500,aapp_competition_test,0,812,1282,0,C:\Users\durgamaniryudh\Desktop\Learn\llm_eval\test\aapp_competition_test\3500\3500_gen_0.sv,mistralai/devstral-2512:free,stop,,gen-1766349820-DOHda42ZyJ64PirwEv9B
294,mbpp_test,0,662,644,0,C:\Users\durgamaniryudh\Desktop\Learn\llm_eval\test\mbpp_test\294\294_gen_0.sv,mistralai/devstral-2512:free,stop,,gen-1766349846-WkhY1mejuN8NliP7tUgA
3707,aapp_competition_test,0,700,153,0,C:\Users\durgamaniryudh\Desktop\Learn\llm_eval\test\aapp_competition_test\3707\3707_gen_0.sv,mistralai/devstral-2512:free,stop,,gen-1766349856-LfiqLyTvfsSEST9gZkXN
3354,aapp_competition_test,0,1025,865,0,C:\Users\durgamaniryudh\Desktop\Learn\llm_eval\test\aapp_competition_test\3354\3354_gen_0.sv,mistralai/devstral-2512:free,stop,,gen-1766349852-iiMfvGThncxnIDrtaLAE
3703,aapp_competition_test,0,785,988,0,C:\Users\durgamaniryudh\Desktop\Learn\llm_eval\test\aapp_competition_test\3703\3703_gen_0.sv,mistralai/devstral-2512:free,stop,,gen-1766349840-hkXR1Xt4E5zR9vcyjSc5
290,mbpp_test,0,1632,474,0,C:\Users\durgamaniryudh\Desktop\Learn\llm_eval\test\mbpp_test\290\290_gen_0.sv,mistralai/devstral-2512:free,stop,,gen-1766349861-4go3hDZjX5CCjXiVgwCz
457,mbpp_test,0,699,684,0,C:\Users\durgamaniryudh\Desktop\Learn\llm_eval\test\mbpp_test\457\457_gen_0.sv,mistralai/devstral-2512:free,stop,,gen-1766349864-XM5IEbvhiEKWBTk9hfol
464,mbpp_test,0,480,190,0,C:\Users\durgamaniryudh\Desktop\Learn\llm_eval\test\mbpp_test\464\464_gen_0.sv,mistralai/devstral-2512:free,stop,,gen-1766349875-JokTm5uUxECwjVGl8MLj
3502,aapp_competition_test,0,899,1508,0,C:\Users\durgamaniryudh\Desktop\Learn\llm_eval\test\aapp_competition_test\3502\3502_gen_0.sv,mistralai/devstral-2512:free,stop,,gen-1766349855-8IW3lOfiYhLknc9RxcON
300,mbpp_test,0,846,226,0,C:\Users\durgamaniryudh\Desktop\Learn\llm_eval\test\mbpp_test\300\300_gen_0.sv,mistralai/devstral-2512:free,stop,,gen-1766349887-1ZYULPawgSkc3Y4kuQ5u
3705,aapp_competition_test,0,619,665,0,C:\Users\durgamaniryudh\Desktop\Learn\llm_eval\test\aapp_competition_test\3705\3705_gen_0.sv,mistralai/devstral-2512:free,stop,,gen-1766349881-QZOBRasr6xcDjeSMvFII
3353,aapp_competition_test,0,818,1773,0,C:\Users\durgamaniryudh\Desktop\Learn\llm_eval\test\aapp_competition_test\3353\3353_gen_0.sv,mistralai/devstral-2512:free,stop,,gen-1766349876-j4utzgSkaDi9Akbj4gqG
438,mbpp_test,0,958,659,0,C:\Users\durgamaniryudh\Desktop\Learn\llm_eval\test\mbpp_test\438\438_gen_0.sv,mistralai/devstral-2512:free,stop,,gen-1766349893-KUoPJkaKUl5R7S22MU17
3503,aapp_competition_test,0,829,2341,0,C:\Users\durgamaniryudh\Desktop\Learn\llm_eval\test\aapp_competition_test\3503\3503_gen_0.sv,mistralai/devstral-2512:free,stop,,gen-1766349880-11gCeMC2ZnleE89Qt9Sw
3504,aapp_competition_test,0,716,1161,0,C:\Users\durgamaniryudh\Desktop\Learn\llm_eval\test\aapp_competition_test\3504\3504_gen_0.sv,mistralai/devstral-2512:free,stop,,gen-1766349905-cksaAiviTdAha43KJ3Bm
304,mbpp_test,0,788,257,0,C:\Users\durgamaniryudh\Desktop\Learn\llm_eval\test\mbpp_test\304\304_gen_0.sv,mistralai/devstral-2512:free,stop,,gen-1766349919-hz6UoKvhVg7JmROmyjlN
458,mbpp_test,0,464,61,0,C:\Users\durgamaniryudh\Desktop\Learn\llm_eval\test\mbpp_test\458\458_gen_0.sv,mistralai/devstral-2512:free,stop,,gen-1766349925-ioapXdiQ72vnCNmylgQ8
3036,aapp_competition_test,0,835,69618,0,C:\Users\durgamaniryudh\Desktop\Learn\llm_eval\test\aapp_competition_test\3036\3036_gen_0.sv,mistralai/devstral-2512:free,,,gen-1766347317-5K4aX0xjoOm79glfcb0U
3356,aapp_competition_test,0,1886,2687,0,C:\Users\durgamaniryudh\Desktop\Learn\llm_eval\test\aapp_competition_test\3356\3356_gen_0.sv,mistralai/devstral-2512:free,stop,,gen-1766349894-qoR9fHzvdREBgxCwws5M
3357,aapp_competition_test,0,956,1063,0,C:\Users\durgamaniryudh\Desktop\Learn\llm_eval\test\aapp_competition_test\3357\3357_gen_0.sv,mistralai/devstral-2512:free,stop,,gen-1766349931-XAZ0C6uMLWYjlZj2R4wt
3505,aapp_competition_test,0,582,782,0,C:\Users\durgamaniryudh\Desktop\Learn\llm_eval\test\aapp_competition_test\3505\3505_gen_0.sv,mistralai/devstral-2512:free,stop,,gen-1766349934-8kbvN5d6cM3BJc3PJkVy
309,mbpp_test,0,414,73,0,C:\Users\durgamaniryudh\Desktop\Learn\llm_eval\test\mbpp_test\309\309_gen_0.sv,mistralai/devstral-2512:free,stop,,gen-1766349950-So0tzx6bfSzpQHWBDcHm
98,mbpp_test,0,896,26299,0,C:\Users\durgamaniryudh\Desktop\Learn\llm_eval\test\mbpp_test\98\98_gen_0.sv,mistralai/devstral-2512:free,,,gen-1766347750-2l0tW7niKr4Cu1BtZYxC
297,mbpp_test,0,747,853,0,C:\Users\durgamaniryudh\Desktop\Learn\llm_eval\test\mbpp_test\297\297_gen_0.sv,mistralai/devstral-2512:free,stop,,gen-1766349916-SoTaMEbwHFNUgE4zi0Ze
463,mbpp_test,0,727,1118,0,C:\Users\durgamaniryudh\Desktop\Learn\llm_eval\test\mbpp_test\463\463_gen_0.sv,mistralai/devstral-2512:free,stop,,gen-1766349948-0DWq9AimO9RK0RuZJIPF
3507,aapp_competition_test,0,675,976,0,C:\Users\durgamaniryudh\Desktop\Learn\llm_eval\test\aapp_competition_test\3507\3507_gen_0.sv,mistralai/devstral-2512:free,stop,,gen-1766349953-HZDevjPpjtE2CdUTkc70
3713,aapp_competition_test,0,730,581,0,C:\Users\durgamaniryudh\Desktop\Learn\llm_eval\test\aapp_competition_test\3713\3713_gen_0.sv,mistralai/devstral-2512:free,stop,,gen-1766349962-nTgTtFlMXVFbRClBD3u6
3711,aapp_competition_test,0,791,1044,0,C:\Users\durgamaniryudh\Desktop\Learn\llm_eval\test\aapp_competition_test\3711\3711_gen_0.sv,mistralai/devstral-2512:free,stop,,gen-1766349940-TiyLefJSfOfm05y1iXyz
3706,aapp_competition_test,0,861,1901,0,C:\Users\durgamaniryudh\Desktop\Learn\llm_eval\test\aapp_competition_test\3706\3706_gen_0.sv,mistralai/devstral-2512:free,stop,,gen-1766349906-tHWKX417MK3KdZbMkB3T
299,mbpp_test,0,836,1116,0,C:\Users\durgamaniryudh\Desktop\Learn\llm_eval\test\mbpp_test\299\299_gen_0.sv,mistralai/devstral-2512:free,stop,,gen-1766349964-fzchuv5bfEevsJBhq879
465,mbpp_test,0,573,569,0,C:\Users\durgamaniryudh\Desktop\Learn\llm_eval\test\mbpp_test\465\465_gen_0.sv,mistralai/devstral-2512:free,stop,,gen-1766349979-ltkaGeQbYRTepiFeTVGw
3361,aapp_competition_test,0,765,1582,0,C:\Users\durgamaniryudh\Desktop\Learn\llm_eval\test\aapp_competition_test\3361\3361_gen_0.sv,mistralai/devstral-2512:free,stop,,gen-1766349966-DomA042EW8iudkowYdue
3710,aapp_competition_test,0,743,1335,0,C:\Users\durgamaniryudh\Desktop\Learn\llm_eval\test\aapp_competition_test\3710\3710_gen_0.sv,mistralai/devstral-2512:free,stop,,gen-1766349975-Xg9IgJdGYTUINeLbVsJZ
307,mbpp_test,0,606,882,0,C:\Users\durgamaniryudh\Desktop\Learn\llm_eval\test\mbpp_test\307\307_gen_0.sv,mistralai/devstral-2512:free,stop,,gen-1766349982-2MgFTH0j3WlonUR322Pi
472,mbpp_test,0,583,415,0,C:\Users\durgamaniryudh\Desktop\Learn\llm_eval\test\mbpp_test\472\472_gen_0.sv,mistralai/devstral-2512:free,stop,,gen-1766349998-SZPuuYuV2imEFBhApI9F
3498,aapp_competition_test,0,1253,2097,0,C:\Users\durgamaniryudh\Desktop\Learn\llm_eval\test\aapp_competition_test\3498\3498_gen_0.sv,mistralai/devstral-2512:free,stop,,gen-1766349971-fNriZqA4hm8SUPfFKiv1
3362,aapp_competition_test,0,1088,2470,0,C:\Users\durgamaniryudh\Desktop\Learn\llm_eval\test\aapp_competition_test\3362\3362_gen_0.sv,mistralai/devstral-2512:free,stop,,gen-1766349987-9KF5MggKGDbAhTbIoLNh
3508,aapp_competition_test,0,792,1453,0,C:\Users\durgamaniryudh\Desktop\Learn\llm_eval\test\aapp_competition_test\3508\3508_gen_0.sv,mistralai/devstral-2512:free,stop,,gen-1766349991-cX2PcAklKEMxBMBvC7P9
462,mbpp_test,0,865,1097,0,C:\Users\durgamaniryudh\Desktop\Learn\llm_eval\test\mbpp_test\462\462_gen_0.sv,mistralai/devstral-2512:free,stop,,gen-1766350004-df4f7JwW9MVHrpn9XiK9
305,mbpp_test,0,1075,1735,0,C:\Users\durgamaniryudh\Desktop\Learn\llm_eval\test\mbpp_test\305\305_gen_0.sv,mistralai/devstral-2512:free,stop,,gen-1766350012-U0FlDOWg6bTkxjg0VleL
3506,aapp_competition_test,0,1035,1652,0,C:\Users\durgamaniryudh\Desktop\Learn\llm_eval\test\aapp_competition_test\3506\3506_gen_0.sv,mistralai/devstral-2512:free,stop,,gen-1766350019-8TBIq7KeCryepfJLxu8p
3715,aapp_competition_test,0,855,1151,0,C:\Users\durgamaniryudh\Desktop\Learn\llm_eval\test\aapp_competition_test\3715\3715_gen_0.sv,mistralai/devstral-2512:free,stop,,gen-1766350022-NSawii5BpMAt1hTPLmFZ
3360,aapp_competition_test,0,798,1903,0,C:\Users\durgamaniryudh\Desktop\Learn\llm_eval\test\aapp_competition_test\3360\3360_gen_0.sv,mistralai/devstral-2512:free,stop,,gen-1766350016-4xHByWUXdQWKwEnwsRKC
3714,aapp_competition_test,0,640,1439,0,C:\Users\durgamaniryudh\Desktop\Learn\llm_eval\test\aapp_competition_test\3714\3714_gen_0.sv,mistralai/devstral-2512:free,stop,,gen-1766349995-IPAAQw9C2Lsjzr5u4o48
301,mbpp_test,0,1291,1082,0,C:\Users\durgamaniryudh\Desktop\Learn\llm_eval\test\mbpp_test\301\301_gen_0.sv,mistralai/devstral-2512:free,stop,,gen-1766350036-oREvQ7YknM0HRlNsbuDp
3364,aapp_competition_test,0,743,1076,0,C:\Users\durgamaniryudh\Desktop\Learn\llm_eval\test\aapp_competition_test\3364\3364_gen_0.sv,mistralai/devstral-2512:free,stop,,gen-1766350039-ob9Vq9bdTkadQJrvu1Ro
3510,aapp_competition_test,0,877,1111,0,C:\Users\durgamaniryudh\Desktop\Learn\llm_eval\test\aapp_competition_test\3510\3510_gen_0.sv,mistralai/devstral-2512:free,stop,,gen-1766350046-nl9MgS3CYdpQ9xSjIk1W
306,mbpp_test,0,745,748,0,C:\Users\durgamaniryudh\Desktop\Learn\llm_eval\test\mbpp_test\306\306_gen_0.sv,mistralai/devstral-2512:free,stop,,gen-1766350055-RuomeM799QnOLhGGIeXI
468,mbpp_test,0,629,904,0,C:\Users\durgamaniryudh\Desktop\Learn\llm_eval\test\mbpp_test\468\468_gen_0.sv,mistralai/devstral-2512:free,stop,,gen-1766350039-NEgDzKx7CEyj4mhC7oQh
3712,aapp_competition_test,0,992,3332,0,C:\Users\durgamaniryudh\Desktop\Learn\llm_eval\test\aapp_competition_test\3712\3712_gen_0.sv,mistralai/devstral-2512:free,stop,,gen-1766350046-5CO6fsnp6j362Mrvs3Q2
3718,aapp_competition_test,0,665,142,0,C:\Users\durgamaniryudh\Desktop\Learn\llm_eval\test\aapp_competition_test\3718\3718_gen_0.sv,mistralai/devstral-2512:free,stop,,gen-1766350075-vKR0TJGgbfmDFuxOUeaQ
3511,aapp_competition_test,0,1212,1092,0,C:\Users\durgamaniryudh\Desktop\Learn\llm_eval\test\aapp_competition_test\3511\3511_gen_0.sv,mistralai/devstral-2512:free,stop,,gen-1766350065-IYO86BgZt8a8Qh7f9fRy
311,mbpp_test,0,667,243,0,C:\Users\durgamaniryudh\Desktop\Learn\llm_eval\test\mbpp_test\311\311_gen_0.sv,mistralai/devstral-2512:free,stop,,gen-1766350080-5R0JihYkxv0zQ1FnhKDf
470,mbpp_test,0,459,168,0,C:\Users\durgamaniryudh\Desktop\Learn\llm_eval\test\mbpp_test\470\470_gen_0.sv,mistralai/devstral-2512:free,stop,,gen-1766350083-jpdyfSae2xNjsvSENUmQ
3365,aapp_competition_test,0,716,1672,0,C:\Users\durgamaniryudh\Desktop\Learn\llm_eval\test\aapp_competition_test\3365\3365_gen_0.sv,mistralai/devstral-2512:free,stop,,gen-1766350063-2uHhLJRHbHlEhZ9lz8Fa
474,mbpp_test,0,500,138,0,C:\Users\durgamaniryudh\Desktop\Learn\llm_eval\test\mbpp_test\474\474_gen_0.sv,mistralai/devstral-2512:free,stop,,gen-1766350096-4HZOrGZGlN79Cc0aC9dq
3363,aapp_competition_test,0,1849,1341,0,C:\Users\durgamaniryudh\Desktop\Learn\llm_eval\test\aapp_competition_test\3363\3363_gen_0.sv,mistralai/devstral-2512:free,stop,,gen-1766350084-El6eeR9FU7rqdPGkn3Tf
388,mbpp_test,0,671,116,0,C:\Users\durgamaniryudh\Desktop\Learn\llm_eval\test\mbpp_test\388\388_gen_0.sv,mistralai/devstral-2512:free,stop,,gen-1766350099-4YYZr5hLAupP4vDg89fQ
471,mbpp_test,0,593,679,0,C:\Users\durgamaniryudh\Desktop\Learn\llm_eval\test\mbpp_test\471\471_gen_0.sv,mistralai/devstral-2512:free,stop,,gen-1766350060-RUbB4UbylS1yQGgfdPzv
3514,aapp_competition_test,0,641,702,0,C:\Users\durgamaniryudh\Desktop\Learn\llm_eval\test\aapp_competition_test\3514\3514_gen_0.sv,mistralai/devstral-2512:free,stop,,gen-1766350100-5pkHHplVm8gmj3vN4eAC
3366,aapp_competition_test,0,679,745,0,C:\Users\durgamaniryudh\Desktop\Learn\llm_eval\test\aapp_competition_test\3366\3366_gen_0.sv,mistralai/devstral-2512:free,stop,,gen-1766350100-HMbELxNFztteKGueLGcm
3717,aapp_competition_test,0,951,2262,0,C:\Users\durgamaniryudh\Desktop\Learn\llm_eval\test\aapp_competition_test\3717\3717_gen_0.sv,mistralai/devstral-2512:free,stop,,gen-1766350094-nHOi6svwwY9lk2QtK8ic
3720,aapp_competition_test,0,886,1422,0,C:\Users\durgamaniryudh\Desktop\Learn\llm_eval\test\aapp_competition_test\3720\3720_gen_0.sv,mistralai/devstral-2512:free,stop,,gen-1766350102-YkSZZY6hIO5cYCMoUktQ
3512,aapp_competition_test,0,904,2811,0,C:\Users\durgamaniryudh\Desktop\Learn\llm_eval\test\aapp_competition_test\3512\3512_gen_0.sv,mistralai/devstral-2512:free,stop,,gen-1766350085-SZDdBDajlmJi6GtVisvB
473,mbpp_test,0,1107,1589,0,C:\Users\durgamaniryudh\Desktop\Learn\llm_eval\test\mbpp_test\473\473_gen_0.sv,mistralai/devstral-2512:free,stop,,gen-1766350117-HGroUw30SGpBVWD9fBgM
3368,aapp_competition_test,0,614,1225,0,C:\Users\durgamaniryudh\Desktop\Learn\llm_eval\test\aapp_competition_test\3368\3368_gen_0.sv,mistralai/devstral-2512:free,stop,,gen-1766350119-HfdfkUv8OkSB4X1Lyljf
3721,aapp_competition_test,0,878,1162,0,C:\Users\durgamaniryudh\Desktop\Learn\llm_eval\test\aapp_competition_test\3721\3721_gen_0.sv,mistralai/devstral-2512:free,stop,,gen-1766350127-u62lNpnuvO1eygRm64Io
310,mbpp_test,0,712,584,0,C:\Users\durgamaniryudh\Desktop\Learn\llm_eval\test\mbpp_test\310\310_gen_0.sv,mistralai/devstral-2512:free,stop,,gen-1766350137-4cheroNTTv0kdHAXcBtJ
3369,aapp_competition_test,0,1711,960,0,C:\Users\durgamaniryudh\Desktop\Learn\llm_eval\test\aapp_competition_test\3369\3369_gen_0.sv,mistralai/devstral-2512:free,stop,,gen-1766350143-DIiKR4KA8QLIYbG7KnTP
3722,aapp_competition_test,0,767,754,0,C:\Users\durgamaniryudh\Desktop\Learn\llm_eval\test\aapp_competition_test\3722\3722_gen_0.sv,mistralai/devstral-2512:free,stop,,gen-1766350146-ylsv7w6bEbcNR0OPTj9V
3516,aapp_competition_test,0,794,1110,0,C:\Users\durgamaniryudh\Desktop\Learn\llm_eval\test\aapp_competition_test\3516\3516_gen_0.sv,mistralai/devstral-2512:free,stop,,gen-1766350120-IEBL0uhCfQz6vFYSEZmy
312,mbpp_test,0,767,390,0,C:\Users\durgamaniryudh\Desktop\Learn\llm_eval\test\mbpp_test\312\312_gen_0.sv,mistralai/devstral-2512:free,stop,,gen-1766350157-oscOuNKV7HCVmNntEORc
3517,aapp_competition_test,0,705,1800,0,C:\Users\durgamaniryudh\Desktop\Learn\llm_eval\test\aapp_competition_test\3517\3517_gen_0.sv,mistralai/devstral-2512:free,stop,,gen-1766350143-547IAlNQEqf5jJt73a9s
308,mbpp_test,0,729,1091,0,C:\Users\durgamaniryudh\Desktop\Learn\llm_eval\test\mbpp_test\308\308_gen_0.sv,mistralai/devstral-2512:free,stop,,gen-1766350137-Q9b6EEwVb5oQB1pOMlfc
476,mbpp_test,0,505,2636,0,C:\Users\durgamaniryudh\Desktop\Learn\llm_eval\test\mbpp_test\476\476_gen_0.sv,mistralai/devstral-2512:free,stop,,gen-1766350154-6bB0c8q98q2MjTmcXDKo
477,mbpp_test,0,756,574,0,C:\Users\durgamaniryudh\Desktop\Learn\llm_eval\test\mbpp_test\477\477_gen_0.sv,mistralai/devstral-2512:free,stop,,gen-1766350167-6IUglo0nkxGXFxdFX5Fj
479,mbpp_test,0,639,575,0,C:\Users\durgamaniryudh\Desktop\Learn\llm_eval\test\mbpp_test\479\479_gen_0.sv,mistralai/devstral-2512:free,stop,,gen-1766350169-ymDf0DWwu0K1DOq5JTtW
3373,aapp_competition_test,0,677,1446,0,C:\Users\durgamaniryudh\Desktop\Learn\llm_eval\test\aapp_competition_test\3373\3373_gen_0.sv,mistralai/devstral-2512:free,stop,,gen-1766350158-2U8jQCP6qGztbhDVtc4c
3719,aapp_competition_test,0,889,1063,0,C:\Users\durgamaniryudh\Desktop\Learn\llm_eval\test\aapp_competition_test\3719\3719_gen_0.sv,mistralai/devstral-2512:free,stop,,gen-1766350166-r9HNcpWV5tXEA0Z82sIl
3515,aapp_competition_test,0,657,1063,0,C:\Users\durgamaniryudh\Desktop\Learn\llm_eval\test\aapp_competition_test\3515\3515_gen_0.sv,mistralai/devstral-2512:free,stop,,gen-1766350162-cabkcKodPlwPhT9ETtNz
3370,aapp_competition_test,0,803,421,0,C:\Users\durgamaniryudh\Desktop\Learn\llm_eval\test\aapp_competition_test\3370\3370_gen_0.sv,mistralai/devstral-2512:free,stop,,gen-1766350176-pW0nMGMbLP8UpPlhtM9W
389,mbpp_test,0,754,559,0,C:\Users\durgamaniryudh\Desktop\Learn\llm_eval\test\mbpp_test\389\389_gen_0.sv,mistralai/devstral-2512:free,stop,,gen-1766350185-WZWU9peXkEta1y1ihbRx
478,mbpp_test,0,799,1322,0,C:\Users\durgamaniryudh\Desktop\Learn\llm_eval\test\mbpp_test\478\478_gen_0.sv,mistralai/devstral-2512:free,stop,,gen-1766350186-g7A6oK1zWo34kHBKmrOd
3723,aapp_competition_test,0,609,1087,0,C:\Users\durgamaniryudh\Desktop\Learn\llm_eval\test\aapp_competition_test\3723\3723_gen_0.sv,mistralai/devstral-2512:free,stop,,gen-1766350182-Vu9N5x1w38YUwe0qIvOU
394,mbpp_test,0,595,234,0,C:\Users\durgamaniryudh\Desktop\Learn\llm_eval\test\mbpp_test\394\394_gen_0.sv,mistralai/devstral-2512:free,stop,,gen-1766350203-2N4NWiDT0lEBntVarrkC
3519,aapp_competition_test,0,669,1027,0,C:\Users\durgamaniryudh\Desktop\Learn\llm_eval\test\aapp_competition_test\3519\3519_gen_0.sv,mistralai/devstral-2512:free,stop,,gen-1766350193-PvduCkEVBVgnDtMkIk0S
3726,aapp_competition_test,0,650,655,0,C:\Users\durgamaniryudh\Desktop\Learn\llm_eval\test\aapp_competition_test\3726\3726_gen_0.sv,mistralai/devstral-2512:free,stop,,gen-1766350201-MNDeQEs2KJnRWwZeogxk
3371,aapp_competition_test,0,838,2119,0,C:\Users\durgamaniryudh\Desktop\Learn\llm_eval\test\aapp_competition_test\3371\3371_gen_0.sv,mistralai/devstral-2512:free,stop,,gen-1766350191-0ZxE7RnHJdZHVYRGf3X1
3522,aapp_competition_test,0,769,828,0,C:\Users\durgamaniryudh\Desktop\Learn\llm_eval\test\aapp_competition_test\3522\3522_gen_0.sv,mistralai/devstral-2512:free,stop,,gen-1766350211-R1pudPhB3WAsqtdE8APt
391,mbpp_test,0,860,515,0,C:\Users\durgamaniryudh\Desktop\Learn\llm_eval\test\mbpp_test\391\391_gen_0.sv,mistralai/devstral-2512:free,stop,,gen-1766350224-o2y8QiHJ8zB2yNnTZws6
3518,aapp_competition_test,0,749,5159,0,C:\Users\durgamaniryudh\Desktop\Learn\llm_eval\test\aapp_competition_test\3518\3518_gen_0.sv,mistralai/devstral-2512:free,stop,,gen-1766350181-Pz9QBXUfXiEcauFTFJ2A
3375,aapp_competition_test,0,1065,1698,0,C:\Users\durgamaniryudh\Desktop\Learn\llm_eval\test\aapp_competition_test\3375\3375_gen_0.sv,mistralai/devstral-2512:free,stop,,gen-1766350210-LuEJSMMYQuVh1KfNtUSg
475,mbpp_test,0,847,3589,0,C:\Users\durgamaniryudh\Desktop\Learn\llm_eval\test\mbpp_test\475\475_gen_0.sv,mistralai/devstral-2512:free,stop,,gen-1766350207-jYt8VC02d5bMHH8kOsed
3729,aapp_competition_test,0,789,1854,0,C:\Users\durgamaniryudh\Desktop\Learn\llm_eval\test\aapp_competition_test\3729\3729_gen_0.sv,mistralai/devstral-2512:free,stop,,gen-1766350220-MWFoIHq0jKHHjuL303Vq
602,mbpp_train,0,532,855,0,C:\Users\durgamaniryudh\Desktop\Learn\llm_eval\test\mbpp_train\602\602_gen_0.sv,mistralai/devstral-2512:free,stop,,gen-1766350230-NWB1VK2XWdq8i43VNNIZ
3524,aapp_competition_test,0,814,668,0,C:\Users\durgamaniryudh\Desktop\Learn\llm_eval\test\aapp_competition_test\3524\3524_gen_0.sv,mistralai/devstral-2512:free,stop,,gen-1766350237-ecQA8b0O2M6Fg2NLySV7
606,mbpp_train,0,711,267,0,C:\Users\durgamaniryudh\Desktop\Learn\llm_eval\test\mbpp_train\606\606_gen_0.sv,mistralai/devstral-2512:free,stop,,gen-1766350254-ZV4m4zzHs7ctJ0l6wCM4
3376,aapp_competition_test,0,1089,2124,0,C:\Users\durgamaniryudh\Desktop\Learn\llm_eval\test\aapp_competition_test\3376\3376_gen_0.sv,mistralai/devstral-2512:free,stop,,gen-1766350232-bgsBq1l0H9qu616wABCt
390,mbpp_test,0,587,643,0,C:\Users\durgamaniryudh\Desktop\Learn\llm_eval\test\mbpp_test\390\390_gen_0.sv,mistralai/devstral-2512:free,stop,,gen-1766350248-Sp6KKWztz9xbOggLs4eT
392,mbpp_test,0,680,795,0,C:\Users\durgamaniryudh\Desktop\Learn\llm_eval\test\mbpp_test\392\392_gen_0.sv,mistralai/devstral-2512:free,stop,,gen-1766350253-kkdCJLtFnqfHjccUwNii
397,mbpp_test,0,497,255,0,C:\Users\durgamaniryudh\Desktop\Learn\llm_eval\test\mbpp_test\397\397_gen_0.sv,mistralai/devstral-2512:free,stop,,gen-1766350266-qDjLWNnd5IXXoMOsoPRP
611,mbpp_train,0,519,178,0,C:\Users\durgamaniryudh\Desktop\Learn\llm_eval\test\mbpp_train\611\611_gen_0.sv,mistralai/devstral-2512:free,stop,,gen-1766350271-IhIMY52wsZYUmN1zqj4D
3727,aapp_competition_test,0,544,4586,0,C:\Users\durgamaniryudh\Desktop\Learn\llm_eval\test\aapp_competition_test\3727\3727_gen_0.sv,mistralai/devstral-2512:free,stop,,gen-1766350240-EzfiCDntzx2bmMYyZYwU
3728,aapp_competition_test,0,703,1795,0,C:\Users\durgamaniryudh\Desktop\Learn\llm_eval\test\aapp_competition_test\3728\3728_gen_0.sv,mistralai/devstral-2512:free,stop,,gen-1766350260-YQTWkLP5N7B2108UWQYC
3383,aapp_competition_test,0,695,1000,0,C:\Users\durgamaniryudh\Desktop\Learn\llm_eval\test\aapp_competition_test\3383\3383_gen_0.sv,mistralai/devstral-2512:free,stop,,gen-1766350274-qwVF4DBsYt97EdC0hHLz
393,mbpp_test,0,749,450,0,C:\Users\durgamaniryudh\Desktop\Learn\llm_eval\test\mbpp_test\393\393_gen_0.sv,mistralai/devstral-2512:free,stop,,gen-1766350294-bFAqUBasvD0RLPR1z8Aq
3521,aapp_competition_test,0,1224,2108,0,C:\Users\durgamaniryudh\Desktop\Learn\llm_eval\test\aapp_competition_test\3521\3521_gen_0.sv,mistralai/devstral-2512:free,stop,,gen-1766350259-miJXzDR9jSHfXsWWz1Bz
3382,aapp_competition_test,0,823,3417,0,C:\Users\durgamaniryudh\Desktop\Learn\llm_eval\test\aapp_competition_test\3382\3382_gen_0.sv,mistralai/devstral-2512:free,stop,,gen-1766350258-Ep04Fr66zAZDQYH4axgT
3735,aapp_competition_test,0,807,974,0,C:\Users\durgamaniryudh\Desktop\Learn\llm_eval\test\aapp_competition_test\3735\3735_gen_0.sv,mistralai/devstral-2512:free,stop,,gen-1766350294-d3VU0DJOl3dID4XopdN2
3380,aapp_competition_test,0,2846,802,0,C:\Users\durgamaniryudh\Desktop\Learn\llm_eval\test\aapp_competition_test\3380\3380_gen_0.sv,mistralai/devstral-2512:free,stop,,gen-1766350306-lRlGVyGnPJxS585lqm7e
604,mbpp_train,0,834,1074,0,C:\Users\durgamaniryudh\Desktop\Learn\llm_eval\test\mbpp_train\604\604_gen_0.sv,mistralai/devstral-2512:free,stop,,gen-1766350303-c9rdUoG7LfZ1MCDP2ieO
3732,aapp_competition_test,0,1155,1760,0,C:\Users\durgamaniryudh\Desktop\Learn\llm_eval\test\aapp_competition_test\3732\3732_gen_0.sv,mistralai/devstral-2512:free,stop,,gen-1766350309-ZkkEKsLoaSqJWDUIdTx5
3509,aapp_competition_test,0,3152,3096,0,C:\Users\durgamaniryudh\Desktop\Learn\llm_eval\test\aapp_competition_test\3509\3509_gen_0.sv,mistralai/devstral-2512:free,stop,,gen-1766350289-O2jwYEbinynmmF2FVjf3
3344,aapp_competition_test,0,1026,65536,0,C:\Users\durgamaniryudh\Desktop\Learn\llm_eval\test\aapp_competition_test\3344\3344_gen_0.sv,mistralai/devstral-2512:free,length,,gen-1766347237-uhhQQeQYcBcGhqOOXf2g
396,mbpp_test,0,589,713,0,C:\Users\durgamaniryudh\Desktop\Learn\llm_eval\test\mbpp_test\396\396_gen_0.sv,mistralai/devstral-2512:free,stop,,gen-1766350325-qZtFYn7G2BVk74RwDFyR
605,mbpp_train,0,942,918,0,C:\Users\durgamaniryudh\Desktop\Learn\llm_eval\test\mbpp_train\605\605_gen_0.sv,mistralai/devstral-2512:free,stop,,gen-1766350326-p4kcHTtXCYdYR0NSN126
608,mbpp_train,0,861,764,0,C:\Users\durgamaniryudh\Desktop\Learn\llm_eval\test\mbpp_train\608\608_gen_0.sv,mistralai/devstral-2512:free,stop,,gen-1766350336-Mqd1teEVj74ioteuWEPk
3525,aapp_competition_test,0,866,1737,0,C:\Users\durgamaniryudh\Desktop\Learn\llm_eval\test\aapp_competition_test\3525\3525_gen_0.sv,mistralai/devstral-2512:free,stop,,gen-1766350328-CIgkXAWUqXAHzcr7rjwK
3730,aapp_competition_test,0,1060,989,0,C:\Users\durgamaniryudh\Desktop\Learn\llm_eval\test\aapp_competition_test\3730\3730_gen_0.sv,mistralai/devstral-2512:free,stop,,gen-1766350335-t4tRrtkoSZUB5ouBMlbe
3374,aapp_competition_test,0,1032,2135,0,C:\Users\durgamaniryudh\Desktop\Learn\llm_eval\test\aapp_competition_test\3374\3374_gen_0.sv,mistralai/devstral-2512:free,stop,,gen-1766350327-17QtC0BWFmCHQaezRItC
612,mbpp_train,0,533,183,0,C:\Users\durgamaniryudh\Desktop\Learn\llm_eval\test\mbpp_train\612\612_gen_0.sv,mistralai/devstral-2512:free,stop,,gen-1766350367-jSfZ5CubxztimINUZnDM
404,mbpp_test,0,393,73,0,C:\Users\durgamaniryudh\Desktop\Learn\llm_eval\test\mbpp_test\404\404_gen_0.sv,mistralai/devstral-2512:free,stop,,gen-1766350370-MxUBwb6UzvoUBrDMTozO
3523,aapp_competition_test,0,951,1734,0,C:\Users\durgamaniryudh\Desktop\Learn\llm_eval\test\aapp_competition_test\3523\3523_gen_0.sv,mistralai/devstral-2512:free,stop,,gen-1766350309-yxYQMjVZLW6Nwl02sbtV
3384,aapp_competition_test,0,829,1616,0,C:\Users\durgamaniryudh\Desktop\Learn\llm_eval\test\aapp_competition_test\3384\3384_gen_0.sv,mistralai/devstral-2512:free,stop,,gen-1766350355-CzY8I9vEUYu0fMZXn5da
3526,aapp_competition_test,0,787,1112,0,C:\Users\durgamaniryudh\Desktop\Learn\llm_eval\test\aapp_competition_test\3526\3526_gen_0.sv,mistralai/devstral-2512:free,stop,,gen-1766350362-e8LWmAcsHq9AX1sGYLTT
3733,aapp_competition_test,0,736,1097,0,C:\Users\durgamaniryudh\Desktop\Learn\llm_eval\test\aapp_competition_test\3733\3733_gen_0.sv,mistralai/devstral-2512:free,stop,,gen-1766350363-xMx0cfaNPh8Vq16j1dcp
3379,aapp_competition_test,0,555,1207,0,C:\Users\durgamaniryudh\Desktop\Learn\llm_eval\test\aapp_competition_test\3379\3379_gen_0.sv,mistralai/devstral-2512:free,stop,,gen-1766350371-ii6bzrecve7x6LLirFMJ
3737,aapp_competition_test,0,756,663,0,C:\Users\durgamaniryudh\Desktop\Learn\llm_eval\test\aapp_competition_test\3737\3737_gen_0.sv,mistralai/devstral-2512:free,stop,,gen-1766350383-RQBbeESSqpEcb9rRIhWS
607,mbpp_train,0,586,799,0,C:\Users\durgamaniryudh\Desktop\Learn\llm_eval\test\mbpp_train\607\607_gen_0.sv,mistralai/devstral-2512:free,stop,,gen-1766350384-DVobBVgmHPZacUE7ereH
3529,aapp_competition_test,0,770,2039,0,C:\Users\durgamaniryudh\Desktop\Learn\llm_eval\test\aapp_competition_test\3529\3529_gen_0.sv,mistralai/devstral-2512:free,stop,,gen-1766350381-9HIB8B6CV3icJwr1qw7Z
400,mbpp_test,0,580,939,0,C:\Users\durgamaniryudh\Desktop\Learn\llm_eval\test\mbpp_test\400\400_gen_0.sv,mistralai/devstral-2512:free,stop,,gen-1766350383-CFRHghPjWJ0k65ntwRKT
3736,aapp_competition_test,0,786,834,0,C:\Users\durgamaniryudh\Desktop\Learn\llm_eval\test\aapp_competition_test\3736\3736_gen_0.sv,mistralai/devstral-2512:free,stop,,gen-1766350398-jbNWkBEtRUwLInr03wxT
399,mbpp_test,0,601,242,0,C:\Users\durgamaniryudh\Desktop\Learn\llm_eval\test\mbpp_test\399\399_gen_0.sv,mistralai/devstral-2512:free,stop,,gen-1766350408-dqDqMRa9G9zqT0V3evD7
3386,aapp_competition_test,0,765,1897,0,C:\Users\durgamaniryudh\Desktop\Learn\llm_eval\test\aapp_competition_test\3386\3386_gen_0.sv,mistralai/devstral-2512:free,stop,,gen-1766350388-MgdEYdPk9VMHwhqjbbQg
3527,aapp_competition_test,0,1133,2667,0,C:\Users\durgamaniryudh\Desktop\Learn\llm_eval\test\aapp_competition_test\3527\3527_gen_0.sv,mistralai/devstral-2512:free,stop,,gen-1766350395-xkEpb729ARNBBRQlO4ON
603,mbpp_train,0,682,1051,0,C:\Users\durgamaniryudh\Desktop\Learn\llm_eval\test\mbpp_train\603\603_gen_0.sv,mistralai/devstral-2512:free,stop,,gen-1766350409-VPIF0gS8YQ8AsS1dK79o
395,mbpp_test,0,649,766,0,C:\Users\durgamaniryudh\Desktop\Learn\llm_eval\test\mbpp_test\395\395_gen_0.sv,mistralai/devstral-2512:free,stop,,gen-1766350343-sJPujJhs7uiGnnu5qlcz
610,mbpp_train,0,823,750,0,C:\Users\durgamaniryudh\Desktop\Learn\llm_eval\test\mbpp_train\610\610_gen_0.sv,mistralai/devstral-2512:free,stop,,gen-1766350425-qFq896WkHolG1gGrP0Ks
3385,aapp_competition_test,0,1085,1473,0,C:\Users\durgamaniryudh\Desktop\Learn\llm_eval\test\aapp_competition_test\3385\3385_gen_0.sv,mistralai/devstral-2512:free,stop,,gen-1766350411-GIV3AwKFhDa1Dj82PCOA
398,mbpp_test,0,956,702,0,C:\Users\durgamaniryudh\Desktop\Learn\llm_eval\test\mbpp_test\398\398_gen_0.sv,mistralai/devstral-2512:free,stop,,gen-1766350423-WQjXCXFQ8eKCinHo353i
3390,aapp_competition_test,0,723,937,0,C:\Users\durgamaniryudh\Desktop\Learn\llm_eval\test\aapp_competition_test\3390\3390_gen_0.sv,mistralai/devstral-2512:free,stop,,gen-1766350429-i4iADvSYoVkwy7gTlNtj
3528,aapp_competition_test,0,925,2260,0,C:\Users\durgamaniryudh\Desktop\Learn\llm_eval\test\aapp_competition_test\3528\3528_gen_0.sv,mistralai/devstral-2512:free,stop,,gen-1766350411-iwp9jWONu3YBA8cCwD0X
3734,aapp_competition_test,0,816,611,0,C:\Users\durgamaniryudh\Desktop\Learn\llm_eval\test\aapp_competition_test\3734\3734_gen_0.sv,mistralai/devstral-2512:free,stop,,gen-1766350438-E0sPajhli8edX0sdSsyb
405,mbpp_test,0,662,166,0,C:\Users\durgamaniryudh\Desktop\Learn\llm_eval\test\mbpp_test\405\405_gen_0.sv,mistralai/devstral-2512:free,stop,,gen-1766350438-UzguN9IMc1a3sdbLqI2I
617,mbpp_train,0,644,225,0,C:\Users\durgamaniryudh\Desktop\Learn\llm_eval\test\mbpp_train\617\617_gen_0.sv,mistralai/devstral-2512:free,stop,,gen-1766350442-A9L5yvn1UpP6toFMRkbV
401,mbpp_test,0,466,177,0,C:\Users\durgamaniryudh\Desktop\Learn\llm_eval\test\mbpp_test\401\401_gen_0.sv,mistralai/devstral-2512:free,stop,,gen-1766350449-8DhOasNXFKHWH9dULmSz
624,mbpp_train,0,636,147,0,C:\Users\durgamaniryudh\Desktop\Learn\llm_eval\test\mbpp_train\624\624_gen_0.sv,mistralai/devstral-2512:free,stop,,gen-1766350452-t3TpKxpMBv5AyfGr1no5
3739,aapp_competition_test,0,816,2489,0,C:\Users\durgamaniryudh\Desktop\Learn\llm_eval\test\aapp_competition_test\3739\3739_gen_0.sv,mistralai/devstral-2512:free,stop,,gen-1766350418-dmo6GJvEKJoBaXMj9Y0T
3531,aapp_competition_test,0,996,1447,0,C:\Users\durgamaniryudh\Desktop\Learn\llm_eval\test\aapp_competition_test\3531\3531_gen_0.sv,mistralai/devstral-2512:free,stop,,gen-1766350436-TuVWuWzlGObjxWAJzP71
3391,aapp_competition_test,0,1979,1604,0,C:\Users\durgamaniryudh\Desktop\Learn\llm_eval\test\aapp_competition_test\3391\3391_gen_0.sv,mistralai/devstral-2512:free,stop,,gen-1766350444-FgekFaPQXaT3ZHsRghRa
406,mbpp_test,0,518,48,0,C:\Users\durgamaniryudh\Desktop\Learn\llm_eval\test\mbpp_test\406\406_gen_0.sv,mistralai/devstral-2512:free,stop,,gen-1766350464-veAuE6knPfeZM2RMJJba
3738,aapp_competition_test,0,844,1135,0,C:\Users\durgamaniryudh\Desktop\Learn\llm_eval\test\aapp_competition_test\3738\3738_gen_0.sv,mistralai/devstral-2512:free,stop,,gen-1766350446-7OUcOX6daNiw33lioXCg
3740,aapp_competition_test,0,1238,929,0,C:\Users\durgamaniryudh\Desktop\Learn\llm_eval\test\aapp_competition_test\3740\3740_gen_0.sv,mistralai/devstral-2512:free,stop,,gen-1766350462-jWat6tzGZuSfrK8hSt5C
3393,aapp_competition_test,0,993,1260,0,C:\Users\durgamaniryudh\Desktop\Learn\llm_eval\test\aapp_competition_test\3393\3393_gen_0.sv,mistralai/devstral-2512:free,stop,,gen-1766350467-ZMmgTugdGLu3nMlgKyht
623,mbpp_train,0,615,364,0,C:\Users\durgamaniryudh\Desktop\Learn\llm_eval\test\mbpp_train\623\623_gen_0.sv,mistralai/devstral-2512:free,stop,,gen-1766350465-CoMgFQzDWYfmJmP529PB
3530,aapp_competition_test,0,1099,953,0,C:\Users\durgamaniryudh\Desktop\Learn\llm_eval\test\aapp_competition_test\3530\3530_gen_0.sv,mistralai/devstral-2512:free,stop,,gen-1766350456-1TgQebrI1VMcIIbTd6be
3387,aapp_competition_test,0,897,2423,0,C:\Users\durgamaniryudh\Desktop\Learn\llm_eval\test\aapp_competition_test\3387\3387_gen_0.sv,mistralai/devstral-2512:free,stop,,gen-1766350454-Ka7sd6DecngvMukAbN0N
409,mbpp_test,0,469,266,0,C:\Users\durgamaniryudh\Desktop\Learn\llm_eval\test\mbpp_test\409\409_gen_0.sv,mistralai/devstral-2512:free,stop,,gen-1766350486-B0LOxpKaqQ0nkeaoYLeZ
618,mbpp_train,0,566,268,0,C:\Users\durgamaniryudh\Desktop\Learn\llm_eval\test\mbpp_train\618\618_gen_0.sv,mistralai/devstral-2512:free,stop,,gen-1766350488-ucpC4GbNFNsgvtxNUBs3
3392,aapp_competition_test,0,1191,1278,0,C:\Users\durgamaniryudh\Desktop\Learn\llm_eval\test\aapp_competition_test\3392\3392_gen_0.sv,mistralai/devstral-2512:free,stop,,gen-1766350489-HA56ZGezRJEAWcDlPvYU
3534,aapp_competition_test,0,1205,1583,0,C:\Users\durgamaniryudh\Desktop\Learn\llm_eval\test\aapp_competition_test\3534\3534_gen_0.sv,mistralai/devstral-2512:free,stop,,gen-1766350444-tr3v6wkhqvsv9NEM4mW9
3539,aapp_competition_test,0,1050,1645,0,C:\Users\durgamaniryudh\Desktop\Learn\llm_eval\test\aapp_competition_test\3539\3539_gen_0.sv,mistralai/devstral-2512:free,stop,,gen-1766350490-L6CFS4xuNtuAb42HYnac
3532,aapp_competition_test,0,1001,1112,0,C:\Users\durgamaniryudh\Desktop\Learn\llm_eval\test\aapp_competition_test\3532\3532_gen_0.sv,mistralai/devstral-2512:free,stop,,gen-1766350477-F3OUnrHCs40EXFXIJHyT
3743,aapp_competition_test,0,755,1078,0,C:\Users\durgamaniryudh\Desktop\Learn\llm_eval\test\aapp_competition_test\3743\3743_gen_0.sv,mistralai/devstral-2512:free,stop,,gen-1766350492-FwQKahj1krzJ4dvXqFHx
410,mbpp_test,0,706,835,0,C:\Users\durgamaniryudh\Desktop\Learn\llm_eval\test\mbpp_test\410\410_gen_0.sv,mistralai/devstral-2512:free,stop,,gen-1766350510-tghAzNwpV8sUK7Egn4OW
616,mbpp_train,0,776,861,0,C:\Users\durgamaniryudh\Desktop\Learn\llm_eval\test\mbpp_train\616\616_gen_0.sv,mistralai/devstral-2512:free,stop,,gen-1766350522-XQXvyGy3cmKLt12UlrlC
3395,aapp_competition_test,0,783,1175,0,C:\Users\durgamaniryudh\Desktop\Learn\llm_eval\test\aapp_competition_test\3395\3395_gen_0.sv,mistralai/devstral-2512:free,stop,,gen-1766350515-gdd1Wv7alfx9cuac82rR
412,mbpp_test,0,515,246,0,C:\Users\durgamaniryudh\Desktop\Learn\llm_eval\test\mbpp_test\412\412_gen_0.sv,mistralai/devstral-2512:free,stop,,gen-1766350535-QG56rjxjiGvT5Tb3ehAZ
614,mbpp_train,0,659,939,0,C:\Users\durgamaniryudh\Desktop\Learn\llm_eval\test\mbpp_train\614\614_gen_0.sv,mistralai/devstral-2512:free,stop,,gen-1766350526-B9D2aIqIOzhOBOtzSGva
3396,aapp_competition_test,0,917,1285,0,C:\Users\durgamaniryudh\Desktop\Learn\llm_eval\test\aapp_competition_test\3396\3396_gen_0.sv,mistralai/devstral-2512:free,stop,,gen-1766350536-QTQqiSsvoTYu575k1B5r
3742,aapp_competition_test,0,649,1992,0,C:\Users\durgamaniryudh\Desktop\Learn\llm_eval\test\aapp_competition_test\3742\3742_gen_0.sv,mistralai/devstral-2512:free,stop,,gen-1766350486-BbQ6NtzHpN5C0ePwdyZr
3744,aapp_competition_test,0,886,1838,0,C:\Users\durgamaniryudh\Desktop\Learn\llm_eval\test\aapp_competition_test\3744\3744_gen_0.sv,mistralai/devstral-2512:free,stop,,gen-1766350519-k5qRzeQnmhSPz6F0mLxF
3747,aapp_competition_test,0,617,1018,0,C:\Users\durgamaniryudh\Desktop\Learn\llm_eval\test\aapp_competition_test\3747\3747_gen_0.sv,mistralai/devstral-2512:free,stop,,gen-1766350547-CiPL6fiEtpcwulF5wuLU
620,mbpp_train,0,818,1347,0,C:\Users\durgamaniryudh\Desktop\Learn\llm_eval\test\mbpp_train\620\620_gen_0.sv,mistralai/devstral-2512:free,stop,,gen-1766350559-vmGBqIKDhqZo368CcfYV
3542,aapp_competition_test,0,737,1662,0,C:\Users\durgamaniryudh\Desktop\Learn\llm_eval\test\aapp_competition_test\3542\3542_gen_0.sv,mistralai/devstral-2512:free,stop,,gen-1766350539-bPscUdOg38aR0XYYS58O
407,mbpp_test,0,841,1641,0,C:\Users\durgamaniryudh\Desktop\Learn\llm_eval\test\mbpp_test\407\407_gen_0.sv,mistralai/devstral-2512:free,stop,,gen-1766350558-kuJc0oazBUNn0t70uaXN
3377,aapp_competition_test,0,4104,1642,0,C:\Users\durgamaniryudh\Desktop\Learn\llm_eval\test\aapp_competition_test\3377\3377_gen_0.sv,mistralai/devstral-2512:free,stop,,gen-1766350563-TT4AioYaDnVNyXKwC7i4
3533,aapp_competition_test,0,1004,1538,0,C:\Users\durgamaniryudh\Desktop\Learn\llm_eval\test\aapp_competition_test\3533\3533_gen_0.sv,mistralai/devstral-2512:free,stop,,gen-1766350518-ryg0dT6n2n2E4fdira7n
3259,aapp_competition_test,0,890,755,0,C:\Users\durgamaniryudh\Desktop\Learn\llm_eval\test\aapp_competition_test\3259\3259_gen_0.sv,mistralai/devstral-2512:free,stop,,gen-1766350577-nMRbUJgxeWFWLi7gRtdp
3540,aapp_competition_test,0,3100,1867,0,C:\Users\durgamaniryudh\Desktop\Learn\llm_eval\test\aapp_competition_test\3540\3540_gen_0.sv,mistralai/devstral-2512:free,stop,,gen-1766350573-QSCIgbLuqNej0aLJEwfH
3748,aapp_competition_test,0,1005,1779,0,C:\Users\durgamaniryudh\Desktop\Learn\llm_eval\test\aapp_competition_test\3748\3748_gen_0.sv,mistralai/devstral-2512:free,stop,,gen-1766350577-0sPaEjhF2PlU2MzdJRTm
3596,aapp_competition_test,0,870,1290,0,C:\Users\durgamaniryudh\Desktop\Learn\llm_eval\test\aapp_competition_test\3596\3596_gen_0.sv,mistralai/devstral-2512:free,stop,,gen-1766350587-rMfvH4kL87ccXgiWPQWs
788,mbpp_train,0,523,160,0,C:\Users\durgamaniryudh\Desktop\Learn\llm_eval\test\mbpp_train\788\788_gen_0.sv,mistralai/devstral-2512:free,stop,,gen-1766350607-YMe2zZ4mcDrTuUmuK4qX
128,mbpp_test,0,591,936,0,C:\Users\durgamaniryudh\Desktop\Learn\llm_eval\test\mbpp_test\128\128_gen_0.sv,mistralai/devstral-2512:free,stop,,gen-1766350603-tNe5cD6ypwEotfcYPeB5
3258,aapp_competition_test,0,786,488,0,C:\Users\durgamaniryudh\Desktop\Learn\llm_eval\test\aapp_competition_test\3258\3258_gen_0.sv,mistralai/devstral-2512:free,stop,,gen-1766350607-Bl7okPGJwHELoNIWF07f
785,mbpp_train,0,736,1763,0,C:\Users\durgamaniryudh\Desktop\Learn\llm_eval\test\mbpp_train\785\785_gen_0.sv,mistralai/devstral-2512:free,stop,,gen-1766350596-LZ0on887JzhyCe1a8ibG
790,mbpp_train,0,602,261,0,C:\Users\durgamaniryudh\Desktop\Learn\llm_eval\test\mbpp_train\790\790_gen_0.sv,mistralai/devstral-2512:free,stop,,gen-1766350622-ZrKBWUSVHDPSObz9xwKQ
3260,aapp_competition_test,0,765,1084,0,C:\Users\durgamaniryudh\Desktop\Learn\llm_eval\test\aapp_competition_test\3260\3260_gen_0.sv,mistralai/devstral-2512:free,stop,,gen-1766350610-eWfLaJhpxx7ZdhqrgiMI
131,mbpp_test,0,833,1192,0,C:\Users\durgamaniryudh\Desktop\Learn\llm_eval\test\mbpp_test\131\131_gen_0.sv,mistralai/devstral-2512:free,stop,,gen-1766350621-O3diYzXBsqQP0RVFU71u
3593,aapp_competition_test,0,1243,2199,0,C:\Users\durgamaniryudh\Desktop\Learn\llm_eval\test\aapp_competition_test\3593\3593_gen_0.sv,mistralai/devstral-2512:free,stop,,gen-1766350607-eMmfVeEaezShOLBJ7Bqd
138,mbpp_test,0,1162,119,0,C:\Users\durgamaniryudh\Desktop\Learn\llm_eval\test\mbpp_test\138\138_gen_0.sv,mistralai/devstral-2512:free,stop,,gen-1766350639-dPQwNU1DUkBqgbbqK4lt
3591,aapp_competition_test,0,3204,1308,0,C:\Users\durgamaniryudh\Desktop\Learn\llm_eval\test\aapp_competition_test\3591\3591_gen_0.sv,mistralai/devstral-2512:free,stop,,gen-1766350626-raRzXqqwMMjyyZOko5Ye
133,mbpp_test,0,579,393,0,C:\Users\durgamaniryudh\Desktop\Learn\llm_eval\test\mbpp_test\133\133_gen_0.sv,mistralai/devstral-2512:free,stop,,gen-1766350587-b5L3jBn2JLtYW5yECqBc
796,mbpp_train,0,436,284,0,C:\Users\durgamaniryudh\Desktop\Learn\llm_eval\test\mbpp_train\796\796_gen_0.sv,mistralai/devstral-2512:free,stop,,gen-1766350639-7X9uiNzQpuMkAyneS3NU
3262,aapp_competition_test,0,724,1312,0,C:\Users\durgamaniryudh\Desktop\Learn\llm_eval\test\aapp_competition_test\3262\3262_gen_0.sv,mistralai/devstral-2512:free,stop,,gen-1766350626-11sGE0RW3SU4apHNw6A3
3600,aapp_competition_test,0,1023,446,0,C:\Users\durgamaniryudh\Desktop\Learn\llm_eval\test\aapp_competition_test\3600\3600_gen_0.sv,mistralai/devstral-2512:free,stop,,gen-1766350641-CQugXbsBzsqvTv5xQq7e
792,mbpp_train,0,801,614,0,C:\Users\durgamaniryudh\Desktop\Learn\llm_eval\test\mbpp_train\792\792_gen_0.sv,mistralai/devstral-2512:free,stop,,gen-1766350643-Utsj4bkwS5R5xVyJNAKz
3595,aapp_competition_test,0,1042,2422,0,C:\Users\durgamaniryudh\Desktop\Learn\llm_eval\test\aapp_competition_test\3595\3595_gen_0.sv,mistralai/devstral-2512:free,stop,,gen-1766350618-Kjk3y7HW0yHDempN79tB
140,mbpp_test,0,720,1604,0,C:\Users\durgamaniryudh\Desktop\Learn\llm_eval\test\mbpp_test\140\140_gen_0.sv,mistralai/devstral-2512:free,stop,,gen-1766350642-Qakirc0UpjI3e7rkSWHd
3599,aapp_competition_test,0,1696,1397,0,C:\Users\durgamaniryudh\Desktop\Learn\llm_eval\test\aapp_competition_test\3599\3599_gen_0.sv,mistralai/devstral-2512:free,stop,,gen-1766350648-fk6lmIzLQ0Dae6UYqEbH
3267,aapp_competition_test,0,969,1845,0,C:\Users\durgamaniryudh\Desktop\Learn\llm_eval\test\aapp_competition_test\3267\3267_gen_0.sv,mistralai/devstral-2512:free,stop,,gen-1766350646-5gw91PzrvqbKLU2HQ10i
143,mbpp_test,0,467,247,0,C:\Users\durgamaniryudh\Desktop\Learn\llm_eval\test\mbpp_test\143\143_gen_0.sv,mistralai/devstral-2512:free,stop,,gen-1766350674-mO1B9K8Yx9fZWdHlUy22
793,mbpp_train,0,687,924,0,C:\Users\durgamaniryudh\Desktop\Learn\llm_eval\test\mbpp_train\793\793_gen_0.sv,mistralai/devstral-2512:free,stop,,gen-1766350653-SEjdBR33uES7QBGjGuR3
3264,aapp_competition_test,0,850,2033,0,C:\Users\durgamaniryudh\Desktop\Learn\llm_eval\test\aapp_competition_test\3264\3264_gen_0.sv,mistralai/devstral-2512:free,stop,,gen-1766350641-NwhoLtakvFefibKhzUN0
791,mbpp_train,0,560,256,0,C:\Users\durgamaniryudh\Desktop\Learn\llm_eval\test\mbpp_train\791\791_gen_0.sv,mistralai/devstral-2512:free,stop,,gen-1766350677-86dWaVmfGhoA35zBujPX
145,mbpp_test,0,621,2054,0,C:\Users\durgamaniryudh\Desktop\Learn\llm_eval\test\mbpp_test\145\145_gen_0.sv,mistralai/devstral-2512:free,stop,,gen-1766350650-xdEg2UcnDjyp2jtQA3tD
3263,aapp_competition_test,0,1062,1157,0,C:\Users\durgamaniryudh\Desktop\Learn\llm_eval\test\aapp_competition_test\3263\3263_gen_0.sv,mistralai/devstral-2512:free,stop,,gen-1766350664-pOFzWSNDOwIii3N5uCaS
801,mbpp_train,0,435,202,0,C:\Users\durgamaniryudh\Desktop\Learn\llm_eval\test\mbpp_train\801\801_gen_0.sv,mistralai/devstral-2512:free,stop,,gen-1766350688-gRyh57sNTRLQ7YwrMBNV
160,mbpp_test,0,665,775,0,C:\Users\durgamaniryudh\Desktop\Learn\llm_eval\test\mbpp_test\160\160_gen_0.sv,mistralai/devstral-2512:free,stop,,gen-1766350681-yGS2ZlP93i4EJlqJrH7k
142,mbpp_test,0,509,214,0,C:\Users\durgamaniryudh\Desktop\Learn\llm_eval\test\mbpp_test\142\142_gen_0.sv,mistralai/devstral-2512:free,stop,,gen-1766350694-3gjaqBYfDuqgOZfEDDaj
3601,aapp_competition_test,0,988,2180,0,C:\Users\durgamaniryudh\Desktop\Learn\llm_eval\test\aapp_competition_test\3601\3601_gen_0.sv,mistralai/devstral-2512:free,stop,,gen-1766350670-XUVPHeamZa40azcYHa3V
799,mbpp_train,0,476,83,0,C:\Users\durgamaniryudh\Desktop\Learn\llm_eval\test\mbpp_train\799\799_gen_0.sv,mistralai/devstral-2512:free,stop,,gen-1766350697-p2VpVYwnBDQ7QV8yloxv
3605,aapp_competition_test,0,1426,964,0,C:\Users\durgamaniryudh\Desktop\Learn\llm_eval\test\aapp_competition_test\3605\3605_gen_0.sv,mistralai/devstral-2512:free,stop,,gen-1766350692-M0Rwf3JdTEvGydB7i3yo
3603,aapp_competition_test,0,830,1399,0,C:\Users\durgamaniryudh\Desktop\Learn\llm_eval\test\aapp_competition_test\3603\3603_gen_0.sv,mistralai/devstral-2512:free,stop,,gen-1766350679-FCT5B7jaSBRfQ34u5Tl4
797,mbpp_train,0,642,138,0,C:\Users\durgamaniryudh\Desktop\Learn\llm_eval\test\mbpp_train\797\797_gen_0.sv,mistralai/devstral-2512:free,stop,,gen-1766350706-vOnWLPcFQoSBakUuKKXM
3269,aapp_competition_test,0,1223,1323,0,C:\Users\durgamaniryudh\Desktop\Learn\llm_eval\test\aapp_competition_test\3269\3269_gen_0.sv,mistralai/devstral-2512:free,stop,,gen-1766350690-mAKDmVwVTQYO2nbZqpvz
3096,aapp_competition_test,0,680,65536,0,C:\Users\durgamaniryudh\Desktop\Learn\llm_eval\test\aapp_competition_test\3096\3096_gen_0.sv,mistralai/devstral-2512:free,length,,gen-1766348745-nGjOB37O2P9F9MyPuMah
141,mbpp_test,0,595,1227,0,C:\Users\durgamaniryudh\Desktop\Learn\llm_eval\test\mbpp_test\141\141_gen_0.sv,mistralai/devstral-2512:free,stop,,gen-1766350705-KLBAzoT7xNjOzz1xOJce
3604,aapp_competition_test,0,1006,1651,0,C:\Users\durgamaniryudh\Desktop\Learn\llm_eval\test\aapp_competition_test\3604\3604_gen_0.sv,mistralai/devstral-2512:free,stop,,gen-1766350699-SHJQyFBMTCzHfoikQ9oG
164,mbpp_test,0,563,756,0,C:\Users\durgamaniryudh\Desktop\Learn\llm_eval\test\mbpp_test\164\164_gen_0.sv,mistralai/devstral-2512:free,stop,,gen-1766350721-K4aEbo1E4bboyFVcq8VI
3266,aapp_competition_test,0,859,1569,0,C:\Users\durgamaniryudh\Desktop\Learn\llm_eval\test\aapp_competition_test\3266\3266_gen_0.sv,mistralai/devstral-2512:free,stop,,gen-1766350677-KOq3IyTf6dBvsCXOA7vo
798,mbpp_train,0,588,751,0,C:\Users\durgamaniryudh\Desktop\Learn\llm_eval\test\mbpp_train\798\798_gen_0.sv,mistralai/devstral-2512:free,stop,,gen-1766350723-OtSS58Gl1M7z9a2hdacK
3606,aapp_competition_test,0,865,1395,0,C:\Users\durgamaniryudh\Desktop\Learn\llm_eval\test\aapp_competition_test\3606\3606_gen_0.sv,mistralai/devstral-2512:free,stop,,gen-1766350715-ZhwgUBDOicAoadkcS6jr
161,mbpp_test,0,566,665,0,C:\Users\durgamaniryudh\Desktop\Learn\llm_eval\test\mbpp_test\161\161_gen_0.sv,mistralai/devstral-2512:free,stop,,gen-1766350733-0C9sAp7poGmbys7I4NVO
800,mbpp_train,0,632,639,0,C:\Users\durgamaniryudh\Desktop\Learn\llm_eval\test\mbpp_train\800\800_gen_0.sv,mistralai/devstral-2512:free,stop,,gen-1766350735-TS8M5nolDVEcfBS9rcO9
3609,aapp_competition_test,0,853,1235,0,C:\Users\durgamaniryudh\Desktop\Learn\llm_eval\test\aapp_competition_test\3609\3609_gen_0.sv,mistralai/devstral-2512:free,stop,,gen-1766350731-klNEyiYCXOrt0e6V5IbU
802,mbpp_train,0,686,656,0,C:\Users\durgamaniryudh\Desktop\Learn\llm_eval\test\mbpp_train\802\802_gen_0.sv,mistralai/devstral-2512:free,stop,,gen-1766350747-1ad6KkaufBDohdxo13i4
3607,aapp_competition_test,0,2640,1756,0,C:\Users\durgamaniryudh\Desktop\Learn\llm_eval\test\aapp_competition_test\3607\3607_gen_0.sv,mistralai/devstral-2512:free,stop,,gen-1766350743-t92nAPRNlmejBRnOhhTe
163,mbpp_test,0,1038,1420,0,C:\Users\durgamaniryudh\Desktop\Learn\llm_eval\test\mbpp_test\163\163_gen_0.sv,mistralai/devstral-2512:free,stop,,gen-1766350745-KJL3ol2ZhtmEshIvwyL7
3275,aapp_competition_test,0,823,1293,0,C:\Users\durgamaniryudh\Desktop\Learn\llm_eval\test\aapp_competition_test\3275\3275_gen_0.sv,mistralai/devstral-2512:free,stop,,gen-1766350757-IGc6CFsGzePyqCmhksXq
3271,aapp_competition_test,0,921,856,0,C:\Users\durgamaniryudh\Desktop\Learn\llm_eval\test\aapp_competition_test\3271\3271_gen_0.sv,mistralai/devstral-2512:free,stop,,gen-1766350713-ZeQyVk1BywVt9HPa1JwO
165,mbpp_test,0,807,578,0,C:\Users\durgamaniryudh\Desktop\Learn\llm_eval\test\mbpp_test\165\165_gen_0.sv,mistralai/devstral-2512:free,stop,,gen-1766350762-HUyhBd6AFHSFIyC52flk
803,mbpp_train,0,761,286,0,C:\Users\durgamaniryudh\Desktop\Learn\llm_eval\test\mbpp_train\803\803_gen_0.sv,mistralai/devstral-2512:free,stop,,gen-1766350773-aBMHGHB98agOK71aaWkX
162,mbpp_test,0,543,160,0,C:\Users\durgamaniryudh\Desktop\Learn\llm_eval\test\mbpp_test\162\162_gen_0.sv,mistralai/devstral-2512:free,stop,,gen-1766350779-FAuQe4z3pma2sTI9AgUR
804,mbpp_train,0,566,321,0,C:\Users\durgamaniryudh\Desktop\Learn\llm_eval\test\mbpp_train\804\804_gen_0.sv,mistralai/devstral-2512:free,stop,,gen-1766350782-wKAWRGmiymiPnCdNtXLE
3265,aapp_competition_test,0,1558,4074,0,C:\Users\durgamaniryudh\Desktop\Learn\llm_eval\test\aapp_competition_test\3265\3265_gen_0.sv,mistralai/devstral-2512:free,stop,,gen-1766350728-WMy6lnbMb4ZFgFksKOhd
3610,aapp_competition_test,0,798,2577,0,C:\Users\durgamaniryudh\Desktop\Learn\llm_eval\test\aapp_competition_test\3610\3610_gen_0.sv,mistralai/devstral-2512:free,stop,,gen-1766350759-33WSvSnfoS2qGKZVgToV
168,mbpp_test,0,473,429,0,C:\Users\durgamaniryudh\Desktop\Learn\llm_eval\test\mbpp_test\168\168_gen_0.sv,mistralai/devstral-2512:free,stop,,gen-1766350793-RvzipFQ5nrtPZbwXH0Eo
805,mbpp_train,0,497,483,0,C:\Users\durgamaniryudh\Desktop\Learn\llm_eval\test\mbpp_train\805\805_gen_0.sv,mistralai/devstral-2512:free,stop,,gen-1766350800-FXFV8oVHVJ7emAFHKALQ
3270,aapp_competition_test,0,1227,2485,0,C:\Users\durgamaniryudh\Desktop\Learn\llm_eval\test\aapp_competition_test\3270\3270_gen_0.sv,mistralai/devstral-2512:free,stop,,gen-1766350737-M3lyZ37DfuQlHHW4iZj7
3613,aapp_competition_test,0,1394,1710,0,C:\Users\durgamaniryudh\Desktop\Learn\llm_eval\test\aapp_competition_test\3613\3613_gen_0.sv,mistralai/devstral-2512:free,stop,,gen-1766350777-STVAQ0YiLgjUT9LsdNhk
3614,aapp_competition_test,0,832,1685,0,C:\Users\durgamaniryudh\Desktop\Learn\llm_eval\test\aapp_competition_test\3614\3614_gen_0.sv,mistralai/devstral-2512:free,stop,,gen-1766350787-s9pDZ7TV6T9IFyVpxmoj
166,mbpp_test,0,909,497,0,C:\Users\durgamaniryudh\Desktop\Learn\llm_eval\test\mbpp_test\166\166_gen_0.sv,mistralai/devstral-2512:free,stop,,gen-1766350828-jMiZjZp5CDPn4giLAHow
171,mbpp_test,0,468,55,0,C:\Users\durgamaniryudh\Desktop\Learn\llm_eval\test\mbpp_test\171\171_gen_0.sv,mistralai/devstral-2512:free,stop,,gen-1766350836-b8iWxJ3QaLll713hNdXm
3272,aapp_competition_test,0,874,3426,0,C:\Users\durgamaniryudh\Desktop\Learn\llm_eval\test\aapp_competition_test\3272\3272_gen_0.sv,mistralai/devstral-2512:free,stop,,gen-1766350775-XKveVIVxsFVIDaOSy2xl
3618,aapp_competition_test,0,1187,747,0,C:\Users\durgamaniryudh\Desktop\Learn\llm_eval\test\aapp_competition_test\3618\3618_gen_0.sv,mistralai/devstral-2512:free,stop,,gen-1766350825-VUVypvwRBUApaG01k9K1
3274,aapp_competition_test,0,677,1572,0,C:\Users\durgamaniryudh\Desktop\Learn\llm_eval\test\aapp_competition_test\3274\3274_gen_0.sv,mistralai/devstral-2512:free,stop,,gen-1766350787-c0wMLPApxpOfR8QwDsRV
808,mbpp_train,0,522,128,0,C:\Users\durgamaniryudh\Desktop\Learn\llm_eval\test\mbpp_train\808\808_gen_0.sv,mistralai/devstral-2512:free,stop,,gen-1766350838-kv0TA6vrFonzzNYmRzCh
222,mbpp_test,0,440,122,0,C:\Users\durgamaniryudh\Desktop\Learn\llm_eval\test\mbpp_test\222\222_gen_0.sv,mistralai/devstral-2512:free,stop,,gen-1766350841-gkrR9g1tiQErrzjIxOtb
3278,aapp_competition_test,0,819,994,0,C:\Users\durgamaniryudh\Desktop\Learn\llm_eval\test\aapp_competition_test\3278\3278_gen_0.sv,mistralai/devstral-2512:free,stop,,gen-1766350841-KcmkD7Zla9Ppj2Rge9lo
809,mbpp_train,0,510,170,0,C:\Users\durgamaniryudh\Desktop\Learn\llm_eval\test\mbpp_train\809\809_gen_0.sv,mistralai/devstral-2512:free,stop,,gen-1766350858-0gIcMGSVoizXd7IGtFvY
227,mbpp_test,0,441,104,0,C:\Users\durgamaniryudh\Desktop\Learn\llm_eval\test\mbpp_test\227\227_gen_0.sv,mistralai/devstral-2512:free,stop,,gen-1766350860-IoxvhqE0zDh5DwL6WztI
3617,aapp_competition_test,0,1105,1816,0,C:\Users\durgamaniryudh\Desktop\Learn\llm_eval\test\aapp_competition_test\3617\3617_gen_0.sv,mistralai/devstral-2512:free,stop,,gen-1766350838-QtjBY2hURm9IWq8S6ket
3276,aapp_competition_test,0,933,1947,0,C:\Users\durgamaniryudh\Desktop\Learn\llm_eval\test\aapp_competition_test\3276\3276_gen_0.sv,mistralai/devstral-2512:free,stop,,gen-1766350810-VUu88j6c85u7kmri7JNs
3597,aapp_competition_test,0,18632,2317,0,C:\Users\durgamaniryudh\Desktop\Learn\llm_eval\test\aapp_competition_test\3597\3597_gen_0.sv,mistralai/devstral-2512:free,stop,,gen-1766350844-vkv5J1vwvfS8DbNw776m
224,mbpp_test,0,581,143,0,C:\Users\durgamaniryudh\Desktop\Learn\llm_eval\test\mbpp_test\224\224_gen_0.sv,mistralai/devstral-2512:free,stop,,gen-1766350895-zO1H6RDivmK1y01mXETV
807,mbpp_train,0,721,573,0,C:\Users\durgamaniryudh\Desktop\Learn\llm_eval\test\mbpp_train\807\807_gen_0.sv,mistralai/devstral-2512:free,stop,,gen-1766350882-EgqpO8evC5P4MmfZLi17
3282,aapp_competition_test,0,760,1704,0,C:\Users\durgamaniryudh\Desktop\Learn\llm_eval\test\aapp_competition_test\3282\3282_gen_0.sv,mistralai/devstral-2512:free,stop,,gen-1766350862-tj4X74KrJlAfWFKUz8nD
3277,aapp_competition_test,0,528,1228,0,C:\Users\durgamaniryudh\Desktop\Learn\llm_eval\test\aapp_competition_test\3277\3277_gen_0.sv,mistralai/devstral-2512:free,stop,,gen-1766350837-1NTJs8pJMosIRrOWGVmb
3619,aapp_competition_test,0,1214,2084,0,C:\Users\durgamaniryudh\Desktop\Learn\llm_eval\test\aapp_competition_test\3619\3619_gen_0.sv,mistralai/devstral-2512:free,stop,,gen-1766350868-m7uB6mdw778UxAMTZ3Bq
755,mbpp_train,0,1150,65536,0,C:\Users\durgamaniryudh\Desktop\Learn\llm_eval\test\mbpp_train\755\755_gen_0.sv,mistralai/devstral-2512:free,length,,gen-1766346964-zIbcYAlA9X5ecgJfVshM
787,mbpp_train,0,733,952,0,C:\Users\durgamaniryudh\Desktop\Learn\llm_eval\test\mbpp_train\787\787_gen_0.sv,mistralai/devstral-2512:free,stop,,gen-1766350899-CMEnqdpi4fjjtXBtVteX
3620,aapp_competition_test,0,842,960,0,C:\Users\durgamaniryudh\Desktop\Learn\llm_eval\test\aapp_competition_test\3620\3620_gen_0.sv,mistralai/devstral-2512:free,stop,,gen-1766350898-SrsWbDWlnuHD3bUsZCEK
555,mbpp_validation,0,524,115,0,C:\Users\durgamaniryudh\Desktop\Learn\llm_eval\test\mbpp_validation\555\555_gen_0.sv,mistralai/devstral-2512:free,stop,,gen-1766350912-HoNK9vEqMpkFuuCJOmmO
223,mbpp_test,0,734,310,0,C:\Users\durgamaniryudh\Desktop\Learn\llm_eval\test\mbpp_test\223\223_gen_0.sv,mistralai/devstral-2512:free,stop,,gen-1766350911-Uhi3ZnjsojsqPSuvnkVh
3284,aapp_competition_test,0,760,916,0,C:\Users\durgamaniryudh\Desktop\Learn\llm_eval\test\aapp_competition_test\3284\3284_gen_0.sv,mistralai/devstral-2512:free,stop,,gen-1766350898-aY9SWXsqG9rqGME6ByMl
170,mbpp_test,0,543,602,0,C:\Users\durgamaniryudh\Desktop\Learn\llm_eval\test\mbpp_test\170\170_gen_0.sv,mistralai/devstral-2512:free,stop,,gen-1766350916-YF6iRtKZH2KTRWvPe2Qc
3621,aapp_competition_test,0,877,1289,0,C:\Users\durgamaniryudh\Desktop\Learn\llm_eval\test\aapp_competition_test\3621\3621_gen_0.sv,mistralai/devstral-2512:free,stop,,gen-1766350908-WESRG1XXyN0CD4YBJmMZ
558,mbpp_validation,0,678,571,0,C:\Users\durgamaniryudh\Desktop\Learn\llm_eval\test\mbpp_validation\558\558_gen_0.sv,mistralai/devstral-2512:free,stop,,gen-1766350920-2Xyydsp6IV9Se95fYRo8
226,mbpp_test,0,555,233,0,C:\Users\durgamaniryudh\Desktop\Learn\llm_eval\test\mbpp_test\226\226_gen_0.sv,mistralai/devstral-2512:free,stop,,gen-1766350933-ALHESsO0yxx5W504NtkF
3289,aapp_competition_test,0,760,1159,0,C:\Users\durgamaniryudh\Desktop\Learn\llm_eval\test\aapp_competition_test\3289\3289_gen_0.sv,mistralai/devstral-2512:free,stop,,gen-1766350925-YJUrxwq5CgIFfwnLUj60
3624,aapp_competition_test,0,781,1664,0,C:\Users\durgamaniryudh\Desktop\Learn\llm_eval\test\aapp_competition_test\3624\3624_gen_0.sv,mistralai/devstral-2512:free,stop,,gen-1766350914-L9xG60sB7lz0If3LWQGR
3630,aapp_competition_test,0,655,561,0,C:\Users\durgamaniryudh\Desktop\Learn\llm_eval\test\aapp_competition_test\3630\3630_gen_0.sv,mistralai/devstral-2512:free,stop,,gen-1766350946-qjD9hkqedxvae2fRscIK
230,mbpp_test,0,490,163,0,C:\Users\durgamaniryudh\Desktop\Learn\llm_eval\test\mbpp_test\230\230_gen_0.sv,mistralai/devstral-2512:free,stop,,gen-1766350955-bMoXg8johi5w7g3XBh5K
3286,aapp_competition_test,0,808,1009,0,C:\Users\durgamaniryudh\Desktop\Learn\llm_eval\test\aapp_competition_test\3286\3286_gen_0.sv,mistralai/devstral-2512:free,stop,,gen-1766350945-kTc8tZ0dr6rp68fY0DEk
3285,aapp_competition_test,0,840,1586,0,C:\Users\durgamaniryudh\Desktop\Learn\llm_eval\test\aapp_competition_test\3285\3285_gen_0.sv,mistralai/devstral-2512:free,stop,,gen-1766350913-whxKVzSCd64UlBw9hUGz
3280,aapp_competition_test,0,852,3117,0,C:\Users\durgamaniryudh\Desktop\Learn\llm_eval\test\aapp_competition_test\3280\3280_gen_0.sv,mistralai/devstral-2512:free,stop,,gen-1766350901-YrCpcZKDaoapAbhoU8Pk
562,mbpp_validation,0,656,623,0,C:\Users\durgamaniryudh\Desktop\Learn\llm_eval\test\mbpp_validation\562\562_gen_0.sv,mistralai/devstral-2512:free,stop,,gen-1766350936-ftzLz8WAmiNT4x93Fd8a
228,mbpp_test,0,612,145,0,C:\Users\durgamaniryudh\Desktop\Learn\llm_eval\test\mbpp_test\228\228_gen_0.sv,mistralai/devstral-2512:free,stop,,gen-1766350972-zt8XNsyeU62SeHjW1usc
559,mbpp_validation,0,696,925,0,C:\Users\durgamaniryudh\Desktop\Learn\llm_eval\test\mbpp_validation\559\559_gen_0.sv,mistralai/devstral-2512:free,stop,,gen-1766350958-jpkr3Sm5jHulV3D6rP2r
556,mbpp_validation,0,682,625,0,C:\Users\durgamaniryudh\Desktop\Learn\llm_eval\test\mbpp_validation\556\556_gen_0.sv,mistralai/devstral-2512:free,stop,,gen-1766350973-cP1ARAjGvmZcJvpPyzwc
3628,aapp_competition_test,0,1351,1705,0,C:\Users\durgamaniryudh\Desktop\Learn\llm_eval\test\aapp_competition_test\3628\3628_gen_0.sv,mistralai/devstral-2512:free,stop,,gen-1766350970-uPUftGxrJobFvpRKcxTz
554,mbpp_validation,0,515,309,0,C:\Users\durgamaniryudh\Desktop\Learn\llm_eval\test\mbpp_validation\554\554_gen_0.sv,mistralai/devstral-2512:free,stop,,gen-1766350992-sD8SGaJH7Dohm578Tc93
229,mbpp_test,0,662,812,0,C:\Users\durgamaniryudh\Desktop\Learn\llm_eval\test\mbpp_test\229\229_gen_0.sv,mistralai/devstral-2512:free,stop,,gen-1766350981-vrfwwjEAwhO5nyNyEBfe
3292,aapp_competition_test,0,2047,1992,0,C:\Users\durgamaniryudh\Desktop\Learn\llm_eval\test\aapp_competition_test\3292\3292_gen_0.sv,mistralai/devstral-2512:free,stop,,gen-1766350974-LDKpsbxV1HbwRiFPD722
3634,aapp_competition_test,0,776,389,0,C:\Users\durgamaniryudh\Desktop\Learn\llm_eval\test\aapp_competition_test\3634\3634_gen_0.sv,mistralai/devstral-2512:free,stop,,gen-1766351010-w90Et8DsE03QRV09ZGM9
3295,aapp_competition_test,0,656,1014,0,C:\Users\durgamaniryudh\Desktop\Learn\llm_eval\test\aapp_competition_test\3295\3295_gen_0.sv,mistralai/devstral-2512:free,stop,,gen-1766350997-CbRoFiqC9jZ2AeidQgjM
172,mbpp_test,0,753,803,0,C:\Users\durgamaniryudh\Desktop\Learn\llm_eval\test\mbpp_test\172\172_gen_0.sv,mistralai/devstral-2512:free,stop,,gen-1766351010-Ly443QfItbLPkP4q6v2q
566,mbpp_validation,0,534,186,0,C:\Users\durgamaniryudh\Desktop\Learn\llm_eval\test\mbpp_validation\566\566_gen_0.sv,mistralai/devstral-2512:free,stop,,gen-1766351016-VyaHpNrKDRiISGtTso1W
234,mbpp_test,0,474,63,0,C:\Users\durgamaniryudh\Desktop\Learn\llm_eval\test\mbpp_test\234\234_gen_0.sv,mistralai/devstral-2512:free,stop,,gen-1766351022-qbHCWrsLDT0w3KZBRang
3623,aapp_competition_test,0,1615,3164,0,C:\Users\durgamaniryudh\Desktop\Learn\llm_eval\test\aapp_competition_test\3623\3623_gen_0.sv,mistralai/devstral-2512:free,stop,,gen-1766350926-ai0air5fQzic7ug8y5g6
3298,aapp_competition_test,0,585,1205,0,C:\Users\durgamaniryudh\Desktop\Learn\llm_eval\test\aapp_competition_test\3298\3298_gen_0.sv,mistralai/devstral-2512:free,stop,,gen-1766351016-ot2CfxO0na8Sa9wmxLVJ
3625,aapp_competition_test,0,5311,1495,0,C:\Users\durgamaniryudh\Desktop\Learn\llm_eval\test\aapp_competition_test\3625\3625_gen_0.sv,mistralai/devstral-2512:free,stop,,gen-1766351021-Wo7e44KvhoMegphxNUZE
564,mbpp_validation,0,1063,525,0,C:\Users\durgamaniryudh\Desktop\Learn\llm_eval\test\mbpp_validation\564\564_gen_0.sv,mistralai/devstral-2512:free,stop,,gen-1766351028-0vTPD25kuMV0nYXhecC9
233,mbpp_test,0,775,190,0,C:\Users\durgamaniryudh\Desktop\Learn\llm_eval\test\mbpp_test\233\233_gen_0.sv,mistralai/devstral-2512:free,stop,,gen-1766351037-riFqQQmhASXvtq16i1Wx
3635,aapp_competition_test,0,647,701,0,C:\Users\durgamaniryudh\Desktop\Learn\llm_eval\test\aapp_competition_test\3635\3635_gen_0.sv,mistralai/devstral-2512:free,stop,,gen-1766351032-8e0thYhzBjbzbNCImOKh
557,mbpp_validation,0,773,837,0,C:\Users\durgamaniryudh\Desktop\Learn\llm_eval\test\mbpp_validation\557\557_gen_0.sv,mistralai/devstral-2512:free,stop,,gen-1766351038-njlYG8yG4fCuuVLSDvbK
3296,aapp_competition_test,0,579,1914,0,C:\Users\durgamaniryudh\Desktop\Learn\llm_eval\test\aapp_competition_test\3296\3296_gen_0.sv,mistralai/devstral-2512:free,stop,,gen-1766351029-s3hq2wDGhJf0uBzjZqTs
3287,aapp_competition_test,0,698,1251,0,C:\Users\durgamaniryudh\Desktop\Learn\llm_eval\test\aapp_competition_test\3287\3287_gen_0.sv,mistralai/devstral-2512:free,stop,,gen-1766351041-0pcPuyAvy6Nh2wcHkKmN
3636,aapp_competition_test,0,786,1383,0,C:\Users\durgamaniryudh\Desktop\Learn\llm_eval\test\aapp_competition_test\3636\3636_gen_0.sv,mistralai/devstral-2512:free,stop,,gen-1766351043-DopkPHgqFQfodKysHw5d
565,mbpp_validation,0,512,363,0,C:\Users\durgamaniryudh\Desktop\Learn\llm_eval\test\mbpp_validation\565\565_gen_0.sv,mistralai/devstral-2512:free,stop,,gen-1766351056-Rnzt7sUNqVP7rhHOApAp
3294,aapp_competition_test,0,887,6686,0,C:\Users\durgamaniryudh\Desktop\Learn\llm_eval\test\aapp_competition_test\3294\3294_gen_0.sv,mistralai/devstral-2512:free,stop,,gen-1766350968-WeWuOVKQa4wpaYhVaLoL
3297,aapp_competition_test,0,767,490,0,C:\Users\durgamaniryudh\Desktop\Learn\llm_eval\test\aapp_competition_test\3297\3297_gen_0.sv,mistralai/devstral-2512:free,stop,,gen-1766351057-1tyH3GRpornCrZ6B8jZR
560,mbpp_validation,0,880,1150,0,C:\Users\durgamaniryudh\Desktop\Learn\llm_eval\test\mbpp_validation\560\560_gen_0.sv,mistralai/devstral-2512:free,stop,,gen-1766351063-Gq0tunVFq0bGGcbMdiZ7
3631,aapp_competition_test,0,1459,3220,0,C:\Users\durgamaniryudh\Desktop\Learn\llm_eval\test\aapp_competition_test\3631\3631_gen_0.sv,mistralai/devstral-2512:free,stop,,gen-1766350975-rsHJaKwvXQvXbkXNGoFJ
3632,aapp_competition_test,0,852,1783,0,C:\Users\durgamaniryudh\Desktop\Learn\llm_eval\test\aapp_competition_test\3632\3632_gen_0.sv,mistralai/devstral-2512:free,stop,,gen-1766351061-b4Z7AZOryVU5DaLPLZPx
577,mbpp_validation,0,467,135,0,C:\Users\durgamaniryudh\Desktop\Learn\llm_eval\test\mbpp_validation\577\577_gen_0.sv,mistralai/devstral-2512:free,stop,,gen-1766351087-18ux0mdbXxXXHYW0HLyB
3637,aapp_competition_test,0,1123,768,0,C:\Users\durgamaniryudh\Desktop\Learn\llm_eval\test\aapp_competition_test\3637\3637_gen_0.sv,mistralai/devstral-2512:free,stop,,gen-1766351079-XS3bi4bGyHzCEYJ3EmDY
244,mbpp_test,0,605,333,0,C:\Users\durgamaniryudh\Desktop\Learn\llm_eval\test\mbpp_test\244\244_gen_0.sv,mistralai/devstral-2512:free,stop,,gen-1766351082-wgIhmw5qtNQqLS3MUHpf
3291,aapp_competition_test,0,818,472,0,C:\Users\durgamaniryudh\Desktop\Learn\llm_eval\test\aapp_competition_test\3291\3291_gen_0.sv,mistralai/devstral-2512:free,stop,,gen-1766351092-G5QFCMlLgOqTSkiFPd9A
568,mbpp_validation,0,671,415,0,C:\Users\durgamaniryudh\Desktop\Learn\llm_eval\test\mbpp_validation\568\568_gen_0.sv,mistralai/devstral-2512:free,stop,,gen-1766351101-nksOTL4jlJ3UmIs1O3qG
3641,aapp_competition_test,0,1177,1270,0,C:\Users\durgamaniryudh\Desktop\Learn\llm_eval\test\aapp_competition_test\3641\3641_gen_0.sv,mistralai/devstral-2512:free,stop,,gen-1766351093-9p2XqL572fjxaSDwqc5O
238,mbpp_test,0,754,339,0,C:\Users\durgamaniryudh\Desktop\Learn\llm_eval\test\mbpp_test\238\238_gen_0.sv,mistralai/devstral-2512:free,stop,,gen-1766351062-dR9MgS9lYSvTA1IVeyk6
3299,aapp_competition_test,0,1798,832,0,C:\Users\durgamaniryudh\Desktop\Learn\llm_eval\test\aapp_competition_test\3299\3299_gen_0.sv,mistralai/devstral-2512:free,stop,,gen-1766351120-VhKEacSI9MJK8bJX78Ru
239,mbpp_test,0,865,852,0,C:\Users\durgamaniryudh\Desktop\Learn\llm_eval\test\mbpp_test\239\239_gen_0.sv,mistralai/devstral-2512:free,stop,,gen-1766351089-LGqTxX9ITvpbops4Qlkm
242,mbpp_test,0,425,64,0,C:\Users\durgamaniryudh\Desktop\Learn\llm_eval\test\mbpp_test\242\242_gen_0.sv,mistralai/devstral-2512:free,stop,,gen-1766351129-LkUh8M5Ij9HNeNvyfYSi
246,mbpp_test,0,771,1223,0,C:\Users\durgamaniryudh\Desktop\Learn\llm_eval\test\mbpp_test\246\246_gen_0.sv,mistralai/devstral-2512:free,stop,,gen-1766351108-ZQTZ7yIuqDfihTruy596
232,mbpp_test,0,677,5878,0,C:\Users\durgamaniryudh\Desktop\Learn\llm_eval\test\mbpp_test\232\232_gen_0.sv,mistralai/devstral-2512:free,stop,,gen-1766351047-f4U8GYaU3dnlgXJNzNZp
3640,aapp_competition_test,0,973,1112,0,C:\Users\durgamaniryudh\Desktop\Learn\llm_eval\test\aapp_competition_test\3640\3640_gen_0.sv,mistralai/devstral-2512:free,stop,,gen-1766351123-JPS7dv5GR8Os9HpRdKc2
3301,aapp_competition_test,0,941,757,0,C:\Users\durgamaniryudh\Desktop\Learn\llm_eval\test\aapp_competition_test\3301\3301_gen_0.sv,mistralai/devstral-2512:free,stop,,gen-1766351132-LwvINYF2uG3qjKKiBk8D
567,mbpp_validation,0,800,869,0,C:\Users\durgamaniryudh\Desktop\Learn\llm_eval\test\mbpp_validation\567\567_gen_0.sv,mistralai/devstral-2512:free,stop,,gen-1766351138-o73mIMGTlR3p7AInRXcZ
576,mbpp_validation,0,685,730,0,C:\Users\durgamaniryudh\Desktop\Learn\llm_eval\test\mbpp_validation\576\576_gen_0.sv,mistralai/devstral-2512:free,stop,,gen-1766351127-QeSHJtKrpkLOMBKBZDIA
3638,aapp_competition_test,0,1210,1415,0,C:\Users\durgamaniryudh\Desktop\Learn\llm_eval\test\aapp_competition_test\3638\3638_gen_0.sv,mistralai/devstral-2512:free,stop,,gen-1766351136-ab3RPkNL25KHY3iXrGpm
240,mbpp_test,0,790,924,0,C:\Users\durgamaniryudh\Desktop\Learn\llm_eval\test\mbpp_test\240\240_gen_0.sv,mistralai/devstral-2512:free,stop,,gen-1766351138-l4kZgwrnRjqwhJNllfA6
3302,aapp_competition_test,0,1029,1548,0,C:\Users\durgamaniryudh\Desktop\Learn\llm_eval\test\aapp_competition_test\3302\3302_gen_0.sv,mistralai/devstral-2512:free,stop,,gen-1766351148-uzsAHxAgCfFIsHlj598K
3643,aapp_competition_test,0,882,776,0,C:\Users\durgamaniryudh\Desktop\Learn\llm_eval\test\aapp_competition_test\3643\3643_gen_0.sv,mistralai/devstral-2512:free,stop,,gen-1766351158-4b4LCqQLb7I3M20WumSv
3288,aapp_competition_test,0,11184,847,0,C:\Users\durgamaniryudh\Desktop\Learn\llm_eval\test\aapp_competition_test\3288\3288_gen_0.sv,mistralai/devstral-2512:free,stop,,gen-1766351163-ZsYJh4nA4KzdZO1e33nl
572,mbpp_validation,0,805,695,0,C:\Users\durgamaniryudh\Desktop\Learn\llm_eval\test\mbpp_validation\572\572_gen_0.sv,mistralai/devstral-2512:free,stop,,gen-1766351162-oThLOKrDPIA0TMpilQf4
245,mbpp_test,0,887,1021,0,C:\Users\durgamaniryudh\Desktop\Learn\llm_eval\test\mbpp_test\245\245_gen_0.sv,mistralai/devstral-2512:free,stop,,gen-1766351163-G85g2OFogLU1z05zTt7Z
574,mbpp_validation,0,799,463,0,C:\Users\durgamaniryudh\Desktop\Learn\llm_eval\test\mbpp_validation\574\574_gen_0.sv,mistralai/devstral-2512:free,stop,,gen-1766351171-ma7iCFozqIsCLNiILZOh
582,mbpp_validation,0,407,48,0,C:\Users\durgamaniryudh\Desktop\Learn\llm_eval\test\mbpp_validation\582\582_gen_0.sv,mistralai/devstral-2512:free,stop,,gen-1766351183-evOlyBCECmeDgRk80R1w
3644,aapp_competition_test,0,999,1319,0,C:\Users\durgamaniryudh\Desktop\Learn\llm_eval\test\aapp_competition_test\3644\3644_gen_0.sv,mistralai/devstral-2512:free,stop,,gen-1766351171-PCdeAuR1rt8aN2HByGPN
3943,aapp_competition_test,0,779,912,0,C:\Users\durgamaniryudh\Desktop\Learn\llm_eval\test\aapp_competition_test\3943\3943_gen_0.sv,mistralai/devstral-2512:free,stop,,gen-1766351184-ptjeKJnFwKf1rQUXgSup
250,mbpp_test,0,507,319,0,C:\Users\durgamaniryudh\Desktop\Learn\llm_eval\test\mbpp_test\250\250_gen_0.sv,mistralai/devstral-2512:free,stop,,gen-1766351175-hu3qEQEjn8tbBP5rtJoW
3303,aapp_competition_test,0,705,1189,0,C:\Users\durgamaniryudh\Desktop\Learn\llm_eval\test\aapp_competition_test\3303\3303_gen_0.sv,mistralai/devstral-2512:free,stop,,gen-1766351175-k13v2hOdnBRR4HprR9Tj
3648,aapp_competition_test,0,911,1798,0,C:\Users\durgamaniryudh\Desktop\Learn\llm_eval\test\aapp_competition_test\3648\3648_gen_0.sv,mistralai/devstral-2512:free,stop,,gen-1766351183-oAqqM9qFhAuZUIlJU87U
3947,aapp_competition_test,0,678,927,0,C:\Users\durgamaniryudh\Desktop\Learn\llm_eval\test\aapp_competition_test\3947\3947_gen_0.sv,mistralai/devstral-2512:free,stop,,gen-1766351211-hpuMc0OOlcP4zliylrAV
3851,aapp_competition_test,0,1002,1243,0,C:\Users\durgamaniryudh\Desktop\Learn\llm_eval\test\aapp_competition_test\3851\3851_gen_0.sv,mistralai/devstral-2512:free,stop,,gen-1766351207-kvsXeQCZZy5BFeejRP46
3854,aapp_competition_test,0,769,884,0,C:\Users\durgamaniryudh\Desktop\Learn\llm_eval\test\aapp_competition_test\3854\3854_gen_0.sv,mistralai/devstral-2512:free,stop,,gen-1766351219-tSk9YGlYuY44n8Mr91Wo
3400,aapp_competition_test,0,939,2353,0,C:\Users\durgamaniryudh\Desktop\Learn\llm_eval\test\aapp_competition_test\3400\3400_gen_0.sv,mistralai/devstral-2512:free,stop,,gen-1766351196-neWOnvraZpNDI8BgCSqv
3944,aapp_competition_test,0,2437,1459,0,C:\Users\durgamaniryudh\Desktop\Learn\llm_eval\test\aapp_competition_test\3944\3944_gen_0.sv,mistralai/devstral-2512:free,stop,,gen-1766351225-BvvxkujoICaluxwLlBMn
3399,aapp_competition_test,0,895,2528,0,C:\Users\durgamaniryudh\Desktop\Learn\llm_eval\test\aapp_competition_test\3399\3399_gen_0.sv,mistralai/devstral-2512:free,stop,,gen-1766351217-f9uqNBPewR5L0RxOe9HF
3402,aapp_competition_test,0,775,1742,0,C:\Users\durgamaniryudh\Desktop\Learn\llm_eval\test\aapp_competition_test\3402\3402_gen_0.sv,mistralai/devstral-2512:free,stop,,gen-1766351225-oMBNbN5fKi4uv20y6PAI
3852,aapp_competition_test,0,720,1156,0,C:\Users\durgamaniryudh\Desktop\Learn\llm_eval\test\aapp_competition_test\3852\3852_gen_0.sv,mistralai/devstral-2512:free,stop,,gen-1766351233-89Jwx57wneMw51pfuGrj
3853,aapp_competition_test,0,926,1222,0,C:\Users\durgamaniryudh\Desktop\Learn\llm_eval\test\aapp_competition_test\3853\3853_gen_0.sv,mistralai/devstral-2512:free,stop,,gen-1766351252-rHTivoCgKIPxux7hdx08
3403,aapp_competition_test,0,665,916,0,C:\Users\durgamaniryudh\Desktop\Learn\llm_eval\test\aapp_competition_test\3403\3403_gen_0.sv,mistralai/devstral-2512:free,stop,,gen-1766351257-AN05DzXKdlTZlaljDcqy
3950,aapp_competition_test,0,844,1135,0,C:\Users\durgamaniryudh\Desktop\Learn\llm_eval\test\aapp_competition_test\3950\3950_gen_0.sv,mistralai/devstral-2512:free,stop,,gen-1766351252-fgpKJj8oC5ZvOb7fLAnN
3949,aapp_competition_test,0,855,2184,0,C:\Users\durgamaniryudh\Desktop\Learn\llm_eval\test\aapp_competition_test\3949\3949_gen_0.sv,mistralai/devstral-2512:free,stop,,gen-1766351237-CjGCm5FmQFSxYuCDrHNI
3398,aapp_competition_test,0,723,1433,0,C:\Users\durgamaniryudh\Desktop\Learn\llm_eval\test\aapp_competition_test\3398\3398_gen_0.sv,mistralai/devstral-2512:free,stop,,gen-1766351243-eVmcfdip7iYQMSpvGYXm
3953,aapp_competition_test,0,637,1476,0,C:\Users\durgamaniryudh\Desktop\Learn\llm_eval\test\aapp_competition_test\3953\3953_gen_0.sv,mistralai/devstral-2512:free,stop,,gen-1766351273-Fnb6VSN4LisTGPH4FaMm
3849,aapp_competition_test,0,900,1444,0,C:\Users\durgamaniryudh\Desktop\Learn\llm_eval\test\aapp_competition_test\3849\3849_gen_0.sv,mistralai/devstral-2512:free,stop,,gen-1766351280-XCJb2nOxQOSYHdC04KnJ
3860,aapp_competition_test,0,602,138,0,C:\Users\durgamaniryudh\Desktop\Learn\llm_eval\test\aapp_competition_test\3860\3860_gen_0.sv,mistralai/devstral-2512:free,stop,,gen-1766351300-ekrynqgRvm51bCsIQJtx
3401,aapp_competition_test,0,1085,1722,0,C:\Users\durgamaniryudh\Desktop\Learn\llm_eval\test\aapp_competition_test\3401\3401_gen_0.sv,mistralai/devstral-2512:free,stop,,gen-1766351276-v4anXrBBoLt023mlpgTA
3405,aapp_competition_test,0,639,806,0,C:\Users\durgamaniryudh\Desktop\Learn\llm_eval\test\aapp_competition_test\3405\3405_gen_0.sv,mistralai/devstral-2512:free,stop,,gen-1766351299-2CNCLFGCfbwiNveoFzr3
3960,aapp_competition_test,0,729,823,0,C:\Users\durgamaniryudh\Desktop\Learn\llm_eval\test\aapp_competition_test\3960\3960_gen_0.sv,mistralai/devstral-2512:free,stop,,gen-1766351304-TmsVTvk3ndyVFgqq83ys
3955,aapp_competition_test,0,630,1249,0,C:\Users\durgamaniryudh\Desktop\Learn\llm_eval\test\aapp_competition_test\3955\3955_gen_0.sv,mistralai/devstral-2512:free,stop,,gen-1766351298-SDd01QfN5nmjfLBjWVe5
3856,aapp_competition_test,0,967,2059,0,C:\Users\durgamaniryudh\Desktop\Learn\llm_eval\test\aapp_competition_test\3856\3856_gen_0.sv,mistralai/devstral-2512:free,stop,,gen-1766351270-mkk3rwjibd6BFYPmq2pC
3404,aapp_competition_test,0,1895,1772,0,C:\Users\durgamaniryudh\Desktop\Learn\llm_eval\test\aapp_competition_test\3404\3404_gen_0.sv,mistralai/devstral-2512:free,stop,,gen-1766351313-EATcwGS1l7QOuiMvqCFQ
3410,aapp_competition_test,0,832,918,0,C:\Users\durgamaniryudh\Desktop\Learn\llm_eval\test\aapp_competition_test\3410\3410_gen_0.sv,mistralai/devstral-2512:free,stop,,gen-1766351323-R68L0Kg811vCSniDprAh
3858,aapp_competition_test,0,1145,1333,0,C:\Users\durgamaniryudh\Desktop\Learn\llm_eval\test\aapp_competition_test\3858\3858_gen_0.sv,mistralai/devstral-2512:free,stop,,gen-1766351316-P832xXlOjUZa7eKKM3jl
3862,aapp_competition_test,0,1005,1468,0,C:\Users\durgamaniryudh\Desktop\Learn\llm_eval\test\aapp_competition_test\3862\3862_gen_0.sv,mistralai/devstral-2512:free,stop,,gen-1766351324-nFnlYOVtrlTFeZEX9RVs
3408,aapp_competition_test,0,1000,1163,0,C:\Users\durgamaniryudh\Desktop\Learn\llm_eval\test\aapp_competition_test\3408\3408_gen_0.sv,mistralai/devstral-2512:free,stop,,gen-1766351339-kcuB1OtzHvPDZqko5wF3
3861,aapp_competition_test,0,1345,894,0,C:\Users\durgamaniryudh\Desktop\Learn\llm_eval\test\aapp_competition_test\3861\3861_gen_0.sv,mistralai/devstral-2512:free,stop,,gen-1766351342-PfqVBSDnszPvEiAcm3qq
3962,aapp_competition_test,0,756,1173,0,C:\Users\durgamaniryudh\Desktop\Learn\llm_eval\test\aapp_competition_test\3962\3962_gen_0.sv,mistralai/devstral-2512:free,stop,,gen-1766351357-goViOosEubIwlOY6VAcb
3866,aapp_competition_test,0,937,692,0,C:\Users\durgamaniryudh\Desktop\Learn\llm_eval\test\aapp_competition_test\3866\3866_gen_0.sv,mistralai/devstral-2512:free,stop,,gen-1766351354-oFS7WiBbYY0z7nUR3nzQ
3406,aapp_competition_test,0,801,2678,0,C:\Users\durgamaniryudh\Desktop\Learn\llm_eval\test\aapp_competition_test\3406\3406_gen_0.sv,mistralai/devstral-2512:free,stop,,gen-1766351347-1kZPCvZrjFMm9n6oomkT
3954,aapp_competition_test,0,768,2346,0,C:\Users\durgamaniryudh\Desktop\Learn\llm_eval\test\aapp_competition_test\3954\3954_gen_0.sv,mistralai/devstral-2512:free,stop,,gen-1766351345-dctkrgjetk48egDx4HO3
3961,aapp_competition_test,0,665,542,0,C:\Users\durgamaniryudh\Desktop\Learn\llm_eval\test\aapp_competition_test\3961\3961_gen_0.sv,mistralai/devstral-2512:free,stop,,gen-1766351317-t7Rmui9oKDD62NNCi61m
3963,aapp_competition_test,0,650,1285,0,C:\Users\durgamaniryudh\Desktop\Learn\llm_eval\test\aapp_competition_test\3963\3963_gen_0.sv,mistralai/devstral-2512:free,stop,,gen-1766351373-3UQXrJ2ulW2zfEFXyyoY
3869,aapp_competition_test,0,694,1883,0,C:\Users\durgamaniryudh\Desktop\Learn\llm_eval\test\aapp_competition_test\3869\3869_gen_0.sv,mistralai/devstral-2512:free,stop,,gen-1766351373-hlPsDgRxXVbQyMGkGwiZ
3414,aapp_competition_test,0,937,1989,0,C:\Users\durgamaniryudh\Desktop\Learn\llm_eval\test\aapp_competition_test\3414\3414_gen_0.sv,mistralai/devstral-2512:free,stop,,gen-1766351371-wnynmIEd8R2ykFrGo6oB
3967,aapp_competition_test,0,762,805,0,C:\Users\durgamaniryudh\Desktop\Learn\llm_eval\test\aapp_competition_test\3967\3967_gen_0.sv,mistralai/devstral-2512:free,stop,,gen-1766351421-TY7QCcxLcGLIvPgRQhKN
3418,aapp_competition_test,0,687,950,0,C:\Users\durgamaniryudh\Desktop\Learn\llm_eval\test\aapp_competition_test\3418\3418_gen_0.sv,mistralai/devstral-2512:free,stop,,gen-1766351422-71fA8azKA8SDBJLHSFHF
3870,aapp_competition_test,0,886,2086,0,C:\Users\durgamaniryudh\Desktop\Learn\llm_eval\test\aapp_competition_test\3870\3870_gen_0.sv,mistralai/devstral-2512:free,stop,,gen-1766351396-Rxs3hVPJR04mSTorL7u7
3872,aapp_competition_test,0,841,1055,0,C:\Users\durgamaniryudh\Desktop\Learn\llm_eval\test\aapp_competition_test\3872\3872_gen_0.sv,mistralai/devstral-2512:free,stop,,gen-1766351427-YItRYLx1QLI5Q0zBa9P8
3417,aapp_competition_test,0,759,742,0,C:\Users\durgamaniryudh\Desktop\Learn\llm_eval\test\aapp_competition_test\3417\3417_gen_0.sv,mistralai/devstral-2512:free,stop,,gen-1766351440-ronk0Hun35a5ltEJMPzv
3965,aapp_competition_test,0,727,716,0,C:\Users\durgamaniryudh\Desktop\Learn\llm_eval\test\aapp_competition_test\3965\3965_gen_0.sv,mistralai/devstral-2512:free,stop,,gen-1766351449-r8wgoTxbmslajN605Sp4
3419,aapp_competition_test,0,782,649,0,C:\Users\durgamaniryudh\Desktop\Learn\llm_eval\test\aapp_competition_test\3419\3419_gen_0.sv,mistralai/devstral-2512:free,stop,,gen-1766351461-CymmkWlztJ3mDEuGbbDx
3867,aapp_competition_test,0,1075,1722,0,C:\Users\durgamaniryudh\Desktop\Learn\llm_eval\test\aapp_competition_test\3867\3867_gen_0.sv,mistralai/devstral-2512:free,stop,,gen-1766351446-GK3RfbmIY5fZTy02lXkz
3966,aapp_competition_test,0,630,839,0,C:\Users\durgamaniryudh\Desktop\Learn\llm_eval\test\aapp_competition_test\3966\3966_gen_0.sv,mistralai/devstral-2512:free,stop,,gen-1766351438-e9IIOFPGN6uAMYcDD1sJ
3969,aapp_competition_test,0,675,751,0,C:\Users\durgamaniryudh\Desktop\Learn\llm_eval\test\aapp_competition_test\3969\3969_gen_0.sv,mistralai/devstral-2512:free,stop,,gen-1766351460-uclOHcSnjKCQzMd9VOir
3873,aapp_competition_test,0,916,1127,0,C:\Users\durgamaniryudh\Desktop\Learn\llm_eval\test\aapp_competition_test\3873\3873_gen_0.sv,mistralai/devstral-2512:free,stop,,gen-1766351469-pNMZNdF3TreS51PtiZkZ
3421,aapp_competition_test,0,614,411,0,C:\Users\durgamaniryudh\Desktop\Learn\llm_eval\test\aapp_competition_test\3421\3421_gen_0.sv,mistralai/devstral-2512:free,stop,,gen-1766351477-HgfRAvVunyVMfKClNQRK
3865,aapp_competition_test,0,577,712,0,C:\Users\durgamaniryudh\Desktop\Learn\llm_eval\test\aapp_competition_test\3865\3865_gen_0.sv,mistralai/devstral-2512:free,stop,,gen-1766351483-84OWEJvbHm1FdFKt8wRt
3964,aapp_competition_test,0,1038,1581,0,C:\Users\durgamaniryudh\Desktop\Learn\llm_eval\test\aapp_competition_test\3964\3964_gen_0.sv,mistralai/devstral-2512:free,stop,,gen-1766351471-ASXUQzYrCi3DT5QkMEss
3974,aapp_competition_test,0,700,576,0,C:\Users\durgamaniryudh\Desktop\Learn\llm_eval\test\aapp_competition_test\3974\3974_gen_0.sv,mistralai/devstral-2512:free,stop,,gen-1766351498-pXpVUcXQnb43bAVY6E6u
3871,aapp_competition_test,0,679,1161,0,C:\Users\durgamaniryudh\Desktop\Learn\llm_eval\test\aapp_competition_test\3871\3871_gen_0.sv,mistralai/devstral-2512:free,stop,,gen-1766351497-Lk8YsSyjrPRhQfFCs3g7
3970,aapp_competition_test,0,640,1216,0,C:\Users\durgamaniryudh\Desktop\Learn\llm_eval\test\aapp_competition_test\3970\3970_gen_0.sv,mistralai/devstral-2512:free,stop,,gen-1766351487-lSTaXgXFFkgKaxWOZe3c
3422,aapp_competition_test,0,2030,1201,0,C:\Users\durgamaniryudh\Desktop\Learn\llm_eval\test\aapp_competition_test\3422\3422_gen_0.sv,mistralai/devstral-2512:free,stop,,gen-1766351518-ks99HeAo6BTUePQYCcVs
3976,aapp_competition_test,0,636,1270,0,C:\Users\durgamaniryudh\Desktop\Learn\llm_eval\test\aapp_competition_test\3976\3976_gen_0.sv,mistralai/devstral-2512:free,stop,,gen-1766351524-SuXyQhu9YXnTx6aMLjVj
3423,aapp_competition_test,0,958,2035,0,C:\Users\durgamaniryudh\Desktop\Learn\llm_eval\test\aapp_competition_test\3423\3423_gen_0.sv,mistralai/devstral-2512:free,stop,,gen-1766351491-weG2cZt1nME80d0UEqsy
3968,aapp_competition_test,0,952,983,0,C:\Users\durgamaniryudh\Desktop\Learn\llm_eval\test\aapp_competition_test\3968\3968_gen_0.sv,mistralai/devstral-2512:free,stop,,gen-1766351561-HBzRf7ufomphFhHiBojK
3877,aapp_competition_test,0,696,1225,0,C:\Users\durgamaniryudh\Desktop\Learn\llm_eval\test\aapp_competition_test\3877\3877_gen_0.sv,mistralai/devstral-2512:free,stop,,gen-1766351560-zpSDaofjRAUGqVKXNKLP
3416,aapp_competition_test,0,620,719,0,C:\Users\durgamaniryudh\Desktop\Learn\llm_eval\test\aapp_competition_test\3416\3416_gen_0.sv,mistralai/devstral-2512:free,stop,,gen-1766351542-3d9y84vl1xDyZmewzylf
3874,aapp_competition_test,0,856,1852,0,C:\Users\durgamaniryudh\Desktop\Learn\llm_eval\test\aapp_competition_test\3874\3874_gen_0.sv,mistralai/devstral-2512:free,stop,,gen-1766351521-c3ZUHP47kkV452pleW2k
3428,aapp_competition_test,0,688,755,0,C:\Users\durgamaniryudh\Desktop\Learn\llm_eval\test\aapp_competition_test\3428\3428_gen_0.sv,mistralai/devstral-2512:free,stop,,gen-1766351579-GfekVgS4V9zwT4fKNPrB
3879,aapp_competition_test,0,657,953,0,C:\Users\durgamaniryudh\Desktop\Learn\llm_eval\test\aapp_competition_test\3879\3879_gen_0.sv,mistralai/devstral-2512:free,stop,,gen-1766351585-09VJxQl3XkwRfWjxEA21
3971,aapp_competition_test,0,796,839,0,C:\Users\durgamaniryudh\Desktop\Learn\llm_eval\test\aapp_competition_test\3971\3971_gen_0.sv,mistralai/devstral-2512:free,stop,,gen-1766351586-3xBMfdWdiZ1Ccbz3kEzy
3420,aapp_competition_test,0,764,1168,0,C:\Users\durgamaniryudh\Desktop\Learn\llm_eval\test\aapp_competition_test\3420\3420_gen_0.sv,mistralai/devstral-2512:free,stop,,gen-1766351590-qajGo3pt8zycbGcyTIc9
3978,aapp_competition_test,0,676,1160,0,C:\Users\durgamaniryudh\Desktop\Learn\llm_eval\test\aapp_competition_test\3978\3978_gen_0.sv,mistralai/devstral-2512:free,stop,,gen-1766351598-cRjTNh0fea3LKwBOQtKS
3878,aapp_competition_test,0,1014,1994,0,C:\Users\durgamaniryudh\Desktop\Learn\llm_eval\test\aapp_competition_test\3878\3878_gen_0.sv,mistralai/devstral-2512:free,stop,,gen-1766351592-L9zybry5hNW4wg4sIUkL
3980,aapp_competition_test,0,627,581,0,C:\Users\durgamaniryudh\Desktop\Learn\llm_eval\test\aapp_competition_test\3980\3980_gen_0.sv,mistralai/devstral-2512:free,stop,,gen-1766351619-kGUFcSoeabxUEIA1pnGU
3430,aapp_competition_test,0,760,2254,0,C:\Users\durgamaniryudh\Desktop\Learn\llm_eval\test\aapp_competition_test\3430\3430_gen_0.sv,mistralai/devstral-2512:free,stop,,gen-1766351600-8OKSSlPmOGmi9Fc1MUTO
3880,aapp_competition_test,0,1017,659,0,C:\Users\durgamaniryudh\Desktop\Learn\llm_eval\test\aapp_competition_test\3880\3880_gen_0.sv,mistralai/devstral-2512:free,stop,,gen-1766351626-XRrPrkSoTm5nKkZAYeu6
3882,aapp_competition_test,0,609,1177,0,C:\Users\durgamaniryudh\Desktop\Learn\llm_eval\test\aapp_competition_test\3882\3882_gen_0.sv,mistralai/devstral-2512:free,stop,,gen-1766351608-j76m0INWsceP9xksm1HY
3885,aapp_competition_test,0,508,58,0,C:\Users\durgamaniryudh\Desktop\Learn\llm_eval\test\aapp_competition_test\3885\3885_gen_0.sv,mistralai/devstral-2512:free,stop,,gen-1766351650-j9l9yr6j9ur8lh8tpPl2
3431,aapp_competition_test,0,681,2180,0,C:\Users\durgamaniryudh\Desktop\Learn\llm_eval\test\aapp_competition_test\3431\3431_gen_0.sv,mistralai/devstral-2512:free,stop,,gen-1766351622-80NAEVEnsLztZGhVyCy1
3432,aapp_competition_test,0,645,1432,0,C:\Users\durgamaniryudh\Desktop\Learn\llm_eval\test\aapp_competition_test\3432\3432_gen_0.sv,mistralai/devstral-2512:free,stop,,gen-1766351638-Z9XvCcDTnm8igOuwMhuz
3982,aapp_competition_test,0,891,956,0,C:\Users\durgamaniryudh\Desktop\Learn\llm_eval\test\aapp_competition_test\3982\3982_gen_0.sv,mistralai/devstral-2512:free,stop,,gen-1766351638-XUIpMU2XeX4jm0XUXpIz
3977,aapp_competition_test,0,2117,876,0,C:\Users\durgamaniryudh\Desktop\Learn\llm_eval\test\aapp_competition_test\3977\3977_gen_0.sv,mistralai/devstral-2512:free,stop,,gen-1766351651-Zu23dmepxckGibQRvDZp
3883,aapp_competition_test,0,884,1512,0,C:\Users\durgamaniryudh\Desktop\Learn\llm_eval\test\aapp_competition_test\3883\3883_gen_0.sv,mistralai/devstral-2512:free,stop,,gen-1766351655-NV5e7SnmGvFBcNARnU9k
3435,aapp_competition_test,0,812,1106,0,C:\Users\durgamaniryudh\Desktop\Learn\llm_eval\test\aapp_competition_test\3435\3435_gen_0.sv,mistralai/devstral-2512:free,stop,,gen-1766351676-nBmb2YjPMSWNPMlIBpbl
3881,aapp_competition_test,0,724,918,0,C:\Users\durgamaniryudh\Desktop\Learn\llm_eval\test\aapp_competition_test\3881\3881_gen_0.sv,mistralai/devstral-2512:free,stop,,gen-1766351679-OiRQxQSVmCcHPn69zrvA
3979,aapp_competition_test,0,713,1274,0,C:\Users\durgamaniryudh\Desktop\Learn\llm_eval\test\aapp_competition_test\3979\3979_gen_0.sv,mistralai/devstral-2512:free,stop,,gen-1766351656-Ym6PYlHqAsnYkPiDAUe0
3436,aapp_competition_test,0,795,1477,0,C:\Users\durgamaniryudh\Desktop\Learn\llm_eval\test\aapp_competition_test\3436\3436_gen_0.sv,mistralai/devstral-2512:free,stop,,gen-1766351695-F4jFHH10ybomYxgPKf9i
3884,aapp_competition_test,0,1268,968,0,C:\Users\durgamaniryudh\Desktop\Learn\llm_eval\test\aapp_competition_test\3884\3884_gen_0.sv,mistralai/devstral-2512:free,stop,,gen-1766351704-XpLwGOGslA3VizLVK1xy
3981,aapp_competition_test,0,757,2543,0,C:\Users\durgamaniryudh\Desktop\Learn\llm_eval\test\aapp_competition_test\3981\3981_gen_0.sv,mistralai/devstral-2512:free,stop,,gen-1766351691-c4zHJbBtjTGc6qmuohOz
3437,aapp_competition_test,0,782,602,0,C:\Users\durgamaniryudh\Desktop\Learn\llm_eval\test\aapp_competition_test\3437\3437_gen_0.sv,mistralai/devstral-2512:free,stop,,gen-1766351715-jJEjzJt2yO08J4La5nXx
3984,aapp_competition_test,0,576,658,0,C:\Users\durgamaniryudh\Desktop\Learn\llm_eval\test\aapp_competition_test\3984\3984_gen_0.sv,mistralai/devstral-2512:free,stop,,gen-1766351720-AQOFhMMzrbw1sjKI7UeO
3889,aapp_competition_test,0,519,780,0,C:\Users\durgamaniryudh\Desktop\Learn\llm_eval\test\aapp_competition_test\3889\3889_gen_0.sv,mistralai/devstral-2512:free,stop,,gen-1766351734-r7J3HtwKbg1IsplXLEtA
3433,aapp_competition_test,0,853,1988,0,C:\Users\durgamaniryudh\Desktop\Learn\llm_eval\test\aapp_competition_test\3433\3433_gen_0.sv,mistralai/devstral-2512:free,stop,,gen-1766351725-NvXEUz96Rfn24enc20Ru
3986,aapp_competition_test,0,774,783,0,C:\Users\durgamaniryudh\Desktop\Learn\llm_eval\test\aapp_competition_test\3986\3986_gen_0.sv,mistralai/devstral-2512:free,stop,,gen-1766351748-NaN3P7ZklUXWpjLgw5hp
3987,aapp_competition_test,0,834,1245,0,C:\Users\durgamaniryudh\Desktop\Learn\llm_eval\test\aapp_competition_test\3987\3987_gen_0.sv,mistralai/devstral-2512:free,stop,,gen-1766351759-ruX3tYKIUJMaWUSewHG6
3442,aapp_competition_test,0,527,1123,0,C:\Users\durgamaniryudh\Desktop\Learn\llm_eval\test\aapp_competition_test\3442\3442_gen_0.sv,mistralai/devstral-2512:free,stop,,gen-1766351759-nn5g1Wd2H97JrASdEUCn
3842,aapp_competition_test,0,732,65536,0,C:\Users\durgamaniryudh\Desktop\Learn\llm_eval\test\aapp_competition_test\3842\3842_gen_0.sv,mistralai/devstral-2512:free,length,,gen-1766348293-Jt2xAED2gL2kWTuWrmRW
3887,aapp_competition_test,0,813,1322,0,C:\Users\durgamaniryudh\Desktop\Learn\llm_eval\test\aapp_competition_test\3887\3887_gen_0.sv,mistralai/devstral-2512:free,stop,,gen-1766351774-vaDPy9glEfRo3DyMXNu7
3886,aapp_competition_test,0,956,3013,0,C:\Users\durgamaniryudh\Desktop\Learn\llm_eval\test\aapp_competition_test\3886\3886_gen_0.sv,mistralai/devstral-2512:free,stop,,gen-1766351717-WulvLEt8iwCpQKpIFTdL
3890,aapp_competition_test,0,850,1183,0,C:\Users\durgamaniryudh\Desktop\Learn\llm_eval\test\aapp_competition_test\3890\3890_gen_0.sv,mistralai/devstral-2512:free,stop,,gen-1766351793-PTC7nKVv78ar5XtNt9Ia
3439,aapp_competition_test,0,1046,1416,0,C:\Users\durgamaniryudh\Desktop\Learn\llm_eval\test\aapp_competition_test\3439\3439_gen_0.sv,mistralai/devstral-2512:free,stop,,gen-1766351791-iLwH1yvCO4Q0MdciqTbP
3985,aapp_competition_test,0,902,3054,0,C:\Users\durgamaniryudh\Desktop\Learn\llm_eval\test\aapp_competition_test\3985\3985_gen_0.sv,mistralai/devstral-2512:free,stop,,gen-1766351775-8LRdragTkC3qDSSedyXM
3892,aapp_competition_test,0,873,984,0,C:\Users\durgamaniryudh\Desktop\Learn\llm_eval\test\aapp_competition_test\3892\3892_gen_0.sv,mistralai/devstral-2512:free,stop,,gen-1766351810-G6MCA9yJ68HIHAUBqOO0
3989,aapp_competition_test,0,746,1914,0,C:\Users\durgamaniryudh\Desktop\Learn\llm_eval\test\aapp_competition_test\3989\3989_gen_0.sv,mistralai/devstral-2512:free,stop,,gen-1766351802-NKCjf8c9ip0ZM6WkRRae
3438,aapp_competition_test,0,751,1481,0,C:\Users\durgamaniryudh\Desktop\Learn\llm_eval\test\aapp_competition_test\3438\3438_gen_0.sv,mistralai/devstral-2512:free,stop,,gen-1766351809-ywnJmXsXiSiIL8QRG03r
3991,aapp_competition_test,0,849,884,0,C:\Users\durgamaniryudh\Desktop\Learn\llm_eval\test\aapp_competition_test\3991\3991_gen_0.sv,mistralai/devstral-2512:free,stop,,gen-1766351819-fZwzlj6z6CZh0OwwlAqm
3893,aapp_competition_test,0,907,255,0,C:\Users\durgamaniryudh\Desktop\Learn\llm_eval\test\aapp_competition_test\3893\3893_gen_0.sv,mistralai/devstral-2512:free,stop,,gen-1766351829-IJEn45vrGDWfvTIROTpP
3445,aapp_competition_test,0,644,1617,0,C:\Users\durgamaniryudh\Desktop\Learn\llm_eval\test\aapp_competition_test\3445\3445_gen_0.sv,mistralai/devstral-2512:free,stop,,gen-1766351833-dotrUIIZ6eM9PRHVTjrp
3992,aapp_competition_test,0,612,1164,0,C:\Users\durgamaniryudh\Desktop\Learn\llm_eval\test\aapp_competition_test\3992\3992_gen_0.sv,mistralai/devstral-2512:free,stop,,gen-1766351830-kxaYfAGUCUU37xm0rthU
3891,aapp_competition_test,0,766,1154,0,C:\Users\durgamaniryudh\Desktop\Learn\llm_eval\test\aapp_competition_test\3891\3891_gen_0.sv,mistralai/devstral-2512:free,stop,,gen-1766351837-pK7sPChbhO8Rf7pPZ52x
3990,aapp_competition_test,0,922,1563,0,C:\Users\durgamaniryudh\Desktop\Learn\llm_eval\test\aapp_competition_test\3990\3990_gen_0.sv,mistralai/devstral-2512:free,stop,,gen-1766351857-5xU2luoCKAnG2LTVnxpq
3895,aapp_competition_test,0,753,1035,0,C:\Users\durgamaniryudh\Desktop\Learn\llm_eval\test\aapp_competition_test\3895\3895_gen_0.sv,mistralai/devstral-2512:free,stop,,gen-1766351870-H1PiAxf7eYS4Oq3Moopn
3444,aapp_competition_test,0,1099,1567,0,C:\Users\durgamaniryudh\Desktop\Learn\llm_eval\test\aapp_competition_test\3444\3444_gen_0.sv,mistralai/devstral-2512:free,stop,,gen-1766351864-U9O6Bc0sVWwdc5xlM6dC
3896,aapp_competition_test,0,701,688,0,C:\Users\durgamaniryudh\Desktop\Learn\llm_eval\test\aapp_competition_test\3896\3896_gen_0.sv,mistralai/devstral-2512:free,stop,,gen-1766351885-gWhmOQ1aK9nBimyDbqFi
3993,aapp_competition_test,0,806,1111,0,C:\Users\durgamaniryudh\Desktop\Learn\llm_eval\test\aapp_competition_test\3993\3993_gen_0.sv,mistralai/devstral-2512:free,stop,,gen-1766351881-V8VoBa0plegA7lOrOBgL
3446,aapp_competition_test,0,918,1652,0,C:\Users\durgamaniryudh\Desktop\Learn\llm_eval\test\aapp_competition_test\3446\3446_gen_0.sv,mistralai/devstral-2512:free,stop,,gen-1766351884-EXamcaAYZHRtgA2cOU5z
3448,aapp_competition_test,0,1286,609,0,C:\Users\durgamaniryudh\Desktop\Learn\llm_eval\test\aapp_competition_test\3448\3448_gen_0.sv,mistralai/devstral-2512:free,stop,,gen-1766351898-b1GZqK8MT4MhGBZyMZWe
3995,aapp_competition_test,0,530,698,0,C:\Users\durgamaniryudh\Desktop\Learn\llm_eval\test\aapp_competition_test\3995\3995_gen_0.sv,mistralai/devstral-2512:free,stop,,gen-1766351895-MAM3zXFuP9fVcVt19fb3
3994,aapp_competition_test,0,697,849,0,C:\Users\durgamaniryudh\Desktop\Learn\llm_eval\test\aapp_competition_test\3994\3994_gen_0.sv,mistralai/devstral-2512:free,stop,,gen-1766351906-4lQD8RytW5xalNqL03iD
3450,aapp_competition_test,0,695,599,0,C:\Users\durgamaniryudh\Desktop\Learn\llm_eval\test\aapp_competition_test\3450\3450_gen_0.sv,mistralai/devstral-2512:free,stop,,gen-1766351916-ydZcFAj95ya5J4KzpHSh
3897,aapp_competition_test,0,739,2045,0,C:\Users\durgamaniryudh\Desktop\Learn\llm_eval\test\aapp_competition_test\3897\3897_gen_0.sv,mistralai/devstral-2512:free,stop,,gen-1766351905-R7lfvXiFJk1Zn7cPtKbm
3903,aapp_competition_test,0,654,1859,0,C:\Users\durgamaniryudh\Desktop\Learn\llm_eval\test\aapp_competition_test\3903\3903_gen_0.sv,mistralai/devstral-2512:free,stop,,gen-1766351918-4OeuvnXCXNq1KaI0W2hb
3750,aapp_competition_test,0,746,189,0,C:\Users\durgamaniryudh\Desktop\Learn\llm_eval\test\aapp_competition_test\3750\3750_gen_0.sv,mistralai/devstral-2512:free,stop,,gen-1766351958-LCQBANljL1AtnxCCTrWS
3099,aapp_competition_test,0,656,1076,0,C:\Users\durgamaniryudh\Desktop\Learn\llm_eval\test\aapp_competition_test\3099\3099_gen_0.sv,mistralai/devstral-2512:free,stop,,gen-1766351925-TnSYPvp21fdgjqGHgCrs
3208,aapp_competition_test,0,1104,1991,0,C:\Users\durgamaniryudh\Desktop\Learn\llm_eval\test\aapp_competition_test\3208\3208_gen_0.sv,mistralai/devstral-2512:free,stop,,gen-1766351951-VsdArVKVYTLKSvhjTkUe
151,human_eval_test,0,689,301,0,C:\Users\durgamaniryudh\Desktop\Learn\llm_eval\test\human_eval_test\151\151_gen_0.sv,mistralai/devstral-2512:free,stop,,gen-1766351977-Zzyr1MogJqrb8TTfELhK
85,human_eval_test,0,703,270,0,C:\Users\durgamaniryudh\Desktop\Learn\llm_eval\test\human_eval_test\85\85_gen_0.sv,mistralai/devstral-2512:free,stop,,gen-1766351982-ZqyjiNSitzXVnH2cDEeE
3996,aapp_competition_test,0,1443,1204,0,C:\Users\durgamaniryudh\Desktop\Learn\llm_eval\test\aapp_competition_test\3996\3996_gen_0.sv,mistralai/devstral-2512:free,stop,,gen-1766351969-8bn20nnUgIrB0D2tigAg
622,mbpp_train,0,671,799,0,C:\Users\durgamaniryudh\Desktop\Learn\llm_eval\test\mbpp_train\622\622_gen_0.sv,mistralai/devstral-2512:free,stop,,gen-1766351962-U0OHh1iBNqH5JB54AcSY
3213,aapp_competition_test,0,704,887,0,C:\Users\durgamaniryudh\Desktop\Learn\llm_eval\test\aapp_competition_test\3213\3213_gen_0.sv,mistralai/devstral-2512:free,stop,,gen-1766351995-ZvwsxXLqXHs2SnZxk6hD
3104,aapp_competition_test,0,530,1958,0,C:\Users\durgamaniryudh\Desktop\Learn\llm_eval\test\aapp_competition_test\3104\3104_gen_0.sv,mistralai/devstral-2512:free,stop,,gen-1766351988-RnuT09Cgvm29JlpxnDoU
3752,aapp_competition_test,0,848,1072,0,C:\Users\durgamaniryudh\Desktop\Learn\llm_eval\test\aapp_competition_test\3752\3752_gen_0.sv,mistralai/devstral-2512:free,stop,,gen-1766352006-hx71azHxCFsKxCv9BS2t
619,mbpp_train,0,701,1003,0,C:\Users\durgamaniryudh\Desktop\Learn\llm_eval\test\mbpp_train\619\619_gen_0.sv,mistralai/devstral-2512:free,stop,,gen-1766352019-kioCgR73DnkEQfXj3IYE
3998,aapp_competition_test,0,644,1558,0,C:\Users\durgamaniryudh\Desktop\Learn\llm_eval\test\aapp_competition_test\3998\3998_gen_0.sv,mistralai/devstral-2512:free,stop,,gen-1766352009-q4B6e1jMF3vsgObVg0g4
59,human_eval_test,0,782,861,0,C:\Users\durgamaniryudh\Desktop\Learn\llm_eval\test\human_eval_test\59\59_gen_0.sv,mistralai/devstral-2512:free,stop,,gen-1766352032-wgyfpcHDfMyAFSxA8WTy
3108,aapp_competition_test,0,743,1199,0,C:\Users\durgamaniryudh\Desktop\Learn\llm_eval\test\aapp_competition_test\3108\3108_gen_0.sv,mistralai/devstral-2512:free,stop,,gen-1766352043-dpRN81MtxQMzEIO6gVEo
3215,aapp_competition_test,0,643,1632,0,C:\Users\durgamaniryudh\Desktop\Learn\llm_eval\test\aapp_competition_test\3215\3215_gen_0.sv,mistralai/devstral-2512:free,stop,,gen-1766352047-rGcgfPU6iUUEUMcnt2lI
3988,aapp_competition_test,0,1104,1880,0,C:\Users\durgamaniryudh\Desktop\Learn\llm_eval\test\aapp_competition_test\3988\3988_gen_0.sv,mistralai/devstral-2512:free,stop,,gen-1766352071-75NADWL4kNanLQZUwFEh
615,mbpp_train,0,959,262,0,C:\Users\durgamaniryudh\Desktop\Learn\llm_eval\test\mbpp_train\615\615_gen_0.sv,mistralai/devstral-2512:free,stop,,gen-1766352094-TeWKZBqg2yRFcJDDEaSv
124,human_eval_test,0,758,1136,0,C:\Users\durgamaniryudh\Desktop\Learn\llm_eval\test\human_eval_test\124\124_gen_0.sv,mistralai/devstral-2512:free,stop,,gen-1766352026-zkBGSUs0b8qaF32UfH6M
138,human_eval_test,0,624,59,0,C:\Users\durgamaniryudh\Desktop\Learn\llm_eval\test\human_eval_test\138\138_gen_0.sv,mistralai/devstral-2512:free,stop,,gen-1766352102-LdsbCmKFsVuFfF3JAuLg
3745,aapp_competition_test,0,952,1926,0,C:\Users\durgamaniryudh\Desktop\Learn\llm_eval\test\aapp_competition_test\3745\3745_gen_0.sv,mistralai/devstral-2512:free,stop,,gen-1766352061-Gm4ZcK1MPMdVjkjKAImo
3103,aapp_competition_test,0,1119,2013,0,C:\Users\durgamaniryudh\Desktop\Learn\llm_eval\test\aapp_competition_test\3103\3103_gen_0.sv,mistralai/devstral-2512:free,stop,,gen-1766352103-rNmBC16jrjOuP8aXTy0S
125,human_eval_test,0,751,1741,0,C:\Users\durgamaniryudh\Desktop\Learn\llm_eval\test\human_eval_test\125\125_gen_0.sv,mistralai/devstral-2512:free,stop,,gen-1766352098-zHjNbWCajmUkRl3pk4Xh
3216,aapp_competition_test,0,1208,1244,0,C:\Users\durgamaniryudh\Desktop\Learn\llm_eval\test\aapp_competition_test\3216\3216_gen_0.sv,mistralai/devstral-2512:free,stop,,gen-1766352125-VvRf0Xc5S9g4kHmETqo1
3746,aapp_competition_test,0,1138,1173,0,C:\Users\durgamaniryudh\Desktop\Learn\llm_eval\test\aapp_competition_test\3746\3746_gen_0.sv,mistralai/devstral-2512:free,stop,,gen-1766352133-yRMA5okm6XCId9EByGaq
625,mbpp_train,0,723,572,0,C:\Users\durgamaniryudh\Desktop\Learn\llm_eval\test\mbpp_train\625\625_gen_0.sv,mistralai/devstral-2512:free,stop,,gen-1766352156-RglJEpppgJhrveDAOgdU
73,human_eval_test,0,661,168,0,C:\Users\durgamaniryudh\Desktop\Learn\llm_eval\test\human_eval_test\73\73_gen_0.sv,mistralai/devstral-2512:free,stop,,gen-1766352171-aCHoEkzoA56vBboQ0olR
3999,aapp_competition_test,0,980,2453,0,C:\Users\durgamaniryudh\Desktop\Learn\llm_eval\test\aapp_competition_test\3999\3999_gen_0.sv,mistralai/devstral-2512:free,stop,,gen-1766352144-5SzU9wHSv6qbq6RlYuxA
126,human_eval_test,0,602,608,0,C:\Users\durgamaniryudh\Desktop\Learn\llm_eval\test\human_eval_test\126\126_gen_0.sv,mistralai/devstral-2512:free,stop,,gen-1766352174-M4Fx5SqnceXXbrkAutwF
112,human_eval_test,0,752,2624,0,C:\Users\durgamaniryudh\Desktop\Learn\llm_eval\test\human_eval_test\112\112_gen_0.sv,mistralai/devstral-2512:free,stop,,gen-1766352150-pAMFvJa2E3q4lExzHo9n
3111,aapp_competition_test,0,1656,609,0,C:\Users\durgamaniryudh\Desktop\Learn\llm_eval\test\aapp_competition_test\3111\3111_gen_0.sv,mistralai/devstral-2512:free,stop,,gen-1766352181-PMOXv2kWp8g4jFdPGD95
3751,aapp_competition_test,0,759,933,0,C:\Users\durgamaniryudh\Desktop\Learn\llm_eval\test\aapp_competition_test\3751\3751_gen_0.sv,mistralai/devstral-2512:free,stop,,gen-1766352183-1f70RbsyUCHSrHWzfvTQ
3218,aapp_competition_test,0,939,2391,0,C:\Users\durgamaniryudh\Desktop\Learn\llm_eval\test\aapp_competition_test\3218\3218_gen_0.sv,mistralai/devstral-2512:free,stop,,gen-1766352183-UMO5UxvH9C987W69n7m3
32,human_eval_test,0,840,1748,0,C:\Users\durgamaniryudh\Desktop\Learn\llm_eval\test\human_eval_test\32\32_gen_0.sv,mistralai/devstral-2512:free,stop,,gen-1766352196-HbsYxd53GfeQEZdjepBL
629,mbpp_train,0,483,170,0,C:\Users\durgamaniryudh\Desktop\Learn\llm_eval\test\mbpp_train\629\629_gen_0.sv,mistralai/devstral-2512:free,stop,,gen-1766352214-3ZnyAnNhrKH6HwSUgvBZ
3997,aapp_competition_test,0,1430,2508,0,C:\Users\durgamaniryudh\Desktop\Learn\llm_eval\test\aapp_competition_test\3997\3997_gen_0.sv,mistralai/devstral-2512:free,stop,,gen-1766352190-pVHHJnzgDHzuII6HGGjk
20,human_eval_test,0,727,952,0,C:\Users\durgamaniryudh\Desktop\Learn\llm_eval\test\human_eval_test\20\20_gen_0.sv,mistralai/devstral-2512:free,stop,,gen-1766352229-92sWdZaSO9zbS8mHEgrY
3220,aapp_competition_test,0,1865,806,0,C:\Users\durgamaniryudh\Desktop\Learn\llm_eval\test\aapp_competition_test\3220\3220_gen_0.sv,mistralai/devstral-2512:free,stop,,gen-1766352234-BwsnuyddNdfzyIDRA1by
111,human_eval_test,0,846,966,0,C:\Users\durgamaniryudh\Desktop\Learn\llm_eval\test\human_eval_test\111\111_gen_0.sv,mistralai/devstral-2512:free,stop,,gen-1766352244-YHwGb832z6vIptSc38KS
626,mbpp_train,0,590,137,0,C:\Users\durgamaniryudh\Desktop\Learn\llm_eval\test\mbpp_train\626\626_gen_0.sv,mistralai/devstral-2512:free,stop,,gen-1766352259-m7BWGmw0lPH6wMrutl07
60,human_eval_test,0,492,80,0,C:\Users\durgamaniryudh\Desktop\Learn\llm_eval\test\human_eval_test\60\60_gen_0.sv,mistralai/devstral-2512:free,stop,,gen-1766352261-mVlOQ1pfNXQufnxFuLxt
3753,aapp_competition_test,0,846,1881,0,C:\Users\durgamaniryudh\Desktop\Learn\llm_eval\test\aapp_competition_test\3753\3753_gen_0.sv,mistralai/devstral-2512:free,stop,,gen-1766352242-tVne67aWpysh2WvjD2rE
3105,aapp_competition_test,0,654,652,0,C:\Users\durgamaniryudh\Desktop\Learn\llm_eval\test\aapp_competition_test\3105\3105_gen_0.sv,mistralai/devstral-2512:free,stop,,gen-1766352265-5NmZfFjPK9XCz5tC38ac
3112,aapp_competition_test,0,856,2124,0,C:\Users\durgamaniryudh\Desktop\Learn\llm_eval\test\aapp_competition_test\3112\3112_gen_0.sv,mistralai/devstral-2512:free,stop,,gen-1766352229-M06KpRMIPCqiVUHiYP1I
3222,aapp_competition_test,0,978,1717,0,C:\Users\durgamaniryudh\Desktop\Learn\llm_eval\test\aapp_competition_test\3222\3222_gen_0.sv,mistralai/devstral-2512:free,stop,,gen-1766352267-64SQkWJeRrIYlNAmTASH
152,human_eval_test,0,471,144,0,C:\Users\durgamaniryudh\Desktop\Learn\llm_eval\test\human_eval_test\152\152_gen_0.sv,mistralai/devstral-2512:free,stop,,gen-1766352294-GV4CBZphGXntbiOAxKzk
17,mbpp_test,0,659,52,0,C:\Users\durgamaniryudh\Desktop\Learn\llm_eval\test\mbpp_test\17\17_gen_0.sv,mistralai/devstral-2512:free,stop,,gen-1766352296-lSer9lvZTiu77JXbtf4R
637,mbpp_train,0,375,77,0,C:\Users\durgamaniryudh\Desktop\Learn\llm_eval\test\mbpp_train\637\637_gen_0.sv,mistralai/devstral-2512:free,stop,,gen-1766352297-qjF8hvEaYz2AFZHPB3bL
61,human_eval_test,0,576,714,0,C:\Users\durgamaniryudh\Desktop\Learn\llm_eval\test\human_eval_test\61\61_gen_0.sv,mistralai/devstral-2512:free,stop,,gen-1766352281-3bjtr4WR5CTCIEnuLb7J
3110,aapp_competition_test,0,821,1603,0,C:\Users\durgamaniryudh\Desktop\Learn\llm_eval\test\aapp_competition_test\3110\3110_gen_0.sv,mistralai/devstral-2512:free,stop,,gen-1766352299-uFDbu5JlAo0Eqv50RE35
3757,aapp_competition_test,0,927,1440,0,C:\Users\durgamaniryudh\Desktop\Learn\llm_eval\test\aapp_competition_test\3757\3757_gen_0.sv,mistralai/devstral-2512:free,stop,,gen-1766352275-Mw8zdANopL4qwuKAsqnM
3223,aapp_competition_test,0,2071,1840,0,C:\Users\durgamaniryudh\Desktop\Learn\llm_eval\test\aapp_competition_test\3223\3223_gen_0.sv,mistralai/devstral-2512:free,stop,,gen-1766352322-14yfTVQ66HubNBqkDZX1
3756,aapp_competition_test,0,1006,1696,0,C:\Users\durgamaniryudh\Desktop\Learn\llm_eval\test\aapp_competition_test\3756\3756_gen_0.sv,mistralai/devstral-2512:free,stop,,gen-1766352327-BR44MWLKEu0j2ZMGJgVO
14,mbpp_test,0,609,118,0,C:\Users\durgamaniryudh\Desktop\Learn\llm_eval\test\mbpp_test\14\14_gen_0.sv,mistralai/devstral-2512:free,stop,,gen-1766352351-ixMalid5pA7cBvh0Cjoh
7,human_eval_test,0,740,1389,0,C:\Users\durgamaniryudh\Desktop\Learn\llm_eval\test\human_eval_test\7\7_gen_0.sv,mistralai/devstral-2512:free,stop,,gen-1766352340-4kkgZ2Jz9wzOXnNAcP6q
627,mbpp_train,0,828,29,0,C:\Users\durgamaniryudh\Desktop\Learn\llm_eval\test\mbpp_train\627\627_gen_0.sv,mistralai/devstral-2512:free,,,gen-1766352354-iBQMimpbGVY7axJqjjVQ
99,human_eval_test,0,1154,1246,0,C:\Users\durgamaniryudh\Desktop\Learn\llm_eval\test\human_eval_test\99\99_gen_0.sv,mistralai/devstral-2512:free,stop,,gen-1766352345-g1rUni6OODIdRoom5N2o
3102,aapp_competition_test,0,1257,1083,0,C:\Users\durgamaniryudh\Desktop\Learn\llm_eval\test\aapp_competition_test\3102\3102_gen_0.sv,mistralai/devstral-2512:free,stop,,gen-1766352361-ByxLfeeT6qXujpsqfrVz
3224,aapp_competition_test,0,660,2051,0,C:\Users\durgamaniryudh\Desktop\Learn\llm_eval\test\aapp_competition_test\3224\3224_gen_0.sv,mistralai/devstral-2512:free,stop,,gen-1766352364-bUfQE6ThvSf89x5v7MSZ
8,human_eval_test,0,538,675,0,C:\Users\durgamaniryudh\Desktop\Learn\llm_eval\test\human_eval_test\8\8_gen_0.sv,mistralai/devstral-2512:free,stop,,gen-1766352378-n9f4D1Dqq1HY10D7mLcj
3760,aapp_competition_test,0,1404,1053,0,C:\Users\durgamaniryudh\Desktop\Learn\llm_eval\test\aapp_competition_test\3760\3760_gen_0.sv,mistralai/devstral-2512:free,stop,,gen-1766352368-wTezQM7qZa3Jat1spWXA
16,mbpp_test,0,601,1017,0,C:\Users\durgamaniryudh\Desktop\Learn\llm_eval\test\mbpp_test\16\16_gen_0.sv,mistralai/devstral-2512:free,stop,,gen-1766352388-WcZ5tKar7nMqpzSUExQJ
632,mbpp_train,0,604,860,0,C:\Users\durgamaniryudh\Desktop\Learn\llm_eval\test\mbpp_train\632\632_gen_0.sv,mistralai/devstral-2512:free,stop,,gen-1766352389-ENayzxxFEBX5mNtfzoVX
21,human_eval_test,0,718,774,0,C:\Users\durgamaniryudh\Desktop\Learn\llm_eval\test\human_eval_test\21\21_gen_0.sv,mistralai/devstral-2512:free,stop,,gen-1766352385-LinKKv96dyWDIQ9Eqnkq
3759,aapp_competition_test,0,3132,383,0,C:\Users\durgamaniryudh\Desktop\Learn\llm_eval\test\aapp_competition_test\3759\3759_gen_0.sv,mistralai/devstral-2512:free,stop,,gen-1766352407-hoGffhfC2H3wd5M0yFzp
3114,aapp_competition_test,0,750,1423,0,C:\Users\durgamaniryudh\Desktop\Learn\llm_eval\test\aapp_competition_test\3114\3114_gen_0.sv,mistralai/devstral-2512:free,stop,,gen-1766352405-XUBgDFZTVVn0dwuhwcJE
3226,aapp_competition_test,0,1031,2212,0,C:\Users\durgamaniryudh\Desktop\Learn\llm_eval\test\aapp_competition_test\3226\3226_gen_0.sv,mistralai/devstral-2512:free,stop,,gen-1766352406-LVBfcG5fPcW8HVnWsHAs
113,human_eval_test,0,937,2003,0,C:\Users\durgamaniryudh\Desktop\Learn\llm_eval\test\human_eval_test\113\113_gen_0.sv,mistralai/devstral-2512:free,stop,,gen-1766352415-EGYAvId7P3elKUdyJcij
47,human_eval_test,0,909,1948,0,C:\Users\durgamaniryudh\Desktop\Learn\llm_eval\test\human_eval_test\47\47_gen_0.sv,mistralai/devstral-2512:free,stop,,gen-1766352427-ggDPkn5G5JIblKch1rZa
633,mbpp_train,0,622,504,0,C:\Users\durgamaniryudh\Desktop\Learn\llm_eval\test\mbpp_train\633\633_gen_0.sv,mistralai/devstral-2512:free,stop,,gen-1766352439-KGYaIRrilOAnKM7ORvHy
57,mbpp_test,0,590,1380,0,C:\Users\durgamaniryudh\Desktop\Learn\llm_eval\test\mbpp_test\57\57_gen_0.sv,mistralai/devstral-2512:free,stop,,gen-1766352431-H3W7tZPuZqwmzk9Y8rvu
3228,aapp_competition_test,0,819,671,0,C:\Users\durgamaniryudh\Desktop\Learn\llm_eval\test\aapp_competition_test\3228\3228_gen_0.sv,mistralai/devstral-2512:free,stop,,gen-1766352449-TsJ3CCTdFvLlBfiSvgGk
3762,aapp_competition_test,0,612,1192,0,C:\Users\durgamaniryudh\Desktop\Learn\llm_eval\test\aapp_competition_test\3762\3762_gen_0.sv,mistralai/devstral-2512:free,stop,,gen-1766352451-eEPuUa8eFxhpIE0MCq4z
33,human_eval_test,0,758,1131,0,C:\Users\durgamaniryudh\Desktop\Learn\llm_eval\test\human_eval_test\33\33_gen_0.sv,mistralai/devstral-2512:free,stop,,gen-1766352456-C4nZPoQfDlzL3MFWX5kf
100,human_eval_test,0,974,565,0,C:\Users\durgamaniryudh\Desktop\Learn\llm_eval\test\human_eval_test\100\100_gen_0.sv,mistralai/devstral-2512:free,stop,,gen-1766352469-vhYZm9kVWyi3Zdn5XIl3
3116,aapp_competition_test,0,783,1999,0,C:\Users\durgamaniryudh\Desktop\Learn\llm_eval\test\aapp_competition_test\3116\3116_gen_0.sv,mistralai/devstral-2512:free,stop,,gen-1766352449-3tVviYJQs68qZtDm9F7m
631,mbpp_train,0,585,275,0,C:\Users\durgamaniryudh\Desktop\Learn\llm_eval\test\mbpp_train\631\631_gen_0.sv,mistralai/devstral-2512:free,stop,,gen-1766352479-XnMoQY3RF8LpWfSv7Flw
11,mbpp_test,0,825,1163,0,C:\Users\durgamaniryudh\Desktop\Learn\llm_eval\test\mbpp_test\11\11_gen_0.sv,mistralai/devstral-2512:free,stop,,gen-1766352474-T9egsRxH3ABdfpOr19Zf
3117,aapp_competition_test,0,844,905,0,C:\Users\durgamaniryudh\Desktop\Learn\llm_eval\test\aapp_competition_test\3117\3117_gen_0.sv,mistralai/devstral-2512:free,stop,,gen-1766352482-0VojaZUFIHJYTuogXpc2
3227,aapp_competition_test,0,2353,2267,0,C:\Users\durgamaniryudh\Desktop\Learn\llm_eval\test\aapp_competition_test\3227\3227_gen_0.sv,mistralai/devstral-2512:free,stop,,gen-1766352483-wstUWHZD1nPOL3cADE5W
75,human_eval_test,0,813,210,0,C:\Users\durgamaniryudh\Desktop\Learn\llm_eval\test\human_eval_test\75\75_gen_0.sv,mistralai/devstral-2512:free,stop,,gen-1766352506-L2q14r51uCyM952a3K3k
12,mbpp_test,0,655,652,0,C:\Users\durgamaniryudh\Desktop\Learn\llm_eval\test\mbpp_test\12\12_gen_0.sv,mistralai/devstral-2512:free,stop,,gen-1766352509-YDLxW3m1w8Bdz1duvqUD
139,human_eval_test,0,915,946,0,C:\Users\durgamaniryudh\Desktop\Learn\llm_eval\test\human_eval_test\139\139_gen_0.sv,mistralai/devstral-2512:free,stop,,gen-1766352496-btsHAJfURKquB28KgqiE
630,mbpp_train,0,625,346,0,C:\Users\durgamaniryudh\Desktop\Learn\llm_eval\test\mbpp_train\630\630_gen_0.sv,mistralai/devstral-2512:free,stop,,gen-1766352517-a3yoslzFSLRKkGLVzMy1
3763,aapp_competition_test,0,996,1716,0,C:\Users\durgamaniryudh\Desktop\Learn\llm_eval\test\aapp_competition_test\3763\3763_gen_0.sv,mistralai/devstral-2512:free,stop,,gen-1766352493-jidqLPceUKFz7fjuVgY3
3766,aapp_competition_test,0,703,864,0,C:\Users\durgamaniryudh\Desktop\Learn\llm_eval\test\aapp_competition_test\3766\3766_gen_0.sv,mistralai/devstral-2512:free,stop,,gen-1766352522-YITtDqcxwtgbZ65Yn2K6
3232,aapp_competition_test,0,670,1914,0,C:\Users\durgamaniryudh\Desktop\Learn\llm_eval\test\aapp_competition_test\3232\3232_gen_0.sv,mistralai/devstral-2512:free,stop,,gen-1766352521-0DPtZR6JremTe2Ehc8Yh
127,human_eval_test,0,752,289,0,C:\Users\durgamaniryudh\Desktop\Learn\llm_eval\test\human_eval_test\127\127_gen_0.sv,mistralai/devstral-2512:free,stop,,gen-1766352559-p9r9otYvRGFvp7NaMHYJ
59,mbpp_test,0,496,118,0,C:\Users\durgamaniryudh\Desktop\Learn\llm_eval\test\mbpp_test\59\59_gen_0.sv,mistralai/devstral-2512:free,stop,,gen-1766352563-zIO0JIm2sraHicJDmSLI
3113,aapp_competition_test,0,1545,3176,0,C:\Users\durgamaniryudh\Desktop\Learn\llm_eval\test\aapp_competition_test\3113\3113_gen_0.sv,mistralai/devstral-2512:free,stop,,gen-1766352519-I3991kJaRqwfwcIK1FnW
140,human_eval_test,0,628,885,0,C:\Users\durgamaniryudh\Desktop\Learn\llm_eval\test\human_eval_test\140\140_gen_0.sv,mistralai/devstral-2512:free,stop,,gen-1766352540-sMacCfW79jGWTkGmw9Zs
635,mbpp_train,0,630,1419,0,C:\Users\durgamaniryudh\Desktop\Learn\llm_eval\test\mbpp_train\635\635_gen_0.sv,mistralai/devstral-2512:free,stop,,gen-1766352570-V8OrAr5vVCKpSD8IkcfM
3118,aapp_competition_test,0,1349,1132,0,C:\Users\durgamaniryudh\Desktop\Learn\llm_eval\test\aapp_competition_test\3118\3118_gen_0.sv,mistralai/devstral-2512:free,stop,,gen-1766352601-ZsdEZabeSDGlUMN1sFDR
3231,aapp_competition_test,0,1632,758,0,C:\Users\durgamaniryudh\Desktop\Learn\llm_eval\test\aapp_competition_test\3231\3231_gen_0.sv,mistralai/devstral-2512:free,stop,,gen-1766352604-0AnTbEx3A0wIqZkgMwOM
87,human_eval_test,0,780,1419,0,C:\Users\durgamaniryudh\Desktop\Learn\llm_eval\test\human_eval_test\87\87_gen_0.sv,mistralai/devstral-2512:free,stop,,gen-1766352619-P2sxHTfJkunJZpHa6Nxr
3764,aapp_competition_test,0,1262,1030,0,C:\Users\durgamaniryudh\Desktop\Learn\llm_eval\test\aapp_competition_test\3764\3764_gen_0.sv,mistralai/devstral-2512:free,stop,,gen-1766352615-P65dcYDYU2rMBEfg2NKL
22,human_eval_test,0,557,929,0,C:\Users\durgamaniryudh\Desktop\Learn\llm_eval\test\human_eval_test\22\22_gen_0.sv,mistralai/devstral-2512:free,stop,,gen-1766352637-BPzD5Uwio3UBqYbXXJaB
19,mbpp_test,0,1654,747,0,C:\Users\durgamaniryudh\Desktop\Learn\llm_eval\test\mbpp_test\19\19_gen_0.sv,mistralai/devstral-2512:free,stop,,gen-1766352640-1cxMV9tA0m0zl2Xm521J
628,mbpp_train,0,1159,1360,0,C:\Users\durgamaniryudh\Desktop\Learn\llm_eval\test\mbpp_train\628\628_gen_0.sv,mistralai/devstral-2512:free,stop,,gen-1766352653-polxAhvk1twdNoPyG87X
638,mbpp_train,0,810,5192,0,C:\Users\durgamaniryudh\Desktop\Learn\llm_eval\test\mbpp_train\638\638_gen_0.sv,mistralai/devstral-2512:free,stop,,gen-1766352566-tEQHhKJLyGm9KZqWzn1q
3234,aapp_competition_test,0,615,720,0,C:\Users\durgamaniryudh\Desktop\Learn\llm_eval\test\aapp_competition_test\3234\3234_gen_0.sv,mistralai/devstral-2512:free,stop,,gen-1766352671-jIOTCZJcOaduVpLhxlGQ
3119,aapp_competition_test,0,818,2053,0,C:\Users\durgamaniryudh\Desktop\Learn\llm_eval\test\aapp_competition_test\3119\3119_gen_0.sv,mistralai/devstral-2512:free,stop,,gen-1766352657-mDLXoHYyohO2UhSlZYti
3765,aapp_competition_test,0,1663,1548,0,C:\Users\durgamaniryudh\Desktop\Learn\llm_eval\test\aapp_competition_test\3765\3765_gen_0.sv,mistralai/devstral-2512:free,stop,,gen-1766352673-X6Gugq7RYsxwuOLP0FYh
74,human_eval_test,0,1010,869,0,C:\Users\durgamaniryudh\Desktop\Learn\llm_eval\test\human_eval_test\74\74_gen_0.sv,mistralai/devstral-2512:free,stop,,gen-1766352686-aqqvqrQsX18hEC7sZKkh
3120,aapp_competition_test,0,702,2914,0,C:\Users\durgamaniryudh\Desktop\Learn\llm_eval\test\aapp_competition_test\3120\3120_gen_0.sv,mistralai/devstral-2512:free,stop,,gen-1766352696-gj8EMaSbyxSUvZGMLdUS
56,mbpp_test,0,829,541,0,C:\Users\durgamaniryudh\Desktop\Learn\llm_eval\test\mbpp_test\56\56_gen_0.sv,mistralai/devstral-2512:free,stop,,gen-1766352690-Rn9cA1H54033cHWwig0g
3237,aapp_competition_test,0,753,1066,0,C:\Users\durgamaniryudh\Desktop\Learn\llm_eval\test\aapp_competition_test\3237\3237_gen_0.sv,mistralai/devstral-2512:free,stop,,gen-1766352740-jBbYVuGMLG8yg1C8LyzJ
3774,aapp_competition_test,0,730,791,0,C:\Users\durgamaniryudh\Desktop\Learn\llm_eval\test\aapp_competition_test\3774\3774_gen_0.sv,mistralai/devstral-2512:free,stop,,gen-1766352757-qcbU3T7G7B5gSrMDhZNR
88,human_eval_test,0,643,1224,0,C:\Users\durgamaniryudh\Desktop\Learn\llm_eval\test\human_eval_test\88\88_gen_0.sv,mistralai/devstral-2512:free,stop,,gen-1766352758-Pa4lDfX46lmOHujHsNKK
58,mbpp_test,0,514,76,0,C:\Users\durgamaniryudh\Desktop\Learn\llm_eval\test\mbpp_test\58\58_gen_0.sv,mistralai/devstral-2512:free,stop,,gen-1766352780-ILmqNkmt1Tgaq55PMZTE
641,mbpp_train,0,510,107,0,C:\Users\durgamaniryudh\Desktop\Learn\llm_eval\test\mbpp_train\641\641_gen_0.sv,mistralai/devstral-2512:free,stop,,gen-1766352782-ROt2PZ7SLjCFAtCJt9rr
101,human_eval_test,0,602,1538,0,C:\Users\durgamaniryudh\Desktop\Learn\llm_eval\test\human_eval_test\101\101_gen_0.sv,mistralai/devstral-2512:free,stop,,gen-1766352768-PTq4am6WTBuYKAIkPpkw
3124,aapp_competition_test,0,740,2154,0,C:\Users\durgamaniryudh\Desktop\Learn\llm_eval\test\aapp_competition_test\3124\3124_gen_0.sv,mistralai/devstral-2512:free,stop,,gen-1766352785-88wZysY7HOLkt8UuhM1l
3235,aapp_competition_test,0,1127,1233,0,C:\Users\durgamaniryudh\Desktop\Learn\llm_eval\test\aapp_competition_test\3235\3235_gen_0.sv,mistralai/devstral-2512:free,stop,,gen-1766352790-1dbUYwQIwOE8T2yOD6Ze
3772,aapp_competition_test,0,651,776,0,C:\Users\durgamaniryudh\Desktop\Learn\llm_eval\test\aapp_competition_test\3772\3772_gen_0.sv,mistralai/devstral-2512:free,stop,,gen-1766352814-m7MxBk2RPh7mcagDtFCV
35,human_eval_test,0,523,653,0,C:\Users\durgamaniryudh\Desktop\Learn\llm_eval\test\human_eval_test\35\35_gen_0.sv,mistralai/devstral-2512:free,stop,,gen-1766352814-ongYNUgvrNQP205klvur
48,human_eval_test,0,841,489,0,C:\Users\durgamaniryudh\Desktop\Learn\llm_eval\test\human_eval_test\48\48_gen_0.sv,mistralai/devstral-2512:free,stop,,gen-1766352824-gNgnOiTD0qTltbsa6QLz
18,mbpp_test,0,957,876,0,C:\Users\durgamaniryudh\Desktop\Learn\llm_eval\test\mbpp_test\18\18_gen_0.sv,mistralai/devstral-2512:free,stop,,gen-1766352825-KIdWvgjvyejgcJRaUkCa
643,mbpp_train,0,701,520,0,C:\Users\durgamaniryudh\Desktop\Learn\llm_eval\test\mbpp_train\643\643_gen_0.sv,mistralai/devstral-2512:free,stop,,gen-1766352831-JZeA8cLZmjx3N7A5GyEz
3122,aapp_competition_test,0,1255,1307,0,C:\Users\durgamaniryudh\Desktop\Learn\llm_eval\test\aapp_competition_test\3122\3122_gen_0.sv,mistralai/devstral-2512:free,stop,,gen-1766352838-yPbF7x2Q4QVRu4O4oCid
3221,aapp_competition_test,0,1215,1301,0,C:\Users\durgamaniryudh\Desktop\Learn\llm_eval\test\aapp_competition_test\3221\3221_gen_0.sv,mistralai/devstral-2512:free,stop,,gen-1766352842-7LCKq2HmFJLzD0VIXZoD
34,human_eval_test,0,753,1260,0,C:\Users\durgamaniryudh\Desktop\Learn\llm_eval\test\human_eval_test\34\34_gen_0.sv,mistralai/devstral-2512:free,stop,,gen-1766352865-1Fk0OerQ76ywj1QXoHVL
3769,aapp_competition_test,0,1074,1060,0,C:\Users\durgamaniryudh\Desktop\Learn\llm_eval\test\aapp_competition_test\3769\3769_gen_0.sv,mistralai/devstral-2512:free,stop,,gen-1766352863-gb57muYR2GBqsWWHya7X
20,mbpp_test,0,1015,334,0,C:\Users\durgamaniryudh\Desktop\Learn\llm_eval\test\mbpp_test\20\20_gen_0.sv,mistralai/devstral-2512:free,stop,,gen-1766352891-XUv87NN8UpfOXApiVi9T
128,human_eval_test,0,835,927,0,C:\Users\durgamaniryudh\Desktop\Learn\llm_eval\test\human_eval_test\128\128_gen_0.sv,mistralai/devstral-2512:free,stop,,gen-1766352887-4Vnn0uofDkpVdVQ5ozG6
639,mbpp_train,0,833,1323,0,C:\Users\durgamaniryudh\Desktop\Learn\llm_eval\test\mbpp_train\639\639_gen_0.sv,mistralai/devstral-2512:free,stop,,gen-1766352895-1hKxa5cWzzqb8turJdJn
3125,aapp_competition_test,0,661,1465,0,C:\Users\durgamaniryudh\Desktop\Learn\llm_eval\test\aapp_competition_test\3125\3125_gen_0.sv,mistralai/devstral-2512:free,stop,,gen-1766352912-oghHJSrHVGhlsW5EKm5l
3233,aapp_competition_test,0,781,971,0,C:\Users\durgamaniryudh\Desktop\Learn\llm_eval\test\aapp_competition_test\3233\3233_gen_0.sv,mistralai/devstral-2512:free,stop,,gen-1766352930-mKxpA6n8iD6zPDGn5Djo
62,mbpp_test,0,417,370,0,C:\Users\durgamaniryudh\Desktop\Learn\llm_eval\test\mbpp_test\62\62_gen_0.sv,mistralai/devstral-2512:free,stop,,gen-1766352902-oi3ByOYzUx8PvXwCwodT
62,human_eval_test,0,812,216,0,C:\Users\durgamaniryudh\Desktop\Learn\llm_eval\test\human_eval_test\62\62_gen_0.sv,mistralai/devstral-2512:free,stop,,gen-1766352958-BWHnRoNZZJyBtx8oWSJJ
3773,aapp_competition_test,0,603,795,0,C:\Users\durgamaniryudh\Desktop\Learn\llm_eval\test\aapp_competition_test\3773\3773_gen_0.sv,mistralai/devstral-2512:free,stop,,gen-1766352947-SoMYkJQoFJ4BbNrTppZF
723,mbpp_train,0,501,134,0,C:\Users\durgamaniryudh\Desktop\Learn\llm_eval\test\mbpp_train\723\723_gen_0.sv,mistralai/devstral-2512:free,stop,,gen-1766352968-kOA4LMKlp9RhGWD1V9XV
154,human_eval_test,0,718,659,0,C:\Users\durgamaniryudh\Desktop\Learn\llm_eval\test\human_eval_test\154\154_gen_0.sv,mistralai/devstral-2512:free,stop,,gen-1766352961-Os34wdwbgZoew49P13ji
66,mbpp_test,0,534,124,0,C:\Users\durgamaniryudh\Desktop\Learn\llm_eval\test\mbpp_test\66\66_gen_0.sv,mistralai/devstral-2512:free,stop,,gen-1766352971-k7ItSSZ44FZdZahWYkZh
3126,aapp_competition_test,0,737,770,0,C:\Users\durgamaniryudh\Desktop\Learn\llm_eval\test\aapp_competition_test\3126\3126_gen_0.sv,mistralai/devstral-2512:free,stop,,gen-1766352972-CHiUUhhvMIpjFafDMqfG
3240,aapp_competition_test,0,968,1394,0,C:\Users\durgamaniryudh\Desktop\Learn\llm_eval\test\aapp_competition_test\3240\3240_gen_0.sv,mistralai/devstral-2512:free,stop,,gen-1766352973-gjy084P0V3EOztIMgCUR
141,human_eval_test,0,553,792,0,C:\Users\durgamaniryudh\Desktop\Learn\llm_eval\test\human_eval_test\141\141_gen_0.sv,mistralai/devstral-2512:free,stop,,gen-1766353001-LZE1NIFdyvxETe33ynJE
49,human_eval_test,0,529,532,0,C:\Users\durgamaniryudh\Desktop\Learn\llm_eval\test\human_eval_test\49\49_gen_0.sv,mistralai/devstral-2512:free,stop,,gen-1766353013-U4FlkAC69CvVKpWOx4Oz
644,mbpp_train,0,719,861,0,C:\Users\durgamaniryudh\Desktop\Learn\llm_eval\test\mbpp_train\644\644_gen_0.sv,mistralai/devstral-2512:free,stop,,gen-1766353021-PS2OJyx3gp3ucrrDEZjm
102,human_eval_test,0,478,185,0,C:\Users\durgamaniryudh\Desktop\Learn\llm_eval\test\human_eval_test\102\102_gen_0.sv,mistralai/devstral-2512:free,stop,,gen-1766353033-fS0SF4VWBHBiTrvB6E6Z
64,mbpp_test,0,722,656,0,C:\Users\durgamaniryudh\Desktop\Learn\llm_eval\test\mbpp_test\64\64_gen_0.sv,mistralai/devstral-2512:free,stop,,gen-1766353036-SefbznYHDxR59vjo0SWS
3770,aapp_competition_test,0,1118,2129,0,C:\Users\durgamaniryudh\Desktop\Learn\llm_eval\test\aapp_competition_test\3770\3770_gen_0.sv,mistralai/devstral-2512:free,stop,,gen-1766352996-nTkXvVbBmK9RRhJcKZ5a
3238,aapp_competition_test,0,820,1513,0,C:\Users\durgamaniryudh\Desktop\Learn\llm_eval\test\aapp_competition_test\3238\3238_gen_0.sv,mistralai/devstral-2512:free,stop,,gen-1766353045-MIxfsznd3nqvNfLZYHoE
3127,aapp_competition_test,0,690,2396,0,C:\Users\durgamaniryudh\Desktop\Learn\llm_eval\test\aapp_competition_test\3127\3127_gen_0.sv,mistralai/devstral-2512:free,stop,,gen-1766353044-8hKpF1jhFBFh6FQghBgQ
3434,aapp_competition_test,0,676,65536,0,C:\Users\durgamaniryudh\Desktop\Learn\llm_eval\test\aapp_competition_test\3434\3434_gen_0.sv,mistralai/devstral-2512:free,length,,gen-1766351653-v7EuK81g1qu1HhBsmk48
9,human_eval_test,0,751,627,0,C:\Users\durgamaniryudh\Desktop\Learn\llm_eval\test\human_eval_test\9\9_gen_0.sv,mistralai/devstral-2512:free,stop,,gen-1766353081-2Ck0KSEtsvXhQ7a2e7WS
640,mbpp_train,0,879,902,0,C:\Users\durgamaniryudh\Desktop\Learn\llm_eval\test\mbpp_train\640\640_gen_0.sv,mistralai/devstral-2512:free,stop,,gen-1766353082-hatrOE9CtOBcyvDrUoDi
23,human_eval_test,0,565,458,0,C:\Users\durgamaniryudh\Desktop\Learn\llm_eval\test\human_eval_test\23\23_gen_0.sv,mistralai/devstral-2512:free,stop,,gen-1766353092-i9sk3ctTx367Y07hIxI3
3775,aapp_competition_test,0,902,2455,0,C:\Users\durgamaniryudh\Desktop\Learn\llm_eval\test\aapp_competition_test\3775\3775_gen_0.sv,mistralai/devstral-2512:free,stop,,gen-1766353068-gTxy5epSmjUI9hO6qgr9
67,mbpp_test,0,644,728,0,C:\Users\durgamaniryudh\Desktop\Learn\llm_eval\test\mbpp_test\67\67_gen_0.sv,mistralai/devstral-2512:free,stop,,gen-1766353094-mu0GgYw6E73dpNhFkign
3128,aapp_competition_test,0,938,980,0,C:\Users\durgamaniryudh\Desktop\Learn\llm_eval\test\aapp_competition_test\3128\3128_gen_0.sv,mistralai/devstral-2512:free,stop,,gen-1766353099-8LmlxvWVuZh7FxfHdkIR
89,human_eval_test,0,645,563,0,C:\Users\durgamaniryudh\Desktop\Learn\llm_eval\test\human_eval_test\89\89_gen_0.sv,mistralai/devstral-2512:free,stop,,gen-1766353115-ejjpXAGfPHqcSAp4KT6j
3229,aapp_competition_test,0,942,1226,0,C:\Users\durgamaniryudh\Desktop\Learn\llm_eval\test\aapp_competition_test\3229\3229_gen_0.sv,mistralai/devstral-2512:free,stop,,gen-1766353104-VbL7lUu25pkfcpe6KdRS
720,mbpp_train,0,952,228,0,C:\Users\durgamaniryudh\Desktop\Learn\llm_eval\test\mbpp_train\720\720_gen_0.sv,mistralai/devstral-2512:free,stop,,gen-1766353124-JBGXgN55Q01G72TMGgmv
155,human_eval_test,0,709,649,0,C:\Users\durgamaniryudh\Desktop\Learn\llm_eval\test\human_eval_test\155\155_gen_0.sv,mistralai/devstral-2512:free,stop,,gen-1766353127-dZ1EXJHYAKp8TzR1AYXi
3778,aapp_competition_test,0,763,2235,0,C:\Users\durgamaniryudh\Desktop\Learn\llm_eval\test\aapp_competition_test\3778\3778_gen_0.sv,mistralai/devstral-2512:free,stop,,gen-1766353108-0bzu2g05T9o7wOLckqt7
63,mbpp_test,0,591,780,0,C:\Users\durgamaniryudh\Desktop\Learn\llm_eval\test\mbpp_test\63\63_gen_0.sv,mistralai/devstral-2512:free,stop,,gen-1766353128-y7H85SDkM09YkcVdxiAI
86,human_eval_test,0,969,29582,0,C:\Users\durgamaniryudh\Desktop\Learn\llm_eval\test\human_eval_test\86\86_gen_0.sv,mistralai/devstral-2512:free,stop,,gen-1766352683-BxN19csdqNIvRBND8F4m
142,human_eval_test,0,572,677,0,C:\Users\durgamaniryudh\Desktop\Learn\llm_eval\test\human_eval_test\142\142_gen_0.sv,mistralai/devstral-2512:free,stop,,gen-1766353147-cM85fwlvS5nao02xrkcH
726,mbpp_train,0,421,118,0,C:\Users\durgamaniryudh\Desktop\Learn\llm_eval\test\mbpp_train\726\726_gen_0.sv,mistralai/devstral-2512:free,stop,,gen-1766353160-90JlO78cM4UeB94gGDU3
3132,aapp_competition_test,0,650,1684,0,C:\Users\durgamaniryudh\Desktop\Learn\llm_eval\test\aapp_competition_test\3132\3132_gen_0.sv,mistralai/devstral-2512:free,stop,,gen-1766353137-2dhEK0ThiLg3XVGZ0u1Y
3236,aapp_competition_test,0,2549,2476,0,C:\Users\durgamaniryudh\Desktop\Learn\llm_eval\test\aapp_competition_test\3236\3236_gen_0.sv,mistralai/devstral-2512:free,stop,,gen-1766353138-rc3F3G5xpT6ixxbAoGOi
76,human_eval_test,0,736,796,0,C:\Users\durgamaniryudh\Desktop\Learn\llm_eval\test\human_eval_test\76\76_gen_0.sv,mistralai/devstral-2512:free,stop,,gen-1766353162-iCbHePOxAWVcryxAK2zQ
3242,aapp_competition_test,0,1098,1222,0,C:\Users\durgamaniryudh\Desktop\Learn\llm_eval\test\aapp_competition_test\3242\3242_gen_0.sv,mistralai/devstral-2512:free,stop,,gen-1766353174-T7Q7MX4xXgwlKFS5gH49
3780,aapp_competition_test,0,1067,1156,0,C:\Users\durgamaniryudh\Desktop\Learn\llm_eval\test\aapp_competition_test\3780\3780_gen_0.sv,mistralai/devstral-2512:free,stop,,gen-1766353188-iFKye6cofkUKWRuWQlL2
3131,aapp_competition_test,0,844,1883,0,C:\Users\durgamaniryudh\Desktop\Learn\llm_eval\test\aapp_competition_test\3131\3131_gen_0.sv,mistralai/devstral-2512:free,stop,,gen-1766353166-au6xmXbuce9hAfYB4Szf
10,human_eval_test,0,996,868,0,C:\Users\durgamaniryudh\Desktop\Learn\llm_eval\test\human_eval_test\10\10_gen_0.sv,mistralai/devstral-2512:free,stop,,gen-1766353192-jkXI5iYtQn1vTdxxgmU5
70,mbpp_test,0,558,175,0,C:\Users\durgamaniryudh\Desktop\Learn\llm_eval\test\mbpp_test\70\70_gen_0.sv,mistralai/devstral-2512:free,stop,,gen-1766353205-ziwEVSo8dCPEtvamHkqd
732,mbpp_train,0,557,303,0,C:\Users\durgamaniryudh\Desktop\Learn\llm_eval\test\mbpp_train\732\732_gen_0.sv,mistralai/devstral-2512:free,stop,,gen-1766353205-I5MQ6jcL3sF2m4rK5jS8
3779,aapp_competition_test,0,682,1032,0,C:\Users\durgamaniryudh\Desktop\Learn\llm_eval\test\aapp_competition_test\3779\3779_gen_0.sv,mistralai/devstral-2512:free,stop,,gen-1766353141-ePthBi2sdK8rzz6Cpujf
24,human_eval_test,0,653,599,0,C:\Users\durgamaniryudh\Desktop\Learn\llm_eval\test\human_eval_test\24\24_gen_0.sv,mistralai/devstral-2512:free,stop,,gen-1766353207-zLZYyIXqvFSkjgCuUTEJ
806,mbpp_train,0,1289,65536,0,C:\Users\durgamaniryudh\Desktop\Learn\llm_eval\test\mbpp_train\806\806_gen_0.sv,mistralai/devstral-2512:free,length,,gen-1766350829-A1Ocx5ulYBW6k6uH7N09
3776,aapp_competition_test,0,2040,1405,0,C:\Users\durgamaniryudh\Desktop\Learn\llm_eval\test\aapp_competition_test\3776\3776_gen_0.sv,mistralai/devstral-2512:free,stop,,gen-1766353211-o2ul0qX3L75FCPrRCCoA
65,mbpp_test,0,759,630,0,C:\Users\durgamaniryudh\Desktop\Learn\llm_eval\test\mbpp_test\65\65_gen_0.sv,mistralai/devstral-2512:free,stop,,gen-1766353220-CMd72PTMphx7OjFGItlb
3135,aapp_competition_test,0,684,1137,0,C:\Users\durgamaniryudh\Desktop\Learn\llm_eval\test\aapp_competition_test\3135\3135_gen_0.sv,mistralai/devstral-2512:free,stop,,gen-1766353207-AL5R7myjsDHTseTlOOCn
3244,aapp_competition_test,0,962,1303,0,C:\Users\durgamaniryudh\Desktop\Learn\llm_eval\test\aapp_competition_test\3244\3244_gen_0.sv,mistralai/devstral-2512:free,stop,,gen-1766353209-9kKhn7q6HT4aIZeeJYXU
64,human_eval_test,0,683,845,0,C:\Users\durgamaniryudh\Desktop\Learn\llm_eval\test\human_eval_test\64\64_gen_0.sv,mistralai/devstral-2512:free,stop,,gen-1766353216-QPH5ECqvlQqTcvA6uu20
721,mbpp_train,0,1168,1116,0,C:\Users\durgamaniryudh\Desktop\Learn\llm_eval\test\mbpp_train\721\721_gen_0.sv,mistralai/devstral-2512:free,stop,,gen-1766353226-eLQ5iFodfmNiJabVN5hQ
77,human_eval_test,0,606,597,0,C:\Users\durgamaniryudh\Desktop\Learn\llm_eval\test\human_eval_test\77\77_gen_0.sv,mistralai/devstral-2512:free,stop,,gen-1766353246-TmSgjkE8mZz0wIhC9N4K
3243,aapp_competition_test,0,917,1432,0,C:\Users\durgamaniryudh\Desktop\Learn\llm_eval\test\aapp_competition_test\3243\3243_gen_0.sv,mistralai/devstral-2512:free,stop,,gen-1766353233-xyFteNlyzGCa4AfoLrff
3134,aapp_competition_test,0,636,1627,0,C:\Users\durgamaniryudh\Desktop\Learn\llm_eval\test\aapp_competition_test\3134\3134_gen_0.sv,mistralai/devstral-2512:free,stop,,gen-1766353232-zpikrzzLUV1aOCkFHSTI
69,mbpp_test,0,676,374,0,C:\Users\durgamaniryudh\Desktop\Learn\llm_eval\test\mbpp_test\69\69_gen_0.sv,mistralai/devstral-2512:free,stop,,gen-1766353258-loHRiplDfmcDxIDGKt33
116,human_eval_test,0,683,4190,0,C:\Users\durgamaniryudh\Desktop\Learn\llm_eval\test\human_eval_test\116\116_gen_0.sv,mistralai/devstral-2512:free,stop,,gen-1766353232-R4rL743tW7ULbdGUbavt
3138,aapp_competition_test,0,550,239,0,C:\Users\durgamaniryudh\Desktop\Learn\llm_eval\test\aapp_competition_test\3138\3138_gen_0.sv,mistralai/devstral-2512:free,stop,,gen-1766353264-QKAbiLPh5DwqIUWcTnOR
11,human_eval_test,0,749,113,0,C:\Users\durgamaniryudh\Desktop\Learn\llm_eval\test\human_eval_test\11\11_gen_0.sv,mistralai/devstral-2512:free,stop,,gen-1766353269-XIBMgykzinD50wftImyt
722,mbpp_train,0,955,1102,0,C:\Users\durgamaniryudh\Desktop\Learn\llm_eval\test\mbpp_train\722\722_gen_0.sv,mistralai/devstral-2512:free,stop,,gen-1766353258-7yBcRC6XcrdOb6GVc9nu
3245,aapp_competition_test,0,967,1545,0,C:\Users\durgamaniryudh\Desktop\Learn\llm_eval\test\aapp_competition_test\3245\3245_gen_0.sv,mistralai/devstral-2512:free,stop,,gen-1766353266-rjSCdTERtZBK0UYs7sRe
3784,aapp_competition_test,0,854,3039,0,C:\Users\durgamaniryudh\Desktop\Learn\llm_eval\test\aapp_competition_test\3784\3784_gen_0.sv,mistralai/devstral-2512:free,stop,,gen-1766353243-V8oxznWYElCU0J2rVcBb
3783,aapp_competition_test,0,750,1664,0,C:\Users\durgamaniryudh\Desktop\Learn\llm_eval\test\aapp_competition_test\3783\3783_gen_0.sv,mistralai/devstral-2512:free,stop,,gen-1766353269-qoxPJaGk3cNaiBH7SpKs
68,mbpp_test,0,714,783,0,C:\Users\durgamaniryudh\Desktop\Learn\llm_eval\test\mbpp_test\68\68_gen_0.sv,mistralai/devstral-2512:free,stop,,gen-1766353278-1qUPvQHCKk9VByApbrPv
731,mbpp_train,0,706,988,0,C:\Users\durgamaniryudh\Desktop\Learn\llm_eval\test\mbpp_train\731\731_gen_0.sv,mistralai/devstral-2512:free,stop,,gen-1766353292-4r7Js22170EQbeWUa2WL
36,human_eval_test,0,1990,697,0,C:\Users\durgamaniryudh\Desktop\Learn\llm_eval\test\human_eval_test\36\36_gen_0.sv,mistralai/devstral-2512:free,stop,,gen-1766353311-2iYSFm3E9jbKnC1NumX7
3247,aapp_competition_test,0,774,1292,0,C:\Users\durgamaniryudh\Desktop\Learn\llm_eval\test\aapp_competition_test\3247\3247_gen_0.sv,mistralai/devstral-2512:free,stop,,gen-1766353305-tIytNur9XbPAx30QLU4Y
72,mbpp_test,0,481,54,0,C:\Users\durgamaniryudh\Desktop\Learn\llm_eval\test\mbpp_test\72\72_gen_0.sv,mistralai/devstral-2512:free,stop,,gen-1766353324-R5t0nWnwDeW2yGvq1Z5e
50,human_eval_test,0,766,717,0,C:\Users\durgamaniryudh\Desktop\Learn\llm_eval\test\human_eval_test\50\50_gen_0.sv,mistralai/devstral-2512:free,stop,,gen-1766353271-BiluO2m6FWuY3deGYsbg
728,mbpp_train,0,566,293,0,C:\Users\durgamaniryudh\Desktop\Learn\llm_eval\test\mbpp_train\728\728_gen_0.sv,mistralai/devstral-2512:free,stop,,gen-1766353325-kkvASXtWPDoU6jTNmxHU
80,mbpp_test,0,544,138,0,C:\Users\durgamaniryudh\Desktop\Learn\llm_eval\test\mbpp_test\80\80_gen_0.sv,mistralai/devstral-2512:free,stop,,gen-1766353327-GVrVOzrNuCJJWH1GTkhD
3786,aapp_competition_test,0,822,1083,0,C:\Users\durgamaniryudh\Desktop\Learn\llm_eval\test\aapp_competition_test\3786\3786_gen_0.sv,mistralai/devstral-2512:free,stop,,gen-1766353311-a6pCnilafe5cif8Rwl19
103,human_eval_test,0,788,820,0,C:\Users\durgamaniryudh\Desktop\Learn\llm_eval\test\human_eval_test\103\103_gen_0.sv,mistralai/devstral-2512:free,stop,,gen-1766353321-GEb2y4pBF3O4s7NOUeYN
63,human_eval_test,0,729,894,0,C:\Users\durgamaniryudh\Desktop\Learn\llm_eval\test\human_eval_test\63\63_gen_0.sv,mistralai/devstral-2512:free,stop,,gen-1766353334-87Jpdpu9M32VTkTNe3GV
3137,aapp_competition_test,0,776,1194,0,C:\Users\durgamaniryudh\Desktop\Learn\llm_eval\test\aapp_competition_test\3137\3137_gen_0.sv,mistralai/devstral-2512:free,stop,,gen-1766353293-Tvr497v9PkzIETX1lj9q
3142,aapp_competition_test,0,673,1578,0,C:\Users\durgamaniryudh\Desktop\Learn\llm_eval\test\aapp_competition_test\3142\3142_gen_0.sv,mistralai/devstral-2512:free,stop,,gen-1766353329-FJpJezQ4V4incbJh5N3q
3788,aapp_competition_test,0,864,917,0,C:\Users\durgamaniryudh\Desktop\Learn\llm_eval\test\aapp_competition_test\3788\3788_gen_0.sv,mistralai/devstral-2512:free,stop,,gen-1766353333-r5RZXiQ7msBlKilxcCl3
3246,aapp_competition_test,0,846,2722,0,C:\Users\durgamaniryudh\Desktop\Learn\llm_eval\test\aapp_competition_test\3246\3246_gen_0.sv,mistralai/devstral-2512:free,stop,,gen-1766353329-dcdOQe9QtjuKa7m9BhLC
3250,aapp_competition_test,0,518,402,0,C:\Users\durgamaniryudh\Desktop\Learn\llm_eval\test\aapp_competition_test\3250\3250_gen_0.sv,mistralai/devstral-2512:free,stop,,gen-1766353365-6s0tKY2QH1XdEs3mnKOj
51,human_eval_test,0,712,884,0,C:\Users\durgamaniryudh\Desktop\Learn\llm_eval\test\human_eval_test\51\51_gen_0.sv,mistralai/devstral-2512:free,stop,,gen-1766353349-sqayTrSUTbMHiwbNjXKk
725,mbpp_train,0,934,1080,0,C:\Users\durgamaniryudh\Desktop\Learn\llm_eval\test\mbpp_train\725\725_gen_0.sv,mistralai/devstral-2512:free,stop,,gen-1766353351-XGnv2jO9hBXswOh6Mgyr
3139,aapp_competition_test,0,939,1205,0,C:\Users\durgamaniryudh\Desktop\Learn\llm_eval\test\aapp_competition_test\3139\3139_gen_0.sv,mistralai/devstral-2512:free,stop,,gen-1766353356-PNG3sqG7EAGogu5q2wQT
735,mbpp_train,0,545,153,0,C:\Users\durgamaniryudh\Desktop\Learn\llm_eval\test\mbpp_train\735\735_gen_0.sv,mistralai/devstral-2512:free,stop,,gen-1766353378-qQG7DFzj0ps4Jxh1YlMj
77,mbpp_test,0,596,405,0,C:\Users\durgamaniryudh\Desktop\Learn\llm_eval\test\mbpp_test\77\77_gen_0.sv,mistralai/devstral-2512:free,stop,,gen-1766353376-nhJwwAgKM804DKPZx43J
37,human_eval_test,0,681,853,0,C:\Users\durgamaniryudh\Desktop\Learn\llm_eval\test\human_eval_test\37\37_gen_0.sv,mistralai/devstral-2512:free,stop,,gen-1766353374-KLtlHKuvdiUmq5emRWPY
3790,aapp_competition_test,0,753,1447,0,C:\Users\durgamaniryudh\Desktop\Learn\llm_eval\test\aapp_competition_test\3790\3790_gen_0.sv,mistralai/devstral-2512:free,stop,,gen-1766353371-EkA2dTZHLuELZqQ97crA
3252,aapp_competition_test,0,953,1188,0,C:\Users\durgamaniryudh\Desktop\Learn\llm_eval\test\aapp_competition_test\3252\3252_gen_0.sv,mistralai/devstral-2512:free,stop,,gen-1766353382-1GAFCRo0fZqHgbkPgQEA
3143,aapp_competition_test,0,862,1125,0,C:\Users\durgamaniryudh\Desktop\Learn\llm_eval\test\aapp_competition_test\3143\3143_gen_0.sv,mistralai/devstral-2512:free,stop,,gen-1766353381-gvoFOp4UMtOvKy9yTlu2
3791,aapp_competition_test,0,775,1070,0,C:\Users\durgamaniryudh\Desktop\Learn\llm_eval\test\aapp_competition_test\3791\3791_gen_0.sv,mistralai/devstral-2512:free,stop,,gen-1766353387-zm0Z1Eyj0a3S2ucpcgrW
730,mbpp_train,0,641,769,0,C:\Users\durgamaniryudh\Desktop\Learn\llm_eval\test\mbpp_train\730\730_gen_0.sv,mistralai/devstral-2512:free,stop,,gen-1766353402-xc86XNNEHSdqLrLBT0Za
117,human_eval_test,0,909,1387,0,C:\Users\durgamaniryudh\Desktop\Learn\llm_eval\test\human_eval_test\117\117_gen_0.sv,mistralai/devstral-2512:free,stop,,gen-1766353392-NiLluRewFfkMv0yGg8BC
156,human_eval_test,0,956,2042,0,C:\Users\durgamaniryudh\Desktop\Learn\llm_eval\test\human_eval_test\156\156_gen_0.sv,mistralai/devstral-2512:free,stop,,gen-1766353398-E6VTVk8zod9rcKA8mlwF
129,human_eval_test,0,760,1494,0,C:\Users\durgamaniryudh\Desktop\Learn\llm_eval\test\human_eval_test\129\129_gen_0.sv,mistralai/devstral-2512:free,stop,,gen-1766353374-msByrCJR8Wl2iIzpUeFK
79,mbpp_test,0,921,637,0,C:\Users\durgamaniryudh\Desktop\Learn\llm_eval\test\mbpp_test\79\79_gen_0.sv,mistralai/devstral-2512:free,stop,,gen-1766353399-wRJXXfM7KydoPy25tRXU
90,human_eval_test,0,696,973,0,C:\Users\durgamaniryudh\Desktop\Learn\llm_eval\test\human_eval_test\90\90_gen_0.sv,mistralai/devstral-2512:free,stop,,gen-1766353423-hqcaU7HHfCgB6znB2KMN
75,mbpp_test,0,802,390,0,C:\Users\durgamaniryudh\Desktop\Learn\llm_eval\test\mbpp_test\75\75_gen_0.sv,mistralai/devstral-2512:free,stop,,gen-1766353436-CFR36Ue4NXBoKsrzEKBA
130,human_eval_test,0,746,957,0,C:\Users\durgamaniryudh\Desktop\Learn\llm_eval\test\human_eval_test\130\130_gen_0.sv,mistralai/devstral-2512:free,stop,,gen-1766353428-wmZ2MXog2vQdhh1BvhhV
3141,aapp_competition_test,0,748,1651,0,C:\Users\durgamaniryudh\Desktop\Learn\llm_eval\test\aapp_competition_test\3141\3141_gen_0.sv,mistralai/devstral-2512:free,stop,,gen-1766353417-xEXyZZolgM2xcY7G4pVl
734,mbpp_train,0,626,550,0,C:\Users\durgamaniryudh\Desktop\Learn\llm_eval\test\mbpp_train\734\734_gen_0.sv,mistralai/devstral-2512:free,stop,,gen-1766353440-e6S4ztVT5xI4DWGyFm9g
3144,aapp_competition_test,0,902,757,0,C:\Users\durgamaniryudh\Desktop\Learn\llm_eval\test\aapp_competition_test\3144\3144_gen_0.sv,mistralai/devstral-2512:free,stop,,gen-1766353440-8jvu9HSiqYDAFQF20Jp4
3792,aapp_competition_test,0,810,824,0,C:\Users\durgamaniryudh\Desktop\Learn\llm_eval\test\aapp_competition_test\3792\3792_gen_0.sv,mistralai/devstral-2512:free,stop,,gen-1766353447-CPdJBPA3FnzMFiNHfzs8
3789,aapp_competition_test,0,898,1641,0,C:\Users\durgamaniryudh\Desktop\Learn\llm_eval\test\aapp_competition_test\3789\3789_gen_0.sv,mistralai/devstral-2512:free,stop,,gen-1766353423-aSU4qSOQ86VVusQkDrbk
3251,aapp_competition_test,0,580,1458,0,C:\Users\durgamaniryudh\Desktop\Learn\llm_eval\test\aapp_competition_test\3251\3251_gen_0.sv,mistralai/devstral-2512:free,stop,,gen-1766353445-b0BXUzXdZTOcHpmov551
143,human_eval_test,0,1578,1430,0,C:\Users\durgamaniryudh\Desktop\Learn\llm_eval\test\human_eval_test\143\143_gen_0.sv,mistralai/devstral-2512:free,stop,,gen-1766353451-rLG12CwEryzjAWeGWUvw
25,human_eval_test,0,652,911,0,C:\Users\durgamaniryudh\Desktop\Learn\llm_eval\test\human_eval_test\25\25_gen_0.sv,mistralai/devstral-2512:free,stop,,gen-1766353458-VyMh0skgaFFwWSRRJqnl
61,mbpp_test,0,1093,746,0,C:\Users\durgamaniryudh\Desktop\Learn\llm_eval\test\mbpp_test\61\61_gen_0.sv,mistralai/devstral-2512:free,stop,,gen-1766353461-VJHoCFh7hYvpqBNOKPa4
739,mbpp_train,0,805,578,0,C:\Users\durgamaniryudh\Desktop\Learn\llm_eval\test\mbpp_train\739\739_gen_0.sv,mistralai/devstral-2512:free,stop,,gen-1766353464-0JyowVBGcwkfWZ49Yvt0
3248,aapp_competition_test,0,1749,4620,0,C:\Users\durgamaniryudh\Desktop\Learn\llm_eval\test\aapp_competition_test\3248\3248_gen_0.sv,mistralai/devstral-2512:free,stop,,gen-1766353421-yIFGQhTo7Auurrs7tWhh
12,human_eval_test,0,722,496,0,C:\Users\durgamaniryudh\Desktop\Learn\llm_eval\test\human_eval_test\12\12_gen_0.sv,mistralai/devstral-2512:free,stop,,gen-1766353475-TBPkjHzmZcAqO6n2EzoK
3147,aapp_competition_test,0,611,1051,0,C:\Users\durgamaniryudh\Desktop\Learn\llm_eval\test\aapp_competition_test\3147\3147_gen_0.sv,mistralai/devstral-2512:free,stop,,gen-1766353469-9dQ4jeTxhbBK82bDPnF2
131,human_eval_test,0,658,988,0,C:\Users\durgamaniryudh\Desktop\Learn\llm_eval\test\human_eval_test\131\131_gen_0.sv,mistralai/devstral-2512:free,stop,,gen-1766353478-Oa94Fbqj19Qlra187Uvv
74,mbpp_test,0,679,1020,0,C:\Users\durgamaniryudh\Desktop\Learn\llm_eval\test\mbpp_test\74\74_gen_0.sv,mistralai/devstral-2512:free,stop,,gen-1766353482-LJxExRokoQRTGA8JRCG8
3249,aapp_competition_test,0,870,2070,0,C:\Users\durgamaniryudh\Desktop\Learn\llm_eval\test\aapp_competition_test\3249\3249_gen_0.sv,mistralai/devstral-2512:free,stop,,gen-1766353470-Kbj0yDEemnEZNZX0fWy0
82,mbpp_test,0,793,714,0,C:\Users\durgamaniryudh\Desktop\Learn\llm_eval\test\mbpp_test\82\82_gen_0.sv,mistralai/devstral-2512:free,stop,,gen-1766353496-JyKHizDTVyc9UXbSpMLJ
3145,aapp_competition_test,0,1107,824,0,C:\Users\durgamaniryudh\Desktop\Learn\llm_eval\test\aapp_competition_test\3145\3145_gen_0.sv,mistralai/devstral-2512:free,stop,,gen-1766353496-o0rQAZIas2hKL0IfiOYY
733,mbpp_train,0,874,902,0,C:\Users\durgamaniryudh\Desktop\Learn\llm_eval\test\mbpp_train\733\733_gen_0.sv,mistralai/devstral-2512:free,stop,,gen-1766353492-kbVlBV6ZZSfvqg4DL9vm
26,human_eval_test,0,572,378,0,C:\Users\durgamaniryudh\Desktop\Learn\llm_eval\test\human_eval_test\26\26_gen_0.sv,mistralai/devstral-2512:free,stop,,gen-1766353511-Zz8cCMqM9ab6SRkmSgVy
3256,aapp_competition_test,0,648,955,0,C:\Users\durgamaniryudh\Desktop\Learn\llm_eval\test\aapp_competition_test\3256\3256_gen_0.sv,mistralai/devstral-2512:free,stop,,gen-1766353501-Q1pohS73Lko2yXKnQe1J
85,mbpp_test,0,698,333,0,C:\Users\durgamaniryudh\Desktop\Learn\llm_eval\test\mbpp_test\85\85_gen_0.sv,mistralai/devstral-2512:free,stop,,gen-1766353517-0SMBFOaOI7ApcysxOH21
736,mbpp_train,0,651,453,0,C:\Users\durgamaniryudh\Desktop\Learn\llm_eval\test\mbpp_train\736\736_gen_0.sv,mistralai/devstral-2512:free,stop,,gen-1766353516-ihEcZ1AQl3STCYcKqLt1
91,human_eval_test,0,954,1124,0,C:\Users\durgamaniryudh\Desktop\Learn\llm_eval\test\human_eval_test\91\91_gen_0.sv,mistralai/devstral-2512:free,stop,,gen-1766353509-Kg8As6ak3VC9CwqS7NQu
3794,aapp_competition_test,0,654,1340,0,C:\Users\durgamaniryudh\Desktop\Learn\llm_eval\test\aapp_competition_test\3794\3794_gen_0.sv,mistralai/devstral-2512:free,stop,,gen-1766353506-5s0ssRiSBODtwb8RB6en
3787,aapp_competition_test,0,2476,851,0,C:\Users\durgamaniryudh\Desktop\Learn\llm_eval\test\aapp_competition_test\3787\3787_gen_0.sv,mistralai/devstral-2512:free,stop,,gen-1766353472-2THspG3WyEEUFSvDDYOf
3796,aapp_competition_test,0,898,1344,0,C:\Users\durgamaniryudh\Desktop\Learn\llm_eval\test\aapp_competition_test\3796\3796_gen_0.sv,mistralai/devstral-2512:free,stop,,gen-1766353527-0Aphw9xKy7BqYd3whaLH
78,human_eval_test,0,714,722,0,C:\Users\durgamaniryudh\Desktop\Learn\llm_eval\test\human_eval_test\78\78_gen_0.sv,mistralai/devstral-2512:free,stop,,gen-1766353534-mML0LfirC7puHjpjkQzS
3148,aapp_competition_test,0,895,1642,0,C:\Users\durgamaniryudh\Desktop\Learn\llm_eval\test\aapp_competition_test\3148\3148_gen_0.sv,mistralai/devstral-2512:free,stop,,gen-1766353526-OGj2F9ImPDFI9myoK7bD
3253,aapp_competition_test,0,855,1619,0,C:\Users\durgamaniryudh\Desktop\Learn\llm_eval\test\aapp_competition_test\3253\3253_gen_0.sv,mistralai/devstral-2512:free,stop,,gen-1766353527-1BKmfWuJcOOiizSZ1Ys6
144,human_eval_test,0,874,1469,0,C:\Users\durgamaniryudh\Desktop\Learn\llm_eval\test\human_eval_test\144\144_gen_0.sv,mistralai/devstral-2512:free,stop,,gen-1766353528-FYQXsM6KCzgNYt8y9wFI
157,human_eval_test,0,813,638,0,C:\Users\durgamaniryudh\Desktop\Learn\llm_eval\test\human_eval_test\157\157_gen_0.sv,mistralai/devstral-2512:free,stop,,gen-1766353548-mTpKRwOFXnWVjTbNIuFu
83,mbpp_test,0,825,706,0,C:\Users\durgamaniryudh\Desktop\Learn\llm_eval\test\mbpp_test\83\83_gen_0.sv,mistralai/devstral-2512:free,stop,,gen-1766353547-vhGW6DQfEMTXcp3tDNiZ
737,mbpp_train,0,701,662,0,C:\Users\durgamaniryudh\Desktop\Learn\llm_eval\test\mbpp_train\737\737_gen_0.sv,mistralai/devstral-2512:free,stop,,gen-1766353547-fpa3dUmGGUdzblofx5TP
39,human_eval_test,0,618,294,0,C:\Users\durgamaniryudh\Desktop\Learn\llm_eval\test\human_eval_test\39\39_gen_0.sv,mistralai/devstral-2512:free,stop,,gen-1766353554-qKqrVar4g8dwuNvLRGT5
742,mbpp_train,0,559,253,0,C:\Users\durgamaniryudh\Desktop\Learn\llm_eval\test\mbpp_train\742\742_gen_0.sv,mistralai/devstral-2512:free,stop,,gen-1766353558-dthiOdLLPDoLCbiTZ093
3151,aapp_competition_test,0,736,760,0,C:\Users\durgamaniryudh\Desktop\Learn\llm_eval\test\aapp_competition_test\3151\3151_gen_0.sv,mistralai/devstral-2512:free,stop,,gen-1766353552-0xOAEK65R5at9Hicb5Bm
79,human_eval_test,0,627,553,0,C:\Users\durgamaniryudh\Desktop\Learn\llm_eval\test\human_eval_test\79\79_gen_0.sv,mistralai/devstral-2512:free,stop,,gen-1766353558-dG6ftH6eFYVv1JX09X4v
84,mbpp_test,0,888,620,0,C:\Users\durgamaniryudh\Desktop\Learn\llm_eval\test\mbpp_test\84\84_gen_0.sv,mistralai/devstral-2512:free,stop,,gen-1766353561-9JlVnHRymeGa38dB8zAg
3254,aapp_competition_test,0,1125,1622,0,C:\Users\durgamaniryudh\Desktop\Learn\llm_eval\test\aapp_competition_test\3254\3254_gen_0.sv,mistralai/devstral-2512:free,stop,,gen-1766353552-rXw5SCGYl1PHYJgKaRVZ
3797,aapp_competition_test,0,597,1573,0,C:\Users\durgamaniryudh\Desktop\Learn\llm_eval\test\aapp_competition_test\3797\3797_gen_0.sv,mistralai/devstral-2512:free,stop,,gen-1766353553-2t52RY8HgnwaLYNY5m8k
744,mbpp_train,0,455,180,0,C:\Users\durgamaniryudh\Desktop\Learn\llm_eval\test\mbpp_train\744\744_gen_0.sv,mistralai/devstral-2512:free,stop,,gen-1766353574-JWR383ZJ2zFrCSrDo44x
66,human_eval_test,0,627,478,0,C:\Users\durgamaniryudh\Desktop\Learn\llm_eval\test\human_eval_test\66\66_gen_0.sv,mistralai/devstral-2512:free,stop,,gen-1766353572-pyxYwAj0vNZwC2me05uP
3149,aapp_competition_test,0,1061,1617,0,C:\Users\durgamaniryudh\Desktop\Learn\llm_eval\test\aapp_competition_test\3149\3149_gen_0.sv,mistralai/devstral-2512:free,stop,,gen-1766353563-2WgoiWcj8JcjVOvEIfyH
132,human_eval_test,0,672,526,0,C:\Users\durgamaniryudh\Desktop\Learn\llm_eval\test\human_eval_test\132\132_gen_0.sv,mistralai/devstral-2512:free,stop,,gen-1766353577-hJxTAtsTNdwdbiaaBCcY
118,human_eval_test,0,1616,580,0,C:\Users\durgamaniryudh\Desktop\Learn\llm_eval\test\human_eval_test\118\118_gen_0.sv,mistralai/devstral-2512:free,stop,,gen-1766353576-8hoDMD4n6cpbl7d1yfMF
3800,aapp_competition_test,0,1074,1442,0,C:\Users\durgamaniryudh\Desktop\Learn\llm_eval\test\aapp_competition_test\3800\3800_gen_0.sv,mistralai/devstral-2512:free,stop,,gen-1766353569-7MZELXyJFMsivhx2pbRx
89,mbpp_test,0,390,71,0,C:\Users\durgamaniryudh\Desktop\Learn\llm_eval\test\mbpp_test\89\89_gen_0.sv,mistralai/devstral-2512:free,stop,,gen-1766353591-UUAWPFQbtEEB3ZIQVOez
741,mbpp_train,0,595,567,0,C:\Users\durgamaniryudh\Desktop\Learn\llm_eval\test\mbpp_train\741\741_gen_0.sv,mistralai/devstral-2512:free,stop,,gen-1766353592-9reppDUvm55fxEPCPxh2
3803,aapp_competition_test,0,909,707,0,C:\Users\durgamaniryudh\Desktop\Learn\llm_eval\test\aapp_competition_test\3803\3803_gen_0.sv,mistralai/devstral-2512:free,stop,,gen-1766353585-6fqAZJXQAx1xXMUMGb8t
3257,aapp_competition_test,0,1732,2619,0,C:\Users\durgamaniryudh\Desktop\Learn\llm_eval\test\aapp_competition_test\3257\3257_gen_0.sv,mistralai/devstral-2512:free,stop,,gen-1766353565-cxf7IgbPrZOTEjOv5F58
3146,aapp_competition_test,0,986,1844,0,C:\Users\durgamaniryudh\Desktop\Learn\llm_eval\test\aapp_competition_test\3146\3146_gen_0.sv,mistralai/devstral-2512:free,stop,,gen-1766353584-EGosIN5m3aa65QMuIdFI
3230,aapp_competition_test,0,1301,2080,0,C:\Users\durgamaniryudh\Desktop\Learn\llm_eval\test\aapp_competition_test\3230\3230_gen_0.sv,mistralai/devstral-2512:free,stop,,gen-1766353585-W7S7Fv1eJBb5qoJFUyms
581,mbpp_validation,0,507,269,0,C:\Users\durgamaniryudh\Desktop\Learn\llm_eval\test\mbpp_validation\581\581_gen_0.sv,mistralai/devstral-2512:free,stop,,gen-1766353609-qrVlsXH7pTynnBPheoLz
248,mbpp_test,0,772,499,0,C:\Users\durgamaniryudh\Desktop\Learn\llm_eval\test\mbpp_test\248\248_gen_0.sv,mistralai/devstral-2512:free,stop,,gen-1766353605-4AK3sZvZPDCoeUwiIjLW
411,mbpp_test,0,623,941,0,C:\Users\durgamaniryudh\Desktop\Learn\llm_eval\test\mbpp_test\411\411_gen_0.sv,mistralai/devstral-2512:free,stop,,gen-1766353601-nJA7dBJ8gwe013FxIYds
414,mbpp_test,0,568,195,0,C:\Users\durgamaniryudh\Desktop\Learn\llm_eval\test\mbpp_test\414\414_gen_0.sv,mistralai/devstral-2512:free,stop,,gen-1766353613-avS6JbBAtmnCiJtHXDaC
237,mbpp_test,0,1311,1147,0,C:\Users\durgamaniryudh\Desktop\Learn\llm_eval\test\mbpp_test\237\237_gen_0.sv,mistralai/devstral-2512:free,stop,,gen-1766353613-w009VBRWypeOyZc1UDAT
583,mbpp_validation,0,624,541,0,C:\Users\durgamaniryudh\Desktop\Learn\llm_eval\test\mbpp_validation\583\583_gen_0.sv,mistralai/devstral-2512:free,stop,,gen-1766353616-gC1w6F7sjBNSKnfvjgmr
3011,aapp_competition_test,0,823,1371,0,C:\Users\durgamaniryudh\Desktop\Learn\llm_eval\test\aapp_competition_test\3011\3011_gen_0.sv,mistralai/devstral-2512:free,stop,,gen-1766353617-Hvmyc1BZcw1QVBr7GPqE
420,mbpp_test,0,598,587,0,C:\Users\durgamaniryudh\Desktop\Learn\llm_eval\test\mbpp_test\420\420_gen_0.sv,mistralai/devstral-2512:free,stop,,gen-1766353628-ToAU4gPorG7e9oBJbqEy
249,mbpp_test,0,658,473,0,C:\Users\durgamaniryudh\Desktop\Learn\llm_eval\test\mbpp_test\249\249_gen_0.sv,mistralai/devstral-2512:free,stop,,gen-1766353625-DbAVYOdZFZ4bfI10N1WF
3004,aapp_competition_test,0,962,1944,0,C:\Users\durgamaniryudh\Desktop\Learn\llm_eval\test\aapp_competition_test\3004\3004_gen_0.sv,mistralai/devstral-2512:free,stop,,gen-1766353609-wKPtWB0pPN624wkyMvx4
580,mbpp_validation,0,629,948,0,C:\Users\durgamaniryudh\Desktop\Learn\llm_eval\test\mbpp_validation\580\580_gen_0.sv,mistralai/devstral-2512:free,stop,,gen-1766353636-hsN4OhBcFJ2Y81PgSo4y
247,mbpp_test,0,720,964,0,C:\Users\durgamaniryudh\Desktop\Learn\llm_eval\test\mbpp_test\247\247_gen_0.sv,mistralai/devstral-2512:free,stop,,gen-1766353642-aCFaU4pvXlyLavzw7rkE
419,mbpp_test,0,645,862,0,C:\Users\durgamaniryudh\Desktop\Learn\llm_eval\test\mbpp_test\419\419_gen_0.sv,mistralai/devstral-2512:free,stop,,gen-1766353644-jIeyGpwy6TwSHVU01seB
257,mbpp_test,0,401,83,0,C:\Users\durgamaniryudh\Desktop\Learn\llm_eval\test\mbpp_test\257\257_gen_0.sv,mistralai/devstral-2512:free,stop,,gen-1766353659-kAdxIHKvEC3WzCRUmVz3
422,mbpp_test,0,612,607,0,C:\Users\durgamaniryudh\Desktop\Learn\llm_eval\test\mbpp_test\422\422_gen_0.sv,mistralai/devstral-2512:free,stop,,gen-1766353663-YPBrUWbPNgPRs4ZJ4dUq
584,mbpp_validation,0,622,847,0,C:\Users\durgamaniryudh\Desktop\Learn\llm_eval\test\mbpp_validation\584\584_gen_0.sv,mistralai/devstral-2512:free,stop,,gen-1766353653-Wj0xSdtSpSmc4UHZka4X
578,mbpp_validation,0,769,1029,0,C:\Users\durgamaniryudh\Desktop\Learn\llm_eval\test\mbpp_validation\578\578_gen_0.sv,mistralai/devstral-2512:free,stop,,gen-1766353671-1AyMNqS8dQTzEVnksTYg
3000,aapp_competition_test,0,1718,1152,0,C:\Users\durgamaniryudh\Desktop\Learn\llm_eval\test\aapp_competition_test\3000\3000_gen_0.sv,mistralai/devstral-2512:free,stop,,gen-1766353608-g7pbQt91hsxQj7xIr5Ny
253,mbpp_test,0,542,192,0,C:\Users\durgamaniryudh\Desktop\Learn\llm_eval\test\mbpp_test\253\253_gen_0.sv,mistralai/devstral-2512:free,stop,,gen-1766353684-lWEX7gCoiQpvthJgxBpt
418,mbpp_test,0,467,371,0,C:\Users\durgamaniryudh\Desktop\Learn\llm_eval\test\mbpp_test\418\418_gen_0.sv,mistralai/devstral-2512:free,stop,,gen-1766353688-fn04I1G841NILPigAzz9
586,mbpp_validation,0,545,387,0,C:\Users\durgamaniryudh\Desktop\Learn\llm_eval\test\mbpp_validation\586\586_gen_0.sv,mistralai/devstral-2512:free,stop,,gen-1766353688-Zs9doa58FwIOIb3L1Z8Q
3013,aapp_competition_test,0,835,4790,0,C:\Users\durgamaniryudh\Desktop\Learn\llm_eval\test\aapp_competition_test\3013\3013_gen_0.sv,mistralai/devstral-2512:free,stop,,gen-1766353640-oTX7rILaQAN0D8T8hgVE
415,mbpp_test,0,761,473,0,C:\Users\durgamaniryudh\Desktop\Learn\llm_eval\test\mbpp_test\415\415_gen_0.sv,mistralai/devstral-2512:free,stop,,gen-1766353694-3laUKD7Rd8gB4Tr1tQvp
3413,aapp_competition_test,0,635,65536,0,C:\Users\durgamaniryudh\Desktop\Learn\llm_eval\test\aapp_competition_test\3413\3413_gen_0.sv,mistralai/devstral-2512:free,length,,gen-1766351385-JPXVTqBsQP9TOcCY2qI2
588,mbpp_validation,0,404,527,0,C:\Users\durgamaniryudh\Desktop\Learn\llm_eval\test\mbpp_validation\588\588_gen_0.sv,mistralai/devstral-2512:free,stop,,gen-1766353701-hEHYKuOTSYdZirve3TWP
251,mbpp_test,0,567,478,0,C:\Users\durgamaniryudh\Desktop\Learn\llm_eval\test\mbpp_test\251\251_gen_0.sv,mistralai/devstral-2512:free,stop,,gen-1766353698-GGV5vtuC2BtzEmVj86ZB
3010,aapp_competition_test,0,1133,3191,0,C:\Users\durgamaniryudh\Desktop\Learn\llm_eval\test\aapp_competition_test\3010\3010_gen_0.sv,mistralai/devstral-2512:free,stop,,gen-1766353655-8aOrshVBx1yv46wyOKga
587,mbpp_validation,0,555,439,0,C:\Users\durgamaniryudh\Desktop\Learn\llm_eval\test\mbpp_validation\587\587_gen_0.sv,mistralai/devstral-2512:free,stop,,gen-1766353711-1nOlmVq30jnaXK0aBHtA
261,mbpp_test,0,566,145,0,C:\Users\durgamaniryudh\Desktop\Learn\llm_eval\test\mbpp_test\261\261_gen_0.sv,mistralai/devstral-2512:free,stop,,gen-1766353717-xiX5V1NwAM4HWqdT1uLl
3018,aapp_competition_test,0,594,2369,0,C:\Users\durgamaniryudh\Desktop\Learn\llm_eval\test\aapp_competition_test\3018\3018_gen_0.sv,mistralai/devstral-2512:free,stop,,gen-1766353678-iCbzfLtynoW9dtPIjovn
421,mbpp_test,0,990,601,0,C:\Users\durgamaniryudh\Desktop\Learn\llm_eval\test\mbpp_test\421\421_gen_0.sv,mistralai/devstral-2512:free,stop,,gen-1766353701-fo7F6nFwkhD0RrokC5vY
256,mbpp_test,0,737,971,0,C:\Users\durgamaniryudh\Desktop\Learn\llm_eval\test\mbpp_test\256\256_gen_0.sv,mistralai/devstral-2512:free,stop,,gen-1766353708-LJVr7toUkcbd7SQhx34x
592,mbpp_validation,0,583,318,0,C:\Users\durgamaniryudh\Desktop\Learn\llm_eval\test\mbpp_validation\592\592_gen_0.sv,mistralai/devstral-2512:free,stop,,gen-1766353722-VcOZmZtQHe3MjCgE53nE
3017,aapp_competition_test,0,830,1027,0,C:\Users\durgamaniryudh\Desktop\Learn\llm_eval\test\aapp_competition_test\3017\3017_gen_0.sv,mistralai/devstral-2512:free,stop,,gen-1766353696-yyCTaK3aOTjKqNflDJYF
426,mbpp_test,0,453,229,0,C:\Users\durgamaniryudh\Desktop\Learn\llm_eval\test\mbpp_test\426\426_gen_0.sv,mistralai/devstral-2512:free,stop,,gen-1766353729-GU66w8rUy1InY9HN5cJX
424,mbpp_test,0,691,630,0,C:\Users\durgamaniryudh\Desktop\Learn\llm_eval\test\mbpp_test\424\424_gen_0.sv,mistralai/devstral-2512:free,stop,,gen-1766353721-gYHWKBqUPQVBmRYjVUCR
266,mbpp_test,0,438,96,0,C:\Users\durgamaniryudh\Desktop\Learn\llm_eval\test\mbpp_test\266\266_gen_0.sv,mistralai/devstral-2512:free,stop,,gen-1766353733-DopPctawjZ7s0HWFP2ui
3015,aapp_competition_test,0,894,974,0,C:\Users\durgamaniryudh\Desktop\Learn\llm_eval\test\aapp_competition_test\3015\3015_gen_0.sv,mistralai/devstral-2512:free,stop,,gen-1766353720-eIfxI1xNV1YKQNPgnGRV
255,mbpp_test,0,719,735,0,C:\Users\durgamaniryudh\Desktop\Learn\llm_eval\test\mbpp_test\255\255_gen_0.sv,mistralai/devstral-2512:free,stop,,gen-1766353725-aAZNkRHZzsmRjOfncL9m
573,mbpp_validation,0,4182,412,0,C:\Users\durgamaniryudh\Desktop\Learn\llm_eval\test\mbpp_validation\573\573_gen_0.sv,mistralai/devstral-2512:free,stop,,gen-1766353732-lDPhvMg2RFrDaiqYG0iN
264,mbpp_test,0,499,136,0,C:\Users\durgamaniryudh\Desktop\Learn\llm_eval\test\mbpp_test\264\264_gen_0.sv,mistralai/devstral-2512:free,stop,,gen-1766353737-ivESveIEpeUR13wpxW3V
3019,aapp_competition_test,0,793,1874,0,C:\Users\durgamaniryudh\Desktop\Learn\llm_eval\test\aapp_competition_test\3019\3019_gen_0.sv,mistralai/devstral-2512:free,stop,,gen-1766353706-oIvrDzTSnu22fkyg9DaZ
3355,aapp_competition_test,0,1044,65536,0,C:\Users\durgamaniryudh\Desktop\Learn\llm_eval\test\aapp_competition_test\3355\3355_gen_0.sv,mistralai/devstral-2512:free,length,,gen-1766349951-lJU3SLDhgu14kN7kkyEP
591,mbpp_validation,0,637,574,0,C:\Users\durgamaniryudh\Desktop\Learn\llm_eval\test\mbpp_validation\591\591_gen_0.sv,mistralai/devstral-2512:free,stop,,gen-1766353744-9vePRkJJF2U2Dh9eGiri
589,mbpp_validation,0,771,1299,0,C:\Users\durgamaniryudh\Desktop\Learn\llm_eval\test\mbpp_validation\589\589_gen_0.sv,mistralai/devstral-2512:free,stop,,gen-1766353737-52G49lmNhbi607PqU5F3
428,mbpp_test,0,805,1573,0,C:\Users\durgamaniryudh\Desktop\Learn\llm_eval\test\mbpp_test\428\428_gen_0.sv,mistralai/devstral-2512:free,stop,,gen-1766353735-3UqgehaFdwDUiCwl0tfJ
3024,aapp_competition_test,0,821,960,0,C:\Users\durgamaniryudh\Desktop\Learn\llm_eval\test\aapp_competition_test\3024\3024_gen_0.sv,mistralai/devstral-2512:free,stop,,gen-1766353741-5LcQbdeK9LA0xEgaXtK9
3016,aapp_competition_test,0,840,2451,0,C:\Users\durgamaniryudh\Desktop\Learn\llm_eval\test\aapp_competition_test\3016\3016_gen_0.sv,mistralai/devstral-2512:free,stop,,gen-1766353731-KdTbHQPXZh1xry4SSBeI
417,mbpp_test,0,844,1859,0,C:\Users\durgamaniryudh\Desktop\Learn\llm_eval\test\mbpp_test\417\417_gen_0.sv,mistralai/devstral-2512:free,stop,,gen-1766353739-dTTjqzhu49Ija2UVdzGP
260,mbpp_test,0,835,660,0,C:\Users\durgamaniryudh\Desktop\Learn\llm_eval\test\mbpp_test\260\260_gen_0.sv,mistralai/devstral-2512:free,stop,,gen-1766353762-PqZR1jNCqYKbpYeb01NS
425,mbpp_test,0,649,795,0,C:\Users\durgamaniryudh\Desktop\Learn\llm_eval\test\mbpp_test\425\425_gen_0.sv,mistralai/devstral-2512:free,stop,,gen-1766353762-8rhbtOwBLfmi9EkEGCNw
427,mbpp_test,0,813,1190,0,C:\Users\durgamaniryudh\Desktop\Learn\llm_eval\test\mbpp_test\427\427_gen_0.sv,mistralai/devstral-2512:free,stop,,gen-1766353754-SYkM4CIXoBnKWYnSh31e
267,mbpp_test,0,586,126,0,C:\Users\durgamaniryudh\Desktop\Learn\llm_eval\test\mbpp_test\267\267_gen_0.sv,mistralai/devstral-2512:free,stop,,gen-1766353778-LVZfoMCz4CSZSmrpnBCF
593,mbpp_validation,0,619,1201,0,C:\Users\durgamaniryudh\Desktop\Learn\llm_eval\test\mbpp_validation\593\593_gen_0.sv,mistralai/devstral-2512:free,stop,,gen-1766353761-n9Re8vDizobEFHQGLxMW
430,mbpp_test,0,481,156,0,C:\Users\durgamaniryudh\Desktop\Learn\llm_eval\test\mbpp_test\430\430_gen_0.sv,mistralai/devstral-2512:free,stop,,gen-1766353780-wXlocDlQLgRcDR1HJUUo
3268,aapp_competition_test,0,1077,49564,0,C:\Users\durgamaniryudh\Desktop\Learn\llm_eval\test\aapp_competition_test\3268\3268_gen_0.sv,mistralai/devstral-2512:free,,,gen-1766350698-ZZQ1QGH1Anwb3kqHUCO6
3014,aapp_competition_test,0,777,1438,0,C:\Users\durgamaniryudh\Desktop\Learn\llm_eval\test\aapp_competition_test\3014\3014_gen_0.sv,mistralai/devstral-2512:free,stop,,gen-1766353757-QMY2ZH7mpWTEKpdlKaY9
259,mbpp_test,0,493,209,0,C:\Users\durgamaniryudh\Desktop\Learn\llm_eval\test\mbpp_test\259\259_gen_0.sv,mistralai/devstral-2512:free,stop,,gen-1766353786-q8y28GM1vecgBA8YB7rP
429,mbpp_test,0,769,243,0,C:\Users\durgamaniryudh\Desktop\Learn\llm_eval\test\mbpp_test\429\429_gen_0.sv,mistralai/devstral-2512:free,stop,,gen-1766353789-1ANF04kr1pOtzsH41zTu
594,mbpp_validation,0,685,929,0,C:\Users\durgamaniryudh\Desktop\Learn\llm_eval\test\mbpp_validation\594\594_gen_0.sv,mistralai/devstral-2512:free,stop,,gen-1766353783-wzWJ8WDthjwzzL0lPbrI
595,mbpp_validation,0,690,303,0,C:\Users\durgamaniryudh\Desktop\Learn\llm_eval\test\mbpp_validation\595\595_gen_0.sv,mistralai/devstral-2512:free,stop,,gen-1766353793-g5uvqPJ5FxureT71bXUx
3020,aapp_competition_test,0,1265,1213,0,C:\Users\durgamaniryudh\Desktop\Learn\llm_eval\test\aapp_competition_test\3020\3020_gen_0.sv,mistralai/devstral-2512:free,stop,,gen-1766353737-h2pCMDco2itIam01wwK5
431,mbpp_test,0,614,193,0,C:\Users\durgamaniryudh\Desktop\Learn\llm_eval\test\mbpp_test\431\431_gen_0.sv,mistralai/devstral-2512:free,stop,,gen-1766353796-FQkLS4KUur6ePm0tshJb
3026,aapp_competition_test,0,746,1733,0,C:\Users\durgamaniryudh\Desktop\Learn\llm_eval\test\aapp_competition_test\3026\3026_gen_0.sv,mistralai/devstral-2512:free,stop,,gen-1766353782-A3hZoAqXHGirrkFLHnBu
269,mbpp_test,0,463,55,0,C:\Users\durgamaniryudh\Desktop\Learn\llm_eval\test\mbpp_test\269\269_gen_0.sv,mistralai/devstral-2512:free,stop,,gen-1766353801-wYfzQ8oA7lFod43umeCz
433,mbpp_test,0,671,178,0,C:\Users\durgamaniryudh\Desktop\Learn\llm_eval\test\mbpp_test\433\433_gen_0.sv,mistralai/devstral-2512:free,stop,,gen-1766353802-rnxpgdWOsWx6FDg2blCK
262,mbpp_test,0,872,732,0,C:\Users\durgamaniryudh\Desktop\Learn\llm_eval\test\mbpp_test\262\262_gen_0.sv,mistralai/devstral-2512:free,stop,,gen-1766353798-keZhmry5pLZFgxvUDn8t
596,mbpp_validation,0,621,386,0,C:\Users\durgamaniryudh\Desktop\Learn\llm_eval\test\mbpp_validation\596\596_gen_0.sv,mistralai/devstral-2512:free,stop,,gen-1766353807-JfLlTaGQaLY1zyA2gsCV
585,mbpp_validation,0,968,1329,0,C:\Users\durgamaniryudh\Desktop\Learn\llm_eval\test\mbpp_validation\585\585_gen_0.sv,mistralai/devstral-2512:free,stop,,gen-1766353799-Kfjhbj7UfKN0H9XLJWrF
3025,aapp_competition_test,0,1071,2738,0,C:\Users\durgamaniryudh\Desktop\Learn\llm_eval\test\aapp_competition_test\3025\3025_gen_0.sv,mistralai/devstral-2512:free,stop,,gen-1766353773-g5pk0CcjBuhX5XOtW6rl
268,mbpp_test,0,491,190,0,C:\Users\durgamaniryudh\Desktop\Learn\llm_eval\test\mbpp_test\268\268_gen_0.sv,mistralai/devstral-2512:free,stop,,gen-1766353815-K1cZjME9DRaTbDEv6gB4
590,mbpp_validation,0,893,1702,0,C:\Users\durgamaniryudh\Desktop\Learn\llm_eval\test\mbpp_validation\590\590_gen_0.sv,mistralai/devstral-2512:free,stop,,gen-1766353773-cJqfEnuf3s2NITcFn6O1
432,mbpp_test,0,728,86,0,C:\Users\durgamaniryudh\Desktop\Learn\llm_eval\test\mbpp_test\432\432_gen_0.sv,mistralai/devstral-2512:free,stop,,gen-1766353817-N2BRWmx9mAXGLH6YqTX3
600,mbpp_validation,0,616,111,0,C:\Users\durgamaniryudh\Desktop\Learn\llm_eval\test\mbpp_validation\600\600_gen_0.sv,mistralai/devstral-2512:free,stop,,gen-1766353818-ouSk6wtAFcCwZzAHAT2M
271,mbpp_test,0,546,778,0,C:\Users\durgamaniryudh\Desktop\Learn\llm_eval\test\mbpp_test\271\271_gen_0.sv,mistralai/devstral-2512:free,stop,,gen-1766353819-F4KYLKzA8oxdPetlfjlp
252,mbpp_test,0,1702,1780,0,C:\Users\durgamaniryudh\Desktop\Learn\llm_eval\test\mbpp_test\252\252_gen_0.sv,mistralai/devstral-2512:free,stop,,gen-1766353752-nvT9zTMaKvCO4S96UBu4
435,mbpp_test,0,636,582,0,C:\Users\durgamaniryudh\Desktop\Learn\llm_eval\test\mbpp_test\435\435_gen_0.sv,mistralai/devstral-2512:free,stop,,gen-1766353818-64UoP6YAs1naTP2aQt49
3033,aapp_competition_test,0,834,1068,0,C:\Users\durgamaniryudh\Desktop\Learn\llm_eval\test\aapp_competition_test\3033\3033_gen_0.sv,mistralai/devstral-2512:free,stop,,gen-1766353817-Feto61l81bUYrhWO1HSE
3009,aapp_competition_test,0,1031,3225,0,C:\Users\durgamaniryudh\Desktop\Learn\llm_eval\test\aapp_competition_test\3009\3009_gen_0.sv,mistralai/devstral-2512:free,stop,,gen-1766353789-ghwgRE8o2W9BfsU5SW3R
273,mbpp_test,0,501,196,0,C:\Users\durgamaniryudh\Desktop\Learn\llm_eval\test\mbpp_test\273\273_gen_0.sv,mistralai/devstral-2512:free,stop,,gen-1766353835-Z2mUHYMgK8AG4I0vsb4C
3006,aapp_competition_test,0,785,2307,0,C:\Users\durgamaniryudh\Desktop\Learn\llm_eval\test\aapp_competition_test\3006\3006_gen_0.sv,mistralai/devstral-2512:free,stop,,gen-1766353805-af5Fa0idxl0Dt1LMWtM8
274,mbpp_test,0,582,67,0,C:\Users\durgamaniryudh\Desktop\Learn\llm_eval\test\mbpp_test\274\274_gen_0.sv,mistralai/devstral-2512:free,stop,,gen-1766353842-fCPKsr54e7nhf2N6eSdb
434,mbpp_test,0,682,700,0,C:\Users\durgamaniryudh\Desktop\Learn\llm_eval\test\mbpp_test\434\434_gen_0.sv,mistralai/devstral-2512:free,stop,,gen-1766353832-XRTvQZeI1atxgks5lO8a
598,mbpp_validation,0,959,1029,0,C:\Users\durgamaniryudh\Desktop\Learn\llm_eval\test\mbpp_validation\598\598_gen_0.sv,mistralai/devstral-2512:free,stop,,gen-1766353830-OO2NjK3foLcWPHE8HPwO
3031,aapp_competition_test,0,787,1473,0,C:\Users\durgamaniryudh\Desktop\Learn\llm_eval\test\aapp_competition_test\3031\3031_gen_0.sv,mistralai/devstral-2512:free,stop,,gen-1766353820-EWpEEkDrX8T87LFAIj7A
597,mbpp_validation,0,693,355,0,C:\Users\durgamaniryudh\Desktop\Learn\llm_eval\test\mbpp_validation\597\597_gen_0.sv,mistralai/devstral-2512:free,stop,,gen-1766353840-IiKpIsT8My59juFhOC2d
436,mbpp_test,0,461,302,0,C:\Users\durgamaniryudh\Desktop\Learn\llm_eval\test\mbpp_test\436\436_gen_0.sv,mistralai/devstral-2512:free,stop,,gen-1766353844-rIi601LZUu9RABSJ87kE
441,mbpp_test,0,441,60,0,C:\Users\durgamaniryudh\Desktop\Learn\llm_eval\test\mbpp_test\441\441_gen_0.sv,mistralai/devstral-2512:free,stop,,gen-1766353848-kUbMG0QqdrSkDOTBFLAj
270,mbpp_test,0,605,154,0,C:\Users\durgamaniryudh\Desktop\Learn\llm_eval\test\mbpp_test\270\270_gen_0.sv,mistralai/devstral-2512:free,stop,,gen-1766353850-tPkqoGhB29V0oxN0h6ls
437,mbpp_test,0,674,210,0,C:\Users\durgamaniryudh\Desktop\Learn\llm_eval\test\mbpp_test\437\437_gen_0.sv,mistralai/devstral-2512:free,stop,,gen-1766353843-Om5FiUNhzYnpJkHRLCc9
3029,aapp_competition_test,0,785,975,0,C:\Users\durgamaniryudh\Desktop\Learn\llm_eval\test\aapp_competition_test\3029\3029_gen_0.sv,mistralai/devstral-2512:free,stop,,gen-1766353840-JB6Wz3gj5Q7ph4tymSO0
3034,aapp_competition_test,0,1086,627,0,C:\Users\durgamaniryudh\Desktop\Learn\llm_eval\test\aapp_competition_test\3034\3034_gen_0.sv,mistralai/devstral-2512:free,stop,,gen-1766353848-h0gWmH57UyseyDBRxTx8
265,mbpp_test,0,755,988,0,C:\Users\durgamaniryudh\Desktop\Learn\llm_eval\test\mbpp_test\265\265_gen_0.sv,mistralai/devstral-2512:free,stop,,gen-1766353847-11NYIUTGSSfc8DP085CU
276,mbpp_test,0,699,349,0,C:\Users\durgamaniryudh\Desktop\Learn\llm_eval\test\mbpp_test\276\276_gen_0.sv,mistralai/devstral-2512:free,stop,,gen-1766353854-HNrblZYqeIrxrpPcD77e
3030,aapp_competition_test,0,793,1592,0,C:\Users\durgamaniryudh\Desktop\Learn\llm_eval\test\aapp_competition_test\3030\3030_gen_0.sv,mistralai/devstral-2512:free,stop,,gen-1766353834-TWSmEGjOWMO8Z7OcXGHu
3035,aapp_competition_test,0,896,1269,0,C:\Users\durgamaniryudh\Desktop\Learn\llm_eval\test\aapp_competition_test\3035\3035_gen_0.sv,mistralai/devstral-2512:free,stop,,gen-1766353845-1yY4Pn92gLpMVs0OGdgt
279,mbpp_test,0,544,112,0,C:\Users\durgamaniryudh\Desktop\Learn\llm_eval\test\mbpp_test\279\279_gen_0.sv,mistralai/devstral-2512:free,stop,,gen-1766353859-J5Qr3gaDVomxNwsksvHS
272,mbpp_test,0,495,188,0,C:\Users\durgamaniryudh\Desktop\Learn\llm_eval\test\mbpp_test\272\272_gen_0.sv,mistralai/devstral-2512:free,stop,,gen-1766353859-0aUqAaYOynGbjz8YuYOz
443,mbpp_test,0,588,770,0,C:\Users\durgamaniryudh\Desktop\Learn\llm_eval\test\mbpp_test\443\443_gen_0.sv,mistralai/devstral-2512:free,stop,,gen-1766353855-bpXBgzyfukEPD7BZSe8E
442,mbpp_test,0,900,226,0,C:\Users\durgamaniryudh\Desktop\Learn\llm_eval\test\mbpp_test\442\442_gen_0.sv,mistralai/devstral-2512:free,stop,,gen-1766353860-uDD1aFUnBPIhoR4RXgwg
284,mbpp_test,0,519,158,0,C:\Users\durgamaniryudh\Desktop\Learn\llm_eval\test\mbpp_test\284\284_gen_0.sv,mistralai/devstral-2512:free,stop,,gen-1766353862-ScPBSXeGh8rlMYeWahf8
447,mbpp_test,0,476,120,0,C:\Users\durgamaniryudh\Desktop\Learn\llm_eval\test\mbpp_test\447\447_gen_0.sv,mistralai/devstral-2512:free,stop,,gen-1766353863-KFimd34Ai1yKLTqpsUWE
3038,aapp_competition_test,0,910,1673,0,C:\Users\durgamaniryudh\Desktop\Learn\llm_eval\test\aapp_competition_test\3038\3038_gen_0.sv,mistralai/devstral-2512:free,stop,,gen-1766353853-hJ68sDV40S4fx9RffG2w
3040,aapp_competition_test,0,643,986,0,C:\Users\durgamaniryudh\Desktop\Learn\llm_eval\test\aapp_competition_test\3040\3040_gen_0.sv,mistralai/devstral-2512:free,stop,,gen-1766353859-0MeW8HhXSnCKTFuQzbtw
283,mbpp_test,0,664,980,0,C:\Users\durgamaniryudh\Desktop\Learn\llm_eval\test\mbpp_test\283\283_gen_0.sv,mistralai/devstral-2512:free,stop,,gen-1766353865-HmHnuSlwCoNW6cxA0JIN
446,mbpp_test,0,691,211,0,C:\Users\durgamaniryudh\Desktop\Learn\llm_eval\test\mbpp_test\446\446_gen_0.sv,mistralai/devstral-2512:free,stop,,gen-1766353878-KBA5ZnoeJ3fFzKQYoBEa
3041,aapp_competition_test,0,856,1065,0,C:\Users\durgamaniryudh\Desktop\Learn\llm_eval\test\aapp_competition_test\3041\3041_gen_0.sv,mistralai/devstral-2512:free,stop,,gen-1766353861-5p7QacJNk8VbzaUKuiKQ
281,mbpp_test,0,678,696,0,C:\Users\durgamaniryudh\Desktop\Learn\llm_eval\test\mbpp_test\281\281_gen_0.sv,mistralai/devstral-2512:free,stop,,gen-1766353876-cNoPUlpPu6mRDyYJrqwY
444,mbpp_test,0,748,1178,0,C:\Users\durgamaniryudh\Desktop\Learn\llm_eval\test\mbpp_test\444\444_gen_0.sv,mistralai/devstral-2512:free,stop,,gen-1766353864-w0FKdSZgaC2952OBhSS8
278,mbpp_test,0,728,365,0,C:\Users\durgamaniryudh\Desktop\Learn\llm_eval\test\mbpp_test\278\278_gen_0.sv,mistralai/devstral-2512:free,stop,,gen-1766353883-oM5SJXNGfPv1iYYWajTW
3048,aapp_competition_test,0,521,215,0,C:\Users\durgamaniryudh\Desktop\Learn\llm_eval\test\aapp_competition_test\3048\3048_gen_0.sv,mistralai/devstral-2512:free,stop,,gen-1766353886-0rhCATd7Cx7MVFYngUW8
3042,aapp_competition_test,0,902,1459,0,C:\Users\durgamaniryudh\Desktop\Learn\llm_eval\test\aapp_competition_test\3042\3042_gen_0.sv,mistralai/devstral-2512:free,stop,,gen-1766353871-LoWv6aLFFr9eLb3zV1ai
450,mbpp_test,0,626,418,0,C:\Users\durgamaniryudh\Desktop\Learn\llm_eval\test\mbpp_test\450\450_gen_0.sv,mistralai/devstral-2512:free,stop,,gen-1766353890-IB08InChyWTPXODf0Nz3
3044,aapp_competition_test,0,677,2465,0,C:\Users\durgamaniryudh\Desktop\Learn\llm_eval\test\aapp_competition_test\3044\3044_gen_0.sv,mistralai/devstral-2512:free,stop,,gen-1766353864-17xPMIbZCgeAcl0uc6Xb
439,mbpp_test,0,811,3285,0,C:\Users\durgamaniryudh\Desktop\Learn\llm_eval\test\mbpp_test\439\439_gen_0.sv,mistralai/devstral-2512:free,stop,,gen-1766353852-zu3tDxJT4hGn2c9qutLC
282,mbpp_test,0,572,136,0,C:\Users\durgamaniryudh\Desktop\Learn\llm_eval\test\mbpp_test\282\282_gen_0.sv,mistralai/devstral-2512:free,stop,,gen-1766353896-ef4N8ExYk0g81wPPul8G
440,mbpp_test,0,888,938,0,C:\Users\durgamaniryudh\Desktop\Learn\llm_eval\test\mbpp_test\440\440_gen_0.sv,mistralai/devstral-2512:free,stop,,gen-1766353886-8xGTrBwu1tp3d5OmQwOy
280,mbpp_test,0,1292,703,0,C:\Users\durgamaniryudh\Desktop\Learn\llm_eval\test\mbpp_test\280\280_gen_0.sv,mistralai/devstral-2512:free,stop,,gen-1766353889-WOulJwEGyS2sXfuy950B
452,mbpp_test,0,433,90,0,C:\Users\durgamaniryudh\Desktop\Learn\llm_eval\test\mbpp_test\452\452_gen_0.sv,mistralai/devstral-2512:free,stop,,gen-1766353899-8uV3qX5QRXzcTR4vHLHL
451,mbpp_test,0,558,228,0,C:\Users\durgamaniryudh\Desktop\Learn\llm_eval\test\mbpp_test\451\451_gen_0.sv,mistralai/devstral-2512:free,stop,,gen-1766353897-uBdYR1aY7mkzRPC0yjel
445,mbpp_test,0,596,145,0,C:\Users\durgamaniryudh\Desktop\Learn\llm_eval\test\mbpp_test\445\445_gen_0.sv,mistralai/devstral-2512:free,stop,,gen-1766353901-QUwgtZWOwJ5YEqEQqOYu
287,mbpp_test,0,510,145,0,C:\Users\durgamaniryudh\Desktop\Learn\llm_eval\test\mbpp_test\287\287_gen_0.sv,mistralai/devstral-2512:free,stop,,gen-1766353901-DcuUz9k8ptYUqZFk7HbV
3037,aapp_competition_test,0,753,1206,0,C:\Users\durgamaniryudh\Desktop\Learn\llm_eval\test\aapp_competition_test\3037\3037_gen_0.sv,mistralai/devstral-2512:free,stop,,gen-1766353892-qA0WrH0U21f3CYZM82Xh
3047,aapp_competition_test,0,1169,771,0,C:\Users\durgamaniryudh\Desktop\Learn\llm_eval\test\aapp_competition_test\3047\3047_gen_0.sv,mistralai/devstral-2512:free,stop,,gen-1766353897-hYmYQM4IHRoAUTM5fdEo
285,mbpp_test,0,771,1003,0,C:\Users\durgamaniryudh\Desktop\Learn\llm_eval\test\mbpp_test\285\285_gen_0.sv,mistralai/devstral-2512:free,stop,,gen-1766353898-kSkuDP4XUBv9aLthnhWc
3043,aapp_competition_test,0,980,1815,0,C:\Users\durgamaniryudh\Desktop\Learn\llm_eval\test\aapp_competition_test\3043\3043_gen_0.sv,mistralai/devstral-2512:free,stop,,gen-1766353882-iClnjouAPc7QKUMxK3OJ
3052,aapp_competition_test,0,697,812,0,C:\Users\durgamaniryudh\Desktop\Learn\llm_eval\test\aapp_competition_test\3052\3052_gen_0.sv,mistralai/devstral-2512:free,stop,,gen-1766353903-tW8kezAqsCyGQr1vYBQu
455,mbpp_test,0,525,118,0,C:\Users\durgamaniryudh\Desktop\Learn\llm_eval\test\mbpp_test\455\455_gen_0.sv,mistralai/devstral-2512:free,stop,,gen-1766353916-AJSGlNewf83W4t9Y8t1I
292,mbpp_test,0,358,228,0,C:\Users\durgamaniryudh\Desktop\Learn\llm_eval\test\mbpp_test\292\292_gen_0.sv,mistralai/devstral-2512:free,stop,,gen-1766353916-HLGG7dwnwsot3aI8sl4R
453,mbpp_test,0,624,1014,0,C:\Users\durgamaniryudh\Desktop\Learn\llm_eval\test\mbpp_test\453\453_gen_0.sv,mistralai/devstral-2512:free,stop,,gen-1766353910-5dThdfLpiqvCRSGD0zn6
277,mbpp_test,0,980,1058,0,C:\Users\durgamaniryudh\Desktop\Learn\llm_eval\test\mbpp_test\277\277_gen_0.sv,mistralai/devstral-2512:free,stop,,gen-1766353908-iych3qU4yIdt53VvH4B9
3064,aapp_competition_test,0,682,1126,0,C:\Users\durgamaniryudh\Desktop\Learn\llm_eval\test\aapp_competition_test\3064\3064_gen_0.sv,mistralai/devstral-2512:free,stop,,gen-1766353917-pcznwdkTtJOqGCcnuMwZ
291,mbpp_test,0,680,845,0,C:\Users\durgamaniryudh\Desktop\Learn\llm_eval\test\mbpp_test\291\291_gen_0.sv,mistralai/devstral-2512:free,stop,,gen-1766353918-zAbjD2DJwCXWsV2aEEsQ
3046,aapp_competition_test,0,917,1665,0,C:\Users\durgamaniryudh\Desktop\Learn\llm_eval\test\aapp_competition_test\3046\3046_gen_0.sv,mistralai/devstral-2512:free,stop,,gen-1766353899-GaF8CUA5atPSbAfgxXni
448,mbpp_test,0,716,778,0,C:\Users\durgamaniryudh\Desktop\Learn\llm_eval\test\mbpp_test\448\448_gen_0.sv,mistralai/devstral-2512:free,stop,,gen-1766353925-OWORnl0Ejd44zfrBcTaA
3049,aapp_competition_test,0,800,1366,0,C:\Users\durgamaniryudh\Desktop\Learn\llm_eval\test\aapp_competition_test\3049\3049_gen_0.sv,mistralai/devstral-2512:free,stop,,gen-1766353910-D6KkQOYaixl43Bv5bxMW
3050,aapp_competition_test,0,1062,1265,0,C:\Users\durgamaniryudh\Desktop\Learn\llm_eval\test\aapp_competition_test\3050\3050_gen_0.sv,mistralai/devstral-2512:free,stop,,gen-1766353920-SUMJCQHzmDZCOh64NDXq
3051,aapp_competition_test,0,1236,1126,0,C:\Users\durgamaniryudh\Desktop\Learn\llm_eval\test\aapp_competition_test\3051\3051_gen_0.sv,mistralai/devstral-2512:free,stop,,gen-1766353932-7bxaWh7EWjZgBUOyblif
286,mbpp_test,0,587,1079,0,C:\Users\durgamaniryudh\Desktop\Learn\llm_eval\test\mbpp_test\286\286_gen_0.sv,mistralai/devstral-2512:free,stop,,gen-1766353932-u2ncenHpp4A2gwGzISgO
454,mbpp_test,0,660,748,0,C:\Users\durgamaniryudh\Desktop\Learn\llm_eval\test\mbpp_test\454\454_gen_0.sv,mistralai/devstral-2512:free,stop,,gen-1766353924-R1llpqYFLsBxJMiv6WrT
3443,aapp_competition_test,0,663,65536,0,C:\Users\durgamaniryudh\Desktop\Learn\llm_eval\test\aapp_competition_test\3443\3443_gen_0.sv,mistralai/devstral-2512:free,length,,gen-1766351826-MC1lbGRiizLFNHgJ2q0H
3300,aapp_competition_test,0,829,65536,0,C:\Users\durgamaniryudh\Desktop\Learn\llm_eval\test\aapp_competition_test\3300\3300_gen_0.sv,mistralai/devstral-2512:free,length,,gen-1766351072-mc8QahirqnF2LUmeMBgm
3021,aapp_competition_test,0,1536,65536,0,C:\Users\durgamaniryudh\Desktop\Learn\llm_eval\test\aapp_competition_test\3021\3021_gen_0.sv,mistralai/devstral-2512:free,length,,gen-1766353799-e7AAsI8ONUqm3jzWsgVJ
