problem,iteration,input_tokens,output_tokens,reasoning_tokens,verilog_file,model_name,finish_reason,system_fingerprint,run_id
Prob154_fsm_ps2data,0,1490,3359,0,C:\Users\durgamaniryudh\Desktop\Learn\llm_eval\dataset_spec-to-rtl\test\Prob154_fsm_ps2data\Prob154_fsm_ps2data_gen_0.sv,x-ai/grok-code-fast-1,stop,,gen-1760473525-FiHtC6SyATfDoJ0J5UI8
Prob154_fsm_ps2data,1,1490,2388,0,C:\Users\durgamaniryudh\Desktop\Learn\llm_eval\dataset_spec-to-rtl\test\Prob154_fsm_ps2data\Prob154_fsm_ps2data_gen_1.sv,x-ai/grok-code-fast-1,stop,,gen-1760473552-P818mKl6O3bH6EckIvC4
Prob154_fsm_ps2data,2,1490,27685,0,C:\Users\durgamaniryudh\Desktop\Learn\llm_eval\dataset_spec-to-rtl\test\Prob154_fsm_ps2data\Prob154_fsm_ps2data_gen_2.sv,x-ai/grok-code-fast-1,stop,,gen-1760473565-3dyw1u8NwImFgEZEUZZH
Prob154_fsm_ps2data,4,1490,14328,0,C:\Users\durgamaniryudh\Desktop\Learn\llm_eval\dataset_spec-to-rtl\test\Prob154_fsm_ps2data\Prob154_fsm_ps2data_gen_4.sv,x-ai/grok-code-fast-1,stop,,gen-1760473886-fR5hnSXa6OMCNPOkAfEL
Prob154_fsm_ps2data,3,1490,9998,0,C:\Users\durgamaniryudh\Desktop\Learn\llm_eval\dataset_spec-to-rtl\test\Prob154_fsm_ps2data\Prob154_fsm_ps2data_gen_3.sv,x-ai/grok-code-fast-1,stop,,gen-1760473808-Xjb8QyWpxuK2nXfOxytV
Prob154_fsm_ps2data,8,1490,10901,0,C:\Users\durgamaniryudh\Desktop\Learn\llm_eval\dataset_spec-to-rtl\test\Prob154_fsm_ps2data\Prob154_fsm_ps2data_gen_8.sv,x-ai/grok-code-fast-1,stop,,gen-1760474145-CnhSaAGEvaaQuqFwk1Ig
Prob154_fsm_ps2data,5,1490,5303,0,C:\Users\durgamaniryudh\Desktop\Learn\llm_eval\dataset_spec-to-rtl\test\Prob154_fsm_ps2data\Prob154_fsm_ps2data_gen_5.sv,x-ai/grok-code-fast-1,stop,,gen-1760474022-OQ8fGROKnqCrXEkAmQy7
Prob154_fsm_ps2data,7,1490,5569,0,C:\Users\durgamaniryudh\Desktop\Learn\llm_eval\dataset_spec-to-rtl\test\Prob154_fsm_ps2data\Prob154_fsm_ps2data_gen_7.sv,x-ai/grok-code-fast-1,stop,,gen-1760474100-2UhjEhehMsVvHY4zqtpw
Prob154_fsm_ps2data,6,1490,3379,0,C:\Users\durgamaniryudh\Desktop\Learn\llm_eval\dataset_spec-to-rtl\test\Prob154_fsm_ps2data\Prob154_fsm_ps2data_gen_6.sv,x-ai/grok-code-fast-1,stop,,gen-1760474072-QAccHEJ4ibCLXHlf6wsc
Prob154_fsm_ps2data,9,1490,2017,0,C:\Users\durgamaniryudh\Desktop\Learn\llm_eval\dataset_spec-to-rtl\test\Prob154_fsm_ps2data\Prob154_fsm_ps2data_gen_9.sv,x-ai/grok-code-fast-1,stop,,gen-1760474232-r8fZmTQKWuP2UD6nuLOr
Prob068_countbcd,1,588,2545,0,C:\Users\durgamaniryudh\Desktop\Learn\llm_eval\dataset_spec-to-rtl\test\Prob068_countbcd\Prob068_countbcd_gen_1.sv,x-ai/grok-code-fast-1,stop,,gen-1760474277-NMFLVCiOFIhlcwSPcmuz
Prob068_countbcd,0,588,3153,0,C:\Users\durgamaniryudh\Desktop\Learn\llm_eval\dataset_spec-to-rtl\test\Prob068_countbcd\Prob068_countbcd_gen_0.sv,x-ai/grok-code-fast-1,stop,,gen-1760474251-3B5JD0LDwMwnYx6XWlcB
Prob068_countbcd,2,588,2538,0,C:\Users\durgamaniryudh\Desktop\Learn\llm_eval\dataset_spec-to-rtl\test\Prob068_countbcd\Prob068_countbcd_gen_2.sv,x-ai/grok-code-fast-1,stop,,gen-1760474297-M8wfHvlNrBcwm3Pnk4kQ
Prob068_countbcd,3,588,2985,0,C:\Users\durgamaniryudh\Desktop\Learn\llm_eval\dataset_spec-to-rtl\test\Prob068_countbcd\Prob068_countbcd_gen_3.sv,x-ai/grok-code-fast-1,stop,,gen-1760474315-7x5OoebxIo7lLGt9gUak
Prob068_countbcd,5,588,4098,0,C:\Users\durgamaniryudh\Desktop\Learn\llm_eval\dataset_spec-to-rtl\test\Prob068_countbcd\Prob068_countbcd_gen_5.sv,x-ai/grok-code-fast-1,stop,,gen-1760474366-jmOrqPCBC94PkLwrNZgY
Prob068_countbcd,4,588,4096,0,C:\Users\durgamaniryudh\Desktop\Learn\llm_eval\dataset_spec-to-rtl\test\Prob068_countbcd\Prob068_countbcd_gen_4.sv,x-ai/grok-code-fast-1,stop,,gen-1760474339-yQJAo3SPEvF7eRG5Nprp
Prob068_countbcd,8,588,2683,0,C:\Users\durgamaniryudh\Desktop\Learn\llm_eval\dataset_spec-to-rtl\test\Prob068_countbcd\Prob068_countbcd_gen_8.sv,x-ai/grok-code-fast-1,stop,,gen-1760474426-Q06HaB7BVmMZqv7M4ULV
Prob068_countbcd,7,588,1142,0,C:\Users\durgamaniryudh\Desktop\Learn\llm_eval\dataset_spec-to-rtl\test\Prob068_countbcd\Prob068_countbcd_gen_7.sv,x-ai/grok-code-fast-1,stop,,gen-1760474417-ib5IUhHEgSJGbkzd0yj0
Prob068_countbcd,6,588,2805,0,C:\Users\durgamaniryudh\Desktop\Learn\llm_eval\dataset_spec-to-rtl\test\Prob068_countbcd\Prob068_countbcd_gen_6.sv,x-ai/grok-code-fast-1,stop,,gen-1760474396-AW0cu05l99JBhCyEePw5
Prob068_countbcd,9,588,2384,0,C:\Users\durgamaniryudh\Desktop\Learn\llm_eval\dataset_spec-to-rtl\test\Prob068_countbcd\Prob068_countbcd_gen_9.sv,x-ai/grok-code-fast-1,stop,,gen-1760474447-b2HbRIEYML3DzgQavcyl
Prob030_popcount255,1,516,612,0,C:\Users\durgamaniryudh\Desktop\Learn\llm_eval\dataset_spec-to-rtl\test\Prob030_popcount255\Prob030_popcount255_gen_1.sv,x-ai/grok-code-fast-1,stop,,gen-1760474479-6f6qjuy7IcsBwMrhVTmG
Prob030_popcount255,3,516,717,0,C:\Users\durgamaniryudh\Desktop\Learn\llm_eval\dataset_spec-to-rtl\test\Prob030_popcount255\Prob030_popcount255_gen_3.sv,x-ai/grok-code-fast-1,stop,,gen-1760474511-ruxvrWZTGoNd6jvMi1bd
Prob030_popcount255,0,516,2137,0,C:\Users\durgamaniryudh\Desktop\Learn\llm_eval\dataset_spec-to-rtl\test\Prob030_popcount255\Prob030_popcount255_gen_0.sv,x-ai/grok-code-fast-1,stop,,gen-1760474463-B0qZGVyW91W4OMyEJVJv
Prob030_popcount255,2,516,3106,0,C:\Users\durgamaniryudh\Desktop\Learn\llm_eval\dataset_spec-to-rtl\test\Prob030_popcount255\Prob030_popcount255_gen_2.sv,x-ai/grok-code-fast-1,stop,,gen-1760474488-T78BTX3qay2TG1dOywgb
Prob030_popcount255,4,516,861,0,C:\Users\durgamaniryudh\Desktop\Learn\llm_eval\dataset_spec-to-rtl\test\Prob030_popcount255\Prob030_popcount255_gen_4.sv,x-ai/grok-code-fast-1,stop,,gen-1760474518-sfUoFFMwfOpSYE19REpQ
Prob030_popcount255,5,516,856,0,C:\Users\durgamaniryudh\Desktop\Learn\llm_eval\dataset_spec-to-rtl\test\Prob030_popcount255\Prob030_popcount255_gen_5.sv,x-ai/grok-code-fast-1,stop,,gen-1760474525-TBzGK65tFcVWM6XgIObY
Prob030_popcount255,7,516,856,0,C:\Users\durgamaniryudh\Desktop\Learn\llm_eval\dataset_spec-to-rtl\test\Prob030_popcount255\Prob030_popcount255_gen_7.sv,x-ai/grok-code-fast-1,stop,,gen-1760474559-bSrvLrPuDqfbsNS2oXJ0
Prob030_popcount255,9,516,793,0,C:\Users\durgamaniryudh\Desktop\Learn\llm_eval\dataset_spec-to-rtl\test\Prob030_popcount255\Prob030_popcount255_gen_9.sv,x-ai/grok-code-fast-1,stop,,gen-1760474575-6mJ3Do3wTg8NIro8U5ao
Prob030_popcount255,8,516,734,0,C:\Users\durgamaniryudh\Desktop\Learn\llm_eval\dataset_spec-to-rtl\test\Prob030_popcount255\Prob030_popcount255_gen_8.sv,x-ai/grok-code-fast-1,stop,,gen-1760474568-5h2ngVrZLKog0Ix76ok8
Prob030_popcount255,6,516,2288,0,C:\Users\durgamaniryudh\Desktop\Learn\llm_eval\dataset_spec-to-rtl\test\Prob030_popcount255\Prob030_popcount255_gen_6.sv,x-ai/grok-code-fast-1,stop,,gen-1760474533-M3FiRs6yO9qubavh0Zl3
Prob131_mt2015_q4,0,874,1484,0,C:\Users\durgamaniryudh\Desktop\Learn\llm_eval\dataset_spec-to-rtl\test\Prob131_mt2015_q4\Prob131_mt2015_q4_gen_0.sv,x-ai/grok-code-fast-1,stop,,gen-1760474584-YjU5kZvbvxPzbhV0WC8S
Prob131_mt2015_q4,2,874,1285,0,C:\Users\durgamaniryudh\Desktop\Learn\llm_eval\dataset_spec-to-rtl\test\Prob131_mt2015_q4\Prob131_mt2015_q4_gen_2.sv,x-ai/grok-code-fast-1,stop,,gen-1760474623-hEhue2MTejxDUDT9HvBO
Prob131_mt2015_q4,1,874,2779,0,C:\Users\durgamaniryudh\Desktop\Learn\llm_eval\dataset_spec-to-rtl\test\Prob131_mt2015_q4\Prob131_mt2015_q4_gen_1.sv,x-ai/grok-code-fast-1,stop,,gen-1760474597-M52udPU3N0GEYa7c1sGW
Prob131_mt2015_q4,4,874,3369,0,C:\Users\durgamaniryudh\Desktop\Learn\llm_eval\dataset_spec-to-rtl\test\Prob131_mt2015_q4\Prob131_mt2015_q4_gen_4.sv,x-ai/grok-code-fast-1,stop,,gen-1760474674-prAaf8yeFz2IJGQWA8If
Prob131_mt2015_q4,5,874,2185,0,C:\Users\durgamaniryudh\Desktop\Learn\llm_eval\dataset_spec-to-rtl\test\Prob131_mt2015_q4\Prob131_mt2015_q4_gen_5.sv,x-ai/grok-code-fast-1,stop,,gen-1760474707-6ZtVDpAymHINZH6unUIv
Prob131_mt2015_q4,3,874,3788,0,C:\Users\durgamaniryudh\Desktop\Learn\llm_eval\dataset_spec-to-rtl\test\Prob131_mt2015_q4\Prob131_mt2015_q4_gen_3.sv,x-ai/grok-code-fast-1,stop,,gen-1760474637-aB1pB9pEtPLeE1riNQZi
Prob131_mt2015_q4,6,874,2025,0,C:\Users\durgamaniryudh\Desktop\Learn\llm_eval\dataset_spec-to-rtl\test\Prob131_mt2015_q4\Prob131_mt2015_q4_gen_6.sv,x-ai/grok-code-fast-1,stop,,gen-1760474727-wYzYoRKmzFEXh7NPg7vN
Prob131_mt2015_q4,8,874,6494,0,C:\Users\durgamaniryudh\Desktop\Learn\llm_eval\dataset_spec-to-rtl\test\Prob131_mt2015_q4\Prob131_mt2015_q4_gen_8.sv,x-ai/grok-code-fast-1,stop,,gen-1760474760-mYrRbBveIQlfC2ABPJa4
Prob131_mt2015_q4,7,874,1316,0,C:\Users\durgamaniryudh\Desktop\Learn\llm_eval\dataset_spec-to-rtl\test\Prob131_mt2015_q4\Prob131_mt2015_q4_gen_7.sv,x-ai/grok-code-fast-1,stop,,gen-1760474748-Z9V6brKeHyaLvLhxOSXY
Prob131_mt2015_q4,9,874,2991,0,C:\Users\durgamaniryudh\Desktop\Learn\llm_eval\dataset_spec-to-rtl\test\Prob131_mt2015_q4\Prob131_mt2015_q4_gen_9.sv,x-ai/grok-code-fast-1,stop,,gen-1760474826-xMWtBqeSPVLqknmu5ytp
Prob153_gshare,2,1065,2018,0,C:\Users\durgamaniryudh\Desktop\Learn\llm_eval\dataset_spec-to-rtl\test\Prob153_gshare\Prob153_gshare_gen_2.sv,x-ai/grok-code-fast-1,stop,,gen-1760474906-lLjxV1D9pEDANxyBY4ED
Prob153_gshare,1,1065,3208,0,C:\Users\durgamaniryudh\Desktop\Learn\llm_eval\dataset_spec-to-rtl\test\Prob153_gshare\Prob153_gshare_gen_1.sv,x-ai/grok-code-fast-1,stop,,gen-1760474878-NHZVfvsFDEy6tQF8sG6k
Prob153_gshare,0,1065,3149,0,C:\Users\durgamaniryudh\Desktop\Learn\llm_eval\dataset_spec-to-rtl\test\Prob153_gshare\Prob153_gshare_gen_0.sv,x-ai/grok-code-fast-1,stop,,gen-1760474855-0zxQDwtYqMv0ur8Vfp66
Prob153_gshare,3,1065,2498,0,C:\Users\durgamaniryudh\Desktop\Learn\llm_eval\dataset_spec-to-rtl\test\Prob153_gshare\Prob153_gshare_gen_3.sv,x-ai/grok-code-fast-1,stop,,gen-1760474935-M0RfBQv6o53lNfrkfEFV
Prob153_gshare,4,1065,3402,0,C:\Users\durgamaniryudh\Desktop\Learn\llm_eval\dataset_spec-to-rtl\test\Prob153_gshare\Prob153_gshare_gen_4.sv,x-ai/grok-code-fast-1,stop,,gen-1760474959-utV9ZQfsbv2ugsIOU1LQ
Prob153_gshare,5,1065,3028,0,C:\Users\durgamaniryudh\Desktop\Learn\llm_eval\dataset_spec-to-rtl\test\Prob153_gshare\Prob153_gshare_gen_5.sv,x-ai/grok-code-fast-1,stop,,gen-1760474985-bbJLqwvOU7LbxPia1iFY
Prob153_gshare,8,1065,3048,0,C:\Users\durgamaniryudh\Desktop\Learn\llm_eval\dataset_spec-to-rtl\test\Prob153_gshare\Prob153_gshare_gen_8.sv,x-ai/grok-code-fast-1,stop,,gen-1760475070-A8uX4oaVPrHTF6iD370Q
Prob153_gshare,6,1065,3392,0,C:\Users\durgamaniryudh\Desktop\Learn\llm_eval\dataset_spec-to-rtl\test\Prob153_gshare\Prob153_gshare_gen_6.sv,x-ai/grok-code-fast-1,stop,,gen-1760475019-JRtcGxYujhaeHMl4CesV
Prob153_gshare,7,1065,2309,0,C:\Users\durgamaniryudh\Desktop\Learn\llm_eval\dataset_spec-to-rtl\test\Prob153_gshare\Prob153_gshare_gen_7.sv,x-ai/grok-code-fast-1,stop,,gen-1760475052-L9VId0f9p7VZEDQwWkMT
Prob153_gshare,9,1065,2284,0,C:\Users\durgamaniryudh\Desktop\Learn\llm_eval\dataset_spec-to-rtl\test\Prob153_gshare\Prob153_gshare_gen_9.sv,x-ai/grok-code-fast-1,stop,,gen-1760475093-H5GfBTJW8eNjc6fHUgtN
Prob139_2013_q2bfsm,0,768,3598,0,C:\Users\durgamaniryudh\Desktop\Learn\llm_eval\dataset_spec-to-rtl\test\Prob139_2013_q2bfsm\Prob139_2013_q2bfsm_gen_0.sv,x-ai/grok-code-fast-1,stop,,gen-1760475112-uNJD5wGXEsNQoPrpianH
Prob139_2013_q2bfsm,1,768,3445,0,C:\Users\durgamaniryudh\Desktop\Learn\llm_eval\dataset_spec-to-rtl\test\Prob139_2013_q2bfsm\Prob139_2013_q2bfsm_gen_1.sv,x-ai/grok-code-fast-1,stop,,gen-1760475139-qZ15XxevSFaxuWgzmsGO
Prob139_2013_q2bfsm,3,768,2083,0,C:\Users\durgamaniryudh\Desktop\Learn\llm_eval\dataset_spec-to-rtl\test\Prob139_2013_q2bfsm\Prob139_2013_q2bfsm_gen_3.sv,x-ai/grok-code-fast-1,stop,,gen-1760475199-8fqLoYrzCK2cIx4dkRFv
Prob139_2013_q2bfsm,2,768,3488,0,C:\Users\durgamaniryudh\Desktop\Learn\llm_eval\dataset_spec-to-rtl\test\Prob139_2013_q2bfsm\Prob139_2013_q2bfsm_gen_2.sv,x-ai/grok-code-fast-1,stop,,gen-1760475171-9lVWOn7vLlld8uWayqzZ
Prob139_2013_q2bfsm,4,768,3831,0,C:\Users\durgamaniryudh\Desktop\Learn\llm_eval\dataset_spec-to-rtl\test\Prob139_2013_q2bfsm\Prob139_2013_q2bfsm_gen_4.sv,x-ai/grok-code-fast-1,stop,,gen-1760475217-kflG1XHpXyI24PtrhuqI
Prob139_2013_q2bfsm,5,768,2758,0,C:\Users\durgamaniryudh\Desktop\Learn\llm_eval\dataset_spec-to-rtl\test\Prob139_2013_q2bfsm\Prob139_2013_q2bfsm_gen_5.sv,x-ai/grok-code-fast-1,stop,,gen-1760475250-eOF63brJOSlo8dZZK6oA
Prob139_2013_q2bfsm,8,768,3394,0,C:\Users\durgamaniryudh\Desktop\Learn\llm_eval\dataset_spec-to-rtl\test\Prob139_2013_q2bfsm\Prob139_2013_q2bfsm_gen_8.sv,x-ai/grok-code-fast-1,stop,,gen-1760475328-iVaHEGrl2MTtvTh7c99X
Prob139_2013_q2bfsm,7,768,2841,0,C:\Users\durgamaniryudh\Desktop\Learn\llm_eval\dataset_spec-to-rtl\test\Prob139_2013_q2bfsm\Prob139_2013_q2bfsm_gen_7.sv,x-ai/grok-code-fast-1,stop,,gen-1760475310-pinKN78jtP4kODpLox8B
Prob139_2013_q2bfsm,6,768,4531,0,C:\Users\durgamaniryudh\Desktop\Learn\llm_eval\dataset_spec-to-rtl\test\Prob139_2013_q2bfsm\Prob139_2013_q2bfsm_gen_6.sv,x-ai/grok-code-fast-1,stop,,gen-1760475276-CU2sqRh4ieZhDSEgFhNH
Prob139_2013_q2bfsm,9,768,2122,0,C:\Users\durgamaniryudh\Desktop\Learn\llm_eval\dataset_spec-to-rtl\test\Prob139_2013_q2bfsm\Prob139_2013_q2bfsm_gen_9.sv,x-ai/grok-code-fast-1,stop,,gen-1760475352-nVYzYgY3J7gegt1I2fbl
Prob074_ece241_2014_q4,2,632,886,0,C:\Users\durgamaniryudh\Desktop\Learn\llm_eval\dataset_spec-to-rtl\test\Prob074_ece241_2014_q4\Prob074_ece241_2014_q4_gen_2.sv,x-ai/grok-code-fast-1,stop,,gen-1760475392-IVptLSx6Hpl6bt2dAY8h
Prob074_ece241_2014_q4,0,632,967,0,C:\Users\durgamaniryudh\Desktop\Learn\llm_eval\dataset_spec-to-rtl\test\Prob074_ece241_2014_q4\Prob074_ece241_2014_q4_gen_0.sv,x-ai/grok-code-fast-1,stop,,gen-1760475371-FeL1EXZ5d4ibquLmi6zO
Prob074_ece241_2014_q4,4,632,949,0,C:\Users\durgamaniryudh\Desktop\Learn\llm_eval\dataset_spec-to-rtl\test\Prob074_ece241_2014_q4\Prob074_ece241_2014_q4_gen_4.sv,x-ai/grok-code-fast-1,stop,,gen-1760475415-Ycuy4S7SlBfglHWOcm5Q
Prob074_ece241_2014_q4,3,632,767,0,C:\Users\durgamaniryudh\Desktop\Learn\llm_eval\dataset_spec-to-rtl\test\Prob074_ece241_2014_q4\Prob074_ece241_2014_q4_gen_3.sv,x-ai/grok-code-fast-1,stop,,gen-1760475399-Sa9tM2f904Y36ivX0s45
Prob074_ece241_2014_q4,1,632,1348,0,C:\Users\durgamaniryudh\Desktop\Learn\llm_eval\dataset_spec-to-rtl\test\Prob074_ece241_2014_q4\Prob074_ece241_2014_q4_gen_1.sv,x-ai/grok-code-fast-1,stop,,gen-1760475380-ql5PEcJPQQtsamnIpuBq
Prob074_ece241_2014_q4,6,632,1125,0,C:\Users\durgamaniryudh\Desktop\Learn\llm_eval\dataset_spec-to-rtl\test\Prob074_ece241_2014_q4\Prob074_ece241_2014_q4_gen_6.sv,x-ai/grok-code-fast-1,stop,,gen-1760475429-ivMEdreIr3VNPI3X4sSn
Prob074_ece241_2014_q4,8,632,975,0,C:\Users\durgamaniryudh\Desktop\Learn\llm_eval\dataset_spec-to-rtl\test\Prob074_ece241_2014_q4\Prob074_ece241_2014_q4_gen_8.sv,x-ai/grok-code-fast-1,stop,,gen-1760475446-BwASWcN80pMIe9AgwMWN
Prob074_ece241_2014_q4,7,632,1213,0,C:\Users\durgamaniryudh\Desktop\Learn\llm_eval\dataset_spec-to-rtl\test\Prob074_ece241_2014_q4\Prob074_ece241_2014_q4_gen_7.sv,x-ai/grok-code-fast-1,stop,,gen-1760475436-bRiNqaOwWY5eZ3AOeHur
Prob074_ece241_2014_q4,9,632,742,0,C:\Users\durgamaniryudh\Desktop\Learn\llm_eval\dataset_spec-to-rtl\test\Prob074_ece241_2014_q4\Prob074_ece241_2014_q4_gen_9.sv,x-ai/grok-code-fast-1,stop,,gen-1760475453-9TwF6Maj1BKnjkH4bkRU
Prob074_ece241_2014_q4,5,632,484,0,C:\Users\durgamaniryudh\Desktop\Learn\llm_eval\dataset_spec-to-rtl\test\Prob074_ece241_2014_q4\Prob074_ece241_2014_q4_gen_5.sv,x-ai/grok-code-fast-1,stop,,gen-1760475424-kuwSygwMsdwRezApcAZo
Prob138_2012_q2fsm,4,692,756,0,C:\Users\durgamaniryudh\Desktop\Learn\llm_eval\dataset_spec-to-rtl\test\Prob138_2012_q2fsm\Prob138_2012_q2fsm_gen_4.sv,x-ai/grok-code-fast-1,stop,,gen-1760475501-7PvA7GOPHDW0Ws8zpO2l
Prob138_2012_q2fsm,5,692,1139,0,C:\Users\durgamaniryudh\Desktop\Learn\llm_eval\dataset_spec-to-rtl\test\Prob138_2012_q2fsm\Prob138_2012_q2fsm_gen_5.sv,x-ai/grok-code-fast-1,stop,,gen-1760475511-XTyEDNv7nnjb15z8mCAf
Prob138_2012_q2fsm,1,692,928,0,C:\Users\durgamaniryudh\Desktop\Learn\llm_eval\dataset_spec-to-rtl\test\Prob138_2012_q2fsm\Prob138_2012_q2fsm_gen_1.sv,x-ai/grok-code-fast-1,stop,,gen-1760475473-S8c9lOeTVVrKUgZtvRjW
Prob138_2012_q2fsm,3,692,715,0,C:\Users\durgamaniryudh\Desktop\Learn\llm_eval\dataset_spec-to-rtl\test\Prob138_2012_q2fsm\Prob138_2012_q2fsm_gen_3.sv,x-ai/grok-code-fast-1,stop,,gen-1760475489-vHsGgj28gzSsbMoEHac7
Prob138_2012_q2fsm,2,692,631,0,C:\Users\durgamaniryudh\Desktop\Learn\llm_eval\dataset_spec-to-rtl\test\Prob138_2012_q2fsm\Prob138_2012_q2fsm_gen_2.sv,x-ai/grok-code-fast-1,stop,,gen-1760475484-Fi7RP8jUx8On64bb6vkU
Prob138_2012_q2fsm,0,692,1237,0,C:\Users\durgamaniryudh\Desktop\Learn\llm_eval\dataset_spec-to-rtl\test\Prob138_2012_q2fsm\Prob138_2012_q2fsm_gen_0.sv,x-ai/grok-code-fast-1,stop,,gen-1760475462-vwRsp0CNh9MQtzhTAP07
Prob138_2012_q2fsm,6,692,479,0,C:\Users\durgamaniryudh\Desktop\Learn\llm_eval\dataset_spec-to-rtl\test\Prob138_2012_q2fsm\Prob138_2012_q2fsm_gen_6.sv,x-ai/grok-code-fast-1,stop,,gen-1760475518-e8WBaExPc90bfbHQiHra
Prob138_2012_q2fsm,9,692,935,0,C:\Users\durgamaniryudh\Desktop\Learn\llm_eval\dataset_spec-to-rtl\test\Prob138_2012_q2fsm\Prob138_2012_q2fsm_gen_9.sv,x-ai/grok-code-fast-1,stop,,gen-1760475553-l1qfmlYMZH120aIKkcQT
Prob138_2012_q2fsm,8,692,668,0,C:\Users\durgamaniryudh\Desktop\Learn\llm_eval\dataset_spec-to-rtl\test\Prob138_2012_q2fsm\Prob138_2012_q2fsm_gen_8.sv,x-ai/grok-code-fast-1,stop,,gen-1760475534-NYdH8E9Yzxl64uOXfiWZ
Prob138_2012_q2fsm,7,692,1111,0,C:\Users\durgamaniryudh\Desktop\Learn\llm_eval\dataset_spec-to-rtl\test\Prob138_2012_q2fsm\Prob138_2012_q2fsm_gen_7.sv,x-ai/grok-code-fast-1,stop,,gen-1760475522-sFjJipJvBoGhf0vlNW4X
Prob014_andgate,1,488,280,0,C:\Users\durgamaniryudh\Desktop\Learn\llm_eval\dataset_spec-to-rtl\test\Prob014_andgate\Prob014_andgate_gen_1.sv,x-ai/grok-code-fast-1,stop,,gen-1760475567-dOObDuf56VVhCsB3PNL7
Prob014_andgate,0,488,316,0,C:\Users\durgamaniryudh\Desktop\Learn\llm_eval\dataset_spec-to-rtl\test\Prob014_andgate\Prob014_andgate_gen_0.sv,x-ai/grok-code-fast-1,stop,,gen-1760475563-yiZW5Q1cjmKTB5zA4dps
Prob014_andgate,2,488,296,0,C:\Users\durgamaniryudh\Desktop\Learn\llm_eval\dataset_spec-to-rtl\test\Prob014_andgate\Prob014_andgate_gen_2.sv,x-ai/grok-code-fast-1,stop,,gen-1760475570-x6CkpClOKHTsK5xGltnV
Prob014_andgate,4,488,491,0,C:\Users\durgamaniryudh\Desktop\Learn\llm_eval\dataset_spec-to-rtl\test\Prob014_andgate\Prob014_andgate_gen_4.sv,x-ai/grok-code-fast-1,stop,,gen-1760475577-LdGOpcSSDB58p6I5CJjT
Prob014_andgate,3,488,361,0,C:\Users\durgamaniryudh\Desktop\Learn\llm_eval\dataset_spec-to-rtl\test\Prob014_andgate\Prob014_andgate_gen_3.sv,x-ai/grok-code-fast-1,stop,,gen-1760475573-YJJ0wVlYKJL5t6heN7k0
Prob014_andgate,5,488,357,0,C:\Users\durgamaniryudh\Desktop\Learn\llm_eval\dataset_spec-to-rtl\test\Prob014_andgate\Prob014_andgate_gen_5.sv,x-ai/grok-code-fast-1,stop,,gen-1760475581-ntxxHWA8gjKR3Gy1YnHR
Prob014_andgate,6,488,394,0,C:\Users\durgamaniryudh\Desktop\Learn\llm_eval\dataset_spec-to-rtl\test\Prob014_andgate\Prob014_andgate_gen_6.sv,x-ai/grok-code-fast-1,stop,,gen-1760475585-SZV5DCtIAoovxs3WSDRq
Prob014_andgate,7,488,418,0,C:\Users\durgamaniryudh\Desktop\Learn\llm_eval\dataset_spec-to-rtl\test\Prob014_andgate\Prob014_andgate_gen_7.sv,x-ai/grok-code-fast-1,stop,,gen-1760475591-tjpHVBStdlejdDAwXp29
Prob014_andgate,8,488,492,0,C:\Users\durgamaniryudh\Desktop\Learn\llm_eval\dataset_spec-to-rtl\test\Prob014_andgate\Prob014_andgate_gen_8.sv,x-ai/grok-code-fast-1,stop,,gen-1760475598-xukiIGUIeI5tFogMVnaT
Prob014_andgate,9,488,286,0,C:\Users\durgamaniryudh\Desktop\Learn\llm_eval\dataset_spec-to-rtl\test\Prob014_andgate\Prob014_andgate_gen_9.sv,x-ai/grok-code-fast-1,stop,,gen-1760475603-cPacWld4WQIRYY85IWLi
Prob120_fsm3s,0,602,1310,0,C:\Users\durgamaniryudh\Desktop\Learn\llm_eval\dataset_spec-to-rtl\test\Prob120_fsm3s\Prob120_fsm3s_gen_0.sv,x-ai/grok-code-fast-1,stop,,gen-1760475606-2NDffXzh3NQ1du5BSxoh
Prob120_fsm3s,1,602,1092,0,C:\Users\durgamaniryudh\Desktop\Learn\llm_eval\dataset_spec-to-rtl\test\Prob120_fsm3s\Prob120_fsm3s_gen_1.sv,x-ai/grok-code-fast-1,stop,,gen-1760475620-M6mt0SgVSUTGKvpmR1J8
Prob120_fsm3s,3,602,805,0,C:\Users\durgamaniryudh\Desktop\Learn\llm_eval\dataset_spec-to-rtl\test\Prob120_fsm3s\Prob120_fsm3s_gen_3.sv,x-ai/grok-code-fast-1,stop,,gen-1760475638-sIWJBYM8quNlfdvZmkIK
Prob120_fsm3s,2,602,601,0,C:\Users\durgamaniryudh\Desktop\Learn\llm_eval\dataset_spec-to-rtl\test\Prob120_fsm3s\Prob120_fsm3s_gen_2.sv,x-ai/grok-code-fast-1,stop,,gen-1760475632-wjmJiybse1ZvRviFzOeL
Prob120_fsm3s,4,602,704,0,C:\Users\durgamaniryudh\Desktop\Learn\llm_eval\dataset_spec-to-rtl\test\Prob120_fsm3s\Prob120_fsm3s_gen_4.sv,x-ai/grok-code-fast-1,stop,,gen-1760475647-FtfMFWstZYwpMECvZYUm
Prob120_fsm3s,5,602,866,0,C:\Users\durgamaniryudh\Desktop\Learn\llm_eval\dataset_spec-to-rtl\test\Prob120_fsm3s\Prob120_fsm3s_gen_5.sv,x-ai/grok-code-fast-1,stop,,gen-1760475655-1vSz3Avb4ankIoxkCnTv
Prob120_fsm3s,6,602,741,0,C:\Users\durgamaniryudh\Desktop\Learn\llm_eval\dataset_spec-to-rtl\test\Prob120_fsm3s\Prob120_fsm3s_gen_6.sv,x-ai/grok-code-fast-1,stop,,gen-1760475665-ZPEHcaXd6n0cMatdGnsE
Prob120_fsm3s,7,602,1035,0,C:\Users\durgamaniryudh\Desktop\Learn\llm_eval\dataset_spec-to-rtl\test\Prob120_fsm3s\Prob120_fsm3s_gen_7.sv,x-ai/grok-code-fast-1,stop,,gen-1760475673-gu5AeUGaZXFXodgaqTmb
Prob120_fsm3s,9,602,1016,0,C:\Users\durgamaniryudh\Desktop\Learn\llm_eval\dataset_spec-to-rtl\test\Prob120_fsm3s\Prob120_fsm3s_gen_9.sv,x-ai/grok-code-fast-1,stop,,gen-1760475694-LZ5j4XODfLreMKyWgMSY
Prob120_fsm3s,8,602,845,0,C:\Users\durgamaniryudh\Desktop\Learn\llm_eval\dataset_spec-to-rtl\test\Prob120_fsm3s\Prob120_fsm3s_gen_8.sv,x-ai/grok-code-fast-1,stop,,gen-1760475683-FuyGDoCSlun0NcvEBTh6
Prob084_ece241_2013_q12,2,714,597,0,C:\Users\durgamaniryudh\Desktop\Learn\llm_eval\dataset_spec-to-rtl\test\Prob084_ece241_2013_q12\Prob084_ece241_2013_q12_gen_2.sv,x-ai/grok-code-fast-1,stop,,gen-1760475727-0ECxvOnbrtIy14Tayr4y
Prob084_ece241_2013_q12,0,714,1736,0,C:\Users\durgamaniryudh\Desktop\Learn\llm_eval\dataset_spec-to-rtl\test\Prob084_ece241_2013_q12\Prob084_ece241_2013_q12_gen_0.sv,x-ai/grok-code-fast-1,stop,,gen-1760475701-cMpx1BldNGLdKy6Azmxq
Prob084_ece241_2013_q12,1,714,1223,0,C:\Users\durgamaniryudh\Desktop\Learn\llm_eval\dataset_spec-to-rtl\test\Prob084_ece241_2013_q12\Prob084_ece241_2013_q12_gen_1.sv,x-ai/grok-code-fast-1,stop,,gen-1760475716-nOzXf1LBrnPEDSxTmsUN
Prob084_ece241_2013_q12,3,714,943,0,C:\Users\durgamaniryudh\Desktop\Learn\llm_eval\dataset_spec-to-rtl\test\Prob084_ece241_2013_q12\Prob084_ece241_2013_q12_gen_3.sv,x-ai/grok-code-fast-1,stop,,gen-1760475732-XJMMs3Nfk6ypYOTqlJny
Prob084_ece241_2013_q12,5,714,1543,0,C:\Users\durgamaniryudh\Desktop\Learn\llm_eval\dataset_spec-to-rtl\test\Prob084_ece241_2013_q12\Prob084_ece241_2013_q12_gen_5.sv,x-ai/grok-code-fast-1,stop,,gen-1760475763-3pQIwvLB6VeXqFJ91jR3
Prob084_ece241_2013_q12,4,714,2038,0,C:\Users\durgamaniryudh\Desktop\Learn\llm_eval\dataset_spec-to-rtl\test\Prob084_ece241_2013_q12\Prob084_ece241_2013_q12_gen_4.sv,x-ai/grok-code-fast-1,stop,,gen-1760475741-Kd0gWmPG2Z8BaC7mgGRP
Prob084_ece241_2013_q12,6,714,651,0,C:\Users\durgamaniryudh\Desktop\Learn\llm_eval\dataset_spec-to-rtl\test\Prob084_ece241_2013_q12\Prob084_ece241_2013_q12_gen_6.sv,x-ai/grok-code-fast-1,stop,,gen-1760475777-tsxJl6jwm0yZ3vAj9xeC
Prob084_ece241_2013_q12,7,714,1536,0,C:\Users\durgamaniryudh\Desktop\Learn\llm_eval\dataset_spec-to-rtl\test\Prob084_ece241_2013_q12\Prob084_ece241_2013_q12_gen_7.sv,x-ai/grok-code-fast-1,stop,,gen-1760475784-anO03VwE4kQvCi1Q9lHX
Prob084_ece241_2013_q12,8,714,2257,0,C:\Users\durgamaniryudh\Desktop\Learn\llm_eval\dataset_spec-to-rtl\test\Prob084_ece241_2013_q12\Prob084_ece241_2013_q12_gen_8.sv,x-ai/grok-code-fast-1,stop,,gen-1760475796-R272Fq14kCvi5mlQNKxX
Prob084_ece241_2013_q12,9,714,1375,0,C:\Users\durgamaniryudh\Desktop\Learn\llm_eval\dataset_spec-to-rtl\test\Prob084_ece241_2013_q12\Prob084_ece241_2013_q12_gen_9.sv,x-ai/grok-code-fast-1,stop,,gen-1760475814-5kVgiDr8rUdgsTjeKUmy
Prob013_m2014_q4e,0,490,165,0,C:\Users\durgamaniryudh\Desktop\Learn\llm_eval\dataset_spec-to-rtl\test\Prob013_m2014_q4e\Prob013_m2014_q4e_gen_0.sv,x-ai/grok-code-fast-1,stop,,gen-1760475824-RoFov2aOTS7GN8Z3eIBD
Prob013_m2014_q4e,1,490,498,0,C:\Users\durgamaniryudh\Desktop\Learn\llm_eval\dataset_spec-to-rtl\test\Prob013_m2014_q4e\Prob013_m2014_q4e_gen_1.sv,x-ai/grok-code-fast-1,stop,,gen-1760475828-mqTYffa4wEaHgwHls6qV
Prob013_m2014_q4e,2,490,506,0,C:\Users\durgamaniryudh\Desktop\Learn\llm_eval\dataset_spec-to-rtl\test\Prob013_m2014_q4e\Prob013_m2014_q4e_gen_2.sv,x-ai/grok-code-fast-1,stop,,gen-1760475834-8uC0EkRqYUdjiOpDLppS
Prob013_m2014_q4e,5,490,471,0,C:\Users\durgamaniryudh\Desktop\Learn\llm_eval\dataset_spec-to-rtl\test\Prob013_m2014_q4e\Prob013_m2014_q4e_gen_5.sv,x-ai/grok-code-fast-1,stop,,gen-1760475854-6ZBYTXc9KvSP9w40SJvW
Prob013_m2014_q4e,3,490,405,0,C:\Users\durgamaniryudh\Desktop\Learn\llm_eval\dataset_spec-to-rtl\test\Prob013_m2014_q4e\Prob013_m2014_q4e_gen_3.sv,x-ai/grok-code-fast-1,stop,,gen-1760475838-cKAFd23bEKfCdI0HULY7
Prob013_m2014_q4e,6,490,296,0,C:\Users\durgamaniryudh\Desktop\Learn\llm_eval\dataset_spec-to-rtl\test\Prob013_m2014_q4e\Prob013_m2014_q4e_gen_6.sv,x-ai/grok-code-fast-1,stop,,gen-1760475859-ovSSDallFEnEjPTTeDFJ
Prob013_m2014_q4e,4,490,409,0,C:\Users\durgamaniryudh\Desktop\Learn\llm_eval\dataset_spec-to-rtl\test\Prob013_m2014_q4e\Prob013_m2014_q4e_gen_4.sv,x-ai/grok-code-fast-1,stop,,gen-1760475843-LpPSgKt8m32M32NpDOzM
Prob013_m2014_q4e,7,490,269,0,C:\Users\durgamaniryudh\Desktop\Learn\llm_eval\dataset_spec-to-rtl\test\Prob013_m2014_q4e\Prob013_m2014_q4e_gen_7.sv,x-ai/grok-code-fast-1,stop,,gen-1760475862-yzonRan8puA0qsKyeNVw
Prob013_m2014_q4e,8,490,584,0,C:\Users\durgamaniryudh\Desktop\Learn\llm_eval\dataset_spec-to-rtl\test\Prob013_m2014_q4e\Prob013_m2014_q4e_gen_8.sv,x-ai/grok-code-fast-1,stop,,gen-1760475865-hIELfhjx3MNFGn3Uovf2
Prob013_m2014_q4e,9,490,517,0,C:\Users\durgamaniryudh\Desktop\Learn\llm_eval\dataset_spec-to-rtl\test\Prob013_m2014_q4e\Prob013_m2014_q4e_gen_9.sv,x-ai/grok-code-fast-1,stop,,gen-1760475875-l6AJBpUArWfI2OKLpUHN
Prob037_review2015_count1k,0,540,783,0,C:\Users\durgamaniryudh\Desktop\Learn\llm_eval\dataset_spec-to-rtl\test\Prob037_review2015_count1k\Prob037_review2015_count1k_gen_0.sv,x-ai/grok-code-fast-1,stop,,gen-1760475880-ARmbyMw4NrxVahstiT2B
Prob037_review2015_count1k,1,540,632,0,C:\Users\durgamaniryudh\Desktop\Learn\llm_eval\dataset_spec-to-rtl\test\Prob037_review2015_count1k\Prob037_review2015_count1k_gen_1.sv,x-ai/grok-code-fast-1,stop,,gen-1760475889-A98YnfBd8TSCtMlr02KQ
Prob037_review2015_count1k,4,540,728,0,C:\Users\durgamaniryudh\Desktop\Learn\llm_eval\dataset_spec-to-rtl\test\Prob037_review2015_count1k\Prob037_review2015_count1k_gen_4.sv,x-ai/grok-code-fast-1,stop,,gen-1760475908-Z8zu0oSiVZ3G1yC09Ht8
Prob037_review2015_count1k,3,540,504,0,C:\Users\durgamaniryudh\Desktop\Learn\llm_eval\dataset_spec-to-rtl\test\Prob037_review2015_count1k\Prob037_review2015_count1k_gen_3.sv,x-ai/grok-code-fast-1,stop,,gen-1760475901-wHyPDzfjVLlXypquWqRT
Prob037_review2015_count1k,7,540,519,0,C:\Users\durgamaniryudh\Desktop\Learn\llm_eval\dataset_spec-to-rtl\test\Prob037_review2015_count1k\Prob037_review2015_count1k_gen_7.sv,x-ai/grok-code-fast-1,stop,,gen-1760475929-A4qV1KtZhCtcLvVpTo08
Prob037_review2015_count1k,2,540,398,0,C:\Users\durgamaniryudh\Desktop\Learn\llm_eval\dataset_spec-to-rtl\test\Prob037_review2015_count1k\Prob037_review2015_count1k_gen_2.sv,x-ai/grok-code-fast-1,stop,,gen-1760475896-ZPe0K8n7oeZPvP1D8qSe
Prob037_review2015_count1k,8,540,1032,0,C:\Users\durgamaniryudh\Desktop\Learn\llm_eval\dataset_spec-to-rtl\test\Prob037_review2015_count1k\Prob037_review2015_count1k_gen_8.sv,x-ai/grok-code-fast-1,stop,,gen-1760475936-45GfWeGsE2j26WjT4tYx
Prob037_review2015_count1k,6,540,533,0,C:\Users\durgamaniryudh\Desktop\Learn\llm_eval\dataset_spec-to-rtl\test\Prob037_review2015_count1k\Prob037_review2015_count1k_gen_6.sv,x-ai/grok-code-fast-1,stop,,gen-1760475923-pSn7hqJVrVcBEjztJIfA
Prob037_review2015_count1k,9,540,433,0,C:\Users\durgamaniryudh\Desktop\Learn\llm_eval\dataset_spec-to-rtl\test\Prob037_review2015_count1k\Prob037_review2015_count1k_gen_9.sv,x-ai/grok-code-fast-1,stop,,gen-1760475947-BH1gnBCPNsLzCe9vRKeI
Prob037_review2015_count1k,5,540,625,0,C:\Users\durgamaniryudh\Desktop\Learn\llm_eval\dataset_spec-to-rtl\test\Prob037_review2015_count1k\Prob037_review2015_count1k_gen_5.sv,x-ai/grok-code-fast-1,stop,,gen-1760475916-xzEDT2JeU4qxO1ofcnGh
Prob023_vector100r,2,496,843,0,C:\Users\durgamaniryudh\Desktop\Learn\llm_eval\dataset_spec-to-rtl\test\Prob023_vector100r\Prob023_vector100r_gen_2.sv,x-ai/grok-code-fast-1,stop,,gen-1760475967-JvObSPFLhZPAJa85rycV
Prob023_vector100r,3,496,369,0,C:\Users\durgamaniryudh\Desktop\Learn\llm_eval\dataset_spec-to-rtl\test\Prob023_vector100r\Prob023_vector100r_gen_3.sv,x-ai/grok-code-fast-1,stop,,gen-1760475978-MksVe707hKKIgEy7GIE6
Prob023_vector100r,0,496,602,0,C:\Users\durgamaniryudh\Desktop\Learn\llm_eval\dataset_spec-to-rtl\test\Prob023_vector100r\Prob023_vector100r_gen_0.sv,x-ai/grok-code-fast-1,stop,,gen-1760475953-eTF7StE1O5ZwflvBagJP
Prob023_vector100r,4,496,1309,0,C:\Users\durgamaniryudh\Desktop\Learn\llm_eval\dataset_spec-to-rtl\test\Prob023_vector100r\Prob023_vector100r_gen_4.sv,x-ai/grok-code-fast-1,stop,,gen-1760475982-tKnMDVuS7xNLvQpxohZy
Prob023_vector100r,1,496,952,0,C:\Users\durgamaniryudh\Desktop\Learn\llm_eval\dataset_spec-to-rtl\test\Prob023_vector100r\Prob023_vector100r_gen_1.sv,x-ai/grok-code-fast-1,stop,,gen-1760475958-BwBtHtCvbG1rPdOVnlai
Prob023_vector100r,5,496,560,0,C:\Users\durgamaniryudh\Desktop\Learn\llm_eval\dataset_spec-to-rtl\test\Prob023_vector100r\Prob023_vector100r_gen_5.sv,x-ai/grok-code-fast-1,stop,,gen-1760475994-JDb8j6qf60bDqWyRjXQj
Prob023_vector100r,6,496,582,0,C:\Users\durgamaniryudh\Desktop\Learn\llm_eval\dataset_spec-to-rtl\test\Prob023_vector100r\Prob023_vector100r_gen_6.sv,x-ai/grok-code-fast-1,stop,,gen-1760476000-hdlmEYljzCNXZwR79Ny4
Prob023_vector100r,9,496,1352,0,C:\Users\durgamaniryudh\Desktop\Learn\llm_eval\dataset_spec-to-rtl\test\Prob023_vector100r\Prob023_vector100r_gen_9.sv,x-ai/grok-code-fast-1,stop,,gen-1760476027-j30uq2tNden5q2fgz9Ii
Prob023_vector100r,7,496,522,0,C:\Users\durgamaniryudh\Desktop\Learn\llm_eval\dataset_spec-to-rtl\test\Prob023_vector100r\Prob023_vector100r_gen_7.sv,x-ai/grok-code-fast-1,stop,,gen-1760476005-rsfmv3Os04ulrOYf2I7t
Prob023_vector100r,8,496,1226,0,C:\Users\durgamaniryudh\Desktop\Learn\llm_eval\dataset_spec-to-rtl\test\Prob023_vector100r\Prob023_vector100r_gen_8.sv,x-ai/grok-code-fast-1,stop,,gen-1760476013-d1bOSWcGrVfDgRKzEO7F
Prob075_counter_2bc,1,630,960,0,C:\Users\durgamaniryudh\Desktop\Learn\llm_eval\dataset_spec-to-rtl\test\Prob075_counter_2bc\Prob075_counter_2bc_gen_1.sv,x-ai/grok-code-fast-1,stop,,gen-1760476052-hNPtS6BHPUa8DcZheKBI
Prob075_counter_2bc,2,630,651,0,C:\Users\durgamaniryudh\Desktop\Learn\llm_eval\dataset_spec-to-rtl\test\Prob075_counter_2bc\Prob075_counter_2bc_gen_2.sv,x-ai/grok-code-fast-1,stop,,gen-1760476061-bqmUoXkPBOimWYUuT3Vm
Prob075_counter_2bc,0,630,771,0,C:\Users\durgamaniryudh\Desktop\Learn\llm_eval\dataset_spec-to-rtl\test\Prob075_counter_2bc\Prob075_counter_2bc_gen_0.sv,x-ai/grok-code-fast-1,stop,,gen-1760476044-rp56ZVOUtAz6DizygO3y
Prob075_counter_2bc,3,630,906,0,C:\Users\durgamaniryudh\Desktop\Learn\llm_eval\dataset_spec-to-rtl\test\Prob075_counter_2bc\Prob075_counter_2bc_gen_3.sv,x-ai/grok-code-fast-1,stop,,gen-1760476068-kX7RUUNsUZolbiwb64a2
Prob075_counter_2bc,4,630,802,0,C:\Users\durgamaniryudh\Desktop\Learn\llm_eval\dataset_spec-to-rtl\test\Prob075_counter_2bc\Prob075_counter_2bc_gen_4.sv,x-ai/grok-code-fast-1,stop,,gen-1760476077-FqDXG9DqKH12gLDMduaG
Prob075_counter_2bc,7,630,667,0,C:\Users\durgamaniryudh\Desktop\Learn\llm_eval\dataset_spec-to-rtl\test\Prob075_counter_2bc\Prob075_counter_2bc_gen_7.sv,x-ai/grok-code-fast-1,stop,,gen-1760476110-Dme7AJnOUHKJr1cFNfyr
Prob075_counter_2bc,6,630,1544,0,C:\Users\durgamaniryudh\Desktop\Learn\llm_eval\dataset_spec-to-rtl\test\Prob075_counter_2bc\Prob075_counter_2bc_gen_6.sv,x-ai/grok-code-fast-1,stop,,gen-1760476095-T25wEk2mePbvXHN0SspM
Prob075_counter_2bc,8,630,1080,0,C:\Users\durgamaniryudh\Desktop\Learn\llm_eval\dataset_spec-to-rtl\test\Prob075_counter_2bc\Prob075_counter_2bc_gen_8.sv,x-ai/grok-code-fast-1,stop,,gen-1760476116-tuJPoFma7R2VbpVYJHPF
Prob075_counter_2bc,5,630,914,0,C:\Users\durgamaniryudh\Desktop\Learn\llm_eval\dataset_spec-to-rtl\test\Prob075_counter_2bc\Prob075_counter_2bc_gen_5.sv,x-ai/grok-code-fast-1,stop,,gen-1760476086-uq2kSd2TjGVZpWWqbxVv
Prob075_counter_2bc,9,630,1422,0,C:\Users\durgamaniryudh\Desktop\Learn\llm_eval\dataset_spec-to-rtl\test\Prob075_counter_2bc\Prob075_counter_2bc_gen_9.sv,x-ai/grok-code-fast-1,stop,,gen-1760476127-tsXxbflB4PAD5lKLPoSd
Prob099_m2014_q6c,1,749,1426,0,C:\Users\durgamaniryudh\Desktop\Learn\llm_eval\dataset_spec-to-rtl\test\Prob099_m2014_q6c\Prob099_m2014_q6c_gen_1.sv,x-ai/grok-code-fast-1,stop,,gen-1760476155-Yzt62TvAqTGeDoLMWof1
Prob099_m2014_q6c,2,749,1666,0,C:\Users\durgamaniryudh\Desktop\Learn\llm_eval\dataset_spec-to-rtl\test\Prob099_m2014_q6c\Prob099_m2014_q6c_gen_2.sv,x-ai/grok-code-fast-1,stop,,gen-1760476167-bCIRoM6RTO2To3phlCAh
Prob099_m2014_q6c,0,749,1618,0,C:\Users\durgamaniryudh\Desktop\Learn\llm_eval\dataset_spec-to-rtl\test\Prob099_m2014_q6c\Prob099_m2014_q6c_gen_0.sv,x-ai/grok-code-fast-1,stop,,gen-1760476142-j1xBJireRyeonIIPgRnD
Prob099_m2014_q6c,3,749,1251,0,C:\Users\durgamaniryudh\Desktop\Learn\llm_eval\dataset_spec-to-rtl\test\Prob099_m2014_q6c\Prob099_m2014_q6c_gen_3.sv,x-ai/grok-code-fast-1,stop,,gen-1760476182-pCPa0WunEOzR7d4psG2n
Prob099_m2014_q6c,4,749,1402,0,C:\Users\durgamaniryudh\Desktop\Learn\llm_eval\dataset_spec-to-rtl\test\Prob099_m2014_q6c\Prob099_m2014_q6c_gen_4.sv,x-ai/grok-code-fast-1,stop,,gen-1760476192-SwdluiRnDkmAzKgbfUE1
Prob099_m2014_q6c,5,749,868,0,C:\Users\durgamaniryudh\Desktop\Learn\llm_eval\dataset_spec-to-rtl\test\Prob099_m2014_q6c\Prob099_m2014_q6c_gen_5.sv,x-ai/grok-code-fast-1,stop,,gen-1760476202-4HrsUkh9CKNpJUysOBrN
Prob099_m2014_q6c,7,749,982,0,C:\Users\durgamaniryudh\Desktop\Learn\llm_eval\dataset_spec-to-rtl\test\Prob099_m2014_q6c\Prob099_m2014_q6c_gen_7.sv,x-ai/grok-code-fast-1,stop,,gen-1760476223-cUzy46U48JX9kV6RtYqx
Prob099_m2014_q6c,6,749,1457,0,C:\Users\durgamaniryudh\Desktop\Learn\llm_eval\dataset_spec-to-rtl\test\Prob099_m2014_q6c\Prob099_m2014_q6c_gen_6.sv,x-ai/grok-code-fast-1,stop,,gen-1760476213-Gm1OahFFbLnIZ0SEsZZ3
Prob099_m2014_q6c,8,749,1785,0,C:\Users\durgamaniryudh\Desktop\Learn\llm_eval\dataset_spec-to-rtl\test\Prob099_m2014_q6c\Prob099_m2014_q6c_gen_8.sv,x-ai/grok-code-fast-1,stop,,gen-1760476231-tYXkx6gqHDclOn8HVlRR
Prob099_m2014_q6c,9,749,913,0,C:\Users\durgamaniryudh\Desktop\Learn\llm_eval\dataset_spec-to-rtl\test\Prob099_m2014_q6c\Prob099_m2014_q6c_gen_9.sv,x-ai/grok-code-fast-1,stop,,gen-1760476245-KInU5NVXlYtUM2BAP4GU
Prob021_mux256to1v,0,568,490,0,C:\Users\durgamaniryudh\Desktop\Learn\llm_eval\dataset_spec-to-rtl\test\Prob021_mux256to1v\Prob021_mux256to1v_gen_0.sv,x-ai/grok-code-fast-1,stop,,gen-1760476254-xLzPduTX75c2XFTxOMtK
Prob021_mux256to1v,1,568,733,0,C:\Users\durgamaniryudh\Desktop\Learn\llm_eval\dataset_spec-to-rtl\test\Prob021_mux256to1v\Prob021_mux256to1v_gen_1.sv,x-ai/grok-code-fast-1,stop,,gen-1760476260-k136BhEMZRN89Rp4osAs
Prob021_mux256to1v,2,568,704,0,C:\Users\durgamaniryudh\Desktop\Learn\llm_eval\dataset_spec-to-rtl\test\Prob021_mux256to1v\Prob021_mux256to1v_gen_2.sv,x-ai/grok-code-fast-1,stop,,gen-1760476271-I9W0F2EAvZdkHxCb75Qd
Prob021_mux256to1v,3,568,1059,0,C:\Users\durgamaniryudh\Desktop\Learn\llm_eval\dataset_spec-to-rtl\test\Prob021_mux256to1v\Prob021_mux256to1v_gen_3.sv,x-ai/grok-code-fast-1,stop,,gen-1760476278-PYASkABcOrGawVTlBwx5
Prob021_mux256to1v,4,568,389,0,C:\Users\durgamaniryudh\Desktop\Learn\llm_eval\dataset_spec-to-rtl\test\Prob021_mux256to1v\Prob021_mux256to1v_gen_4.sv,x-ai/grok-code-fast-1,stop,,gen-1760476288-yta7WhA6BFoW8XEzC4RU
Prob021_mux256to1v,6,568,1333,0,C:\Users\durgamaniryudh\Desktop\Learn\llm_eval\dataset_spec-to-rtl\test\Prob021_mux256to1v\Prob021_mux256to1v_gen_6.sv,x-ai/grok-code-fast-1,stop,,gen-1760476303-b0DDL3PzKUpljG3TY4qw
Prob021_mux256to1v,7,568,1099,0,C:\Users\durgamaniryudh\Desktop\Learn\llm_eval\dataset_spec-to-rtl\test\Prob021_mux256to1v\Prob021_mux256to1v_gen_7.sv,x-ai/grok-code-fast-1,stop,,gen-1760476315-FjDS2S6ErmA2phWaDEPV
Prob021_mux256to1v,5,568,601,0,C:\Users\durgamaniryudh\Desktop\Learn\llm_eval\dataset_spec-to-rtl\test\Prob021_mux256to1v\Prob021_mux256to1v_gen_5.sv,x-ai/grok-code-fast-1,stop,,gen-1760476295-XfwfxGMuqNuar3ElxUEj
Prob021_mux256to1v,8,568,377,0,C:\Users\durgamaniryudh\Desktop\Learn\llm_eval\dataset_spec-to-rtl\test\Prob021_mux256to1v\Prob021_mux256to1v_gen_8.sv,x-ai/grok-code-fast-1,stop,,gen-1760476329-TdPNpxtCMC9Hifm9uRHq
Prob021_mux256to1v,9,568,670,0,C:\Users\durgamaniryudh\Desktop\Learn\llm_eval\dataset_spec-to-rtl\test\Prob021_mux256to1v\Prob021_mux256to1v_gen_9.sv,x-ai/grok-code-fast-1,stop,,gen-1760476334-0ltgmCS3rBxGGUIYAxUg
Prob149_ece241_2013_q4,1,830,2928,0,C:\Users\durgamaniryudh\Desktop\Learn\llm_eval\dataset_spec-to-rtl\test\Prob149_ece241_2013_q4\Prob149_ece241_2013_q4_gen_1.sv,x-ai/grok-code-fast-1,stop,,gen-1760476364-xoXs1XXRZ5fDsVFae8St
Prob149_ece241_2013_q4,3,830,3717,0,C:\Users\durgamaniryudh\Desktop\Learn\llm_eval\dataset_spec-to-rtl\test\Prob149_ece241_2013_q4\Prob149_ece241_2013_q4_gen_3.sv,x-ai/grok-code-fast-1,stop,,gen-1760476469-E5cbc1BuytApyGtbbD7G
Prob149_ece241_2013_q4,2,830,4745,0,C:\Users\durgamaniryudh\Desktop\Learn\llm_eval\dataset_spec-to-rtl\test\Prob149_ece241_2013_q4\Prob149_ece241_2013_q4_gen_2.sv,x-ai/grok-code-fast-1,stop,,gen-1760476385-usIOEYnF5xQRKVObkX07
Prob149_ece241_2013_q4,0,830,2692,0,C:\Users\durgamaniryudh\Desktop\Learn\llm_eval\dataset_spec-to-rtl\test\Prob149_ece241_2013_q4\Prob149_ece241_2013_q4_gen_0.sv,x-ai/grok-code-fast-1,stop,,gen-1760476341-OxiN3MXm5CJJnOH2JZDg
Prob149_ece241_2013_q4,4,830,5514,0,C:\Users\durgamaniryudh\Desktop\Learn\llm_eval\dataset_spec-to-rtl\test\Prob149_ece241_2013_q4\Prob149_ece241_2013_q4_gen_4.sv,x-ai/grok-code-fast-1,stop,,gen-1760476501-jFpTKojUrYElu2rucscP
Prob149_ece241_2013_q4,5,830,4081,0,C:\Users\durgamaniryudh\Desktop\Learn\llm_eval\dataset_spec-to-rtl\test\Prob149_ece241_2013_q4\Prob149_ece241_2013_q4_gen_5.sv,x-ai/grok-code-fast-1,stop,,gen-1760476544-GUiYxg7cKKjnjSSkRMPW
Prob149_ece241_2013_q4,6,830,3668,0,C:\Users\durgamaniryudh\Desktop\Learn\llm_eval\dataset_spec-to-rtl\test\Prob149_ece241_2013_q4\Prob149_ece241_2013_q4_gen_6.sv,x-ai/grok-code-fast-1,stop,,gen-1760476585-zmFrdsjkvU16LhSeqJGM
Prob149_ece241_2013_q4,7,830,2871,0,C:\Users\durgamaniryudh\Desktop\Learn\llm_eval\dataset_spec-to-rtl\test\Prob149_ece241_2013_q4\Prob149_ece241_2013_q4_gen_7.sv,x-ai/grok-code-fast-1,stop,,gen-1760476625-BHx2RCPBaJQ36NCpFqgv
Prob149_ece241_2013_q4,8,830,3630,0,C:\Users\durgamaniryudh\Desktop\Learn\llm_eval\dataset_spec-to-rtl\test\Prob149_ece241_2013_q4\Prob149_ece241_2013_q4_gen_8.sv,x-ai/grok-code-fast-1,stop,,gen-1760476661-l1EMyj4jNg50l5I9RXSh
Prob149_ece241_2013_q4,9,830,3086,0,C:\Users\durgamaniryudh\Desktop\Learn\llm_eval\dataset_spec-to-rtl\test\Prob149_ece241_2013_q4\Prob149_ece241_2013_q4_gen_9.sv,x-ai/grok-code-fast-1,stop,,gen-1760476692-sD5LzVipgQGwf701ykjj
Prob085_shift4,1,644,982,0,C:\Users\durgamaniryudh\Desktop\Learn\llm_eval\dataset_spec-to-rtl\test\Prob085_shift4\Prob085_shift4_gen_1.sv,x-ai/grok-code-fast-1,stop,,gen-1760476733-TTzxLX0nINr6sJJBYhIB
Prob085_shift4,0,644,729,0,C:\Users\durgamaniryudh\Desktop\Learn\llm_eval\dataset_spec-to-rtl\test\Prob085_shift4\Prob085_shift4_gen_0.sv,x-ai/grok-code-fast-1,stop,,gen-1760476718-cYedR9A41PRlUnstcQte
Prob085_shift4,4,644,575,0,C:\Users\durgamaniryudh\Desktop\Learn\llm_eval\dataset_spec-to-rtl\test\Prob085_shift4\Prob085_shift4_gen_4.sv,x-ai/grok-code-fast-1,stop,,gen-1760476765-dZvvvVOpf8RZMqMp4abr
Prob085_shift4,3,644,1308,0,C:\Users\durgamaniryudh\Desktop\Learn\llm_eval\dataset_spec-to-rtl\test\Prob085_shift4\Prob085_shift4_gen_3.sv,x-ai/grok-code-fast-1,stop,,gen-1760476746-xe3akfdk4YkAvUYdHlhJ
Prob085_shift4,2,644,425,0,C:\Users\durgamaniryudh\Desktop\Learn\llm_eval\dataset_spec-to-rtl\test\Prob085_shift4\Prob085_shift4_gen_2.sv,x-ai/grok-code-fast-1,stop,,gen-1760476742-XlVlUefahBXgTfBTQ3oB
Prob085_shift4,5,644,806,0,C:\Users\durgamaniryudh\Desktop\Learn\llm_eval\dataset_spec-to-rtl\test\Prob085_shift4\Prob085_shift4_gen_5.sv,x-ai/grok-code-fast-1,stop,,gen-1760476771-easqEgsIZkdmubD4Tohn
Prob085_shift4,8,644,874,0,C:\Users\durgamaniryudh\Desktop\Learn\llm_eval\dataset_spec-to-rtl\test\Prob085_shift4\Prob085_shift4_gen_8.sv,x-ai/grok-code-fast-1,stop,,gen-1760476800-hszwX1DBiAyPEG2kpuaH
Prob085_shift4,6,644,658,0,C:\Users\durgamaniryudh\Desktop\Learn\llm_eval\dataset_spec-to-rtl\test\Prob085_shift4\Prob085_shift4_gen_6.sv,x-ai/grok-code-fast-1,stop,,gen-1760476778-w2ZlaFKe7uxmC0KVzlnu
Prob085_shift4,7,644,1661,0,C:\Users\durgamaniryudh\Desktop\Learn\llm_eval\dataset_spec-to-rtl\test\Prob085_shift4\Prob085_shift4_gen_7.sv,x-ai/grok-code-fast-1,stop,,gen-1760476787-2VRL093TuDBVZxuaZYRF
Prob085_shift4,9,644,1026,0,C:\Users\durgamaniryudh\Desktop\Learn\llm_eval\dataset_spec-to-rtl\test\Prob085_shift4\Prob085_shift4_gen_9.sv,x-ai/grok-code-fast-1,stop,,gen-1760476812-essRCVMO1kubln6E9Ch2
Prob119_fsm3,0,611,627,0,C:\Users\durgamaniryudh\Desktop\Learn\llm_eval\dataset_spec-to-rtl\test\Prob119_fsm3\Prob119_fsm3_gen_0.sv,x-ai/grok-code-fast-1,stop,,gen-1760476825-ntrEabgn80l6Fa1yrD9P
Prob119_fsm3,1,611,724,0,C:\Users\durgamaniryudh\Desktop\Learn\llm_eval\dataset_spec-to-rtl\test\Prob119_fsm3\Prob119_fsm3_gen_1.sv,x-ai/grok-code-fast-1,stop,,gen-1760476833-zQtJQpWdPB2HSn8Jj1HP
Prob119_fsm3,2,611,1005,0,C:\Users\durgamaniryudh\Desktop\Learn\llm_eval\dataset_spec-to-rtl\test\Prob119_fsm3\Prob119_fsm3_gen_2.sv,x-ai/grok-code-fast-1,stop,,gen-1760476839-NLIEmoo7f4AZfnbZlukg
Prob119_fsm3,4,611,923,0,C:\Users\durgamaniryudh\Desktop\Learn\llm_eval\dataset_spec-to-rtl\test\Prob119_fsm3\Prob119_fsm3_gen_4.sv,x-ai/grok-code-fast-1,stop,,gen-1760476872-Hi4qApc2UZCqMF4z0J7j
Prob119_fsm3,3,611,1064,0,C:\Users\durgamaniryudh\Desktop\Learn\llm_eval\dataset_spec-to-rtl\test\Prob119_fsm3\Prob119_fsm3_gen_3.sv,x-ai/grok-code-fast-1,stop,,gen-1760476851-jucruamXd7N9pVmKPfmA
Prob119_fsm3,6,611,1056,0,C:\Users\durgamaniryudh\Desktop\Learn\llm_eval\dataset_spec-to-rtl\test\Prob119_fsm3\Prob119_fsm3_gen_6.sv,x-ai/grok-code-fast-1,stop,,gen-1760476890-utJsu2bW5eBdRtmqb30i
Prob119_fsm3,5,611,725,0,C:\Users\durgamaniryudh\Desktop\Learn\llm_eval\dataset_spec-to-rtl\test\Prob119_fsm3\Prob119_fsm3_gen_5.sv,x-ai/grok-code-fast-1,stop,,gen-1760476885-kK1QcS0XYJ5bwZmlUnOH
Prob119_fsm3,7,611,626,0,C:\Users\durgamaniryudh\Desktop\Learn\llm_eval\dataset_spec-to-rtl\test\Prob119_fsm3\Prob119_fsm3_gen_7.sv,x-ai/grok-code-fast-1,stop,,gen-1760476899-clJyoQnElY6YiGjlBYNj
Prob119_fsm3,8,611,946,0,C:\Users\durgamaniryudh\Desktop\Learn\llm_eval\dataset_spec-to-rtl\test\Prob119_fsm3\Prob119_fsm3_gen_8.sv,x-ai/grok-code-fast-1,stop,,gen-1760476904-8uQe43MxwnDcEjfnppTs
Prob119_fsm3,9,611,1001,0,C:\Users\durgamaniryudh\Desktop\Learn\llm_eval\dataset_spec-to-rtl\test\Prob119_fsm3\Prob119_fsm3_gen_9.sv,x-ai/grok-code-fast-1,stop,,gen-1760476912-vpoiuD4Vh2iAeOdbePBV
Prob001_zero,0,475,322,0,C:\Users\durgamaniryudh\Desktop\Learn\llm_eval\dataset_spec-to-rtl\test\Prob001_zero\Prob001_zero_gen_0.sv,x-ai/grok-code-fast-1,stop,,gen-1760476920-K1U97Rh5lVeq5qAu14Xt
Prob001_zero,1,475,424,0,C:\Users\durgamaniryudh\Desktop\Learn\llm_eval\dataset_spec-to-rtl\test\Prob001_zero\Prob001_zero_gen_1.sv,x-ai/grok-code-fast-1,stop,,gen-1760476925-0sHpjbIDEclFMfNr1Tat
Prob001_zero,2,475,139,0,C:\Users\durgamaniryudh\Desktop\Learn\llm_eval\dataset_spec-to-rtl\test\Prob001_zero\Prob001_zero_gen_2.sv,x-ai/grok-code-fast-1,stop,,gen-1760476932-5Icy1qnNiN0pIZVrBND5
Prob001_zero,3,475,372,0,C:\Users\durgamaniryudh\Desktop\Learn\llm_eval\dataset_spec-to-rtl\test\Prob001_zero\Prob001_zero_gen_3.sv,x-ai/grok-code-fast-1,stop,,gen-1760476935-vdjBugpEUUUjtuVleY6u
Prob001_zero,4,475,237,0,C:\Users\durgamaniryudh\Desktop\Learn\llm_eval\dataset_spec-to-rtl\test\Prob001_zero\Prob001_zero_gen_4.sv,x-ai/grok-code-fast-1,stop,,gen-1760476941-daYbxfABBHGHEb8ViAYA
Prob001_zero,8,475,334,0,C:\Users\durgamaniryudh\Desktop\Learn\llm_eval\dataset_spec-to-rtl\test\Prob001_zero\Prob001_zero_gen_8.sv,x-ai/grok-code-fast-1,stop,,gen-1760476966-y0xPw3QKDubh5NmXeZxz
Prob001_zero,5,475,295,0,C:\Users\durgamaniryudh\Desktop\Learn\llm_eval\dataset_spec-to-rtl\test\Prob001_zero\Prob001_zero_gen_5.sv,x-ai/grok-code-fast-1,stop,,gen-1760476945-qJhcwSzR76OoJcajxXhL
Prob001_zero,9,475,342,0,C:\Users\durgamaniryudh\Desktop\Learn\llm_eval\dataset_spec-to-rtl\test\Prob001_zero\Prob001_zero_gen_9.sv,x-ai/grok-code-fast-1,stop,,gen-1760476972-Wk0xLWpnJ5Brg306aazf
Prob001_zero,6,475,332,0,C:\Users\durgamaniryudh\Desktop\Learn\llm_eval\dataset_spec-to-rtl\test\Prob001_zero\Prob001_zero_gen_6.sv,x-ai/grok-code-fast-1,stop,,gen-1760476949-Fwd9uHdJ4n2IcLiHh15V
Prob001_zero,7,475,205,0,C:\Users\durgamaniryudh\Desktop\Learn\llm_eval\dataset_spec-to-rtl\test\Prob001_zero\Prob001_zero_gen_7.sv,x-ai/grok-code-fast-1,stop,,gen-1760476955-g2ee7i10kovSo3jkpR0i
Prob054_edgedetect,1,543,3052,0,C:\Users\durgamaniryudh\Desktop\Learn\llm_eval\dataset_spec-to-rtl\test\Prob054_edgedetect\Prob054_edgedetect_gen_1.sv,x-ai/grok-code-fast-1,stop,,gen-1760477002-fdxrouBJusKojAJJIwUp
Prob054_edgedetect,3,543,1599,0,C:\Users\durgamaniryudh\Desktop\Learn\llm_eval\dataset_spec-to-rtl\test\Prob054_edgedetect\Prob054_edgedetect_gen_3.sv,x-ai/grok-code-fast-1,stop,,gen-1760477074-Nn1SFkGaMOUyDe4QeNQj
Prob054_edgedetect,2,543,3319,0,C:\Users\durgamaniryudh\Desktop\Learn\llm_eval\dataset_spec-to-rtl\test\Prob054_edgedetect\Prob054_edgedetect_gen_2.sv,x-ai/grok-code-fast-1,stop,,gen-1760477039-8d4pv9a20hVbAsbFniGl
Prob054_edgedetect,4,543,1444,0,C:\Users\durgamaniryudh\Desktop\Learn\llm_eval\dataset_spec-to-rtl\test\Prob054_edgedetect\Prob054_edgedetect_gen_4.sv,x-ai/grok-code-fast-1,stop,,gen-1760477086-rOCZPerzsuCQxtlnUq6t
Prob054_edgedetect,0,543,2087,0,C:\Users\durgamaniryudh\Desktop\Learn\llm_eval\dataset_spec-to-rtl\test\Prob054_edgedetect\Prob054_edgedetect_gen_0.sv,x-ai/grok-code-fast-1,stop,,gen-1760476978-iJ9kyK6m2U1J2FlmxyfF
Prob054_edgedetect,6,543,1246,0,C:\Users\durgamaniryudh\Desktop\Learn\llm_eval\dataset_spec-to-rtl\test\Prob054_edgedetect\Prob054_edgedetect_gen_6.sv,x-ai/grok-code-fast-1,stop,,gen-1760477139-cBuhypsH4cmvs0OMoh5q
Prob054_edgedetect,5,543,3235,0,C:\Users\durgamaniryudh\Desktop\Learn\llm_eval\dataset_spec-to-rtl\test\Prob054_edgedetect\Prob054_edgedetect_gen_5.sv,x-ai/grok-code-fast-1,stop,,gen-1760477111-2zAoIXUQuTtrVTs9x413
Prob054_edgedetect,8,543,3571,0,C:\Users\durgamaniryudh\Desktop\Learn\llm_eval\dataset_spec-to-rtl\test\Prob054_edgedetect\Prob054_edgedetect_gen_8.sv,x-ai/grok-code-fast-1,stop,,gen-1760477159-4KFmqtUWiJLfyuKdue8i
Prob054_edgedetect,7,543,1305,0,C:\Users\durgamaniryudh\Desktop\Learn\llm_eval\dataset_spec-to-rtl\test\Prob054_edgedetect\Prob054_edgedetect_gen_7.sv,x-ai/grok-code-fast-1,stop,,gen-1760477149-9DpHXbD014IKEIGfME6R
Prob054_edgedetect,9,543,1959,0,C:\Users\durgamaniryudh\Desktop\Learn\llm_eval\dataset_spec-to-rtl\test\Prob054_edgedetect\Prob054_edgedetect_gen_9.sv,x-ai/grok-code-fast-1,stop,,gen-1760477186-vJ3d4IP6CEjWdpyEWIBS
Prob147_circuit10,0,1346,17737,0,C:\Users\durgamaniryudh\Desktop\Learn\llm_eval\dataset_spec-to-rtl\test\Prob147_circuit10\Prob147_circuit10_gen_0.sv,x-ai/grok-code-fast-1,stop,,gen-1760477202-PDPP8laibEYNdcrtdeTH
Prob147_circuit10,1,1346,7726,0,C:\Users\durgamaniryudh\Desktop\Learn\llm_eval\dataset_spec-to-rtl\test\Prob147_circuit10\Prob147_circuit10_gen_1.sv,x-ai/grok-code-fast-1,stop,,gen-1760477370-Zm6VQncuQDHbNunpcbRM
Prob147_circuit10,2,1346,20455,0,C:\Users\durgamaniryudh\Desktop\Learn\llm_eval\dataset_spec-to-rtl\test\Prob147_circuit10\Prob147_circuit10_gen_2.sv,x-ai/grok-code-fast-1,stop,,gen-1760477438-DcTnSJ0UzOWZ9IrwHQr0
Prob147_circuit10,3,1346,22712,0,C:\Users\durgamaniryudh\Desktop\Learn\llm_eval\dataset_spec-to-rtl\test\Prob147_circuit10\Prob147_circuit10_gen_3.sv,x-ai/grok-code-fast-1,stop,,gen-1760477629-sYKT0feEeC1mZIu2Q0f2
Prob147_circuit10,4,1346,13406,0,C:\Users\durgamaniryudh\Desktop\Learn\llm_eval\dataset_spec-to-rtl\test\Prob147_circuit10\Prob147_circuit10_gen_4.sv,x-ai/grok-code-fast-1,stop,,gen-1760477845-IDYBLei4twFnlUcejcAu
Prob147_circuit10,5,1346,12731,0,C:\Users\durgamaniryudh\Desktop\Learn\llm_eval\dataset_spec-to-rtl\test\Prob147_circuit10\Prob147_circuit10_gen_5.sv,x-ai/grok-code-fast-1,stop,,gen-1760477956-EjJkUXynonqomR3MkFlj
Prob147_circuit10,6,1346,4527,0,C:\Users\durgamaniryudh\Desktop\Learn\llm_eval\dataset_spec-to-rtl\test\Prob147_circuit10\Prob147_circuit10_gen_6.sv,x-ai/grok-code-fast-1,stop,,gen-1760478056-ceaOMXd3zETiEbNHVXc6
Prob147_circuit10,7,1346,7807,0,C:\Users\durgamaniryudh\Desktop\Learn\llm_eval\dataset_spec-to-rtl\test\Prob147_circuit10\Prob147_circuit10_gen_7.sv,x-ai/grok-code-fast-1,stop,,gen-1760478088-thTrmo9WcboIVUwcP7wp
Prob147_circuit10,9,1346,16043,0,C:\Users\durgamaniryudh\Desktop\Learn\llm_eval\dataset_spec-to-rtl\test\Prob147_circuit10\Prob147_circuit10_gen_9.sv,x-ai/grok-code-fast-1,stop,,gen-1760478372-dvF5twR7wd9zWJyRqVlh
Prob147_circuit10,8,1346,32054,0,C:\Users\durgamaniryudh\Desktop\Learn\llm_eval\dataset_spec-to-rtl\test\Prob147_circuit10\Prob147_circuit10_gen_8.sv,x-ai/grok-code-fast-1,stop,,gen-1760478136-Hbh4tX3M04VMEw4XJSzH
Prob089_ece241_2014_q5a,0,600,2531,0,C:\Users\durgamaniryudh\Desktop\Learn\llm_eval\dataset_spec-to-rtl\test\Prob089_ece241_2014_q5a\Prob089_ece241_2014_q5a_gen_0.sv,x-ai/grok-code-fast-1,stop,,gen-1760478497-DSMCsA13Ux9mDs2VAynG
Prob089_ece241_2014_q5a,1,600,5737,0,C:\Users\durgamaniryudh\Desktop\Learn\llm_eval\dataset_spec-to-rtl\test\Prob089_ece241_2014_q5a\Prob089_ece241_2014_q5a_gen_1.sv,x-ai/grok-code-fast-1,stop,,gen-1760478519-gXIxXOcWktIz61NV5UDk
Prob089_ece241_2014_q5a,3,600,2012,0,C:\Users\durgamaniryudh\Desktop\Learn\llm_eval\dataset_spec-to-rtl\test\Prob089_ece241_2014_q5a\Prob089_ece241_2014_q5a_gen_3.sv,x-ai/grok-code-fast-1,stop,,gen-1760478611-7bAILHyWEXg0ekpMfICJ
Prob089_ece241_2014_q5a,2,600,2316,0,C:\Users\durgamaniryudh\Desktop\Learn\llm_eval\dataset_spec-to-rtl\test\Prob089_ece241_2014_q5a\Prob089_ece241_2014_q5a_gen_2.sv,x-ai/grok-code-fast-1,stop,,gen-1760478579-ccWQdSbCHxbHQTA1DzN5
Prob089_ece241_2014_q5a,6,600,1376,0,C:\Users\durgamaniryudh\Desktop\Learn\llm_eval\dataset_spec-to-rtl\test\Prob089_ece241_2014_q5a\Prob089_ece241_2014_q5a_gen_6.sv,x-ai/grok-code-fast-1,stop,,gen-1760478691-Ef65xdQ3O0eiQfSX0ZQM
Prob089_ece241_2014_q5a,4,600,4128,0,C:\Users\durgamaniryudh\Desktop\Learn\llm_eval\dataset_spec-to-rtl\test\Prob089_ece241_2014_q5a\Prob089_ece241_2014_q5a_gen_4.sv,x-ai/grok-code-fast-1,stop,,gen-1760478632-VciX9BeuUfpW5lRi4xhV
Prob089_ece241_2014_q5a,8,600,3230,0,C:\Users\durgamaniryudh\Desktop\Learn\llm_eval\dataset_spec-to-rtl\test\Prob089_ece241_2014_q5a\Prob089_ece241_2014_q5a_gen_8.sv,x-ai/grok-code-fast-1,stop,,gen-1760478747-FBM6r889BoRKpaBW53ZR
Prob089_ece241_2014_q5a,7,600,4809,0,C:\Users\durgamaniryudh\Desktop\Learn\llm_eval\dataset_spec-to-rtl\test\Prob089_ece241_2014_q5a\Prob089_ece241_2014_q5a_gen_7.sv,x-ai/grok-code-fast-1,stop,,gen-1760478703-9DWNwDnKHLekX99gmjUV
Prob089_ece241_2014_q5a,5,600,2667,0,C:\Users\durgamaniryudh\Desktop\Learn\llm_eval\dataset_spec-to-rtl\test\Prob089_ece241_2014_q5a\Prob089_ece241_2014_q5a_gen_5.sv,x-ai/grok-code-fast-1,stop,,gen-1760478667-ZZBIl4kWcTNwZrHF3FHv
Prob089_ece241_2014_q5a,9,600,2401,0,C:\Users\durgamaniryudh\Desktop\Learn\llm_eval\dataset_spec-to-rtl\test\Prob089_ece241_2014_q5a\Prob089_ece241_2014_q5a_gen_9.sv,x-ai/grok-code-fast-1,stop,,gen-1760478774-sjBO8Ak8SmG2eYDogsib
Prob066_edgecapture,3,565,978,0,C:\Users\durgamaniryudh\Desktop\Learn\llm_eval\dataset_spec-to-rtl\test\Prob066_edgecapture\Prob066_edgecapture_gen_3.sv,x-ai/grok-code-fast-1,stop,,gen-1760478832-81IIDWPIdhig8ibwGcbg
Prob066_edgecapture,1,565,867,0,C:\Users\durgamaniryudh\Desktop\Learn\llm_eval\dataset_spec-to-rtl\test\Prob066_edgecapture\Prob066_edgecapture_gen_1.sv,x-ai/grok-code-fast-1,stop,,gen-1760478811-pNm9EmkQPYoUAYfbkRhz
Prob066_edgecapture,0,565,1255,0,C:\Users\durgamaniryudh\Desktop\Learn\llm_eval\dataset_spec-to-rtl\test\Prob066_edgecapture\Prob066_edgecapture_gen_0.sv,x-ai/grok-code-fast-1,stop,,gen-1760478793-By06Cp0xegSPLIGgOimM
Prob066_edgecapture,4,565,1460,0,C:\Users\durgamaniryudh\Desktop\Learn\llm_eval\dataset_spec-to-rtl\test\Prob066_edgecapture\Prob066_edgecapture_gen_4.sv,x-ai/grok-code-fast-1,stop,,gen-1760478847-uA9asLS5nkIfbmD0PRby
Prob066_edgecapture,2,565,1172,0,C:\Users\durgamaniryudh\Desktop\Learn\llm_eval\dataset_spec-to-rtl\test\Prob066_edgecapture\Prob066_edgecapture_gen_2.sv,x-ai/grok-code-fast-1,stop,,gen-1760478820-IAGxUqHbsTYNiG2SbHM4
Prob066_edgecapture,5,565,1645,0,C:\Users\durgamaniryudh\Desktop\Learn\llm_eval\dataset_spec-to-rtl\test\Prob066_edgecapture\Prob066_edgecapture_gen_5.sv,x-ai/grok-code-fast-1,stop,,gen-1760478860-Syj7XSvYPgF0fjIIb9nr
Prob066_edgecapture,6,565,664,0,C:\Users\durgamaniryudh\Desktop\Learn\llm_eval\dataset_spec-to-rtl\test\Prob066_edgecapture\Prob066_edgecapture_gen_6.sv,x-ai/grok-code-fast-1,stop,,gen-1760478877-paljdaJE7NHc4CSg9PI2
Prob066_edgecapture,7,565,1118,0,C:\Users\durgamaniryudh\Desktop\Learn\llm_eval\dataset_spec-to-rtl\test\Prob066_edgecapture\Prob066_edgecapture_gen_7.sv,x-ai/grok-code-fast-1,stop,,gen-1760478886-QLHHHhsCVOK0fpumFQlz
Prob066_edgecapture,8,565,1557,0,C:\Users\durgamaniryudh\Desktop\Learn\llm_eval\dataset_spec-to-rtl\test\Prob066_edgecapture\Prob066_edgecapture_gen_8.sv,x-ai/grok-code-fast-1,stop,,gen-1760478902-NiIIfbiGMuZ5cEJ4dghZ
Prob066_edgecapture,9,565,1029,0,C:\Users\durgamaniryudh\Desktop\Learn\llm_eval\dataset_spec-to-rtl\test\Prob066_edgecapture\Prob066_edgecapture_gen_9.sv,x-ai/grok-code-fast-1,stop,,gen-1760478923-ukCIBPNcvQ8YW183Z4Le
Prob124_rule110,0,806,3784,0,C:\Users\durgamaniryudh\Desktop\Learn\llm_eval\dataset_spec-to-rtl\test\Prob124_rule110\Prob124_rule110_gen_0.sv,x-ai/grok-code-fast-1,stop,,gen-1760478934-G0R5FSx8be9qQjiiIwVI
Prob124_rule110,2,806,1621,0,C:\Users\durgamaniryudh\Desktop\Learn\llm_eval\dataset_spec-to-rtl\test\Prob124_rule110\Prob124_rule110_gen_2.sv,x-ai/grok-code-fast-1,stop,,gen-1760478997-VBTZLa1JRWzZ3A54GynU
Prob124_rule110,4,806,1419,0,C:\Users\durgamaniryudh\Desktop\Learn\llm_eval\dataset_spec-to-rtl\test\Prob124_rule110\Prob124_rule110_gen_4.sv,x-ai/grok-code-fast-1,stop,,gen-1760479031-lBZW0NaY1t2Jl7bLBhBH
Prob124_rule110,1,806,1918,0,C:\Users\durgamaniryudh\Desktop\Learn\llm_eval\dataset_spec-to-rtl\test\Prob124_rule110\Prob124_rule110_gen_1.sv,x-ai/grok-code-fast-1,stop,,gen-1760478975-PdIIjzjTQynk6CKqXuja
Prob124_rule110,3,806,1486,0,C:\Users\durgamaniryudh\Desktop\Learn\llm_eval\dataset_spec-to-rtl\test\Prob124_rule110\Prob124_rule110_gen_3.sv,x-ai/grok-code-fast-1,stop,,gen-1760479018-gflOOFchbqYyXUSIbLIA
Prob124_rule110,6,806,2102,0,C:\Users\durgamaniryudh\Desktop\Learn\llm_eval\dataset_spec-to-rtl\test\Prob124_rule110\Prob124_rule110_gen_6.sv,x-ai/grok-code-fast-1,stop,,gen-1760479058-A2YVdfdPetfzasGAV10d
Prob124_rule110,5,806,1911,0,C:\Users\durgamaniryudh\Desktop\Learn\llm_eval\dataset_spec-to-rtl\test\Prob124_rule110\Prob124_rule110_gen_5.sv,x-ai/grok-code-fast-1,stop,,gen-1760479043-HHHwig0ABi5kkASKpRDX
Prob124_rule110,7,806,3489,0,C:\Users\durgamaniryudh\Desktop\Learn\llm_eval\dataset_spec-to-rtl\test\Prob124_rule110\Prob124_rule110_gen_7.sv,x-ai/grok-code-fast-1,stop,,gen-1760479074-UPSporj7u57mMwAPg9Ha
Prob124_rule110,8,806,2256,0,C:\Users\durgamaniryudh\Desktop\Learn\llm_eval\dataset_spec-to-rtl\test\Prob124_rule110\Prob124_rule110_gen_8.sv,x-ai/grok-code-fast-1,stop,,gen-1760479103-9bfLxEXIr3A9tiNsInAZ
Prob124_rule110,9,806,1925,0,C:\Users\durgamaniryudh\Desktop\Learn\llm_eval\dataset_spec-to-rtl\test\Prob124_rule110\Prob124_rule110_gen_9.sv,x-ai/grok-code-fast-1,stop,,gen-1760479124-tEN0KMtWpP6xuDqb4PC7
Prob004_vector2,2,493,840,0,C:\Users\durgamaniryudh\Desktop\Learn\llm_eval\dataset_spec-to-rtl\test\Prob004_vector2\Prob004_vector2_gen_2.sv,x-ai/grok-code-fast-1,stop,,gen-1760479152-2iKc6QQmgu6utSrtMbLX
Prob004_vector2,1,493,347,0,C:\Users\durgamaniryudh\Desktop\Learn\llm_eval\dataset_spec-to-rtl\test\Prob004_vector2\Prob004_vector2_gen_1.sv,x-ai/grok-code-fast-1,stop,,gen-1760479148-KlM4oU0e8s0u7LXdp5FS
Prob004_vector2,0,493,412,0,C:\Users\durgamaniryudh\Desktop\Learn\llm_eval\dataset_spec-to-rtl\test\Prob004_vector2\Prob004_vector2_gen_0.sv,x-ai/grok-code-fast-1,stop,,gen-1760479144-8neUhg8uNDoNhbW8xXCJ
Prob004_vector2,6,493,469,0,C:\Users\durgamaniryudh\Desktop\Learn\llm_eval\dataset_spec-to-rtl\test\Prob004_vector2\Prob004_vector2_gen_6.sv,x-ai/grok-code-fast-1,stop,,gen-1760479179-CKPEVzQMMwlFKDFsPkx8
Prob004_vector2,5,493,704,0,C:\Users\durgamaniryudh\Desktop\Learn\llm_eval\dataset_spec-to-rtl\test\Prob004_vector2\Prob004_vector2_gen_5.sv,x-ai/grok-code-fast-1,stop,,gen-1760479173-mgtg55GrU4pxlle92v5N
Prob004_vector2,3,493,542,0,C:\Users\durgamaniryudh\Desktop\Learn\llm_eval\dataset_spec-to-rtl\test\Prob004_vector2\Prob004_vector2_gen_3.sv,x-ai/grok-code-fast-1,stop,,gen-1760479165-Bc5Acn1P8WloOYjAlQjU
Prob004_vector2,7,493,513,0,C:\Users\durgamaniryudh\Desktop\Learn\llm_eval\dataset_spec-to-rtl\test\Prob004_vector2\Prob004_vector2_gen_7.sv,x-ai/grok-code-fast-1,stop,,gen-1760479190-K4LwpozmE5VlboPmho7j
Prob004_vector2,4,493,349,0,C:\Users\durgamaniryudh\Desktop\Learn\llm_eval\dataset_spec-to-rtl\test\Prob004_vector2\Prob004_vector2_gen_4.sv,x-ai/grok-code-fast-1,stop,,gen-1760479170-syI2IP9iCNJ90U56Hdpr
Prob004_vector2,8,493,522,0,C:\Users\durgamaniryudh\Desktop\Learn\llm_eval\dataset_spec-to-rtl\test\Prob004_vector2\Prob004_vector2_gen_8.sv,x-ai/grok-code-fast-1,stop,,gen-1760479194-mKOaz4qPRzufhm3jsydp
Prob004_vector2,9,493,650,0,C:\Users\durgamaniryudh\Desktop\Learn\llm_eval\dataset_spec-to-rtl\test\Prob004_vector2\Prob004_vector2_gen_9.sv,x-ai/grok-code-fast-1,stop,,gen-1760479200-cIoVNFc9IIzJtVXFh4Jh
Prob044_vectorgates,0,578,360,0,C:\Users\durgamaniryudh\Desktop\Learn\llm_eval\dataset_spec-to-rtl\test\Prob044_vectorgates\Prob044_vectorgates_gen_0.sv,x-ai/grok-code-fast-1,stop,,gen-1760479211-bPDwMt35mXwGN7WhOQii
Prob044_vectorgates,1,578,634,0,C:\Users\durgamaniryudh\Desktop\Learn\llm_eval\dataset_spec-to-rtl\test\Prob044_vectorgates\Prob044_vectorgates_gen_1.sv,x-ai/grok-code-fast-1,stop,,gen-1760479216-QTnuDCCeL0x5jL90Y6Ht
Prob044_vectorgates,2,578,340,0,C:\Users\durgamaniryudh\Desktop\Learn\llm_eval\dataset_spec-to-rtl\test\Prob044_vectorgates\Prob044_vectorgates_gen_2.sv,x-ai/grok-code-fast-1,stop,,gen-1760479222-P0u5RDZXAykWxqiyN2Q8
Prob044_vectorgates,3,578,635,0,C:\Users\durgamaniryudh\Desktop\Learn\llm_eval\dataset_spec-to-rtl\test\Prob044_vectorgates\Prob044_vectorgates_gen_3.sv,x-ai/grok-code-fast-1,stop,,gen-1760479228-070uGiia1Lxl9AV9TUky
Prob044_vectorgates,4,578,879,0,C:\Users\durgamaniryudh\Desktop\Learn\llm_eval\dataset_spec-to-rtl\test\Prob044_vectorgates\Prob044_vectorgates_gen_4.sv,x-ai/grok-code-fast-1,stop,,gen-1760479239-GYWsCF7XJcvY54jgniCK
Prob044_vectorgates,5,578,627,0,C:\Users\durgamaniryudh\Desktop\Learn\llm_eval\dataset_spec-to-rtl\test\Prob044_vectorgates\Prob044_vectorgates_gen_5.sv,x-ai/grok-code-fast-1,stop,,gen-1760479246-7iRONLCUvj33AxCnO8Xd
Prob044_vectorgates,7,578,774,0,C:\Users\durgamaniryudh\Desktop\Learn\llm_eval\dataset_spec-to-rtl\test\Prob044_vectorgates\Prob044_vectorgates_gen_7.sv,x-ai/grok-code-fast-1,stop,,gen-1760479257-TRSedLrd8IuV7WbGEZZd
Prob044_vectorgates,6,578,694,0,C:\Users\durgamaniryudh\Desktop\Learn\llm_eval\dataset_spec-to-rtl\test\Prob044_vectorgates\Prob044_vectorgates_gen_6.sv,x-ai/grok-code-fast-1,stop,,gen-1760479251-AxkgnxvIA600uyhgTZlN
Prob044_vectorgates,8,578,771,0,C:\Users\durgamaniryudh\Desktop\Learn\llm_eval\dataset_spec-to-rtl\test\Prob044_vectorgates\Prob044_vectorgates_gen_8.sv,x-ai/grok-code-fast-1,stop,,gen-1760479272-QKMPXfFLx3wU9SgyNJAx
Prob044_vectorgates,9,578,462,0,C:\Users\durgamaniryudh\Desktop\Learn\llm_eval\dataset_spec-to-rtl\test\Prob044_vectorgates\Prob044_vectorgates_gen_9.sv,x-ai/grok-code-fast-1,stop,,gen-1760479281-OpLeBPizi6BMg4iRr05G
Prob059_wire4,0,525,217,0,C:\Users\durgamaniryudh\Desktop\Learn\llm_eval\dataset_spec-to-rtl\test\Prob059_wire4\Prob059_wire4_gen_0.sv,x-ai/grok-code-fast-1,stop,,gen-1760479285-DLrB0iaU6afdGNJXxJxw
Prob059_wire4,1,525,398,0,C:\Users\durgamaniryudh\Desktop\Learn\llm_eval\dataset_spec-to-rtl\test\Prob059_wire4\Prob059_wire4_gen_1.sv,x-ai/grok-code-fast-1,stop,,gen-1760479287-YObHX69Gqo8nOYHyVydg
Prob059_wire4,3,525,580,0,C:\Users\durgamaniryudh\Desktop\Learn\llm_eval\dataset_spec-to-rtl\test\Prob059_wire4\Prob059_wire4_gen_3.sv,x-ai/grok-code-fast-1,stop,,gen-1760479296-Bsbq035Xr1pl7BypVVgC
Prob059_wire4,2,525,457,0,C:\Users\durgamaniryudh\Desktop\Learn\llm_eval\dataset_spec-to-rtl\test\Prob059_wire4\Prob059_wire4_gen_2.sv,x-ai/grok-code-fast-1,stop,,gen-1760479291-lOPqR3xjzLltWhPalmI3
Prob059_wire4,4,525,285,0,C:\Users\durgamaniryudh\Desktop\Learn\llm_eval\dataset_spec-to-rtl\test\Prob059_wire4\Prob059_wire4_gen_4.sv,x-ai/grok-code-fast-1,stop,,gen-1760479304-uclc11WfTT1d10sro5cF
Prob059_wire4,5,525,515,0,C:\Users\durgamaniryudh\Desktop\Learn\llm_eval\dataset_spec-to-rtl\test\Prob059_wire4\Prob059_wire4_gen_5.sv,x-ai/grok-code-fast-1,stop,,gen-1760479307-PHcoEBA9XlD4neV6n4zz
Prob059_wire4,6,525,676,0,C:\Users\durgamaniryudh\Desktop\Learn\llm_eval\dataset_spec-to-rtl\test\Prob059_wire4\Prob059_wire4_gen_6.sv,x-ai/grok-code-fast-1,stop,,gen-1760479312-vwjXdHlZribJ8RcDdzAG
Prob059_wire4,7,525,465,0,C:\Users\durgamaniryudh\Desktop\Learn\llm_eval\dataset_spec-to-rtl\test\Prob059_wire4\Prob059_wire4_gen_7.sv,x-ai/grok-code-fast-1,stop,,gen-1760479317-adiaBc4vpbBmwcemvl9E
Prob059_wire4,8,525,401,0,C:\Users\durgamaniryudh\Desktop\Learn\llm_eval\dataset_spec-to-rtl\test\Prob059_wire4\Prob059_wire4_gen_8.sv,x-ai/grok-code-fast-1,stop,,gen-1760479322-2qLnLwjnNsOsAFuegYy1
Prob059_wire4,9,525,376,0,C:\Users\durgamaniryudh\Desktop\Learn\llm_eval\dataset_spec-to-rtl\test\Prob059_wire4\Prob059_wire4_gen_9.sv,x-ai/grok-code-fast-1,stop,,gen-1760479326-FOFIyGVcPkAMQfudhB6b
Prob007_wire,0,480,534,0,C:\Users\durgamaniryudh\Desktop\Learn\llm_eval\dataset_spec-to-rtl\test\Prob007_wire\Prob007_wire_gen_0.sv,x-ai/grok-code-fast-1,stop,,gen-1760479330-bwx4PMM8bpZctESPZWs4
Prob007_wire,1,480,211,0,C:\Users\durgamaniryudh\Desktop\Learn\llm_eval\dataset_spec-to-rtl\test\Prob007_wire\Prob007_wire_gen_1.sv,x-ai/grok-code-fast-1,stop,,gen-1760479336-y8MYx2CmWefZfDelVsHO
Prob007_wire,2,480,246,0,C:\Users\durgamaniryudh\Desktop\Learn\llm_eval\dataset_spec-to-rtl\test\Prob007_wire\Prob007_wire_gen_2.sv,x-ai/grok-code-fast-1,stop,,gen-1760479339-QuPzwQt6NU19Zgwc6JCZ
Prob007_wire,3,480,309,0,C:\Users\durgamaniryudh\Desktop\Learn\llm_eval\dataset_spec-to-rtl\test\Prob007_wire\Prob007_wire_gen_3.sv,x-ai/grok-code-fast-1,stop,,gen-1760479344-oLjS3NxLqaAxWt96V87G
Prob007_wire,4,480,406,0,C:\Users\durgamaniryudh\Desktop\Learn\llm_eval\dataset_spec-to-rtl\test\Prob007_wire\Prob007_wire_gen_4.sv,x-ai/grok-code-fast-1,stop,,gen-1760479348-0vFQMys55MhluhHZMUl2
Prob007_wire,5,480,270,0,C:\Users\durgamaniryudh\Desktop\Learn\llm_eval\dataset_spec-to-rtl\test\Prob007_wire\Prob007_wire_gen_5.sv,x-ai/grok-code-fast-1,stop,,gen-1760479352-IlTI7lQ2Zdj0Th41zqQ9
Prob007_wire,6,480,259,0,C:\Users\durgamaniryudh\Desktop\Learn\llm_eval\dataset_spec-to-rtl\test\Prob007_wire\Prob007_wire_gen_6.sv,x-ai/grok-code-fast-1,stop,,gen-1760479356-tpbRCgBXyVxPMvqO8bbn
Prob007_wire,7,480,285,0,C:\Users\durgamaniryudh\Desktop\Learn\llm_eval\dataset_spec-to-rtl\test\Prob007_wire\Prob007_wire_gen_7.sv,x-ai/grok-code-fast-1,stop,,gen-1760479359-FUsQBQ00TAVui8Hnyc6U
Prob007_wire,8,480,317,0,C:\Users\durgamaniryudh\Desktop\Learn\llm_eval\dataset_spec-to-rtl\test\Prob007_wire\Prob007_wire_gen_8.sv,x-ai/grok-code-fast-1,stop,,gen-1760479363-VTvGksArOurhgHuQ4z9C
Prob007_wire,9,480,303,0,C:\Users\durgamaniryudh\Desktop\Learn\llm_eval\dataset_spec-to-rtl\test\Prob007_wire\Prob007_wire_gen_9.sv,x-ai/grok-code-fast-1,stop,,gen-1760479366-VdyQi6IPFIxbKBqeWhIn
Prob083_mt2015_q4b,0,763,510,0,C:\Users\durgamaniryudh\Desktop\Learn\llm_eval\dataset_spec-to-rtl\test\Prob083_mt2015_q4b\Prob083_mt2015_q4b_gen_0.sv,x-ai/grok-code-fast-1,stop,,gen-1760479371-eosIOOS1GpMhV66wvUnt
Prob083_mt2015_q4b,1,763,916,0,C:\Users\durgamaniryudh\Desktop\Learn\llm_eval\dataset_spec-to-rtl\test\Prob083_mt2015_q4b\Prob083_mt2015_q4b_gen_1.sv,x-ai/grok-code-fast-1,stop,,gen-1760479375-U2tQczlm1J3pBurAGrZM
Prob083_mt2015_q4b,2,763,614,0,C:\Users\durgamaniryudh\Desktop\Learn\llm_eval\dataset_spec-to-rtl\test\Prob083_mt2015_q4b\Prob083_mt2015_q4b_gen_2.sv,x-ai/grok-code-fast-1,stop,,gen-1760479382-rbYRtmXidKNXvUndriJj
Prob083_mt2015_q4b,3,763,1097,0,C:\Users\durgamaniryudh\Desktop\Learn\llm_eval\dataset_spec-to-rtl\test\Prob083_mt2015_q4b\Prob083_mt2015_q4b_gen_3.sv,x-ai/grok-code-fast-1,stop,,gen-1760479387-x1iSdybK9XvkBH04Qxgv
Prob083_mt2015_q4b,5,763,1036,0,C:\Users\durgamaniryudh\Desktop\Learn\llm_eval\dataset_spec-to-rtl\test\Prob083_mt2015_q4b\Prob083_mt2015_q4b_gen_5.sv,x-ai/grok-code-fast-1,stop,,gen-1760479404-VIibJ3cVx0opbgyoY3B1
Prob083_mt2015_q4b,6,763,805,0,C:\Users\durgamaniryudh\Desktop\Learn\llm_eval\dataset_spec-to-rtl\test\Prob083_mt2015_q4b\Prob083_mt2015_q4b_gen_6.sv,x-ai/grok-code-fast-1,stop,,gen-1760479412-Y60R7Cnkh0tU8otYQWP1
Prob083_mt2015_q4b,7,763,1411,0,C:\Users\durgamaniryudh\Desktop\Learn\llm_eval\dataset_spec-to-rtl\test\Prob083_mt2015_q4b\Prob083_mt2015_q4b_gen_7.sv,x-ai/grok-code-fast-1,stop,,gen-1760479425-H4Wui6QZm26oyOIlEj84
Prob083_mt2015_q4b,4,763,576,0,C:\Users\durgamaniryudh\Desktop\Learn\llm_eval\dataset_spec-to-rtl\test\Prob083_mt2015_q4b\Prob083_mt2015_q4b_gen_4.sv,x-ai/grok-code-fast-1,stop,,gen-1760479399-p3pJWutgUUA9RnWzr6vQ
Prob083_mt2015_q4b,8,763,730,0,C:\Users\durgamaniryudh\Desktop\Learn\llm_eval\dataset_spec-to-rtl\test\Prob083_mt2015_q4b\Prob083_mt2015_q4b_gen_8.sv,x-ai/grok-code-fast-1,stop,,gen-1760479434-lsJSmQhwOBnIQ6UTw8kA
Prob083_mt2015_q4b,9,763,460,0,C:\Users\durgamaniryudh\Desktop\Learn\llm_eval\dataset_spec-to-rtl\test\Prob083_mt2015_q4b\Prob083_mt2015_q4b_gen_9.sv,x-ai/grok-code-fast-1,stop,,gen-1760479441-DCMX8zIdYw1BMwgDu0bm
Prob088_ece241_2014_q5b,1,599,1242,0,C:\Users\durgamaniryudh\Desktop\Learn\llm_eval\dataset_spec-to-rtl\test\Prob088_ece241_2014_q5b\Prob088_ece241_2014_q5b_gen_1.sv,x-ai/grok-code-fast-1,stop,,gen-1760479458-dHjeevkBPTEbQAe8JrLN
Prob088_ece241_2014_q5b,2,599,1049,0,C:\Users\durgamaniryudh\Desktop\Learn\llm_eval\dataset_spec-to-rtl\test\Prob088_ece241_2014_q5b\Prob088_ece241_2014_q5b_gen_2.sv,x-ai/grok-code-fast-1,stop,,gen-1760479473-yimcbZr5nj008pDpEuPM
Prob088_ece241_2014_q5b,3,599,1072,0,C:\Users\durgamaniryudh\Desktop\Learn\llm_eval\dataset_spec-to-rtl\test\Prob088_ece241_2014_q5b\Prob088_ece241_2014_q5b_gen_3.sv,x-ai/grok-code-fast-1,stop,,gen-1760479483-hNlgNMUoMUrPRAuLpO0v
Prob088_ece241_2014_q5b,0,599,1188,0,C:\Users\durgamaniryudh\Desktop\Learn\llm_eval\dataset_spec-to-rtl\test\Prob088_ece241_2014_q5b\Prob088_ece241_2014_q5b_gen_0.sv,x-ai/grok-code-fast-1,stop,,gen-1760479446-AUSXqEIypUTuNamZ64cY
Prob088_ece241_2014_q5b,4,599,1255,0,C:\Users\durgamaniryudh\Desktop\Learn\llm_eval\dataset_spec-to-rtl\test\Prob088_ece241_2014_q5b\Prob088_ece241_2014_q5b_gen_4.sv,x-ai/grok-code-fast-1,stop,,gen-1760479493-BBDrQ5LP0TPwGOj7g1eA
Prob088_ece241_2014_q5b,5,599,1558,0,C:\Users\durgamaniryudh\Desktop\Learn\llm_eval\dataset_spec-to-rtl\test\Prob088_ece241_2014_q5b\Prob088_ece241_2014_q5b_gen_5.sv,x-ai/grok-code-fast-1,stop,,gen-1760479503-iRrOKSRV1mKtHYEHbExr
Prob088_ece241_2014_q5b,7,599,1262,0,C:\Users\durgamaniryudh\Desktop\Learn\llm_eval\dataset_spec-to-rtl\test\Prob088_ece241_2014_q5b\Prob088_ece241_2014_q5b_gen_7.sv,x-ai/grok-code-fast-1,stop,,gen-1760479525-2uvIjSX7BLH6RwfmNHjj
Prob088_ece241_2014_q5b,6,599,1040,0,C:\Users\durgamaniryudh\Desktop\Learn\llm_eval\dataset_spec-to-rtl\test\Prob088_ece241_2014_q5b\Prob088_ece241_2014_q5b_gen_6.sv,x-ai/grok-code-fast-1,stop,,gen-1760479516-JuuIbyNlXUUUme08rNi3
Prob088_ece241_2014_q5b,8,599,1460,0,C:\Users\durgamaniryudh\Desktop\Learn\llm_eval\dataset_spec-to-rtl\test\Prob088_ece241_2014_q5b\Prob088_ece241_2014_q5b_gen_8.sv,x-ai/grok-code-fast-1,stop,,gen-1760479535-9VMpJkMEuCbBKjku3J1b
Prob088_ece241_2014_q5b,9,599,876,0,C:\Users\durgamaniryudh\Desktop\Learn\llm_eval\dataset_spec-to-rtl\test\Prob088_ece241_2014_q5b\Prob088_ece241_2014_q5b_gen_9.sv,x-ai/grok-code-fast-1,stop,,gen-1760479550-zNYcFuo4m4F4pY38PuSi
Prob049_m2014_q4b,0,503,495,0,C:\Users\durgamaniryudh\Desktop\Learn\llm_eval\dataset_spec-to-rtl\test\Prob049_m2014_q4b\Prob049_m2014_q4b_gen_0.sv,x-ai/grok-code-fast-1,stop,,gen-1760479557-SM9fG8zsEWGV579BhUX8
Prob049_m2014_q4b,3,503,644,0,C:\Users\durgamaniryudh\Desktop\Learn\llm_eval\dataset_spec-to-rtl\test\Prob049_m2014_q4b\Prob049_m2014_q4b_gen_3.sv,x-ai/grok-code-fast-1,stop,,gen-1760479575-xMRuNUFiJbpGh4UA45li
Prob049_m2014_q4b,4,503,432,0,C:\Users\durgamaniryudh\Desktop\Learn\llm_eval\dataset_spec-to-rtl\test\Prob049_m2014_q4b\Prob049_m2014_q4b_gen_4.sv,x-ai/grok-code-fast-1,stop,,gen-1760479580-zYTK7G8VIXkkm6T8B3wt
Prob049_m2014_q4b,1,503,806,0,C:\Users\durgamaniryudh\Desktop\Learn\llm_eval\dataset_spec-to-rtl\test\Prob049_m2014_q4b\Prob049_m2014_q4b_gen_1.sv,x-ai/grok-code-fast-1,stop,,gen-1760479562-rjd3qakSStmfZPr0sf47
Prob049_m2014_q4b,6,503,480,0,C:\Users\durgamaniryudh\Desktop\Learn\llm_eval\dataset_spec-to-rtl\test\Prob049_m2014_q4b\Prob049_m2014_q4b_gen_6.sv,x-ai/grok-code-fast-1,stop,,gen-1760479588-JoVCMLxnfvJeuWpIuqe0
Prob049_m2014_q4b,5,503,342,0,C:\Users\durgamaniryudh\Desktop\Learn\llm_eval\dataset_spec-to-rtl\test\Prob049_m2014_q4b\Prob049_m2014_q4b_gen_5.sv,x-ai/grok-code-fast-1,stop,,gen-1760479585-Vvi0enpseZfvkxe3ZrTW
Prob049_m2014_q4b,7,503,749,0,C:\Users\durgamaniryudh\Desktop\Learn\llm_eval\dataset_spec-to-rtl\test\Prob049_m2014_q4b\Prob049_m2014_q4b_gen_7.sv,x-ai/grok-code-fast-1,stop,,gen-1760479593-OdFMbJIfGEiIhd3XZ1Xm
Prob049_m2014_q4b,8,503,290,0,C:\Users\durgamaniryudh\Desktop\Learn\llm_eval\dataset_spec-to-rtl\test\Prob049_m2014_q4b\Prob049_m2014_q4b_gen_8.sv,x-ai/grok-code-fast-1,stop,,gen-1760479599-RIzbe42fBHIc3Q79hfV3
Prob049_m2014_q4b,2,503,601,0,C:\Users\durgamaniryudh\Desktop\Learn\llm_eval\dataset_spec-to-rtl\test\Prob049_m2014_q4b\Prob049_m2014_q4b_gen_2.sv,x-ai/grok-code-fast-1,stop,,gen-1760479569-xKz97NnR1V0ym32gjZU1
Prob049_m2014_q4b,9,503,666,0,C:\Users\durgamaniryudh\Desktop\Learn\llm_eval\dataset_spec-to-rtl\test\Prob049_m2014_q4b\Prob049_m2014_q4b_gen_9.sv,x-ai/grok-code-fast-1,stop,,gen-1760479602-sQ5UIvjdyACQGmCtu6rP
Prob020_mt2015_eq2,0,535,611,0,C:\Users\durgamaniryudh\Desktop\Learn\llm_eval\dataset_spec-to-rtl\test\Prob020_mt2015_eq2\Prob020_mt2015_eq2_gen_0.sv,x-ai/grok-code-fast-1,stop,,gen-1760479607-4sSGKGZbxxXsxwnB20CK
Prob020_mt2015_eq2,1,535,542,0,C:\Users\durgamaniryudh\Desktop\Learn\llm_eval\dataset_spec-to-rtl\test\Prob020_mt2015_eq2\Prob020_mt2015_eq2_gen_1.sv,x-ai/grok-code-fast-1,stop,,gen-1760479615-ReK7VYhiuoqUECKpk9Om
Prob020_mt2015_eq2,2,535,375,0,C:\Users\durgamaniryudh\Desktop\Learn\llm_eval\dataset_spec-to-rtl\test\Prob020_mt2015_eq2\Prob020_mt2015_eq2_gen_2.sv,x-ai/grok-code-fast-1,stop,,gen-1760479622-RhVvkyRndZnRdKdXdrok
Prob020_mt2015_eq2,4,535,478,0,C:\Users\durgamaniryudh\Desktop\Learn\llm_eval\dataset_spec-to-rtl\test\Prob020_mt2015_eq2\Prob020_mt2015_eq2_gen_4.sv,x-ai/grok-code-fast-1,stop,,gen-1760479633-oIGuFA7kdVv6aszRcznT
Prob020_mt2015_eq2,7,535,375,0,C:\Users\durgamaniryudh\Desktop\Learn\llm_eval\dataset_spec-to-rtl\test\Prob020_mt2015_eq2\Prob020_mt2015_eq2_gen_7.sv,x-ai/grok-code-fast-1,stop,,gen-1760479648-NUDYVY0q0JmKI5LMNHm0
Prob020_mt2015_eq2,9,535,388,0,C:\Users\durgamaniryudh\Desktop\Learn\llm_eval\dataset_spec-to-rtl\test\Prob020_mt2015_eq2\Prob020_mt2015_eq2_gen_9.sv,x-ai/grok-code-fast-1,stop,,gen-1760479657-VrD4xYhNJdc5fOXSQhj7
Prob020_mt2015_eq2,3,535,462,0,C:\Users\durgamaniryudh\Desktop\Learn\llm_eval\dataset_spec-to-rtl\test\Prob020_mt2015_eq2\Prob020_mt2015_eq2_gen_3.sv,x-ai/grok-code-fast-1,stop,,gen-1760479627-nLlomsGZiciivRYANOsm
Prob020_mt2015_eq2,8,535,294,0,C:\Users\durgamaniryudh\Desktop\Learn\llm_eval\dataset_spec-to-rtl\test\Prob020_mt2015_eq2\Prob020_mt2015_eq2_gen_8.sv,x-ai/grok-code-fast-1,stop,,gen-1760479653-U2fIXTghn6PsTn9HseUF
Prob020_mt2015_eq2,6,535,220,0,C:\Users\durgamaniryudh\Desktop\Learn\llm_eval\dataset_spec-to-rtl\test\Prob020_mt2015_eq2\Prob020_mt2015_eq2_gen_6.sv,x-ai/grok-code-fast-1,stop,,gen-1760479644-4lmog4VZY3BLR4pySaZR
Prob020_mt2015_eq2,5,535,320,0,C:\Users\durgamaniryudh\Desktop\Learn\llm_eval\dataset_spec-to-rtl\test\Prob020_mt2015_eq2\Prob020_mt2015_eq2_gen_5.sv,x-ai/grok-code-fast-1,stop,,gen-1760479639-p7gZCV2fEf6DX7BpfO5O
Prob053_m2014_q4d,0,539,791,0,C:\Users\durgamaniryudh\Desktop\Learn\llm_eval\dataset_spec-to-rtl\test\Prob053_m2014_q4d\Prob053_m2014_q4d_gen_0.sv,x-ai/grok-code-fast-1,stop,,gen-1760479662-gNVRYpc4M4Z62XfkjSOE
Prob053_m2014_q4d,1,539,391,0,C:\Users\durgamaniryudh\Desktop\Learn\llm_eval\dataset_spec-to-rtl\test\Prob053_m2014_q4d\Prob053_m2014_q4d_gen_1.sv,x-ai/grok-code-fast-1,stop,,gen-1760479670-LcIMoe0k4xzrH7MsHdTQ
Prob053_m2014_q4d,3,539,558,0,C:\Users\durgamaniryudh\Desktop\Learn\llm_eval\dataset_spec-to-rtl\test\Prob053_m2014_q4d\Prob053_m2014_q4d_gen_3.sv,x-ai/grok-code-fast-1,stop,,gen-1760479679-dTFRW36Et3pRI3AdhVwz
Prob053_m2014_q4d,2,539,500,0,C:\Users\durgamaniryudh\Desktop\Learn\llm_eval\dataset_spec-to-rtl\test\Prob053_m2014_q4d\Prob053_m2014_q4d_gen_2.sv,x-ai/grok-code-fast-1,stop,,gen-1760479674-MDV1cCyhwd08exoFPDPY
Prob053_m2014_q4d,4,539,408,0,C:\Users\durgamaniryudh\Desktop\Learn\llm_eval\dataset_spec-to-rtl\test\Prob053_m2014_q4d\Prob053_m2014_q4d_gen_4.sv,x-ai/grok-code-fast-1,stop,,gen-1760479685-sOO9laxdyhq6xjuyRTau
Prob053_m2014_q4d,5,539,655,0,C:\Users\durgamaniryudh\Desktop\Learn\llm_eval\dataset_spec-to-rtl\test\Prob053_m2014_q4d\Prob053_m2014_q4d_gen_5.sv,x-ai/grok-code-fast-1,stop,,gen-1760479689-T3cnOYCwWUgClJW50k2u
Prob053_m2014_q4d,7,539,646,0,C:\Users\durgamaniryudh\Desktop\Learn\llm_eval\dataset_spec-to-rtl\test\Prob053_m2014_q4d\Prob053_m2014_q4d_gen_7.sv,x-ai/grok-code-fast-1,stop,,gen-1760479701-vc4oenWapIhyuHBXTE2S
Prob053_m2014_q4d,6,539,451,0,C:\Users\durgamaniryudh\Desktop\Learn\llm_eval\dataset_spec-to-rtl\test\Prob053_m2014_q4d\Prob053_m2014_q4d_gen_6.sv,x-ai/grok-code-fast-1,stop,,gen-1760479696-kNNf4ewTU3sgl1gu9UMC
Prob053_m2014_q4d,8,539,552,0,C:\Users\durgamaniryudh\Desktop\Learn\llm_eval\dataset_spec-to-rtl\test\Prob053_m2014_q4d\Prob053_m2014_q4d_gen_8.sv,x-ai/grok-code-fast-1,stop,,gen-1760479707-5I7nJX2tIelSToIoHGxp
Prob053_m2014_q4d,9,539,392,0,C:\Users\durgamaniryudh\Desktop\Learn\llm_eval\dataset_spec-to-rtl\test\Prob053_m2014_q4d\Prob053_m2014_q4d_gen_9.sv,x-ai/grok-code-fast-1,stop,,gen-1760479713-ywxjcpE2fdKePojnB4w2
Prob038_count15,0,542,594,0,C:\Users\durgamaniryudh\Desktop\Learn\llm_eval\dataset_spec-to-rtl\test\Prob038_count15\Prob038_count15_gen_0.sv,x-ai/grok-code-fast-1,stop,,gen-1760479718-hxYgVjmmhybqJJel6XdQ
Prob038_count15,2,542,560,0,C:\Users\durgamaniryudh\Desktop\Learn\llm_eval\dataset_spec-to-rtl\test\Prob038_count15\Prob038_count15_gen_2.sv,x-ai/grok-code-fast-1,stop,,gen-1760479728-wNej874sCxiXt45E8Dj5
Prob038_count15,1,542,391,0,C:\Users\durgamaniryudh\Desktop\Learn\llm_eval\dataset_spec-to-rtl\test\Prob038_count15\Prob038_count15_gen_1.sv,x-ai/grok-code-fast-1,stop,,gen-1760479724-9hcRiu4tgu0vv2uGA1GC
Prob038_count15,3,542,482,0,C:\Users\durgamaniryudh\Desktop\Learn\llm_eval\dataset_spec-to-rtl\test\Prob038_count15\Prob038_count15_gen_3.sv,x-ai/grok-code-fast-1,stop,,gen-1760479732-rwTEH5NUnoV7pR3uff62
Prob038_count15,4,542,455,0,C:\Users\durgamaniryudh\Desktop\Learn\llm_eval\dataset_spec-to-rtl\test\Prob038_count15\Prob038_count15_gen_4.sv,x-ai/grok-code-fast-1,stop,,gen-1760479736-AMpbV1Y9OtoKqUdlJKaX
Prob038_count15,5,542,721,0,C:\Users\durgamaniryudh\Desktop\Learn\llm_eval\dataset_spec-to-rtl\test\Prob038_count15\Prob038_count15_gen_5.sv,x-ai/grok-code-fast-1,stop,,gen-1760479740-qmgMWqEMkMHkBMQ9zPQ9
Prob038_count15,6,542,419,0,C:\Users\durgamaniryudh\Desktop\Learn\llm_eval\dataset_spec-to-rtl\test\Prob038_count15\Prob038_count15_gen_6.sv,x-ai/grok-code-fast-1,stop,,gen-1760479747-P4WMvvX4d099B6JgzhTY
Prob038_count15,7,542,646,0,C:\Users\durgamaniryudh\Desktop\Learn\llm_eval\dataset_spec-to-rtl\test\Prob038_count15\Prob038_count15_gen_7.sv,x-ai/grok-code-fast-1,stop,,gen-1760479751-A0j0jgCwE5eJVdXjl5s4
Prob038_count15,8,542,388,0,C:\Users\durgamaniryudh\Desktop\Learn\llm_eval\dataset_spec-to-rtl\test\Prob038_count15\Prob038_count15_gen_8.sv,x-ai/grok-code-fast-1,stop,,gen-1760479757-ckz10KZXA7MmG2dkvVa3
Prob038_count15,9,542,482,0,C:\Users\durgamaniryudh\Desktop\Learn\llm_eval\dataset_spec-to-rtl\test\Prob038_count15\Prob038_count15_gen_9.sv,x-ai/grok-code-fast-1,stop,,gen-1760479762-Z3hu64g2TPrAWusQX2jX
Prob043_vector5,2,603,3358,0,C:\Users\durgamaniryudh\Desktop\Learn\llm_eval\dataset_spec-to-rtl\test\Prob043_vector5\Prob043_vector5_gen_2.sv,x-ai/grok-code-fast-1,stop,,gen-1760479853-u6cC3AUWbHvQZIvw2avj
Prob043_vector5,0,603,1897,0,C:\Users\durgamaniryudh\Desktop\Learn\llm_eval\dataset_spec-to-rtl\test\Prob043_vector5\Prob043_vector5_gen_0.sv,x-ai/grok-code-fast-1,stop,,gen-1760479771-FeBxU6syUmkcliJu0iom
Prob043_vector5,4,603,2321,0,C:\Users\durgamaniryudh\Desktop\Learn\llm_eval\dataset_spec-to-rtl\test\Prob043_vector5\Prob043_vector5_gen_4.sv,x-ai/grok-code-fast-1,stop,,gen-1760479919-uk4gCusvwkMCEksP1K4b
Prob043_vector5,1,603,7160,0,C:\Users\durgamaniryudh\Desktop\Learn\llm_eval\dataset_spec-to-rtl\test\Prob043_vector5\Prob043_vector5_gen_1.sv,x-ai/grok-code-fast-1,stop,,gen-1760479787-XOamcqXEZq5ka7hwlx2S
Prob043_vector5,3,603,3493,0,C:\Users\durgamaniryudh\Desktop\Learn\llm_eval\dataset_spec-to-rtl\test\Prob043_vector5\Prob043_vector5_gen_3.sv,x-ai/grok-code-fast-1,stop,,gen-1760479886-X629PUhSq6mgHNO8tArz
Prob043_vector5,5,603,1717,0,C:\Users\durgamaniryudh\Desktop\Learn\llm_eval\dataset_spec-to-rtl\test\Prob043_vector5\Prob043_vector5_gen_5.sv,x-ai/grok-code-fast-1,stop,,gen-1760479949-Cw1bvKjeIWDlvhRXJDsJ
Prob043_vector5,7,603,2331,0,C:\Users\durgamaniryudh\Desktop\Learn\llm_eval\dataset_spec-to-rtl\test\Prob043_vector5\Prob043_vector5_gen_7.sv,x-ai/grok-code-fast-1,stop,,gen-1760479973-m9lGKHdTRhmTsIjLdb7c
Prob043_vector5,6,603,1146,0,C:\Users\durgamaniryudh\Desktop\Learn\llm_eval\dataset_spec-to-rtl\test\Prob043_vector5\Prob043_vector5_gen_6.sv,x-ai/grok-code-fast-1,stop,,gen-1760479965-KMl7ZCz7I2U6iTOVEtrv
Prob043_vector5,8,603,1496,0,C:\Users\durgamaniryudh\Desktop\Learn\llm_eval\dataset_spec-to-rtl\test\Prob043_vector5\Prob043_vector5_gen_8.sv,x-ai/grok-code-fast-1,stop,,gen-1760479989-Sv4BUk06Adfyp2GXb2dc
Prob043_vector5,9,603,2262,0,C:\Users\durgamaniryudh\Desktop\Learn\llm_eval\dataset_spec-to-rtl\test\Prob043_vector5\Prob043_vector5_gen_9.sv,x-ai/grok-code-fast-1,stop,,gen-1760480000-gWyQJkB50a7BT1fYNk5N
Prob130_circuit5,0,884,1732,0,C:\Users\durgamaniryudh\Desktop\Learn\llm_eval\dataset_spec-to-rtl\test\Prob130_circuit5\Prob130_circuit5_gen_0.sv,x-ai/grok-code-fast-1,stop,,gen-1760480026-GvRACNnOLb0nF68BHdZV
Prob130_circuit5,1,884,2066,0,C:\Users\durgamaniryudh\Desktop\Learn\llm_eval\dataset_spec-to-rtl\test\Prob130_circuit5\Prob130_circuit5_gen_1.sv,x-ai/grok-code-fast-1,stop,,gen-1760480041-OqwUMaZ9GbIUYoEyAo5g
Prob130_circuit5,3,884,778,0,C:\Users\durgamaniryudh\Desktop\Learn\llm_eval\dataset_spec-to-rtl\test\Prob130_circuit5\Prob130_circuit5_gen_3.sv,x-ai/grok-code-fast-1,stop,,gen-1760480074-yBc22XWrcmXHzxUFTYxE
Prob130_circuit5,2,884,1658,0,C:\Users\durgamaniryudh\Desktop\Learn\llm_eval\dataset_spec-to-rtl\test\Prob130_circuit5\Prob130_circuit5_gen_2.sv,x-ai/grok-code-fast-1,stop,,gen-1760480056-HZZjjL0MPOsbezXS9Ozt
Prob130_circuit5,5,884,3085,0,C:\Users\durgamaniryudh\Desktop\Learn\llm_eval\dataset_spec-to-rtl\test\Prob130_circuit5\Prob130_circuit5_gen_5.sv,x-ai/grok-code-fast-1,stop,,gen-1760480106-Nv3TfznVB0rEITe3fcJM
Prob130_circuit5,4,884,2028,0,C:\Users\durgamaniryudh\Desktop\Learn\llm_eval\dataset_spec-to-rtl\test\Prob130_circuit5\Prob130_circuit5_gen_4.sv,x-ai/grok-code-fast-1,stop,,gen-1760480081-4r1JMYXtk1K2uHlNdWMT
Prob130_circuit5,6,884,2170,0,C:\Users\durgamaniryudh\Desktop\Learn\llm_eval\dataset_spec-to-rtl\test\Prob130_circuit5\Prob130_circuit5_gen_6.sv,x-ai/grok-code-fast-1,stop,,gen-1760480144-C9nkEYuUnxHAyDCpi5jp
Prob130_circuit5,7,884,992,0,C:\Users\durgamaniryudh\Desktop\Learn\llm_eval\dataset_spec-to-rtl\test\Prob130_circuit5\Prob130_circuit5_gen_7.sv,x-ai/grok-code-fast-1,stop,,gen-1760480164-wag3TXmc8BaQb4Tq7r5r
Prob130_circuit5,8,884,2166,0,C:\Users\durgamaniryudh\Desktop\Learn\llm_eval\dataset_spec-to-rtl\test\Prob130_circuit5\Prob130_circuit5_gen_8.sv,x-ai/grok-code-fast-1,stop,,gen-1760480174-HfSs2Lxc4Me34UTox8gz
Prob130_circuit5,9,884,1606,0,C:\Users\durgamaniryudh\Desktop\Learn\llm_eval\dataset_spec-to-rtl\test\Prob130_circuit5\Prob130_circuit5_gen_9.sv,x-ai/grok-code-fast-1,stop,,gen-1760480192-Y2eUFyQmIAGVtPxre8RP
Prob106_always_nolatches,0,657,685,0,C:\Users\durgamaniryudh\Desktop\Learn\llm_eval\dataset_spec-to-rtl\test\Prob106_always_nolatches\Prob106_always_nolatches_gen_0.sv,x-ai/grok-code-fast-1,stop,,gen-1760480204-z2GJn3vm7NqWtTLtMXWz
Prob106_always_nolatches,1,657,449,0,C:\Users\durgamaniryudh\Desktop\Learn\llm_eval\dataset_spec-to-rtl\test\Prob106_always_nolatches\Prob106_always_nolatches_gen_1.sv,x-ai/grok-code-fast-1,stop,,gen-1760480212-WuIwU1jp7vNCXiMjdaL5
Prob106_always_nolatches,2,657,1006,0,C:\Users\durgamaniryudh\Desktop\Learn\llm_eval\dataset_spec-to-rtl\test\Prob106_always_nolatches\Prob106_always_nolatches_gen_2.sv,x-ai/grok-code-fast-1,stop,,gen-1760480218-WY1gLj1LC0rtBtoUd1ng
Prob106_always_nolatches,4,657,732,0,C:\Users\durgamaniryudh\Desktop\Learn\llm_eval\dataset_spec-to-rtl\test\Prob106_always_nolatches\Prob106_always_nolatches_gen_4.sv,x-ai/grok-code-fast-1,stop,,gen-1760480237-wPwGyTGWVBhE7zhHWbFQ
Prob106_always_nolatches,3,657,607,0,C:\Users\durgamaniryudh\Desktop\Learn\llm_eval\dataset_spec-to-rtl\test\Prob106_always_nolatches\Prob106_always_nolatches_gen_3.sv,x-ai/grok-code-fast-1,stop,,gen-1760480232-GJtT72kwG3HUlOJ9PbGq
Prob106_always_nolatches,5,657,312,0,C:\Users\durgamaniryudh\Desktop\Learn\llm_eval\dataset_spec-to-rtl\test\Prob106_always_nolatches\Prob106_always_nolatches_gen_5.sv,x-ai/grok-code-fast-1,stop,,gen-1760480243-CYpwJOZvQCXNxn791MVk
Prob106_always_nolatches,7,657,1310,0,C:\Users\durgamaniryudh\Desktop\Learn\llm_eval\dataset_spec-to-rtl\test\Prob106_always_nolatches\Prob106_always_nolatches_gen_7.sv,x-ai/grok-code-fast-1,stop,,gen-1760480255-lnILKk8bXeEuh9RBqbQX
Prob106_always_nolatches,8,657,1116,0,C:\Users\durgamaniryudh\Desktop\Learn\llm_eval\dataset_spec-to-rtl\test\Prob106_always_nolatches\Prob106_always_nolatches_gen_8.sv,x-ai/grok-code-fast-1,stop,,gen-1760480265-8rqqEe0luWVytsN5Ik69
Prob106_always_nolatches,6,657,517,0,C:\Users\durgamaniryudh\Desktop\Learn\llm_eval\dataset_spec-to-rtl\test\Prob106_always_nolatches\Prob106_always_nolatches_gen_6.sv,x-ai/grok-code-fast-1,stop,,gen-1760480251-yP3O4cEgNBjjFRllDgBe
Prob106_always_nolatches,9,657,435,0,C:\Users\durgamaniryudh\Desktop\Learn\llm_eval\dataset_spec-to-rtl\test\Prob106_always_nolatches\Prob106_always_nolatches_gen_9.sv,x-ai/grok-code-fast-1,stop,,gen-1760480278-txmeoDrL43mU6GhiSp0H
Prob136_m2014_q6,0,627,1003,0,C:\Users\durgamaniryudh\Desktop\Learn\llm_eval\dataset_spec-to-rtl\test\Prob136_m2014_q6\Prob136_m2014_q6_gen_0.sv,x-ai/grok-code-fast-1,stop,,gen-1760480282-mVJsF0AU7wclohzd1muf
Prob136_m2014_q6,3,627,1354,0,C:\Users\durgamaniryudh\Desktop\Learn\llm_eval\dataset_spec-to-rtl\test\Prob136_m2014_q6\Prob136_m2014_q6_gen_3.sv,x-ai/grok-code-fast-1,stop,,gen-1760480303-g6bYAeD2ZI1KwdbXSpUT
Prob136_m2014_q6,4,627,647,0,C:\Users\durgamaniryudh\Desktop\Learn\llm_eval\dataset_spec-to-rtl\test\Prob136_m2014_q6\Prob136_m2014_q6_gen_4.sv,x-ai/grok-code-fast-1,stop,,gen-1760480316-ibtrW71wCuCTn2KEnWj9
Prob136_m2014_q6,2,627,969,0,C:\Users\durgamaniryudh\Desktop\Learn\llm_eval\dataset_spec-to-rtl\test\Prob136_m2014_q6\Prob136_m2014_q6_gen_2.sv,x-ai/grok-code-fast-1,stop,,gen-1760480297-gPA8lADfJ0WTHyZ2VHXT
Prob136_m2014_q6,1,627,924,0,C:\Users\durgamaniryudh\Desktop\Learn\llm_eval\dataset_spec-to-rtl\test\Prob136_m2014_q6\Prob136_m2014_q6_gen_1.sv,x-ai/grok-code-fast-1,stop,,gen-1760480289-QrmlYdAw0u9mrIsLxhrx
Prob136_m2014_q6,5,627,1150,0,C:\Users\durgamaniryudh\Desktop\Learn\llm_eval\dataset_spec-to-rtl\test\Prob136_m2014_q6\Prob136_m2014_q6_gen_5.sv,x-ai/grok-code-fast-1,stop,,gen-1760480321-eaP6xuUxThXgeFyUwfE9
Prob136_m2014_q6,7,627,1010,0,C:\Users\durgamaniryudh\Desktop\Learn\llm_eval\dataset_spec-to-rtl\test\Prob136_m2014_q6\Prob136_m2014_q6_gen_7.sv,x-ai/grok-code-fast-1,stop,,gen-1760480335-jjmVj8OboJA0JzjQFvLt
Prob136_m2014_q6,9,627,917,0,C:\Users\durgamaniryudh\Desktop\Learn\llm_eval\dataset_spec-to-rtl\test\Prob136_m2014_q6\Prob136_m2014_q6_gen_9.sv,x-ai/grok-code-fast-1,stop,,gen-1760480355-c3Y45ckqTEgyhwnvq7Fa
Prob136_m2014_q6,6,627,662,0,C:\Users\durgamaniryudh\Desktop\Learn\llm_eval\dataset_spec-to-rtl\test\Prob136_m2014_q6\Prob136_m2014_q6_gen_6.sv,x-ai/grok-code-fast-1,stop,,gen-1760480329-rnGW6jY3ZAA6IY2IeNv1
Prob136_m2014_q6,8,627,1757,0,C:\Users\durgamaniryudh\Desktop\Learn\llm_eval\dataset_spec-to-rtl\test\Prob136_m2014_q6\Prob136_m2014_q6_gen_8.sv,x-ai/grok-code-fast-1,stop,,gen-1760480342-OmWvDds8r06ySptvc4Xf
Prob024_hadd,0,509,316,0,C:\Users\durgamaniryudh\Desktop\Learn\llm_eval\dataset_spec-to-rtl\test\Prob024_hadd\Prob024_hadd_gen_0.sv,x-ai/grok-code-fast-1,stop,,gen-1760480361-oD3hRPR1QP20822j2OcC
Prob024_hadd,2,509,354,0,C:\Users\durgamaniryudh\Desktop\Learn\llm_eval\dataset_spec-to-rtl\test\Prob024_hadd\Prob024_hadd_gen_2.sv,x-ai/grok-code-fast-1,stop,,gen-1760480369-TpcIWZLic0ZSXt3WNgoW
Prob024_hadd,1,509,184,0,C:\Users\durgamaniryudh\Desktop\Learn\llm_eval\dataset_spec-to-rtl\test\Prob024_hadd\Prob024_hadd_gen_1.sv,x-ai/grok-code-fast-1,stop,,gen-1760480365-v7tiDeCyuddl8dtnGzpO
Prob024_hadd,5,509,528,0,C:\Users\durgamaniryudh\Desktop\Learn\llm_eval\dataset_spec-to-rtl\test\Prob024_hadd\Prob024_hadd_gen_5.sv,x-ai/grok-code-fast-1,stop,,gen-1760480383-157IdEjwjU1WuzXWeqdo
Prob024_hadd,7,509,196,0,C:\Users\durgamaniryudh\Desktop\Learn\llm_eval\dataset_spec-to-rtl\test\Prob024_hadd\Prob024_hadd_gen_7.sv,x-ai/grok-code-fast-1,stop,,gen-1760480391-svEDey6L1cfSV8IoED4H
Prob024_hadd,3,509,412,0,C:\Users\durgamaniryudh\Desktop\Learn\llm_eval\dataset_spec-to-rtl\test\Prob024_hadd\Prob024_hadd_gen_3.sv,x-ai/grok-code-fast-1,stop,,gen-1760480375-CDB78LLho4PD4n2NOadl
Prob024_hadd,6,509,294,0,C:\Users\durgamaniryudh\Desktop\Learn\llm_eval\dataset_spec-to-rtl\test\Prob024_hadd\Prob024_hadd_gen_6.sv,x-ai/grok-code-fast-1,stop,,gen-1760480387-wYtZTa2xQNW5uQ54F00O
Prob024_hadd,4,509,369,0,C:\Users\durgamaniryudh\Desktop\Learn\llm_eval\dataset_spec-to-rtl\test\Prob024_hadd\Prob024_hadd_gen_4.sv,x-ai/grok-code-fast-1,stop,,gen-1760480379-LWmK1Zo9s7n7Af2PnaXc
Prob024_hadd,8,509,321,0,C:\Users\durgamaniryudh\Desktop\Learn\llm_eval\dataset_spec-to-rtl\test\Prob024_hadd\Prob024_hadd_gen_8.sv,x-ai/grok-code-fast-1,stop,,gen-1760480393-0Vc8XTWsgnzrDLLggJ1c
Prob024_hadd,9,509,633,0,C:\Users\durgamaniryudh\Desktop\Learn\llm_eval\dataset_spec-to-rtl\test\Prob024_hadd\Prob024_hadd_gen_9.sv,x-ai/grok-code-fast-1,stop,,gen-1760480400-hPyMCriAM0CUR0LlV4HM
Prob091_2012_q2b,0,725,1079,0,C:\Users\durgamaniryudh\Desktop\Learn\llm_eval\dataset_spec-to-rtl\test\Prob091_2012_q2b\Prob091_2012_q2b_gen_0.sv,x-ai/grok-code-fast-1,stop,,gen-1760480409-6jXYCXpZsQxfj1ep72BK
Prob091_2012_q2b,2,725,917,0,C:\Users\durgamaniryudh\Desktop\Learn\llm_eval\dataset_spec-to-rtl\test\Prob091_2012_q2b\Prob091_2012_q2b_gen_2.sv,x-ai/grok-code-fast-1,stop,,gen-1760480438-ISJEHyo9ZyfYgV5w5GpH
Prob091_2012_q2b,3,725,1287,0,C:\Users\durgamaniryudh\Desktop\Learn\llm_eval\dataset_spec-to-rtl\test\Prob091_2012_q2b\Prob091_2012_q2b_gen_3.sv,x-ai/grok-code-fast-1,stop,,gen-1760480449-5S07Gb2p4g9wnagZJLWN
Prob091_2012_q2b,1,725,2067,0,C:\Users\durgamaniryudh\Desktop\Learn\llm_eval\dataset_spec-to-rtl\test\Prob091_2012_q2b\Prob091_2012_q2b_gen_1.sv,x-ai/grok-code-fast-1,stop,,gen-1760480419-PVxKcafoPkNq4NqG6T3s
Prob091_2012_q2b,4,725,853,0,C:\Users\durgamaniryudh\Desktop\Learn\llm_eval\dataset_spec-to-rtl\test\Prob091_2012_q2b\Prob091_2012_q2b_gen_4.sv,x-ai/grok-code-fast-1,stop,,gen-1760480465-QAbjtqAILLxnsPlbolMQ
Prob091_2012_q2b,5,725,896,0,C:\Users\durgamaniryudh\Desktop\Learn\llm_eval\dataset_spec-to-rtl\test\Prob091_2012_q2b\Prob091_2012_q2b_gen_5.sv,x-ai/grok-code-fast-1,stop,,gen-1760480473-F6tyjmKlXrL2PU2mYzWY
Prob091_2012_q2b,7,725,1240,0,C:\Users\durgamaniryudh\Desktop\Learn\llm_eval\dataset_spec-to-rtl\test\Prob091_2012_q2b\Prob091_2012_q2b_gen_7.sv,x-ai/grok-code-fast-1,stop,,gen-1760480490-2q2HU2QkHYzoGb4i6QUT
Prob091_2012_q2b,8,725,866,0,C:\Users\durgamaniryudh\Desktop\Learn\llm_eval\dataset_spec-to-rtl\test\Prob091_2012_q2b\Prob091_2012_q2b_gen_8.sv,x-ai/grok-code-fast-1,stop,,gen-1760480502-gTSaTcZ9ioGGgIdnFeuk
Prob091_2012_q2b,9,725,768,0,C:\Users\durgamaniryudh\Desktop\Learn\llm_eval\dataset_spec-to-rtl\test\Prob091_2012_q2b\Prob091_2012_q2b_gen_9.sv,x-ai/grok-code-fast-1,stop,,gen-1760480512-UwRiNN97a8HH2Y0v5eGP
Prob091_2012_q2b,6,725,1041,0,C:\Users\durgamaniryudh\Desktop\Learn\llm_eval\dataset_spec-to-rtl\test\Prob091_2012_q2b\Prob091_2012_q2b_gen_6.sv,x-ai/grok-code-fast-1,stop,,gen-1760480481-ttdp2QHASjb9Hqw1S8SV
Prob048_m2014_q4c,0,505,588,0,C:\Users\durgamaniryudh\Desktop\Learn\llm_eval\dataset_spec-to-rtl\test\Prob048_m2014_q4c\Prob048_m2014_q4c_gen_0.sv,x-ai/grok-code-fast-1,stop,,gen-1760480520-x1FevC7pvfbtVstHEapo
Prob048_m2014_q4c,2,505,481,0,C:\Users\durgamaniryudh\Desktop\Learn\llm_eval\dataset_spec-to-rtl\test\Prob048_m2014_q4c\Prob048_m2014_q4c_gen_2.sv,x-ai/grok-code-fast-1,stop,,gen-1760480529-B4ogOGtIaaeCvRmF9vf8
Prob048_m2014_q4c,1,505,324,0,C:\Users\durgamaniryudh\Desktop\Learn\llm_eval\dataset_spec-to-rtl\test\Prob048_m2014_q4c\Prob048_m2014_q4c_gen_1.sv,x-ai/grok-code-fast-1,stop,,gen-1760480526-pMAgMIDF7RM1xvT7nkUB
Prob048_m2014_q4c,4,505,449,0,C:\Users\durgamaniryudh\Desktop\Learn\llm_eval\dataset_spec-to-rtl\test\Prob048_m2014_q4c\Prob048_m2014_q4c_gen_4.sv,x-ai/grok-code-fast-1,stop,,gen-1760480540-SCHi2gBVWwF9KtRvNFfs
Prob048_m2014_q4c,3,505,395,0,C:\Users\durgamaniryudh\Desktop\Learn\llm_eval\dataset_spec-to-rtl\test\Prob048_m2014_q4c\Prob048_m2014_q4c_gen_3.sv,x-ai/grok-code-fast-1,stop,,gen-1760480536-TDADJoxu0Tx37YosKNnU
Prob048_m2014_q4c,6,505,382,0,C:\Users\durgamaniryudh\Desktop\Learn\llm_eval\dataset_spec-to-rtl\test\Prob048_m2014_q4c\Prob048_m2014_q4c_gen_6.sv,x-ai/grok-code-fast-1,stop,,gen-1760480549-i4UVa50bkKNyGGHZ5ImR
Prob048_m2014_q4c,5,505,538,0,C:\Users\durgamaniryudh\Desktop\Learn\llm_eval\dataset_spec-to-rtl\test\Prob048_m2014_q4c\Prob048_m2014_q4c_gen_5.sv,x-ai/grok-code-fast-1,stop,,gen-1760480544-r6ZqIu5QiQfMi9EANB4P
Prob048_m2014_q4c,8,505,611,0,C:\Users\durgamaniryudh\Desktop\Learn\llm_eval\dataset_spec-to-rtl\test\Prob048_m2014_q4c\Prob048_m2014_q4c_gen_8.sv,x-ai/grok-code-fast-1,stop,,gen-1760480557-QkuCFCDqUXtklWPp9MXp
Prob048_m2014_q4c,7,505,200,0,C:\Users\durgamaniryudh\Desktop\Learn\llm_eval\dataset_spec-to-rtl\test\Prob048_m2014_q4c\Prob048_m2014_q4c_gen_7.sv,x-ai/grok-code-fast-1,stop,,gen-1760480553-eX0RE0Rzjmc3izxfVBEA
Prob048_m2014_q4c,9,505,441,0,C:\Users\durgamaniryudh\Desktop\Learn\llm_eval\dataset_spec-to-rtl\test\Prob048_m2014_q4c\Prob048_m2014_q4c_gen_9.sv,x-ai/grok-code-fast-1,stop,,gen-1760480563-TMX1J9k95unXTw3O1aTW
Prob142_lemmings2,3,807,2075,0,C:\Users\durgamaniryudh\Desktop\Learn\llm_eval\dataset_spec-to-rtl\test\Prob142_lemmings2\Prob142_lemmings2_gen_3.sv,x-ai/grok-code-fast-1,stop,,gen-1760480623-sovu1zWXpcly4m616jug
Prob142_lemmings2,2,807,2397,0,C:\Users\durgamaniryudh\Desktop\Learn\llm_eval\dataset_spec-to-rtl\test\Prob142_lemmings2\Prob142_lemmings2_gen_2.sv,x-ai/grok-code-fast-1,stop,,gen-1760480604-51FZKn26IRFAyqeS6KQd
Prob142_lemmings2,1,807,1868,0,C:\Users\durgamaniryudh\Desktop\Learn\llm_eval\dataset_spec-to-rtl\test\Prob142_lemmings2\Prob142_lemmings2_gen_1.sv,x-ai/grok-code-fast-1,stop,,gen-1760480587-uM0uSAcyRkAUV07i0Hg2
Prob142_lemmings2,0,807,1902,0,C:\Users\durgamaniryudh\Desktop\Learn\llm_eval\dataset_spec-to-rtl\test\Prob142_lemmings2\Prob142_lemmings2_gen_0.sv,x-ai/grok-code-fast-1,stop,,gen-1760480567-yYf7mqaZuNaBdR3R1mT6
Prob142_lemmings2,4,807,2458,0,C:\Users\durgamaniryudh\Desktop\Learn\llm_eval\dataset_spec-to-rtl\test\Prob142_lemmings2\Prob142_lemmings2_gen_4.sv,x-ai/grok-code-fast-1,stop,,gen-1760480647-oQjY9ZVZ21XnfmpyMc1b
Prob142_lemmings2,7,807,5610,0,C:\Users\durgamaniryudh\Desktop\Learn\llm_eval\dataset_spec-to-rtl\test\Prob142_lemmings2\Prob142_lemmings2_gen_7.sv,x-ai/grok-code-fast-1,stop,,gen-1760480731-1qXQY0QkkrKmYepvphfG
Prob142_lemmings2,5,807,3339,0,C:\Users\durgamaniryudh\Desktop\Learn\llm_eval\dataset_spec-to-rtl\test\Prob142_lemmings2\Prob142_lemmings2_gen_5.sv,x-ai/grok-code-fast-1,stop,,gen-1760480674-Jef44FPnP00aKwGtc13x
Prob142_lemmings2,6,807,4704,0,C:\Users\durgamaniryudh\Desktop\Learn\llm_eval\dataset_spec-to-rtl\test\Prob142_lemmings2\Prob142_lemmings2_gen_6.sv,x-ai/grok-code-fast-1,stop,,gen-1760480695-xrkrOmsRLbc3MEcNcNk1
Prob142_lemmings2,8,807,2577,0,C:\Users\durgamaniryudh\Desktop\Learn\llm_eval\dataset_spec-to-rtl\test\Prob142_lemmings2\Prob142_lemmings2_gen_8.sv,x-ai/grok-code-fast-1,stop,,gen-1760480776-g0Y7npo52le0ATbU5Lst
Prob142_lemmings2,9,807,2680,0,C:\Users\durgamaniryudh\Desktop\Learn\llm_eval\dataset_spec-to-rtl\test\Prob142_lemmings2\Prob142_lemmings2_gen_9.sv,x-ai/grok-code-fast-1,stop,,gen-1760480803-6fXIQiDt4RvB55OQyvex
Prob045_edgedetect2,0,567,711,0,C:\Users\durgamaniryudh\Desktop\Learn\llm_eval\dataset_spec-to-rtl\test\Prob045_edgedetect2\Prob045_edgedetect2_gen_0.sv,x-ai/grok-code-fast-1,stop,,gen-1760480820-nKIFmQBl5yyvfipc7Lov
Prob045_edgedetect2,3,567,1775,0,C:\Users\durgamaniryudh\Desktop\Learn\llm_eval\dataset_spec-to-rtl\test\Prob045_edgedetect2\Prob045_edgedetect2_gen_3.sv,x-ai/grok-code-fast-1,stop,,gen-1760480906-JcJs2CBbvQXMcP382F3l
Prob045_edgedetect2,2,567,1177,0,C:\Users\durgamaniryudh\Desktop\Learn\llm_eval\dataset_spec-to-rtl\test\Prob045_edgedetect2\Prob045_edgedetect2_gen_2.sv,x-ai/grok-code-fast-1,stop,,gen-1760480894-EnidEGflyMOSDtWJgVXT
Prob045_edgedetect2,4,567,2296,0,C:\Users\durgamaniryudh\Desktop\Learn\llm_eval\dataset_spec-to-rtl\test\Prob045_edgedetect2\Prob045_edgedetect2_gen_4.sv,x-ai/grok-code-fast-1,stop,,gen-1760480925-1foulXOAkpoIs2Snl5MO
Prob045_edgedetect2,1,567,5771,0,C:\Users\durgamaniryudh\Desktop\Learn\llm_eval\dataset_spec-to-rtl\test\Prob045_edgedetect2\Prob045_edgedetect2_gen_1.sv,x-ai/grok-code-fast-1,stop,,gen-1760480828-nz53dxM1aRqD5XOgoIsH
Prob045_edgedetect2,6,567,3485,0,C:\Users\durgamaniryudh\Desktop\Learn\llm_eval\dataset_spec-to-rtl\test\Prob045_edgedetect2\Prob045_edgedetect2_gen_6.sv,x-ai/grok-code-fast-1,stop,,gen-1760480964-bHLM0GCvu6IR4d7nRpvc
Prob045_edgedetect2,7,567,2224,0,C:\Users\durgamaniryudh\Desktop\Learn\llm_eval\dataset_spec-to-rtl\test\Prob045_edgedetect2\Prob045_edgedetect2_gen_7.sv,x-ai/grok-code-fast-1,stop,,gen-1760481001-RTL29t3RvCKau1kScaNb
Prob045_edgedetect2,5,567,1000,0,C:\Users\durgamaniryudh\Desktop\Learn\llm_eval\dataset_spec-to-rtl\test\Prob045_edgedetect2\Prob045_edgedetect2_gen_5.sv,x-ai/grok-code-fast-1,stop,,gen-1760480954-cxROX0DBIbuQE9vg6K3l
Prob045_edgedetect2,9,567,1292,0,C:\Users\durgamaniryudh\Desktop\Learn\llm_eval\dataset_spec-to-rtl\test\Prob045_edgedetect2\Prob045_edgedetect2_gen_9.sv,x-ai/grok-code-fast-1,stop,,gen-1760481040-FUmGrx3g9uls68GcHpnf
Prob045_edgedetect2,8,567,2973,0,C:\Users\durgamaniryudh\Desktop\Learn\llm_eval\dataset_spec-to-rtl\test\Prob045_edgedetect2\Prob045_edgedetect2_gen_8.sv,x-ai/grok-code-fast-1,stop,,gen-1760481019-ABFJpVemXknDcA3qnXJM
Prob067_countslow,1,581,344,0,C:\Users\durgamaniryudh\Desktop\Learn\llm_eval\dataset_spec-to-rtl\test\Prob067_countslow\Prob067_countslow_gen_1.sv,x-ai/grok-code-fast-1,stop,,gen-1760481057-nlOW9YcOvwiRxr9s1vVt
Prob067_countslow,0,581,571,0,C:\Users\durgamaniryudh\Desktop\Learn\llm_eval\dataset_spec-to-rtl\test\Prob067_countslow\Prob067_countslow_gen_0.sv,x-ai/grok-code-fast-1,stop,,gen-1760481052-5QaXabrLnlOr4n3ESldN
Prob067_countslow,2,581,773,0,C:\Users\durgamaniryudh\Desktop\Learn\llm_eval\dataset_spec-to-rtl\test\Prob067_countslow\Prob067_countslow_gen_2.sv,x-ai/grok-code-fast-1,stop,,gen-1760481061-qMAI8fuM48Hu8fkuPLFP
Prob067_countslow,3,581,567,0,C:\Users\durgamaniryudh\Desktop\Learn\llm_eval\dataset_spec-to-rtl\test\Prob067_countslow\Prob067_countslow_gen_3.sv,x-ai/grok-code-fast-1,stop,,gen-1760481067-FcfGbrFOJBreIpSvpSqh
Prob067_countslow,5,581,528,0,C:\Users\durgamaniryudh\Desktop\Learn\llm_eval\dataset_spec-to-rtl\test\Prob067_countslow\Prob067_countslow_gen_5.sv,x-ai/grok-code-fast-1,stop,,gen-1760481079-agw6PVhVj7FQ8IiNV1Gf
Prob067_countslow,4,581,656,0,C:\Users\durgamaniryudh\Desktop\Learn\llm_eval\dataset_spec-to-rtl\test\Prob067_countslow\Prob067_countslow_gen_4.sv,x-ai/grok-code-fast-1,stop,,gen-1760481073-vvcyVLNM9C12nwcgP1lD
Prob067_countslow,8,581,507,0,C:\Users\durgamaniryudh\Desktop\Learn\llm_eval\dataset_spec-to-rtl\test\Prob067_countslow\Prob067_countslow_gen_8.sv,x-ai/grok-code-fast-1,stop,,gen-1760481096-Gk90fJFtdJ1HFuBNdI2F
Prob067_countslow,9,581,594,0,C:\Users\durgamaniryudh\Desktop\Learn\llm_eval\dataset_spec-to-rtl\test\Prob067_countslow\Prob067_countslow_gen_9.sv,x-ai/grok-code-fast-1,stop,,gen-1760481101-NDWoGYow4MX5Bgqo3b8L
Prob067_countslow,6,581,556,0,C:\Users\durgamaniryudh\Desktop\Learn\llm_eval\dataset_spec-to-rtl\test\Prob067_countslow\Prob067_countslow_gen_6.sv,x-ai/grok-code-fast-1,stop,,gen-1760481085-Gvm3u5Uqy6FpONIOLtCn
Prob067_countslow,7,581,551,0,C:\Users\durgamaniryudh\Desktop\Learn\llm_eval\dataset_spec-to-rtl\test\Prob067_countslow\Prob067_countslow_gen_7.sv,x-ai/grok-code-fast-1,stop,,gen-1760481091-V1MNKpR17nFLBHAKs2gs
Prob111_fsm2s,0,582,812,0,C:\Users\durgamaniryudh\Desktop\Learn\llm_eval\dataset_spec-to-rtl\test\Prob111_fsm2s\Prob111_fsm2s_gen_0.sv,x-ai/grok-code-fast-1,stop,,gen-1760481106-sS2acYn1tyHAkuSA0VtN
Prob111_fsm2s,1,582,1462,0,C:\Users\durgamaniryudh\Desktop\Learn\llm_eval\dataset_spec-to-rtl\test\Prob111_fsm2s\Prob111_fsm2s_gen_1.sv,x-ai/grok-code-fast-1,stop,,gen-1760481112-absrUTebisQAmB9HftsD
Prob111_fsm2s,4,582,608,0,C:\Users\durgamaniryudh\Desktop\Learn\llm_eval\dataset_spec-to-rtl\test\Prob111_fsm2s\Prob111_fsm2s_gen_4.sv,x-ai/grok-code-fast-1,stop,,gen-1760481147-ft0UAduA1hmkKjC08ceH
Prob111_fsm2s,2,582,804,0,C:\Users\durgamaniryudh\Desktop\Learn\llm_eval\dataset_spec-to-rtl\test\Prob111_fsm2s\Prob111_fsm2s_gen_2.sv,x-ai/grok-code-fast-1,stop,,gen-1760481129-cvFafQNSITvFp7Fh6Av8
Prob111_fsm2s,3,582,1273,0,C:\Users\durgamaniryudh\Desktop\Learn\llm_eval\dataset_spec-to-rtl\test\Prob111_fsm2s\Prob111_fsm2s_gen_3.sv,x-ai/grok-code-fast-1,stop,,gen-1760481135-DYizJT1l9BFK4Mcw5daU
Prob111_fsm2s,5,582,945,0,C:\Users\durgamaniryudh\Desktop\Learn\llm_eval\dataset_spec-to-rtl\test\Prob111_fsm2s\Prob111_fsm2s_gen_5.sv,x-ai/grok-code-fast-1,stop,,gen-1760481153-U1QsXB3HZh5ek9cUsImw
Prob111_fsm2s,7,582,581,0,C:\Users\durgamaniryudh\Desktop\Learn\llm_eval\dataset_spec-to-rtl\test\Prob111_fsm2s\Prob111_fsm2s_gen_7.sv,x-ai/grok-code-fast-1,stop,,gen-1760481167-96MNLOuNXttmHLHHHf0t
Prob111_fsm2s,6,582,715,0,C:\Users\durgamaniryudh\Desktop\Learn\llm_eval\dataset_spec-to-rtl\test\Prob111_fsm2s\Prob111_fsm2s_gen_6.sv,x-ai/grok-code-fast-1,stop,,gen-1760481160-NFwwrrmXefkgLa5FHOms
Prob111_fsm2s,8,582,1175,0,C:\Users\durgamaniryudh\Desktop\Learn\llm_eval\dataset_spec-to-rtl\test\Prob111_fsm2s\Prob111_fsm2s_gen_8.sv,x-ai/grok-code-fast-1,stop,,gen-1760481172-KpJO94mAMCAdsvFqHVmq
Prob111_fsm2s,9,582,644,0,C:\Users\durgamaniryudh\Desktop\Learn\llm_eval\dataset_spec-to-rtl\test\Prob111_fsm2s\Prob111_fsm2s_gen_9.sv,x-ai/grok-code-fast-1,stop,,gen-1760481184-efQsH4uRXMsL2O8PZuPg
Prob032_vector0,2,547,587,0,C:\Users\durgamaniryudh\Desktop\Learn\llm_eval\dataset_spec-to-rtl\test\Prob032_vector0\Prob032_vector0_gen_2.sv,x-ai/grok-code-fast-1,stop,,gen-1760481199-wl3z0nAfr4oHnFaCIeHX
Prob032_vector0,1,547,488,0,C:\Users\durgamaniryudh\Desktop\Learn\llm_eval\dataset_spec-to-rtl\test\Prob032_vector0\Prob032_vector0_gen_1.sv,x-ai/grok-code-fast-1,stop,,gen-1760481193-jQAfZaDPxYAWYV606Cjr
Prob032_vector0,0,547,285,0,C:\Users\durgamaniryudh\Desktop\Learn\llm_eval\dataset_spec-to-rtl\test\Prob032_vector0\Prob032_vector0_gen_0.sv,x-ai/grok-code-fast-1,stop,,gen-1760481190-hKSuchd4zLLmbE9RmVVl
Prob032_vector0,5,547,673,0,C:\Users\durgamaniryudh\Desktop\Learn\llm_eval\dataset_spec-to-rtl\test\Prob032_vector0\Prob032_vector0_gen_5.sv,x-ai/grok-code-fast-1,stop,,gen-1760481214-4VRkWoO0XE7s7bTyCxJB
Prob032_vector0,3,547,573,0,C:\Users\durgamaniryudh\Desktop\Learn\llm_eval\dataset_spec-to-rtl\test\Prob032_vector0\Prob032_vector0_gen_3.sv,x-ai/grok-code-fast-1,stop,,gen-1760481204-7aN8Xbvn9EGmFjTdJun1
Prob032_vector0,4,547,478,0,C:\Users\durgamaniryudh\Desktop\Learn\llm_eval\dataset_spec-to-rtl\test\Prob032_vector0\Prob032_vector0_gen_4.sv,x-ai/grok-code-fast-1,stop,,gen-1760481209-17hOTzptg9LsKGqdaN4Z
Prob032_vector0,6,547,396,0,C:\Users\durgamaniryudh\Desktop\Learn\llm_eval\dataset_spec-to-rtl\test\Prob032_vector0\Prob032_vector0_gen_6.sv,x-ai/grok-code-fast-1,stop,,gen-1760481221-KL9SsXuevfdlnwglBdWg
Prob032_vector0,7,547,908,0,C:\Users\durgamaniryudh\Desktop\Learn\llm_eval\dataset_spec-to-rtl\test\Prob032_vector0\Prob032_vector0_gen_7.sv,x-ai/grok-code-fast-1,stop,,gen-1760481225-fFCjueJalnfbuxcJTSL5
Prob032_vector0,8,547,436,0,C:\Users\durgamaniryudh\Desktop\Learn\llm_eval\dataset_spec-to-rtl\test\Prob032_vector0\Prob032_vector0_gen_8.sv,x-ai/grok-code-fast-1,stop,,gen-1760481233-iw46iG5oy224WHDxsgug
Prob032_vector0,9,547,515,0,C:\Users\durgamaniryudh\Desktop\Learn\llm_eval\dataset_spec-to-rtl\test\Prob032_vector0\Prob032_vector0_gen_9.sv,x-ai/grok-code-fast-1,stop,,gen-1760481240-m6KraFBx3WE8c3My5fWo
Prob096_review2015_fsmseq,0,551,1038,0,C:\Users\durgamaniryudh\Desktop\Learn\llm_eval\dataset_spec-to-rtl\test\Prob096_review2015_fsmseq\Prob096_review2015_fsmseq_gen_0.sv,x-ai/grok-code-fast-1,stop,,gen-1760481245-WH3QMViwsLJ4HxZrGSu4
Prob096_review2015_fsmseq,2,551,1521,0,C:\Users\durgamaniryudh\Desktop\Learn\llm_eval\dataset_spec-to-rtl\test\Prob096_review2015_fsmseq\Prob096_review2015_fsmseq_gen_2.sv,x-ai/grok-code-fast-1,stop,,gen-1760481286-bn6DpERzV61zSz5ZNEMg
Prob096_review2015_fsmseq,3,551,1934,0,C:\Users\durgamaniryudh\Desktop\Learn\llm_eval\dataset_spec-to-rtl\test\Prob096_review2015_fsmseq\Prob096_review2015_fsmseq_gen_3.sv,x-ai/grok-code-fast-1,stop,,gen-1760481301-ZrpUxQAk3S609z0iYydD
Prob096_review2015_fsmseq,1,551,2203,0,C:\Users\durgamaniryudh\Desktop\Learn\llm_eval\dataset_spec-to-rtl\test\Prob096_review2015_fsmseq\Prob096_review2015_fsmseq_gen_1.sv,x-ai/grok-code-fast-1,stop,,gen-1760481266-zmRdG3nCvCQgy8mrHM62
Prob096_review2015_fsmseq,4,551,1049,0,C:\Users\durgamaniryudh\Desktop\Learn\llm_eval\dataset_spec-to-rtl\test\Prob096_review2015_fsmseq\Prob096_review2015_fsmseq_gen_4.sv,x-ai/grok-code-fast-1,stop,,gen-1760481316-thWYXNX3PCo5kWiFYF9m
Prob096_review2015_fsmseq,6,551,2973,0,C:\Users\durgamaniryudh\Desktop\Learn\llm_eval\dataset_spec-to-rtl\test\Prob096_review2015_fsmseq\Prob096_review2015_fsmseq_gen_6.sv,x-ai/grok-code-fast-1,stop,,gen-1760481358-TzQAsr34HtTFC39Wgszj
Prob096_review2015_fsmseq,5,551,2395,0,C:\Users\durgamaniryudh\Desktop\Learn\llm_eval\dataset_spec-to-rtl\test\Prob096_review2015_fsmseq\Prob096_review2015_fsmseq_gen_5.sv,x-ai/grok-code-fast-1,stop,,gen-1760481323-nEW0B9CO7MPfg6CLfBhz
Prob096_review2015_fsmseq,7,551,2133,0,C:\Users\durgamaniryudh\Desktop\Learn\llm_eval\dataset_spec-to-rtl\test\Prob096_review2015_fsmseq\Prob096_review2015_fsmseq_gen_7.sv,x-ai/grok-code-fast-1,stop,,gen-1760481384-wkgdySKUhypVAPXJsYpd
Prob096_review2015_fsmseq,8,551,1271,0,C:\Users\durgamaniryudh\Desktop\Learn\llm_eval\dataset_spec-to-rtl\test\Prob096_review2015_fsmseq\Prob096_review2015_fsmseq_gen_8.sv,x-ai/grok-code-fast-1,stop,,gen-1760481406-9HvSrva2U8Hj1RAoRG8s
Prob096_review2015_fsmseq,9,551,1624,0,C:\Users\durgamaniryudh\Desktop\Learn\llm_eval\dataset_spec-to-rtl\test\Prob096_review2015_fsmseq\Prob096_review2015_fsmseq_gen_9.sv,x-ai/grok-code-fast-1,stop,,gen-1760481415-3jEkkrGXgDaouOP4dB3y
Prob042_vector4,1,643,472,0,C:\Users\durgamaniryudh\Desktop\Learn\llm_eval\dataset_spec-to-rtl\test\Prob042_vector4\Prob042_vector4_gen_1.sv,x-ai/grok-code-fast-1,stop,,gen-1760481432-0jNSofRxwqwyZ3dSLotW
Prob042_vector4,0,643,377,0,C:\Users\durgamaniryudh\Desktop\Learn\llm_eval\dataset_spec-to-rtl\test\Prob042_vector4\Prob042_vector4_gen_0.sv,x-ai/grok-code-fast-1,stop,,gen-1760481428-yKMSs5b2IAHmZZeEgcNR
Prob042_vector4,2,643,306,0,C:\Users\durgamaniryudh\Desktop\Learn\llm_eval\dataset_spec-to-rtl\test\Prob042_vector4\Prob042_vector4_gen_2.sv,x-ai/grok-code-fast-1,stop,,gen-1760481436-p6Z4EEUpmg6maV4NvsVe
Prob042_vector4,4,643,247,0,C:\Users\durgamaniryudh\Desktop\Learn\llm_eval\dataset_spec-to-rtl\test\Prob042_vector4\Prob042_vector4_gen_4.sv,x-ai/grok-code-fast-1,stop,,gen-1760481445-q8iYUvj2pAoP8Q2PLMXc
Prob042_vector4,5,643,265,0,C:\Users\durgamaniryudh\Desktop\Learn\llm_eval\dataset_spec-to-rtl\test\Prob042_vector4\Prob042_vector4_gen_5.sv,x-ai/grok-code-fast-1,stop,,gen-1760481448-olcmfsDYO0XPp6CT0rq7
Prob042_vector4,8,643,308,0,C:\Users\durgamaniryudh\Desktop\Learn\llm_eval\dataset_spec-to-rtl\test\Prob042_vector4\Prob042_vector4_gen_8.sv,x-ai/grok-code-fast-1,stop,,gen-1760481464-VtbsijKkOwcKvRL8utIs
Prob042_vector4,7,643,794,0,C:\Users\durgamaniryudh\Desktop\Learn\llm_eval\dataset_spec-to-rtl\test\Prob042_vector4\Prob042_vector4_gen_7.sv,x-ai/grok-code-fast-1,stop,,gen-1760481457-nQh9gFcYx7eQZreAbRPt
Prob042_vector4,3,643,389,0,C:\Users\durgamaniryudh\Desktop\Learn\llm_eval\dataset_spec-to-rtl\test\Prob042_vector4\Prob042_vector4_gen_3.sv,x-ai/grok-code-fast-1,stop,,gen-1760481441-rOS1pFTLB0jAP9orlm7U
Prob042_vector4,6,643,377,0,C:\Users\durgamaniryudh\Desktop\Learn\llm_eval\dataset_spec-to-rtl\test\Prob042_vector4\Prob042_vector4_gen_6.sv,x-ai/grok-code-fast-1,stop,,gen-1760481452-b8sgCVWnfSRhd526YU6O
Prob042_vector4,9,643,408,0,C:\Users\durgamaniryudh\Desktop\Learn\llm_eval\dataset_spec-to-rtl\test\Prob042_vector4\Prob042_vector4_gen_9.sv,x-ai/grok-code-fast-1,stop,,gen-1760481471-HMWngIZvKUh88RqSoA5q
Prob112_always_case2,0,602,1456,0,C:\Users\durgamaniryudh\Desktop\Learn\llm_eval\dataset_spec-to-rtl\test\Prob112_always_case2\Prob112_always_case2_gen_0.sv,x-ai/grok-code-fast-1,stop,,gen-1760481475-V0glukJV0AbggprIX7qr
Prob112_always_case2,1,602,477,0,C:\Users\durgamaniryudh\Desktop\Learn\llm_eval\dataset_spec-to-rtl\test\Prob112_always_case2\Prob112_always_case2_gen_1.sv,x-ai/grok-code-fast-1,stop,,gen-1760481487-DGxe21sXqqi0qMccT17L
Prob112_always_case2,2,602,804,0,C:\Users\durgamaniryudh\Desktop\Learn\llm_eval\dataset_spec-to-rtl\test\Prob112_always_case2\Prob112_always_case2_gen_2.sv,x-ai/grok-code-fast-1,stop,,gen-1760481496-UvuyUcMcetrpbbAf2Bws
Prob112_always_case2,3,602,1114,0,C:\Users\durgamaniryudh\Desktop\Learn\llm_eval\dataset_spec-to-rtl\test\Prob112_always_case2\Prob112_always_case2_gen_3.sv,x-ai/grok-code-fast-1,stop,,gen-1760481502-8GQFrYDzYVKpvmeQ4HsF
Prob112_always_case2,5,602,1576,0,C:\Users\durgamaniryudh\Desktop\Learn\llm_eval\dataset_spec-to-rtl\test\Prob112_always_case2\Prob112_always_case2_gen_5.sv,x-ai/grok-code-fast-1,stop,,gen-1760481524-K3jrIStNCiNidvlFm9Kw
Prob112_always_case2,4,602,1190,0,C:\Users\durgamaniryudh\Desktop\Learn\llm_eval\dataset_spec-to-rtl\test\Prob112_always_case2\Prob112_always_case2_gen_4.sv,x-ai/grok-code-fast-1,stop,,gen-1760481515-aGKtqPt9ECrGZ6d5QODG
Prob112_always_case2,6,602,883,0,C:\Users\durgamaniryudh\Desktop\Learn\llm_eval\dataset_spec-to-rtl\test\Prob112_always_case2\Prob112_always_case2_gen_6.sv,x-ai/grok-code-fast-1,stop,,gen-1760481537-Db1ZecCbM0dSKwe2zBw7
Prob112_always_case2,7,602,579,0,C:\Users\durgamaniryudh\Desktop\Learn\llm_eval\dataset_spec-to-rtl\test\Prob112_always_case2\Prob112_always_case2_gen_7.sv,x-ai/grok-code-fast-1,stop,,gen-1760481544-W2bWDxqKMQuIZYhW06VU
Prob112_always_case2,8,602,2499,0,C:\Users\durgamaniryudh\Desktop\Learn\llm_eval\dataset_spec-to-rtl\test\Prob112_always_case2\Prob112_always_case2_gen_8.sv,x-ai/grok-code-fast-1,stop,,gen-1760481553-jxsoEBA6z7A06w2UiIIZ
Prob112_always_case2,9,602,2069,0,C:\Users\durgamaniryudh\Desktop\Learn\llm_eval\dataset_spec-to-rtl\test\Prob112_always_case2\Prob112_always_case2_gen_9.sv,x-ai/grok-code-fast-1,stop,,gen-1760481578-4VgOcggJGa8PlBT8vQp0
Prob145_circuit8,0,1164,3573,0,C:\Users\durgamaniryudh\Desktop\Learn\llm_eval\dataset_spec-to-rtl\test\Prob145_circuit8\Prob145_circuit8_gen_0.sv,x-ai/grok-code-fast-1,stop,,gen-1760481595-iVl5wowidSBt15k8j1Cn
Prob145_circuit8,1,1164,2307,0,C:\Users\durgamaniryudh\Desktop\Learn\llm_eval\dataset_spec-to-rtl\test\Prob145_circuit8\Prob145_circuit8_gen_1.sv,x-ai/grok-code-fast-1,stop,,gen-1760481624-QOHkfw4SUYUzuiReegEo
Prob145_circuit8,2,1164,4419,0,C:\Users\durgamaniryudh\Desktop\Learn\llm_eval\dataset_spec-to-rtl\test\Prob145_circuit8\Prob145_circuit8_gen_2.sv,x-ai/grok-code-fast-1,stop,,gen-1760481647-HQgLE90CoJptYjkzSPTP
Prob145_circuit8,7,1164,2271,0,C:\Users\durgamaniryudh\Desktop\Learn\llm_eval\dataset_spec-to-rtl\test\Prob145_circuit8\Prob145_circuit8_gen_7.sv,x-ai/grok-code-fast-1,stop,,gen-1760481806-pvDymZyT0iLHfpzAOzP7
Prob145_circuit8,5,1164,4752,0,C:\Users\durgamaniryudh\Desktop\Learn\llm_eval\dataset_spec-to-rtl\test\Prob145_circuit8\Prob145_circuit8_gen_5.sv,x-ai/grok-code-fast-1,stop,,gen-1760481748-cgqnRBQQ0Lwa8mOTnsfM
Prob145_circuit8,4,1164,3086,0,C:\Users\durgamaniryudh\Desktop\Learn\llm_eval\dataset_spec-to-rtl\test\Prob145_circuit8\Prob145_circuit8_gen_4.sv,x-ai/grok-code-fast-1,stop,,gen-1760481721-UK4K2KHJWXjFIYQxI1UK
Prob145_circuit8,6,1164,2501,0,C:\Users\durgamaniryudh\Desktop\Learn\llm_eval\dataset_spec-to-rtl\test\Prob145_circuit8\Prob145_circuit8_gen_6.sv,x-ai/grok-code-fast-1,stop,,gen-1760481788-dJyRVXpN0pykC30i60sr
Prob145_circuit8,3,1164,2337,0,C:\Users\durgamaniryudh\Desktop\Learn\llm_eval\dataset_spec-to-rtl\test\Prob145_circuit8\Prob145_circuit8_gen_3.sv,x-ai/grok-code-fast-1,stop,,gen-1760481691-GvJf1nVS8QQeOqwxKwQl
Prob145_circuit8,9,1164,1973,0,C:\Users\durgamaniryudh\Desktop\Learn\llm_eval\dataset_spec-to-rtl\test\Prob145_circuit8\Prob145_circuit8_gen_9.sv,x-ai/grok-code-fast-1,stop,,gen-1760481844-Y4bxShaX3hAdnxbVWZZZ
Prob145_circuit8,8,1164,2553,0,C:\Users\durgamaniryudh\Desktop\Learn\llm_eval\dataset_spec-to-rtl\test\Prob145_circuit8\Prob145_circuit8_gen_8.sv,x-ai/grok-code-fast-1,stop,,gen-1760481824-widMVVppFHaalEsLbWrm
Prob070_ece241_2013_q2,0,650,17326,0,C:\Users\durgamaniryudh\Desktop\Learn\llm_eval\dataset_spec-to-rtl\test\Prob070_ece241_2013_q2\Prob070_ece241_2013_q2_gen_0.sv,x-ai/grok-code-fast-1,stop,,gen-1760481861-jdBSLnL2kzbDGzZerNhh
Prob070_ece241_2013_q2,1,650,7228,0,C:\Users\durgamaniryudh\Desktop\Learn\llm_eval\dataset_spec-to-rtl\test\Prob070_ece241_2013_q2\Prob070_ece241_2013_q2_gen_1.sv,x-ai/grok-code-fast-1,stop,,gen-1760482048-bLrYafta1PUnoto4xzQn
Prob070_ece241_2013_q2,3,650,2930,0,C:\Users\durgamaniryudh\Desktop\Learn\llm_eval\dataset_spec-to-rtl\test\Prob070_ece241_2013_q2\Prob070_ece241_2013_q2_gen_3.sv,x-ai/grok-code-fast-1,stop,,gen-1760482253-HdkdEm3GXRWUGT7IOVTr
Prob070_ece241_2013_q2,2,650,13919,0,C:\Users\durgamaniryudh\Desktop\Learn\llm_eval\dataset_spec-to-rtl\test\Prob070_ece241_2013_q2\Prob070_ece241_2013_q2_gen_2.sv,x-ai/grok-code-fast-1,stop,,gen-1760482123-AlCV4dSl01o02oUVbJQG
Prob070_ece241_2013_q2,4,650,7722,0,C:\Users\durgamaniryudh\Desktop\Learn\llm_eval\dataset_spec-to-rtl\test\Prob070_ece241_2013_q2\Prob070_ece241_2013_q2_gen_4.sv,x-ai/grok-code-fast-1,stop,,gen-1760482279-U5IRnHYNv3sWwSvp5URz
Prob070_ece241_2013_q2,5,650,5085,0,C:\Users\durgamaniryudh\Desktop\Learn\llm_eval\dataset_spec-to-rtl\test\Prob070_ece241_2013_q2\Prob070_ece241_2013_q2_gen_5.sv,x-ai/grok-code-fast-1,stop,,gen-1760482341-eSi0xseOVkB5LSH5bfNk
Prob070_ece241_2013_q2,6,650,11925,0,C:\Users\durgamaniryudh\Desktop\Learn\llm_eval\dataset_spec-to-rtl\test\Prob070_ece241_2013_q2\Prob070_ece241_2013_q2_gen_6.sv,x-ai/grok-code-fast-1,stop,,gen-1760482384-XTSp9d7dIpc1UPV7779j
Prob070_ece241_2013_q2,7,650,15668,0,C:\Users\durgamaniryudh\Desktop\Learn\llm_eval\dataset_spec-to-rtl\test\Prob070_ece241_2013_q2\Prob070_ece241_2013_q2_gen_7.sv,x-ai/grok-code-fast-1,stop,,gen-1760482478-pEyHrMwqfOIjnRFYGSx2
Prob070_ece241_2013_q2,8,650,9554,0,C:\Users\durgamaniryudh\Desktop\Learn\llm_eval\dataset_spec-to-rtl\test\Prob070_ece241_2013_q2\Prob070_ece241_2013_q2_gen_8.sv,x-ai/grok-code-fast-1,stop,,gen-1760482613-Frl4HG9rGCJ7NyGJm621
Prob070_ece241_2013_q2,9,650,15678,0,C:\Users\durgamaniryudh\Desktop\Learn\llm_eval\dataset_spec-to-rtl\test\Prob070_ece241_2013_q2\Prob070_ece241_2013_q2_gen_9.sv,x-ai/grok-code-fast-1,stop,,gen-1760482689-le39vY4ODuPWmedxKhVX
Prob050_kmap1,0,550,1035,0,C:\Users\durgamaniryudh\Desktop\Learn\llm_eval\dataset_spec-to-rtl\test\Prob050_kmap1\Prob050_kmap1_gen_0.sv,x-ai/grok-code-fast-1,stop,,gen-1760482847-GB5x6eat9VSSLasPFpx0
Prob050_kmap1,2,550,3343,0,C:\Users\durgamaniryudh\Desktop\Learn\llm_eval\dataset_spec-to-rtl\test\Prob050_kmap1\Prob050_kmap1_gen_2.sv,x-ai/grok-code-fast-1,stop,,gen-1760482865-kWZRfEECitN5ROFC19vz
Prob050_kmap1,4,550,620,0,C:\Users\durgamaniryudh\Desktop\Learn\llm_eval\dataset_spec-to-rtl\test\Prob050_kmap1\Prob050_kmap1_gen_4.sv,x-ai/grok-code-fast-1,stop,,gen-1760482900-p5L8vAHERHRjV5Tq7nyq
Prob050_kmap1,1,550,736,0,C:\Users\durgamaniryudh\Desktop\Learn\llm_eval\dataset_spec-to-rtl\test\Prob050_kmap1\Prob050_kmap1_gen_1.sv,x-ai/grok-code-fast-1,stop,,gen-1760482856-ZJMrNwoQZ21RZT6BkK84
Prob050_kmap1,3,550,550,0,C:\Users\durgamaniryudh\Desktop\Learn\llm_eval\dataset_spec-to-rtl\test\Prob050_kmap1\Prob050_kmap1_gen_3.sv,x-ai/grok-code-fast-1,stop,,gen-1760482895-l3y4iMvCiH5k43UImIwh
Prob050_kmap1,5,550,953,0,C:\Users\durgamaniryudh\Desktop\Learn\llm_eval\dataset_spec-to-rtl\test\Prob050_kmap1\Prob050_kmap1_gen_5.sv,x-ai/grok-code-fast-1,stop,,gen-1760482905-N4dyBlJlSX87JHWHXFih
Prob050_kmap1,6,550,594,0,C:\Users\durgamaniryudh\Desktop\Learn\llm_eval\dataset_spec-to-rtl\test\Prob050_kmap1\Prob050_kmap1_gen_6.sv,x-ai/grok-code-fast-1,stop,,gen-1760482913-tYsaIoa9rTLzPtuG8t1h
Prob050_kmap1,7,550,791,0,C:\Users\durgamaniryudh\Desktop\Learn\llm_eval\dataset_spec-to-rtl\test\Prob050_kmap1\Prob050_kmap1_gen_7.sv,x-ai/grok-code-fast-1,stop,,gen-1760482919-lNaSWiP1iPdI9gu57S0f
Prob050_kmap1,9,550,2110,0,C:\Users\durgamaniryudh\Desktop\Learn\llm_eval\dataset_spec-to-rtl\test\Prob050_kmap1\Prob050_kmap1_gen_9.sv,x-ai/grok-code-fast-1,stop,,gen-1760482947-q4wxI8P1BmqrVhMZoSfX
Prob050_kmap1,8,550,334,0,C:\Users\durgamaniryudh\Desktop\Learn\llm_eval\dataset_spec-to-rtl\test\Prob050_kmap1\Prob050_kmap1_gen_8.sv,x-ai/grok-code-fast-1,stop,,gen-1760482944-06ECKQ4tamHcFZVX4p3a
Prob095_review2015_fsmshift,2,565,2856,0,C:\Users\durgamaniryudh\Desktop\Learn\llm_eval\dataset_spec-to-rtl\test\Prob095_review2015_fsmshift\Prob095_review2015_fsmshift_gen_2.sv,x-ai/grok-code-fast-1,stop,,gen-1760483003-kIUxU1YnEf63urF0vDqt
Prob095_review2015_fsmshift,0,565,1191,0,C:\Users\durgamaniryudh\Desktop\Learn\llm_eval\dataset_spec-to-rtl\test\Prob095_review2015_fsmshift\Prob095_review2015_fsmshift_gen_0.sv,x-ai/grok-code-fast-1,stop,,gen-1760482969-tNFixOllp0OIWb7hZOUq
Prob095_review2015_fsmshift,4,565,1253,0,C:\Users\durgamaniryudh\Desktop\Learn\llm_eval\dataset_spec-to-rtl\test\Prob095_review2015_fsmshift\Prob095_review2015_fsmshift_gen_4.sv,x-ai/grok-code-fast-1,stop,,gen-1760483038-NXxukDVj9Z4H24AaPbmD
Prob095_review2015_fsmshift,3,565,1504,0,C:\Users\durgamaniryudh\Desktop\Learn\llm_eval\dataset_spec-to-rtl\test\Prob095_review2015_fsmshift\Prob095_review2015_fsmshift_gen_3.sv,x-ai/grok-code-fast-1,stop,,gen-1760483027-1qyobEg237JbDFlUYJB7
Prob095_review2015_fsmshift,1,565,2231,0,C:\Users\durgamaniryudh\Desktop\Learn\llm_eval\dataset_spec-to-rtl\test\Prob095_review2015_fsmshift\Prob095_review2015_fsmshift_gen_1.sv,x-ai/grok-code-fast-1,stop,,gen-1760482982-Z27VNtoqKoHgGzjaWeiu
Prob095_review2015_fsmshift,5,565,1155,0,C:\Users\durgamaniryudh\Desktop\Learn\llm_eval\dataset_spec-to-rtl\test\Prob095_review2015_fsmshift\Prob095_review2015_fsmshift_gen_5.sv,x-ai/grok-code-fast-1,stop,,gen-1760483048-ra4q4MxSV9Z79pHDf1QI
Prob095_review2015_fsmshift,6,565,1448,0,C:\Users\durgamaniryudh\Desktop\Learn\llm_eval\dataset_spec-to-rtl\test\Prob095_review2015_fsmshift\Prob095_review2015_fsmshift_gen_6.sv,x-ai/grok-code-fast-1,stop,,gen-1760483056-B36jY1OXMhpz4VO7DxUG
Prob095_review2015_fsmshift,8,565,1203,0,C:\Users\durgamaniryudh\Desktop\Learn\llm_eval\dataset_spec-to-rtl\test\Prob095_review2015_fsmshift\Prob095_review2015_fsmshift_gen_8.sv,x-ai/grok-code-fast-1,stop,,gen-1760483082-V7fHQK8LzTmBAWzDzgoc
Prob095_review2015_fsmshift,9,565,2043,0,C:\Users\durgamaniryudh\Desktop\Learn\llm_eval\dataset_spec-to-rtl\test\Prob095_review2015_fsmshift\Prob095_review2015_fsmshift_gen_9.sv,x-ai/grok-code-fast-1,stop,,gen-1760483091-NchAZRvklRBpGW3820sB
Prob095_review2015_fsmshift,7,565,1749,0,C:\Users\durgamaniryudh\Desktop\Learn\llm_eval\dataset_spec-to-rtl\test\Prob095_review2015_fsmshift\Prob095_review2015_fsmshift_gen_7.sv,x-ai/grok-code-fast-1,stop,,gen-1760483068-kpreCHHYs03O53lYwgkA
Prob077_wire_decl,2,650,468,0,C:\Users\durgamaniryudh\Desktop\Learn\llm_eval\dataset_spec-to-rtl\test\Prob077_wire_decl\Prob077_wire_decl_gen_2.sv,x-ai/grok-code-fast-1,stop,,gen-1760483120-i7w8wDl8tlX2y3SnV59d
Prob077_wire_decl,3,650,493,0,C:\Users\durgamaniryudh\Desktop\Learn\llm_eval\dataset_spec-to-rtl\test\Prob077_wire_decl\Prob077_wire_decl_gen_3.sv,x-ai/grok-code-fast-1,stop,,gen-1760483124-l7y6UlZAdvXCYAJVz9Cf
Prob077_wire_decl,0,650,779,0,C:\Users\durgamaniryudh\Desktop\Learn\llm_eval\dataset_spec-to-rtl\test\Prob077_wire_decl\Prob077_wire_decl_gen_0.sv,x-ai/grok-code-fast-1,stop,,gen-1760483108-qcLZ8wGDHeKZTNS2vdVV
Prob077_wire_decl,8,650,701,0,C:\Users\durgamaniryudh\Desktop\Learn\llm_eval\dataset_spec-to-rtl\test\Prob077_wire_decl\Prob077_wire_decl_gen_8.sv,x-ai/grok-code-fast-1,stop,,gen-1760483150-X60ON6UZS15SUXV9kXfE
Prob077_wire_decl,1,650,848,0,C:\Users\durgamaniryudh\Desktop\Learn\llm_eval\dataset_spec-to-rtl\test\Prob077_wire_decl\Prob077_wire_decl_gen_1.sv,x-ai/grok-code-fast-1,stop,,gen-1760483114-ulBnZVfG4oAOriTsR9c1
Prob077_wire_decl,4,650,372,0,C:\Users\durgamaniryudh\Desktop\Learn\llm_eval\dataset_spec-to-rtl\test\Prob077_wire_decl\Prob077_wire_decl_gen_4.sv,x-ai/grok-code-fast-1,stop,,gen-1760483129-1s4rPOyibRFlqkSqMT4p
Prob077_wire_decl,6,650,478,0,C:\Users\durgamaniryudh\Desktop\Learn\llm_eval\dataset_spec-to-rtl\test\Prob077_wire_decl\Prob077_wire_decl_gen_6.sv,x-ai/grok-code-fast-1,stop,,gen-1760483140-jEf9QOa6rdGlRDFi6Sbj
Prob077_wire_decl,9,650,634,0,C:\Users\durgamaniryudh\Desktop\Learn\llm_eval\dataset_spec-to-rtl\test\Prob077_wire_decl\Prob077_wire_decl_gen_9.sv,x-ai/grok-code-fast-1,stop,,gen-1760483155-vPwyTyNQSjzLJeEL8a8R
Prob077_wire_decl,7,650,735,0,C:\Users\durgamaniryudh\Desktop\Learn\llm_eval\dataset_spec-to-rtl\test\Prob077_wire_decl\Prob077_wire_decl_gen_7.sv,x-ai/grok-code-fast-1,stop,,gen-1760483144-MYo3MZx5BGsPJV91slU3
Prob077_wire_decl,5,650,877,0,C:\Users\durgamaniryudh\Desktop\Learn\llm_eval\dataset_spec-to-rtl\test\Prob077_wire_decl\Prob077_wire_decl_gen_5.sv,x-ai/grok-code-fast-1,stop,,gen-1760483133-5lykAXjp9yHAnRA7q4cR
Prob003_step_one,0,479,317,0,C:\Users\durgamaniryudh\Desktop\Learn\llm_eval\dataset_spec-to-rtl\test\Prob003_step_one\Prob003_step_one_gen_0.sv,x-ai/grok-code-fast-1,stop,,gen-1760483164-wxdORAnQyr1c6M0nuzIf
Prob003_step_one,1,479,276,0,C:\Users\durgamaniryudh\Desktop\Learn\llm_eval\dataset_spec-to-rtl\test\Prob003_step_one\Prob003_step_one_gen_1.sv,x-ai/grok-code-fast-1,stop,,gen-1760483168-NKOLx09rsNHj9pQkjzPx
Prob003_step_one,4,479,346,0,C:\Users\durgamaniryudh\Desktop\Learn\llm_eval\dataset_spec-to-rtl\test\Prob003_step_one\Prob003_step_one_gen_4.sv,x-ai/grok-code-fast-1,stop,,gen-1760483181-meSaYWwQwXU0mngmybuV
Prob003_step_one,2,479,265,0,C:\Users\durgamaniryudh\Desktop\Learn\llm_eval\dataset_spec-to-rtl\test\Prob003_step_one\Prob003_step_one_gen_2.sv,x-ai/grok-code-fast-1,stop,,gen-1760483171-qZzMaRkSdwSIaB7tbPUP
Prob003_step_one,5,479,195,0,C:\Users\durgamaniryudh\Desktop\Learn\llm_eval\dataset_spec-to-rtl\test\Prob003_step_one\Prob003_step_one_gen_5.sv,x-ai/grok-code-fast-1,stop,,gen-1760483186-Msfbm86sW9AbWgwtMGfw
Prob003_step_one,3,479,306,0,C:\Users\durgamaniryudh\Desktop\Learn\llm_eval\dataset_spec-to-rtl\test\Prob003_step_one\Prob003_step_one_gen_3.sv,x-ai/grok-code-fast-1,stop,,gen-1760483175-nQY6LzxQtBYy3FQUVOIz
Prob003_step_one,7,479,411,0,C:\Users\durgamaniryudh\Desktop\Learn\llm_eval\dataset_spec-to-rtl\test\Prob003_step_one\Prob003_step_one_gen_7.sv,x-ai/grok-code-fast-1,stop,,gen-1760483193-ZwQYYi6Wm8C7GPJrEP8k
Prob003_step_one,8,479,209,0,C:\Users\durgamaniryudh\Desktop\Learn\llm_eval\dataset_spec-to-rtl\test\Prob003_step_one\Prob003_step_one_gen_8.sv,x-ai/grok-code-fast-1,stop,,gen-1760483198-h5QfvqQ1t77HwA91Ow5h
Prob003_step_one,9,479,290,0,C:\Users\durgamaniryudh\Desktop\Learn\llm_eval\dataset_spec-to-rtl\test\Prob003_step_one\Prob003_step_one_gen_9.sv,x-ai/grok-code-fast-1,stop,,gen-1760483201-fobSHeeKmmuNDe3Jn1wO
Prob003_step_one,6,479,245,0,C:\Users\durgamaniryudh\Desktop\Learn\llm_eval\dataset_spec-to-rtl\test\Prob003_step_one\Prob003_step_one_gen_6.sv,x-ai/grok-code-fast-1,stop,,gen-1760483189-N7jx6yaEBhw8Np7aeCRW
Prob107_fsm1s,1,569,946,0,C:\Users\durgamaniryudh\Desktop\Learn\llm_eval\dataset_spec-to-rtl\test\Prob107_fsm1s\Prob107_fsm1s_gen_1.sv,x-ai/grok-code-fast-1,stop,,gen-1760483211-prXw1LTB1ZsPrLywAdJc
Prob107_fsm1s,0,569,584,0,C:\Users\durgamaniryudh\Desktop\Learn\llm_eval\dataset_spec-to-rtl\test\Prob107_fsm1s\Prob107_fsm1s_gen_0.sv,x-ai/grok-code-fast-1,stop,,gen-1760483205-l0eEYeH5A3WQeLUmqNJt
Prob107_fsm1s,3,569,751,0,C:\Users\durgamaniryudh\Desktop\Learn\llm_eval\dataset_spec-to-rtl\test\Prob107_fsm1s\Prob107_fsm1s_gen_3.sv,x-ai/grok-code-fast-1,stop,,gen-1760483226-0YLHpCvgm6BkDrRGTGpK
Prob107_fsm1s,4,569,709,0,C:\Users\durgamaniryudh\Desktop\Learn\llm_eval\dataset_spec-to-rtl\test\Prob107_fsm1s\Prob107_fsm1s_gen_4.sv,x-ai/grok-code-fast-1,stop,,gen-1760483233-cJE94LFb0NAEjdDOlnGW
Prob107_fsm1s,5,569,547,0,C:\Users\durgamaniryudh\Desktop\Learn\llm_eval\dataset_spec-to-rtl\test\Prob107_fsm1s\Prob107_fsm1s_gen_5.sv,x-ai/grok-code-fast-1,stop,,gen-1760483239-TWOISZDfxoHgCRE76AyR
Prob107_fsm1s,6,569,1024,0,C:\Users\durgamaniryudh\Desktop\Learn\llm_eval\dataset_spec-to-rtl\test\Prob107_fsm1s\Prob107_fsm1s_gen_6.sv,x-ai/grok-code-fast-1,stop,,gen-1760483243-wtaJv0ZYfRJXsklLOFME
Prob107_fsm1s,8,569,904,0,C:\Users\durgamaniryudh\Desktop\Learn\llm_eval\dataset_spec-to-rtl\test\Prob107_fsm1s\Prob107_fsm1s_gen_8.sv,x-ai/grok-code-fast-1,stop,,gen-1760483260-72NgTiFsRoVb05P2fnL4
Prob107_fsm1s,2,569,889,0,C:\Users\durgamaniryudh\Desktop\Learn\llm_eval\dataset_spec-to-rtl\test\Prob107_fsm1s\Prob107_fsm1s_gen_2.sv,x-ai/grok-code-fast-1,stop,,gen-1760483219-Ik3G5XZUwebPNuy9FhyA
Prob107_fsm1s,7,569,1307,0,C:\Users\durgamaniryudh\Desktop\Learn\llm_eval\dataset_spec-to-rtl\test\Prob107_fsm1s\Prob107_fsm1s_gen_7.sv,x-ai/grok-code-fast-1,stop,,gen-1760483250-ioRC8FBibQoVVxZFteJ9
Prob107_fsm1s,9,569,921,0,C:\Users\durgamaniryudh\Desktop\Learn\llm_eval\dataset_spec-to-rtl\test\Prob107_fsm1s\Prob107_fsm1s_gen_9.sv,x-ai/grok-code-fast-1,stop,,gen-1760483267-RWneQF4x7T0K5LZ2YAa8
