task_id,source,iteration,input_tokens,output_tokens,reasoning_tokens,verilog_file,model_name,finish_reason,system_fingerprint,run_id
235,mbpp_test,0,4012,185,0,C:\Users\durgamaniryudh\Desktop\Learn\testing_evals\test\mbpp_test\235\235_gen_0.sv,xiaomi/mimo-v2-flash:free,stop,,gen-1769022595-J2tsvOLr0VjbBqg85j1d
3434,aapp_competition_test,0,4574,901,0,C:\Users\durgamaniryudh\Desktop\Learn\testing_evals\test\aapp_competition_test\3434\3434_gen_0.sv,xiaomi/mimo-v2-flash:free,stop,,gen-1769022595-7b2R1CsQwEKtMVKfwPBH
3060,aapp_competition_test,0,4862,1378,0,C:\Users\durgamaniryudh\Desktop\Learn\testing_evals\test\aapp_competition_test\3060\3060_gen_0.sv,xiaomi/mimo-v2-flash:free,stop,,gen-1769022595-AVrDzoGcGp5mAEg0CzLz
3164,aapp_competition_test,0,4311,1305,0,C:\Users\durgamaniryudh\Desktop\Learn\testing_evals\test\aapp_competition_test\3164\3164_gen_0.sv,xiaomi/mimo-v2-flash:free,stop,,gen-1769022595-jIJn4UsnIx8n3a3JEjm8
3543,aapp_competition_test,0,5260,1475,0,C:\Users\durgamaniryudh\Desktop\Learn\testing_evals\test\aapp_competition_test\3543\3543_gen_0.sv,xiaomi/mimo-v2-flash:free,stop,,gen-1769022595-PA91z7nfRcUCDhVf99iJ
3251,aapp_competition_test,0,5164,1714,0,C:\Users\durgamaniryudh\Desktop\Learn\testing_evals\test\aapp_competition_test\3251\3251_gen_0.sv,xiaomi/mimo-v2-flash:free,stop,,gen-1769022595-dcnW8IDSkmee1W6DVGya
3298,aapp_competition_test,0,4249,1613,0,C:\Users\durgamaniryudh\Desktop\Learn\testing_evals\test\aapp_competition_test\3298\3298_gen_0.sv,xiaomi/mimo-v2-flash:free,stop,,gen-1769022595-4NHOCofo1AQpz1Y5RL1O
558,mbpp_validation,0,4238,418,0,C:\Users\durgamaniryudh\Desktop\Learn\testing_evals\test\mbpp_validation\558\558_gen_0.sv,xiaomi/mimo-v2-flash:free,stop,,gen-1769022607-dwqqC5idEyumbQ6kuQSh
3016,aapp_competition_test,0,5429,2021,0,C:\Users\durgamaniryudh\Desktop\Learn\testing_evals\test\aapp_competition_test\3016\3016_gen_0.sv,xiaomi/mimo-v2-flash:free,stop,,gen-1769022595-MdTiuAj43Def0MgC0UAM
3115,aapp_competition_test,0,4943,1153,0,C:\Users\durgamaniryudh\Desktop\Learn\testing_evals\test\aapp_competition_test\3115\3115_gen_0.sv,xiaomi/mimo-v2-flash:free,stop,,gen-1769022611-rIdtw2PgCgj8b4ITtdLb
3736,aapp_competition_test,0,4684,2670,0,C:\Users\durgamaniryudh\Desktop\Learn\testing_evals\test\aapp_competition_test\3736\3736_gen_0.sv,xiaomi/mimo-v2-flash:free,stop,,gen-1769022600-j23AIyvtQYISVyzShuR2
3161,aapp_competition_test,0,4439,955,0,C:\Users\durgamaniryudh\Desktop\Learn\testing_evals\test\aapp_competition_test\3161\3161_gen_0.sv,xiaomi/mimo-v2-flash:free,stop,,gen-1769022611-7yXjsXwjxkBZZ8igMVXa
3113,aapp_competition_test,0,4086,4129,0,C:\Users\durgamaniryudh\Desktop\Learn\testing_evals\test\aapp_competition_test\3113\3113_gen_0.sv,xiaomi/mimo-v2-flash:free,stop,,gen-1769022595-J9dPmekIVtKW7cWGUexU
3295,aapp_competition_test,0,4786,972,0,C:\Users\durgamaniryudh\Desktop\Learn\testing_evals\test\aapp_competition_test\3295\3295_gen_0.sv,xiaomi/mimo-v2-flash:free,stop,,gen-1769022620-znqe8MTMRZKUFV5IDnqP
3445,aapp_competition_test,0,5379,1546,0,C:\Users\durgamaniryudh\Desktop\Learn\testing_evals\test\aapp_competition_test\3445\3445_gen_0.sv,xiaomi/mimo-v2-flash:free,stop,,gen-1769022622-eidXQ8Yg55GzZhvM39Wx
3679,aapp_competition_test,0,4054,453,0,C:\Users\durgamaniryudh\Desktop\Learn\testing_evals\test\aapp_competition_test\3679\3679_gen_0.sv,xiaomi/mimo-v2-flash:free,stop,,gen-1769022629-zWkVGuP8QqMqOKIvl1r2
3529,aapp_competition_test,0,4923,1499,0,C:\Users\durgamaniryudh\Desktop\Learn\testing_evals\test\aapp_competition_test\3529\3529_gen_0.sv,xiaomi/mimo-v2-flash:free,stop,,gen-1769022625-QeJZSWIJ4H0itsYDRqJ1
37,human_eval_test,0,4800,3853,0,C:\Users\durgamaniryudh\Desktop\Learn\testing_evals\test\human_eval_test\37\37_gen_0.sv,xiaomi/mimo-v2-flash:free,stop,,gen-1769022607-isqHzZRbud0stMn6QdbF
723,mbpp_train,0,4226,446,0,C:\Users\durgamaniryudh\Desktop\Learn\testing_evals\test\mbpp_train\723\723_gen_0.sv,xiaomi/mimo-v2-flash:free,stop,,gen-1769022637-L8gXkGeOtOgNjXYyFAgh
3733,aapp_competition_test,0,5304,1546,0,C:\Users\durgamaniryudh\Desktop\Learn\testing_evals\test\aapp_competition_test\3733\3733_gen_0.sv,xiaomi/mimo-v2-flash:free,stop,,gen-1769022633-T6bWKmq9dYHDLMjNqDbw
3811,aapp_competition_test,0,5101,1511,0,C:\Users\durgamaniryudh\Desktop\Learn\testing_evals\test\aapp_competition_test\3811\3811_gen_0.sv,xiaomi/mimo-v2-flash:free,stop,,gen-1769022635-s8JDVnEqOwrUvL05aZwz
57,mbpp_test,0,4319,1652,0,C:\Users\durgamaniryudh\Desktop\Learn\testing_evals\test\mbpp_test\57\57_gen_0.sv,xiaomi/mimo-v2-flash:free,stop,,gen-1769022635-aJccv28yBCtTQ6rmUDZj
92,human_eval_test,0,4199,867,0,C:\Users\durgamaniryudh\Desktop\Learn\testing_evals\test\human_eval_test\92\92_gen_0.sv,xiaomi/mimo-v2-flash:free,stop,,gen-1769022642-Nt1xIthHiAjk3hwY3EBK
285,mbpp_test,0,4566,1408,0,C:\Users\durgamaniryudh\Desktop\Learn\testing_evals\test\mbpp_test\285\285_gen_0.sv,xiaomi/mimo-v2-flash:free,stop,,gen-1769022638-uP48kergJTSjOSR7UCjO
3683,aapp_competition_test,0,4316,6105,0,C:\Users\durgamaniryudh\Desktop\Learn\testing_evals\test\aapp_competition_test\3683\3683_gen_0.sv,xiaomi/mimo-v2-flash:free,stop,,gen-1769022595-FBXrL9TRFe6uiVMZGMDB
3256,aapp_competition_test,0,4630,5185,0,C:\Users\durgamaniryudh\Desktop\Learn\testing_evals\test\aapp_competition_test\3256\3256_gen_0.sv,xiaomi/mimo-v2-flash:free,stop,,gen-1769022613-LHwOTQF0LXPoV9CesaRL
3250,aapp_competition_test,0,3933,385,0,C:\Users\durgamaniryudh\Desktop\Learn\testing_evals\test\aapp_competition_test\3250\3250_gen_0.sv,xiaomi/mimo-v2-flash:free,stop,,gen-1769022652-gbXfjEF2axgF8avzS5Ka
3017,aapp_competition_test,0,4110,6266,0,C:\Users\durgamaniryudh\Desktop\Learn\testing_evals\test\aapp_competition_test\3017\3017_gen_0.sv,xiaomi/mimo-v2-flash:free,stop,,gen-1769022608-Ekladp5Ksiypr54LQh4W
3291,aapp_competition_test,0,4318,564,0,C:\Users\durgamaniryudh\Desktop\Learn\testing_evals\test\aapp_competition_test\3291\3291_gen_0.sv,xiaomi/mimo-v2-flash:free,stop,,gen-1769022655-E3LgWuk0nwOMLxSl71Lg
3163,aapp_competition_test,0,4999,1350,0,C:\Users\durgamaniryudh\Desktop\Learn\testing_evals\test\aapp_competition_test\3163\3163_gen_0.sv,xiaomi/mimo-v2-flash:free,stop,,gen-1769022650-Gyd30Bzl99ZRBfnGPD2z
3065,aapp_competition_test,0,6956,7166,0,C:\Users\durgamaniryudh\Desktop\Learn\testing_evals\test\aapp_competition_test\3065\3065_gen_0.sv,xiaomi/mimo-v2-flash:free,stop,,gen-1769022609-zozvCXufDjSR1Izrkvf0
3676,aapp_competition_test,0,4244,472,0,C:\Users\durgamaniryudh\Desktop\Learn\testing_evals\test\aapp_competition_test\3676\3676_gen_0.sv,xiaomi/mimo-v2-flash:free,stop,,gen-1769022661-yWYmsEK5IHDyL3lNw87r
3063,aapp_competition_test,0,5143,1989,0,C:\Users\durgamaniryudh\Desktop\Learn\testing_evals\test\aapp_competition_test\3063\3063_gen_0.sv,xiaomi/mimo-v2-flash:free,stop,,gen-1769022649-1WQXhiVEZjvsFRf62fhj
3119,aapp_competition_test,0,4636,1808,0,C:\Users\durgamaniryudh\Desktop\Learn\testing_evals\test\aapp_competition_test\3119\3119_gen_0.sv,xiaomi/mimo-v2-flash:free,stop,,gen-1769022650-CU7u1LP7HtLL6aY1WC6L
3538,aapp_competition_test,0,5156,1434,0,C:\Users\durgamaniryudh\Desktop\Learn\testing_evals\test\aapp_competition_test\3538\3538_gen_0.sv,xiaomi/mimo-v2-flash:free,stop,,gen-1769022659-aapTGH0BtEcLe92EvvSm
62,human_eval_test,0,4321,587,0,C:\Users\durgamaniryudh\Desktop\Learn\testing_evals\test\human_eval_test\62\62_gen_0.sv,xiaomi/mimo-v2-flash:free,stop,,gen-1769022666-avk9j5QLHu2nyLeqg8KP
224,mbpp_test,0,4250,701,0,C:\Users\durgamaniryudh\Desktop\Learn\testing_evals\test\mbpp_test\224\224_gen_0.sv,xiaomi/mimo-v2-flash:free,stop,,gen-1769022666-Tg4EH9QvDoV90hQHZDFq
3737,aapp_competition_test,0,5369,1396,0,C:\Users\durgamaniryudh\Desktop\Learn\testing_evals\test\aapp_competition_test\3737\3737_gen_0.sv,xiaomi/mimo-v2-flash:free,stop,,gen-1769022661-x7HNZFBKyqcWez11hpnA
3790,aapp_competition_test,0,5164,1299,0,C:\Users\durgamaniryudh\Desktop\Learn\testing_evals\test\aapp_competition_test\3790\3790_gen_0.sv,xiaomi/mimo-v2-flash:free,stop,,gen-1769022662-Swlzs31QPqprVFoVOVOB
3021,aapp_competition_test,0,4445,3109,0,C:\Users\durgamaniryudh\Desktop\Learn\testing_evals\test\aapp_competition_test\3021\3021_gen_0.sv,xiaomi/mimo-v2-flash:free,stop,,gen-1769022648-mCNncTmuRRnHIpi8hIj7
630,mbpp_train,0,4249,619,0,C:\Users\durgamaniryudh\Desktop\Learn\testing_evals\test\mbpp_train\630\630_gen_0.sv,xiaomi/mimo-v2-flash:free,stop,,gen-1769022671-1keDvQ6l1iMnHjTkC4X5
139,human_eval_test,0,4337,888,0,C:\Users\durgamaniryudh\Desktop\Learn\testing_evals\test\human_eval_test\139\139_gen_0.sv,xiaomi/mimo-v2-flash:free,stop,,gen-1769022672-8UnwrRNaKHOSgWfw3dOH
3921,aapp_competition_test,0,5234,10478,0,C:\Users\durgamaniryudh\Desktop\Learn\testing_evals\test\aapp_competition_test\3921\3921_gen_0.sv,xiaomi/mimo-v2-flash:free,stop,,gen-1769022605-UXL0Q1Zby93SOiSCyUjK
3942,aapp_competition_test,0,4361,2102,0,C:\Users\durgamaniryudh\Desktop\Learn\testing_evals\test\aapp_competition_test\3942\3942_gen_0.sv,xiaomi/mimo-v2-flash:free,stop,,gen-1769022665-1U31rqAXxngMOApgirk3
3066,aapp_competition_test,0,5217,1901,0,C:\Users\durgamaniryudh\Desktop\Learn\testing_evals\test\aapp_competition_test\3066\3066_gen_0.sv,xiaomi/mimo-v2-flash:free,stop,,gen-1769022673-qyohH6T2pBDquIARbDVz
3168,aapp_competition_test,0,4293,1565,0,C:\Users\durgamaniryudh\Desktop\Learn\testing_evals\test\aapp_competition_test\3168\3168_gen_0.sv,xiaomi/mimo-v2-flash:free,stop,,gen-1769022674-wgF1oR1gNoBBPFtAkUla
757,mbpp_train,0,9659,5884,0,C:\Users\durgamaniryudh\Desktop\Learn\testing_evals\test\mbpp_train\757\757_gen_0.sv,xiaomi/mimo-v2-flash:free,stop,,gen-1769022646-wrO0KZRcZDJ1fCwnToem
3300,aapp_competition_test,0,4789,1130,0,C:\Users\durgamaniryudh\Desktop\Learn\testing_evals\test\aapp_competition_test\3300\3300_gen_0.sv,xiaomi/mimo-v2-flash:free,stop,,gen-1769022681-TCpK8Z3Nk7wUESnqzcpm
3542,aapp_competition_test,0,4872,992,0,C:\Users\durgamaniryudh\Desktop\Learn\testing_evals\test\aapp_competition_test\3542\3542_gen_0.sv,xiaomi/mimo-v2-flash:free,stop,,gen-1769022683-6DgWc2CpNsOsefBsuTIw
3014,aapp_competition_test,0,4199,1776,0,C:\Users\durgamaniryudh\Desktop\Learn\testing_evals\test\aapp_competition_test\3014\3014_gen_0.sv,xiaomi/mimo-v2-flash:free,stop,,gen-1769022673-YJmZnfzZf2s71is3BthD
3735,aapp_competition_test,0,4447,729,0,C:\Users\durgamaniryudh\Desktop\Learn\testing_evals\test\aapp_competition_test\3735\3735_gen_0.sv,xiaomi/mimo-v2-flash:free,stop,,gen-1769022690-BV0iGKqANR0KwSpX5GX0
3246,aapp_competition_test,0,5518,2218,0,C:\Users\durgamaniryudh\Desktop\Learn\testing_evals\test\aapp_competition_test\3246\3246_gen_0.sv,xiaomi/mimo-v2-flash:free,stop,,gen-1769022678-ItiH3EWLL6Sz7qyrTg2i
3441,aapp_competition_test,0,4847,1455,0,C:\Users\durgamaniryudh\Desktop\Learn\testing_evals\test\aapp_competition_test\3441\3441_gen_0.sv,xiaomi/mimo-v2-flash:free,stop,,gen-1769022682-c4t328W6GMPoU2BKMrN8
3444,aapp_competition_test,0,4520,5437,0,C:\Users\durgamaniryudh\Desktop\Learn\testing_evals\test\aapp_competition_test\3444\3444_gen_0.sv,xiaomi/mimo-v2-flash:free,stop,,gen-1769022657-1mYn1lSIonoo25Qlqozd
79,mbpp_test,0,4288,769,0,C:\Users\durgamaniryudh\Desktop\Learn\testing_evals\test\mbpp_test\79\79_gen_0.sv,xiaomi/mimo-v2-flash:free,stop,,gen-1769022695-as8dcVBtent4faj7wOdX
3823,aapp_competition_test,0,4184,1527,0,C:\Users\durgamaniryudh\Desktop\Learn\testing_evals\test\aapp_competition_test\3823\3823_gen_0.sv,xiaomi/mimo-v2-flash:free,stop,,gen-1769022690-ksuL4jRoRjD8xhw7yzV7
3110,aapp_competition_test,0,4134,3536,0,C:\Users\durgamaniryudh\Desktop\Learn\testing_evals\test\aapp_competition_test\3110\3110_gen_0.sv,xiaomi/mimo-v2-flash:free,stop,,gen-1769022673-GQSjQyYdabQ7J21roTRK
28,human_eval_test,0,4506,1725,0,C:\Users\durgamaniryudh\Desktop\Learn\testing_evals\test\human_eval_test\28\28_gen_0.sv,xiaomi/mimo-v2-flash:free,stop,,gen-1769022691-0hgmCfSTRPqng24laGUi
428,mbpp_test,0,5084,1492,0,C:\Users\durgamaniryudh\Desktop\Learn\testing_evals\test\mbpp_test\428\428_gen_0.sv,xiaomi/mimo-v2-flash:free,stop,,gen-1769022693-MNQxcutNJrLFY8pafzKa
474,mbpp_test,0,4223,655,0,C:\Users\durgamaniryudh\Desktop\Learn\testing_evals\test\mbpp_test\474\474_gen_0.sv,xiaomi/mimo-v2-flash:free,stop,,gen-1769022698-IefH2ArxjC2BIk3Jia6F
3905,aapp_competition_test,0,4992,1232,0,C:\Users\durgamaniryudh\Desktop\Learn\testing_evals\test\aapp_competition_test\3905\3905_gen_0.sv,xiaomi/mimo-v2-flash:free,stop,,gen-1769022698-VvLpxQikNIO0IUmzWEh2
803,mbpp_train,0,4280,974,0,C:\Users\durgamaniryudh\Desktop\Learn\testing_evals\test\mbpp_train\803\803_gen_0.sv,xiaomi/mimo-v2-flash:free,stop,,gen-1769022700-6fkF6YIYPzC2MInkvi13
3022,aapp_competition_test,0,4409,720,0,C:\Users\durgamaniryudh\Desktop\Learn\testing_evals\test\aapp_competition_test\3022\3022_gen_0.sv,xiaomi/mimo-v2-flash:free,stop,,gen-1769022701-5ohAGnRXeVabreMa4fS6
3162,aapp_competition_test,0,4354,1006,0,C:\Users\durgamaniryudh\Desktop\Learn\testing_evals\test\aapp_competition_test\3162\3162_gen_0.sv,xiaomi/mimo-v2-flash:free,stop,,gen-1769022705-RKotyGVuNQgkGJnglsVt
3299,aapp_competition_test,0,5322,1689,0,C:\Users\durgamaniryudh\Desktop\Learn\testing_evals\test\aapp_competition_test\3299\3299_gen_0.sv,xiaomi/mimo-v2-flash:free,stop,,gen-1769022708-KAvKUDMXzZSNo3BkTtYa
3438,aapp_competition_test,0,5245,1679,0,C:\Users\durgamaniryudh\Desktop\Learn\testing_evals\test\aapp_competition_test\3438\3438_gen_0.sv,xiaomi/mimo-v2-flash:free,stop,,gen-1769022708-s5b1iWc1K3B4IPPHNcyf
3693,aapp_competition_test,0,4249,4107,0,C:\Users\durgamaniryudh\Desktop\Learn\testing_evals\test\aapp_competition_test\3693\3693_gen_0.sv,xiaomi/mimo-v2-flash:free,stop,,gen-1769022689-jESgtXgsNJ5iD3lhvL9g
3253,aapp_competition_test,0,5303,1941,0,C:\Users\durgamaniryudh\Desktop\Learn\testing_evals\test\aapp_competition_test\3253\3253_gen_0.sv,xiaomi/mimo-v2-flash:free,stop,,gen-1769022707-GqHgwlH8HqRaMhxdSyAq
3118,aapp_competition_test,0,4530,2337,0,C:\Users\durgamaniryudh\Desktop\Learn\testing_evals\test\aapp_competition_test\3118\3118_gen_0.sv,xiaomi/mimo-v2-flash:free,stop,,gen-1769022705-GqyBt6sbwRxgG6yyyxw7
0,human_eval_test,0,4351,1067,0,C:\Users\durgamaniryudh\Desktop\Learn\testing_evals\test\human_eval_test\0\0_gen_0.sv,xiaomi/mimo-v2-flash:free,stop,,gen-1769022715-NoVoxeGwExgfxhmiAZjP
167,mbpp_test,0,5474,619,0,C:\Users\durgamaniryudh\Desktop\Learn\testing_evals\test\mbpp_test\167\167_gen_0.sv,xiaomi/mimo-v2-flash:free,stop,,gen-1769022723-K5Ce00TpyYmS70tlhDUr
3845,aapp_competition_test,0,4668,1059,0,C:\Users\durgamaniryudh\Desktop\Learn\testing_evals\test\aapp_competition_test\3845\3845_gen_0.sv,xiaomi/mimo-v2-flash:free,stop,,gen-1769022723-T8VnsaBQoEocXyiuYcSu
3008,aapp_competition_test,0,4190,986,0,C:\Users\durgamaniryudh\Desktop\Learn\testing_evals\test\aapp_competition_test\3008\3008_gen_0.sv,xiaomi/mimo-v2-flash:free,stop,,gen-1769022723-EbXo3jfP47V7cYoPdpIm
3686,aapp_competition_test,0,4659,2406,0,C:\Users\durgamaniryudh\Desktop\Learn\testing_evals\test\aapp_competition_test\3686\3686_gen_0.sv,xiaomi/mimo-v2-flash:free,stop,,gen-1769022709-Zhh0aKfxWQuCCJL7nHEC
785,mbpp_train,0,4782,1556,0,C:\Users\durgamaniryudh\Desktop\Learn\testing_evals\test\mbpp_train\785\785_gen_0.sv,xiaomi/mimo-v2-flash:free,stop,,gen-1769022722-8EAppTkjSfHL2IJb81gv
3069,aapp_competition_test,0,4951,1313,0,C:\Users\durgamaniryudh\Desktop\Learn\testing_evals\test\aapp_competition_test\3069\3069_gen_0.sv,xiaomi/mimo-v2-flash:free,stop,,gen-1769022724-enuT14YrfGSQ44jiisJE
3541,aapp_competition_test,0,4166,3169,0,C:\Users\durgamaniryudh\Desktop\Learn\testing_evals\test\aapp_competition_test\3541\3541_gen_0.sv,xiaomi/mimo-v2-flash:free,stop,,gen-1769022709-7b1YUMOKSztKctaCgwEo
3739,aapp_competition_test,0,4340,3203,0,C:\Users\durgamaniryudh\Desktop\Learn\testing_evals\test\aapp_competition_test\3739\3739_gen_0.sv,xiaomi/mimo-v2-flash:free,stop,,gen-1769022709-Imv8xDJyUcdHSjd5IQu3
3068,aapp_competition_test,0,5068,4224,0,C:\Users\durgamaniryudh\Desktop\Learn\testing_evals\test\aapp_competition_test\3068\3068_gen_0.sv,xiaomi/mimo-v2-flash:free,stop,,gen-1769022704-z0Z38F0t3mcYdbLMwqJp
3165,aapp_competition_test,0,4683,1073,0,C:\Users\durgamaniryudh\Desktop\Learn\testing_evals\test\aapp_competition_test\3165\3165_gen_0.sv,xiaomi/mimo-v2-flash:free,stop,,gen-1769022729-bpGnzsZWfKg2slV7aGy8
3122,aapp_competition_test,0,5680,2173,0,C:\Users\durgamaniryudh\Desktop\Learn\testing_evals\test\aapp_competition_test\3122\3122_gen_0.sv,xiaomi/mimo-v2-flash:free,stop,,gen-1769022725-1qCsnE49Wil2eMipCSLY
43,human_eval_test,0,4079,245,0,C:\Users\durgamaniryudh\Desktop\Learn\testing_evals\test\human_eval_test\43\43_gen_0.sv,xiaomi/mimo-v2-flash:free,stop,,gen-1769022738-jknxtNO2upIcS0A44HJW
3539,aapp_competition_test,0,4355,777,0,C:\Users\durgamaniryudh\Desktop\Learn\testing_evals\test\aapp_competition_test\3539\3539_gen_0.sv,xiaomi/mimo-v2-flash:free,stop,,gen-1769022735-RsLc59PiPhvRkIUnUYBb
3743,aapp_competition_test,0,4055,1680,0,C:\Users\durgamaniryudh\Desktop\Learn\testing_evals\test\aapp_competition_test\3743\3743_gen_0.sv,xiaomi/mimo-v2-flash:free,stop,,gen-1769022736-BjWVR9mW1ejhQv0dLYaz
3305,aapp_competition_test,0,4555,1903,0,C:\Users\durgamaniryudh\Desktop\Learn\testing_evals\test\aapp_competition_test\3305\3305_gen_0.sv,xiaomi/mimo-v2-flash:free,stop,,gen-1769022733-sws929oDuBOK2G5Usust
3254,aapp_competition_test,0,4711,1909,0,C:\Users\durgamaniryudh\Desktop\Learn\testing_evals\test\aapp_competition_test\3254\3254_gen_0.sv,xiaomi/mimo-v2-flash:free,stop,,gen-1769022733-MqjZUevjL9wzUaKYu0Ie
3924,aapp_competition_test,0,4057,1226,0,C:\Users\durgamaniryudh\Desktop\Learn\testing_evals\test\aapp_competition_test\3924\3924_gen_0.sv,xiaomi/mimo-v2-flash:free,stop,,gen-1769022737-wqVmSlqoAE8vRU5YUKGY
3446,aapp_competition_test,0,5932,2446,0,C:\Users\durgamaniryudh\Desktop\Learn\testing_evals\test\aapp_competition_test\3446\3446_gen_0.sv,xiaomi/mimo-v2-flash:free,stop,,gen-1769022735-EgjC9ZaEYSGNRqvF8Qcl
80,human_eval_test,0,4277,1717,0,C:\Users\durgamaniryudh\Desktop\Learn\testing_evals\test\human_eval_test\80\80_gen_0.sv,xiaomi/mimo-v2-flash:free,stop,,gen-1769022738-z3f4d5WW3fau8qhwGIvI
593,mbpp_validation,0,4366,1841,0,C:\Users\durgamaniryudh\Desktop\Learn\testing_evals\test\mbpp_validation\593\593_gen_0.sv,xiaomi/mimo-v2-flash:free,stop,,gen-1769022742-VW6JLVXJT7Ws9qJSYk0s
3544,aapp_competition_test,0,4928,1355,0,C:\Users\durgamaniryudh\Desktop\Learn\testing_evals\test\aapp_competition_test\3544\3544_gen_0.sv,xiaomi/mimo-v2-flash:free,stop,,gen-1769022755-oobZNWqQr2xPcEOCMCqd
3019,aapp_competition_test,0,4617,3407,0,C:\Users\durgamaniryudh\Desktop\Learn\testing_evals\test\aapp_competition_test\3019\3019_gen_0.sv,xiaomi/mimo-v2-flash:free,stop,,gen-1769022743-lJ9KICLdi5idJrQGV6Qs
3449,aapp_competition_test,0,7813,2206,0,C:\Users\durgamaniryudh\Desktop\Learn\testing_evals\test\aapp_competition_test\3449\3449_gen_0.sv,xiaomi/mimo-v2-flash:free,stop,,gen-1769022754-zCZJVwi9DBMBtwXM4lwp
3121,aapp_competition_test,0,6352,2880,0,C:\Users\durgamaniryudh\Desktop\Learn\testing_evals\test\aapp_competition_test\3121\3121_gen_0.sv,xiaomi/mimo-v2-flash:free,stop,,gen-1769022751-ARMgKj4G15yiTnTpQ5A9
58,mbpp_test,0,4296,112,0,C:\Users\durgamaniryudh\Desktop\Learn\testing_evals\test\mbpp_test\58\58_gen_0.sv,xiaomi/mimo-v2-flash:free,stop,,gen-1769022775-y7NP24xZvzpNoSPJddEE
3071,aapp_competition_test,0,4211,3176,0,C:\Users\durgamaniryudh\Desktop\Learn\testing_evals\test\aapp_competition_test\3071\3071_gen_0.sv,xiaomi/mimo-v2-flash:free,stop,,gen-1769022750-0UKT9cRV6wTimiw4Uyuw
626,mbpp_train,0,4331,190,0,C:\Users\durgamaniryudh\Desktop\Learn\testing_evals\test\mbpp_train\626\626_gen_0.sv,xiaomi/mimo-v2-flash:free,stop,,gen-1769022777-fsGp0k4sU5uA3zT7Yx9q
3171,aapp_competition_test,0,5407,3436,0,C:\Users\durgamaniryudh\Desktop\Learn\testing_evals\test\aapp_competition_test\3171\3171_gen_0.sv,xiaomi/mimo-v2-flash:free,stop,,gen-1769022751-t2CV3vKTLyxwY7palled
3257,aapp_competition_test,0,4740,3424,0,C:\Users\durgamaniryudh\Desktop\Learn\testing_evals\test\aapp_competition_test\3257\3257_gen_0.sv,xiaomi/mimo-v2-flash:free,stop,,gen-1769022752-FpxXw6YBB0xZQzoxmdGB
3692,aapp_competition_test,0,4105,2406,0,C:\Users\durgamaniryudh\Desktop\Learn\testing_evals\test\aapp_competition_test\3692\3692_gen_0.sv,xiaomi/mimo-v2-flash:free,stop,,gen-1769022758-J0uVZYE6cvboop5S6AP0
3307,aapp_competition_test,0,6351,3379,0,C:\Users\durgamaniryudh\Desktop\Learn\testing_evals\test\aapp_competition_test\3307\3307_gen_0.sv,xiaomi/mimo-v2-flash:free,stop,,gen-1769022752-lS5UOu3yK3uYICd4kARB
3745,aapp_competition_test,0,4309,2137,0,C:\Users\durgamaniryudh\Desktop\Learn\testing_evals\test\aapp_competition_test\3745\3745_gen_0.sv,xiaomi/mimo-v2-flash:free,stop,,gen-1769022767-yxzO3X1ILWxQyZhTFXkT
432,mbpp_test,0,4364,725,0,C:\Users\durgamaniryudh\Desktop\Learn\testing_evals\test\mbpp_test\432\432_gen_0.sv,xiaomi/mimo-v2-flash:free,stop,,gen-1769022778-V3gHlAOOI6vPPVhELXYw
3303,aapp_competition_test,0,4347,484,0,C:\Users\durgamaniryudh\Desktop\Learn\testing_evals\test\aapp_competition_test\3303\3303_gen_0.sv,xiaomi/mimo-v2-flash:free,stop,,gen-1769022785-6hsYZUcmp7KZ7gOng1Qq
3810,aapp_competition_test,0,4716,1846,0,C:\Users\durgamaniryudh\Desktop\Learn\testing_evals\test\aapp_competition_test\3810\3810_gen_0.sv,xiaomi/mimo-v2-flash:free,stop,,gen-1769022770-sTBRDmFqGObBpLIHoqUr
3259,aapp_competition_test,0,4440,675,0,C:\Users\durgamaniryudh\Desktop\Learn\testing_evals\test\aapp_competition_test\3259\3259_gen_0.sv,xiaomi/mimo-v2-flash:free,stop,,gen-1769022784-OxplaGHekMrMtNt1Hmiv
3117,aapp_competition_test,0,4885,1379,0,C:\Users\durgamaniryudh\Desktop\Learn\testing_evals\test\aapp_competition_test\3117\3117_gen_0.sv,xiaomi/mimo-v2-flash:free,stop,,gen-1769022781-qYNL7PpzFQDsNAzVLCsC
95,human_eval_test,0,4383,1746,0,C:\Users\durgamaniryudh\Desktop\Learn\testing_evals\test\human_eval_test\95\95_gen_0.sv,xiaomi/mimo-v2-flash:free,stop,,gen-1769022780-vC5sQllXjVQDlDyL6DQy
3694,aapp_competition_test,0,4618,920,0,C:\Users\durgamaniryudh\Desktop\Learn\testing_evals\test\aapp_competition_test\3694\3694_gen_0.sv,xiaomi/mimo-v2-flash:free,stop,,gen-1769022791-lMUGKk1ovucMeWMbqdFK
3015,aapp_competition_test,0,4880,2296,0,C:\Users\durgamaniryudh\Desktop\Learn\testing_evals\test\aapp_competition_test\3015\3015_gen_0.sv,xiaomi/mimo-v2-flash:free,stop,,gen-1769022780-XtEMjMGpE70F0wli4YLD
138,mbpp_test,0,3952,120,0,C:\Users\durgamaniryudh\Desktop\Learn\testing_evals\test\mbpp_test\138\138_gen_0.sv,xiaomi/mimo-v2-flash:free,stop,,gen-1769022799-CBW2ExQf11oFW2Spfmsy
3447,aapp_competition_test,0,5518,1916,0,C:\Users\durgamaniryudh\Desktop\Learn\testing_evals\test\aapp_competition_test\3447\3447_gen_0.sv,xiaomi/mimo-v2-flash:free,stop,,gen-1769022785-N9GALSLriqaAvSi3Wf9Z
3070,aapp_competition_test,0,5669,2650,0,C:\Users\durgamaniryudh\Desktop\Learn\testing_evals\test\aapp_competition_test\3070\3070_gen_0.sv,xiaomi/mimo-v2-flash:free,stop,,gen-1769022781-FndHfoYCY1SuZP9w8JWS
3550,aapp_competition_test,0,5480,2017,0,C:\Users\durgamaniryudh\Desktop\Learn\testing_evals\test\aapp_competition_test\3550\3550_gen_0.sv,xiaomi/mimo-v2-flash:free,stop,,gen-1769022790-fVch4uz7x6YsbpkHAFwC
775,mbpp_train,0,4495,622,0,C:\Users\durgamaniryudh\Desktop\Learn\testing_evals\test\mbpp_train\775\775_gen_0.sv,xiaomi/mimo-v2-flash:free,stop,,gen-1769022801-0Z2lVstol4EWFboe2JSt
104,human_eval_test,0,4294,1181,0,C:\Users\durgamaniryudh\Desktop\Learn\testing_evals\test\human_eval_test\104\104_gen_0.sv,xiaomi/mimo-v2-flash:free,stop,,gen-1769022797-TQznTw8TE3zhHSaaAFjP
3937,aapp_competition_test,0,5364,2130,0,C:\Users\durgamaniryudh\Desktop\Learn\testing_evals\test\aapp_competition_test\3937\3937_gen_0.sv,xiaomi/mimo-v2-flash:free,stop,,gen-1769022793-d8Cg9StBy7ZMpXrs7kRv
804,mbpp_train,0,4297,659,0,C:\Users\durgamaniryudh\Desktop\Learn\testing_evals\test\mbpp_train\804\804_gen_0.sv,xiaomi/mimo-v2-flash:free,stop,,gen-1769022802-7jr0K04MA64EJVlNDLjy
3738,aapp_competition_test,0,5421,2498,0,C:\Users\durgamaniryudh\Desktop\Learn\testing_evals\test\aapp_competition_test\3738\3738_gen_0.sv,xiaomi/mimo-v2-flash:free,stop,,gen-1769022792-2zFf5TisTZvhz87nMrE6
3106,aapp_competition_test,0,4203,862,0,C:\Users\durgamaniryudh\Desktop\Learn\testing_evals\test\aapp_competition_test\3106\3106_gen_0.sv,xiaomi/mimo-v2-flash:free,stop,,gen-1769022807-13VoqCVrKiqOzFwpSgzF
255,mbpp_test,0,4426,2066,0,C:\Users\durgamaniryudh\Desktop\Learn\testing_evals\test\mbpp_test\255\255_gen_0.sv,xiaomi/mimo-v2-flash:free,stop,,gen-1769022800-YUaMKxD6c3vsxvgLjlM2
3268,aapp_competition_test,0,5098,1398,0,C:\Users\durgamaniryudh\Desktop\Learn\testing_evals\test\aapp_competition_test\3268\3268_gen_0.sv,xiaomi/mimo-v2-flash:free,stop,,gen-1769022810-iAyHZ9ykII4UR3II9xi6
3452,aapp_competition_test,0,4438,948,0,C:\Users\durgamaniryudh\Desktop\Learn\testing_evals\test\aapp_competition_test\3452\3452_gen_0.sv,xiaomi/mimo-v2-flash:free,stop,,gen-1769022813-oBIm3mgiSXa9KC87uCUf
3018,aapp_competition_test,0,6387,2631,0,C:\Users\durgamaniryudh\Desktop\Learn\testing_evals\test\aapp_competition_test\3018\3018_gen_0.sv,xiaomi/mimo-v2-flash:free,stop,,gen-1769022803-ugy8Y2EXTlRx9yx2n81x
3073,aapp_competition_test,0,5503,2233,0,C:\Users\durgamaniryudh\Desktop\Learn\testing_evals\test\aapp_competition_test\3073\3073_gen_0.sv,xiaomi/mimo-v2-flash:free,stop,,gen-1769022807-pX9IM3UWr6HbcJ1AqmRV
3695,aapp_competition_test,0,4917,1365,0,C:\Users\durgamaniryudh\Desktop\Learn\testing_evals\test\aapp_competition_test\3695\3695_gen_0.sv,xiaomi/mimo-v2-flash:free,stop,,gen-1769022819-dakHjTddXnufbUxWmCTr
3747,aapp_competition_test,0,4236,1409,0,C:\Users\durgamaniryudh\Desktop\Learn\testing_evals\test\aapp_competition_test\3747\3747_gen_0.sv,xiaomi/mimo-v2-flash:free,stop,,gen-1769022821-iU3wt8OSxzsFb7Vb8QGV
91,human_eval_test,0,4478,1075,0,C:\Users\durgamaniryudh\Desktop\Learn\testing_evals\test\human_eval_test\91\91_gen_0.sv,xiaomi/mimo-v2-flash:free,stop,,gen-1769022823-sQTyG8ascN99FfUgG1r3
412,mbpp_test,0,4721,1133,0,C:\Users\durgamaniryudh\Desktop\Learn\testing_evals\test\mbpp_test\412\412_gen_0.sv,xiaomi/mimo-v2-flash:free,stop,,gen-1769022826-msYbteF8VTNrQF7wFsnw
735,mbpp_train,0,4151,327,0,C:\Users\durgamaniryudh\Desktop\Learn\testing_evals\test\mbpp_train\735\735_gen_0.sv,xiaomi/mimo-v2-flash:free,stop,,gen-1769022835-8auI2iPDrO3UOV7gLeyL
3548,aapp_competition_test,0,4641,1575,0,C:\Users\durgamaniryudh\Desktop\Learn\testing_evals\test\aapp_competition_test\3548\3548_gen_0.sv,xiaomi/mimo-v2-flash:free,stop,,gen-1769022816-B5Z8Ew1h1v1aVd99zWeW
3816,aapp_competition_test,0,4271,1908,0,C:\Users\durgamaniryudh\Desktop\Learn\testing_evals\test\aapp_competition_test\3816\3816_gen_0.sv,xiaomi/mimo-v2-flash:free,stop,,gen-1769022823-PmTYWaUSPmFyLNreKSSH
3166,aapp_competition_test,0,4461,3218,0,C:\Users\durgamaniryudh\Desktop\Learn\testing_evals\test\aapp_competition_test\3166\3166_gen_0.sv,xiaomi/mimo-v2-flash:free,stop,,gen-1769022808-KC1rseShkcBxbMzdTqUa
70,mbpp_test,0,4814,1020,0,C:\Users\durgamaniryudh\Desktop\Learn\testing_evals\test\mbpp_test\70\70_gen_0.sv,xiaomi/mimo-v2-flash:free,stop,,gen-1769022833-12bpkZsGy0s8Jsq38Bhf
3123,aapp_competition_test,0,4384,548,0,C:\Users\durgamaniryudh\Desktop\Learn\testing_evals\test\aapp_competition_test\3123\3123_gen_0.sv,xiaomi/mimo-v2-flash:free,stop,,gen-1769022840-jPYiEWLwfntNdmkcOYAL
3301,aapp_competition_test,0,4779,4862,0,C:\Users\durgamaniryudh\Desktop\Learn\testing_evals\test\aapp_competition_test\3301\3301_gen_0.sv,xiaomi/mimo-v2-flash:free,stop,,gen-1769022810-lyFqIJZLlxFYqbtJGBFI
3439,aapp_competition_test,0,4427,1002,0,C:\Users\durgamaniryudh\Desktop\Learn\testing_evals\test\aapp_competition_test\3439\3439_gen_0.sv,xiaomi/mimo-v2-flash:free,stop,,gen-1769022846-wSgXOZYfqXRZOGOSM0Kc
3901,aapp_competition_test,0,4598,2593,0,C:\Users\durgamaniryudh\Desktop\Learn\testing_evals\test\aapp_competition_test\3901\3901_gen_0.sv,xiaomi/mimo-v2-flash:free,stop,,gen-1769022831-wjWhNsjdf8tt8dX62lPz
3306,aapp_competition_test,0,4955,1411,0,C:\Users\durgamaniryudh\Desktop\Learn\testing_evals\test\aapp_competition_test\3306\3306_gen_0.sv,xiaomi/mimo-v2-flash:free,stop,,gen-1769022843-MeOXifvgLF6kgyHGLgTl
3261,aapp_competition_test,0,4109,1430,0,C:\Users\durgamaniryudh\Desktop\Learn\testing_evals\test\aapp_competition_test\3261\3261_gen_0.sv,xiaomi/mimo-v2-flash:free,stop,,gen-1769022841-Oe21Xax7Ma430J4LVKCP
3170,aapp_competition_test,0,5365,2245,0,C:\Users\durgamaniryudh\Desktop\Learn\testing_evals\test\aapp_competition_test\3170\3170_gen_0.sv,xiaomi/mimo-v2-flash:free,stop,,gen-1769022840-BapCiXzfqC2Nl5mqpC3M
3026,aapp_competition_test,0,6095,3598,0,C:\Users\durgamaniryudh\Desktop\Learn\testing_evals\test\aapp_competition_test\3026\3026_gen_0.sv,xiaomi/mimo-v2-flash:free,stop,,gen-1769022836-dj4YPLEkT4RX4UCGvm6X
3547,aapp_competition_test,0,5001,1464,0,C:\Users\durgamaniryudh\Desktop\Learn\testing_evals\test\aapp_competition_test\3547\3547_gen_0.sv,xiaomi/mimo-v2-flash:free,stop,,gen-1769022854-hCeyZfuq2JGanubIZurF
786,mbpp_train,0,4333,742,0,C:\Users\durgamaniryudh\Desktop\Learn\testing_evals\test\mbpp_train\786\786_gen_0.sv,xiaomi/mimo-v2-flash:free,stop,,gen-1769022859-VIoZY9qLoXjb50cd65XF
106,human_eval_test,0,4384,1101,0,C:\Users\durgamaniryudh\Desktop\Learn\testing_evals\test\human_eval_test\106\106_gen_0.sv,xiaomi/mimo-v2-flash:free,stop,,gen-1769022858-8w3JLeJZRTZbY4nrpiRv
3689,aapp_competition_test,0,5104,1783,0,C:\Users\durgamaniryudh\Desktop\Learn\testing_evals\test\aapp_competition_test\3689\3689_gen_0.sv,xiaomi/mimo-v2-flash:free,stop,,gen-1769022855-M0blJH4TlsDrSE3mjbLL
82,mbpp_test,0,4820,1069,0,C:\Users\durgamaniryudh\Desktop\Learn\testing_evals\test\mbpp_test\82\82_gen_0.sv,xiaomi/mimo-v2-flash:free,stop,,gen-1769022860-ZOAlehD5PWrZAgM6iP46
15,human_eval_test,0,4475,688,0,C:\Users\durgamaniryudh\Desktop\Learn\testing_evals\test\human_eval_test\15\15_gen_0.sv,xiaomi/mimo-v2-flash:free,stop,,gen-1769022866-FwwYODIKrhZQFtP9q8YV
3076,aapp_competition_test,0,4384,4158,0,C:\Users\durgamaniryudh\Desktop\Learn\testing_evals\test\aapp_competition_test\3076\3076_gen_0.sv,xiaomi/mimo-v2-flash:free,stop,,gen-1769022839-sdsjKnQBw9rkpBJkieAL
3078,aapp_competition_test,0,4200,546,0,C:\Users\durgamaniryudh\Desktop\Learn\testing_evals\test\aapp_competition_test\3078\3078_gen_0.sv,xiaomi/mimo-v2-flash:free,stop,,gen-1769022868-9p7tOBl2aV4CY4dewpDu
3742,aapp_competition_test,0,5896,2602,0,C:\Users\durgamaniryudh\Desktop\Learn\testing_evals\test\aapp_competition_test\3742\3742_gen_0.sv,xiaomi/mimo-v2-flash:free,stop,,gen-1769022857-ycUPvaHBvU6JHcriS4Qm
3308,aapp_competition_test,0,4212,756,0,C:\Users\durgamaniryudh\Desktop\Learn\testing_evals\test\aapp_competition_test\3308\3308_gen_0.sv,xiaomi/mimo-v2-flash:free,stop,,gen-1769022873-focswocjVPo6RkY4JsEF
3124,aapp_competition_test,0,5521,1888,0,C:\Users\durgamaniryudh\Desktop\Learn\testing_evals\test\aapp_competition_test\3124\3124_gen_0.sv,xiaomi/mimo-v2-flash:free,stop,,gen-1769022868-bj9tuJv4ORiVKIDhiv4L
3029,aapp_competition_test,0,5641,2197,0,C:\Users\durgamaniryudh\Desktop\Learn\testing_evals\test\aapp_competition_test\3029\3029_gen_0.sv,xiaomi/mimo-v2-flash:free,stop,,gen-1769022867-eBeibwlgHds4OlpaQaO1
135,human_eval_test,0,4475,754,0,C:\Users\durgamaniryudh\Desktop\Learn\testing_evals\test\human_eval_test\135\135_gen_0.sv,xiaomi/mimo-v2-flash:free,stop,,gen-1769022883-QWNATQQieYmib11PF97j
3751,aapp_competition_test,0,4803,806,0,C:\Users\durgamaniryudh\Desktop\Learn\testing_evals\test\aapp_competition_test\3751\3751_gen_0.sv,xiaomi/mimo-v2-flash:free,stop,,gen-1769022880-Z1rqfNWc7sUjO4cbGHgB
3546,aapp_competition_test,0,4478,1705,0,C:\Users\durgamaniryudh\Desktop\Learn\testing_evals\test\aapp_competition_test\3546\3546_gen_0.sv,xiaomi/mimo-v2-flash:free,stop,,gen-1769022878-lrinqMz3SccOst0PnB3Q
3264,aapp_competition_test,0,6655,2880,0,C:\Users\durgamaniryudh\Desktop\Learn\testing_evals\test\aapp_competition_test\3264\3264_gen_0.sv,xiaomi/mimo-v2-flash:free,stop,,gen-1769022872-HNS3SS5ZVH7yFiEBSs83
2,human_eval_test,0,4105,60,0,C:\Users\durgamaniryudh\Desktop\Learn\testing_evals\test\human_eval_test\2\2_gen_0.sv,xiaomi/mimo-v2-flash:free,stop,,gen-1769022892-zgeQY0Tq800gOjgS0XUM
138,human_eval_test,0,4312,152,0,C:\Users\durgamaniryudh\Desktop\Learn\testing_evals\test\human_eval_test\138\138_gen_0.sv,xiaomi/mimo-v2-flash:free,stop,,gen-1769022898-8gO9zz4V6YwnfSx4zSNK
589,mbpp_validation,0,4615,810,0,C:\Users\durgamaniryudh\Desktop\Learn\testing_evals\test\mbpp_validation\589\589_gen_0.sv,xiaomi/mimo-v2-flash:free,stop,,gen-1769022895-pMN6jmHFzj2pfSy6kuHQ
301,mbpp_test,0,5651,1764,0,C:\Users\durgamaniryudh\Desktop\Learn\testing_evals\test\mbpp_test\301\301_gen_0.sv,xiaomi/mimo-v2-flash:free,stop,,gen-1769022891-SD87rzWDxvqSYbFZNEfk
3922,aapp_competition_test,0,7081,3040,0,C:\Users\durgamaniryudh\Desktop\Learn\testing_evals\test\aapp_competition_test\3922\3922_gen_0.sv,xiaomi/mimo-v2-flash:free,stop,,gen-1769022885-HC9h4lnUcjBX3aR9nPpq
3697,aapp_competition_test,0,4735,4377,0,C:\Users\durgamaniryudh\Desktop\Learn\testing_evals\test\aapp_competition_test\3697\3697_gen_0.sv,xiaomi/mimo-v2-flash:free,stop,,gen-1769022878-YtCKly2paM1eyOXexICb
38,human_eval_test,0,4296,2391,0,C:\Users\durgamaniryudh\Desktop\Learn\testing_evals\test\human_eval_test\38\38_gen_0.sv,xiaomi/mimo-v2-flash:free,stop,,gen-1769022894-wrBKqtKXlFmEd2l2VpCc
3072,aapp_competition_test,0,5920,1667,0,C:\Users\durgamaniryudh\Desktop\Learn\testing_evals\test\aapp_competition_test\3072\3072_gen_0.sv,xiaomi/mimo-v2-flash:free,stop,,gen-1769022903-aPhp7KhcXb9jB1ba8Xbd
3023,aapp_competition_test,0,5338,2114,0,C:\Users\durgamaniryudh\Desktop\Learn\testing_evals\test\aapp_competition_test\3023\3023_gen_0.sv,xiaomi/mimo-v2-flash:free,stop,,gen-1769022901-CgsUIci2ueP9IPcHHMoY
3442,aapp_competition_test,0,4171,6220,0,C:\Users\durgamaniryudh\Desktop\Learn\testing_evals\test\aapp_competition_test\3442\3442_gen_0.sv,xiaomi/mimo-v2-flash:free,stop,,gen-1769022874-mabZyP8WK7yrhzNqJm8f
3125,aapp_competition_test,0,5183,2186,0,C:\Users\durgamaniryudh\Desktop\Learn\testing_evals\test\aapp_competition_test\3125\3125_gen_0.sv,xiaomi/mimo-v2-flash:free,stop,,gen-1769022906-6l3hFq49BzEAk8xmeeIs
3314,aapp_competition_test,0,4242,845,0,C:\Users\durgamaniryudh\Desktop\Learn\testing_evals\test\aapp_competition_test\3314\3314_gen_0.sv,xiaomi/mimo-v2-flash:free,stop,,gen-1769022915-SGhpoPbEsk2eXXXZGKdO
3553,aapp_competition_test,0,4131,1794,0,C:\Users\durgamaniryudh\Desktop\Learn\testing_evals\test\aapp_competition_test\3553\3553_gen_0.sv,xiaomi/mimo-v2-flash:free,stop,,gen-1769022918-KikIxRdXdTnSCcDBHnwZ
3169,aapp_competition_test,0,4298,15857,0,C:\Users\durgamaniryudh\Desktop\Learn\testing_evals\test\aapp_competition_test\3169\3169_gen_0.sv,xiaomi/mimo-v2-flash:free,stop,,gen-1769022784-Tlw2Mw7EvtnNlQQp3G3E
3172,aapp_competition_test,0,5225,3293,0,C:\Users\durgamaniryudh\Desktop\Learn\testing_evals\test\aapp_competition_test\3172\3172_gen_0.sv,xiaomi/mimo-v2-flash:free,stop,,gen-1769022911-5NkAsJAPwhtJqJIKfCBd
461,mbpp_test,0,4418,699,0,C:\Users\durgamaniryudh\Desktop\Learn\testing_evals\test\mbpp_test\461\461_gen_0.sv,xiaomi/mimo-v2-flash:free,stop,,gen-1769022935-BusTn9vMhg97Qz8sVkUM
3696,aapp_competition_test,0,5233,2036,0,C:\Users\durgamaniryudh\Desktop\Learn\testing_evals\test\aapp_competition_test\3696\3696_gen_0.sv,xiaomi/mimo-v2-flash:free,stop,,gen-1769022922-aT4DpFPT7n1tNBNigDD8
3744,aapp_competition_test,0,4988,1983,0,C:\Users\durgamaniryudh\Desktop\Learn\testing_evals\test\aapp_competition_test\3744\3744_gen_0.sv,xiaomi/mimo-v2-flash:free,stop,,gen-1769022926-PUEmroafkFKMO414RHBJ
3451,aapp_competition_test,0,4256,2595,0,C:\Users\durgamaniryudh\Desktop\Learn\testing_evals\test\aapp_competition_test\3451\3451_gen_0.sv,xiaomi/mimo-v2-flash:free,stop,,gen-1769022916-G9h8e7BoqqUSmN2mpnGo
286,mbpp_test,0,4871,1265,0,C:\Users\durgamaniryudh\Desktop\Learn\testing_evals\test\mbpp_test\286\286_gen_0.sv,xiaomi/mimo-v2-flash:free,stop,,gen-1769022939-i8zUvY0to7ujliU57thn
794,mbpp_train,0,4359,961,0,C:\Users\durgamaniryudh\Desktop\Learn\testing_evals\test\mbpp_train\794\794_gen_0.sv,xiaomi/mimo-v2-flash:free,stop,,gen-1769022937-mGinGlnOJdpxcB59Hqt8
3807,aapp_competition_test,0,4209,2813,0,C:\Users\durgamaniryudh\Desktop\Learn\testing_evals\test\aapp_competition_test\3807\3807_gen_0.sv,xiaomi/mimo-v2-flash:free,stop,,gen-1769022926-X0baIdkPGXa8yoWyejjC
721,mbpp_train,0,5232,1310,0,C:\Users\durgamaniryudh\Desktop\Learn\testing_evals\test\mbpp_train\721\721_gen_0.sv,xiaomi/mimo-v2-flash:free,stop,,gen-1769022942-VMJ8oKaVmPmrsiDh1R8a
3083,aapp_competition_test,0,5051,1559,0,C:\Users\durgamaniryudh\Desktop\Learn\testing_evals\test\aapp_competition_test\3083\3083_gen_0.sv,xiaomi/mimo-v2-flash:free,stop,,gen-1769022946-hkX4CcdJknyC6fNwuUWo
3111,aapp_competition_test,0,4462,1197,0,C:\Users\durgamaniryudh\Desktop\Learn\testing_evals\test\aapp_competition_test\3111\3111_gen_0.sv,xiaomi/mimo-v2-flash:free,stop,,gen-1769022949-lVAF29zw3jyV5Yp8BwjE
137,human_eval_test,0,4566,849,0,C:\Users\durgamaniryudh\Desktop\Learn\testing_evals\test\human_eval_test\137\137_gen_0.sv,xiaomi/mimo-v2-flash:free,stop,,gen-1769022943-dlczVIfZeix1D0A8gDny
3032,aapp_competition_test,0,4979,2638,0,C:\Users\durgamaniryudh\Desktop\Learn\testing_evals\test\aapp_competition_test\3032\3032_gen_0.sv,xiaomi/mimo-v2-flash:free,stop,,gen-1769022943-S6TTCQKt6TAdWjxHaIgS
3177,aapp_competition_test,0,5376,1715,0,C:\Users\durgamaniryudh\Desktop\Learn\testing_evals\test\aapp_competition_test\3177\3177_gen_0.sv,xiaomi/mimo-v2-flash:free,stop,,gen-1769022950-l90AxXQegZD9v6wvRr8s
3750,aapp_competition_test,0,4026,238,0,C:\Users\durgamaniryudh\Desktop\Learn\testing_evals\test\aapp_competition_test\3750\3750_gen_0.sv,xiaomi/mimo-v2-flash:free,stop,,gen-1769022966-nx6VCZQd3AKwSBKQTaCr
3456,aapp_competition_test,0,5167,1542,0,C:\Users\durgamaniryudh\Desktop\Learn\testing_evals\test\aapp_competition_test\3456\3456_gen_0.sv,xiaomi/mimo-v2-flash:free,stop,,gen-1769022959-GW3UwUUzlCC3QULNd3gs
3313,aapp_competition_test,0,4404,2067,0,C:\Users\durgamaniryudh\Desktop\Learn\testing_evals\test\aapp_competition_test\3313\3313_gen_0.sv,xiaomi/mimo-v2-flash:free,stop,,gen-1769022954-tL9qH9oiB8IuAubyInW9
3266,aapp_competition_test,0,6117,2793,0,C:\Users\durgamaniryudh\Desktop\Learn\testing_evals\test\aapp_competition_test\3266\3266_gen_0.sv,xiaomi/mimo-v2-flash:free,stop,,gen-1769022951-3iz69JanmWQfDWZj2XdZ
3938,aapp_competition_test,0,4538,785,0,C:\Users\durgamaniryudh\Desktop\Learn\testing_evals\test\aapp_competition_test\3938\3938_gen_0.sv,xiaomi/mimo-v2-flash:free,stop,,gen-1769022968-mJmk1fa8IrfQzVtfbufF
397,mbpp_test,0,4163,338,0,C:\Users\durgamaniryudh\Desktop\Learn\testing_evals\test\mbpp_test\397\397_gen_0.sv,xiaomi/mimo-v2-flash:free,stop,,gen-1769022973-DcCsuKCvVZFhzgdNsoea
230,mbpp_test,0,4212,512,0,C:\Users\durgamaniryudh\Desktop\Learn\testing_evals\test\mbpp_test\230\230_gen_0.sv,xiaomi/mimo-v2-flash:free,stop,,gen-1769022973-LuXSzAMkdh3k1tXNbQhA
3557,aapp_competition_test,0,4264,2051,0,C:\Users\durgamaniryudh\Desktop\Learn\testing_evals\test\aapp_competition_test\3557\3557_gen_0.sv,xiaomi/mimo-v2-flash:free,stop,,gen-1769022961-rTHSypbzxoqc7oBSb5E2
3265,aapp_competition_test,0,4191,7086,0,C:\Users\durgamaniryudh\Desktop\Learn\testing_evals\test\aapp_competition_test\3265\3265_gen_0.sv,xiaomi/mimo-v2-flash:free,stop,,gen-1769022914-9A3i6MJqHLxbQMcTRGF5
776,mbpp_train,0,4382,1167,0,C:\Users\durgamaniryudh\Desktop\Learn\testing_evals\test\mbpp_train\776\776_gen_0.sv,xiaomi/mimo-v2-flash:free,stop,,gen-1769022977-2UTAIOXM8au8FINL8Bam
20,human_eval_test,0,4749,2252,0,C:\Users\durgamaniryudh\Desktop\Learn\testing_evals\test\human_eval_test\20\20_gen_0.sv,xiaomi/mimo-v2-flash:free,stop,,gen-1769022970-o6amRR00L94eSrEGSogG
3699,aapp_competition_test,0,5750,3391,0,C:\Users\durgamaniryudh\Desktop\Learn\testing_evals\test\aapp_competition_test\3699\3699_gen_0.sv,xiaomi/mimo-v2-flash:free,stop,,gen-1769022963-nelOdYYIRzPKqFwfwfkA
754,mbpp_train,0,5247,1788,0,C:\Users\durgamaniryudh\Desktop\Learn\testing_evals\test\mbpp_train\754\754_gen_0.sv,xiaomi/mimo-v2-flash:free,stop,,gen-1769022977-dyidAX5Q3HgskiRA4SK3
34,human_eval_test,0,4177,2192,0,C:\Users\durgamaniryudh\Desktop\Learn\testing_evals\test\human_eval_test\34\34_gen_0.sv,xiaomi/mimo-v2-flash:free,stop,,gen-1769022979-96kgGu6dwx1giQSQg9Ms
3269,aapp_competition_test,0,4280,341,0,C:\Users\durgamaniryudh\Desktop\Learn\testing_evals\test\aapp_competition_test\3269\3269_gen_0.sv,xiaomi/mimo-v2-flash:free,stop,,gen-1769022992-OjpdO0Y2e2ixPnajHvd4
124,mbpp_test,0,5152,1617,0,C:\Users\durgamaniryudh\Desktop\Learn\testing_evals\test\mbpp_test\124\124_gen_0.sv,xiaomi/mimo-v2-flash:free,stop,,gen-1769022974-mPEi3i3AWlU7Z0tTmlBj
3133,aapp_competition_test,0,4865,1329,0,C:\Users\durgamaniryudh\Desktop\Learn\testing_evals\test\aapp_competition_test\3133\3133_gen_0.sv,xiaomi/mimo-v2-flash:free,stop,,gen-1769022988-M7l8mzT6YSnnXxMDuyF8
3700,aapp_competition_test,0,4091,270,0,C:\Users\durgamaniryudh\Desktop\Learn\testing_evals\test\aapp_competition_test\3700\3700_gen_0.sv,xiaomi/mimo-v2-flash:free,stop,,gen-1769022999-2UYK4B654oyed7gswaE9
3176,aapp_competition_test,0,5274,1656,0,C:\Users\durgamaniryudh\Desktop\Learn\testing_evals\test\aapp_competition_test\3176\3176_gen_0.sv,xiaomi/mimo-v2-flash:free,stop,,gen-1769022989-Dx2pQYdBsucML9gFXKgl
3077,aapp_competition_test,0,5492,2313,0,C:\Users\durgamaniryudh\Desktop\Learn\testing_evals\test\aapp_competition_test\3077\3077_gen_0.sv,xiaomi/mimo-v2-flash:free,stop,,gen-1769022985-Ogn2W3Rrh3k1UlVl8vLj
3752,aapp_competition_test,0,4352,635,0,C:\Users\durgamaniryudh\Desktop\Learn\testing_evals\test\aapp_competition_test\3752\3752_gen_0.sv,xiaomi/mimo-v2-flash:free,stop,,gen-1769023000-TIsSXVn9k1ItjZLDmrNp
3311,aapp_competition_test,0,4119,2341,0,C:\Users\durgamaniryudh\Desktop\Learn\testing_evals\test\aapp_competition_test\3311\3311_gen_0.sv,xiaomi/mimo-v2-flash:free,stop,,gen-1769022992-c1dvmBc2XndpBMEidrdl
3028,aapp_competition_test,0,5784,4094,0,C:\Users\durgamaniryudh\Desktop\Learn\testing_evals\test\aapp_competition_test\3028\3028_gen_0.sv,xiaomi/mimo-v2-flash:free,stop,,gen-1769022979-7dTUuRAWRc4Y8CYWqZDI
3460,aapp_competition_test,0,5474,1955,0,C:\Users\durgamaniryudh\Desktop\Learn\testing_evals\test\aapp_competition_test\3460\3460_gen_0.sv,xiaomi/mimo-v2-flash:free,stop,,gen-1769022998-Eoa0uH4TPrVb9PWFa1Rb
3906,aapp_competition_test,0,4806,1378,0,C:\Users\durgamaniryudh\Desktop\Learn\testing_evals\test\aapp_competition_test\3906\3906_gen_0.sv,xiaomi/mimo-v2-flash:free,stop,,gen-1769023004-YaMqAErQmuACN7n8Zvbv
94,mbpp_test,0,5276,1347,0,C:\Users\durgamaniryudh\Desktop\Learn\testing_evals\test\mbpp_test\94\94_gen_0.sv,xiaomi/mimo-v2-flash:free,stop,,gen-1769023007-d81F8UC9Zi39YVtGiXEk
3558,aapp_competition_test,0,4788,2290,0,C:\Users\durgamaniryudh\Desktop\Learn\testing_evals\test\aapp_competition_test\3558\3558_gen_0.sv,xiaomi/mimo-v2-flash:free,stop,,gen-1769022999-7v6yizdOJRpu5WIxTDzM
3128,aapp_competition_test,0,4526,817,0,C:\Users\durgamaniryudh\Desktop\Learn\testing_evals\test\aapp_competition_test\3128\3128_gen_0.sv,xiaomi/mimo-v2-flash:free,stop,,gen-1769023017-c5rBHRbMZ2cyZ2FQ5eIj
3027,aapp_competition_test,0,4061,1980,0,C:\Users\durgamaniryudh\Desktop\Learn\testing_evals\test\aapp_competition_test\3027\3027_gen_0.sv,xiaomi/mimo-v2-flash:free,stop,,gen-1769023014-DX5hw14P0kTvDI9Q9w7S
3276,aapp_competition_test,0,5457,1664,0,C:\Users\durgamaniryudh\Desktop\Learn\testing_evals\test\aapp_competition_test\3276\3276_gen_0.sv,xiaomi/mimo-v2-flash:free,stop,,gen-1769023019-4g2YO0JReF1hCtsErjjS
86,human_eval_test,0,4584,3654,0,C:\Users\durgamaniryudh\Desktop\Learn\testing_evals\test\human_eval_test\86\86_gen_0.sv,xiaomi/mimo-v2-flash:free,stop,,gen-1769023004-k4xdXzwvioIhyqR7ZZOj
3828,aapp_competition_test,0,4362,3052,0,C:\Users\durgamaniryudh\Desktop\Learn\testing_evals\test\aapp_competition_test\3828\3828_gen_0.sv,xiaomi/mimo-v2-flash:free,stop,,gen-1769023002-V2fjweS37O3HxBNdDKb8
3702,aapp_competition_test,0,4036,417,0,C:\Users\durgamaniryudh\Desktop\Learn\testing_evals\test\aapp_competition_test\3702\3702_gen_0.sv,xiaomi/mimo-v2-flash:free,stop,,gen-1769023033-ivowZ9DuJmWcjKrlN70e
84,human_eval_test,0,4182,287,0,C:\Users\durgamaniryudh\Desktop\Learn\testing_evals\test\human_eval_test\84\84_gen_0.sv,xiaomi/mimo-v2-flash:free,stop,,gen-1769023036-a0wJlYIDFQwbUeQlrFjT
3560,aapp_competition_test,0,4762,1200,0,C:\Users\durgamaniryudh\Desktop\Learn\testing_evals\test\aapp_competition_test\3560\3560_gen_0.sv,xiaomi/mimo-v2-flash:free,stop,,gen-1769023031-3tQrnui10Qv09wzMQQMK
3175,aapp_competition_test,0,6618,3311,0,C:\Users\durgamaniryudh\Desktop\Learn\testing_evals\test\aapp_competition_test\3175\3175_gen_0.sv,xiaomi/mimo-v2-flash:free,stop,,gen-1769023018-vMN9ay1ceCnVwHswMfp0
3312,aapp_competition_test,0,7593,3207,0,C:\Users\durgamaniryudh\Desktop\Learn\testing_evals\test\aapp_competition_test\3312\3312_gen_0.sv,xiaomi/mimo-v2-flash:free,stop,,gen-1769023019-NnY2MBl8SWsQpGvPjczt
3455,aapp_competition_test,0,6055,2775,0,C:\Users\durgamaniryudh\Desktop\Learn\testing_evals\test\aapp_competition_test\3455\3455_gen_0.sv,xiaomi/mimo-v2-flash:free,stop,,gen-1769023025-YNYnkjWg7PA0U09MxuN0
3081,aapp_competition_test,0,4347,3864,0,C:\Users\durgamaniryudh\Desktop\Learn\testing_evals\test\aapp_competition_test\3081\3081_gen_0.sv,xiaomi/mimo-v2-flash:free,stop,,gen-1769023015-981iFVk7T7qH4C7Emr0n
3753,aapp_competition_test,0,5143,1811,0,C:\Users\durgamaniryudh\Desktop\Learn\testing_evals\test\aapp_competition_test\3753\3753_gen_0.sv,xiaomi/mimo-v2-flash:free,stop,,gen-1769023035-Z8uNdYMPI0DV6dqT4jf5
618,mbpp_train,0,4583,1646,0,C:\Users\durgamaniryudh\Desktop\Learn\testing_evals\test\mbpp_train\618\618_gen_0.sv,xiaomi/mimo-v2-flash:free,stop,,gen-1769023038-32ZyeEpoJMKkrHCpYjUE
130,mbpp_test,0,5188,1867,0,C:\Users\durgamaniryudh\Desktop\Learn\testing_evals\test\mbpp_test\130\130_gen_0.sv,xiaomi/mimo-v2-flash:free,stop,,gen-1769023039-z00ZsAEphv4rkFhFtvB4
3317,aapp_competition_test,0,4331,811,0,C:\Users\durgamaniryudh\Desktop\Learn\testing_evals\test\aapp_competition_test\3317\3317_gen_0.sv,xiaomi/mimo-v2-flash:free,stop,,gen-1769023052-6iB6XVJkEruYP6TheG4E
3132,aapp_competition_test,0,5769,1840,0,C:\Users\durgamaniryudh\Desktop\Learn\testing_evals\test\aapp_competition_test\3132\3132_gen_0.sv,xiaomi/mimo-v2-flash:free,stop,,gen-1769023047-1cbJFN4F4uggSu03xvNM
3030,aapp_competition_test,0,5918,2203,0,C:\Users\durgamaniryudh\Desktop\Learn\testing_evals\test\aapp_competition_test\3030\3030_gen_0.sv,xiaomi/mimo-v2-flash:free,stop,,gen-1769023045-cJBS6txYfvA8LAepQygc
3707,aapp_competition_test,0,4086,253,0,C:\Users\durgamaniryudh\Desktop\Learn\testing_evals\test\aapp_competition_test\3707\3707_gen_0.sv,xiaomi/mimo-v2-flash:free,stop,,gen-1769023062-lHM4uPPf3ILIJaBuZqGn
3459,aapp_competition_test,0,5392,1490,0,C:\Users\durgamaniryudh\Desktop\Learn\testing_evals\test\aapp_competition_test\3459\3459_gen_0.sv,xiaomi/mimo-v2-flash:free,stop,,gen-1769023054-gm9S5EdHfUJwHdcbFX92
3082,aapp_competition_test,0,5714,2533,0,C:\Users\durgamaniryudh\Desktop\Learn\testing_evals\test\aapp_competition_test\3082\3082_gen_0.sv,xiaomi/mimo-v2-flash:free,stop,,gen-1769023046-z6xs8DKi8oDoF5Qk1PBU
99,human_eval_test,0,4362,3487,0,C:\Users\durgamaniryudh\Desktop\Learn\testing_evals\test\human_eval_test\99\99_gen_0.sv,xiaomi/mimo-v2-flash:free,stop,,gen-1769023041-tG1Mo31WQ4SGPlGNa0tA
3267,aapp_competition_test,0,4700,2659,0,C:\Users\durgamaniryudh\Desktop\Learn\testing_evals\test\aapp_competition_test\3267\3267_gen_0.sv,xiaomi/mimo-v2-flash:free,stop,,gen-1769023050-4vQTX2ZGUKdSpFtp7vdN
3925,aapp_competition_test,0,4530,889,0,C:\Users\durgamaniryudh\Desktop\Learn\testing_evals\test\aapp_competition_test\3925\3925_gen_0.sv,xiaomi/mimo-v2-flash:free,stop,,gen-1769023067-Aad3NFtczjSulai4ZnwM
51,human_eval_test,0,4328,775,0,C:\Users\durgamaniryudh\Desktop\Learn\testing_evals\test\human_eval_test\51\51_gen_0.sv,xiaomi/mimo-v2-flash:free,stop,,gen-1769023070-hzx7nKiN2cSinkGFdiGr
22,human_eval_test,0,4180,261,0,C:\Users\durgamaniryudh\Desktop\Learn\testing_evals\test\human_eval_test\22\22_gen_0.sv,xiaomi/mimo-v2-flash:free,stop,,gen-1769023074-614zQ1K4XA4pCxv1K8WE
60,human_eval_test,0,4020,202,0,C:\Users\durgamaniryudh\Desktop\Learn\testing_evals\test\human_eval_test\60\60_gen_0.sv,xiaomi/mimo-v2-flash:free,stop,,gen-1769023075-3B54zKqv1j4HuyEUbjH7
29,human_eval_test,0,4287,1479,0,C:\Users\durgamaniryudh\Desktop\Learn\testing_evals\test\human_eval_test\29\29_gen_0.sv,xiaomi/mimo-v2-flash:free,stop,,gen-1769023065-pZ0CGOCzUZmyUAB1003n
277,mbpp_test,0,4908,1340,0,C:\Users\durgamaniryudh\Desktop\Learn\testing_evals\test\mbpp_test\277\277_gen_0.sv,xiaomi/mimo-v2-flash:free,stop,,gen-1769023072-QczHMkBz6Kozjnki09S2
3024,aapp_competition_test,0,4905,1208,0,C:\Users\durgamaniryudh\Desktop\Learn\testing_evals\test\aapp_competition_test\3024\3024_gen_0.sv,xiaomi/mimo-v2-flash:free,stop,,gen-1769023078-r4XaoWKFJPi5vHBwjxhK
572,mbpp_validation,0,4969,1508,0,C:\Users\durgamaniryudh\Desktop\Learn\testing_evals\test\mbpp_validation\572\572_gen_0.sv,xiaomi/mimo-v2-flash:free,stop,,gen-1769023078-KlE2CTe2T6DjQeFrVeHm
3554,aapp_competition_test,0,4340,4047,0,C:\Users\durgamaniryudh\Desktop\Learn\testing_evals\test\aapp_competition_test\3554\3554_gen_0.sv,xiaomi/mimo-v2-flash:free,stop,,gen-1769023060-0Cb60SQ3aEfKEXqLL2n7
3748,aapp_competition_test,0,4274,3270,0,C:\Users\durgamaniryudh\Desktop\Learn\testing_evals\test\aapp_competition_test\3748\3748_gen_0.sv,xiaomi/mimo-v2-flash:free,stop,,gen-1769023063-9YaAKS662MtiIgOfxxCb
3131,aapp_competition_test,0,5151,2329,0,C:\Users\durgamaniryudh\Desktop\Learn\testing_evals\test\aapp_competition_test\3131\3131_gen_0.sv,xiaomi/mimo-v2-flash:free,stop,,gen-1769023079-sQkU02TVYdaoNi7h3bbL
3181,aapp_competition_test,0,4222,2114,0,C:\Users\durgamaniryudh\Desktop\Learn\testing_evals\test\aapp_competition_test\3181\3181_gen_0.sv,xiaomi/mimo-v2-flash:free,stop,,gen-1769023084-7OJToBVTdXnmDs1yHlRH
3701,aapp_competition_test,0,4628,881,0,C:\Users\durgamaniryudh\Desktop\Learn\testing_evals\test\aapp_competition_test\3701\3701_gen_0.sv,xiaomi/mimo-v2-flash:free,stop,,gen-1769023099-A0LlGoO3aA2sI6PaTB2Y
3173,aapp_competition_test,0,5459,8009,0,C:\Users\durgamaniryudh\Desktop\Learn\testing_evals\test\aapp_competition_test\3173\3173_gen_0.sv,xiaomi/mimo-v2-flash:free,stop,,gen-1769023050-SO6x1DqH29N2LDl9ALTP
441,mbpp_test,0,4314,133,0,C:\Users\durgamaniryudh\Desktop\Learn\testing_evals\test\mbpp_test\441\441_gen_0.sv,xiaomi/mimo-v2-flash:free,stop,,gen-1769023111-dWSZTlPQby9ibDBJ5hLA
3805,aapp_competition_test,0,4421,718,0,C:\Users\durgamaniryudh\Desktop\Learn\testing_evals\test\aapp_competition_test\3805\3805_gen_0.sv,xiaomi/mimo-v2-flash:free,stop,,gen-1769023108-rsgS1peCkOxBzSsbHNNR
3760,aapp_competition_test,0,5077,1686,0,C:\Users\durgamaniryudh\Desktop\Learn\testing_evals\test\aapp_competition_test\3760\3760_gen_0.sv,xiaomi/mimo-v2-flash:free,stop,,gen-1769023103-DYgkLcGk9Ym1aqVYUqgi
3079,aapp_competition_test,0,4462,4891,0,C:\Users\durgamaniryudh\Desktop\Learn\testing_evals\test\aapp_competition_test\3079\3079_gen_0.sv,xiaomi/mimo-v2-flash:free,stop,,gen-1769023078-Bs2LgcQmnsGDz9G8KN23
294,mbpp_test,0,4446,741,0,C:\Users\durgamaniryudh\Desktop\Learn\testing_evals\test\mbpp_test\294\294_gen_0.sv,xiaomi/mimo-v2-flash:free,stop,,gen-1769023113-pKK7ryu1FVA7U3ouTnuF
3552,aapp_competition_test,0,4454,2964,0,C:\Users\durgamaniryudh\Desktop\Learn\testing_evals\test\aapp_competition_test\3552\3552_gen_0.sv,xiaomi/mimo-v2-flash:free,stop,,gen-1769023094-XV6OzxO67eggwi7CkrwC
143,mbpp_test,0,4292,576,0,C:\Users\durgamaniryudh\Desktop\Learn\testing_evals\test\mbpp_test\143\143_gen_0.sv,xiaomi/mimo-v2-flash:free,stop,,gen-1769023118-M56EDUkrStSxDqqU7SFJ
3315,aapp_competition_test,0,5572,4761,0,C:\Users\durgamaniryudh\Desktop\Learn\testing_evals\test\aapp_competition_test\3315\3315_gen_0.sv,xiaomi/mimo-v2-flash:free,stop,,gen-1769023090-SpiuHRSIF8Wp6muZIhbo
17,mbpp_test,0,4234,382,0,C:\Users\durgamaniryudh\Desktop\Learn\testing_evals\test\mbpp_test\17\17_gen_0.sv,xiaomi/mimo-v2-flash:free,stop,,gen-1769023118-xcZ0t8V34kjHpm3MqkIn
771,mbpp_train,0,4612,1654,0,C:\Users\durgamaniryudh\Desktop\Learn\testing_evals\test\mbpp_train\771\771_gen_0.sv,xiaomi/mimo-v2-flash:free,stop,,gen-1769023115-UbA9boDx8spo5TcMyCNZ
3461,aapp_competition_test,0,5792,4694,0,C:\Users\durgamaniryudh\Desktop\Learn\testing_evals\test\aapp_competition_test\3461\3461_gen_0.sv,xiaomi/mimo-v2-flash:free,stop,,gen-1769023094-4NQJ1Tm35dl4cWaQTXFU
3273,aapp_competition_test,0,4532,4716,0,C:\Users\durgamaniryudh\Desktop\Learn\testing_evals\test\aapp_competition_test\3273\3273_gen_0.sv,xiaomi/mimo-v2-flash:free,stop,,gen-1769023089-Jd8h2aNWTOwwQFn4r6VC
12,human_eval_test,0,4241,1281,0,C:\Users\durgamaniryudh\Desktop\Learn\testing_evals\test\human_eval_test\12\12_gen_0.sv,xiaomi/mimo-v2-flash:free,stop,,gen-1769023121-xj15OOio0TCBkTm33n1x
3080,aapp_competition_test,0,5520,1988,0,C:\Users\durgamaniryudh\Desktop\Learn\testing_evals\test\aapp_competition_test\3080\3080_gen_0.sv,xiaomi/mimo-v2-flash:free,stop,,gen-1769023123-RVjUlqp7XbLmk0psko9H
3184,aapp_competition_test,0,4985,1927,0,C:\Users\durgamaniryudh\Desktop\Learn\testing_evals\test\aapp_competition_test\3184\3184_gen_0.sv,xiaomi/mimo-v2-flash:free,stop,,gen-1769023128-7I37nN1DVPKAf6SDsjIg
3031,aapp_competition_test,0,4206,2417,0,C:\Users\durgamaniryudh\Desktop\Learn\testing_evals\test\aapp_competition_test\3031\3031_gen_0.sv,xiaomi/mimo-v2-flash:free,stop,,gen-1769023121-RQJqLhQsODD7QxxQlcQx
3272,aapp_competition_test,0,6287,2562,0,C:\Users\durgamaniryudh\Desktop\Learn\testing_evals\test\aapp_competition_test\3272\3272_gen_0.sv,xiaomi/mimo-v2-flash:free,stop,,gen-1769023130-GKyy369tK7bQ9b8w65Ja
3556,aapp_competition_test,0,5480,2254,0,C:\Users\durgamaniryudh\Desktop\Learn\testing_evals\test\aapp_competition_test\3556\3556_gen_0.sv,xiaomi/mimo-v2-flash:free,stop,,gen-1769023134-kLyVLN0ZoZSlpYC3c3QJ
3453,aapp_competition_test,0,5434,2013,0,C:\Users\durgamaniryudh\Desktop\Learn\testing_evals\test\aapp_competition_test\3453\3453_gen_0.sv,xiaomi/mimo-v2-flash:free,stop,,gen-1769023132-PWgoz5b48uN6ExidHjdN
83,human_eval_test,0,4057,444,0,C:\Users\durgamaniryudh\Desktop\Learn\testing_evals\test\human_eval_test\83\83_gen_0.sv,xiaomi/mimo-v2-flash:free,stop,,gen-1769023153-Ip342SPgMR07Xi78URyC
3310,aapp_competition_test,0,4416,2996,0,C:\Users\durgamaniryudh\Desktop\Learn\testing_evals\test\aapp_competition_test\3310\3310_gen_0.sv,xiaomi/mimo-v2-flash:free,stop,,gen-1769023131-zqdUulRF7DdFy4bY6gAm
443,mbpp_test,0,4395,906,0,C:\Users\durgamaniryudh\Desktop\Learn\testing_evals\test\mbpp_test\443\443_gen_0.sv,xiaomi/mimo-v2-flash:free,stop,,gen-1769023151-BByST8LNE3YCyadFEhRB
266,mbpp_test,0,3959,122,0,C:\Users\durgamaniryudh\Desktop\Learn\testing_evals\test\mbpp_test\266\266_gen_0.sv,xiaomi/mimo-v2-flash:free,stop,,gen-1769023159-ksfKAE4QMcS6hBeEMFrP
3758,aapp_competition_test,0,5231,1731,0,C:\Users\durgamaniryudh\Desktop\Learn\testing_evals\test\aapp_competition_test\3758\3758_gen_0.sv,xiaomi/mimo-v2-flash:free,stop,,gen-1769023146-rQfnbd0rPDOrOSvNBFTK
472,mbpp_test,0,4207,1807,0,C:\Users\durgamaniryudh\Desktop\Learn\testing_evals\test\mbpp_test\472\472_gen_0.sv,xiaomi/mimo-v2-flash:free,stop,,gen-1769023151-3uZQcSdUkFji4hTX6tEe
753,mbpp_train,0,5265,1331,0,C:\Users\durgamaniryudh\Desktop\Learn\testing_evals\test\mbpp_train\753\753_gen_0.sv,xiaomi/mimo-v2-flash:free,stop,,gen-1769023158-rdmLmuzRJmaMRmVPJUBR
731,mbpp_train,0,5462,1823,0,C:\Users\durgamaniryudh\Desktop\Learn\testing_evals\test\mbpp_train\731\731_gen_0.sv,xiaomi/mimo-v2-flash:free,stop,,gen-1769023156-AV2VF5Uy9HDvngjXaxcM
3084,aapp_competition_test,0,5246,1529,0,C:\Users\durgamaniryudh\Desktop\Learn\testing_evals\test\aapp_competition_test\3084\3084_gen_0.sv,xiaomi/mimo-v2-flash:free,stop,,gen-1769023162-7zy0WoCLU0TTj5OHGZuf
3135,aapp_competition_test,0,4721,909,0,C:\Users\durgamaniryudh\Desktop\Learn\testing_evals\test\aapp_competition_test\3135\3135_gen_0.sv,xiaomi/mimo-v2-flash:free,stop,,gen-1769023168-JpNsexxfqu2DH5nx8JiU
3705,aapp_competition_test,0,3974,4982,0,C:\Users\durgamaniryudh\Desktop\Learn\testing_evals\test\aapp_competition_test\3705\3705_gen_0.sv,xiaomi/mimo-v2-flash:free,stop,,gen-1769023140-NhUUa7iJrv4TzvotqEEa
3033,aapp_competition_test,0,4378,1699,0,C:\Users\durgamaniryudh\Desktop\Learn\testing_evals\test\aapp_competition_test\3033\3033_gen_0.sv,xiaomi/mimo-v2-flash:free,stop,,gen-1769023162-V6uwDnnWnP8y7cjjo0tv
3137,aapp_competition_test,0,4241,8028,0,C:\Users\durgamaniryudh\Desktop\Learn\testing_evals\test\aapp_competition_test\3137\3137_gen_0.sv,xiaomi/mimo-v2-flash:free,stop,,gen-1769023127-CGTqIpn40K87zfNFPSIe
3278,aapp_competition_test,0,5769,2152,0,C:\Users\durgamaniryudh\Desktop\Learn\testing_evals\test\aapp_competition_test\3278\3278_gen_0.sv,xiaomi/mimo-v2-flash:free,stop,,gen-1769023173-LgOcYCDXTEC2JfKM8NXO
117,human_eval_test,0,4595,2985,0,C:\Users\durgamaniryudh\Desktop\Learn\testing_evals\test\human_eval_test\117\117_gen_0.sv,xiaomi/mimo-v2-flash:free,stop,,gen-1769023161-8QcTfbWQvKOn6O758wFh
3186,aapp_competition_test,0,4535,2632,0,C:\Users\durgamaniryudh\Desktop\Learn\testing_evals\test\aapp_competition_test\3186\3186_gen_0.sv,xiaomi/mimo-v2-flash:free,stop,,gen-1769023169-0z5YuWneBqXBTVYRGbxk
3708,aapp_competition_test,0,4653,1143,0,C:\Users\durgamaniryudh\Desktop\Learn\testing_evals\test\aapp_competition_test\3708\3708_gen_0.sv,xiaomi/mimo-v2-flash:free,stop,,gen-1769023183-G4Ut26sJKWTjI06oVcby
3463,aapp_competition_test,0,4146,2079,0,C:\Users\durgamaniryudh\Desktop\Learn\testing_evals\test\aapp_competition_test\3463\3463_gen_0.sv,xiaomi/mimo-v2-flash:free,stop,,gen-1769023175-IFk8yqilDkBEeNV0qnBn
406,mbpp_test,0,4141,317,0,C:\Users\durgamaniryudh\Desktop\Learn\testing_evals\test\mbpp_test\406\406_gen_0.sv,xiaomi/mimo-v2-flash:free,stop,,gen-1769023193-gWTTrAqFXFYvFvKteqwz
3830,aapp_competition_test,0,4609,894,0,C:\Users\durgamaniryudh\Desktop\Learn\testing_evals\test\aapp_competition_test\3830\3830_gen_0.sv,xiaomi/mimo-v2-flash:free,stop,,gen-1769023190-2VrqFD3aArE1KZ7k58XF
8,human_eval_test,0,4357,777,0,C:\Users\durgamaniryudh\Desktop\Learn\testing_evals\test\human_eval_test\8\8_gen_0.sv,xiaomi/mimo-v2-flash:free,stop,,gen-1769023191-uI5Lb4CI59zUtxjFD0NR
3535,aapp_competition_test,0,4968,2452,0,C:\Users\durgamaniryudh\Desktop\Learn\testing_evals\test\aapp_competition_test\3535\3535_gen_0.sv,xiaomi/mimo-v2-flash:free,stop,,gen-1769023179-px8BWAR7aJvMCsYvIZ8g
3324,aapp_competition_test,0,4490,2795,0,C:\Users\durgamaniryudh\Desktop\Learn\testing_evals\test\aapp_competition_test\3324\3324_gen_0.sv,xiaomi/mimo-v2-flash:free,stop,,gen-1769023175-I17CdVGx8VKGrHI7ZMSQ
3757,aapp_competition_test,0,5470,2095,0,C:\Users\durgamaniryudh\Desktop\Learn\testing_evals\test\aapp_competition_test\3757\3757_gen_0.sv,xiaomi/mimo-v2-flash:free,stop,,gen-1769023188-0c7B2GVpHK9Fs313ssOo
3139,aapp_competition_test,0,4527,736,0,C:\Users\durgamaniryudh\Desktop\Learn\testing_evals\test\aapp_competition_test\3139\3139_gen_0.sv,xiaomi/mimo-v2-flash:free,stop,,gen-1769023198-o77VRwedDfUg49dTYsyJ
3034,aapp_competition_test,0,5511,2055,0,C:\Users\durgamaniryudh\Desktop\Learn\testing_evals\test\aapp_competition_test\3034\3034_gen_0.sv,xiaomi/mimo-v2-flash:free,stop,,gen-1769023194-fLqN1NMmWRr6IQpc0Z9J
3280,aapp_competition_test,0,5150,1286,0,C:\Users\durgamaniryudh\Desktop\Learn\testing_evals\test\aapp_competition_test\3280\3280_gen_0.sv,xiaomi/mimo-v2-flash:free,stop,,gen-1769023200-QVhAijsqkTsMfm6F9gCi
3914,aapp_competition_test,0,4879,1296,0,C:\Users\durgamaniryudh\Desktop\Learn\testing_evals\test\aapp_competition_test\3914\3914_gen_0.sv,xiaomi/mimo-v2-flash:free,stop,,gen-1769023192-kkuNNXdonjQQWOnPCFY7
3326,aapp_competition_test,0,5057,1892,0,C:\Users\durgamaniryudh\Desktop\Learn\testing_evals\test\aapp_competition_test\3326\3326_gen_0.sv,xiaomi/mimo-v2-flash:free,stop,,gen-1769023200-XDepkal0YCcCXIBJT51u
3092,aapp_competition_test,0,6082,2550,0,C:\Users\durgamaniryudh\Desktop\Learn\testing_evals\test\aapp_competition_test\3092\3092_gen_0.sv,xiaomi/mimo-v2-flash:free,stop,,gen-1769023197-GzSR11RhMnRF0IEAJ2Kw
103,human_eval_test,0,4404,717,0,C:\Users\durgamaniryudh\Desktop\Learn\testing_evals\test\human_eval_test\103\103_gen_0.sv,xiaomi/mimo-v2-flash:free,stop,,gen-1769023212-U0KFDrvZzQZmmnMrtfXD
399,mbpp_test,0,4262,563,0,C:\Users\durgamaniryudh\Desktop\Learn\testing_evals\test\mbpp_test\399\399_gen_0.sv,xiaomi/mimo-v2-flash:free,stop,,gen-1769023216-rgNPJlkoFqmSZktiqgwy
3457,aapp_competition_test,0,5586,2113,0,C:\Users\durgamaniryudh\Desktop\Learn\testing_evals\test\aapp_competition_test\3457\3457_gen_0.sv,xiaomi/mimo-v2-flash:free,stop,,gen-1769023206-vyKpeuhwHvQIebS9J6Hb
3704,aapp_competition_test,0,4921,1697,0,C:\Users\durgamaniryudh\Desktop\Learn\testing_evals\test\aapp_competition_test\3704\3704_gen_0.sv,xiaomi/mimo-v2-flash:free,stop,,gen-1769023211-U49P6tKgnFyR7P1vWoLE
809,mbpp_train,0,4415,851,0,C:\Users\durgamaniryudh\Desktop\Learn\testing_evals\test\mbpp_train\809\809_gen_0.sv,xiaomi/mimo-v2-flash:free,stop,,gen-1769023217-Ob1jJGE1BrsbPAjJCDVW
3764,aapp_competition_test,0,5446,1983,0,C:\Users\durgamaniryudh\Desktop\Learn\testing_evals\test\aapp_competition_test\3764\3764_gen_0.sv,xiaomi/mimo-v2-flash:free,stop,,gen-1769023211-qCrU5fi28hZuGXdR2arC
414,mbpp_test,0,4477,999,0,C:\Users\durgamaniryudh\Desktop\Learn\testing_evals\test\mbpp_test\414\414_gen_0.sv,xiaomi/mimo-v2-flash:free,stop,,gen-1769023219-uJxbD7LqkqP5xhNP10DG
3174,aapp_competition_test,0,4321,26932,0,C:\Users\durgamaniryudh\Desktop\Learn\testing_evals\test\aapp_competition_test\3174\3174_gen_0.sv,xiaomi/mimo-v2-flash:free,stop,,gen-1769022872-LAFJ9P1l3nxIHjNcJe5l
3088,aapp_competition_test,0,4064,1375,0,C:\Users\durgamaniryudh\Desktop\Learn\testing_evals\test\aapp_competition_test\3088\3088_gen_0.sv,xiaomi/mimo-v2-flash:free,stop,,gen-1769023223-NFUydbxqA640EuNawfbx
3187,aapp_competition_test,0,5966,1928,0,C:\Users\durgamaniryudh\Desktop\Learn\testing_evals\test\aapp_competition_test\3187\3187_gen_0.sv,xiaomi/mimo-v2-flash:free,stop,,gen-1769023225-BaRfIqzntPYiTu1RjcOd
3462,aapp_competition_test,0,5240,1473,0,C:\Users\durgamaniryudh\Desktop\Learn\testing_evals\test\aapp_competition_test\3462\3462_gen_0.sv,xiaomi/mimo-v2-flash:free,stop,,gen-1769023230-n7NShNKmmPLkblpJvYVw
3329,aapp_competition_test,0,4982,1790,0,C:\Users\durgamaniryudh\Desktop\Learn\testing_evals\test\aapp_competition_test\3329\3329_gen_0.sv,xiaomi/mimo-v2-flash:free,stop,,gen-1769023229-7PlKgJ0uWwGeiTO8etIt
3039,aapp_competition_test,0,5028,3206,0,C:\Users\durgamaniryudh\Desktop\Learn\testing_evals\test\aapp_competition_test\3039\3039_gen_0.sv,xiaomi/mimo-v2-flash:free,stop,,gen-1769023222-zDY2pzH9N1Mbx652jFY6
72,mbpp_test,0,4082,241,0,C:\Users\durgamaniryudh\Desktop\Learn\testing_evals\test\mbpp_test\72\72_gen_0.sv,xiaomi/mimo-v2-flash:free,stop,,gen-1769023248-VuS7ml14LLyOLkoU2vvn
3565,aapp_competition_test,0,5865,1726,0,C:\Users\durgamaniryudh\Desktop\Learn\testing_evals\test\aapp_competition_test\3565\3565_gen_0.sv,xiaomi/mimo-v2-flash:free,stop,,gen-1769023236-NafNORFG3PdSlUH5MWsv
72,human_eval_test,0,4256,1068,0,C:\Users\durgamaniryudh\Desktop\Learn\testing_evals\test\human_eval_test\72\72_gen_0.sv,xiaomi/mimo-v2-flash:free,stop,,gen-1769023245-aTm6IFT85F38p7TIwoke
3767,aapp_competition_test,0,5596,1756,0,C:\Users\durgamaniryudh\Desktop\Learn\testing_evals\test\aapp_competition_test\3767\3767_gen_0.sv,xiaomi/mimo-v2-flash:free,stop,,gen-1769023242-uOFJIcezPXEAXkbA656C
3270,aapp_competition_test,0,7086,3320,0,C:\Users\durgamaniryudh\Desktop\Learn\testing_evals\test\aapp_competition_test\3270\3270_gen_0.sv,xiaomi/mimo-v2-flash:free,stop,,gen-1769023228-ensiRbBTl61dxQkyHlKF
3710,aapp_competition_test,0,5909,2603,0,C:\Users\durgamaniryudh\Desktop\Learn\testing_evals\test\aapp_competition_test\3710\3710_gen_0.sv,xiaomi/mimo-v2-flash:free,stop,,gen-1769023241-k3lS9zt1ykZp9CYl1Wqo
116,mbpp_test,0,4509,909,0,C:\Users\durgamaniryudh\Desktop\Learn\testing_evals\test\mbpp_test\116\116_gen_0.sv,xiaomi/mimo-v2-flash:free,stop,,gen-1769023253-X5zLbtwdFs8gXkuhduB8
122,human_eval_test,0,4288,637,0,C:\Users\durgamaniryudh\Desktop\Learn\testing_evals\test\human_eval_test\122\122_gen_0.sv,xiaomi/mimo-v2-flash:free,stop,,gen-1769023257-Xl4JAVgf7EukuIMzZWwK
127,human_eval_test,0,4472,1370,0,C:\Users\durgamaniryudh\Desktop\Learn\testing_evals\test\human_eval_test\127\127_gen_0.sv,xiaomi/mimo-v2-flash:free,stop,,gen-1769023256-QPmDVKZU0K2YrujXfzis
3136,aapp_competition_test,0,4595,5144,0,C:\Users\durgamaniryudh\Desktop\Learn\testing_evals\test\aapp_competition_test\3136\3136_gen_0.sv,xiaomi/mimo-v2-flash:free,stop,,gen-1769023225-M9HioOH80JI3BPIDnRtP
565,mbpp_validation,0,4300,817,0,C:\Users\durgamaniryudh\Desktop\Learn\testing_evals\test\mbpp_validation\565\565_gen_0.sv,xiaomi/mimo-v2-flash:free,stop,,gen-1769023262-eLf4VPUSZKeJZZ0tiFeQ
3180,aapp_competition_test,0,4796,1152,0,C:\Users\durgamaniryudh\Desktop\Learn\testing_evals\test\aapp_competition_test\3180\3180_gen_0.sv,xiaomi/mimo-v2-flash:free,stop,,gen-1769023268-BIdsWPXtTVDKxfQ3DlmL
3927,aapp_competition_test,0,4467,3127,0,C:\Users\durgamaniryudh\Desktop\Learn\testing_evals\test\aapp_competition_test\3927\3927_gen_0.sv,xiaomi/mimo-v2-flash:free,stop,,gen-1769023252-nMmNcOdFmCinhU4bT0DN
3040,aapp_competition_test,0,5585,2115,0,C:\Users\durgamaniryudh\Desktop\Learn\testing_evals\test\aapp_competition_test\3040\3040_gen_0.sv,xiaomi/mimo-v2-flash:free,stop,,gen-1769023263-ifZpsEkZV1w1RvUlYNbd
3087,aapp_competition_test,0,4349,2939,0,C:\Users\durgamaniryudh\Desktop\Learn\testing_evals\test\aapp_competition_test\3087\3087_gen_0.sv,xiaomi/mimo-v2-flash:free,stop,,gen-1769023264-rzFYlftSnPP0bcVCEjBO
3464,aapp_competition_test,0,5615,1953,0,C:\Users\durgamaniryudh\Desktop\Learn\testing_evals\test\aapp_competition_test\3464\3464_gen_0.sv,xiaomi/mimo-v2-flash:free,stop,,gen-1769023279-NaAbqnyX2CEMgyMyN5CL
3277,aapp_competition_test,0,4693,3111,0,C:\Users\durgamaniryudh\Desktop\Learn\testing_evals\test\aapp_competition_test\3277\3277_gen_0.sv,xiaomi/mimo-v2-flash:free,stop,,gen-1769023269-z0A9JS5yxtwF6nXtBUos
3706,aapp_competition_test,0,5223,1985,0,C:\Users\durgamaniryudh\Desktop\Learn\testing_evals\test\aapp_competition_test\3706\3706_gen_0.sv,xiaomi/mimo-v2-flash:free,stop,,gen-1769023283-1OgGUaqzjINpIGldjvDv
3141,aapp_competition_test,0,4545,4597,0,C:\Users\durgamaniryudh\Desktop\Learn\testing_evals\test\aapp_competition_test\3141\3141_gen_0.sv,xiaomi/mimo-v2-flash:free,stop,,gen-1769023264-HERI8k3kYbQJfbkNHCIa
84,mbpp_test,0,6068,1142,0,C:\Users\durgamaniryudh\Desktop\Learn\testing_evals\test\mbpp_test\84\84_gen_0.sv,xiaomi/mimo-v2-flash:free,stop,,gen-1769023295-bNuM4bpme6sjuQiwGGCX
455,mbpp_test,0,4078,240,0,C:\Users\durgamaniryudh\Desktop\Learn\testing_evals\test\mbpp_test\455\455_gen_0.sv,xiaomi/mimo-v2-flash:free,stop,,gen-1769023303-enV8zpWwJUwoVb9swxjA
3567,aapp_competition_test,0,4017,1760,0,C:\Users\durgamaniryudh\Desktop\Learn\testing_evals\test\aapp_competition_test\3567\3567_gen_0.sv,xiaomi/mimo-v2-flash:free,stop,,gen-1769023280-Vkq1BVkGvZGH4xUAhsmB
3766,aapp_competition_test,0,4215,1932,0,C:\Users\durgamaniryudh\Desktop\Learn\testing_evals\test\aapp_competition_test\3766\3766_gen_0.sv,xiaomi/mimo-v2-flash:free,stop,,gen-1769023292-fmTyAhUi9rQHmt8xHRMc
3691,aapp_competition_test,0,4779,65536,0,C:\Users\durgamaniryudh\Desktop\Learn\testing_evals\test\aapp_competition_test\3691\3691_gen_0.sv,xiaomi/mimo-v2-flash:free,length,,gen-1769022736-epeebuWVmhEYerMGHe7R
3812,aapp_competition_test,0,4089,1475,0,C:\Users\durgamaniryudh\Desktop\Learn\testing_evals\test\aapp_competition_test\3812\3812_gen_0.sv,xiaomi/mimo-v2-flash:free,stop,,gen-1769023299-ACxvaSUo6hS0C90nzUsy
602,mbpp_train,0,5304,2046,0,C:\Users\durgamaniryudh\Desktop\Learn\testing_evals\test\mbpp_train\602\602_gen_0.sv,xiaomi/mimo-v2-flash:free,stop,,gen-1769023301-t9wjiLfHdWFviHSv7j5m
3090,aapp_competition_test,0,5916,2239,0,C:\Users\durgamaniryudh\Desktop\Learn\testing_evals\test\aapp_competition_test\3090\3090_gen_0.sv,xiaomi/mimo-v2-flash:free,stop,,gen-1769023307-PNmGDYKGullEC9Fofruz
3189,aapp_competition_test,0,5145,1817,0,C:\Users\durgamaniryudh\Desktop\Learn\testing_evals\test\aapp_competition_test\3189\3189_gen_0.sv,xiaomi/mimo-v2-flash:free,stop,,gen-1769023310-31t0ySdwVSQi5s7v5v58
116,human_eval_test,0,4338,2663,0,C:\Users\durgamaniryudh\Desktop\Learn\testing_evals\test\human_eval_test\116\116_gen_0.sv,xiaomi/mimo-v2-flash:free,stop,,gen-1769023305-87hTQxHScxhdVxC0JBW6
3262,aapp_competition_test,0,5043,1559,0,C:\Users\durgamaniryudh\Desktop\Learn\testing_evals\test\aapp_competition_test\3262\3262_gen_0.sv,xiaomi/mimo-v2-flash:free,stop,,gen-1769023316-cKuS3VQtOuiHiKmnkxQ8
3038,aapp_competition_test,0,5903,3235,0,C:\Users\durgamaniryudh\Desktop\Learn\testing_evals\test\aapp_competition_test\3038\3038_gen_0.sv,xiaomi/mimo-v2-flash:free,stop,,gen-1769023306-myv3XexoinZrV6XbKEeP
3127,aapp_competition_test,0,6428,2913,0,C:\Users\durgamaniryudh\Desktop\Learn\testing_evals\test\aapp_competition_test\3127\3127_gen_0.sv,xiaomi/mimo-v2-flash:free,stop,,gen-1769023309-L2Rd1V141rBz89wrImWC
3320,aapp_competition_test,0,4964,1448,0,C:\Users\durgamaniryudh\Desktop\Learn\testing_evals\test\aapp_competition_test\3320\3320_gen_0.sv,xiaomi/mimo-v2-flash:free,stop,,gen-1769023317-kX0yZO28dsydeadVCe8n
3179,aapp_competition_test,0,4503,14013,0,C:\Users\durgamaniryudh\Desktop\Learn\testing_evals\test\aapp_competition_test\3179\3179_gen_0.sv,xiaomi/mimo-v2-flash:free,stop,,gen-1769023199-iiizRDjw6dUHlBxo2MjE
41,human_eval_test,0,4069,86,0,C:\Users\durgamaniryudh\Desktop\Learn\testing_evals\test\human_eval_test\41\41_gen_0.sv,xiaomi/mimo-v2-flash:free,stop,,gen-1769023336-N4dpoSxyVZK1xnFUf8bK
631,mbpp_train,0,4568,903,0,C:\Users\durgamaniryudh\Desktop\Learn\testing_evals\test\mbpp_train\631\631_gen_0.sv,xiaomi/mimo-v2-flash:free,stop,,gen-1769023333-0EUveJv7xKU2N90BieFX
88,mbpp_test,0,4469,1216,0,C:\Users\durgamaniryudh\Desktop\Learn\testing_evals\test\mbpp_test\88\88_gen_0.sv,xiaomi/mimo-v2-flash:free,stop,,gen-1769023330-CZsMTOMHdzqI2nEVZxaT
3466,aapp_competition_test,0,5440,2348,0,C:\Users\durgamaniryudh\Desktop\Learn\testing_evals\test\aapp_competition_test\3466\3466_gen_0.sv,xiaomi/mimo-v2-flash:free,stop,,gen-1769023325-CDOWDfqcRPg2VK2Xk2oq
3761,aapp_competition_test,0,5333,1945,0,C:\Users\durgamaniryudh\Desktop\Learn\testing_evals\test\aapp_competition_test\3761\3761_gen_0.sv,xiaomi/mimo-v2-flash:free,stop,,gen-1769023329-WWUBoNBP3jY1MleyxryJ
3563,aapp_competition_test,0,4420,13174,0,C:\Users\durgamaniryudh\Desktop\Learn\testing_evals\test\aapp_competition_test\3563\3563_gen_0.sv,xiaomi/mimo-v2-flash:free,stop,,gen-1769023207-e5JFKRCwn9h1g1XfaHp0
118,mbpp_test,0,5277,1725,0,C:\Users\durgamaniryudh\Desktop\Learn\testing_evals\test\mbpp_test\118\118_gen_0.sv,xiaomi/mimo-v2-flash:free,stop,,gen-1769023331-qmyHvVKsQaKjOUpaReRo
3712,aapp_competition_test,0,5099,2309,0,C:\Users\durgamaniryudh\Desktop\Learn\testing_evals\test\aapp_competition_test\3712\3712_gen_0.sv,xiaomi/mimo-v2-flash:free,stop,,gen-1769023328-uQTlsa2WNGc5lAYDjMTQ
573,mbpp_validation,0,5349,1241,0,C:\Users\durgamaniryudh\Desktop\Learn\testing_evals\test\mbpp_validation\573\573_gen_0.sv,xiaomi/mimo-v2-flash:free,stop,,gen-1769023338-2zjTAec8uaYhSSOBs4Kv
3086,aapp_competition_test,0,4590,916,0,C:\Users\durgamaniryudh\Desktop\Learn\testing_evals\test\aapp_competition_test\3086\3086_gen_0.sv,xiaomi/mimo-v2-flash:free,stop,,gen-1769023345-WlaGd6dbFc12pb8l8myQ
462,mbpp_test,0,4535,1361,0,C:\Users\durgamaniryudh\Desktop\Learn\testing_evals\test\mbpp_test\462\462_gen_0.sv,xiaomi/mimo-v2-flash:free,stop,,gen-1769023341-BETYWbg1r3THdjeoeQBS
3323,aapp_competition_test,0,5268,11643,0,C:\Users\durgamaniryudh\Desktop\Learn\testing_evals\test\aapp_competition_test\3323\3323_gen_0.sv,xiaomi/mimo-v2-flash:free,stop,,gen-1769023271-3oUewxnnVnjz0Gu0BTb4
3331,aapp_competition_test,0,4467,703,0,C:\Users\durgamaniryudh\Desktop\Learn\testing_evals\test\aapp_competition_test\3331\3331_gen_0.sv,xiaomi/mimo-v2-flash:free,stop,,gen-1769023351-RXq4Nm6wgiAkJymFJzol
3551,aapp_competition_test,0,4199,3709,0,C:\Users\durgamaniryudh\Desktop\Learn\testing_evals\test\aapp_competition_test\3551\3551_gen_0.sv,xiaomi/mimo-v2-flash:free,stop,,gen-1769023326-6U2SyyHXLFXraYs2zs5d
101,mbpp_test,0,4333,1843,0,C:\Users\durgamaniryudh\Desktop\Learn\testing_evals\test\mbpp_test\101\101_gen_0.sv,xiaomi/mimo-v2-flash:free,stop,,gen-1769023342-O5qnuRVPiFOeXhX98qsI
3281,aapp_competition_test,0,5000,1349,0,C:\Users\durgamaniryudh\Desktop\Learn\testing_evals\test\aapp_competition_test\3281\3281_gen_0.sv,xiaomi/mimo-v2-flash:free,stop,,gen-1769023347-Ko2555cIGjHMgj8IrBqU
3045,aapp_competition_test,0,5114,2107,0,C:\Users\durgamaniryudh\Desktop\Learn\testing_evals\test\aapp_competition_test\3045\3045_gen_0.sv,xiaomi/mimo-v2-flash:free,stop,,gen-1769023344-wcYzAL2vBl1KXfz6eKHy
3188,aapp_competition_test,0,6852,2538,0,C:\Users\durgamaniryudh\Desktop\Learn\testing_evals\test\aapp_competition_test\3188\3188_gen_0.sv,xiaomi/mimo-v2-flash:free,stop,,gen-1769023346-bufCergY4Qaycjodk1ZB
3829,aapp_competition_test,0,4721,945,0,C:\Users\durgamaniryudh\Desktop\Learn\testing_evals\test\aapp_competition_test\3829\3829_gen_0.sv,xiaomi/mimo-v2-flash:free,stop,,gen-1769023358-8RDRDXW8hn8Lqke6hrY4
3711,aapp_competition_test,0,4639,1214,0,C:\Users\durgamaniryudh\Desktop\Learn\testing_evals\test\aapp_competition_test\3711\3711_gen_0.sv,xiaomi/mimo-v2-flash:free,stop,,gen-1769023356-OCPS831ptnmhABAQcRGP
3564,aapp_competition_test,0,5384,1687,0,C:\Users\durgamaniryudh\Desktop\Learn\testing_evals\test\aapp_competition_test\3564\3564_gen_0.sv,xiaomi/mimo-v2-flash:free,stop,,gen-1769023354-Stk2ea3azIfbBQ18fjt9
133,human_eval_test,0,4566,511,0,C:\Users\durgamaniryudh\Desktop\Learn\testing_evals\test\human_eval_test\133\133_gen_0.sv,xiaomi/mimo-v2-flash:free,stop,,gen-1769023358-3iO3MKgsSdsuIbnXMS0k
595,mbpp_validation,0,4444,983,0,C:\Users\durgamaniryudh\Desktop\Learn\testing_evals\test\mbpp_validation\595\595_gen_0.sv,xiaomi/mimo-v2-flash:free,stop,,gen-1769023361-MnrU3OBo0yAMipiQ1xbV
3909,aapp_competition_test,0,4965,1218,0,C:\Users\durgamaniryudh\Desktop\Learn\testing_evals\test\aapp_competition_test\3909\3909_gen_0.sv,xiaomi/mimo-v2-flash:free,stop,,gen-1769023362-hHwywwrm4ub5fUHSuTyN
3129,aapp_competition_test,0,4571,842,0,C:\Users\durgamaniryudh\Desktop\Learn\testing_evals\test\aapp_competition_test\3129\3129_gen_0.sv,xiaomi/mimo-v2-flash:free,stop,,gen-1769023368-SU7pLFq9LUlUksvtlexs
3765,aapp_competition_test,0,6092,2584,0,C:\Users\durgamaniryudh\Desktop\Learn\testing_evals\test\aapp_competition_test\3765\3765_gen_0.sv,xiaomi/mimo-v2-flash:free,stop,,gen-1769023357-qgkJ9Kb7F5wW32KKlbDQ
3468,aapp_competition_test,0,6138,3463,0,C:\Users\durgamaniryudh\Desktop\Learn\testing_evals\test\aapp_competition_test\3468\3468_gen_0.sv,xiaomi/mimo-v2-flash:free,stop,,gen-1769023353-Gs3CaXg4eXkMBFvP0pyq
3046,aapp_competition_test,0,5206,1946,0,C:\Users\durgamaniryudh\Desktop\Learn\testing_evals\test\aapp_competition_test\3046\3046_gen_0.sv,xiaomi/mimo-v2-flash:free,stop,,gen-1769023366-LtiVlrOpL9KEMEx52LIs
3142,aapp_competition_test,0,4237,4011,0,C:\Users\durgamaniryudh\Desktop\Learn\testing_evals\test\aapp_competition_test\3142\3142_gen_0.sv,xiaomi/mimo-v2-flash:free,stop,,gen-1769023345-Xl1VfQntTbFvfdmxt1Cq
3279,aapp_competition_test,0,5426,1724,0,C:\Users\durgamaniryudh\Desktop\Learn\testing_evals\test\aapp_competition_test\3279\3279_gen_0.sv,xiaomi/mimo-v2-flash:free,stop,,gen-1769023368-O99W5VXvl0xeUHRWr1my
3095,aapp_competition_test,0,4006,1770,0,C:\Users\durgamaniryudh\Desktop\Learn\testing_evals\test\aapp_competition_test\3095\3095_gen_0.sv,xiaomi/mimo-v2-flash:free,stop,,gen-1769023367-rKEpG5JxnZNUAJPlmUlg
3772,aapp_competition_test,0,4222,482,0,C:\Users\durgamaniryudh\Desktop\Learn\testing_evals\test\aapp_competition_test\3772\3772_gen_0.sv,xiaomi/mimo-v2-flash:free,stop,,gen-1769023382-OZ72YR1LUHMM9SD3Hqfr
3717,aapp_competition_test,0,4929,1300,0,C:\Users\durgamaniryudh\Desktop\Learn\testing_evals\test\aapp_competition_test\3717\3717_gen_0.sv,xiaomi/mimo-v2-flash:free,stop,,gen-1769023378-UAsfj8zo0pMvQtpfasoo
3195,aapp_competition_test,0,5775,2686,0,C:\Users\durgamaniryudh\Desktop\Learn\testing_evals\test\aapp_competition_test\3195\3195_gen_0.sv,xiaomi/mimo-v2-flash:free,stop,,gen-1769023368-v0IuVdx4mk7hBfToh0uc
445,mbpp_test,0,4285,681,0,C:\Users\durgamaniryudh\Desktop\Learn\testing_evals\test\mbpp_test\445\445_gen_0.sv,xiaomi/mimo-v2-flash:free,stop,,gen-1769023383-IkFHM6Qi9StRxVVm1Kdn
64,human_eval_test,0,4402,784,0,C:\Users\durgamaniryudh\Desktop\Learn\testing_evals\test\human_eval_test\64\64_gen_0.sv,xiaomi/mimo-v2-flash:free,stop,,gen-1769023382-UMOMFIhn1N6vL9byPFJl
3321,aapp_competition_test,0,5501,2505,0,C:\Users\durgamaniryudh\Desktop\Learn\testing_evals\test\aapp_competition_test\3321\3321_gen_0.sv,xiaomi/mimo-v2-flash:free,stop,,gen-1769023371-WVCd6EvdKxJf1Agj1oiF
3566,aapp_competition_test,0,4250,1942,0,C:\Users\durgamaniryudh\Desktop\Learn\testing_evals\test\aapp_competition_test\3566\3566_gen_0.sv,xiaomi/mimo-v2-flash:free,stop,,gen-1769023376-jOjwezfojLzXiEeE46Q3
742,mbpp_train,0,4527,760,0,C:\Users\durgamaniryudh\Desktop\Learn\testing_evals\test\mbpp_train\742\742_gen_0.sv,xiaomi/mimo-v2-flash:free,stop,,gen-1769023383-SBCYxcsNZ37DSSWw3h59
78,human_eval_test,0,4321,726,0,C:\Users\durgamaniryudh\Desktop\Learn\testing_evals\test\human_eval_test\78\78_gen_0.sv,xiaomi/mimo-v2-flash:free,stop,,gen-1769023387-GfwDR3eUP5EntYFrjlNO
3085,aapp_competition_test,0,4391,602,0,C:\Users\durgamaniryudh\Desktop\Learn\testing_evals\test\aapp_competition_test\3085\3085_gen_0.sv,xiaomi/mimo-v2-flash:free,stop,,gen-1769023390-FFXPBpaifCXm64icxcNu
436,mbpp_test,0,5780,2168,0,C:\Users\durgamaniryudh\Desktop\Learn\testing_evals\test\mbpp_test\436\436_gen_0.sv,xiaomi/mimo-v2-flash:free,stop,,gen-1769023384-tEvk3kgsvO0nsfR3mFEs
3454,aapp_competition_test,0,5706,3526,0,C:\Users\durgamaniryudh\Desktop\Learn\testing_evals\test\aapp_competition_test\3454\3454_gen_0.sv,xiaomi/mimo-v2-flash:free,stop,,gen-1769023373-qlJfqELDdaUVGmdAYgkh
3282,aapp_competition_test,0,4946,1236,0,C:\Users\durgamaniryudh\Desktop\Learn\testing_evals\test\aapp_competition_test\3282\3282_gen_0.sv,xiaomi/mimo-v2-flash:free,stop,,gen-1769023391-1waTKXp2PO5Ccz0LhRyX
3718,aapp_competition_test,0,4509,868,0,C:\Users\durgamaniryudh\Desktop\Learn\testing_evals\test\aapp_competition_test\3718\3718_gen_0.sv,xiaomi/mimo-v2-flash:free,stop,,gen-1769023396-7o0yv6gGt19SvBRsDCit
3469,aapp_competition_test,0,4728,1097,0,C:\Users\durgamaniryudh\Desktop\Learn\testing_evals\test\aapp_competition_test\3469\3469_gen_0.sv,xiaomi/mimo-v2-flash:free,stop,,gen-1769023395-2SbWNOP77mWyPsz1whcs
3190,aapp_competition_test,0,4370,1777,0,C:\Users\durgamaniryudh\Desktop\Learn\testing_evals\test\aapp_competition_test\3190\3190_gen_0.sv,xiaomi/mimo-v2-flash:free,stop,,gen-1769023390-CqdHYfDaMjJhvpeg18T9
3920,aapp_competition_test,0,4067,237,0,C:\Users\durgamaniryudh\Desktop\Learn\testing_evals\test\aapp_competition_test\3920\3920_gen_0.sv,xiaomi/mimo-v2-flash:free,stop,,gen-1769023404-32RlbiOWG2FCiYMDdHZ9
3144,aapp_competition_test,0,5031,2654,0,C:\Users\durgamaniryudh\Desktop\Learn\testing_evals\test\aapp_competition_test\3144\3144_gen_0.sv,xiaomi/mimo-v2-flash:free,stop,,gen-1769023390-yTqxOcEbVydpyutybrZS
3044,aapp_competition_test,0,5957,2824,0,C:\Users\durgamaniryudh\Desktop\Learn\testing_evals\test\aapp_competition_test\3044\3044_gen_0.sv,xiaomi/mimo-v2-flash:free,stop,,gen-1769023390-rbeYi9A1mXyqUKEvrsPB
9,human_eval_test,0,4532,779,0,C:\Users\durgamaniryudh\Desktop\Learn\testing_evals\test\human_eval_test\9\9_gen_0.sv,xiaomi/mimo-v2-flash:free,stop,,gen-1769023408-ryQYlL1h50rJlO2AsPsp
424,mbpp_test,0,5311,1151,0,C:\Users\durgamaniryudh\Desktop\Learn\testing_evals\test\mbpp_test\424\424_gen_0.sv,xiaomi/mimo-v2-flash:free,stop,,gen-1769023405-urVhWY9PvSSaVpAhCSbI
3328,aapp_competition_test,0,5422,2233,0,C:\Users\durgamaniryudh\Desktop\Learn\testing_evals\test\aapp_competition_test\3328\3328_gen_0.sv,xiaomi/mimo-v2-flash:free,stop,,gen-1769023394-k3vNKruxRoQeuGqY8KuH
3555,aapp_competition_test,0,6170,2346,0,C:\Users\durgamaniryudh\Desktop\Learn\testing_evals\test\aapp_competition_test\3555\3555_gen_0.sv,xiaomi/mimo-v2-flash:free,stop,,gen-1769023395-4NnnjzuXDXkBvskU4gQV
1,human_eval_test,0,5540,1031,0,C:\Users\durgamaniryudh\Desktop\Learn\testing_evals\test\human_eval_test\1\1_gen_0.sv,xiaomi/mimo-v2-flash:free,stop,,gen-1769023407-zOnACtFloZmpun9pixMQ
114,human_eval_test,0,4220,1755,0,C:\Users\durgamaniryudh\Desktop\Learn\testing_evals\test\human_eval_test\114\114_gen_0.sv,xiaomi/mimo-v2-flash:free,stop,,gen-1769023402-sN6Ll71xPePmfyOCRWDp
59,human_eval_test,0,4828,834,0,C:\Users\durgamaniryudh\Desktop\Learn\testing_evals\test\human_eval_test\59\59_gen_0.sv,xiaomi/mimo-v2-flash:free,stop,,gen-1769023414-WqMbtGD4aS3nF2uXiQ3J
3100,aapp_competition_test,0,4277,720,0,C:\Users\durgamaniryudh\Desktop\Learn\testing_evals\test\aapp_competition_test\3100\3100_gen_0.sv,xiaomi/mimo-v2-flash:free,stop,,gen-1769023415-lBcvPDxsFqnpJRxLB0SO
3193,aapp_competition_test,0,4325,841,0,C:\Users\durgamaniryudh\Desktop\Learn\testing_evals\test\aapp_competition_test\3193\3193_gen_0.sv,xiaomi/mimo-v2-flash:free,stop,,gen-1769023416-UZ6FDDd2q5O8kiHwJqrs
3709,aapp_competition_test,0,4104,270,0,C:\Users\durgamaniryudh\Desktop\Learn\testing_evals\test\aapp_competition_test\3709\3709_gen_0.sv,xiaomi/mimo-v2-flash:free,stop,,gen-1769023423-kvKW3KMtrp9xi1WROzlo
3776,aapp_competition_test,0,4259,3031,0,C:\Users\durgamaniryudh\Desktop\Learn\testing_evals\test\aapp_competition_test\3776\3776_gen_0.sv,xiaomi/mimo-v2-flash:free,stop,,gen-1769023401-v5IrGPk5P3B0Nx2zLt5r
97,mbpp_test,0,6146,2639,0,C:\Users\durgamaniryudh\Desktop\Learn\testing_evals\test\mbpp_test\97\97_gen_0.sv,xiaomi/mimo-v2-flash:free,stop,,gen-1769023403-hxrOcI6LJ8zOWLXYp57s
3774,aapp_competition_test,0,4416,431,0,C:\Users\durgamaniryudh\Desktop\Learn\testing_evals\test\aapp_competition_test\3774\3774_gen_0.sv,xiaomi/mimo-v2-flash:free,stop,,gen-1769023425-dD3OSnktcGg3gXgOT9B9
3467,aapp_competition_test,0,5190,1523,0,C:\Users\durgamaniryudh\Desktop\Learn\testing_evals\test\aapp_competition_test\3467\3467_gen_0.sv,xiaomi/mimo-v2-flash:free,stop,,gen-1769023417-GD7TIHlXXj9nWIsvwmUP
3148,aapp_competition_test,0,4334,1752,0,C:\Users\durgamaniryudh\Desktop\Learn\testing_evals\test\aapp_competition_test\3148\3148_gen_0.sv,xiaomi/mimo-v2-flash:free,stop,,gen-1769023416-T3sMtFpJka7lVQ211hyt
3325,aapp_competition_test,0,5157,2081,0,C:\Users\durgamaniryudh\Desktop\Learn\testing_evals\test\aapp_competition_test\3325\3325_gen_0.sv,xiaomi/mimo-v2-flash:free,stop,,gen-1769023417-qbkBGhKoHVD6LSSXSipQ
627,mbpp_train,0,4843,1036,0,C:\Users\durgamaniryudh\Desktop\Learn\testing_evals\test\mbpp_train\627\627_gen_0.sv,xiaomi/mimo-v2-flash:free,stop,,gen-1769023428-y550yEzdrId2GAHGbvbS
559,mbpp_validation,0,4661,1001,0,C:\Users\durgamaniryudh\Desktop\Learn\testing_evals\test\mbpp_validation\559\559_gen_0.sv,xiaomi/mimo-v2-flash:free,stop,,gen-1769023430-vyVTw98DevTksLv6OtCT
417,mbpp_test,0,4417,1442,0,C:\Users\durgamaniryudh\Desktop\Learn\testing_evals\test\mbpp_test\417\417_gen_0.sv,xiaomi/mimo-v2-flash:free,stop,,gen-1769023426-Ga8joNcbIHzTzYOgX4KI
3819,aapp_competition_test,0,4932,1525,0,C:\Users\durgamaniryudh\Desktop\Learn\testing_evals\test\aapp_competition_test\3819\3819_gen_0.sv,xiaomi/mimo-v2-flash:free,stop,,gen-1769023429-mc1X16w6zlEkudCg4lhs
3571,aapp_competition_test,0,5748,2311,0,C:\Users\durgamaniryudh\Desktop\Learn\testing_evals\test\aapp_competition_test\3571\3571_gen_0.sv,xiaomi/mimo-v2-flash:free,stop,,gen-1769023423-toIxg48SKqz3lUzKoTtK
410,mbpp_test,0,4489,943,0,C:\Users\durgamaniryudh\Desktop\Learn\testing_evals\test\mbpp_test\410\410_gen_0.sv,xiaomi/mimo-v2-flash:free,stop,,gen-1769023432-mwdMdxCIAj8mPzoKoYvt
305,mbpp_test,0,5361,1463,0,C:\Users\durgamaniryudh\Desktop\Learn\testing_evals\test\mbpp_test\305\305_gen_0.sv,xiaomi/mimo-v2-flash:free,stop,,gen-1769023430-j2VpG0igZfpx46z6EiYK
3097,aapp_competition_test,0,4640,917,0,C:\Users\durgamaniryudh\Desktop\Learn\testing_evals\test\aapp_competition_test\3097\3097_gen_0.sv,xiaomi/mimo-v2-flash:free,stop,,gen-1769023438-R2dUivcedXP66PzndwGP
3334,aapp_competition_test,0,4627,858,0,C:\Users\durgamaniryudh\Desktop\Learn\testing_evals\test\aapp_competition_test\3334\3334_gen_0.sv,xiaomi/mimo-v2-flash:free,stop,,gen-1769023442-840JViUFZbY5hn2uS030
3284,aapp_competition_test,0,4799,1293,0,C:\Users\durgamaniryudh\Desktop\Learn\testing_evals\test\aapp_competition_test\3284\3284_gen_0.sv,xiaomi/mimo-v2-flash:free,stop,,gen-1769023442-XAozpy1mWT5ryyyxste3
3713,aapp_competition_test,0,4063,218,0,C:\Users\durgamaniryudh\Desktop\Learn\testing_evals\test\aapp_competition_test\3713\3713_gen_0.sv,xiaomi/mimo-v2-flash:free,stop,,gen-1769023451-2KFZKzvnbMfXqF07699a
3134,aapp_competition_test,0,5550,1908,0,C:\Users\durgamaniryudh\Desktop\Learn\testing_evals\test\aapp_competition_test\3134\3134_gen_0.sv,xiaomi/mimo-v2-flash:free,stop,,gen-1769023440-nszrmOPzPzNh2Ax2DScz
3569,aapp_competition_test,0,5160,1437,0,C:\Users\durgamaniryudh\Desktop\Learn\testing_evals\test\aapp_competition_test\3569\3569_gen_0.sv,xiaomi/mimo-v2-flash:free,stop,,gen-1769023447-xqtEWU03YAhBO4OqjKT1
3192,aapp_competition_test,0,5121,2169,0,C:\Users\durgamaniryudh\Desktop\Learn\testing_evals\test\aapp_competition_test\3192\3192_gen_0.sv,xiaomi/mimo-v2-flash:free,stop,,gen-1769023441-lbTkn3v9xliUiLmRp59B
93,mbpp_test,0,4515,628,0,C:\Users\durgamaniryudh\Desktop\Learn\testing_evals\test\mbpp_test\93\93_gen_0.sv,xiaomi/mimo-v2-flash:free,stop,,gen-1769023454-Y4Bhal4SRIqqxrk9mScq
3050,aapp_competition_test,0,7125,3371,0,C:\Users\durgamaniryudh\Desktop\Learn\testing_evals\test\aapp_competition_test\3050\3050_gen_0.sv,xiaomi/mimo-v2-flash:free,stop,,gen-1769023437-bZzHwal6eQ9TyjIHLAs4
250,mbpp_test,0,4215,491,0,C:\Users\durgamaniryudh\Desktop\Learn\testing_evals\test\mbpp_test\250\250_gen_0.sv,xiaomi/mimo-v2-flash:free,stop,,gen-1769023459-cKw746aTKnS8eISM8ZXS
3474,aapp_competition_test,0,5539,2367,0,C:\Users\durgamaniryudh\Desktop\Learn\testing_evals\test\aapp_competition_test\3474\3474_gen_0.sv,xiaomi/mimo-v2-flash:free,stop,,gen-1769023445-9STxl5DbvarNYmv3FyB2
799,mbpp_train,0,4304,669,0,C:\Users\durgamaniryudh\Desktop\Learn\testing_evals\test\mbpp_train\799\799_gen_0.sv,xiaomi/mimo-v2-flash:free,stop,,gen-1769023459-R5Za9F9UWPgL7aJlPw5D
295,mbpp_test,0,4216,172,0,C:\Users\durgamaniryudh\Desktop\Learn\testing_evals\test\mbpp_test\295\295_gen_0.sv,xiaomi/mimo-v2-flash:free,stop,,gen-1769023463-wmMsJSjkFw9SvikoLVnp
3283,aapp_competition_test,0,4526,5439,0,C:\Users\durgamaniryudh\Desktop\Learn\testing_evals\test\aapp_competition_test\3283\3283_gen_0.sv,xiaomi/mimo-v2-flash:free,stop,,gen-1769023417-eAhlSHNPW3qPlKicle9n
144,human_eval_test,0,4248,414,0,C:\Users\durgamaniryudh\Desktop\Learn\testing_evals\test\human_eval_test\144\144_gen_0.sv,xiaomi/mimo-v2-flash:free,stop,,gen-1769023461-hZoA1Fk9GAAM9DjkklWV
3779,aapp_competition_test,0,4153,1830,0,C:\Users\durgamaniryudh\Desktop\Learn\testing_evals\test\aapp_competition_test\3779\3779_gen_0.sv,xiaomi/mimo-v2-flash:free,stop,,gen-1769023454-HzsMFeCUfAWnHIrZnpq4
574,mbpp_validation,0,4313,848,0,C:\Users\durgamaniryudh\Desktop\Learn\testing_evals\test\mbpp_validation\574\574_gen_0.sv,xiaomi/mimo-v2-flash:free,stop,,gen-1769023460-2L3VjB8qUng4TwXwciNQ
3003,aapp_competition_test,0,5093,1466,0,C:\Users\durgamaniryudh\Desktop\Learn\testing_evals\test\aapp_competition_test\3003\3003_gen_0.sv,xiaomi/mimo-v2-flash:free,stop,,gen-1769023465-BgjhO9XaRcSCs7WJAWTX
3199,aapp_competition_test,0,5041,1620,0,C:\Users\durgamaniryudh\Desktop\Learn\testing_evals\test\aapp_competition_test\3199\3199_gen_0.sv,xiaomi/mimo-v2-flash:free,stop,,gen-1769023466-8dOT79qcoVTWaLaBSfjL
3146,aapp_competition_test,0,5704,2083,0,C:\Users\durgamaniryudh\Desktop\Learn\testing_evals\test\aapp_competition_test\3146\3146_gen_0.sv,xiaomi/mimo-v2-flash:free,stop,,gen-1769023466-Ye8nGvu3QcINxh2hBGN0
3102,aapp_competition_test,0,3965,1769,0,C:\Users\durgamaniryudh\Desktop\Learn\testing_evals\test\aapp_competition_test\3102\3102_gen_0.sv,xiaomi/mimo-v2-flash:free,stop,,gen-1769023466-aJ24Vg0E3EcSuSOSe41t
94,human_eval_test,0,10630,6860,0,C:\Users\durgamaniryudh\Desktop\Learn\testing_evals\test\human_eval_test\94\94_gen_0.sv,xiaomi/mimo-v2-flash:free,stop,,gen-1769023435-G6DrZsA5dJ3krsDrpylC
3289,aapp_competition_test,0,5198,2272,0,C:\Users\durgamaniryudh\Desktop\Learn\testing_evals\test\aapp_competition_test\3289\3289_gen_0.sv,xiaomi/mimo-v2-flash:free,stop,,gen-1769023470-7fuSijtQKKeqF1rvIJjO
3330,aapp_competition_test,0,5779,2189,0,C:\Users\durgamaniryudh\Desktop\Learn\testing_evals\test\aapp_competition_test\3330\3330_gen_0.sv,xiaomi/mimo-v2-flash:free,stop,,gen-1769023472-gUbcXdcbxBZ8lyXIm7dW
3477,aapp_competition_test,0,5335,1636,0,C:\Users\durgamaniryudh\Desktop\Learn\testing_evals\test\aapp_competition_test\3477\3477_gen_0.sv,xiaomi/mimo-v2-flash:free,stop,,gen-1769023477-9Qig0HGGzeDhP9yVnQfe
3832,aapp_competition_test,0,4588,803,0,C:\Users\durgamaniryudh\Desktop\Learn\testing_evals\test\aapp_competition_test\3832\3832_gen_0.sv,xiaomi/mimo-v2-flash:free,stop,,gen-1769023484-XdxkFzQ1jzyGkKKtbtKK
3574,aapp_competition_test,0,4287,1595,0,C:\Users\durgamaniryudh\Desktop\Learn\testing_evals\test\aapp_competition_test\3574\3574_gen_0.sv,xiaomi/mimo-v2-flash:free,stop,,gen-1769023480-0CBpnvFdmfkzesswricN
27,human_eval_test,0,4436,1053,0,C:\Users\durgamaniryudh\Desktop\Learn\testing_evals\test\human_eval_test\27\27_gen_0.sv,xiaomi/mimo-v2-flash:free,stop,,gen-1769023487-g5MrTnjXsMGnX9jPGni9
95,mbpp_test,0,4324,792,0,C:\Users\durgamaniryudh\Desktop\Learn\testing_evals\test\mbpp_test\95\95_gen_0.sv,xiaomi/mimo-v2-flash:free,stop,,gen-1769023488-RMqj5NohiaVxiPpEQK3v
290,mbpp_test,0,7459,4779,0,C:\Users\durgamaniryudh\Desktop\Learn\testing_evals\test\mbpp_test\290\290_gen_0.sv,xiaomi/mimo-v2-flash:free,stop,,gen-1769023464-St0JuVMzvfFt3qi4fdO2
3900,aapp_competition_test,0,4712,1388,0,C:\Users\durgamaniryudh\Desktop\Learn\testing_evals\test\aapp_competition_test\3900\3900_gen_0.sv,xiaomi/mimo-v2-flash:free,stop,,gen-1769023490-uEjXHAQdj6jvqL92rp8L
3004,aapp_competition_test,0,5055,1366,0,C:\Users\durgamaniryudh\Desktop\Learn\testing_evals\test\aapp_competition_test\3004\3004_gen_0.sv,xiaomi/mimo-v2-flash:free,stop,,gen-1769023490-KW5B7e1vWwTf7QRzftzI
3721,aapp_competition_test,0,4805,2334,0,C:\Users\durgamaniryudh\Desktop\Learn\testing_evals\test\aapp_competition_test\3721\3721_gen_0.sv,xiaomi/mimo-v2-flash:free,stop,,gen-1769023484-Q0izJgBcCJO6xjdq7jXP
3104,aapp_competition_test,0,4296,1124,0,C:\Users\durgamaniryudh\Desktop\Learn\testing_evals\test\aapp_competition_test\3104\3104_gen_0.sv,xiaomi/mimo-v2-flash:free,stop,,gen-1769023494-ogAc5pWTBSrKJKRANGgc
3145,aapp_competition_test,0,4719,1126,0,C:\Users\durgamaniryudh\Desktop\Learn\testing_evals\test\aapp_competition_test\3145\3145_gen_0.sv,xiaomi/mimo-v2-flash:free,stop,,gen-1769023495-R9QbttlbBjeV1dETYFwG
3198,aapp_competition_test,0,4490,718,0,C:\Users\durgamaniryudh\Desktop\Learn\testing_evals\test\aapp_competition_test\3198\3198_gen_0.sv,xiaomi/mimo-v2-flash:free,stop,,gen-1769023498-kFQdxK7XKNrRf5CqCRm8
3042,aapp_competition_test,0,5161,9180,0,C:\Users\durgamaniryudh\Desktop\Learn\testing_evals\test\aapp_competition_test\3042\3042_gen_0.sv,xiaomi/mimo-v2-flash:free,stop,,gen-1769023415-O5ieSf3yr6FGsJxKAFBM
3568,aapp_competition_test,0,5098,1550,0,C:\Users\durgamaniryudh\Desktop\Learn\testing_evals\test\aapp_competition_test\3568\3568_gen_0.sv,xiaomi/mimo-v2-flash:free,stop,,gen-1769023504-Hg4tCE3mnxfVPtKKc6CO
398,mbpp_test,0,4927,1291,0,C:\Users\durgamaniryudh\Desktop\Learn\testing_evals\test\mbpp_test\398\398_gen_0.sv,xiaomi/mimo-v2-flash:free,stop,,gen-1769023506-kqYYXjd1y1rQna7XWMjJ
168,mbpp_test,0,4265,429,0,C:\Users\durgamaniryudh\Desktop\Learn\testing_evals\test\mbpp_test\168\168_gen_0.sv,xiaomi/mimo-v2-flash:free,stop,,gen-1769023517-gEqXP6OjscztiRHlmRt8
619,mbpp_train,0,4844,935,0,C:\Users\durgamaniryudh\Desktop\Learn\testing_evals\test\mbpp_train\619\619_gen_0.sv,xiaomi/mimo-v2-flash:free,stop,,gen-1769023510-HE0ZZOQket0fOOvJ75mf
3714,aapp_competition_test,0,5398,2109,0,C:\Users\durgamaniryudh\Desktop\Learn\testing_evals\test\aapp_competition_test\3714\3714_gen_0.sv,xiaomi/mimo-v2-flash:free,stop,,gen-1769023505-RagZnEGrqYzGLFDEO7Ow
3054,aapp_competition_test,0,7897,3975,0,C:\Users\durgamaniryudh\Desktop\Learn\testing_evals\test\aapp_competition_test\3054\3054_gen_0.sv,xiaomi/mimo-v2-flash:free,stop,,gen-1769023492-uYQzYeSAsxYQ7Zc1Avtf
3151,aapp_competition_test,0,4046,232,0,C:\Users\durgamaniryudh\Desktop\Learn\testing_evals\test\aapp_competition_test\3151\3151_gen_0.sv,xiaomi/mimo-v2-flash:free,stop,,gen-1769023522-56SzQywUW4mBSSmRkCUS
148,human_eval_test,0,4522,1863,0,C:\Users\durgamaniryudh\Desktop\Learn\testing_evals\test\human_eval_test\148\148_gen_0.sv,xiaomi/mimo-v2-flash:free,stop,,gen-1769023506-W0Qa2qBOX7ME1xyrrRik
3473,aapp_competition_test,0,5314,2117,0,C:\Users\durgamaniryudh\Desktop\Learn\testing_evals\test\aapp_competition_test\3473\3473_gen_0.sv,xiaomi/mimo-v2-flash:free,stop,,gen-1769023504-yfJ7n3hPbsxVT5UqALU8
3101,aapp_competition_test,0,5035,1635,0,C:\Users\durgamaniryudh\Desktop\Learn\testing_evals\test\aapp_competition_test\3101\3101_gen_0.sv,xiaomi/mimo-v2-flash:free,stop,,gen-1769023522-Kf9UTYPiLYEhFq51P1VG
3067,aapp_competition_test,0,5675,1738,0,C:\Users\durgamaniryudh\Desktop\Learn\testing_evals\test\aapp_competition_test\3067\3067_gen_0.sv,xiaomi/mimo-v2-flash:free,stop,,gen-1769023522-5nst6R0pqUO8GEJxmCdI
3337,aapp_competition_test,0,5312,1458,0,C:\Users\durgamaniryudh\Desktop\Learn\testing_evals\test\aapp_competition_test\3337\3337_gen_0.sv,xiaomi/mimo-v2-flash:free,stop,,gen-1769023526-VRRGiYkbWmLqPDe0uiPb
3288,aapp_competition_test,0,5099,1888,0,C:\Users\durgamaniryudh\Desktop\Learn\testing_evals\test\aapp_competition_test\3288\3288_gen_0.sv,xiaomi/mimo-v2-flash:free,stop,,gen-1769023526-A8hVBnhRsJRGtpdFWESN
3005,aapp_competition_test,0,4868,2700,0,C:\Users\durgamaniryudh\Desktop\Learn\testing_evals\test\aapp_competition_test\3005\3005_gen_0.sv,xiaomi/mimo-v2-flash:free,stop,,gen-1769023518-bJ082mSAfpQOxdVVlt44
3476,aapp_competition_test,0,4416,1805,0,C:\Users\durgamaniryudh\Desktop\Learn\testing_evals\test\aapp_competition_test\3476\3476_gen_0.sv,xiaomi/mimo-v2-flash:free,stop,,gen-1769023529-qZXcPidhL7DhJsPEono2
3047,aapp_competition_test,0,4167,7850,0,C:\Users\durgamaniryudh\Desktop\Learn\testing_evals\test\aapp_competition_test\3047\3047_gen_0.sv,xiaomi/mimo-v2-flash:free,stop,,gen-1769023466-sBMRBEyUtGzNWbUFfRhd
30,human_eval_test,0,4424,901,0,C:\Users\durgamaniryudh\Desktop\Learn\testing_evals\test\human_eval_test\30\30_gen_0.sv,xiaomi/mimo-v2-flash:free,stop,,gen-1769023538-VCYkOTIuk75z8937bs9O
3923,aapp_competition_test,0,4340,544,0,C:\Users\durgamaniryudh\Desktop\Learn\testing_evals\test\aapp_competition_test\3923\3923_gen_0.sv,xiaomi/mimo-v2-flash:free,stop,,gen-1769023543-3XUFBIxBwdPTG3jnqTKE
135,mbpp_test,0,3991,155,0,C:\Users\durgamaniryudh\Desktop\Learn\testing_evals\test\mbpp_test\135\135_gen_0.sv,xiaomi/mimo-v2-flash:free,stop,,gen-1769023548-E4OeRhoxl0nOBi3pFwLu
66,mbpp_test,0,4374,706,0,C:\Users\durgamaniryudh\Desktop\Learn\testing_evals\test\mbpp_test\66\66_gen_0.sv,xiaomi/mimo-v2-flash:free,stop,,gen-1769023546-bc8IWxWA0LMY6Om9tsSw
3196,aapp_competition_test,0,5720,3636,0,C:\Users\durgamaniryudh\Desktop\Learn\testing_evals\test\aapp_competition_test\3196\3196_gen_0.sv,xiaomi/mimo-v2-flash:free,stop,,gen-1769023523-EKICSNfTaiCp9PQrPbLg
3719,aapp_competition_test,0,4914,1914,0,C:\Users\durgamaniryudh\Desktop\Learn\testing_evals\test\aapp_competition_test\3719\3719_gen_0.sv,xiaomi/mimo-v2-flash:free,stop,,gen-1769023538-LsJfBMqtAvUsoaWRI628
18,human_eval_test,0,4315,1001,0,C:\Users\durgamaniryudh\Desktop\Learn\testing_evals\test\human_eval_test\18\18_gen_0.sv,xiaomi/mimo-v2-flash:free,stop,,gen-1769023549-dpUhqBxrWMi1hEcCLENg
3002,aapp_competition_test,0,4711,1166,0,C:\Users\durgamaniryudh\Desktop\Learn\testing_evals\test\aapp_competition_test\3002\3002_gen_0.sv,xiaomi/mimo-v2-flash:free,stop,,gen-1769023550-R3oTTsk265jG1fQN4FEQ
3572,aapp_competition_test,0,5006,1475,0,C:\Users\durgamaniryudh\Desktop\Learn\testing_evals\test\aapp_competition_test\3572\3572_gen_0.sv,xiaomi/mimo-v2-flash:free,stop,,gen-1769023536-PyL922vhGVYrP9rCrYzK
3285,aapp_competition_test,0,4190,6470,0,C:\Users\durgamaniryudh\Desktop\Learn\testing_evals\test\aapp_competition_test\3285\3285_gen_0.sv,xiaomi/mimo-v2-flash:free,stop,,gen-1769023499-5e2wftfHNH2Dt4vwqAEy
74,mbpp_test,0,5171,1936,0,C:\Users\durgamaniryudh\Desktop\Learn\testing_evals\test\mbpp_test\74\74_gen_0.sv,xiaomi/mimo-v2-flash:free,stop,,gen-1769023542-2qlJ91NouaqHIufmrlzk
3037,aapp_competition_test,0,5131,1535,0,C:\Users\durgamaniryudh\Desktop\Learn\testing_evals\test\aapp_competition_test\3037\3037_gen_0.sv,xiaomi/mimo-v2-flash:free,stop,,gen-1769023553-YqVPHmBgmI8fSuCxIIbF
3780,aapp_competition_test,0,5023,2017,0,C:\Users\durgamaniryudh\Desktop\Learn\testing_evals\test\aapp_competition_test\3780\3780_gen_0.sv,xiaomi/mimo-v2-flash:free,stop,,gen-1769023547-o7orKXH68PcLcaihQaiX
3098,aapp_competition_test,0,5125,1472,0,C:\Users\durgamaniryudh\Desktop\Learn\testing_evals\test\aapp_competition_test\3098\3098_gen_0.sv,xiaomi/mimo-v2-flash:free,stop,,gen-1769023554-0h70GURPXpRvcZ0PYlYy
3580,aapp_competition_test,0,4646,889,0,C:\Users\durgamaniryudh\Desktop\Learn\testing_evals\test\aapp_competition_test\3580\3580_gen_0.sv,xiaomi/mimo-v2-flash:free,stop,,gen-1769023563-NJSsapulmgHDTjEnMv7e
3450,aapp_competition_test,0,4170,1235,0,C:\Users\durgamaniryudh\Desktop\Learn\testing_evals\test\aapp_competition_test\3450\3450_gen_0.sv,xiaomi/mimo-v2-flash:free,stop,,gen-1769023562-C9hTjbdElmCUI5bEP0pV
3153,aapp_competition_test,0,5227,2513,0,C:\Users\durgamaniryudh\Desktop\Learn\testing_evals\test\aapp_competition_test\3153\3153_gen_0.sv,xiaomi/mimo-v2-flash:free,stop,,gen-1769023555-fPN7ftwAzj7M9sHww6lp
270,mbpp_test,0,4629,916,0,C:\Users\durgamaniryudh\Desktop\Learn\testing_evals\test\mbpp_test\270\270_gen_0.sv,xiaomi/mimo-v2-flash:free,stop,,gen-1769023568-UpCSN5w0ZvICxt0IDzvb
3201,aapp_competition_test,0,4266,2342,0,C:\Users\durgamaniryudh\Desktop\Learn\testing_evals\test\aapp_competition_test\3201\3201_gen_0.sv,xiaomi/mimo-v2-flash:free,stop,,gen-1769023560-4L8Jo7Ownby9Fkp3uirB
3290,aapp_competition_test,0,7050,2727,0,C:\Users\durgamaniryudh\Desktop\Learn\testing_evals\test\aapp_competition_test\3290\3290_gen_0.sv,xiaomi/mimo-v2-flash:free,stop,,gen-1769023560-sdQlIiwuyBCKnCQSt2qX
238,mbpp_test,0,4248,882,0,C:\Users\durgamaniryudh\Desktop\Learn\testing_evals\test\mbpp_test\238\238_gen_0.sv,xiaomi/mimo-v2-flash:free,stop,,gen-1769023574-dAlMuKNwxs06kNaG5cee
3817,aapp_competition_test,0,4256,901,0,C:\Users\durgamaniryudh\Desktop\Learn\testing_evals\test\aapp_competition_test\3817\3817_gen_0.sv,xiaomi/mimo-v2-flash:free,stop,,gen-1769023572-Bv8yt7YHlRd0strsHN1Q
3332,aapp_competition_test,0,4298,2824,0,C:\Users\durgamaniryudh\Desktop\Learn\testing_evals\test\aapp_competition_test\3332\3332_gen_0.sv,xiaomi/mimo-v2-flash:free,stop,,gen-1769023560-DDZklrrkYtTQZQ5nYNXa
3720,aapp_competition_test,0,5476,2351,0,C:\Users\durgamaniryudh\Desktop\Learn\testing_evals\test\aapp_competition_test\3720\3720_gen_0.sv,xiaomi/mimo-v2-flash:free,stop,,gen-1769023568-LosB8HqbSzCtGzcccyS3
726,mbpp_train,0,4568,798,0,C:\Users\durgamaniryudh\Desktop\Learn\testing_evals\test\mbpp_train\726\726_gen_0.sv,xiaomi/mimo-v2-flash:free,stop,,gen-1769023570-FWXnjATZpc4EK8oL8WXb
3006,aapp_competition_test,0,4643,1748,0,C:\Users\durgamaniryudh\Desktop\Learn\testing_evals\test\aapp_competition_test\3006\3006_gen_0.sv,xiaomi/mimo-v2-flash:free,stop,,gen-1769023575-Itv065YZmXeccpZ950Bn
3049,aapp_competition_test,0,5324,1884,0,C:\Users\durgamaniryudh\Desktop\Learn\testing_evals\test\aapp_competition_test\3049\3049_gen_0.sv,xiaomi/mimo-v2-flash:free,stop,,gen-1769023576-3DxdKBGx2lzDrUyeLNJi
3194,aapp_competition_test,0,4743,1189,0,C:\Users\durgamaniryudh\Desktop\Learn\testing_evals\test\aapp_competition_test\3194\3194_gen_0.sv,xiaomi/mimo-v2-flash:free,stop,,gen-1769023583-hzcOEcUwqUJ2URX4iiPI
3575,aapp_competition_test,0,4683,1038,0,C:\Users\durgamaniryudh\Desktop\Learn\testing_evals\test\aapp_competition_test\3575\3575_gen_0.sv,xiaomi/mimo-v2-flash:free,stop,,gen-1769023589-zPkohdlrXpS5BAyepWxk
3108,aapp_competition_test,0,4712,1688,0,C:\Users\durgamaniryudh\Desktop\Learn\testing_evals\test\aapp_competition_test\3108\3108_gen_0.sv,xiaomi/mimo-v2-flash:free,stop,,gen-1769023582-7d2o7iywj4kzd52krlDm
427,mbpp_test,0,4293,765,0,C:\Users\durgamaniryudh\Desktop\Learn\testing_evals\test\mbpp_test\427\427_gen_0.sv,xiaomi/mimo-v2-flash:free,stop,,gen-1769023592-mkuxyhVeRqIjGTRRgfBw
3130,aapp_competition_test,0,4901,1165,0,C:\Users\durgamaniryudh\Desktop\Learn\testing_evals\test\aapp_competition_test\3130\3130_gen_0.sv,xiaomi/mimo-v2-flash:free,stop,,gen-1769023582-Ij5z8Fjwo4z4GD6OiPke
3722,aapp_competition_test,0,4953,1289,0,C:\Users\durgamaniryudh\Desktop\Learn\testing_evals\test\aapp_competition_test\3722\3722_gen_0.sv,xiaomi/mimo-v2-flash:free,stop,,gen-1769023590-KzJh32NYIbNr9OSXoDai
3471,aapp_competition_test,0,5009,1576,0,C:\Users\durgamaniryudh\Desktop\Learn\testing_evals\test\aapp_competition_test\3471\3471_gen_0.sv,xiaomi/mimo-v2-flash:free,stop,,gen-1769023588-M0C9fnubNxH2Zgoyomto
555,mbpp_validation,0,4124,549,0,C:\Users\durgamaniryudh\Desktop\Learn\testing_evals\test\mbpp_validation\555\555_gen_0.sv,xiaomi/mimo-v2-flash:free,stop,,gen-1769023598-NrYeVFSHJT2HFK02CwTh
80,mbpp_test,0,4162,136,0,C:\Users\durgamaniryudh\Desktop\Learn\testing_evals\test\mbpp_test\80\80_gen_0.sv,xiaomi/mimo-v2-flash:free,stop,,gen-1769023603-6Xd0QomODoQ40gKnJlDJ
3336,aapp_competition_test,0,6553,3086,0,C:\Users\durgamaniryudh\Desktop\Learn\testing_evals\test\aapp_competition_test\3336\3336_gen_0.sv,xiaomi/mimo-v2-flash:free,stop,,gen-1769023586-TmwLfdvDKs3Iam9EPp6C
736,mbpp_train,0,4705,1138,0,C:\Users\durgamaniryudh\Desktop\Learn\testing_evals\test\mbpp_train\736\736_gen_0.sv,xiaomi/mimo-v2-flash:free,stop,,gen-1769023600-umbNTZXjvrMYMebiUdXs
421,mbpp_test,0,4815,1395,0,C:\Users\durgamaniryudh\Desktop\Learn\testing_evals\test\mbpp_test\421\421_gen_0.sv,xiaomi/mimo-v2-flash:free,stop,,gen-1769023598-x7tjZvbQRaIdT7u59DC7
146,human_eval_test,0,4293,1352,0,C:\Users\durgamaniryudh\Desktop\Learn\testing_evals\test\human_eval_test\146\146_gen_0.sv,xiaomi/mimo-v2-flash:free,stop,,gen-1769023600-7pIKGcp32M5kyasYiRfQ
3293,aapp_competition_test,0,5502,2748,0,C:\Users\durgamaniryudh\Desktop\Learn\testing_evals\test\aapp_competition_test\3293\3293_gen_0.sv,xiaomi/mimo-v2-flash:free,stop,,gen-1769023583-v9r9uzgykRhXjiDaSW1c
247,mbpp_test,0,6242,1591,0,C:\Users\durgamaniryudh\Desktop\Learn\testing_evals\test\mbpp_test\247\247_gen_0.sv,xiaomi/mimo-v2-flash:free,stop,,gen-1769023601-6gVZCLGDeJzwZ5Aug8yd
783,mbpp_train,0,6675,3256,0,C:\Users\durgamaniryudh\Desktop\Learn\testing_evals\test\mbpp_train\783\783_gen_0.sv,xiaomi/mimo-v2-flash:free,stop,,gen-1769023593-z7ZQM0PP8eyGOBA3fvN4
3478,aapp_competition_test,0,4188,372,0,C:\Users\durgamaniryudh\Desktop\Learn\testing_evals\test\aapp_competition_test\3478\3478_gen_0.sv,xiaomi/mimo-v2-flash:free,stop,,gen-1769023617-941hZmnZpVTGVNbcx3au
3000,aapp_competition_test,0,4250,2211,0,C:\Users\durgamaniryudh\Desktop\Learn\testing_evals\test\aapp_competition_test\3000\3000_gen_0.sv,xiaomi/mimo-v2-flash:free,stop,,gen-1769023604-VFYqN8tlZzeFzpiECLY3
3156,aapp_competition_test,0,4854,1545,0,C:\Users\durgamaniryudh\Desktop\Learn\testing_evals\test\aapp_competition_test\3156\3156_gen_0.sv,xiaomi/mimo-v2-flash:free,stop,,gen-1769023611-nwtwoy6SQ538n0yeM99V
3099,aapp_competition_test,0,6028,1735,0,C:\Users\durgamaniryudh\Desktop\Learn\testing_evals\test\aapp_competition_test\3099\3099_gen_0.sv,xiaomi/mimo-v2-flash:free,stop,,gen-1769023611-QP7RJsmhp3Qj9L5Sh6Nf
3203,aapp_competition_test,0,5098,1514,0,C:\Users\durgamaniryudh\Desktop\Learn\testing_evals\test\aapp_competition_test\3203\3203_gen_0.sv,xiaomi/mimo-v2-flash:free,stop,,gen-1769023611-DCx8jAlwR2Taho9RCHs6
3576,aapp_competition_test,0,4424,1502,0,C:\Users\durgamaniryudh\Desktop\Learn\testing_evals\test\aapp_competition_test\3576\3576_gen_0.sv,xiaomi/mimo-v2-flash:free,stop,,gen-1769023618-IdUzW91PHhUDIQoCz5Iv
3730,aapp_competition_test,0,5064,1817,0,C:\Users\durgamaniryudh\Desktop\Learn\testing_evals\test\aapp_competition_test\3730\3730_gen_0.sv,xiaomi/mimo-v2-flash:free,stop,,gen-1769023621-i2Bt1nveqS5ZCGhJd7jl
3831,aapp_competition_test,0,4183,1508,0,C:\Users\durgamaniryudh\Desktop\Learn\testing_evals\test\aapp_competition_test\3831\3831_gen_0.sv,xiaomi/mimo-v2-flash:free,stop,,gen-1769023623-5kTzxGjHvZFt078AM4xr
3910,aapp_competition_test,0,4900,1399,0,C:\Users\durgamaniryudh\Desktop\Learn\testing_evals\test\aapp_competition_test\3910\3910_gen_0.sv,xiaomi/mimo-v2-flash:free,stop,,gen-1769023626-bO8np7R0j9VbzvDh80Oq
3338,aapp_competition_test,0,4446,2917,0,C:\Users\durgamaniryudh\Desktop\Learn\testing_evals\test\aapp_competition_test\3338\3338_gen_0.sv,xiaomi/mimo-v2-flash:free,stop,,gen-1769023614-3UhT9q6bIbbOnutD5ZFi
154,human_eval_test,0,4480,1473,0,C:\Users\durgamaniryudh\Desktop\Learn\testing_evals\test\human_eval_test\154\154_gen_0.sv,xiaomi/mimo-v2-flash:free,stop,,gen-1769023625-Q6kBoxz5iuTuRkknx0rw
3191,aapp_competition_test,0,4461,810,0,C:\Users\durgamaniryudh\Desktop\Learn\testing_evals\test\aapp_competition_test\3191\3191_gen_0.sv,xiaomi/mimo-v2-flash:free,stop,,gen-1769023639-86mgy7NNDLZkOf45y8I5
3107,aapp_competition_test,0,4311,1291,0,C:\Users\durgamaniryudh\Desktop\Learn\testing_evals\test\aapp_competition_test\3107\3107_gen_0.sv,xiaomi/mimo-v2-flash:free,stop,,gen-1769023637-ydR0wwGEcLa8jH6xNBgp
3339,aapp_competition_test,0,5567,1906,0,C:\Users\durgamaniryudh\Desktop\Learn\testing_evals\test\aapp_competition_test\3339\3339_gen_0.sv,xiaomi/mimo-v2-flash:free,stop,,gen-1769023640-fKGLZU8t3aP0Trsoz4h7
3286,aapp_competition_test,0,5239,2138,0,C:\Users\durgamaniryudh\Desktop\Learn\testing_evals\test\aapp_competition_test\3286\3286_gen_0.sv,xiaomi/mimo-v2-flash:free,stop,,gen-1769023639-BXNbsGykuw9VkG11oizp
3577,aapp_competition_test,0,4777,1042,0,C:\Users\durgamaniryudh\Desktop\Learn\testing_evals\test\aapp_competition_test\3577\3577_gen_0.sv,xiaomi/mimo-v2-flash:free,stop,,gen-1769023649-7UtGHy6rLjOzr7nVz1z8
3483,aapp_competition_test,0,4859,1294,0,C:\Users\durgamaniryudh\Desktop\Learn\testing_evals\test\aapp_competition_test\3483\3483_gen_0.sv,xiaomi/mimo-v2-flash:free,stop,,gen-1769023647-g7kcmeNKVyhKtkbJYxHL
85,human_eval_test,0,4170,215,0,C:\Users\durgamaniryudh\Desktop\Learn\testing_evals\test\human_eval_test\85\85_gen_0.sv,xiaomi/mimo-v2-flash:free,stop,,gen-1769023657-5KKmlKFjwVgRqoyAaDSj
3149,aapp_competition_test,0,6759,3173,0,C:\Users\durgamaniryudh\Desktop\Learn\testing_evals\test\aapp_competition_test\3149\3149_gen_0.sv,xiaomi/mimo-v2-flash:free,stop,,gen-1769023637-XYmlkVk4HE2uXgnQdEJt
787,mbpp_train,0,4327,230,0,C:\Users\durgamaniryudh\Desktop\Learn\testing_evals\test\mbpp_train\787\787_gen_0.sv,xiaomi/mimo-v2-flash:free,stop,,gen-1769023661-RkM1lWh6iVBXbID5e1cc
3052,aapp_competition_test,0,4634,6133,0,C:\Users\durgamaniryudh\Desktop\Learn\testing_evals\test\aapp_competition_test\3052\3052_gen_0.sv,xiaomi/mimo-v2-flash:free,stop,,gen-1769023605-d9E4MpCu1O6P9cye4tPN
3058,aapp_competition_test,0,4383,4033,0,C:\Users\durgamaniryudh\Desktop\Learn\testing_evals\test\aapp_competition_test\3058\3058_gen_0.sv,xiaomi/mimo-v2-flash:free,stop,,gen-1769023630-40SA7Z4k10pRd5KTcDmQ
16,human_eval_test,0,4301,773,0,C:\Users\durgamaniryudh\Desktop\Learn\testing_evals\test\human_eval_test\16\16_gen_0.sv,xiaomi/mimo-v2-flash:free,stop,,gen-1769023665-5bPkZSvvYWFKQtyqJqN0
140,mbpp_test,0,4522,1833,0,C:\Users\durgamaniryudh\Desktop\Learn\testing_evals\test\mbpp_test\140\140_gen_0.sv,xiaomi/mimo-v2-flash:free,stop,,gen-1769023660-AgNxn7SLuIf9Bdkw2vc2
3333,aapp_competition_test,0,5820,23791,0,C:\Users\durgamaniryudh\Desktop\Learn\testing_evals\test\aapp_competition_test\3333\3333_gen_0.sv,xiaomi/mimo-v2-flash:free,stop,,gen-1769023502-Ly1Z2LRvHrP3GcPGgnAI
3051,aapp_competition_test,0,5032,1526,0,C:\Users\durgamaniryudh\Desktop\Learn\testing_evals\test\aapp_competition_test\3051\3051_gen_0.sv,xiaomi/mimo-v2-flash:free,stop,,gen-1769023665-maKFqs2C3mN96HFDL3ck
103,mbpp_test,0,4524,1693,0,C:\Users\durgamaniryudh\Desktop\Learn\testing_evals\test\mbpp_test\103\103_gen_0.sv,xiaomi/mimo-v2-flash:free,stop,,gen-1769023664-w7I0RZs8v04LV8jYhHmG
3011,aapp_competition_test,0,4840,1733,0,C:\Users\durgamaniryudh\Desktop\Learn\testing_evals\test\aapp_competition_test\3011\3011_gen_0.sv,xiaomi/mimo-v2-flash:free,stop,,gen-1769023665-3gR0W55AM0w2TivlDnWX
3470,aapp_competition_test,0,4173,292,0,C:\Users\durgamaniryudh\Desktop\Learn\testing_evals\test\aapp_competition_test\3470\3470_gen_0.sv,xiaomi/mimo-v2-flash:free,stop,,gen-1769023681-zNAuVQiPuws2chPuWl57
3103,aapp_competition_test,0,5563,1765,0,C:\Users\durgamaniryudh\Desktop\Learn\testing_evals\test\aapp_competition_test\3103\3103_gen_0.sv,xiaomi/mimo-v2-flash:free,stop,,gen-1769023672-cDSQA6KBKfKbMGEOOsc9
3341,aapp_competition_test,0,4531,1285,0,C:\Users\durgamaniryudh\Desktop\Learn\testing_evals\test\aapp_competition_test\3341\3341_gen_0.sv,xiaomi/mimo-v2-flash:free,stop,,gen-1769023680-6p7g5qKodDhNAwVl1Ky3
3147,aapp_competition_test,0,4286,2136,0,C:\Users\durgamaniryudh\Desktop\Learn\testing_evals\test\aapp_competition_test\3147\3147_gen_0.sv,xiaomi/mimo-v2-flash:free,stop,,gen-1769023677-e6G9MtQAmSGDF1WAgeV9
3728,aapp_competition_test,0,4333,3963,0,C:\Users\durgamaniryudh\Desktop\Learn\testing_evals\test\aapp_competition_test\3728\3728_gen_0.sv,xiaomi/mimo-v2-flash:free,stop,,gen-1769023657-cbN1fGTdsje59PvBqqJT
52,human_eval_test,0,4078,236,0,C:\Users\durgamaniryudh\Desktop\Learn\testing_evals\test\human_eval_test\52\52_gen_0.sv,xiaomi/mimo-v2-flash:free,stop,,gen-1769023693-LdYsKdAiUd9LXUbngcEZ
3294,aapp_competition_test,0,6526,2488,0,C:\Users\durgamaniryudh\Desktop\Learn\testing_evals\test\aapp_competition_test\3294\3294_gen_0.sv,xiaomi/mimo-v2-flash:free,stop,,gen-1769023680-qKMuRr0bpkrMjZfHNujW
228,mbpp_test,0,4344,245,0,C:\Users\durgamaniryudh\Desktop\Learn\testing_evals\test\mbpp_test\228\228_gen_0.sv,xiaomi/mimo-v2-flash:free,stop,,gen-1769023700-jawgTKMQML41R9CyKmN8
3727,aapp_competition_test,0,5164,1920,0,C:\Users\durgamaniryudh\Desktop\Learn\testing_evals\test\aapp_competition_test\3727\3727_gen_0.sv,xiaomi/mimo-v2-flash:free,stop,,gen-1769023687-DfczIVbYxG4CXLR7ZRRS
261,mbpp_test,0,4637,950,0,C:\Users\durgamaniryudh\Desktop\Learn\testing_evals\test\mbpp_test\261\261_gen_0.sv,xiaomi/mimo-v2-flash:free,stop,,gen-1769023696-iLymstdfLquUNLR2RUte
422,mbpp_test,0,4743,877,0,C:\Users\durgamaniryudh\Desktop\Learn\testing_evals\test\mbpp_test\422\422_gen_0.sv,xiaomi/mimo-v2-flash:free,stop,,gen-1769023697-Fy6HNNwW85nr5N6Yr59F
3582,aapp_competition_test,0,4484,2480,0,C:\Users\durgamaniryudh\Desktop\Learn\testing_evals\test\aapp_competition_test\3582\3582_gen_0.sv,xiaomi/mimo-v2-flash:free,stop,,gen-1769023684-VpuOTuku4t8sUwzBrjOe
102,human_eval_test,0,4098,251,0,C:\Users\durgamaniryudh\Desktop\Learn\testing_evals\test\human_eval_test\102\102_gen_0.sv,xiaomi/mimo-v2-flash:free,stop,,gen-1769023704-gv7PVWvSYpIP5l2KWh7c
62,mbpp_test,0,4294,646,0,C:\Users\durgamaniryudh\Desktop\Learn\testing_evals\test\mbpp_test\62\62_gen_0.sv,xiaomi/mimo-v2-flash:free,stop,,gen-1769023704-GMpQhESVpWlH2IvkCh5Z
3928,aapp_competition_test,0,4678,1792,0,C:\Users\durgamaniryudh\Desktop\Learn\testing_evals\test\aapp_competition_test\3928\3928_gen_0.sv,xiaomi/mimo-v2-flash:free,stop,,gen-1769023696-LuMWfrmFPVVT9e9zXtW3
3200,aapp_competition_test,0,5970,3801,0,C:\Users\durgamaniryudh\Desktop\Learn\testing_evals\test\aapp_competition_test\3200\3200_gen_0.sv,xiaomi/mimo-v2-flash:free,stop,,gen-1769023679-EMBfEwnGJqIjdWyu91hN
3056,aapp_competition_test,0,4540,764,0,C:\Users\durgamaniryudh\Desktop\Learn\testing_evals\test\aapp_competition_test\3056\3056_gen_0.sv,xiaomi/mimo-v2-flash:free,stop,,gen-1769023707-f7RS1BPmeZFgZuMLLadO
3009,aapp_competition_test,0,5036,1367,0,C:\Users\durgamaniryudh\Desktop\Learn\testing_evals\test\aapp_competition_test\3009\3009_gen_0.sv,xiaomi/mimo-v2-flash:free,stop,,gen-1769023705-TPsdI1MO4DokpW3PHOi9
638,mbpp_train,0,4717,7483,0,C:\Users\durgamaniryudh\Desktop\Learn\testing_evals\test\mbpp_train\638\638_gen_0.sv,xiaomi/mimo-v2-flash:free,stop,,gen-1769023660-UEo9YqcQ73TL3cpMfk5r
3157,aapp_competition_test,0,5039,1308,0,C:\Users\durgamaniryudh\Desktop\Learn\testing_evals\test\aapp_competition_test\3157\3157_gen_0.sv,xiaomi/mimo-v2-flash:free,stop,,gen-1769023711-tuslIs3HQWRSU8QPcR9v
3109,aapp_competition_test,0,4995,1575,0,C:\Users\durgamaniryudh\Desktop\Learn\testing_evals\test\aapp_competition_test\3109\3109_gen_0.sv,xiaomi/mimo-v2-flash:free,stop,,gen-1769023710-3bVnXJ4z6EdeSH9lGAK8
3292,aapp_competition_test,0,6863,11477,0,C:\Users\durgamaniryudh\Desktop\Learn\testing_evals\test\aapp_competition_test\3292\3292_gen_0.sv,xiaomi/mimo-v2-flash:free,stop,,gen-1769023612-RAM2aDz8HxMjknyuHfE4
3207,aapp_competition_test,0,5936,1976,0,C:\Users\durgamaniryudh\Desktop\Learn\testing_evals\test\aapp_competition_test\3207\3207_gen_0.sv,xiaomi/mimo-v2-flash:free,stop,,gen-1769023712-k4LTX2eh7Fj80dAMkoL9
3783,aapp_competition_test,0,4731,3435,0,C:\Users\durgamaniryudh\Desktop\Learn\testing_evals\test\aapp_competition_test\3783\3783_gen_0.sv,xiaomi/mimo-v2-flash:free,stop,,gen-1769023704-rnCtPQ6ltRZAIjLgsRrS
725,mbpp_train,0,5026,1437,0,C:\Users\durgamaniryudh\Desktop\Learn\testing_evals\test\mbpp_train\725\725_gen_0.sv,xiaomi/mimo-v2-flash:free,stop,,gen-1769023724-uvZeZuKk3TheTJIg3QBl
3732,aapp_competition_test,0,4131,1489,0,C:\Users\durgamaniryudh\Desktop\Learn\testing_evals\test\aapp_competition_test\3732\3732_gen_0.sv,xiaomi/mimo-v2-flash:free,stop,,gen-1769023722-pUBfdfiqQMul3t2w8gmV
3346,aapp_competition_test,0,6295,2601,0,C:\Users\durgamaniryudh\Desktop\Learn\testing_evals\test\aapp_competition_test\3346\3346_gen_0.sv,xiaomi/mimo-v2-flash:free,stop,,gen-1769023714-MxiG6WGcsUqj0iAMZnRx
3297,aapp_competition_test,0,5881,3211,0,C:\Users\durgamaniryudh\Desktop\Learn\testing_evals\test\aapp_competition_test\3297\3297_gen_0.sv,xiaomi/mimo-v2-flash:free,stop,,gen-1769023712-ghcPWGxN4j9d5BOcGiSN
3482,aapp_competition_test,0,5710,3105,0,C:\Users\durgamaniryudh\Desktop\Learn\testing_evals\test\aapp_competition_test\3482\3482_gen_0.sv,xiaomi/mimo-v2-flash:free,stop,,gen-1769023716-5Z4ra76ApnDaEbLTVOCr
439,mbpp_test,0,4541,1291,0,C:\Users\durgamaniryudh\Desktop\Learn\testing_evals\test\mbpp_test\439\439_gen_0.sv,xiaomi/mimo-v2-flash:free,stop,,gen-1769023729-4CJSANWkhtA5QUC3vBwn
164,mbpp_test,0,4879,1116,0,C:\Users\durgamaniryudh\Desktop\Learn\testing_evals\test\mbpp_test\164\164_gen_0.sv,xiaomi/mimo-v2-flash:free,stop,,gen-1769023734-0JCqkzbG9OeeN0pA6c3Z
3012,aapp_competition_test,0,4539,812,0,C:\Users\durgamaniryudh\Desktop\Learn\testing_evals\test\aapp_competition_test\3012\3012_gen_0.sv,xiaomi/mimo-v2-flash:free,stop,,gen-1769023738-z7z1B6KYHooA5BOOjD76
3053,aapp_competition_test,0,4599,793,0,C:\Users\durgamaniryudh\Desktop\Learn\testing_evals\test\aapp_competition_test\3053\3053_gen_0.sv,xiaomi/mimo-v2-flash:free,stop,,gen-1769023739-flCz4dQ75TJGuQnH4ox5
3581,aapp_competition_test,0,4678,3326,0,C:\Users\durgamaniryudh\Desktop\Learn\testing_evals\test\aapp_competition_test\3581\3581_gen_0.sv,xiaomi/mimo-v2-flash:free,stop,,gen-1769023719-QBaftbqkreRVZXfny3Pe
797,mbpp_train,0,4879,1275,0,C:\Users\durgamaniryudh\Desktop\Learn\testing_evals\test\mbpp_train\797\797_gen_0.sv,xiaomi/mimo-v2-flash:free,stop,,gen-1769023736-RFA2YSRFiBpzTWKEUM3s
3561,aapp_competition_test,0,3973,181,0,C:\Users\durgamaniryudh\Desktop\Learn\testing_evals\test\aapp_competition_test\3561\3561_gen_0.sv,xiaomi/mimo-v2-flash:free,stop,,gen-1769023748-IFFBFWq6Q4L5CUxt3BIM
3296,aapp_competition_test,0,4293,712,0,C:\Users\durgamaniryudh\Desktop\Learn\testing_evals\test\aapp_competition_test\3296\3296_gen_0.sv,xiaomi/mimo-v2-flash:free,stop,,gen-1769023744-602ASyk4W9JcHpaKxUru
3734,aapp_competition_test,0,4210,450,0,C:\Users\durgamaniryudh\Desktop\Learn\testing_evals\test\aapp_competition_test\3734\3734_gen_0.sv,xiaomi/mimo-v2-flash:free,stop,,gen-1769023748-4Ol3NQkNv6BX7soqP7Ie
3814,aapp_competition_test,0,5421,2784,0,C:\Users\durgamaniryudh\Desktop\Learn\testing_evals\test\aapp_competition_test\3814\3814_gen_0.sv,xiaomi/mimo-v2-flash:free,stop,,gen-1769023729-I9X3IVAgj7vzoGl2VDYi
3155,aapp_competition_test,0,4826,1630,0,C:\Users\durgamaniryudh\Desktop\Learn\testing_evals\test\aapp_competition_test\3155\3155_gen_0.sv,xiaomi/mimo-v2-flash:free,stop,,gen-1769023741-tKWRW8IP8khBRiJrOp2p
3475,aapp_competition_test,0,4848,1317,0,C:\Users\durgamaniryudh\Desktop\Learn\testing_evals\test\aapp_competition_test\3475\3475_gen_0.sv,xiaomi/mimo-v2-flash:free,stop,,gen-1769023747-VcG9PjyPLgqDvWkI2x8R
3114,aapp_competition_test,0,4491,2255,0,C:\Users\durgamaniryudh\Desktop\Learn\testing_evals\test\aapp_competition_test\3114\3114_gen_0.sv,xiaomi/mimo-v2-flash:free,stop,,gen-1769023740-ilg0EW2ylPLfscf7P00B
777,mbpp_train,0,4332,1431,0,C:\Users\durgamaniryudh\Desktop\Learn\testing_evals\test\mbpp_train\777\777_gen_0.sv,xiaomi/mimo-v2-flash:free,stop,,gen-1769023751-MVZYsWMWAvRQ5G40IuGr
226,mbpp_test,0,4459,1033,0,C:\Users\durgamaniryudh\Desktop\Learn\testing_evals\test\mbpp_test\226\226_gen_0.sv,xiaomi/mimo-v2-flash:free,stop,,gen-1769023754-0zJaiYqSxhjwVm5DkR0O
125,human_eval_test,0,4397,1140,0,C:\Users\durgamaniryudh\Desktop\Learn\testing_evals\test\human_eval_test\125\125_gen_0.sv,xiaomi/mimo-v2-flash:free,stop,,gen-1769023755-3W4a3qAV2KFnpjC5Yg4W
106,mbpp_test,0,4649,920,0,C:\Users\durgamaniryudh\Desktop\Learn\testing_evals\test\mbpp_test\106\106_gen_0.sv,xiaomi/mimo-v2-flash:free,stop,,gen-1769023758-HGeiRZ7XNnjJ57h1qT2W
3344,aapp_competition_test,0,4465,2381,0,C:\Users\durgamaniryudh\Desktop\Learn\testing_evals\test\aapp_competition_test\3344\3344_gen_0.sv,xiaomi/mimo-v2-flash:free,stop,,gen-1769023746-J1Ei2tu6WXE34Jqb17vI
306,mbpp_test,0,4428,2357,0,C:\Users\durgamaniryudh\Desktop\Learn\testing_evals\test\mbpp_test\306\306_gen_0.sv,xiaomi/mimo-v2-flash:free,stop,,gen-1769023751-TqlBIjYHicHMte2hVFM1
3112,aapp_competition_test,0,4696,1214,0,C:\Users\durgamaniryudh\Desktop\Learn\testing_evals\test\aapp_competition_test\3112\3112_gen_0.sv,xiaomi/mimo-v2-flash:free,stop,,gen-1769023765-7k0QSYdnJIsDjwYweyTQ
3057,aapp_competition_test,0,4924,1403,0,C:\Users\durgamaniryudh\Desktop\Learn\testing_evals\test\aapp_competition_test\3057\3057_gen_0.sv,xiaomi/mimo-v2-flash:free,stop,,gen-1769023764-Iy37UpVBtPz52MliTA17
3160,aapp_competition_test,0,5091,1333,0,C:\Users\durgamaniryudh\Desktop\Learn\testing_evals\test\aapp_competition_test\3160\3160_gen_0.sv,xiaomi/mimo-v2-flash:free,stop,,gen-1769023766-4B9hMbWdKvjUIDfotP68
3013,aapp_competition_test,0,5257,1966,0,C:\Users\durgamaniryudh\Desktop\Learn\testing_evals\test\aapp_competition_test\3013\3013_gen_0.sv,xiaomi/mimo-v2-flash:free,stop,,gen-1769023760-wnjZuUxn0PUKShH8zs0H
3302,aapp_competition_test,0,4879,1359,0,C:\Users\durgamaniryudh\Desktop\Learn\testing_evals\test\aapp_competition_test\3302\3302_gen_0.sv,xiaomi/mimo-v2-flash:free,stop,,gen-1769023768-iDWZXpuyvWQA01VKSJqY
560,mbpp_validation,0,5881,3502,0,C:\Users\durgamaniryudh\Desktop\Learn\testing_evals\test\mbpp_validation\560\560_gen_0.sv,xiaomi/mimo-v2-flash:free,stop,,gen-1769023753-JZIzCYDEfxNNzdu4uTrc
3472,aapp_competition_test,0,4535,803,0,C:\Users\durgamaniryudh\Desktop\Learn\testing_evals\test\aapp_competition_test\3472\3472_gen_0.sv,xiaomi/mimo-v2-flash:free,stop,,gen-1769023777-NQlUvLOsdIWuKg2y1zxT
3729,aapp_competition_test,0,4661,877,0,C:\Users\durgamaniryudh\Desktop\Learn\testing_evals\test\aapp_competition_test\3729\3729_gen_0.sv,xiaomi/mimo-v2-flash:free,stop,,gen-1769023777-xbSveqmnnlRlSSrsArdi
3205,aapp_competition_test,0,5577,2086,0,C:\Users\durgamaniryudh\Desktop\Learn\testing_evals\test\aapp_competition_test\3205\3205_gen_0.sv,xiaomi/mimo-v2-flash:free,stop,,gen-1769023767-ggTlDLhY8k28Ud7v86aV
3911,aapp_competition_test,0,4041,215,0,C:\Users\durgamaniryudh\Desktop\Learn\testing_evals\test\aapp_competition_test\3911\3911_gen_0.sv,xiaomi/mimo-v2-flash:free,stop,,gen-1769023784-FypyRf52FV0KeqMMMDAO
3588,aapp_competition_test,0,4923,1528,0,C:\Users\durgamaniryudh\Desktop\Learn\testing_evals\test\aapp_competition_test\3588\3588_gen_0.sv,xiaomi/mimo-v2-flash:free,stop,,gen-1769023777-nL40KRYf1ziJK4vf8Uzu
56,human_eval_test,0,4340,843,0,C:\Users\durgamaniryudh\Desktop\Learn\testing_evals\test\human_eval_test\56\56_gen_0.sv,xiaomi/mimo-v2-flash:free,stop,,gen-1769023783-wK1hzaJP5b9zYRf4UC1l
3834,aapp_competition_test,0,4965,1582,0,C:\Users\durgamaniryudh\Desktop\Learn\testing_evals\test\aapp_competition_test\3834\3834_gen_0.sv,xiaomi/mimo-v2-flash:free,stop,,gen-1769023779-aSgGFc2ph5YU7hSkzC8p
90,mbpp_test,0,4411,873,0,C:\Users\durgamaniryudh\Desktop\Learn\testing_evals\test\mbpp_test\90\90_gen_0.sv,xiaomi/mimo-v2-flash:free,stop,,gen-1769023788-Emf5v8iJKlU2LqxSNaTk
614,mbpp_train,0,4767,1255,0,C:\Users\durgamaniryudh\Desktop\Learn\testing_evals\test\mbpp_train\614\614_gen_0.sv,xiaomi/mimo-v2-flash:free,stop,,gen-1769023786-XvHJ1WP02mxPBYexaKvg
3010,aapp_competition_test,0,4808,16153,0,C:\Users\durgamaniryudh\Desktop\Learn\testing_evals\test\aapp_competition_test\3010\3010_gen_0.sv,xiaomi/mimo-v2-flash:free,stop,,gen-1769023632-QXDJGccoSQuC4Kpes0Lq
134,human_eval_test,0,4312,1234,0,C:\Users\durgamaniryudh\Desktop\Learn\testing_evals\test\human_eval_test\134\134_gen_0.sv,xiaomi/mimo-v2-flash:free,stop,,gen-1769023784-B6IWaDZBXfvKuKrrXsIl
259,mbpp_test,0,5062,1310,0,C:\Users\durgamaniryudh\Desktop\Learn\testing_evals\test\mbpp_test\259\259_gen_0.sv,xiaomi/mimo-v2-flash:free,stop,,gen-1769023786-mCT4O8YRm9Y14MQWubgY
3202,aapp_competition_test,0,5343,1841,0,C:\Users\durgamaniryudh\Desktop\Learn\testing_evals\test\aapp_competition_test\3202\3202_gen_0.sv,xiaomi/mimo-v2-flash:free,stop,,gen-1769023791-EfQRJZqXDte5cApwjuCz
3396,aapp_competition_test,0,4332,2179,0,C:\Users\durgamaniryudh\Desktop\Learn\testing_evals\test\aapp_competition_test\3396\3396_gen_0.sv,xiaomi/mimo-v2-flash:free,stop,,gen-1769023793-xD5aW1g5FCQSk8cWOkmn
3846,aapp_competition_test,0,5158,1910,0,C:\Users\durgamaniryudh\Desktop\Learn\testing_evals\test\aapp_competition_test\3846\3846_gen_0.sv,xiaomi/mimo-v2-flash:free,stop,,gen-1769023798-pI1baGQQ7psKWodmM6yi
3211,aapp_competition_test,0,5373,7149,0,C:\Users\durgamaniryudh\Desktop\Learn\testing_evals\test\aapp_competition_test\3211\3211_gen_0.sv,xiaomi/mimo-v2-flash:free,stop,,gen-1769023743-LAom6jG3BgkjwlpJJq0i
3340,aapp_competition_test,0,5737,2832,0,C:\Users\durgamaniryudh\Desktop\Learn\testing_evals\test\aapp_competition_test\3340\3340_gen_0.sv,xiaomi/mimo-v2-flash:free,stop,,gen-1769023792-tof1RmP1WDhQQs6VEXKU
3579,aapp_competition_test,0,6165,2549,0,C:\Users\durgamaniryudh\Desktop\Learn\testing_evals\test\aapp_competition_test\3579\3579_gen_0.sv,xiaomi/mimo-v2-flash:free,stop,,gen-1769023797-1WCjbgNPgRt35cGbluTw
3996,aapp_competition_test,0,4224,1174,0,C:\Users\durgamaniryudh\Desktop\Learn\testing_evals\test\aapp_competition_test\3996\3996_gen_0.sv,xiaomi/mimo-v2-flash:free,stop,,gen-1769023807-OLcjG3zqJf3R38AyRhUJ
3636,aapp_competition_test,0,5869,2314,0,C:\Users\durgamaniryudh\Desktop\Learn\testing_evals\test\aapp_competition_test\3636\3636_gen_0.sv,xiaomi/mimo-v2-flash:free,stop,,gen-1769023797-kxXfNtNoGna2xKvDJzEn
3484,aapp_competition_test,0,6149,3101,0,C:\Users\durgamaniryudh\Desktop\Learn\testing_evals\test\aapp_competition_test\3484\3484_gen_0.sv,xiaomi/mimo-v2-flash:free,stop,,gen-1769023796-mwBBjCAFVPhbUKL7hfOF
3949,aapp_competition_test,0,4600,3392,0,C:\Users\durgamaniryudh\Desktop\Learn\testing_evals\test\aapp_competition_test\3949\3949_gen_0.sv,xiaomi/mimo-v2-flash:free,stop,,gen-1769023799-Mfcs78QstBBMYccofl0q
120,human_eval_test,0,4597,1348,0,C:\Users\durgamaniryudh\Desktop\Learn\testing_evals\test\human_eval_test\120\120_gen_0.sv,xiaomi/mimo-v2-flash:free,stop,,gen-1769023816-BWN30mat71NxuqiVZaDm
3213,aapp_competition_test,0,5196,1387,0,C:\Users\durgamaniryudh\Desktop\Learn\testing_evals\test\aapp_competition_test\3213\3213_gen_0.sv,xiaomi/mimo-v2-flash:free,stop,,gen-1769023819-5DqKlvzTdri4Y68KNDLz
3345,aapp_competition_test,0,4591,811,0,C:\Users\durgamaniryudh\Desktop\Learn\testing_evals\test\aapp_competition_test\3345\3345_gen_0.sv,xiaomi/mimo-v2-flash:free,stop,,gen-1769023825-N9BoN3Os3Y0UD1cLCGRa
431,mbpp_test,0,5193,604,0,C:\Users\durgamaniryudh\Desktop\Learn\testing_evals\test\mbpp_test\431\431_gen_0.sv,xiaomi/mimo-v2-flash:free,stop,,gen-1769023817-ioYSa3RxmesPeUa9y0Ss
156,human_eval_test,0,4358,2081,0,C:\Users\durgamaniryudh\Desktop\Learn\testing_evals\test\human_eval_test\156\156_gen_0.sv,xiaomi/mimo-v2-flash:free,stop,,gen-1769023818-5eSlWRHld9j8ZccixUhq
245,mbpp_test,0,5144,2431,0,C:\Users\durgamaniryudh\Desktop\Learn\testing_evals\test\mbpp_test\245\245_gen_0.sv,xiaomi/mimo-v2-flash:free,stop,,gen-1769023814-VOZ4zva93SE3Xw6CnklT
158,human_eval_test,0,4452,2733,0,C:\Users\durgamaniryudh\Desktop\Learn\testing_evals\test\human_eval_test\158\158_gen_0.sv,xiaomi/mimo-v2-flash:free,stop,,gen-1769023812-VSI8B38V9vD061hvt2ge
639,mbpp_train,0,6133,2732,0,C:\Users\durgamaniryudh\Desktop\Learn\testing_evals\test\mbpp_train\639\639_gen_0.sv,xiaomi/mimo-v2-flash:free,stop,,gen-1769023816-ntR5NHXwh4Kzgpamm8dv
3933,aapp_competition_test,0,4310,822,0,C:\Users\durgamaniryudh\Desktop\Learn\testing_evals\test\aapp_competition_test\3933\3933_gen_0.sv,xiaomi/mimo-v2-flash:free,stop,,gen-1769023835-1abWXwQ2uMSV8cTXdnA2
3841,aapp_competition_test,0,4252,982,0,C:\Users\durgamaniryudh\Desktop\Learn\testing_evals\test\aapp_competition_test\3841\3841_gen_0.sv,xiaomi/mimo-v2-flash:free,stop,,gen-1769023835-kwjRCvEfZ1e16xzKG3ZH
425,mbpp_test,0,4312,497,0,C:\Users\durgamaniryudh\Desktop\Learn\testing_evals\test\mbpp_test\425\425_gen_0.sv,xiaomi/mimo-v2-flash:free,stop,,gen-1769023845-gk4SeOp7gH0MnOJyRJE7
3489,aapp_competition_test,0,4658,2447,0,C:\Users\durgamaniryudh\Desktop\Learn\testing_evals\test\aapp_competition_test\3489\3489_gen_0.sv,xiaomi/mimo-v2-flash:free,stop,,gen-1769023829-7ekXDp990JcY3jSiW11l
3637,aapp_competition_test,0,4185,2278,0,C:\Users\durgamaniryudh\Desktop\Learn\testing_evals\test\aapp_competition_test\3637\3637_gen_0.sv,xiaomi/mimo-v2-flash:free,stop,,gen-1769023832-10CPmyBAZFNT9lzTzafz
3399,aapp_competition_test,0,5593,2668,0,C:\Users\durgamaniryudh\Desktop\Learn\testing_evals\test\aapp_competition_test\3399\3399_gen_0.sv,xiaomi/mimo-v2-flash:free,stop,,gen-1769023828-3Hr4zjYRQ399dWVBD7CE
248,mbpp_test,0,5126,1490,0,C:\Users\durgamaniryudh\Desktop\Learn\testing_evals\test\mbpp_test\248\248_gen_0.sv,xiaomi/mimo-v2-flash:free,stop,,gen-1769023838-XJAPNOtr647X9OXfnRwK
3943,aapp_competition_test,0,4475,2466,0,C:\Users\durgamaniryudh\Desktop\Learn\testing_evals\test\aapp_competition_test\3943\3943_gen_0.sv,xiaomi/mimo-v2-flash:free,stop,,gen-1769023835-k7gyfQtOVPa1HMtz779r
3998,aapp_competition_test,0,5983,2610,0,C:\Users\durgamaniryudh\Desktop\Learn\testing_evals\test\aapp_competition_test\3998\3998_gen_0.sv,xiaomi/mimo-v2-flash:free,stop,,gen-1769023837-GeUceVPSWhEHGGJCcFPu
284,mbpp_test,0,4265,780,0,C:\Users\durgamaniryudh\Desktop\Learn\testing_evals\test\mbpp_test\284\284_gen_0.sv,xiaomi/mimo-v2-flash:free,stop,,gen-1769023851-xDilq6UWzPFXLuEjIWhK
3348,aapp_competition_test,0,4330,575,0,C:\Users\durgamaniryudh\Desktop\Learn\testing_evals\test\aapp_competition_test\3348\3348_gen_0.sv,xiaomi/mimo-v2-flash:free,stop,,gen-1769023854-jFAf0N0frVHZowGtgILN
3208,aapp_competition_test,0,4234,748,0,C:\Users\durgamaniryudh\Desktop\Learn\testing_evals\test\aapp_competition_test\3208\3208_gen_0.sv,xiaomi/mimo-v2-flash:free,stop,,gen-1769023854-lZYMBxQMptAN7HKt1krH
3397,aapp_competition_test,0,4729,1059,0,C:\Users\durgamaniryudh\Desktop\Learn\testing_evals\test\aapp_competition_test\3397\3397_gen_0.sv,xiaomi/mimo-v2-flash:free,stop,,gen-1769023857-1FFi6BUSTF5mj30DAm0q
17,human_eval_test,0,4426,1850,0,C:\Users\durgamaniryudh\Desktop\Learn\testing_evals\test\human_eval_test\17\17_gen_0.sv,xiaomi/mimo-v2-flash:free,stop,,gen-1769023850-p8XkBl85EzSbXW1fcCWo
54,human_eval_test,0,4404,1806,0,C:\Users\durgamaniryudh\Desktop\Learn\testing_evals\test\human_eval_test\54\54_gen_0.sv,xiaomi/mimo-v2-flash:free,stop,,gen-1769023852-vxXjv70PNgr3mETr51xD
3785,aapp_competition_test,0,5436,2803,0,C:\Users\durgamaniryudh\Desktop\Learn\testing_evals\test\aapp_competition_test\3785\3785_gen_0.sv,xiaomi/mimo-v2-flash:free,stop,,gen-1769023844-hfJakkPP2YPFl4l1yJ4g
3488,aapp_competition_test,0,5756,2132,0,C:\Users\durgamaniryudh\Desktop\Learn\testing_evals\test\aapp_competition_test\3488\3488_gen_0.sv,xiaomi/mimo-v2-flash:free,stop,,gen-1769023858-Uq8zSKy5A8KCHniviB0r
3639,aapp_competition_test,0,4469,1868,0,C:\Users\durgamaniryudh\Desktop\Learn\testing_evals\test\aapp_competition_test\3639\3639_gen_0.sv,xiaomi/mimo-v2-flash:free,stop,,gen-1769023860-extKXhtSiz5jfgFOeUEz
3815,aapp_competition_test,0,5097,1534,0,C:\Users\durgamaniryudh\Desktop\Learn\testing_evals\test\aapp_competition_test\3815\3815_gen_0.sv,xiaomi/mimo-v2-flash:free,stop,,gen-1769023861-UF6NtrIvluuweuf3KLZw
69,mbpp_test,0,4158,845,0,C:\Users\durgamaniryudh\Desktop\Learn\testing_evals\test\mbpp_test\69\69_gen_0.sv,xiaomi/mimo-v2-flash:free,stop,,gen-1769023874-Zs9Dhwwhuv8p9S0tVg3U
3850,aapp_competition_test,0,4141,2059,0,C:\Users\durgamaniryudh\Desktop\Learn\testing_evals\test\aapp_competition_test\3850\3850_gen_0.sv,xiaomi/mimo-v2-flash:free,stop,,gen-1769023866-Gf4QYoBNKGvk42OKxkSD
312,mbpp_test,0,4567,826,0,C:\Users\durgamaniryudh\Desktop\Learn\testing_evals\test\mbpp_test\312\312_gen_0.sv,xiaomi/mimo-v2-flash:free,stop,,gen-1769023880-6aUV9jhSkUQOng0y2Olu
567,mbpp_validation,0,4592,810,0,C:\Users\durgamaniryudh\Desktop\Learn\testing_evals\test\mbpp_validation\567\567_gen_0.sv,xiaomi/mimo-v2-flash:free,stop,,gen-1769023881-m8Wzc3CO2SfJt7uKMTVz
3578,aapp_competition_test,0,6358,3612,0,C:\Users\durgamaniryudh\Desktop\Learn\testing_evals\test\aapp_competition_test\3578\3578_gen_0.sv,xiaomi/mimo-v2-flash:free,stop,,gen-1769023859-AS2cWCfmrj2fdajxubLQ
393,mbpp_test,0,5365,1602,0,C:\Users\durgamaniryudh\Desktop\Learn\testing_evals\test\mbpp_test\393\393_gen_0.sv,xiaomi/mimo-v2-flash:free,stop,,gen-1769023876-yyP8QYhf8FhbeQtmfVx5
3585,aapp_competition_test,0,4024,188,0,C:\Users\durgamaniryudh\Desktop\Learn\testing_evals\test\aapp_competition_test\3585\3585_gen_0.sv,xiaomi/mimo-v2-flash:free,stop,,gen-1769023890-FLPFPbZ8k6ouf90jYvYw
3989,aapp_competition_test,0,5341,1883,0,C:\Users\durgamaniryudh\Desktop\Learn\testing_evals\test\aapp_competition_test\3989\3989_gen_0.sv,xiaomi/mimo-v2-flash:free,stop,,gen-1769023869-UaGWNShh55HS2Ka0LWOu
3944,aapp_competition_test,0,4305,428,0,C:\Users\durgamaniryudh\Desktop\Learn\testing_evals\test\aapp_competition_test\3944\3944_gen_0.sv,xiaomi/mimo-v2-flash:free,stop,,gen-1769023896-YmjAimP2IDTANScDTgCC
3848,aapp_competition_test,0,4112,1362,0,C:\Users\durgamaniryudh\Desktop\Learn\testing_evals\test\aapp_competition_test\3848\3848_gen_0.sv,xiaomi/mimo-v2-flash:free,stop,,gen-1769023893-zrYwnXMlukesTNZKdSvX
3349,aapp_competition_test,0,4649,2711,0,C:\Users\durgamaniryudh\Desktop\Learn\testing_evals\test\aapp_competition_test\3349\3349_gen_0.sv,xiaomi/mimo-v2-flash:free,stop,,gen-1769023884-rbVPixOXpC5KlpcaCuPl
3398,aapp_competition_test,0,5585,2901,0,C:\Users\durgamaniryudh\Desktop\Learn\testing_evals\test\aapp_competition_test\3398\3398_gen_0.sv,xiaomi/mimo-v2-flash:free,stop,,gen-1769023888-lNrVwmuW07ED6rZuZv7E
3945,aapp_competition_test,0,5160,5907,0,C:\Users\durgamaniryudh\Desktop\Learn\testing_evals\test\aapp_competition_test\3945\3945_gen_0.sv,xiaomi/mimo-v2-flash:free,stop,,gen-1769023868-J4n6QZwAdZSmGQCRUolg
3635,aapp_competition_test,0,5401,3537,0,C:\Users\durgamaniryudh\Desktop\Learn\testing_evals\test\aapp_competition_test\3635\3635_gen_0.sv,xiaomi/mimo-v2-flash:free,stop,,gen-1769023892-VY9iv12J7JInzmkp4WHt
3492,aapp_competition_test,0,6218,4186,0,C:\Users\durgamaniryudh\Desktop\Learn\testing_evals\test\aapp_competition_test\3492\3492_gen_0.sv,xiaomi/mimo-v2-flash:free,stop,,gen-1769023889-v8wDIoRnSSVtfYcoI8ro
276,mbpp_test,0,4710,999,0,C:\Users\durgamaniryudh\Desktop\Learn\testing_evals\test\mbpp_test\276\276_gen_0.sv,xiaomi/mimo-v2-flash:free,stop,,gen-1769023913-wfXLFIeU01S8NgOk0zCS
74,human_eval_test,0,5159,2026,0,C:\Users\durgamaniryudh\Desktop\Learn\testing_evals\test\human_eval_test\74\74_gen_0.sv,xiaomi/mimo-v2-flash:free,stop,,gen-1769023907-g5LM43kXA9Lb5mNbWiEU
3999,aapp_competition_test,0,5944,3408,0,C:\Users\durgamaniryudh\Desktop\Learn\testing_evals\test\aapp_competition_test\3999\3999_gen_0.sv,xiaomi/mimo-v2-flash:free,stop,,gen-1769023901-vUDiCYYh1yNhOAcklrAT
389,mbpp_test,0,4698,973,0,C:\Users\durgamaniryudh\Desktop\Learn\testing_evals\test\mbpp_test\389\389_gen_0.sv,xiaomi/mimo-v2-flash:free,stop,,gen-1769023920-IxcIASkcj9tl6Vwwx7Da
35,human_eval_test,0,4183,749,0,C:\Users\durgamaniryudh\Desktop\Learn\testing_evals\test\human_eval_test\35\35_gen_0.sv,xiaomi/mimo-v2-flash:free,stop,,gen-1769023922-5Q6xc2DMv0CK5p1bfFiI
124,human_eval_test,0,4454,2208,0,C:\Users\durgamaniryudh\Desktop\Learn\testing_evals\test\human_eval_test\124\124_gen_0.sv,xiaomi/mimo-v2-flash:free,stop,,gen-1769023912-UaS8wM6AX0JLwqPjt7tX
440,mbpp_test,0,4438,1949,0,C:\Users\durgamaniryudh\Desktop\Learn\testing_evals\test\mbpp_test\440\440_gen_0.sv,xiaomi/mimo-v2-flash:free,stop,,gen-1769023915-N8eq3WRLtN7ljz4fX9Uc
3587,aapp_competition_test,0,4608,10514,0,C:\Users\durgamaniryudh\Desktop\Learn\testing_evals\test\aapp_competition_test\3587\3587_gen_0.sv,xiaomi/mimo-v2-flash:free,stop,,gen-1769023830-Pg4vaZvpGfxACK3nPXYa
3835,aapp_competition_test,0,4867,1606,0,C:\Users\durgamaniryudh\Desktop\Learn\testing_evals\test\aapp_competition_test\3835\3835_gen_0.sv,xiaomi/mimo-v2-flash:free,stop,,gen-1769023923-Cw6aysG2Tbg3TpfPVhyS
3209,aapp_competition_test,0,5367,6830,0,C:\Users\durgamaniryudh\Desktop\Learn\testing_evals\test\aapp_competition_test\3209\3209_gen_0.sv,xiaomi/mimo-v2-flash:free,stop,,gen-1769023883-90i4ic2kfhFDDfJdVHFt
3393,aapp_competition_test,0,5022,1048,0,C:\Users\durgamaniryudh\Desktop\Learn\testing_evals\test\aapp_competition_test\3393\3393_gen_0.sv,xiaomi/mimo-v2-flash:free,stop,,gen-1769023929-XkUQvF2OhrVvCqMpgdKz
3591,aapp_competition_test,0,4757,1001,0,C:\Users\durgamaniryudh\Desktop\Learn\testing_evals\test\aapp_competition_test\3591\3591_gen_0.sv,xiaomi/mimo-v2-flash:free,stop,,gen-1769023930-sXOxde9QKZTu1nt6IuJI
65,human_eval_test,0,4101,191,0,C:\Users\durgamaniryudh\Desktop\Learn\testing_evals\test\human_eval_test\65\65_gen_0.sv,xiaomi/mimo-v2-flash:free,stop,,gen-1769023936-qCxDUsirCDnTFq69x8hG
3214,aapp_competition_test,0,5588,2157,0,C:\Users\durgamaniryudh\Desktop\Learn\testing_evals\test\aapp_competition_test\3214\3214_gen_0.sv,xiaomi/mimo-v2-flash:free,stop,,gen-1769023924-GIeBIbjphzD18M9TaKMV
234,mbpp_test,0,4068,135,0,C:\Users\durgamaniryudh\Desktop\Learn\testing_evals\test\mbpp_test\234\234_gen_0.sv,xiaomi/mimo-v2-flash:free,stop,,gen-1769023940-A7PuhjAMc40Rg7e52v77
3840,aapp_competition_test,0,4697,1026,0,C:\Users\durgamaniryudh\Desktop\Learn\testing_evals\test\aapp_competition_test\3840\3840_gen_0.sv,xiaomi/mimo-v2-flash:free,stop,,gen-1769023935-lLyc73EA4mLGfxTBgSQm
3495,aapp_competition_test,0,5466,1968,0,C:\Users\durgamaniryudh\Desktop\Learn\testing_evals\test\aapp_competition_test\3495\3495_gen_0.sv,xiaomi/mimo-v2-flash:free,stop,,gen-1769023930-XD9wzOnky28gax26OCHY
3641,aapp_competition_test,0,4517,1615,0,C:\Users\durgamaniryudh\Desktop\Learn\testing_evals\test\aapp_competition_test\3641\3641_gen_0.sv,xiaomi/mimo-v2-flash:free,stop,,gen-1769023933-t0f7uDn5aexycDGGHCy6
3351,aapp_competition_test,0,4267,2801,0,C:\Users\durgamaniryudh\Desktop\Learn\testing_evals\test\aapp_competition_test\3351\3351_gen_0.sv,xiaomi/mimo-v2-flash:free,stop,,gen-1769023928-r7L5OQ0ZtlwMpUF5ss05
50,human_eval_test,0,4437,1457,0,C:\Users\durgamaniryudh\Desktop\Learn\testing_evals\test\human_eval_test\50\50_gen_0.sv,xiaomi/mimo-v2-flash:free,stop,,gen-1769023939-0lytiCyVo5OivbAMKmAG
3204,aapp_competition_test,0,4747,1007,0,C:\Users\durgamaniryudh\Desktop\Learn\testing_evals\test\aapp_competition_test\3204\3204_gen_0.sv,xiaomi/mimo-v2-flash:free,stop,,gen-1769023943-94apEHOyiQoTrY9pmVc2
3354,aapp_competition_test,0,4865,1206,0,C:\Users\durgamaniryudh\Desktop\Learn\testing_evals\test\aapp_competition_test\3354\3354_gen_0.sv,xiaomi/mimo-v2-flash:free,stop,,gen-1769023944-sIgLZ3yJbs7VvvFHqMq8
3494,aapp_competition_test,0,4728,874,0,C:\Users\durgamaniryudh\Desktop\Learn\testing_evals\test\aapp_competition_test\3494\3494_gen_0.sv,xiaomi/mimo-v2-flash:free,stop,,gen-1769023947-hl9wYFlpuZvQidWR3SzD
576,mbpp_validation,0,4742,1853,0,C:\Users\durgamaniryudh\Desktop\Learn\testing_evals\test\mbpp_validation\576\576_gen_0.sv,xiaomi/mimo-v2-flash:free,stop,,gen-1769023942-55COinvh0xDqzV6I9kWn
3854,aapp_competition_test,0,4504,831,0,C:\Users\durgamaniryudh\Desktop\Learn\testing_evals\test\aapp_competition_test\3854\3854_gen_0.sv,xiaomi/mimo-v2-flash:free,stop,,gen-1769023952-onyjMsnAh4gSvQyw3TRu
3913,aapp_competition_test,0,5286,2774,0,C:\Users\durgamaniryudh\Desktop\Learn\testing_evals\test\aapp_competition_test\3913\3913_gen_0.sv,xiaomi/mimo-v2-flash:free,stop,,gen-1769023939-507pGlTxk1etFkCVsv0U
3402,aapp_competition_test,0,5427,2093,0,C:\Users\durgamaniryudh\Desktop\Learn\testing_evals\test\aapp_competition_test\3402\3402_gen_0.sv,xiaomi/mimo-v2-flash:free,stop,,gen-1769023946-slpbVINnn45NaejwHMYH
3946,aapp_competition_test,0,5046,3496,0,C:\Users\durgamaniryudh\Desktop\Learn\testing_evals\test\aapp_competition_test\3946\3946_gen_0.sv,xiaomi/mimo-v2-flash:free,stop,,gen-1769023936-J2WfZFZmj4dZv6QUNidq
3948,aapp_competition_test,0,4889,1168,0,C:\Users\durgamaniryudh\Desktop\Learn\testing_evals\test\aapp_competition_test\3948\3948_gen_0.sv,xiaomi/mimo-v2-flash:free,stop,,gen-1769023954-5HmQfcf9f0iiiCYDTpTu
437,mbpp_test,0,4467,605,0,C:\Users\durgamaniryudh\Desktop\Learn\testing_evals\test\mbpp_test\437\437_gen_0.sv,xiaomi/mimo-v2-flash:free,stop,,gen-1769023960-f6LIYZ1djSsc4IKrg2Ux
3589,aapp_competition_test,0,4985,1852,0,C:\Users\durgamaniryudh\Desktop\Learn\testing_evals\test\aapp_competition_test\3589\3589_gen_0.sv,xiaomi/mimo-v2-flash:free,stop,,gen-1769023951-L61JwqdNmQum5Mb12Tg8
33,human_eval_test,0,4362,1442,0,C:\Users\durgamaniryudh\Desktop\Learn\testing_evals\test\human_eval_test\33\33_gen_0.sv,xiaomi/mimo-v2-flash:free,stop,,gen-1769023957-TyR6YBF4UXPpiAPTi9Y0
3638,aapp_competition_test,0,4188,2421,0,C:\Users\durgamaniryudh\Desktop\Learn\testing_evals\test\aapp_competition_test\3638\3638_gen_0.sv,xiaomi/mimo-v2-flash:free,stop,,gen-1769023952-lrIMbeT2i9SaaObMeu6O
788,mbpp_train,0,4371,1108,0,C:\Users\durgamaniryudh\Desktop\Learn\testing_evals\test\mbpp_train\788\788_gen_0.sv,xiaomi/mimo-v2-flash:free,stop,,gen-1769023962-t83MzbZRCebe9bG3Mfy5
136,human_eval_test,0,4274,813,0,C:\Users\durgamaniryudh\Desktop\Learn\testing_evals\test\human_eval_test\136\136_gen_0.sv,xiaomi/mimo-v2-flash:free,stop,,gen-1769023965-QPFT218lt8CWBYZNUqIn
3219,aapp_competition_test,0,4401,852,0,C:\Users\durgamaniryudh\Desktop\Learn\testing_evals\test\aapp_competition_test\3219\3219_gen_0.sv,xiaomi/mimo-v2-flash:free,stop,,gen-1769023965-gaggQyctXSuvngCiAtX6
477,mbpp_test,0,5154,1394,0,C:\Users\durgamaniryudh\Desktop\Learn\testing_evals\test\mbpp_test\477\477_gen_0.sv,xiaomi/mimo-v2-flash:free,stop,,gen-1769023963-H9WmVI2gO6BdtblWU7Yv
3592,aapp_competition_test,0,4604,923,0,C:\Users\durgamaniryudh\Desktop\Learn\testing_evals\test\aapp_competition_test\3592\3592_gen_0.sv,xiaomi/mimo-v2-flash:free,stop,,gen-1769023971-eI7bZe0uAhg15wsCFfxu
3406,aapp_competition_test,0,4953,1383,0,C:\Users\durgamaniryudh\Desktop\Learn\testing_evals\test\aapp_competition_test\3406\3406_gen_0.sv,xiaomi/mimo-v2-flash:free,stop,,gen-1769023969-bS6Ie2Lua0cKYBJLmavA
3934,aapp_competition_test,0,4604,967,0,C:\Users\durgamaniryudh\Desktop\Learn\testing_evals\test\aapp_competition_test\3934\3934_gen_0.sv,xiaomi/mimo-v2-flash:free,stop,,gen-1769023974-XmJMCBEk3MZTStcaNeWL
3485,aapp_competition_test,0,5128,1616,0,C:\Users\durgamaniryudh\Desktop\Learn\testing_evals\test\aapp_competition_test\3485\3485_gen_0.sv,xiaomi/mimo-v2-flash:free,stop,,gen-1769023970-zhBkukC8Zu6ynsFcTd82
3851,aapp_competition_test,0,5552,1538,0,C:\Users\durgamaniryudh\Desktop\Learn\testing_evals\test\aapp_competition_test\3851\3851_gen_0.sv,xiaomi/mimo-v2-flash:free,stop,,gen-1769023973-QBhl6LhtctXP6oRbaVM3
253,mbpp_test,0,4755,607,0,C:\Users\durgamaniryudh\Desktop\Learn\testing_evals\test\mbpp_test\253\253_gen_0.sv,xiaomi/mimo-v2-flash:free,stop,,gen-1769023980-QkU7qEVqjKCITm4s6YSo
24,human_eval_test,0,4260,874,0,C:\Users\durgamaniryudh\Desktop\Learn\testing_evals\test\human_eval_test\24\24_gen_0.sv,xiaomi/mimo-v2-flash:free,stop,,gen-1769023980-P6FXS0xriqN3U63ZDwyi
223,mbpp_test,0,4824,1573,0,C:\Users\durgamaniryudh\Desktop\Learn\testing_evals\test\mbpp_test\223\223_gen_0.sv,xiaomi/mimo-v2-flash:free,stop,,gen-1769023982-f1LcUgD17Xf9hKvszfqV
3950,aapp_competition_test,0,4193,2870,0,C:\Users\durgamaniryudh\Desktop\Learn\testing_evals\test\aapp_competition_test\3950\3950_gen_0.sv,xiaomi/mimo-v2-flash:free,stop,,gen-1769023974-cfQTGWndO8iJW4c2osgP
3648,aapp_competition_test,0,4306,3116,0,C:\Users\durgamaniryudh\Desktop\Learn\testing_evals\test\aapp_competition_test\3648\3648_gen_0.sv,xiaomi/mimo-v2-flash:free,stop,,gen-1769023972-yA8uyBLfqcv4Atb8EmHS
3784,aapp_competition_test,0,5183,1548,0,C:\Users\durgamaniryudh\Desktop\Learn\testing_evals\test\aapp_competition_test\3784\3784_gen_0.sv,xiaomi/mimo-v2-flash:free,stop,,gen-1769023984-OZjBx96XpnOz96jTiQvU
3364,aapp_competition_test,0,4678,1272,0,C:\Users\durgamaniryudh\Desktop\Learn\testing_evals\test\aapp_competition_test\3364\3364_gen_0.sv,xiaomi/mimo-v2-flash:free,stop,,gen-1769023988-s45I5kwXAALmFe6lxFgw
3403,aapp_competition_test,0,4765,902,0,C:\Users\durgamaniryudh\Desktop\Learn\testing_evals\test\aapp_competition_test\3403\3403_gen_0.sv,xiaomi/mimo-v2-flash:free,stop,,gen-1769023995-PMgci2priiGRp5LEdMMF
3220,aapp_competition_test,0,4331,1965,0,C:\Users\durgamaniryudh\Desktop\Learn\testing_evals\test\aapp_competition_test\3220\3220_gen_0.sv,xiaomi/mimo-v2-flash:free,stop,,gen-1769023987-zIBbIkgaFHkXVgcsfXLB
81,human_eval_test,0,4964,2405,0,C:\Users\durgamaniryudh\Desktop\Learn\testing_evals\test\human_eval_test\81\81_gen_0.sv,xiaomi/mimo-v2-flash:free,stop,,gen-1769023986-5dyADyhapJUuwZeWSWRo
3,human_eval_test,0,4502,620,0,C:\Users\durgamaniryudh\Desktop\Learn\testing_evals\test\human_eval_test\3\3_gen_0.sv,xiaomi/mimo-v2-flash:free,stop,,gen-1769024005-9OzffxzFzjr43vWCijvO
3820,aapp_competition_test,0,4197,1451,0,C:\Users\durgamaniryudh\Desktop\Learn\testing_evals\test\aapp_competition_test\3820\3820_gen_0.sv,xiaomi/mimo-v2-flash:free,stop,,gen-1769024000-uwCNkovXK6LKlKGI18Wm
3500,aapp_competition_test,0,5098,1600,0,C:\Users\durgamaniryudh\Desktop\Learn\testing_evals\test\aapp_competition_test\3500\3500_gen_0.sv,xiaomi/mimo-v2-flash:free,stop,,gen-1769023999-eRWlfQkkYU5GnPElbTLL
3640,aapp_competition_test,0,5185,1664,0,C:\Users\durgamaniryudh\Desktop\Learn\testing_evals\test\aapp_competition_test\3640\3640_gen_0.sv,xiaomi/mimo-v2-flash:free,stop,,gen-1769024000-GJZBzNVm0vBDvojC95Ck
287,mbpp_test,0,4230,580,0,C:\Users\durgamaniryudh\Desktop\Learn\testing_evals\test\mbpp_test\287\287_gen_0.sv,xiaomi/mimo-v2-flash:free,stop,,gen-1769024013-oP3bimtwjkUw5j7zvPHi
3954,aapp_competition_test,0,5209,1962,0,C:\Users\durgamaniryudh\Desktop\Learn\testing_evals\test\aapp_competition_test\3954\3954_gen_0.sv,xiaomi/mimo-v2-flash:free,stop,,gen-1769024004-SsPELKjFSmbV9lx10EK0
133,mbpp_test,0,4298,829,0,C:\Users\durgamaniryudh\Desktop\Learn\testing_evals\test\mbpp_test\133\133_gen_0.sv,xiaomi/mimo-v2-flash:free,stop,,gen-1769024013-61qlLZKj7OuEkgiXuuuz
3849,aapp_competition_test,0,5366,1975,0,C:\Users\durgamaniryudh\Desktop\Learn\testing_evals\test\aapp_competition_test\3849\3849_gen_0.sv,xiaomi/mimo-v2-flash:free,stop,,gen-1769024004-MiPYtjESh8Hid7a8o4QV
3359,aapp_competition_test,0,4653,1117,0,C:\Users\durgamaniryudh\Desktop\Learn\testing_evals\test\aapp_competition_test\3359\3359_gen_0.sv,xiaomi/mimo-v2-flash:free,stop,,gen-1769024014-L67K8uJ0M8odOgdQQrl1
3356,aapp_competition_test,0,5607,8595,0,C:\Users\durgamaniryudh\Desktop\Learn\testing_evals\test\aapp_competition_test\3356\3356_gen_0.sv,xiaomi/mimo-v2-flash:free,stop,,gen-1769023966-Xg9IHGBKbXIghHcvhx2h
3857,aapp_competition_test,0,5251,1410,0,C:\Users\durgamaniryudh\Desktop\Learn\testing_evals\test\aapp_competition_test\3857\3857_gen_0.sv,xiaomi/mimo-v2-flash:free,stop,,gen-1769024024-KeEmOJ1VujaK6T0Jqz5d
3584,aapp_competition_test,0,6351,2803,0,C:\Users\durgamaniryudh\Desktop\Learn\testing_evals\test\aapp_competition_test\3584\3584_gen_0.sv,xiaomi/mimo-v2-flash:free,stop,,gen-1769024000-tLeKaAYy8su3sbOAbhvH
3210,aapp_competition_test,0,4961,2591,0,C:\Users\durgamaniryudh\Desktop\Learn\testing_evals\test\aapp_competition_test\3210\3210_gen_0.sv,xiaomi/mimo-v2-flash:free,stop,,gen-1769024013-R2M2KPCNawj495uYLWuo
3644,aapp_competition_test,0,4747,1706,0,C:\Users\durgamaniryudh\Desktop\Learn\testing_evals\test\aapp_competition_test\3644\3644_gen_0.sv,xiaomi/mimo-v2-flash:free,stop,,gen-1769024023-dk9znAHbQqPPbFgT14wE
3501,aapp_competition_test,0,5791,1847,0,C:\Users\durgamaniryudh\Desktop\Learn\testing_evals\test\aapp_competition_test\3501\3501_gen_0.sv,xiaomi/mimo-v2-flash:free,stop,,gen-1769024022-onNi7jrsj6VKUxYgosdy
23,human_eval_test,0,4179,706,0,C:\Users\durgamaniryudh\Desktop\Learn\testing_evals\test\human_eval_test\23\23_gen_0.sv,xiaomi/mimo-v2-flash:free,stop,,gen-1769024037-LtLUjHfjRSYOorVR5qVj
172,mbpp_test,0,4556,729,0,C:\Users\durgamaniryudh\Desktop\Learn\testing_evals\test\mbpp_test\172\172_gen_0.sv,xiaomi/mimo-v2-flash:free,stop,,gen-1769024040-r4Ahi7VHiaoN6HIWvaOk
3404,aapp_competition_test,0,4305,3372,0,C:\Users\durgamaniryudh\Desktop\Learn\testing_evals\test\aapp_competition_test\3404\3404_gen_0.sv,xiaomi/mimo-v2-flash:free,stop,,gen-1769024020-gr94CAV5oprkFYjNMwuo
3590,aapp_competition_test,0,5409,3178,0,C:\Users\durgamaniryudh\Desktop\Learn\testing_evals\test\aapp_competition_test\3590\3590_gen_0.sv,xiaomi/mimo-v2-flash:free,stop,,gen-1769024022-jpysUOwaINLhBpwKDeAH
21,human_eval_test,0,4337,1676,0,C:\Users\durgamaniryudh\Desktop\Learn\testing_evals\test\human_eval_test\21\21_gen_0.sv,xiaomi/mimo-v2-flash:free,stop,,gen-1769024038-6yawrsins1cOrtT4lZE3
166,mbpp_test,0,4626,951,0,C:\Users\durgamaniryudh\Desktop\Learn\testing_evals\test\mbpp_test\166\166_gen_0.sv,xiaomi/mimo-v2-flash:free,stop,,gen-1769024046-7FaukerIgv900ghsiOdQ
64,mbpp_test,0,5557,1797,0,C:\Users\durgamaniryudh\Desktop\Learn\testing_evals\test\mbpp_test\64\64_gen_0.sv,xiaomi/mimo-v2-flash:free,stop,,gen-1769024039-okQ8uU67PUO537PmwuaF
3839,aapp_competition_test,0,4686,1127,0,C:\Users\durgamaniryudh\Desktop\Learn\testing_evals\test\aapp_competition_test\3839\3839_gen_0.sv,xiaomi/mimo-v2-flash:free,stop,,gen-1769024046-KpPrwUPrTqpzVZzegz6w
3594,aapp_competition_test,0,4075,245,0,C:\Users\durgamaniryudh\Desktop\Learn\testing_evals\test\aapp_competition_test\3594\3594_gen_0.sv,xiaomi/mimo-v2-flash:free,stop,,gen-1769024056-1PGcsOqZW3xC890gz8Y5
3499,aapp_competition_test,0,4954,802,0,C:\Users\durgamaniryudh\Desktop\Learn\testing_evals\test\aapp_competition_test\3499\3499_gen_0.sv,xiaomi/mimo-v2-flash:free,stop,,gen-1769024055-aby9A2pyYoMBk5KbPrZT
3951,aapp_competition_test,0,4425,3528,0,C:\Users\durgamaniryudh\Desktop\Learn\testing_evals\test\aapp_competition_test\3951\3951_gen_0.sv,xiaomi/mimo-v2-flash:free,stop,,gen-1769024034-4inX6yKnJlkY27ky2Pjd
3646,aapp_competition_test,0,4541,773,0,C:\Users\durgamaniryudh\Desktop\Learn\testing_evals\test\aapp_competition_test\3646\3646_gen_0.sv,xiaomi/mimo-v2-flash:free,stop,,gen-1769024058-7r4tHzjcf8xV9DkJ7YsE
3362,aapp_competition_test,0,6159,2593,0,C:\Users\durgamaniryudh\Desktop\Learn\testing_evals\test\aapp_competition_test\3362\3362_gen_0.sv,xiaomi/mimo-v2-flash:free,stop,,gen-1769024051-h2xYJ9c5hd490g3b6j5x
3216,aapp_competition_test,0,5363,2809,0,C:\Users\durgamaniryudh\Desktop\Learn\testing_evals\test\aapp_competition_test\3216\3216_gen_0.sv,xiaomi/mimo-v2-flash:free,stop,,gen-1769024050-XmvFMmpniyLkgqNALeXq
3953,aapp_competition_test,0,4780,1420,0,C:\Users\durgamaniryudh\Desktop\Learn\testing_evals\test\aapp_competition_test\3953\3953_gen_0.sv,xiaomi/mimo-v2-flash:free,stop,,gen-1769024062-CFK3dJI0l7qAvZgaFboX
3852,aapp_competition_test,0,5192,1761,0,C:\Users\durgamaniryudh\Desktop\Learn\testing_evals\test\aapp_competition_test\3852\3852_gen_0.sv,xiaomi/mimo-v2-flash:free,stop,,gen-1769024061-Bk0MWp4tQSJpXfTSkoxi
149,human_eval_test,0,4595,1357,0,C:\Users\durgamaniryudh\Desktop\Learn\testing_evals\test\human_eval_test\149\149_gen_0.sv,xiaomi/mimo-v2-flash:free,stop,,gen-1769024064-HSSeY5FBl2Snq6OUbpqm
3400,aapp_competition_test,0,5319,3102,0,C:\Users\durgamaniryudh\Desktop\Learn\testing_evals\test\aapp_competition_test\3400\3400_gen_0.sv,xiaomi/mimo-v2-flash:free,stop,,gen-1769024053-oRriB0k9Phl6IDwbXyNa
3917,aapp_competition_test,0,4382,615,0,C:\Users\durgamaniryudh\Desktop\Learn\testing_evals\test\aapp_competition_test\3917\3917_gen_0.sv,xiaomi/mimo-v2-flash:free,stop,,gen-1769024073-qaaB0Ef9CkRUjOCtM8Y2
562,mbpp_validation,0,4768,901,0,C:\Users\durgamaniryudh\Desktop\Learn\testing_evals\test\mbpp_validation\562\562_gen_0.sv,xiaomi/mimo-v2-flash:free,stop,,gen-1769024075-15KL8EJrtl4sVLXjeguy
71,human_eval_test,0,4605,1957,0,C:\Users\durgamaniryudh\Desktop\Learn\testing_evals\test\human_eval_test\71\71_gen_0.sv,xiaomi/mimo-v2-flash:free,stop,,gen-1769024067-EJ4eFIbtTHtLqapFcvJn
3595,aapp_competition_test,0,4928,1332,0,C:\Users\durgamaniryudh\Desktop\Learn\testing_evals\test\aapp_competition_test\3595\3595_gen_0.sv,xiaomi/mimo-v2-flash:free,stop,,gen-1769024083-LcsBCgE4Bw8qRTQ2BFWZ
61,mbpp_test,0,4303,3371,0,C:\Users\durgamaniryudh\Desktop\Learn\testing_evals\test\mbpp_test\61\61_gen_0.sv,xiaomi/mimo-v2-flash:free,stop,,gen-1769024072-49mLRYwJfRfr58yHurEe
3493,aapp_competition_test,0,6198,3230,0,C:\Users\durgamaniryudh\Desktop\Learn\testing_evals\test\aapp_competition_test\3493\3493_gen_0.sv,xiaomi/mimo-v2-flash:free,stop,,gen-1769024079-RHFAld7ZcAIk9q74nJIU
3642,aapp_competition_test,0,6009,2555,0,C:\Users\durgamaniryudh\Desktop\Learn\testing_evals\test\aapp_competition_test\3642\3642_gen_0.sv,xiaomi/mimo-v2-flash:free,stop,,gen-1769024084-7BImJVwPQmpeD4orPp7b
3407,aapp_competition_test,0,7102,3424,0,C:\Users\durgamaniryudh\Desktop\Learn\testing_evals\test\aapp_competition_test\3407\3407_gen_0.sv,xiaomi/mimo-v2-flash:free,stop,,gen-1769024078-SXY1rK96jLr0PQGtZlIT
96,human_eval_test,0,5263,6271,0,C:\Users\durgamaniryudh\Desktop\Learn\testing_evals\test\human_eval_test\96\96_gen_0.sv,xiaomi/mimo-v2-flash:free,stop,,gen-1769024037-UGzQcPSxp0Yt30wWt0wM
3861,aapp_competition_test,0,4597,1211,0,C:\Users\durgamaniryudh\Desktop\Learn\testing_evals\test\aapp_competition_test\3861\3861_gen_0.sv,xiaomi/mimo-v2-flash:free,stop,,gen-1769024095-8cKAIH7963TeVALiFSLa
66,human_eval_test,0,4678,847,0,C:\Users\durgamaniryudh\Desktop\Learn\testing_evals\test\human_eval_test\66\66_gen_0.sv,xiaomi/mimo-v2-flash:free,stop,,gen-1769024105-LJ1e4wyt8XfKfgYTaXvu
3957,aapp_competition_test,0,5210,1454,0,C:\Users\durgamaniryudh\Desktop\Learn\testing_evals\test\aapp_competition_test\3957\3957_gen_0.sv,xiaomi/mimo-v2-flash:free,stop,,gen-1769024101-6zQtUNjh7chTOBjojHHN
720,mbpp_train,0,4358,855,0,C:\Users\durgamaniryudh\Desktop\Learn\testing_evals\test\mbpp_train\720\720_gen_0.sv,xiaomi/mimo-v2-flash:free,stop,,gen-1769024105-LGpMpF84X7TNHxx8sitV
415,mbpp_test,0,4812,1078,0,C:\Users\durgamaniryudh\Desktop\Learn\testing_evals\test\mbpp_test\415\415_gen_0.sv,xiaomi/mimo-v2-flash:free,stop,,gen-1769024107-TNB7nXZ4iUcSLz5np6n9
3368,aapp_competition_test,0,4451,4720,0,C:\Users\durgamaniryudh\Desktop\Learn\testing_evals\test\aapp_competition_test\3368\3368_gen_0.sv,xiaomi/mimo-v2-flash:free,stop,,gen-1769024078-rpJexE18JDKvYt4Zq8eX
55,human_eval_test,0,4411,1131,0,C:\Users\durgamaniryudh\Desktop\Learn\testing_evals\test\human_eval_test\55\55_gen_0.sv,xiaomi/mimo-v2-flash:free,stop,,gen-1769024105-iGsP8mTdBd5wblKUV8aa
162,human_eval_test,0,4741,1025,0,C:\Users\durgamaniryudh\Desktop\Learn\testing_evals\test\human_eval_test\162\162_gen_0.sv,xiaomi/mimo-v2-flash:free,stop,,gen-1769024113-pGKvYEETUyrBUmHQkQKi
310,mbpp_test,0,4406,1106,0,C:\Users\durgamaniryudh\Desktop\Learn\testing_evals\test\mbpp_test\310\310_gen_0.sv,xiaomi/mimo-v2-flash:free,stop,,gen-1769024113-gnyenUzt0X3DKYnRKIEN
70,human_eval_test,0,4470,1270,0,C:\Users\durgamaniryudh\Desktop\Learn\testing_evals\test\human_eval_test\70\70_gen_0.sv,xiaomi/mimo-v2-flash:free,stop,,gen-1769024114-20lF8flhRQn79lBcupsN
3796,aapp_competition_test,0,5495,1873,0,C:\Users\durgamaniryudh\Desktop\Learn\testing_evals\test\aapp_competition_test\3796\3796_gen_0.sv,xiaomi/mimo-v2-flash:free,stop,,gen-1769024113-ScwUrpecjh1yvOxsWFdk
3855,aapp_competition_test,0,4134,267,0,C:\Users\durgamaniryudh\Desktop\Learn\testing_evals\test\aapp_competition_test\3855\3855_gen_0.sv,xiaomi/mimo-v2-flash:free,stop,,gen-1769024127-Ih9EOikGm5nU0tTMooIt
3596,aapp_competition_test,0,4116,985,0,C:\Users\durgamaniryudh\Desktop\Learn\testing_evals\test\aapp_competition_test\3596\3596_gen_0.sv,xiaomi/mimo-v2-flash:free,stop,,gen-1769024124-nGSXqccVhqb9RMoVp0su
3486,aapp_competition_test,0,4855,2054,0,C:\Users\durgamaniryudh\Desktop\Learn\testing_evals\test\aapp_competition_test\3486\3486_gen_0.sv,xiaomi/mimo-v2-flash:free,stop,,gen-1769024124-Z9x3dSI7pyl1dvQ5z5mN
3650,aapp_competition_test,0,4999,2274,0,C:\Users\durgamaniryudh\Desktop\Learn\testing_evals\test\aapp_competition_test\3650\3650_gen_0.sv,xiaomi/mimo-v2-flash:free,stop,,gen-1769024126-zSe4L5UOvheTR6kLVsFV
3958,aapp_competition_test,0,5026,1505,0,C:\Users\durgamaniryudh\Desktop\Learn\testing_evals\test\aapp_competition_test\3958\3958_gen_0.sv,xiaomi/mimo-v2-flash:free,stop,,gen-1769024135-DShLZlSrddrTabWhMqld
3931,aapp_competition_test,0,5418,1784,0,C:\Users\durgamaniryudh\Desktop\Learn\testing_evals\test\aapp_competition_test\3931\3931_gen_0.sv,xiaomi/mimo-v2-flash:free,stop,,gen-1769024134-gxcAuYqBlktrcAM8uVCj
150,human_eval_test,0,4121,927,0,C:\Users\durgamaniryudh\Desktop\Learn\testing_evals\test\human_eval_test\150\150_gen_0.sv,xiaomi/mimo-v2-flash:free,stop,,gen-1769024141-mafnegMuX7VcSN0cAmnu
471,mbpp_test,0,4669,1114,0,C:\Users\durgamaniryudh\Desktop\Learn\testing_evals\test\mbpp_test\471\471_gen_0.sv,xiaomi/mimo-v2-flash:free,stop,,gen-1769024145-nhxnGzhzrsk4VNHsIQCa
61,human_eval_test,0,4222,790,0,C:\Users\durgamaniryudh\Desktop\Learn\testing_evals\test\human_eval_test\61\61_gen_0.sv,xiaomi/mimo-v2-flash:free,stop,,gen-1769024151-FZEAC9zS859dcPzJDmXK
3212,aapp_competition_test,0,6007,5842,0,C:\Users\durgamaniryudh\Desktop\Learn\testing_evals\test\aapp_competition_test\3212\3212_gen_0.sv,xiaomi/mimo-v2-flash:free,stop,,gen-1769024116-ARwdLZrsdxDPZyUOkCzD
3218,aapp_competition_test,0,4393,627,0,C:\Users\durgamaniryudh\Desktop\Learn\testing_evals\test\aapp_competition_test\3218\3218_gen_0.sv,xiaomi/mimo-v2-flash:free,stop,,gen-1769024156-AgA5B2JIOdMpoO91WFFh
3786,aapp_competition_test,0,4634,1316,0,C:\Users\durgamaniryudh\Desktop\Learn\testing_evals\test\aapp_competition_test\3786\3786_gen_0.sv,xiaomi/mimo-v2-flash:free,stop,,gen-1769024149-5UANb59RyYX9HZES7z3P
463,mbpp_test,0,5206,1984,0,C:\Users\durgamaniryudh\Desktop\Learn\testing_evals\test\mbpp_test\463\463_gen_0.sv,xiaomi/mimo-v2-flash:free,stop,,gen-1769024148-Qs1pvCXUZMkwrtm2QhV8
3655,aapp_competition_test,0,4207,410,0,C:\Users\durgamaniryudh\Desktop\Learn\testing_evals\test\aapp_competition_test\3655\3655_gen_0.sv,xiaomi/mimo-v2-flash:free,stop,,gen-1769024165-VjzPP4qt4JzWTAvGMvBM
3600,aapp_competition_test,0,4228,615,0,C:\Users\durgamaniryudh\Desktop\Learn\testing_evals\test\aapp_competition_test\3600\3600_gen_0.sv,xiaomi/mimo-v2-flash:free,stop,,gen-1769024163-V99Ou39szRCRVI9irK6X
3217,aapp_competition_test,0,5493,10433,0,C:\Users\durgamaniryudh\Desktop\Learn\testing_evals\test\aapp_competition_test\3217\3217_gen_0.sv,xiaomi/mimo-v2-flash:free,stop,,gen-1769024076-qDu5OzJP5ihglKq61zCt
3856,aapp_competition_test,0,5188,1513,0,C:\Users\durgamaniryudh\Desktop\Learn\testing_evals\test\aapp_competition_test\3856\3856_gen_0.sv,xiaomi/mimo-v2-flash:free,stop,,gen-1769024170-teasmUWnVHJYhheHChBt
3414,aapp_competition_test,0,4150,2969,0,C:\Users\durgamaniryudh\Desktop\Learn\testing_evals\test\aapp_competition_test\3414\3414_gen_0.sv,xiaomi/mimo-v2-flash:free,stop,,gen-1769024161-TlidTL9Ztd3Fa4neiqfW
3502,aapp_competition_test,0,5994,3053,0,C:\Users\durgamaniryudh\Desktop\Learn\testing_evals\test\aapp_competition_test\3502\3502_gen_0.sv,xiaomi/mimo-v2-flash:free,stop,,gen-1769024163-M57cchdI5Fze2IwXXXyR
3809,aapp_competition_test,0,6036,2444,0,C:\Users\durgamaniryudh\Desktop\Learn\testing_evals\test\aapp_competition_test\3809\3809_gen_0.sv,xiaomi/mimo-v2-flash:free,stop,,gen-1769024170-bhpLmDB7pLPhAON8mR4N
3959,aapp_competition_test,0,5178,1435,0,C:\Users\durgamaniryudh\Desktop\Learn\testing_evals\test\aapp_competition_test\3959\3959_gen_0.sv,xiaomi/mimo-v2-flash:free,stop,,gen-1769024180-ZL5NVSRdGMeskO4Haa2c
3360,aapp_competition_test,0,5805,4759,0,C:\Users\durgamaniryudh\Desktop\Learn\testing_evals\test\aapp_competition_test\3360\3360_gen_0.sv,xiaomi/mimo-v2-flash:free,stop,,gen-1769024159-PQvQ1fMLq166Mfmo2Zok
107,human_eval_test,0,4488,1541,0,C:\Users\durgamaniryudh\Desktop\Learn\testing_evals\test\human_eval_test\107\107_gen_0.sv,xiaomi/mimo-v2-flash:free,stop,,gen-1769024182-dCCq2jG3HUZVE7RZ2ifc
418,mbpp_test,0,4798,1070,0,C:\Users\durgamaniryudh\Desktop\Learn\testing_evals\test\mbpp_test\418\418_gen_0.sv,xiaomi/mimo-v2-flash:free,stop,,gen-1769024188-uQKQzjEYEQMGfqlAsHQU
45,human_eval_test,0,4378,29104,0,C:\Users\durgamaniryudh\Desktop\Learn\testing_evals\test\human_eval_test\45\45_gen_0.sv,xiaomi/mimo-v2-flash:free,stop,,gen-1769023957-URA5wpa8ddQi8eIW9BvN
479,mbpp_test,0,4395,632,0,C:\Users\durgamaniryudh\Desktop\Learn\testing_evals\test\mbpp_test\479\479_gen_0.sv,xiaomi/mimo-v2-flash:free,stop,,gen-1769024191-wLjGYNXudTtJzYabxhRh
596,mbpp_validation,0,4408,952,0,C:\Users\durgamaniryudh\Desktop\Learn\testing_evals\test\mbpp_validation\596\596_gen_0.sv,xiaomi/mimo-v2-flash:free,stop,,gen-1769024189-D4fs4sIibF4PF0eaKgGU
3225,aapp_competition_test,0,5128,1353,0,C:\Users\durgamaniryudh\Desktop\Learn\testing_evals\test\aapp_competition_test\3225\3225_gen_0.sv,xiaomi/mimo-v2-flash:free,stop,,gen-1769024193-NIwLl26Gu7RkzB2IghZv
3866,aapp_competition_test,0,4894,949,0,C:\Users\durgamaniryudh\Desktop\Learn\testing_evals\test\aapp_competition_test\3866\3866_gen_0.sv,xiaomi/mimo-v2-flash:free,stop,,gen-1769024199-vexudCoZfuJUXYbDwZzg
3372,aapp_competition_test,0,5053,1838,0,C:\Users\durgamaniryudh\Desktop\Learn\testing_evals\test\aapp_competition_test\3372\3372_gen_0.sv,xiaomi/mimo-v2-flash:free,stop,,gen-1769024196-aueIkoGZYVrwuVXsVGwx
3508,aapp_competition_test,0,5151,1805,0,C:\Users\durgamaniryudh\Desktop\Learn\testing_evals\test\aapp_competition_test\3508\3508_gen_0.sv,xiaomi/mimo-v2-flash:free,stop,,gen-1769024197-YJD7dwdQWQSv4rGCnHVH
3961,aapp_competition_test,0,4654,1258,0,C:\Users\durgamaniryudh\Desktop\Learn\testing_evals\test\aapp_competition_test\3961\3961_gen_0.sv,xiaomi/mimo-v2-flash:free,stop,,gen-1769024208-pWB1mS19ADYBYEApnBge
76,human_eval_test,0,4462,949,0,C:\Users\durgamaniryudh\Desktop\Learn\testing_evals\test\human_eval_test\76\76_gen_0.sv,xiaomi/mimo-v2-flash:free,stop,,gen-1769024211-HU6kPy5I52ePJ9psBYK3
63,human_eval_test,0,4219,810,0,C:\Users\durgamaniryudh\Desktop\Learn\testing_evals\test\human_eval_test\63\63_gen_0.sv,xiaomi/mimo-v2-flash:free,stop,,gen-1769024213-h2yMtIK8IF9Zn2Z37cC7
3598,aapp_competition_test,0,7215,2959,0,C:\Users\durgamaniryudh\Desktop\Learn\testing_evals\test\aapp_competition_test\3598\3598_gen_0.sv,xiaomi/mimo-v2-flash:free,stop,,gen-1769024198-MvXc96mlrqLcZFlqs6dn
3367,aapp_competition_test,0,4696,10796,0,C:\Users\durgamaniryudh\Desktop\Learn\testing_evals\test\aapp_competition_test\3367\3367_gen_0.sv,xiaomi/mimo-v2-flash:free,stop,,gen-1769024117-KSaRlfLkG0hlkAHyDoPp
3651,aapp_competition_test,0,4434,3304,0,C:\Users\durgamaniryudh\Desktop\Learn\testing_evals\test\aapp_competition_test\3651\3651_gen_0.sv,xiaomi/mimo-v2-flash:free,stop,,gen-1769024198-oxN1uqAFNMssJhV3RjBp
108,human_eval_test,0,4319,2126,0,C:\Users\durgamaniryudh\Desktop\Learn\testing_evals\test\human_eval_test\108\108_gen_0.sv,xiaomi/mimo-v2-flash:free,stop,,gen-1769024208-vhhins59xMkZktW9AFUd
77,human_eval_test,0,4034,158,0,C:\Users\durgamaniryudh\Desktop\Learn\testing_evals\test\human_eval_test\77\77_gen_0.sv,xiaomi/mimo-v2-flash:free,stop,,gen-1769024226-74YHdGENwvEZOKCBPSqR
617,mbpp_train,0,4306,1304,0,C:\Users\durgamaniryudh\Desktop\Learn\testing_evals\test\mbpp_train\617\617_gen_0.sv,xiaomi/mimo-v2-flash:free,stop,,gen-1769024221-DyTPqyBKpojzIGrBfePG
111,mbpp_test,0,5218,1734,0,C:\Users\durgamaniryudh\Desktop\Learn\testing_evals\test\mbpp_test\111\111_gen_0.sv,xiaomi/mimo-v2-flash:free,stop,,gen-1769024220-XgxccfzfX1PpMCPaWysz
128,mbpp_test,0,4868,2032,0,C:\Users\durgamaniryudh\Desktop\Learn\testing_evals\test\mbpp_test\128\128_gen_0.sv,xiaomi/mimo-v2-flash:free,stop,,gen-1769024224-tyDfF7XYwDimx5M32NG7
3503,aapp_competition_test,0,5014,1327,0,C:\Users\durgamaniryudh\Desktop\Learn\testing_evals\test\aapp_competition_test\3503\3503_gen_0.sv,xiaomi/mimo-v2-flash:free,stop,,gen-1769024235-x9LAxn156sKoe1D1fiJv
3363,aapp_competition_test,0,5252,2238,0,C:\Users\durgamaniryudh\Desktop\Learn\testing_evals\test\aapp_competition_test\3363\3363_gen_0.sv,xiaomi/mimo-v2-flash:free,stop,,gen-1769024229-6K36HZ7ELaYeg6ha0ePT
3837,aapp_competition_test,0,5673,2244,0,C:\Users\durgamaniryudh\Desktop\Learn\testing_evals\test\aapp_competition_test\3837\3837_gen_0.sv,xiaomi/mimo-v2-flash:free,stop,,gen-1769024226-J4Of3ZfMP169OW7cS3rl
3221,aapp_competition_test,0,4712,2916,0,C:\Users\durgamaniryudh\Desktop\Learn\testing_evals\test\aapp_competition_test\3221\3221_gen_0.sv,xiaomi/mimo-v2-flash:free,stop,,gen-1769024228-OUxt0pC7f65oXk7pQUvZ
3960,aapp_competition_test,0,4445,650,0,C:\Users\durgamaniryudh\Desktop\Learn\testing_evals\test\aapp_competition_test\3960\3960_gen_0.sv,xiaomi/mimo-v2-flash:free,stop,,gen-1769024248-pYUWjwujQFFB1YquYNjF
3409,aapp_competition_test,0,4301,2526,0,C:\Users\durgamaniryudh\Desktop\Learn\testing_evals\test\aapp_competition_test\3409\3409_gen_0.sv,xiaomi/mimo-v2-flash:free,stop,,gen-1769024234-nxV4RzItWZAGTZRhHZJH
112,human_eval_test,0,4601,1346,0,C:\Users\durgamaniryudh\Desktop\Learn\testing_evals\test\human_eval_test\112\112_gen_0.sv,xiaomi/mimo-v2-flash:free,stop,,gen-1769024255-5UFcYFyM8hLIEXtFjEE3
3858,aapp_competition_test,0,4057,2500,0,C:\Users\durgamaniryudh\Desktop\Learn\testing_evals\test\aapp_competition_test\3858\3858_gen_0.sv,xiaomi/mimo-v2-flash:free,stop,,gen-1769024248-KEYzCb2OrLwghMhIJc6Q
4,human_eval_test,0,4462,1831,0,C:\Users\durgamaniryudh\Desktop\Learn\testing_evals\test\human_eval_test\4\4_gen_0.sv,xiaomi/mimo-v2-flash:free,stop,,gen-1769024253-nzEZQB3mt3muIwK69bq6
3653,aapp_competition_test,0,5317,2902,0,C:\Users\durgamaniryudh\Desktop\Learn\testing_evals\test\aapp_competition_test\3653\3653_gen_0.sv,xiaomi/mimo-v2-flash:free,stop,,gen-1769024246-XQoPtKoaWrNbVfk9SXOs
592,mbpp_validation,0,4098,206,0,C:\Users\durgamaniryudh\Desktop\Learn\testing_evals\test\mbpp_validation\592\592_gen_0.sv,xiaomi/mimo-v2-flash:free,stop,,gen-1769024270-Ar9V03qHs1U3MChZ1GE1
3593,aapp_competition_test,0,8333,4545,0,C:\Users\durgamaniryudh\Desktop\Learn\testing_evals\test\aapp_competition_test\3593\3593_gen_0.sv,xiaomi/mimo-v2-flash:free,stop,,gen-1769024240-u4LYEH1WfAISyLsjCluP
3490,aapp_competition_test,0,4316,504,0,C:\Users\durgamaniryudh\Desktop\Learn\testing_evals\test\aapp_competition_test\3490\3490_gen_0.sv,xiaomi/mimo-v2-flash:free,stop,,gen-1769024274-1W3c5pKnSORjjoyiQ4Nu
308,mbpp_test,0,7160,3626,0,C:\Users\durgamaniryudh\Desktop\Learn\testing_evals\test\mbpp_test\308\308_gen_0.sv,xiaomi/mimo-v2-flash:free,stop,,gen-1769024256-hcplrwDKUCjcNGYV2Z50
3215,aapp_competition_test,0,5074,1784,0,C:\Users\durgamaniryudh\Desktop\Learn\testing_evals\test\aapp_competition_test\3215\3215_gen_0.sv,xiaomi/mimo-v2-flash:free,stop,,gen-1769024270-rANzjzbleL2QfuS1Vlhk
3413,aapp_competition_test,0,5889,2216,0,C:\Users\durgamaniryudh\Desktop\Learn\testing_evals\test\aapp_competition_test\3413\3413_gen_0.sv,xiaomi/mimo-v2-flash:free,stop,,gen-1769024273-eLwRFFtUoA289jQeRC3f
3374,aapp_competition_test,0,5397,2461,0,C:\Users\durgamaniryudh\Desktop\Learn\testing_evals\test\aapp_competition_test\3374\3374_gen_0.sv,xiaomi/mimo-v2-flash:free,stop,,gen-1769024273-mdcUfQrdQ3PJcQZfZT6u
3652,aapp_competition_test,0,4926,1482,0,C:\Users\durgamaniryudh\Desktop\Learn\testing_evals\test\aapp_competition_test\3652\3652_gen_0.sv,xiaomi/mimo-v2-flash:free,stop,,gen-1769024284-iFxRLDt4BF3Gt1OZvQoc
163,mbpp_test,0,4943,8476,0,C:\Users\durgamaniryudh\Desktop\Learn\testing_evals\test\mbpp_test\163\163_gen_0.sv,xiaomi/mimo-v2-flash:free,stop,,gen-1769024220-Xsu0kk9lHwmDgwiUnx2t
3602,aapp_competition_test,0,5482,3063,0,C:\Users\durgamaniryudh\Desktop\Learn\testing_evals\test\aapp_competition_test\3602\3602_gen_0.sv,xiaomi/mimo-v2-flash:free,stop,,gen-1769024279-JEIyyyebL0aA5131qwQO
98,human_eval_test,0,4246,808,0,C:\Users\durgamaniryudh\Desktop\Learn\testing_evals\test\human_eval_test\98\98_gen_0.sv,xiaomi/mimo-v2-flash:free,stop,,gen-1769024296-memJID70bfJbnkXCa0Xe
3966,aapp_competition_test,0,4437,1281,0,C:\Users\durgamaniryudh\Desktop\Learn\testing_evals\test\aapp_competition_test\3966\3966_gen_0.sv,xiaomi/mimo-v2-flash:free,stop,,gen-1769024293-XIGxKc6XnNxfbkEIsTWw
790,mbpp_train,0,4298,903,0,C:\Users\durgamaniryudh\Desktop\Learn\testing_evals\test\mbpp_train\790\790_gen_0.sv,xiaomi/mimo-v2-flash:free,stop,,gen-1769024298-w2VYAMRlCEIll153aaz2
3868,aapp_competition_test,0,5776,2887,0,C:\Users\durgamaniryudh\Desktop\Learn\testing_evals\test\aapp_competition_test\3868\3868_gen_0.sv,xiaomi/mimo-v2-flash:free,stop,,gen-1769024284-9Cc5VnhMb02JRIsdpovk
454,mbpp_test,0,4272,442,0,C:\Users\durgamaniryudh\Desktop\Learn\testing_evals\test\mbpp_test\454\454_gen_0.sv,xiaomi/mimo-v2-flash:free,stop,,gen-1769024304-z9GQB3FYWHx6fm5E9SZR
460,mbpp_test,0,4662,972,0,C:\Users\durgamaniryudh\Desktop\Learn\testing_evals\test\mbpp_test\460\460_gen_0.sv,xiaomi/mimo-v2-flash:free,stop,,gen-1769024303-0D3sOVuwlMPv5C1S5i7r
129,human_eval_test,0,4800,3238,0,C:\Users\durgamaniryudh\Desktop\Learn\testing_evals\test\human_eval_test\129\129_gen_0.sv,xiaomi/mimo-v2-flash:free,stop,,gen-1769024294-6WXxdZWHZXiUP83Ivr3k
3795,aapp_competition_test,0,4567,1752,0,C:\Users\durgamaniryudh\Desktop\Learn\testing_evals\test\aapp_competition_test\3795\3795_gen_0.sv,xiaomi/mimo-v2-flash:free,stop,,gen-1769024304-3K8riKv5E0kRCa0KpWT1
10,human_eval_test,0,4443,1840,0,C:\Users\durgamaniryudh\Desktop\Learn\testing_evals\test\human_eval_test\10\10_gen_0.sv,xiaomi/mimo-v2-flash:free,stop,,gen-1769024306-aMMwzlqEOaqIzEFum8S4
3513,aapp_competition_test,0,4232,491,0,C:\Users\durgamaniryudh\Desktop\Learn\testing_evals\test\aapp_competition_test\3513\3513_gen_0.sv,xiaomi/mimo-v2-flash:free,stop,,gen-1769024321-babqfGq6Vktdc6RQcVKo
3370,aapp_competition_test,0,4842,1387,0,C:\Users\durgamaniryudh\Desktop\Learn\testing_evals\test\aapp_competition_test\3370\3370_gen_0.sv,xiaomi/mimo-v2-flash:free,stop,,gen-1769024309-YtPH8S0aVgmcKaq7M9Kx
3411,aapp_competition_test,0,4350,2566,0,C:\Users\durgamaniryudh\Desktop\Learn\testing_evals\test\aapp_competition_test\3411\3411_gen_0.sv,xiaomi/mimo-v2-flash:free,stop,,gen-1769024313-PZ5bveARxCP40GZVuiNX
3962,aapp_competition_test,0,4759,1182,0,C:\Users\durgamaniryudh\Desktop\Learn\testing_evals\test\aapp_competition_test\3962\3962_gen_0.sv,xiaomi/mimo-v2-flash:free,stop,,gen-1769024327-h4xbdNZDrpFo812PEvBV
3647,aapp_competition_test,0,5514,1924,0,C:\Users\durgamaniryudh\Desktop\Learn\testing_evals\test\aapp_competition_test\3647\3647_gen_0.sv,xiaomi/mimo-v2-flash:free,stop,,gen-1769024325-xw2J5e4vz6STyVYo5hmW
3347,aapp_competition_test,0,4437,65536,0,C:\Users\durgamaniryudh\Desktop\Learn\testing_evals\test\aapp_competition_test\3347\3347_gen_0.sv,xiaomi/mimo-v2-flash:free,length,,gen-1769023773-Mnsg31UdJT9vNfmUkrN5
3863,aapp_competition_test,0,5306,1678,0,C:\Users\durgamaniryudh\Desktop\Learn\testing_evals\test\aapp_competition_test\3863\3863_gen_0.sv,xiaomi/mimo-v2-flash:free,stop,,gen-1769024327-toh2T9rA1jcnHlMhjrvl
3601,aapp_competition_test,0,5342,2204,0,C:\Users\durgamaniryudh\Desktop\Learn\testing_evals\test\aapp_competition_test\3601\3601_gen_0.sv,xiaomi/mimo-v2-flash:free,stop,,gen-1769024324-5stLTil6YDAIxaaIkMFV
273,mbpp_test,0,4126,304,0,C:\Users\durgamaniryudh\Desktop\Learn\testing_evals\test\mbpp_test\273\273_gen_0.sv,xiaomi/mimo-v2-flash:free,stop,,gen-1769024342-hSccNv59pyKZwYMNbmNn
88,human_eval_test,0,4317,1583,0,C:\Users\durgamaniryudh\Desktop\Learn\testing_evals\test\human_eval_test\88\88_gen_0.sv,xiaomi/mimo-v2-flash:free,stop,,gen-1769024338-om3zNotKZXo09jX844ro
19,human_eval_test,0,4392,1221,0,C:\Users\durgamaniryudh\Desktop\Learn\testing_evals\test\human_eval_test\19\19_gen_0.sv,xiaomi/mimo-v2-flash:free,stop,,gen-1769024344-hXtC8SoeC3z3IjMUH1Fw
3418,aapp_competition_test,0,4167,253,0,C:\Users\durgamaniryudh\Desktop\Learn\testing_evals\test\aapp_competition_test\3418\3418_gen_0.sv,xiaomi/mimo-v2-flash:free,stop,,gen-1769024356-s3VtzWeU85Mpk8Jm8oBc
3223,aapp_competition_test,0,5055,1820,0,C:\Users\durgamaniryudh\Desktop\Learn\testing_evals\test\aapp_competition_test\3223\3223_gen_0.sv,xiaomi/mimo-v2-flash:free,stop,,gen-1769024346-oi4Nkd2AGGtU8h6oZDap
3794,aapp_competition_test,0,5233,2568,0,C:\Users\durgamaniryudh\Desktop\Learn\testing_evals\test\aapp_competition_test\3794\3794_gen_0.sv,xiaomi/mimo-v2-flash:free,stop,,gen-1769024341-VIu6ErW6Ag0qtaB9XuSD
91,mbpp_test,0,4503,2826,0,C:\Users\durgamaniryudh\Desktop\Learn\testing_evals\test\mbpp_test\91\91_gen_0.sv,xiaomi/mimo-v2-flash:free,stop,,gen-1769024341-Qsob2j0tuoe9DsTwTwOB
3358,aapp_competition_test,0,4334,1426,0,C:\Users\durgamaniryudh\Desktop\Learn\testing_evals\test\aapp_competition_test\3358\3358_gen_0.sv,xiaomi/mimo-v2-flash:free,stop,,gen-1769024355-H1DZWKG6m1oGnaD88XCT
3825,aapp_competition_test,0,4071,318,0,C:\Users\durgamaniryudh\Desktop\Learn\testing_evals\test\aapp_competition_test\3825\3825_gen_0.sv,xiaomi/mimo-v2-flash:free,stop,,gen-1769024367-qJdD0bHbEl6tWdbi7Ixr
3605,aapp_competition_test,0,4918,1177,0,C:\Users\durgamaniryudh\Desktop\Learn\testing_evals\test\aapp_competition_test\3605\3605_gen_0.sv,xiaomi/mimo-v2-flash:free,stop,,gen-1769024362-yYnd2NLKpwGMiFToMq7t
25,human_eval_test,0,4240,1095,0,C:\Users\durgamaniryudh\Desktop\Learn\testing_evals\test\human_eval_test\25\25_gen_0.sv,xiaomi/mimo-v2-flash:free,stop,,gen-1769024371-4f8p5ZUwaMIhWSYo3Ok9
3964,aapp_competition_test,0,5828,2169,0,C:\Users\durgamaniryudh\Desktop\Learn\testing_evals\test\aapp_competition_test\3964\3964_gen_0.sv,xiaomi/mimo-v2-flash:free,stop,,gen-1769024371-U3bKZ3IPORUhJtlZNhTp
3645,aapp_competition_test,0,4216,2909,0,C:\Users\durgamaniryudh\Desktop\Learn\testing_evals\test\aapp_competition_test\3645\3645_gen_0.sv,xiaomi/mimo-v2-flash:free,stop,,gen-1769024364-eyUsr5uC97X8GdSXAV0J
3870,aapp_competition_test,0,6302,3021,0,C:\Users\durgamaniryudh\Desktop\Learn\testing_evals\test\aapp_competition_test\3870\3870_gen_0.sv,xiaomi/mimo-v2-flash:free,stop,,gen-1769024368-TOeFhmEYzyEuhNca6D9U
32,human_eval_test,0,4490,1463,0,C:\Users\durgamaniryudh\Desktop\Learn\testing_evals\test\human_eval_test\32\32_gen_0.sv,xiaomi/mimo-v2-flash:free,stop,,gen-1769024383-fPmbZsiOAqkil0z3Fh1n
3932,aapp_competition_test,0,5129,6584,0,C:\Users\durgamaniryudh\Desktop\Learn\testing_evals\test\aapp_competition_test\3932\3932_gen_0.sv,xiaomi/mimo-v2-flash:free,stop,,gen-1769024337-JqEKg552lXX5bIaNtVLd
3226,aapp_competition_test,0,4699,9464,0,C:\Users\durgamaniryudh\Desktop\Learn\testing_evals\test\aapp_competition_test\3226\3226_gen_0.sv,xiaomi/mimo-v2-flash:free,stop,,gen-1769024308-a5vim1qDvEslQOr9SIZP
282,mbpp_test,0,4553,762,0,C:\Users\durgamaniryudh\Desktop\Learn\testing_evals\test\mbpp_test\282\282_gen_0.sv,xiaomi/mimo-v2-flash:free,stop,,gen-1769024390-YHnowK1fUP0eu7k7YfR8
604,mbpp_train,0,4006,1592,0,C:\Users\durgamaniryudh\Desktop\Learn\testing_evals\test\mbpp_train\604\604_gen_0.sv,xiaomi/mimo-v2-flash:free,stop,,gen-1769024389-6s6zCLIZ0OcsBVhnv4vM
3224,aapp_competition_test,0,4852,1077,0,C:\Users\durgamaniryudh\Desktop\Learn\testing_evals\test\aapp_competition_test\3224\3224_gen_0.sv,xiaomi/mimo-v2-flash:free,stop,,gen-1769024397-46M6R1RnZLSPXD4DL2iK
3904,aapp_competition_test,0,4658,1234,0,C:\Users\durgamaniryudh\Desktop\Learn\testing_evals\test\aapp_competition_test\3904\3904_gen_0.sv,xiaomi/mimo-v2-flash:free,stop,,gen-1769024396-M2j3NUt02VGYCpDL7ltN
411,mbpp_test,0,4973,1849,0,C:\Users\durgamaniryudh\Desktop\Learn\testing_evals\test\mbpp_test\411\411_gen_0.sv,xiaomi/mimo-v2-flash:free,stop,,gen-1769024393-RJIkuMXn2IxN8oAPQ4qc
3510,aapp_competition_test,0,5224,1450,0,C:\Users\durgamaniryudh\Desktop\Learn\testing_evals\test\aapp_competition_test\3510\3510_gen_0.sv,xiaomi/mimo-v2-flash:free,stop,,gen-1769024403-ufPcjo0DoZ6RSfK9h7hu
3373,aapp_competition_test,0,5614,1938,0,C:\Users\durgamaniryudh\Desktop\Learn\testing_evals\test\aapp_competition_test\3373\3373_gen_0.sv,xiaomi/mimo-v2-flash:free,stop,,gen-1769024401-AUr4umQZXY6GaLyBGm9r
3603,aapp_competition_test,0,5272,1743,0,C:\Users\durgamaniryudh\Desktop\Learn\testing_evals\test\aapp_competition_test\3603\3603_gen_0.sv,xiaomi/mimo-v2-flash:free,stop,,gen-1769024406-M6QY51218CIHbmfJENYe
3511,aapp_competition_test,0,5296,7848,0,C:\Users\durgamaniryudh\Desktop\Learn\testing_evals\test\aapp_competition_test\3511\3511_gen_0.sv,xiaomi/mimo-v2-flash:free,stop,,gen-1769024359-JE2KjyCM5TrjHi5W7k09
3420,aapp_competition_test,0,4497,2241,0,C:\Users\durgamaniryudh\Desktop\Learn\testing_evals\test\aapp_competition_test\3420\3420_gen_0.sv,xiaomi/mimo-v2-flash:free,stop,,gen-1769024401-ipHnv3uV4QAqLCkmjJcD
3649,aapp_competition_test,0,4602,1784,0,C:\Users\durgamaniryudh\Desktop\Learn\testing_evals\test\aapp_competition_test\3649\3649_gen_0.sv,xiaomi/mimo-v2-flash:free,stop,,gen-1769024408-CX1lP9UrTqAjZnazyt9R
3873,aapp_competition_test,0,5380,1855,0,C:\Users\durgamaniryudh\Desktop\Learn\testing_evals\test\aapp_competition_test\3873\3873_gen_0.sv,xiaomi/mimo-v2-flash:free,stop,,gen-1769024408-gwHcER05z8AEJ1Q3t5xD
3972,aapp_competition_test,0,4271,581,0,C:\Users\durgamaniryudh\Desktop\Learn\testing_evals\test\aapp_competition_test\3972\3972_gen_0.sv,xiaomi/mimo-v2-flash:free,stop,,gen-1769024415-K4g37UvhPhvVBj9ww7Ld
109,human_eval_test,0,4188,659,0,C:\Users\durgamaniryudh\Desktop\Learn\testing_evals\test\human_eval_test\109\109_gen_0.sv,xiaomi/mimo-v2-flash:free,stop,,gen-1769024417-SJlppNCxmgUMgUsXezIh
801,mbpp_train,0,4190,368,0,C:\Users\durgamaniryudh\Desktop\Learn\testing_evals\test\mbpp_train\801\801_gen_0.sv,xiaomi/mimo-v2-flash:free,stop,,gen-1769024423-eB86etvFlj7d4QBoMlGB
119,mbpp_test,0,4453,660,0,C:\Users\durgamaniryudh\Desktop\Learn\testing_evals\test\mbpp_test\119\119_gen_0.sv,xiaomi/mimo-v2-flash:free,stop,,gen-1769024423-FlZMY69gW0ZEZHl2O2br
113,mbpp_test,0,4481,684,0,C:\Users\durgamaniryudh\Desktop\Learn\testing_evals\test\mbpp_test\113\113_gen_0.sv,xiaomi/mimo-v2-flash:free,stop,,gen-1769024421-p9yxaV2VmNBAhCj9CNNF
781,mbpp_train,0,4802,878,0,C:\Users\durgamaniryudh\Desktop\Learn\testing_evals\test\mbpp_train\781\781_gen_0.sv,xiaomi/mimo-v2-flash:free,stop,,gen-1769024424-8qiyJqEnZlSl1RfKHQq7
39,human_eval_test,0,4438,1199,0,C:\Users\durgamaniryudh\Desktop\Learn\testing_evals\test\human_eval_test\39\39_gen_0.sv,xiaomi/mimo-v2-flash:free,stop,,gen-1769024421-nfhc0MLJyy2MMYQ2Di2F
784,mbpp_train,0,4899,1255,0,C:\Users\durgamaniryudh\Desktop\Learn\testing_evals\test\mbpp_train\784\784_gen_0.sv,xiaomi/mimo-v2-flash:free,stop,,gen-1769024424-MJXYgNbZDqpzHKUmiHS7
160,human_eval_test,0,4621,2514,0,C:\Users\durgamaniryudh\Desktop\Learn\testing_evals\test\human_eval_test\160\160_gen_0.sv,xiaomi/mimo-v2-flash:free,stop,,gen-1769024420-fcWTuyQpe5OvfqqvLrsh
435,mbpp_test,0,5770,1965,0,C:\Users\durgamaniryudh\Desktop\Learn\testing_evals\test\mbpp_test\435\435_gen_0.sv,xiaomi/mimo-v2-flash:free,stop,,gen-1769024428-7l94XsJSNySBSq16NKaO
3515,aapp_competition_test,0,4424,780,0,C:\Users\durgamaniryudh\Desktop\Learn\testing_evals\test\aapp_competition_test\3515\3515_gen_0.sv,xiaomi/mimo-v2-flash:free,stop,,gen-1769024442-ZMcBqIDlYpTReZASa0ru
3842,aapp_competition_test,0,6008,2227,0,C:\Users\durgamaniryudh\Desktop\Learn\testing_evals\test\aapp_competition_test\3842\3842_gen_0.sv,xiaomi/mimo-v2-flash:free,stop,,gen-1769024430-tsjIbGZPfM4s0xWuB2su
3415,aapp_competition_test,0,5501,2630,0,C:\Users\durgamaniryudh\Desktop\Learn\testing_evals\test\aapp_competition_test\3415\3415_gen_0.sv,xiaomi/mimo-v2-flash:free,stop,,gen-1769024433-J3aWRSvWV5tXuHIOhCfH
3369,aapp_competition_test,0,5593,3178,0,C:\Users\durgamaniryudh\Desktop\Learn\testing_evals\test\aapp_competition_test\3369\3369_gen_0.sv,xiaomi/mimo-v2-flash:free,stop,,gen-1769024432-MEuMilIBO4Gmx2LdwuFi
3604,aapp_competition_test,0,5648,2255,0,C:\Users\durgamaniryudh\Desktop\Learn\testing_evals\test\aapp_competition_test\3604\3604_gen_0.sv,xiaomi/mimo-v2-flash:free,stop,,gen-1769024443-Pey8Nb8JVnIdzpJlcWKn
3969,aapp_competition_test,0,4350,1312,0,C:\Users\durgamaniryudh\Desktop\Learn\testing_evals\test\aapp_competition_test\3969\3969_gen_0.sv,xiaomi/mimo-v2-flash:free,stop,,gen-1769024451-wVidmFCRrZfrf7kv54Gz
5,human_eval_test,0,4326,821,0,C:\Users\durgamaniryudh\Desktop\Learn\testing_evals\test\human_eval_test\5\5_gen_0.sv,xiaomi/mimo-v2-flash:free,stop,,gen-1769024457-ExQFYMJzmzaX5wtutSzu
3659,aapp_competition_test,0,5153,2694,0,C:\Users\durgamaniryudh\Desktop\Learn\testing_evals\test\aapp_competition_test\3659\3659_gen_0.sv,xiaomi/mimo-v2-flash:free,stop,,gen-1769024445-8dsD0t7HrYVZX3N5AoFk
556,mbpp_validation,0,4505,778,0,C:\Users\durgamaniryudh\Desktop\Learn\testing_evals\test\mbpp_validation\556\556_gen_0.sv,xiaomi/mimo-v2-flash:free,stop,,gen-1769024465-AvLaslVR0QExGZfKv0Ux
113,human_eval_test,0,4711,1953,0,C:\Users\durgamaniryudh\Desktop\Learn\testing_evals\test\human_eval_test\113\113_gen_0.sv,xiaomi/mimo-v2-flash:free,stop,,gen-1769024457-771C6DkBZIFlhDa4cHUZ
71,mbpp_test,0,5867,1520,0,C:\Users\durgamaniryudh\Desktop\Learn\testing_evals\test\mbpp_test\71\71_gen_0.sv,xiaomi/mimo-v2-flash:free,stop,,gen-1769024462-P3m43jtWY6B12dg6pQEN
3233,aapp_competition_test,0,4745,1102,0,C:\Users\durgamaniryudh\Desktop\Learn\testing_evals\test\aapp_competition_test\3233\3233_gen_0.sv,xiaomi/mimo-v2-flash:free,stop,,gen-1769024467-hwPJNgrthHck8KHsWLRi
3912,aapp_competition_test,0,5423,2313,0,C:\Users\durgamaniryudh\Desktop\Learn\testing_evals\test\aapp_competition_test\3912\3912_gen_0.sv,xiaomi/mimo-v2-flash:free,stop,,gen-1769024464-CcA4eoBjBNLA3blB5oTk
3512,aapp_competition_test,0,4846,1180,0,C:\Users\durgamaniryudh\Desktop\Learn\testing_evals\test\aapp_competition_test\3512\3512_gen_0.sv,xiaomi/mimo-v2-flash:free,stop,,gen-1769024475-cFm2MYpdCxI6SnycppCm
3417,aapp_competition_test,0,4774,1439,0,C:\Users\durgamaniryudh\Desktop\Learn\testing_evals\test\aapp_competition_test\3417\3417_gen_0.sv,xiaomi/mimo-v2-flash:free,stop,,gen-1769024474-RjhUvS28xqHBbomI3Ma5
3654,aapp_competition_test,0,4514,828,0,C:\Users\durgamaniryudh\Desktop\Learn\testing_evals\test\aapp_competition_test\3654\3654_gen_0.sv,xiaomi/mimo-v2-flash:free,stop,,gen-1769024482-qCZPN76GRsb4ljOPQPTo
3376,aapp_competition_test,0,4844,1433,0,C:\Users\durgamaniryudh\Desktop\Learn\testing_evals\test\aapp_competition_test\3376\3376_gen_0.sv,xiaomi/mimo-v2-flash:free,stop,,gen-1769024474-NN0IrjmeOCGNi5BtlvAe
3231,aapp_competition_test,0,4411,6144,0,C:\Users\durgamaniryudh\Desktop\Learn\testing_evals\test\aapp_competition_test\3231\3231_gen_0.sv,xiaomi/mimo-v2-flash:free,stop,,gen-1769024432-HAk37zdo4wFX9rM46dKB
3879,aapp_competition_test,0,4802,1301,0,C:\Users\durgamaniryudh\Desktop\Learn\testing_evals\test\aapp_competition_test\3879\3879_gen_0.sv,xiaomi/mimo-v2-flash:free,stop,,gen-1769024485-2aOYuJpQWYsPJuuB6fZo
3611,aapp_competition_test,0,4402,2483,0,C:\Users\durgamaniryudh\Desktop\Learn\testing_evals\test\aapp_competition_test\3611\3611_gen_0.sv,xiaomi/mimo-v2-flash:free,stop,,gen-1769024476-GaWhtxzKlStOMN3XBSII
293,mbpp_test,0,4605,863,0,C:\Users\durgamaniryudh\Desktop\Learn\testing_evals\test\mbpp_test\293\293_gen_0.sv,xiaomi/mimo-v2-flash:free,stop,,gen-1769024496-5byzwiTCOvEjVKqOcYBn
47,human_eval_test,0,4317,1484,0,C:\Users\durgamaniryudh\Desktop\Learn\testing_evals\test\human_eval_test\47\47_gen_0.sv,xiaomi/mimo-v2-flash:free,stop,,gen-1769024490-z4lDE53ktNBbnfAZIaVW
118,human_eval_test,0,4412,2017,0,C:\Users\durgamaniryudh\Desktop\Learn\testing_evals\test\human_eval_test\118\118_gen_0.sv,xiaomi/mimo-v2-flash:free,stop,,gen-1769024494-xxFfXYpBamit2x5sL9Dj
3963,aapp_competition_test,0,4120,2289,0,C:\Users\durgamaniryudh\Desktop\Learn\testing_evals\test\aapp_competition_test\3963\3963_gen_0.sv,xiaomi/mimo-v2-flash:free,stop,,gen-1769024489-1c0BDRD0q1UQB7c8qK7D
142,human_eval_test,0,4405,868,0,C:\Users\durgamaniryudh\Desktop\Learn\testing_evals\test\human_eval_test\142\142_gen_0.sv,xiaomi/mimo-v2-flash:free,stop,,gen-1769024503-DpfrdJcszfxtBixT8aZS
16,mbpp_test,0,4732,953,0,C:\Users\durgamaniryudh\Desktop\Learn\testing_evals\test\mbpp_test\16\16_gen_0.sv,xiaomi/mimo-v2-flash:free,stop,,gen-1769024504-zVJos0JRVLm7FTj6JHAB
3519,aapp_competition_test,0,4341,501,0,C:\Users\durgamaniryudh\Desktop\Learn\testing_evals\test\aapp_competition_test\3519\3519_gen_0.sv,xiaomi/mimo-v2-flash:free,stop,,gen-1769024514-xBXrqiqfZrBuPTnoVnGH
765,mbpp_train,0,4247,2722,0,C:\Users\durgamaniryudh\Desktop\Learn\testing_evals\test\mbpp_train\765\765_gen_0.sv,xiaomi/mimo-v2-flash:free,stop,,gen-1769024494-hx4tCTelqY9GBE3Sp8hV
3802,aapp_competition_test,0,6634,3302,0,C:\Users\durgamaniryudh\Desktop\Learn\testing_evals\test\aapp_competition_test\3802\3802_gen_0.sv,xiaomi/mimo-v2-flash:free,stop,,gen-1769024499-dO36YLtGLd5mwEFBuDCR
3365,aapp_competition_test,0,4675,1901,0,C:\Users\durgamaniryudh\Desktop\Learn\testing_evals\test\aapp_competition_test\3365\3365_gen_0.sv,xiaomi/mimo-v2-flash:free,stop,,gen-1769024512-vbeHgSVQ72DpSCzpfLWF
3608,aapp_competition_test,0,4328,1487,0,C:\Users\durgamaniryudh\Desktop\Learn\testing_evals\test\aapp_competition_test\3608\3608_gen_0.sv,xiaomi/mimo-v2-flash:free,stop,,gen-1769024520-aa6cTn2XAQrRzZGI29L3
3416,aapp_competition_test,0,4780,2689,0,C:\Users\durgamaniryudh\Desktop\Learn\testing_evals\test\aapp_competition_test\3416\3416_gen_0.sv,xiaomi/mimo-v2-flash:free,stop,,gen-1769024512-Kl6k17CwiQ4CxF9ddR08
3229,aapp_competition_test,0,5458,3366,0,C:\Users\durgamaniryudh\Desktop\Learn\testing_evals\test\aapp_competition_test\3229\3229_gen_0.sv,xiaomi/mimo-v2-flash:free,stop,,gen-1769024511-CaAmVi4aA9ofmPyDmmMD
3656,aapp_competition_test,0,5612,2601,0,C:\Users\durgamaniryudh\Desktop\Learn\testing_evals\test\aapp_competition_test\3656\3656_gen_0.sv,xiaomi/mimo-v2-flash:free,stop,,gen-1769024520-7FSnhAf6wtpArXNGlxkt
131,human_eval_test,0,4451,1061,0,C:\Users\durgamaniryudh\Desktop\Learn\testing_evals\test\human_eval_test\131\131_gen_0.sv,xiaomi/mimo-v2-flash:free,stop,,gen-1769024533-B8ogLhIYyehP7crBHylF
3971,aapp_competition_test,0,4677,915,0,C:\Users\durgamaniryudh\Desktop\Learn\testing_evals\test\aapp_competition_test\3971\3971_gen_0.sv,xiaomi/mimo-v2-flash:free,stop,,gen-1769024528-JZpE3zdheybAoSYfscjT
115,mbpp_test,0,4244,662,0,C:\Users\durgamaniryudh\Desktop\Learn\testing_evals\test\mbpp_test\115\115_gen_0.sv,xiaomi/mimo-v2-flash:free,stop,,gen-1769024540-njofkJsI1s6pKKm6OZVT
67,mbpp_test,0,4393,1241,0,C:\Users\durgamaniryudh\Desktop\Learn\testing_evals\test\mbpp_test\67\67_gen_0.sv,xiaomi/mimo-v2-flash:free,stop,,gen-1769024541-tK31iZimj5dCso4kvxk8
109,mbpp_test,0,4107,496,0,C:\Users\durgamaniryudh\Desktop\Learn\testing_evals\test\mbpp_test\109\109_gen_0.sv,xiaomi/mimo-v2-flash:free,stop,,gen-1769024545-p7Hkb3uxTLYr9UkCoVKq
3930,aapp_competition_test,0,4772,1359,0,C:\Users\durgamaniryudh\Desktop\Learn\testing_evals\test\aapp_competition_test\3930\3930_gen_0.sv,xiaomi/mimo-v2-flash:free,stop,,gen-1769024535-CoYyPnvK0ZGrg0R5KYim
3867,aapp_competition_test,0,5894,3421,0,C:\Users\durgamaniryudh\Desktop\Learn\testing_evals\test\aapp_competition_test\3867\3867_gen_0.sv,xiaomi/mimo-v2-flash:free,stop,,gen-1769024525-WW6oWXuhzkfennb2fu1g
145,human_eval_test,0,4390,1641,0,C:\Users\durgamaniryudh\Desktop\Learn\testing_evals\test\human_eval_test\145\145_gen_0.sv,xiaomi/mimo-v2-flash:free,stop,,gen-1769024547-z6MzCsBOw4Png74luecR
3232,aapp_competition_test,0,4853,1243,0,C:\Users\durgamaniryudh\Desktop\Learn\testing_evals\test\aapp_competition_test\3232\3232_gen_0.sv,xiaomi/mimo-v2-flash:free,stop,,gen-1769024553-7Gyw2HfS5x6WcklbEb6P
3778,aapp_competition_test,0,5161,2522,0,C:\Users\durgamaniryudh\Desktop\Learn\testing_evals\test\aapp_competition_test\3778\3778_gen_0.sv,xiaomi/mimo-v2-flash:free,stop,,gen-1769024543-komDPpoGBCnXi3AFT9pc
3371,aapp_competition_test,0,4945,1563,0,C:\Users\durgamaniryudh\Desktop\Learn\testing_evals\test\aapp_competition_test\3371\3371_gen_0.sv,xiaomi/mimo-v2-flash:free,stop,,gen-1769024554-1l6PwMbWonMmJGCcpv8l
3880,aapp_competition_test,0,4460,663,0,C:\Users\durgamaniryudh\Desktop\Learn\testing_evals\test\aapp_competition_test\3880\3880_gen_0.sv,xiaomi/mimo-v2-flash:free,stop,,gen-1769024564-p7RJ7onScDQAXw4CgIZk
3421,aapp_competition_test,0,4764,1322,0,C:\Users\durgamaniryudh\Desktop\Learn\testing_evals\test\aapp_competition_test\3421\3421_gen_0.sv,xiaomi/mimo-v2-flash:free,stop,,gen-1769024557-oURIqnYYLVgwSBajPJDh
3517,aapp_competition_test,0,4773,1835,0,C:\Users\durgamaniryudh\Desktop\Learn\testing_evals\test\aapp_competition_test\3517\3517_gen_0.sv,xiaomi/mimo-v2-flash:free,stop,,gen-1769024559-IYERG37oqgVrInsiQe2u
151,human_eval_test,0,4274,726,0,C:\Users\durgamaniryudh\Desktop\Learn\testing_evals\test\human_eval_test\151\151_gen_0.sv,xiaomi/mimo-v2-flash:free,stop,,gen-1769024572-puEXBmwgt31X1i6OSpYy
100,mbpp_test,0,4243,444,0,C:\Users\durgamaniryudh\Desktop\Learn\testing_evals\test\mbpp_test\100\100_gen_0.sv,xiaomi/mimo-v2-flash:free,stop,,gen-1769024575-vKK1rPHc4xGvgQusLH0s
3614,aapp_competition_test,0,5736,2428,0,C:\Users\durgamaniryudh\Desktop\Learn\testing_evals\test\aapp_competition_test\3614\3614_gen_0.sv,xiaomi/mimo-v2-flash:free,stop,,gen-1769024563-P9rp8AF38dULL2zD8aQc
3967,aapp_competition_test,0,4273,1301,0,C:\Users\durgamaniryudh\Desktop\Learn\testing_evals\test\aapp_competition_test\3967\3967_gen_0.sv,xiaomi/mimo-v2-flash:free,stop,,gen-1769024572-hHxdKtAnHXo0btfz7hoE
3827,aapp_competition_test,0,4375,1758,0,C:\Users\durgamaniryudh\Desktop\Learn\testing_evals\test\aapp_competition_test\3827\3827_gen_0.sv,xiaomi/mimo-v2-flash:free,stop,,gen-1769024568-dKHAYjEaLDSGYh0oBs1W
3520,aapp_competition_test,0,4694,925,0,C:\Users\durgamaniryudh\Desktop\Learn\testing_evals\test\aapp_competition_test\3520\3520_gen_0.sv,xiaomi/mimo-v2-flash:free,stop,,gen-1769024587-KwhisHseD3eQGeoXL3R8
3378,aapp_competition_test,0,5275,1487,0,C:\Users\durgamaniryudh\Desktop\Learn\testing_evals\test\aapp_competition_test\3378\3378_gen_0.sv,xiaomi/mimo-v2-flash:free,stop,,gen-1769024583-IDvKsmm5sPELZiqFWjlU
3897,aapp_competition_test,0,5438,2225,0,C:\Users\durgamaniryudh\Desktop\Learn\testing_evals\test\aapp_competition_test\3897\3897_gen_0.sv,xiaomi/mimo-v2-flash:free,stop,,gen-1769024580-3ELO2HJnY5c3xDaSChPE
3658,aapp_competition_test,0,7354,4691,0,C:\Users\durgamaniryudh\Desktop\Learn\testing_evals\test\aapp_competition_test\3658\3658_gen_0.sv,xiaomi/mimo-v2-flash:free,stop,,gen-1769024564-GE6yWTP3vOcfwTK3mA0e
3230,aapp_competition_test,0,6402,2870,0,C:\Users\durgamaniryudh\Desktop\Learn\testing_evals\test\aapp_competition_test\3230\3230_gen_0.sv,xiaomi/mimo-v2-flash:free,stop,,gen-1769024580-ubwtdyFSTQ7zoxJTKckW
3877,aapp_competition_test,0,4710,1178,0,C:\Users\durgamaniryudh\Desktop\Learn\testing_evals\test\aapp_competition_test\3877\3877_gen_0.sv,xiaomi/mimo-v2-flash:free,stop,,gen-1769024598-7L2u1z1k2iEIDDDg4XPN
57,human_eval_test,0,4070,229,0,C:\Users\durgamaniryudh\Desktop\Learn\testing_evals\test\human_eval_test\57\57_gen_0.sv,xiaomi/mimo-v2-flash:free,stop,,gen-1769024609-U60giwybT1XjPwHYJwdw
3423,aapp_competition_test,0,5916,3055,0,C:\Users\durgamaniryudh\Desktop\Learn\testing_evals\test\aapp_competition_test\3423\3423_gen_0.sv,xiaomi/mimo-v2-flash:free,stop,,gen-1769024585-mmCjkhnWgLF11q6i0AIn
3613,aapp_competition_test,0,4647,2015,0,C:\Users\durgamaniryudh\Desktop\Learn\testing_evals\test\aapp_competition_test\3613\3613_gen_0.sv,xiaomi/mimo-v2-flash:free,stop,,gen-1769024595-5InVP1NXYoVUFHEoFb1G
89,human_eval_test,0,4311,926,0,C:\Users\durgamaniryudh\Desktop\Learn\testing_evals\test\human_eval_test\89\89_gen_0.sv,xiaomi/mimo-v2-flash:free,stop,,gen-1769024606-U1Te7ucf0csi7lbrog5J
3660,aapp_competition_test,0,6279,2227,0,C:\Users\durgamaniryudh\Desktop\Learn\testing_evals\test\aapp_competition_test\3660\3660_gen_0.sv,xiaomi/mimo-v2-flash:free,stop,,gen-1769024596-UlwNPXaX76ArPzB9dxFp
762,mbpp_train,0,3992,243,0,C:\Users\durgamaniryudh\Desktop\Learn\testing_evals\test\mbpp_train\762\762_gen_0.sv,xiaomi/mimo-v2-flash:free,stop,,gen-1769024616-FnY12po03MLP0flgfAC2
3871,aapp_competition_test,0,5723,23104,0,C:\Users\durgamaniryudh\Desktop\Learn\testing_evals\test\aapp_competition_test\3871\3871_gen_0.sv,xiaomi/mimo-v2-flash:free,stop,,gen-1769024449-lkxQslZI9WPuhDC8sNoF
458,mbpp_test,0,3990,79,0,C:\Users\durgamaniryudh\Desktop\Learn\testing_evals\test\mbpp_test\458\458_gen_0.sv,xiaomi/mimo-v2-flash:free,stop,,gen-1769024619-J8YbOWOo1iP3jttVSiuV
733,mbpp_train,0,4300,864,0,C:\Users\durgamaniryudh\Desktop\Learn\testing_evals\test\mbpp_train\733\733_gen_0.sv,xiaomi/mimo-v2-flash:free,stop,,gen-1769024615-D33YanFoZIOgpTCitFXw
3970,aapp_competition_test,0,4129,2365,0,C:\Users\durgamaniryudh\Desktop\Learn\testing_evals\test\aapp_competition_test\3970\3970_gen_0.sv,xiaomi/mimo-v2-flash:free,stop,,gen-1769024603-wiKnTxKKB74km2FlSGQ0
300,mbpp_test,0,4432,1055,0,C:\Users\durgamaniryudh\Desktop\Learn\testing_evals\test\mbpp_test\300\300_gen_0.sv,xiaomi/mimo-v2-flash:free,stop,,gen-1769024614-pNe973P0IUNi3MY3lUAb
14,human_eval_test,0,4384,1679,0,C:\Users\durgamaniryudh\Desktop\Learn\testing_evals\test\human_eval_test\14\14_gen_0.sv,xiaomi/mimo-v2-flash:free,stop,,gen-1769024621-gy0XJdZlePIhOjPjeFIr
473,mbpp_test,0,5655,2559,0,C:\Users\durgamaniryudh\Desktop\Learn\testing_evals\test\mbpp_test\473\473_gen_0.sv,xiaomi/mimo-v2-flash:free,stop,,gen-1769024615-jFw8rGn740lQhOM0TaOI
3514,aapp_competition_test,0,5020,1553,0,C:\Users\durgamaniryudh\Desktop\Learn\testing_evals\test\aapp_competition_test\3514\3514_gen_0.sv,xiaomi/mimo-v2-flash:free,stop,,gen-1769024624-tGrFYyrCgWjW8Xhphdw9
3235,aapp_competition_test,0,7100,2618,0,C:\Users\durgamaniryudh\Desktop\Learn\testing_evals\test\aapp_competition_test\3235\3235_gen_0.sv,xiaomi/mimo-v2-flash:free,stop,,gen-1769024623-iwO87UiRSP5kdZggVG7Y
105,human_eval_test,0,4468,3355,0,C:\Users\durgamaniryudh\Desktop\Learn\testing_evals\test\human_eval_test\105\105_gen_0.sv,xiaomi/mimo-v2-flash:free,stop,,gen-1769024613-92MiEMInVCUwEUwF1AvE
3419,aapp_competition_test,0,4980,2984,0,C:\Users\durgamaniryudh\Desktop\Learn\testing_evals\test\aapp_competition_test\3419\3419_gen_0.sv,xiaomi/mimo-v2-flash:free,stop,,gen-1769024624-sKTegKkbQsSUAos2QUof
3665,aapp_competition_test,0,5284,1365,0,C:\Users\durgamaniryudh\Desktop\Learn\testing_evals\test\aapp_competition_test\3665\3665_gen_0.sv,xiaomi/mimo-v2-flash:free,stop,,gen-1769024636-6UtbJcU2ByNEgIXXgKEk
3847,aapp_competition_test,0,4287,1940,0,C:\Users\durgamaniryudh\Desktop\Learn\testing_evals\test\aapp_competition_test\3847\3847_gen_0.sv,xiaomi/mimo-v2-flash:free,stop,,gen-1769024638-8y18bmjfOyPLjMY9I6rr
3615,aapp_competition_test,0,6580,2672,0,C:\Users\durgamaniryudh\Desktop\Learn\testing_evals\test\aapp_competition_test\3615\3615_gen_0.sv,xiaomi/mimo-v2-flash:free,stop,,gen-1769024635-aK7eB9z1IAbriGDN4mXC
155,human_eval_test,0,4483,1002,0,C:\Users\durgamaniryudh\Desktop\Learn\testing_evals\test\human_eval_test\155\155_gen_0.sv,xiaomi/mimo-v2-flash:free,stop,,gen-1769024649-kgPUmmLTIOyMRE60mEEe
3978,aapp_competition_test,0,5307,1740,0,C:\Users\durgamaniryudh\Desktop\Learn\testing_evals\test\aapp_competition_test\3978\3978_gen_0.sv,xiaomi/mimo-v2-flash:free,stop,,gen-1769024645-uGs4SlxJK5jOSw51OS9s
452,mbpp_test,0,4107,98,0,C:\Users\durgamaniryudh\Desktop\Learn\testing_evals\test\mbpp_test\452\452_gen_0.sv,xiaomi/mimo-v2-flash:free,stop,,gen-1769024656-m0TvVuGIoRTlQIlZ7ju6
3907,aapp_competition_test,0,4532,786,0,C:\Users\durgamaniryudh\Desktop\Learn\testing_evals\test\aapp_competition_test\3907\3907_gen_0.sv,xiaomi/mimo-v2-flash:free,stop,,gen-1769024656-rSHs480pO6PYjHVFAhZu
598,mbpp_validation,0,4747,930,0,C:\Users\durgamaniryudh\Desktop\Learn\testing_evals\test\mbpp_validation\598\598_gen_0.sv,xiaomi/mimo-v2-flash:free,stop,,gen-1769024658-Xe7dGesKd8KUWDjU9RxY
3884,aapp_competition_test,0,4590,2736,0,C:\Users\durgamaniryudh\Desktop\Learn\testing_evals\test\aapp_competition_test\3884\3884_gen_0.sv,xiaomi/mimo-v2-flash:free,stop,,gen-1769024644-E3LGPKNqJcjfsSujJjHw
3234,aapp_competition_test,0,4822,1227,0,C:\Users\durgamaniryudh\Desktop\Learn\testing_evals\test\aapp_competition_test\3234\3234_gen_0.sv,xiaomi/mimo-v2-flash:free,stop,,gen-1769024659-3pyicYHRebJMW1hqTKYu
3908,aapp_competition_test,0,5120,56242,0,C:\Users\durgamaniryudh\Desktop\Learn\testing_evals\test\aapp_competition_test\3908\3908_gen_0.sv,xiaomi/mimo-v2-flash:free,stop,,gen-1769024268-srI01Kkh7Sncfdo9XJtu
3383,aapp_competition_test,0,5234,1737,0,C:\Users\durgamaniryudh\Desktop\Learn\testing_evals\test\aapp_competition_test\3383\3383_gen_0.sv,xiaomi/mimo-v2-flash:free,stop,,gen-1769024659-ljCQIjnCWb61McV1iota
3408,aapp_competition_test,0,5532,65536,0,C:\Users\durgamaniryudh\Desktop\Learn\testing_evals\test\aapp_competition_test\3408\3408_gen_0.sv,xiaomi/mimo-v2-flash:free,length,,gen-1769024118-yDt9zrcvLTsJXlX0T2vU
3377,aapp_competition_test,0,6341,7178,0,C:\Users\durgamaniryudh\Desktop\Learn\testing_evals\test\aapp_competition_test\3377\3377_gen_0.sv,xiaomi/mimo-v2-flash:free,stop,,gen-1769024623-RobC7oWmvLoLxmpXD87D
3521,aapp_competition_test,0,5508,1615,0,C:\Users\durgamaniryudh\Desktop\Learn\testing_evals\test\aapp_competition_test\3521\3521_gen_0.sv,xiaomi/mimo-v2-flash:free,stop,,gen-1769024668-SoY2WchycM4ZX5botmqa
3878,aapp_competition_test,0,4879,1270,0,C:\Users\durgamaniryudh\Desktop\Learn\testing_evals\test\aapp_competition_test\3878\3878_gen_0.sv,xiaomi/mimo-v2-flash:free,stop,,gen-1769024673-K8oMEORsjj1hRBE0HlVi
3663,aapp_competition_test,0,5638,2065,0,C:\Users\durgamaniryudh\Desktop\Learn\testing_evals\test\aapp_competition_test\3663\3663_gen_0.sv,xiaomi/mimo-v2-flash:free,stop,,gen-1769024669-Cf3ObG6ntmdGRVEKsbCp
152,human_eval_test,0,4220,321,0,C:\Users\durgamaniryudh\Desktop\Learn\testing_evals\test\human_eval_test\152\152_gen_0.sv,xiaomi/mimo-v2-flash:free,stop,,gen-1769024677-vNzcFPlmfpiLdeInzkEW
3620,aapp_competition_test,0,4429,2073,0,C:\Users\durgamaniryudh\Desktop\Learn\testing_evals\test\aapp_competition_test\3620\3620_gen_0.sv,xiaomi/mimo-v2-flash:free,stop,,gen-1769024668-gC0Un45XEWNXn97nAHV9
161,human_eval_test,0,4395,1351,0,C:\Users\durgamaniryudh\Desktop\Learn\testing_evals\test\human_eval_test\161\161_gen_0.sv,xiaomi/mimo-v2-flash:free,stop,,gen-1769024679-UquLH8rZaVc69PCLTORb
392,mbpp_test,0,4408,731,0,C:\Users\durgamaniryudh\Desktop\Learn\testing_evals\test\mbpp_test\392\392_gen_0.sv,xiaomi/mimo-v2-flash:free,stop,,gen-1769024684-ytsbmMLV1ZhvZurR6nTa
163,human_eval_test,0,4527,583,0,C:\Users\durgamaniryudh\Desktop\Learn\testing_evals\test\human_eval_test\163\163_gen_0.sv,xiaomi/mimo-v2-flash:free,stop,,gen-1769024686-BxE6ueQf9Ni27HXV6PcR
3800,aapp_competition_test,0,4672,1094,0,C:\Users\durgamaniryudh\Desktop\Learn\testing_evals\test\aapp_competition_test\3800\3800_gen_0.sv,xiaomi/mimo-v2-flash:free,stop,,gen-1769024686-Nv9IYKA8R0jgiOEbFsLH
623,mbpp_train,0,4463,1735,0,C:\Users\durgamaniryudh\Desktop\Learn\testing_evals\test\mbpp_train\623\623_gen_0.sv,xiaomi/mimo-v2-flash:free,stop,,gen-1769024681-XlltW1OVYal1afTiless
409,mbpp_test,0,4496,764,0,C:\Users\durgamaniryudh\Desktop\Learn\testing_evals\test\mbpp_test\409\409_gen_0.sv,xiaomi/mimo-v2-flash:free,stop,,gen-1769024692-DgFczgbi884YPirnTskj
772,mbpp_train,0,5575,1299,0,C:\Users\durgamaniryudh\Desktop\Learn\testing_evals\test\mbpp_train\772\772_gen_0.sv,xiaomi/mimo-v2-flash:free,stop,,gen-1769024690-IaJLBCWzZ5uLM9bXoNTA
3618,aapp_competition_test,0,4058,164,0,C:\Users\durgamaniryudh\Desktop\Learn\testing_evals\test\aapp_competition_test\3618\3618_gen_0.sv,xiaomi/mimo-v2-flash:free,stop,,gen-1769024700-0hSeM8Osv1sKQB4FsCBl
3422,aapp_competition_test,0,4503,4638,0,C:\Users\durgamaniryudh\Desktop\Learn\testing_evals\test\aapp_competition_test\3422\3422_gen_0.sv,xiaomi/mimo-v2-flash:free,stop,,gen-1769024664-mxPF4ClheHV9L2hZxOjM
3976,aapp_competition_test,0,6065,3807,0,C:\Users\durgamaniryudh\Desktop\Learn\testing_evals\test\aapp_competition_test\3976\3976_gen_0.sv,xiaomi/mimo-v2-flash:free,stop,,gen-1769024676-ENBpdTZnYfqkpLlBIMm3
3245,aapp_competition_test,0,4366,2041,0,C:\Users\durgamaniryudh\Desktop\Learn\testing_evals\test\aapp_competition_test\3245\3245_gen_0.sv,xiaomi/mimo-v2-flash:free,stop,,gen-1769024693-gjEFrgafcuVclTfN4WIY
3379,aapp_competition_test,0,4766,2270,0,C:\Users\durgamaniryudh\Desktop\Learn\testing_evals\test\aapp_competition_test\3379\3379_gen_0.sv,xiaomi/mimo-v2-flash:free,stop,,gen-1769024693-MbNlWXgBoxwQ3pKcoD4q
11,human_eval_test,0,4082,71,0,C:\Users\durgamaniryudh\Desktop\Learn\testing_evals\test\human_eval_test\11\11_gen_0.sv,xiaomi/mimo-v2-flash:free,stop,,gen-1769024713-xG5HbLUUT1mNoNZ4Kts6
3661,aapp_competition_test,0,5165,1521,0,C:\Users\durgamaniryudh\Desktop\Learn\testing_evals\test\aapp_competition_test\3661\3661_gen_0.sv,xiaomi/mimo-v2-flash:free,stop,,gen-1769024702-HmcYMYrfoocXZ6Dgbfei
3516,aapp_competition_test,0,5732,2130,0,C:\Users\durgamaniryudh\Desktop\Learn\testing_evals\test\aapp_competition_test\3516\3516_gen_0.sv,xiaomi/mimo-v2-flash:free,stop,,gen-1769024699-J7qDp69Q7rPHJ5pXnLOT
110,human_eval_test,0,4257,760,0,C:\Users\durgamaniryudh\Desktop\Learn\testing_evals\test\human_eval_test\110\110_gen_0.sv,xiaomi/mimo-v2-flash:free,stop,,gen-1769024709-7Ci8XjBRyGwG1kX212dX
161,mbpp_test,0,4313,425,0,C:\Users\durgamaniryudh\Desktop\Learn\testing_evals\test\mbpp_test\161\161_gen_0.sv,xiaomi/mimo-v2-flash:free,stop,,gen-1769024716-a8cQQLYLJTKwUKxPVHow
3431,aapp_competition_test,0,4323,2826,0,C:\Users\durgamaniryudh\Desktop\Learn\testing_evals\test\aapp_competition_test\3431\3431_gen_0.sv,xiaomi/mimo-v2-flash:free,stop,,gen-1769024696-7fu0ITNwTuAK1XN3sHmC
3936,aapp_competition_test,0,4708,807,0,C:\Users\durgamaniryudh\Desktop\Learn\testing_evals\test\aapp_competition_test\3936\3936_gen_0.sv,xiaomi/mimo-v2-flash:free,stop,,gen-1769024712-pYbjDAS4TeUA0HdfVMYL
442,mbpp_test,0,4944,1279,0,C:\Users\durgamaniryudh\Desktop\Learn\testing_evals\test\mbpp_test\442\442_gen_0.sv,xiaomi/mimo-v2-flash:free,stop,,gen-1769024716-RTOH9u9NbCfyXSVpUOcq
3791,aapp_competition_test,0,4882,1323,0,C:\Users\durgamaniryudh\Desktop\Learn\testing_evals\test\aapp_competition_test\3791\3791_gen_0.sv,xiaomi/mimo-v2-flash:free,stop,,gen-1769024717-jpSo8ipo5fMGANIREELc
773,mbpp_train,0,4681,879,0,C:\Users\durgamaniryudh\Desktop\Learn\testing_evals\test\mbpp_train\773\773_gen_0.sv,xiaomi/mimo-v2-flash:free,stop,,gen-1769024721-36otUa5cnuH9sRH7PtsV
3977,aapp_competition_test,0,5441,2759,0,C:\Users\durgamaniryudh\Desktop\Learn\testing_evals\test\aapp_competition_test\3977\3977_gen_0.sv,xiaomi/mimo-v2-flash:free,stop,,gen-1769024706-vbmEuAz0veTTnTgvdbCl
3380,aapp_competition_test,0,4042,207,0,C:\Users\durgamaniryudh\Desktop\Learn\testing_evals\test\aapp_competition_test\3380\3380_gen_0.sv,xiaomi/mimo-v2-flash:free,stop,,gen-1769024727-9jHGiwVQYhDuRybWcnnp
229,mbpp_test,0,4257,1875,0,C:\Users\durgamaniryudh\Desktop\Learn\testing_evals\test\mbpp_test\229\229_gen_0.sv,xiaomi/mimo-v2-flash:free,stop,,gen-1769024715-PzBP3gjgmphnSCPryaYU
3889,aapp_competition_test,0,4104,272,0,C:\Users\durgamaniryudh\Desktop\Learn\testing_evals\test\aapp_competition_test\3889\3889_gen_0.sv,xiaomi/mimo-v2-flash:free,stop,,gen-1769024732-fPqn47nsqLhvW1Inmofk
3886,aapp_competition_test,0,6137,3949,0,C:\Users\durgamaniryudh\Desktop\Learn\testing_evals\test\aapp_competition_test\3886\3886_gen_0.sv,xiaomi/mimo-v2-flash:free,stop,,gen-1769024704-Yu46WcDx3GncKsX7M3n4
3527,aapp_competition_test,0,4997,1357,0,C:\Users\durgamaniryudh\Desktop\Learn\testing_evals\test\aapp_competition_test\3527\3527_gen_0.sv,xiaomi/mimo-v2-flash:free,stop,,gen-1769024729-DTfsJHO8ToSyURLYos5m
3238,aapp_competition_test,0,5962,2300,0,C:\Users\durgamaniryudh\Desktop\Learn\testing_evals\test\aapp_competition_test\3238\3238_gen_0.sv,xiaomi/mimo-v2-flash:free,stop,,gen-1769024724-RIsH4GfqDFAEfycfkPL0
159,human_eval_test,0,4106,242,0,C:\Users\durgamaniryudh\Desktop\Learn\testing_evals\test\human_eval_test\159\159_gen_0.sv,xiaomi/mimo-v2-flash:free,stop,,gen-1769024743-2FOtzMBrjXPVP2heJsxU
3821,aapp_competition_test,0,4745,1525,0,C:\Users\durgamaniryudh\Desktop\Learn\testing_evals\test\aapp_competition_test\3821\3821_gen_0.sv,xiaomi/mimo-v2-flash:free,stop,,gen-1769024736-bCsUs3jCRq259t41uHNE
3979,aapp_competition_test,0,5302,1638,0,C:\Users\durgamaniryudh\Desktop\Learn\testing_evals\test\aapp_competition_test\3979\3979_gen_0.sv,xiaomi/mimo-v2-flash:free,stop,,gen-1769024735-IAvG9qnjBPUhlc2QTAsI
46,human_eval_test,0,4444,1242,0,C:\Users\durgamaniryudh\Desktop\Learn\testing_evals\test\human_eval_test\46\46_gen_0.sv,xiaomi/mimo-v2-flash:free,stop,,gen-1769024741-of1IhRlQFRplnprtG8EY
433,mbpp_test,0,4439,927,0,C:\Users\durgamaniryudh\Desktop\Learn\testing_evals\test\mbpp_test\433\433_gen_0.sv,xiaomi/mimo-v2-flash:free,stop,,gen-1769024748-880UXg8tmGOgShF5TA8z
3624,aapp_competition_test,0,7589,4330,0,C:\Users\durgamaniryudh\Desktop\Learn\testing_evals\test\aapp_competition_test\3624\3624_gen_0.sv,xiaomi/mimo-v2-flash:free,stop,,gen-1769024729-8HcIlkIEX8b6dwY00MNA
3902,aapp_competition_test,0,5693,2169,0,C:\Users\durgamaniryudh\Desktop\Learn\testing_evals\test\aapp_competition_test\3902\3902_gen_0.sv,xiaomi/mimo-v2-flash:free,stop,,gen-1769024749-v2emNFIpCPbMtMb1oQPD
3424,aapp_competition_test,0,5257,1260,0,C:\Users\durgamaniryudh\Desktop\Learn\testing_evals\test\aapp_competition_test\3424\3424_gen_0.sv,xiaomi/mimo-v2-flash:free,stop,,gen-1769024757-ASRsI0d0ZxL3nfEX0Uhn
3237,aapp_competition_test,0,5862,2303,0,C:\Users\durgamaniryudh\Desktop\Learn\testing_evals\test\aapp_competition_test\3237\3237_gen_0.sv,xiaomi/mimo-v2-flash:free,stop,,gen-1769024749-urOMUleOSbWEtNzcIF3j
3885,aapp_competition_test,0,3995,177,0,C:\Users\durgamaniryudh\Desktop\Learn\testing_evals\test\aapp_competition_test\3885\3885_gen_0.sv,xiaomi/mimo-v2-flash:free,stop,,gen-1769024768-2Qw5q2BZwBo4UeQall4M
67,human_eval_test,0,5227,2904,0,C:\Users\durgamaniryudh\Desktop\Learn\testing_evals\test\human_eval_test\67\67_gen_0.sv,xiaomi/mimo-v2-flash:free,stop,,gen-1769024647-rlExhWsdTnl9VopIDoKQ
26,human_eval_test,0,4234,337,0,C:\Users\durgamaniryudh\Desktop\Learn\testing_evals\test\human_eval_test\26\26_gen_0.sv,xiaomi/mimo-v2-flash:free,stop,,gen-1769024771-XuhA5rjQPrvgrywDkDxJ
3984,aapp_competition_test,0,4374,593,0,C:\Users\durgamaniryudh\Desktop\Learn\testing_evals\test\aapp_competition_test\3984\3984_gen_0.sv,xiaomi/mimo-v2-flash:free,stop,,gen-1769024771-u9BvCmNcZ3y4l7dANEVc
3672,aapp_competition_test,0,5302,1815,0,C:\Users\durgamaniryudh\Desktop\Learn\testing_evals\test\aapp_competition_test\3672\3672_gen_0.sv,xiaomi/mimo-v2-flash:free,stop,,gen-1769024768-FIRWJTi7WRDl357czkOR
147,human_eval_test,0,4235,683,0,C:\Users\durgamaniryudh\Desktop\Learn\testing_evals\test\human_eval_test\147\147_gen_0.sv,xiaomi/mimo-v2-flash:free,stop,,gen-1769024777-1K6hL6YJqnvSk6B9yLoH
3625,aapp_competition_test,0,5204,2512,0,C:\Users\durgamaniryudh\Desktop\Learn\testing_evals\test\aapp_competition_test\3625\3625_gen_0.sv,xiaomi/mimo-v2-flash:free,stop,,gen-1769024767-Ol6G32Ona1c0IbD0iQMV
3518,aapp_competition_test,0,6930,3161,0,C:\Users\durgamaniryudh\Desktop\Learn\testing_evals\test\aapp_competition_test\3518\3518_gen_0.sv,xiaomi/mimo-v2-flash:free,stop,,gen-1769024763-kQQbDw4coP1ul5retOlz
141,human_eval_test,0,4590,1731,0,C:\Users\durgamaniryudh\Desktop\Learn\testing_evals\test\human_eval_test\141\141_gen_0.sv,xiaomi/mimo-v2-flash:free,stop,,gen-1769024776-Npy3cRUdjJYEHUompZUC
139,mbpp_test,0,4538,730,0,C:\Users\durgamaniryudh\Desktop\Learn\testing_evals\test\mbpp_test\139\139_gen_0.sv,xiaomi/mimo-v2-flash:free,stop,,gen-1769024783-Ch1NM7J2m8AncNDtLPv3
740,mbpp_train,0,4416,753,0,C:\Users\durgamaniryudh\Desktop\Learn\testing_evals\test\mbpp_train\740\740_gen_0.sv,xiaomi/mimo-v2-flash:free,stop,,gen-1769024791-gaWiWNffvEshqmsUU5PR
3412,aapp_competition_test,0,4342,65536,0,C:\Users\durgamaniryudh\Desktop\Learn\testing_evals\test\aapp_competition_test\3412\3412_gen_0.sv,xiaomi/mimo-v2-flash:free,length,,gen-1769024196-4H2URE1O6Q81XfK3NyeR
232,mbpp_test,0,4965,2036,0,C:\Users\durgamaniryudh\Desktop\Learn\testing_evals\test\mbpp_test\232\232_gen_0.sv,xiaomi/mimo-v2-flash:free,stop,,gen-1769024786-iXcyLj8kI7YPsU6QUwjb
3241,aapp_competition_test,0,4337,603,0,C:\Users\durgamaniryudh\Desktop\Learn\testing_evals\test\aapp_competition_test\3241\3241_gen_0.sv,xiaomi/mimo-v2-flash:free,stop,,gen-1769024799-IrbL7ZvDjfP31SkqOtjy
413,mbpp_test,0,4617,1793,0,C:\Users\durgamaniryudh\Desktop\Learn\testing_evals\test\mbpp_test\413\413_gen_0.sv,xiaomi/mimo-v2-flash:free,stop,,gen-1769024791-fQ8zHAf3MdxFCsuWwcar
778,mbpp_train,0,5293,1884,0,C:\Users\durgamaniryudh\Desktop\Learn\testing_evals\test\mbpp_train\778\778_gen_0.sv,xiaomi/mimo-v2-flash:free,stop,,gen-1769024789-rzUfAzwG6L5X22nuagP8
140,human_eval_test,0,4461,1681,0,C:\Users\durgamaniryudh\Desktop\Learn\testing_evals\test\human_eval_test\140\140_gen_0.sv,xiaomi/mimo-v2-flash:free,stop,,gen-1769024792-yZjo7VmKZukMmyU6PtCb
3667,aapp_competition_test,0,5168,8260,0,C:\Users\durgamaniryudh\Desktop\Learn\testing_evals\test\aapp_competition_test\3667\3667_gen_0.sv,xiaomi/mimo-v2-flash:free,stop,,gen-1769024730-0d9EmJhB8RPn1wokfCID
3382,aapp_competition_test,0,4201,7396,0,C:\Users\durgamaniryudh\Desktop\Learn\testing_evals\test\aapp_competition_test\3382\3382_gen_0.sv,xiaomi/mimo-v2-flash:free,stop,,gen-1769024752-r8nzNKwq8exFs4MErTnk
3522,aapp_competition_test,0,4566,950,0,C:\Users\durgamaniryudh\Desktop\Learn\testing_evals\test\aapp_competition_test\3522\3522_gen_0.sv,xiaomi/mimo-v2-flash:free,stop,,gen-1769024805-JrZCwgQWvtPI7d4gymqE
3985,aapp_competition_test,0,3968,175,0,C:\Users\durgamaniryudh\Desktop\Learn\testing_evals\test\aapp_competition_test\3985\3985_gen_0.sv,xiaomi/mimo-v2-flash:free,stop,,gen-1769024817-fFbJpynMfZ8LrwDjcXIr
3430,aapp_competition_test,0,5830,1820,0,C:\Users\durgamaniryudh\Desktop\Learn\testing_evals\test\aapp_competition_test\3430\3430_gen_0.sv,xiaomi/mimo-v2-flash:free,stop,,gen-1769024804-wgcLa0B080wfY2qzz8Zs
3425,aapp_competition_test,0,5038,11001,0,C:\Users\durgamaniryudh\Desktop\Learn\testing_evals\test\aapp_competition_test\3425\3425_gen_0.sv,xiaomi/mimo-v2-flash:free,stop,,gen-1769024728-d0WXStAq2laRIahlFPOw
3838,aapp_competition_test,0,4201,1941,0,C:\Users\durgamaniryudh\Desktop\Learn\testing_evals\test\aapp_competition_test\3838\3838_gen_0.sv,xiaomi/mimo-v2-flash:free,stop,,gen-1769024807-6NHRdaklFDBzSTQzL6sr
68,human_eval_test,0,4415,664,0,C:\Users\durgamaniryudh\Desktop\Learn\testing_evals\test\human_eval_test\68\68_gen_0.sv,xiaomi/mimo-v2-flash:free,stop,,gen-1769024819-g0p9DGZRjKCp9CLUM6Qc
96,mbpp_test,0,4322,736,0,C:\Users\durgamaniryudh\Desktop\Learn\testing_evals\test\mbpp_test\96\96_gen_0.sv,xiaomi/mimo-v2-flash:free,stop,,gen-1769024820-cgLt4Jw2MDs4tl1DppjU
3384,aapp_competition_test,0,6791,3077,0,C:\Users\durgamaniryudh\Desktop\Learn\testing_evals\test\aapp_competition_test\3384\3384_gen_0.sv,xiaomi/mimo-v2-flash:free,stop,,gen-1769024801-kZ4uEw4fOgVoWGmxsHWM
3875,aapp_competition_test,0,5640,2038,0,C:\Users\durgamaniryudh\Desktop\Learn\testing_evals\test\aapp_competition_test\3875\3875_gen_0.sv,xiaomi/mimo-v2-flash:free,stop,,gen-1769024809-tn0XtgdmhTDFFnzCtj9j
128,human_eval_test,0,4309,1020,0,C:\Users\durgamaniryudh\Desktop\Learn\testing_evals\test\human_eval_test\128\128_gen_0.sv,xiaomi/mimo-v2-flash:free,stop,,gen-1769024819-91EwcKYVOmxUO21BsnuY
588,mbpp_validation,0,4326,559,0,C:\Users\durgamaniryudh\Desktop\Learn\testing_evals\test\mbpp_validation\588\588_gen_0.sv,xiaomi/mimo-v2-flash:free,stop,,gen-1769024824-bKCjpZAoxduthChIawsg
3629,aapp_competition_test,0,4251,3507,0,C:\Users\durgamaniryudh\Desktop\Learn\testing_evals\test\aapp_competition_test\3629\3629_gen_0.sv,xiaomi/mimo-v2-flash:free,stop,,gen-1769024807-b8xrr56oHje4HVikuJRM
3427,aapp_competition_test,0,5144,1582,0,C:\Users\durgamaniryudh\Desktop\Learn\testing_evals\test\aapp_competition_test\3427\3427_gen_0.sv,xiaomi/mimo-v2-flash:free,stop,,gen-1769024827-uD1ePS3xNBVqTJWT4VxN
3524,aapp_competition_test,0,4534,1311,0,C:\Users\durgamaniryudh\Desktop\Learn\testing_evals\test\aapp_competition_test\3524\3524_gen_0.sv,xiaomi/mimo-v2-flash:free,stop,,gen-1769024828-jCsMnAFPJf1wHcsRdDNV
3385,aapp_competition_test,0,4659,1105,0,C:\Users\durgamaniryudh\Desktop\Learn\testing_evals\test\aapp_competition_test\3385\3385_gen_0.sv,xiaomi/mimo-v2-flash:free,stop,,gen-1769024827-T8SS1WWsQHaX4Osm2kHD
3662,aapp_competition_test,0,4987,4262,0,C:\Users\durgamaniryudh\Desktop\Learn\testing_evals\test\aapp_competition_test\3662\3662_gen_0.sv,xiaomi/mimo-v2-flash:free,stop,,gen-1769024807-Z1OKRicQ44Boh2rO8HHs
3883,aapp_competition_test,0,4190,661,0,C:\Users\durgamaniryudh\Desktop\Learn\testing_evals\test\aapp_competition_test\3883\3883_gen_0.sv,xiaomi/mimo-v2-flash:free,stop,,gen-1769024837-5B3iwJjrkswZAZoFAqON
3627,aapp_competition_test,0,5637,2003,0,C:\Users\durgamaniryudh\Desktop\Learn\testing_evals\test\aapp_competition_test\3627\3627_gen_0.sv,xiaomi/mimo-v2-flash:free,stop,,gen-1769024832-BwtCl8tXwHR3y7KHOBAL
6,human_eval_test,0,4581,897,0,C:\Users\durgamaniryudh\Desktop\Learn\testing_evals\test\human_eval_test\6\6_gen_0.sv,xiaomi/mimo-v2-flash:free,stop,,gen-1769024840-njw245rpEQcrNV6aAZY6
58,human_eval_test,0,4402,846,0,C:\Users\durgamaniryudh\Desktop\Learn\testing_evals\test\human_eval_test\58\58_gen_0.sv,xiaomi/mimo-v2-flash:free,stop,,gen-1769024841-BxWsNecBc9fqwrrN88zo
766,mbpp_train,0,4363,1005,0,C:\Users\durgamaniryudh\Desktop\Learn\testing_evals\test\mbpp_train\766\766_gen_0.sv,xiaomi/mimo-v2-flash:free,stop,,gen-1769024843-xnaIyA9wu4zREYfXX3nX
438,mbpp_test,0,4590,967,0,C:\Users\durgamaniryudh\Desktop\Learn\testing_evals\test\mbpp_test\438\438_gen_0.sv,xiaomi/mimo-v2-flash:free,stop,,gen-1769024844-7vIbMFSdhD0uxJet09jF
3240,aapp_competition_test,0,4889,2955,0,C:\Users\durgamaniryudh\Desktop\Learn\testing_evals\test\aapp_competition_test\3240\3240_gen_0.sv,xiaomi/mimo-v2-flash:free,stop,,gen-1769024827-kb9xplJEn4S2YDpE3Lpt
157,human_eval_test,0,4153,330,0,C:\Users\durgamaniryudh\Desktop\Learn\testing_evals\test\human_eval_test\157\157_gen_0.sv,xiaomi/mimo-v2-flash:free,stop,,gen-1769024852-68uUDYIVwYM9XDqYA1KF
3804,aapp_competition_test,0,4483,743,0,C:\Users\durgamaniryudh\Desktop\Learn\testing_evals\test\aapp_competition_test\3804\3804_gen_0.sv,xiaomi/mimo-v2-flash:free,stop,,gen-1769024848-bqi5tZEwNaclNhT5tJdx
3671,aapp_competition_test,0,4505,2357,0,C:\Users\durgamaniryudh\Desktop\Learn\testing_evals\test\aapp_competition_test\3671\3671_gen_0.sv,xiaomi/mimo-v2-flash:free,stop,,gen-1769024835-GGtNFzvtyNlZ4lSfGXiy
3981,aapp_competition_test,0,4547,2596,0,C:\Users\durgamaniryudh\Desktop\Learn\testing_evals\test\aapp_competition_test\3981\3981_gen_0.sv,xiaomi/mimo-v2-flash:free,stop,,gen-1769024840-en3A8fOmxYiihF2XmKxB
3242,aapp_competition_test,0,4974,1278,0,C:\Users\durgamaniryudh\Desktop\Learn\testing_evals\test\aapp_competition_test\3242\3242_gen_0.sv,xiaomi/mimo-v2-flash:free,stop,,gen-1769024853-F2NuEmgPMFU18kfzqTBA
121,human_eval_test,0,4342,850,0,C:\Users\durgamaniryudh\Desktop\Learn\testing_evals\test\human_eval_test\121\121_gen_0.sv,xiaomi/mimo-v2-flash:free,stop,,gen-1769024849-whRrgOGCuAPMN2QVpSic
3432,aapp_competition_test,0,5017,1213,0,C:\Users\durgamaniryudh\Desktop\Learn\testing_evals\test\aapp_competition_test\3432\3432_gen_0.sv,xiaomi/mimo-v2-flash:free,stop,,gen-1769024856-h5abmGQGxXHIuTyJpzGP
3619,aapp_competition_test,0,5034,1450,0,C:\Users\durgamaniryudh\Desktop\Learn\testing_evals\test\aapp_competition_test\3619\3619_gen_0.sv,xiaomi/mimo-v2-flash:free,stop,,gen-1769024856-iaIN0FXut8gsXdtHP4Px
3534,aapp_competition_test,0,4834,1167,0,C:\Users\durgamaniryudh\Desktop\Learn\testing_evals\test\aapp_competition_test\3534\3534_gen_0.sv,xiaomi/mimo-v2-flash:free,stop,,gen-1769024856-Xl00p3FuoEuV6pUvRxvX
53,human_eval_test,0,4004,65,0,C:\Users\durgamaniryudh\Desktop\Learn\testing_evals\test\human_eval_test\53\53_gen_0.sv,xiaomi/mimo-v2-flash:free,stop,,gen-1769024869-2bhKdGSdul3soVSNWqLq
3986,aapp_competition_test,0,4247,429,0,C:\Users\durgamaniryudh\Desktop\Learn\testing_evals\test\aapp_competition_test\3986\3986_gen_0.sv,xiaomi/mimo-v2-flash:free,stop,,gen-1769024866-kJpubzcG0isVduop4lcI
132,human_eval_test,0,4309,547,0,C:\Users\durgamaniryudh\Desktop\Learn\testing_evals\test\human_eval_test\132\132_gen_0.sv,xiaomi/mimo-v2-flash:free,stop,,gen-1769024866-lKqxf0KHo1LIWqMXBfRl
3891,aapp_competition_test,0,4594,847,0,C:\Users\durgamaniryudh\Desktop\Learn\testing_evals\test\aapp_competition_test\3891\3891_gen_0.sv,xiaomi/mimo-v2-flash:free,stop,,gen-1769024865-D9cIwZ7olpYN5cIGIyPf
256,mbpp_test,0,4490,3181,0,C:\Users\durgamaniryudh\Desktop\Learn\testing_evals\test\mbpp_test\256\256_gen_0.sv,xiaomi/mimo-v2-flash:free,stop,,gen-1769024849-sNjkNL0UimYIWxtGEBbm
3381,aapp_competition_test,0,4813,1246,0,C:\Users\durgamaniryudh\Desktop\Learn\testing_evals\test\aapp_competition_test\3381\3381_gen_0.sv,xiaomi/mimo-v2-flash:free,stop,,gen-1769024855-bDGNZJPMikx1Z0RyvQQ3
272,mbpp_test,0,4124,297,0,C:\Users\durgamaniryudh\Desktop\Learn\testing_evals\test\mbpp_test\272\272_gen_0.sv,xiaomi/mimo-v2-flash:free,stop,,gen-1769024874-5kUQs26oiOv1YhvBWa0U
594,mbpp_validation,0,4761,1030,0,C:\Users\durgamaniryudh\Desktop\Learn\testing_evals\test\mbpp_validation\594\594_gen_0.sv,xiaomi/mimo-v2-flash:free,stop,,gen-1769024871-XyCU4Q329q2NPxgKquLl
92,mbpp_test,0,4523,784,0,C:\Users\durgamaniryudh\Desktop\Learn\testing_evals\test\mbpp_test\92\92_gen_0.sv,xiaomi/mimo-v2-flash:free,stop,,gen-1769024872-ykdRxSnaGhfE2MQPXjp1
629,mbpp_train,0,4462,710,0,C:\Users\durgamaniryudh\Desktop\Learn\testing_evals\test\mbpp_train\629\629_gen_0.sv,xiaomi/mimo-v2-flash:free,stop,,gen-1769024872-qtJ6JHzawlPxiuwLeLbT
123,human_eval_test,0,4378,6949,0,C:\Users\durgamaniryudh\Desktop\Learn\testing_evals\test\human_eval_test\123\123_gen_0.sv,xiaomi/mimo-v2-flash:free,stop,,gen-1769024722-ucL2SIaS8mkffPRVl9Sb
3940,aapp_competition_test,0,4420,1511,0,C:\Users\durgamaniryudh\Desktop\Learn\testing_evals\test\aapp_competition_test\3940\3940_gen_0.sv,xiaomi/mimo-v2-flash:free,stop,,gen-1769024869-5nCNubgpJf7rAxLjbmRR
607,mbpp_train,0,4598,1288,0,C:\Users\durgamaniryudh\Desktop\Learn\testing_evals\test\mbpp_train\607\607_gen_0.sv,xiaomi/mimo-v2-flash:free,stop,,gen-1769024874-AN0YnJbuj8JIixDgTc0f
40,human_eval_test,0,4284,1057,0,C:\Users\durgamaniryudh\Desktop\Learn\testing_evals\test\human_eval_test\40\40_gen_0.sv,xiaomi/mimo-v2-flash:free,stop,,gen-1769024878-Rddt9AaQz9HY3Yr5e0gw
3428,aapp_competition_test,0,4374,790,0,C:\Users\durgamaniryudh\Desktop\Learn\testing_evals\test\aapp_competition_test\3428\3428_gen_0.sv,xiaomi/mimo-v2-flash:free,stop,,gen-1769024880-wNb1aMsz1EY6WdN65Pkq
3674,aapp_competition_test,0,4402,2904,0,C:\Users\durgamaniryudh\Desktop\Learn\testing_evals\test\aapp_competition_test\3674\3674_gen_0.sv,xiaomi/mimo-v2-flash:free,stop,,gen-1769024862-7wCylNf0BjBqhI0fvdE1
3626,aapp_competition_test,0,4786,955,0,C:\Users\durgamaniryudh\Desktop\Learn\testing_evals\test\aapp_competition_test\3626\3626_gen_0.sv,xiaomi/mimo-v2-flash:free,stop,,gen-1769024882-YS2jOfjjq4llV6yXVFUH
87,human_eval_test,0,4660,939,0,C:\Users\durgamaniryudh\Desktop\Learn\testing_evals\test\human_eval_test\87\87_gen_0.sv,xiaomi/mimo-v2-flash:free,stop,,gen-1769024889-xGybbjkDmL7JjkB3MzPX
3916,aapp_competition_test,0,4611,10225,0,C:\Users\durgamaniryudh\Desktop\Learn\testing_evals\test\aapp_competition_test\3916\3916_gen_0.sv,xiaomi/mimo-v2-flash:free,stop,,gen-1769024821-quHcSAihBiK2iCLGe1I4
3822,aapp_competition_test,0,4451,1024,0,C:\Users\durgamaniryudh\Desktop\Learn\testing_evals\test\aapp_competition_test\3822\3822_gen_0.sv,xiaomi/mimo-v2-flash:free,stop,,gen-1769024890-4fA8wzpLYadfXLV8Fy1r
3525,aapp_competition_test,0,6251,2652,0,C:\Users\durgamaniryudh\Desktop\Learn\testing_evals\test\aapp_competition_test\3525\3525_gen_0.sv,xiaomi/mimo-v2-flash:free,stop,,gen-1769024881-2cO6Hb1TBcxm37kF1YZx
3982,aapp_competition_test,0,5017,1552,0,C:\Users\durgamaniryudh\Desktop\Learn\testing_evals\test\aapp_competition_test\3982\3982_gen_0.sv,xiaomi/mimo-v2-flash:free,stop,,gen-1769024888-E7tJliV24I5eWAL1cTKM
97,human_eval_test,0,4087,364,0,C:\Users\durgamaniryudh\Desktop\Learn\testing_evals\test\human_eval_test\97\97_gen_0.sv,xiaomi/mimo-v2-flash:free,stop,,gen-1769024898-9dwNgtFgRNEZ9lW7wl0R
3666,aapp_competition_test,0,5550,2403,0,C:\Users\durgamaniryudh\Desktop\Learn\testing_evals\test\aapp_competition_test\3666\3666_gen_0.sv,xiaomi/mimo-v2-flash:free,stop,,gen-1769024887-rCUkmLxssnv225bmXp5G
3392,aapp_competition_test,0,4411,2781,0,C:\Users\durgamaniryudh\Desktop\Learn\testing_evals\test\aapp_competition_test\3392\3392_gen_0.sv,xiaomi/mimo-v2-flash:free,stop,,gen-1769024879-iLJMs4gN4L9O90CMJIJU
3244,aapp_competition_test,0,4298,482,0,C:\Users\durgamaniryudh\Desktop\Learn\testing_evals\test\aapp_competition_test\3244\3244_gen_0.sv,xiaomi/mimo-v2-flash:free,stop,,gen-1769024902-CHjw7AAI789oRuxrr0qc
3239,aapp_competition_test,0,4861,3504,0,C:\Users\durgamaniryudh\Desktop\Learn\testing_evals\test\aapp_competition_test\3239\3239_gen_0.sv,xiaomi/mimo-v2-flash:free,stop,,gen-1769024879-SFBVfGWrW3rtvi9cNIf1
48,human_eval_test,0,4291,1086,0,C:\Users\durgamaniryudh\Desktop\Learn\testing_evals\test\human_eval_test\48\48_gen_0.sv,xiaomi/mimo-v2-flash:free,stop,,gen-1769024899-7Qv7YwZyh4VScdUQzx8O
3892,aapp_competition_test,0,4590,2887,0,C:\Users\durgamaniryudh\Desktop\Learn\testing_evals\test\aapp_competition_test\3892\3892_gen_0.sv,xiaomi/mimo-v2-flash:free,stop,,gen-1769024888-wxDuHF1xArSspD6ntdsw
239,mbpp_test,0,4874,1978,0,C:\Users\durgamaniryudh\Desktop\Learn\testing_evals\test\mbpp_test\239\239_gen_0.sv,xiaomi/mimo-v2-flash:free,stop,,gen-1769024900-ivfeGR5FFSw5HqeYXqgx
3435,aapp_competition_test,0,5244,1687,0,C:\Users\durgamaniryudh\Desktop\Learn\testing_evals\test\aapp_competition_test\3435\3435_gen_0.sv,xiaomi/mimo-v2-flash:free,stop,,gen-1769024905-E2NXc1TgmWAn7RIUs9bZ
3890,aapp_competition_test,0,4884,1242,0,C:\Users\durgamaniryudh\Desktop\Learn\testing_evals\test\aapp_competition_test\3890\3890_gen_0.sv,xiaomi/mimo-v2-flash:free,stop,,gen-1769024911-o2yPicdHY4gJrJntN0gf
3991,aapp_competition_test,0,4774,1066,0,C:\Users\durgamaniryudh\Desktop\Learn\testing_evals\test\aapp_competition_test\3991\3991_gen_0.sv,xiaomi/mimo-v2-flash:free,stop,,gen-1769024915-tHG4QJNjX99waWbRdOhG
3387,aapp_competition_test,0,5862,2814,0,C:\Users\durgamaniryudh\Desktop\Learn\testing_evals\test\aapp_competition_test\3387\3387_gen_0.sv,xiaomi/mimo-v2-flash:free,stop,,gen-1769024903-56JuQcy5sCKz41qssr3C
3903,aapp_competition_test,0,6876,3107,0,C:\Users\durgamaniryudh\Desktop\Learn\testing_evals\test\aapp_competition_test\3903\3903_gen_0.sv,xiaomi/mimo-v2-flash:free,stop,,gen-1769024901-2KthaCqEBOV1r9Ci8WcF
100,human_eval_test,0,4233,699,0,C:\Users\durgamaniryudh\Desktop\Learn\testing_evals\test\human_eval_test\100\100_gen_0.sv,xiaomi/mimo-v2-flash:free,stop,,gen-1769024921-r8KfazND5PvkVXjqkS83
257,mbpp_test,0,4044,190,0,C:\Users\durgamaniryudh\Desktop\Learn\testing_evals\test\mbpp_test\257\257_gen_0.sv,xiaomi/mimo-v2-flash:free,stop,,gen-1769024926-ArEcPOwjPMIpc1N4JPm5
111,human_eval_test,0,4373,1222,0,C:\Users\durgamaniryudh\Desktop\Learn\testing_evals\test\human_eval_test\111\111_gen_0.sv,xiaomi/mimo-v2-flash:free,stop,,gen-1769024917-4UPZ9GpXxAGykOfrwGtk
3628,aapp_competition_test,0,4471,3117,0,C:\Users\durgamaniryudh\Desktop\Learn\testing_evals\test\aapp_competition_test\3628\3628_gen_0.sv,xiaomi/mimo-v2-flash:free,stop,,gen-1769024906-Mf05zZHR8G9t18n0LEad
267,mbpp_test,0,4104,394,0,C:\Users\durgamaniryudh\Desktop\Learn\testing_evals\test\mbpp_test\267\267_gen_0.sv,xiaomi/mimo-v2-flash:free,stop,,gen-1769024929-GexfAGddJQpWE1tNm9cg
42,human_eval_test,0,4275,1049,0,C:\Users\durgamaniryudh\Desktop\Learn\testing_evals\test\human_eval_test\42\42_gen_0.sv,xiaomi/mimo-v2-flash:free,stop,,gen-1769024925-5Lhc47oJKSSZ3VHwBOPF
3530,aapp_competition_test,0,4362,2959,0,C:\Users\durgamaniryudh\Desktop\Learn\testing_evals\test\aapp_competition_test\3530\3530_gen_0.sv,xiaomi/mimo-v2-flash:free,stop,,gen-1769024906-FHeahZKu4n24AroGlCKi
807,mbpp_train,0,4192,839,0,C:\Users\durgamaniryudh\Desktop\Learn\testing_evals\test\mbpp_train\807\807_gen_0.sv,xiaomi/mimo-v2-flash:free,stop,,gen-1769024928-OYZqboC0seeCpX6I3usA
3673,aapp_competition_test,0,4445,2525,0,C:\Users\durgamaniryudh\Desktop\Learn\testing_evals\test\aapp_competition_test\3673\3673_gen_0.sv,xiaomi/mimo-v2-flash:free,stop,,gen-1769024910-vZQNJERXSzPg1KV710lv
802,mbpp_train,0,4540,1098,0,C:\Users\durgamaniryudh\Desktop\Learn\testing_evals\test\mbpp_train\802\802_gen_0.sv,xiaomi/mimo-v2-flash:free,stop,,gen-1769024927-2gSnd5iB1gxpFOFUIeT0
468,mbpp_test,0,4957,1813,0,C:\Users\durgamaniryudh\Desktop\Learn\testing_evals\test\mbpp_test\468\468_gen_0.sv,xiaomi/mimo-v2-flash:free,stop,,gen-1769024923-9pPhQf5pmAnUx3mAiff0
3668,aapp_competition_test,0,4204,211,0,C:\Users\durgamaniryudh\Desktop\Learn\testing_evals\test\aapp_competition_test\3668\3668_gen_0.sv,xiaomi/mimo-v2-flash:free,stop,,gen-1769024936-TzdodsXI9aryn9JFJDF9
3793,aapp_competition_test,0,5641,9308,0,C:\Users\durgamaniryudh\Desktop\Learn\testing_evals\test\aapp_competition_test\3793\3793_gen_0.sv,xiaomi/mimo-v2-flash:free,stop,,gen-1769024874-5Ohi2qCO32nb9yJ3lLlw
3526,aapp_competition_test,0,5031,1436,0,C:\Users\durgamaniryudh\Desktop\Learn\testing_evals\test\aapp_competition_test\3526\3526_gen_0.sv,xiaomi/mimo-v2-flash:free,stop,,gen-1769024935-Cd7j5thEB7Q0EXZkrL8K
3252,aapp_competition_test,0,5556,1819,0,C:\Users\durgamaniryudh\Desktop\Learn\testing_evals\test\aapp_competition_test\3252\3252_gen_0.sv,xiaomi/mimo-v2-flash:free,stop,,gen-1769024932-oHtLaur1BGQabqPSBGWs
3887,aapp_competition_test,0,4790,1056,0,C:\Users\durgamaniryudh\Desktop\Learn\testing_evals\test\aapp_competition_test\3887\3887_gen_0.sv,xiaomi/mimo-v2-flash:free,stop,,gen-1769024937-kE3Vbpg4n0QjwJqAjeQp
69,human_eval_test,0,4597,1081,0,C:\Users\durgamaniryudh\Desktop\Learn\testing_evals\test\human_eval_test\69\69_gen_0.sv,xiaomi/mimo-v2-flash:free,stop,,gen-1769024940-5MyNvkobiqRn7oMwD01t
3844,aapp_competition_test,0,5229,1698,0,C:\Users\durgamaniryudh\Desktop\Learn\testing_evals\test\aapp_competition_test\3844\3844_gen_0.sv,xiaomi/mimo-v2-flash:free,stop,,gen-1769024937-0pEjFn1PhPF7myexPJgw
3433,aapp_competition_test,0,5624,2190,0,C:\Users\durgamaniryudh\Desktop\Learn\testing_evals\test\aapp_competition_test\3433\3433_gen_0.sv,xiaomi/mimo-v2-flash:free,stop,,gen-1769024934-eCukchtpJAi7KcAr99Fy
3391,aapp_competition_test,0,5579,1874,0,C:\Users\durgamaniryudh\Desktop\Learn\testing_evals\test\aapp_competition_test\3391\3391_gen_0.sv,xiaomi/mimo-v2-flash:free,stop,,gen-1769024934-ZyeRG6wwT90pXxZuPxhg
260,mbpp_test,0,4440,668,0,C:\Users\durgamaniryudh\Desktop\Learn\testing_evals\test\mbpp_test\260\260_gen_0.sv,xiaomi/mimo-v2-flash:free,stop,,gen-1769024948-hgIVBLm9EWY0tBqYuHPd
3632,aapp_competition_test,0,5974,2454,0,C:\Users\durgamaniryudh\Desktop\Learn\testing_evals\test\aapp_competition_test\3632\3632_gen_0.sv,xiaomi/mimo-v2-flash:free,stop,,gen-1769024935-PGdSez7k7KDef5mk0kLV
130,human_eval_test,0,4544,1261,0,C:\Users\durgamaniryudh\Desktop\Learn\testing_evals\test\human_eval_test\130\130_gen_0.sv,xiaomi/mimo-v2-flash:free,stop,,gen-1769024945-8NUC2Pbsua9Cpuvb8Kol
583,mbpp_validation,0,4629,1003,0,C:\Users\durgamaniryudh\Desktop\Learn\testing_evals\test\mbpp_validation\583\583_gen_0.sv,xiaomi/mimo-v2-flash:free,stop,,gen-1769024949-JnhmYVBOxume34C3EbOz
3918,aapp_competition_test,0,5174,1682,0,C:\Users\durgamaniryudh\Desktop\Learn\testing_evals\test\aapp_competition_test\3918\3918_gen_0.sv,xiaomi/mimo-v2-flash:free,stop,,gen-1769024948-nmSnp2Nzt5Zn32ikxs6w
3630,aapp_competition_test,0,4393,838,0,C:\Users\durgamaniryudh\Desktop\Learn\testing_evals\test\aapp_competition_test\3630\3630_gen_0.sv,xiaomi/mimo-v2-flash:free,stop,,gen-1769024955-gIvTbStUKSE5FQ7WRPbS
3992,aapp_competition_test,0,5116,2726,0,C:\Users\durgamaniryudh\Desktop\Learn\testing_evals\test\aapp_competition_test\3992\3992_gen_0.sv,xiaomi/mimo-v2-flash:free,stop,,gen-1769024939-gTEDfs39fH5iyQiCaNpq
3894,aapp_competition_test,0,5099,1010,0,C:\Users\durgamaniryudh\Desktop\Learn\testing_evals\test\aapp_competition_test\3894\3894_gen_0.sv,xiaomi/mimo-v2-flash:free,stop,,gen-1769024956-LQmNFgKXQ1u0DpcjBMvt
3410,aapp_competition_test,0,4243,1295,0,C:\Users\durgamaniryudh\Desktop\Learn\testing_evals\test\aapp_competition_test\3410\3410_gen_0.sv,xiaomi/mimo-v2-flash:free,stop,,gen-1769024954-dAM9meRElf6gim3Ee5c4
3994,aapp_competition_test,0,4709,921,0,C:\Users\durgamaniryudh\Desktop\Learn\testing_evals\test\aapp_competition_test\3994\3994_gen_0.sv,xiaomi/mimo-v2-flash:free,stop,,gen-1769024958-R3e8Geueodcr83bChPww
3523,aapp_competition_test,0,5010,1224,0,C:\Users\durgamaniryudh\Desktop\Learn\testing_evals\test\aapp_competition_test\3523\3523_gen_0.sv,xiaomi/mimo-v2-flash:free,stop,,gen-1769024954-lvL16k2FnG63xYup4DbS
3255,aapp_competition_test,0,5187,1668,0,C:\Users\durgamaniryudh\Desktop\Learn\testing_evals\test\aapp_competition_test\3255\3255_gen_0.sv,xiaomi/mimo-v2-flash:free,stop,,gen-1769024950-dsZDezl1ZJyqS67SpQBO
3808,aapp_competition_test,0,4329,626,0,C:\Users\durgamaniryudh\Desktop\Learn\testing_evals\test\aapp_competition_test\3808\3808_gen_0.sv,xiaomi/mimo-v2-flash:free,stop,,gen-1769024965-vjoYl6wKaB4tf8QlLZRM
153,human_eval_test,0,4475,1351,0,C:\Users\durgamaniryudh\Desktop\Learn\testing_evals\test\human_eval_test\153\153_gen_0.sv,xiaomi/mimo-v2-flash:free,stop,,gen-1769024962-VtNuEBQCP1UAahHvHWCh
170,mbpp_test,0,4979,1210,0,C:\Users\durgamaniryudh\Desktop\Learn\testing_evals\test\mbpp_test\170\170_gen_0.sv,xiaomi/mimo-v2-flash:free,stop,,gen-1769024965-EB2K5OQjjC8fGXDTmB39
3664,aapp_competition_test,0,4155,1814,0,C:\Users\durgamaniryudh\Desktop\Learn\testing_evals\test\aapp_competition_test\3664\3664_gen_0.sv,xiaomi/mimo-v2-flash:free,stop,,gen-1769024956-MhLb65PmXj7SJIZfWcxP
3395,aapp_competition_test,0,5426,2867,0,C:\Users\durgamaniryudh\Desktop\Learn\testing_evals\test\aapp_competition_test\3395\3395_gen_0.sv,xiaomi/mimo-v2-flash:free,stop,,gen-1769024953-60sqKpQuQPyiThO0pOUc
3995,aapp_competition_test,0,4194,286,0,C:\Users\durgamaniryudh\Desktop\Learn\testing_evals\test\aapp_competition_test\3995\3995_gen_0.sv,xiaomi/mimo-v2-flash:free,stop,,gen-1769024976-dYzcp5ComJQH2M2AArRb
79,human_eval_test,0,4530,1373,0,C:\Users\durgamaniryudh\Desktop\Learn\testing_evals\test\human_eval_test\79\79_gen_0.sv,xiaomi/mimo-v2-flash:free,stop,,gen-1769024963-9YKr63ESP5AXOYE2a7cG
3436,aapp_competition_test,0,4292,1596,0,C:\Users\durgamaniryudh\Desktop\Learn\testing_evals\test\aapp_competition_test\3436\3436_gen_0.sv,xiaomi/mimo-v2-flash:free,stop,,gen-1769024969-ygnBoef8sAGcDiUhWAPo
3388,aapp_competition_test,0,5746,2398,0,C:\Users\durgamaniryudh\Desktop\Learn\testing_evals\test\aapp_competition_test\3388\3388_gen_0.sv,xiaomi/mimo-v2-flash:free,stop,,gen-1769024968-dvUWslhRm4baJKmsg8ZX
73,human_eval_test,0,4486,746,0,C:\Users\durgamaniryudh\Desktop\Learn\testing_evals\test\human_eval_test\73\73_gen_0.sv,xiaomi/mimo-v2-flash:free,stop,,gen-1769024982-Jn8pz5xzVIAF0ZHzGhZE
746,mbpp_train,0,5222,1168,0,C:\Users\durgamaniryudh\Desktop\Learn\testing_evals\test\mbpp_train\746\746_gen_0.sv,xiaomi/mimo-v2-flash:free,stop,,gen-1769024964-zJWPjyZYh1lbEZd3KyL5
3893,aapp_competition_test,0,5483,1527,0,C:\Users\durgamaniryudh\Desktop\Learn\testing_evals\test\aapp_competition_test\3893\3893_gen_0.sv,xiaomi/mimo-v2-flash:free,stop,,gen-1769024976-RvLUMoYHRUFtopha0oat
3532,aapp_competition_test,0,4597,1996,0,C:\Users\durgamaniryudh\Desktop\Learn\testing_evals\test\aapp_competition_test\3532\3532_gen_0.sv,xiaomi/mimo-v2-flash:free,stop,,gen-1769024971-t7YksAaHry1NtuS3cyWp
3633,aapp_competition_test,0,5028,1939,0,C:\Users\durgamaniryudh\Desktop\Learn\testing_evals\test\aapp_competition_test\3633\3633_gen_0.sv,xiaomi/mimo-v2-flash:free,stop,,gen-1769024975-GYD2Y6gP1O7ZXzH3JPLg
3678,aapp_competition_test,0,4098,2051,0,C:\Users\durgamaniryudh\Desktop\Learn\testing_evals\test\aapp_competition_test\3678\3678_gen_0.sv,xiaomi/mimo-v2-flash:free,stop,,gen-1769024976-DIWQiYVZtZstmLzwU5jP
3247,aapp_competition_test,0,5190,2882,0,C:\Users\durgamaniryudh\Desktop\Learn\testing_evals\test\aapp_competition_test\3247\3247_gen_0.sv,xiaomi/mimo-v2-flash:free,stop,,gen-1769024967-b5ttguxT2WJXDEbOY2T2
3935,aapp_competition_test,0,4316,515,0,C:\Users\durgamaniryudh\Desktop\Learn\testing_evals\test\aapp_competition_test\3935\3935_gen_0.sv,xiaomi/mimo-v2-flash:free,stop,,gen-1769024987-UzxPEFGlNau4HJ3alen5
82,human_eval_test,0,4312,215,0,C:\Users\durgamaniryudh\Desktop\Learn\testing_evals\test\human_eval_test\82\82_gen_0.sv,xiaomi/mimo-v2-flash:free,stop,,gen-1769024994-llIiQqPAXUTjTMl2Ez6J
578,mbpp_validation,0,4735,837,0,C:\Users\durgamaniryudh\Desktop\Learn\testing_evals\test\mbpp_validation\578\578_gen_0.sv,xiaomi/mimo-v2-flash:free,stop,,gen-1769024989-AvWOb9lRZYvWOkxdSRcs
447,mbpp_test,0,4841,1287,0,C:\Users\durgamaniryudh\Desktop\Learn\testing_evals\test\mbpp_test\447\447_gen_0.sv,xiaomi/mimo-v2-flash:free,stop,,gen-1769024990-cAQnm2hQ4TACH8wAB6Y8
311,mbpp_test,0,4602,1437,0,C:\Users\durgamaniryudh\Desktop\Learn\testing_evals\test\mbpp_test\311\311_gen_0.sv,xiaomi/mimo-v2-flash:free,stop,,gen-1769024984-go6yLCWOpv3enM428eYz
3792,aapp_competition_test,0,4343,559,0,C:\Users\durgamaniryudh\Desktop\Learn\testing_evals\test\aapp_competition_test\3792\3792_gen_0.sv,xiaomi/mimo-v2-flash:free,stop,,gen-1769024992-NbO0OOQbc0F54CKZA4pK
751,mbpp_train,0,4606,1451,0,C:\Users\durgamaniryudh\Desktop\Learn\testing_evals\test\mbpp_train\751\751_gen_0.sv,xiaomi/mimo-v2-flash:free,stop,,gen-1769024990-81tvQcbjOCYqqRkGpocv
3248,aapp_competition_test,0,4633,978,0,C:\Users\durgamaniryudh\Desktop\Learn\testing_evals\test\aapp_competition_test\3248\3248_gen_0.sv,xiaomi/mimo-v2-flash:free,stop,,gen-1769024994-BpVDuVGtZtYdikYz4z7N
87,mbpp_test,0,6238,1792,0,C:\Users\durgamaniryudh\Desktop\Learn\testing_evals\test\mbpp_test\87\87_gen_0.sv,xiaomi/mimo-v2-flash:free,stop,,gen-1769024990-waTPGGmHgxEIvgdTxuAq
3443,aapp_competition_test,0,4933,1329,0,C:\Users\durgamaniryudh\Desktop\Learn\testing_evals\test\aapp_competition_test\3443\3443_gen_0.sv,xiaomi/mimo-v2-flash:free,stop,,gen-1769024997-Q1x5QSQvUzHZbYqdh5H3
3631,aapp_competition_test,0,4961,1294,0,C:\Users\durgamaniryudh\Desktop\Learn\testing_evals\test\aapp_competition_test\3631\3631_gen_0.sv,xiaomi/mimo-v2-flash:free,stop,,gen-1769025001-kuURJb1A0rWW5aPUwjtD
3987,aapp_competition_test,0,4675,1026,0,C:\Users\durgamaniryudh\Desktop\Learn\testing_evals\test\aapp_competition_test\3987\3987_gen_0.sv,xiaomi/mimo-v2-flash:free,stop,,gen-1769025002-ZvxQwMYy6gCtIJMz58NR
3896,aapp_competition_test,0,4689,1211,0,C:\Users\durgamaniryudh\Desktop\Learn\testing_evals\test\aapp_competition_test\3896\3896_gen_0.sv,xiaomi/mimo-v2-flash:free,stop,,gen-1769025001-irO9yyEFp8CLtDuKIVPi
3824,aapp_competition_test,0,4131,302,0,C:\Users\durgamaniryudh\Desktop\Learn\testing_evals\test\aapp_competition_test\3824\3824_gen_0.sv,xiaomi/mimo-v2-flash:free,stop,,gen-1769025009-4zy0pqr7BnyHmnsJcL2l
90,human_eval_test,0,4684,1030,0,C:\Users\durgamaniryudh\Desktop\Learn\testing_evals\test\human_eval_test\90\90_gen_0.sv,xiaomi/mimo-v2-flash:free,stop,,gen-1769025003-PdwjYb5oS9bZldqe9sNm
388,mbpp_test,0,4307,246,0,C:\Users\durgamaniryudh\Desktop\Learn\testing_evals\test\mbpp_test\388\388_gen_0.sv,xiaomi/mimo-v2-flash:free,stop,,gen-1769025012-WPXYR750IvSEk2Bwqghv
13,human_eval_test,0,4258,1054,0,C:\Users\durgamaniryudh\Desktop\Learn\testing_evals\test\human_eval_test\13\13_gen_0.sv,xiaomi/mimo-v2-flash:free,stop,,gen-1769025005-LwpkmBVx3QCPJIQGtgbS
3394,aapp_competition_test,0,5284,2624,0,C:\Users\durgamaniryudh\Desktop\Learn\testing_evals\test\aapp_competition_test\3394\3394_gen_0.sv,xiaomi/mimo-v2-flash:free,stop,,gen-1769024994-Lmih0K6466KW490BzrY1
7,human_eval_test,0,4499,670,0,C:\Users\durgamaniryudh\Desktop\Learn\testing_evals\test\human_eval_test\7\7_gen_0.sv,xiaomi/mimo-v2-flash:free,stop,,gen-1769025012-7AmASxbuS4ftLr8q4SZs
3680,aapp_competition_test,0,5183,2272,0,C:\Users\durgamaniryudh\Desktop\Learn\testing_evals\test\aapp_competition_test\3680\3680_gen_0.sv,xiaomi/mimo-v2-flash:free,stop,,gen-1769025001-xRrpf71T2vLQpEHMHGGY
3389,aapp_competition_test,0,5466,1524,0,C:\Users\durgamaniryudh\Desktop\Learn\testing_evals\test\aapp_competition_test\3389\3389_gen_0.sv,xiaomi/mimo-v2-flash:free,stop,,gen-1769025013-Tv3j4Z4AhFp3VzMhvfoO
3677,aapp_competition_test,0,4499,1132,0,C:\Users\durgamaniryudh\Desktop\Learn\testing_evals\test\aapp_competition_test\3677\3677_gen_0.sv,xiaomi/mimo-v2-flash:free,stop,,gen-1769025019-R7fXulBjWEUGrVEunYVn
3437,aapp_competition_test,0,5242,1729,0,C:\Users\durgamaniryudh\Desktop\Learn\testing_evals\test\aapp_competition_test\3437\3437_gen_0.sv,xiaomi/mimo-v2-flash:free,stop,,gen-1769025015-nN0D7evIMWcLFe9ye7jN
3898,aapp_competition_test,0,4547,877,0,C:\Users\durgamaniryudh\Desktop\Learn\testing_evals\test\aapp_competition_test\3898\3898_gen_0.sv,xiaomi/mimo-v2-flash:free,stop,,gen-1769025020-7gp8kQawvzqx3hmPnKS9
3533,aapp_competition_test,0,5348,1845,0,C:\Users\durgamaniryudh\Desktop\Learn\testing_evals\test\aapp_competition_test\3533\3533_gen_0.sv,xiaomi/mimo-v2-flash:free,stop,,gen-1769025016-efrLM7eN7CxK8BEQdUBW
3536,aapp_competition_test,0,6464,3701,0,C:\Users\durgamaniryudh\Desktop\Learn\testing_evals\test\aapp_competition_test\3536\3536_gen_0.sv,xiaomi/mimo-v2-flash:free,stop,,gen-1769024997-ppHIu16ZZYIxz0wryQe8
3621,aapp_competition_test,0,4737,1310,0,C:\Users\durgamaniryudh\Desktop\Learn\testing_evals\test\aapp_competition_test\3621\3621_gen_0.sv,xiaomi/mimo-v2-flash:free,stop,,gen-1769025016-Fl9XFRFQjSqMTiuWJYzy
3997,aapp_competition_test,0,4295,577,0,C:\Users\durgamaniryudh\Desktop\Learn\testing_evals\test\aapp_competition_test\3997\3997_gen_0.sv,xiaomi/mimo-v2-flash:free,stop,,gen-1769025029-7tnMu0dF1Uo29laCq4vi
307,mbpp_test,0,4195,230,0,C:\Users\durgamaniryudh\Desktop\Learn\testing_evals\test\mbpp_test\307\307_gen_0.sv,xiaomi/mimo-v2-flash:free,stop,,gen-1769025032-Drv258LSimgn6jae5lXo
44,human_eval_test,0,5160,5136,0,C:\Users\durgamaniryudh\Desktop\Learn\testing_evals\test\human_eval_test\44\44_gen_0.sv,xiaomi/mimo-v2-flash:free,stop,,gen-1769024980-BTxJqBPuMwAperQFzxpb
49,human_eval_test,0,4258,868,0,C:\Users\durgamaniryudh\Desktop\Learn\testing_evals\test\human_eval_test\49\49_gen_0.sv,xiaomi/mimo-v2-flash:free,stop,,gen-1769025030-gMGpb2Vax2agAwGXEZ0T
126,human_eval_test,0,4152,604,0,C:\Users\durgamaniryudh\Desktop\Learn\testing_evals\test\human_eval_test\126\126_gen_0.sv,xiaomi/mimo-v2-flash:free,stop,,gen-1769025033-LNFVvDLlLPh160RXmVr4
36,human_eval_test,0,4215,389,0,C:\Users\durgamaniryudh\Desktop\Learn\testing_evals\test\human_eval_test\36\36_gen_0.sv,xiaomi/mimo-v2-flash:free,stop,,gen-1769025035-IqBzCqGf0M9iAjsQGhLR
755,mbpp_train,0,4683,946,0,C:\Users\durgamaniryudh\Desktop\Learn\testing_evals\test\mbpp_train\755\755_gen_0.sv,xiaomi/mimo-v2-flash:free,stop,,gen-1769025033-DiMQNU5oEFvO3dGTGkyF
65,mbpp_test,0,4518,1104,0,C:\Users\durgamaniryudh\Desktop\Learn\testing_evals\test\mbpp_test\65\65_gen_0.sv,xiaomi/mimo-v2-flash:free,stop,,gen-1769025031-m5Wjy3cENd0v7N5hNfMX
641,mbpp_train,0,4376,775,0,C:\Users\durgamaniryudh\Desktop\Learn\testing_evals\test\mbpp_train\641\641_gen_0.sv,xiaomi/mimo-v2-flash:free,stop,,gen-1769025035-w1D1L6ibaWSDJUbg4KA4
590,mbpp_validation,0,4531,3733,0,C:\Users\durgamaniryudh\Desktop\Learn\testing_evals\test\mbpp_validation\590\590_gen_0.sv,xiaomi/mimo-v2-flash:free,stop,,gen-1769025012-SLmFPbSPxAkdqOXq95iy
102,mbpp_test,0,4418,1842,0,C:\Users\durgamaniryudh\Desktop\Learn\testing_evals\test\mbpp_test\102\102_gen_0.sv,xiaomi/mimo-v2-flash:free,stop,,gen-1769025035-qjO6SDjClURN07hDOYc5
3899,aapp_competition_test,0,4824,3484,0,C:\Users\durgamaniryudh\Desktop\Learn\testing_evals\test\aapp_competition_test\3899\3899_gen_0.sv,xiaomi/mimo-v2-flash:free,stop,,gen-1769025027-F8GmMrb43VsZb9pOjD3W
3249,aapp_competition_test,0,4554,5241,0,C:\Users\durgamaniryudh\Desktop\Learn\testing_evals\test\aapp_competition_test\3249\3249_gen_0.sv,xiaomi/mimo-v2-flash:free,stop,,gen-1769025012-6ryk1HsBIEZCUu31u6RX
3843,aapp_competition_test,0,5480,2427,0,C:\Users\durgamaniryudh\Desktop\Learn\testing_evals\test\aapp_competition_test\3843\3843_gen_0.sv,xiaomi/mimo-v2-flash:free,stop,,gen-1769025039-YJ6YPQMIbjBHfuAYlsHz
