task_id,source,iteration,input_tokens,output_tokens,reasoning_tokens,verilog_file,model_name,finish_reason,system_fingerprint,run_id
85,human_eval_test,0,726,7348,6639,C:\Users\durgamaniryudh\Desktop\Learn\llm_eval\test\human_eval_test\85\85_gen_0.sv,allenai/olmo-3.1-32b-think:free,stop,,gen-1766372920-bJpGovAGNSiJ1NDrvKqY
151,human_eval_test,0,724,7301,6008,C:\Users\durgamaniryudh\Desktop\Learn\llm_eval\test\human_eval_test\151\151_gen_0.sv,allenai/olmo-3.1-32b-think:free,stop,,gen-1766372920-99fGzoDKY23l1ypKu3zu
3750,aapp_competition_test,0,768,14474,13920,C:\Users\durgamaniryudh\Desktop\Learn\llm_eval\test\aapp_competition_test\3750\3750_gen_0.sv,allenai/olmo-3.1-32b-think:free,stop,,gen-1766372920-4T3KwV9vyNrWhY8JrwSD
3213,aapp_competition_test,0,724,15844,15396,C:\Users\durgamaniryudh\Desktop\Learn\llm_eval\test\aapp_competition_test\3213\3213_gen_0.sv,allenai/olmo-3.1-32b-think:free,stop,,gen-1766372920-EFuVCjsyuDQgSiviGqjb
3208,aapp_competition_test,0,1105,15695,16618,C:\Users\durgamaniryudh\Desktop\Learn\llm_eval\test\aapp_competition_test\3208\3208_gen_0.sv,allenai/olmo-3.1-32b-think:free,stop,,gen-1766372920-zdgoqlisdAZOrGfnPr7U
3996,aapp_competition_test,0,1461,16311,16356,C:\Users\durgamaniryudh\Desktop\Learn\llm_eval\test\aapp_competition_test\3996\3996_gen_0.sv,allenai/olmo-3.1-32b-think:free,stop,,gen-1766372920-ZQwcwBztt2MvYMGzaJ2L
3104,aapp_competition_test,0,555,20122,19363,C:\Users\durgamaniryudh\Desktop\Learn\llm_eval\test\aapp_competition_test\3104\3104_gen_0.sv,allenai/olmo-3.1-32b-think:free,stop,,gen-1766372920-cVYJZAPRDcHig8O3W8kG
3099,aapp_competition_test,0,685,20655,19664,C:\Users\durgamaniryudh\Desktop\Learn\llm_eval\test\aapp_competition_test\3099\3099_gen_0.sv,allenai/olmo-3.1-32b-think:free,stop,,gen-1766372920-rKnk5DDpQbGQzwUe4qSR
3752,aapp_competition_test,0,857,20487,20214,C:\Users\durgamaniryudh\Desktop\Learn\llm_eval\test\aapp_competition_test\3752\3752_gen_0.sv,allenai/olmo-3.1-32b-think:free,stop,,gen-1766373051-XnP7JntIWm4AUrSkhrrU
3351,aapp_competition_test,0,975,11321,11221,C:\Users\durgamaniryudh\Desktop\Learn\llm_eval\test\aapp_competition_test\3351\3351_gen_0.sv,allenai/olmo-3.1-32b-think:free,stop,,gen-1766373227-cyjCGe7CDN1pCv972JnY
3350,aapp_competition_test,0,854,29908,25416,C:\Users\durgamaniryudh\Desktop\Learn\llm_eval\test\aapp_competition_test\3350\3350_gen_0.sv,allenai/olmo-3.1-32b-think:free,stop,,gen-1766372920-wRnmyV1iUAqa4zkdIAOc
3998,aapp_competition_test,0,666,26266,26350,C:\Users\durgamaniryudh\Desktop\Learn\llm_eval\test\aapp_competition_test\3998\3998_gen_0.sv,allenai/olmo-3.1-32b-think:free,stop,,gen-1766373055-9QdVmsAKto3Q2NF7wKK6
124,human_eval_test,0,751,21304,20099,C:\Users\durgamaniryudh\Desktop\Learn\llm_eval\test\human_eval_test\124\124_gen_0.sv,allenai/olmo-3.1-32b-think:free,stop,,gen-1766373211-L6yV9sRFkxuWvJ5xPIz4
59,human_eval_test,0,784,20099,18365,C:\Users\durgamaniryudh\Desktop\Learn\llm_eval\test\human_eval_test\59\59_gen_0.sv,allenai/olmo-3.1-32b-think:free,stop,,gen-1766373221-bsN2E5w8qUjmsRjH5GIf
138,human_eval_test,0,650,8797,9094,C:\Users\durgamaniryudh\Desktop\Learn\llm_eval\test\human_eval_test\138\138_gen_0.sv,allenai/olmo-3.1-32b-think:free,stop,,gen-1766373477-YhEdclVXw285HshX1Z5r
3108,aapp_competition_test,0,759,22358,20050,C:\Users\durgamaniryudh\Desktop\Learn\llm_eval\test\aapp_competition_test\3108\3108_gen_0.sv,allenai/olmo-3.1-32b-think:free,stop,,gen-1766373231-qe7dE30VdYTPw14lsJUd
3215,aapp_competition_test,0,678,24049,22003,C:\Users\durgamaniryudh\Desktop\Learn\llm_eval\test\aapp_competition_test\3215\3215_gen_0.sv,allenai/olmo-3.1-32b-think:free,stop,,gen-1766373239-dbuR7BpXO6aOLA8PDG9A
3347,aapp_competition_test,0,596,21088,20925,C:\Users\durgamaniryudh\Desktop\Learn\llm_eval\test\aapp_competition_test\3347\3347_gen_0.sv,allenai/olmo-3.1-32b-think:free,stop,,gen-1766373322-Ol7CamNaqtbLjvk3OPNR
3745,aapp_competition_test,0,944,20775,19771,C:\Users\durgamaniryudh\Desktop\Learn\llm_eval\test\aapp_competition_test\3745\3745_gen_0.sv,allenai/olmo-3.1-32b-think:free,stop,,gen-1766373343-TCFHrnJ8GNM4lBqJHEzq
73,human_eval_test,0,702,4262,3879,C:\Users\durgamaniryudh\Desktop\Learn\llm_eval\test\human_eval_test\73\73_gen_0.sv,allenai/olmo-3.1-32b-think:free,stop,,gen-1766373712-tfDvAmgcgeZeAPhmHHMu
3103,aapp_competition_test,0,1106,15297,15909,C:\Users\durgamaniryudh\Desktop\Learn\llm_eval\test\aapp_competition_test\3103\3103_gen_0.sv,allenai/olmo-3.1-32b-think:free,stop,,gen-1766373573-xJUTW7hXK0Rqh6DfZSa3
125,human_eval_test,0,777,21804,20271,C:\Users\durgamaniryudh\Desktop\Learn\llm_eval\test\human_eval_test\125\125_gen_0.sv,allenai/olmo-3.1-32b-think:free,stop,,gen-1766373459-7OYbRkVMirQdrtAJJRmC
3988,aapp_competition_test,0,1121,22650,22431,C:\Users\durgamaniryudh\Desktop\Learn\llm_eval\test\aapp_competition_test\3988\3988_gen_0.sv,allenai/olmo-3.1-32b-think:free,stop,,gen-1766373453-sBPm5z9tmcSc2cv4MsVk
3352,aapp_competition_test,0,691,10728,10171,C:\Users\durgamaniryudh\Desktop\Learn\llm_eval\test\aapp_competition_test\3352\3352_gen_0.sv,allenai/olmo-3.1-32b-think:free,stop,,gen-1766373766-QcDpokRpHregDWTq88YB
3111,aapp_competition_test,0,1629,14224,13276,C:\Users\durgamaniryudh\Desktop\Learn\llm_eval\test\aapp_competition_test\3111\3111_gen_0.sv,allenai/olmo-3.1-32b-think:free,stop,,gen-1766373760-NUyhQVBUU0cMPr99tQtC
3216,aapp_competition_test,0,1122,24468,23087,C:\Users\durgamaniryudh\Desktop\Learn\llm_eval\test\aapp_competition_test\3216\3216_gen_0.sv,allenai/olmo-3.1-32b-think:free,stop,,gen-1766373600-Rb9G19jzJjLnyvdDsFVP
3218,aapp_competition_test,0,964,16958,15254,C:\Users\durgamaniryudh\Desktop\Learn\llm_eval\test\aapp_competition_test\3218\3218_gen_0.sv,allenai/olmo-3.1-32b-think:free,stop,,gen-1766373811-kWjWFk5UwvdRO0noaNMs
3746,aapp_competition_test,0,1158,22918,19207,C:\Users\durgamaniryudh\Desktop\Learn\llm_eval\test\aapp_competition_test\3746\3746_gen_0.sv,allenai/olmo-3.1-32b-think:free,stop,,gen-1766373651-auLRiwSKMqBxlNHbbb5V
3999,aapp_competition_test,0,997,26272,24654,C:\Users\durgamaniryudh\Desktop\Learn\llm_eval\test\aapp_competition_test\3999\3999_gen_0.sv,allenai/olmo-3.1-32b-think:free,stop,,gen-1766373682-93QwJbMFQPGVuFZJFiIn
112,human_eval_test,0,775,22224,21277,C:\Users\durgamaniryudh\Desktop\Learn\llm_eval\test\human_eval_test\112\112_gen_0.sv,allenai/olmo-3.1-32b-think:free,stop,,gen-1766373741-wvlQ6wJRxj6o5TLC8gPI
60,human_eval_test,0,507,3133,3096,C:\Users\durgamaniryudh\Desktop\Learn\llm_eval\test\human_eval_test\60\60_gen_0.sv,allenai/olmo-3.1-32b-think:free,stop,,gen-1766374202-yLy1erYrnQXoiYVrazOF
126,human_eval_test,0,635,16360,16575,C:\Users\durgamaniryudh\Desktop\Learn\llm_eval\test\human_eval_test\126\126_gen_0.sv,allenai/olmo-3.1-32b-think:free,stop,,gen-1766373993-RoCQdjt1gu5A1wMkNOxd
3997,aapp_competition_test,0,1386,19873,19875,C:\Users\durgamaniryudh\Desktop\Learn\llm_eval\test\aapp_competition_test\3997\3997_gen_0.sv,allenai/olmo-3.1-32b-think:free,stop,,gen-1766373931-o0F0UAWi4xk0QG17ZrDW
3751,aapp_competition_test,0,780,18728,19332,C:\Users\durgamaniryudh\Desktop\Learn\llm_eval\test\aapp_competition_test\3751\3751_gen_0.sv,allenai/olmo-3.1-32b-think:free,stop,,gen-1766373925-tdcMcZaYGQHPnQWqojzm
3354,aapp_competition_test,0,1026,24443,20451,C:\Users\durgamaniryudh\Desktop\Learn\llm_eval\test\aapp_competition_test\3354\3354_gen_0.sv,allenai/olmo-3.1-32b-think:free,stop,,gen-1766373877-5JJGLq1CcQWNO1t0AEU9
3112,aapp_competition_test,0,867,13415,13553,C:\Users\durgamaniryudh\Desktop\Learn\llm_eval\test\aapp_competition_test\3112\3112_gen_0.sv,allenai/olmo-3.1-32b-think:free,stop,,gen-1766374104-n2gglHlnHUEJnRf8Qg1y
32,human_eval_test,0,813,20063,17544,C:\Users\durgamaniryudh\Desktop\Learn\llm_eval\test\human_eval_test\32\32_gen_0.sv,allenai/olmo-3.1-32b-think:free,stop,,gen-1766374045-w0vjZF4L4XalQ6Q0roX4
3353,aapp_competition_test,0,829,12971,13200,C:\Users\durgamaniryudh\Desktop\Learn\llm_eval\test\aapp_competition_test\3353\3353_gen_0.sv,allenai/olmo-3.1-32b-think:free,stop,,gen-1766374158-Jpm6WtkMAzvcyc1xr37t
3220,aapp_competition_test,0,1846,17841,16960,C:\Users\durgamaniryudh\Desktop\Learn\llm_eval\test\aapp_competition_test\3220\3220_gen_0.sv,allenai/olmo-3.1-32b-think:free,stop,,gen-1766374134-qGL8o2TWnaQBVwXDa1x3
17,mbpp_test,0,608,4169,3085,C:\Users\durgamaniryudh\Desktop\Learn\llm_eval\test\mbpp_test\17\17_gen_0.sv,allenai/olmo-3.1-32b-think:free,stop,,gen-1766374377-966c9t6dsekaEAghd1b4
3753,aapp_competition_test,0,858,15969,15026,C:\Users\durgamaniryudh\Desktop\Learn\llm_eval\test\aapp_competition_test\3753\3753_gen_0.sv,allenai/olmo-3.1-32b-think:free,stop,,gen-1766374174-43jwflbyHtzRdEqK3rt6
3356,aapp_competition_test,0,1853,13890,13633,C:\Users\durgamaniryudh\Desktop\Learn\llm_eval\test\aapp_competition_test\3356\3356_gen_0.sv,allenai/olmo-3.1-32b-think:free,stop,,gen-1766374306-ke8so9wMrciwo5h5n7XM
152,human_eval_test,0,502,6783,6994,C:\Users\durgamaniryudh\Desktop\Learn\llm_eval\test\human_eval_test\152\152_gen_0.sv,allenai/olmo-3.1-32b-think:free,stop,,gen-1766374443-DNxhVMOqPMCc8iKryf76
3105,aapp_competition_test,0,690,16228,15296,C:\Users\durgamaniryudh\Desktop\Learn\llm_eval\test\aapp_competition_test\3105\3105_gen_0.sv,allenai/olmo-3.1-32b-think:free,stop,,gen-1766374278-byU5bEV0HSEuycR70A9M
111,human_eval_test,0,854,18276,17414,C:\Users\durgamaniryudh\Desktop\Learn\llm_eval\test\human_eval_test\111\111_gen_0.sv,allenai/olmo-3.1-32b-think:free,stop,,gen-1766374258-rLRJ3GVbJA724ethjZm3
3222,aapp_competition_test,0,979,16390,15805,C:\Users\durgamaniryudh\Desktop\Learn\llm_eval\test\aapp_competition_test\3222\3222_gen_0.sv,allenai/olmo-3.1-32b-think:free,stop,,gen-1766374291-McXjaoMptLKFinh5Dntv
20,human_eval_test,0,729,19379,19384,C:\Users\durgamaniryudh\Desktop\Learn\llm_eval\test\human_eval_test\20\20_gen_0.sv,allenai/olmo-3.1-32b-think:free,stop,,gen-1766374256-bwzwFO69JBX3YOJaUSdq
14,mbpp_test,0,633,5110,4946,C:\Users\durgamaniryudh\Desktop\Learn\llm_eval\test\mbpp_test\14\14_gen_0.sv,allenai/olmo-3.1-32b-think:free,stop,,gen-1766374572-h0RJkICOb689gkLMULuN
3757,aapp_competition_test,0,926,17767,15805,C:\Users\durgamaniryudh\Desktop\Learn\llm_eval\test\aapp_competition_test\3757\3757_gen_0.sv,allenai/olmo-3.1-32b-think:free,stop,,gen-1766374359-n5npJtvcHyY1fsP0Oa9N
61,human_eval_test,0,593,16470,16347,C:\Users\durgamaniryudh\Desktop\Learn\llm_eval\test\human_eval_test\61\61_gen_0.sv,allenai/olmo-3.1-32b-think:free,stop,,gen-1766374399-oLz3OFWwfD4NTX5BoZTM
3110,aapp_competition_test,0,832,14539,14917,C:\Users\durgamaniryudh\Desktop\Learn\llm_eval\test\aapp_competition_test\3110\3110_gen_0.sv,allenai/olmo-3.1-32b-think:free,stop,,gen-1766374459-7aYR9qLmN0GBGv8Q0Fi8
3223,aapp_competition_test,0,2027,17606,17964,C:\Users\durgamaniryudh\Desktop\Learn\llm_eval\test\aapp_competition_test\3223\3223_gen_0.sv,allenai/olmo-3.1-32b-think:free,stop,,gen-1766374471-SDEB1BMzQfOxudlncA2d
3756,aapp_competition_test,0,1012,15423,15377,C:\Users\durgamaniryudh\Desktop\Learn\llm_eval\test\aapp_competition_test\3756\3756_gen_0.sv,allenai/olmo-3.1-32b-think:free,stop,,gen-1766374552-tnFUsTpQ4pKbcPtvfWeZ
7,human_eval_test,0,763,15235,16461,C:\Users\durgamaniryudh\Desktop\Learn\llm_eval\test\human_eval_test\7\7_gen_0.sv,allenai/olmo-3.1-32b-think:free,stop,,gen-1766374580-O4sIF1DC6BVycyzCRdAC
3102,aapp_competition_test,0,1243,18276,16869,C:\Users\durgamaniryudh\Desktop\Learn\llm_eval\test\aapp_competition_test\3102\3102_gen_0.sv,allenai/olmo-3.1-32b-think:free,stop,,gen-1766374595-Y4Xq9OLiwkpF0zogUDSo
8,human_eval_test,0,565,15043,15356,C:\Users\durgamaniryudh\Desktop\Learn\llm_eval\test\human_eval_test\8\8_gen_0.sv,allenai/olmo-3.1-32b-think:free,stop,,gen-1766374701-wcD2P07A74YCFk8ltcOA
3357,aapp_competition_test,0,936,25503,22226,C:\Users\durgamaniryudh\Desktop\Learn\llm_eval\test\aapp_competition_test\3357\3357_gen_0.sv,allenai/olmo-3.1-32b-think:free,stop,,gen-1766374545-ct0LGRBcW88LQqWdyb5b
99,human_eval_test,0,1124,23080,23267,C:\Users\durgamaniryudh\Desktop\Learn\llm_eval\test\human_eval_test\99\99_gen_0.sv,allenai/olmo-3.1-32b-think:free,stop,,gen-1766374591-X1th6uC67qx9qCDyJmkS
3760,aapp_competition_test,0,1423,20279,17192,C:\Users\durgamaniryudh\Desktop\Learn\llm_eval\test\aapp_competition_test\3760\3760_gen_0.sv,allenai/olmo-3.1-32b-think:free,stop,,gen-1766374679-nfzSlzzyuDVu86RJMoPY
3355,aapp_competition_test,0,1055,20269,19449,C:\Users\durgamaniryudh\Desktop\Learn\llm_eval\test\aapp_competition_test\3355\3355_gen_0.sv,allenai/olmo-3.1-32b-think:free,stop,,gen-1766374667-zvXglBJK3Kml0hBm3MdK
3224,aapp_competition_test,0,679,21469,17293,C:\Users\durgamaniryudh\Desktop\Learn\llm_eval\test\aapp_competition_test\3224\3224_gen_0.sv,allenai/olmo-3.1-32b-think:free,stop,,gen-1766374661-usF7gXXssYn1X0eFjExE
21,human_eval_test,0,711,18293,16550,C:\Users\durgamaniryudh\Desktop\Learn\llm_eval\test\human_eval_test\21\21_gen_0.sv,allenai/olmo-3.1-32b-think:free,stop,,gen-1766374821-VdLzdeSYi6eu9hkJo7ZD
3114,aapp_competition_test,0,777,15626,15333,C:\Users\durgamaniryudh\Desktop\Learn\llm_eval\test\aapp_competition_test\3114\3114_gen_0.sv,allenai/olmo-3.1-32b-think:free,stop,,gen-1766374911-1Eab78Z3KJSdbQjRDW6m
3759,aapp_competition_test,0,2823,11175,9616,C:\Users\durgamaniryudh\Desktop\Learn\llm_eval\test\aapp_competition_test\3759\3759_gen_0.sv,allenai/olmo-3.1-32b-think:free,stop,,gen-1766375006-vwXuymFsnHkTqs8dmet7
16,mbpp_test,0,622,20492,23481,C:\Users\durgamaniryudh\Desktop\Learn\llm_eval\test\mbpp_test\16\16_gen_0.sv,allenai/olmo-3.1-32b-think:free,stop,,gen-1766374855-9QNl05otsVHvUauDgMiL
57,mbpp_test,0,623,25835,18555,C:\Users\durgamaniryudh\Desktop\Learn\llm_eval\test\mbpp_test\57\57_gen_0.sv,allenai/olmo-3.1-32b-think:free,stop,,gen-1766374835-4qto3yKqxoM2AGneVLpc
3226,aapp_competition_test,0,987,18828,18495,C:\Users\durgamaniryudh\Desktop\Learn\llm_eval\test\aapp_competition_test\3226\3226_gen_0.sv,allenai/olmo-3.1-32b-think:free,stop,,gen-1766374959-DNR1WQRmpDdncqPn3j87
3361,aapp_competition_test,0,783,19346,19424,C:\Users\durgamaniryudh\Desktop\Learn\llm_eval\test\aapp_competition_test\3361\3361_gen_0.sv,allenai/olmo-3.1-32b-think:free,stop,,gen-1766374977-DLRbfPIWWeWIl2Qu0NWE
3116,aapp_competition_test,0,786,14351,13538,C:\Users\durgamaniryudh\Desktop\Learn\llm_eval\test\aapp_competition_test\3116\3116_gen_0.sv,allenai/olmo-3.1-32b-think:free,stop,,gen-1766375147-5Fub4TjDIcvsotSCzI2y
113,human_eval_test,0,948,22521,21324,C:\Users\durgamaniryudh\Desktop\Learn\llm_eval\test\human_eval_test\113\113_gen_0.sv,allenai/olmo-3.1-32b-think:free,stop,,gen-1766375032-dRlYgRMdsvo74AKxSIxj
3762,aapp_competition_test,0,622,13145,13450,C:\Users\durgamaniryudh\Desktop\Learn\llm_eval\test\aapp_competition_test\3762\3762_gen_0.sv,allenai/olmo-3.1-32b-think:free,stop,,gen-1766375271-n9DSfR9Pw9T5cizhDwVL
3362,aapp_competition_test,0,1070,18224,17863,C:\Users\durgamaniryudh\Desktop\Learn\llm_eval\test\aapp_competition_test\3362\3362_gen_0.sv,allenai/olmo-3.1-32b-think:free,stop,,gen-1766375203-7Yv1pYlJpcQGDpGaXdEJ
3228,aapp_competition_test,0,850,21314,20462,C:\Users\durgamaniryudh\Desktop\Learn\llm_eval\test\aapp_competition_test\3228\3228_gen_0.sv,allenai/olmo-3.1-32b-think:free,stop,,gen-1766375203-AUywFUCq2DVSGT7DuJAT
100,human_eval_test,0,1000,14781,15247,C:\Users\durgamaniryudh\Desktop\Learn\llm_eval\test\human_eval_test\100\100_gen_0.sv,allenai/olmo-3.1-32b-think:free,stop,,gen-1766375315-gxVX8oqUCrSILbI0KOJ5
47,human_eval_test,0,927,30953,28953,C:\Users\durgamaniryudh\Desktop\Learn\llm_eval\test\human_eval_test\47\47_gen_0.sv,allenai/olmo-3.1-32b-think:free,stop,,gen-1766375066-uB5ckX5dpTyBOXdBn2q2
12,mbpp_test,0,692,19467,16034,C:\Users\durgamaniryudh\Desktop\Learn\llm_eval\test\mbpp_test\12\12_gen_0.sv,allenai/olmo-3.1-32b-think:free,stop,,gen-1766375339-YI7iAxk6sBCfgobL1BAo
3117,aapp_competition_test,0,858,15967,18280,C:\Users\durgamaniryudh\Desktop\Learn\llm_eval\test\aapp_competition_test\3117\3117_gen_0.sv,allenai/olmo-3.1-32b-think:free,stop,,gen-1766375422-gZp4qMosVRnM6dY0cTCa
3227,aapp_competition_test,0,2208,13091,13546,C:\Users\durgamaniryudh\Desktop\Learn\llm_eval\test\aapp_competition_test\3227\3227_gen_0.sv,allenai/olmo-3.1-32b-think:free,stop,,gen-1766375448-BoU7AIVScxChFjgTTVMO
11,mbpp_test,0,787,32768,32694,C:\Users\durgamaniryudh\Desktop\Learn\llm_eval\test\mbpp_test\11\11_gen_0.sv,allenai/olmo-3.1-32b-think:free,length,,gen-1766375080-AnfJZdfvQDJvbMYUdlFa
33,human_eval_test,0,789,21543,21159,C:\Users\durgamaniryudh\Desktop\Learn\llm_eval\test\human_eval_test\33\33_gen_0.sv,allenai/olmo-3.1-32b-think:free,stop,,gen-1766375313-iiPnOFGegCIkwv2pNUUl
59,mbpp_test,0,510,3610,3332,C:\Users\durgamaniryudh\Desktop\Learn\llm_eval\test\mbpp_test\59\59_gen_0.sv,allenai/olmo-3.1-32b-think:free,stop,,gen-1766375679-cMATuXEpU9z1QEoCrcZh
75,human_eval_test,0,780,13044,10738,C:\Users\durgamaniryudh\Desktop\Learn\llm_eval\test\human_eval_test\75\75_gen_0.sv,allenai/olmo-3.1-32b-think:free,stop,,gen-1766375600-AWhZCNPWsZnXHbmjigb0
3360,aapp_competition_test,0,812,16781,17177,C:\Users\durgamaniryudh\Desktop\Learn\llm_eval\test\aapp_competition_test\3360\3360_gen_0.sv,allenai/olmo-3.1-32b-think:free,stop,,gen-1766375515-PwqKRWJeEtvzM8C5QeNK
127,human_eval_test,0,756,10039,10045,C:\Users\durgamaniryudh\Desktop\Learn\llm_eval\test\human_eval_test\127\127_gen_0.sv,allenai/olmo-3.1-32b-think:free,stop,,gen-1766375665-TDfYXvcknYIPjn9RNBlJ
139,human_eval_test,0,906,16998,19804,C:\Users\durgamaniryudh\Desktop\Learn\llm_eval\test\human_eval_test\139\139_gen_0.sv,allenai/olmo-3.1-32b-think:free,stop,,gen-1766375575-F3Crn2v47xA7zDEzMfwK
3763,aapp_competition_test,0,968,22729,21040,C:\Users\durgamaniryudh\Desktop\Learn\llm_eval\test\aapp_competition_test\3763\3763_gen_0.sv,allenai/olmo-3.1-32b-think:free,stop,,gen-1766375547-naQMXL33RvkW5xCUfD4U
3766,aapp_competition_test,0,709,16335,16513,C:\Users\durgamaniryudh\Desktop\Learn\llm_eval\test\aapp_competition_test\3766\3766_gen_0.sv,allenai/olmo-3.1-32b-think:free,stop,,gen-1766375719-HPGUJDIafscrrtSJUEBp
3364,aapp_competition_test,0,770,18734,19383,C:\Users\durgamaniryudh\Desktop\Learn\llm_eval\test\aapp_competition_test\3364\3364_gen_0.sv,allenai/olmo-3.1-32b-think:free,stop,,gen-1766375713-cMXbk0pxZPZOk2Jgb4to
140,human_eval_test,0,643,16253,17623,C:\Users\durgamaniryudh\Desktop\Learn\llm_eval\test\human_eval_test\140\140_gen_0.sv,allenai/olmo-3.1-32b-think:free,stop,,gen-1766375749-CIkkLu96hzz6RaCWNWCu
3113,aapp_competition_test,0,1505,20128,18559,C:\Users\durgamaniryudh\Desktop\Learn\llm_eval\test\aapp_competition_test\3113\3113_gen_0.sv,allenai/olmo-3.1-32b-think:free,stop,,gen-1766375689-jvH4GVhBeWqslcfHltHH
3232,aapp_competition_test,0,693,19949,19534,C:\Users\durgamaniryudh\Desktop\Learn\llm_eval\test\aapp_competition_test\3232\3232_gen_0.sv,allenai/olmo-3.1-32b-think:free,stop,,gen-1766375692-qBEG48qT7rvC6d7vhb96
3231,aapp_competition_test,0,1598,10127,10226,C:\Users\durgamaniryudh\Desktop\Learn\llm_eval\test\aapp_competition_test\3231\3231_gen_0.sv,allenai/olmo-3.1-32b-think:free,stop,,gen-1766375852-HUcbjZsY8A3d9V1FCZSt
22,human_eval_test,0,571,18625,15014,C:\Users\durgamaniryudh\Desktop\Learn\llm_eval\test\human_eval_test\22\22_gen_0.sv,allenai/olmo-3.1-32b-think:free,stop,,gen-1766375816-SpSmyCLiZYs3qhNVrXHs
3118,aapp_competition_test,0,1360,25079,22025,C:\Users\durgamaniryudh\Desktop\Learn\llm_eval\test\aapp_competition_test\3118\3118_gen_0.sv,allenai/olmo-3.1-32b-think:free,stop,,gen-1766375819-KItgcfXoJvT5u2AT73jL
3365,aapp_competition_test,0,736,23577,22019,C:\Users\durgamaniryudh\Desktop\Learn\llm_eval\test\aapp_competition_test\3365\3365_gen_0.sv,allenai/olmo-3.1-32b-think:free,stop,,gen-1766375869-9AWXSrfZsKIAAorHKDEz
3764,aapp_competition_test,0,1237,21959,20660,C:\Users\durgamaniryudh\Desktop\Learn\llm_eval\test\aapp_competition_test\3764\3764_gen_0.sv,allenai/olmo-3.1-32b-think:free,stop,,gen-1766375931-ep8R4KFzN9M3RGjwFFr6
3363,aapp_competition_test,0,1833,10572,10899,C:\Users\durgamaniryudh\Desktop\Learn\llm_eval\test\aapp_competition_test\3363\3363_gen_0.sv,allenai/olmo-3.1-32b-think:free,stop,,gen-1766376120-Cm0dktSyEZXuVIfB5fdE
19,mbpp_test,0,1639,17940,18543,C:\Users\durgamaniryudh\Desktop\Learn\llm_eval\test\mbpp_test\19\19_gen_0.sv,allenai/olmo-3.1-32b-think:free,stop,,gen-1766375998-36id0a05LbvxxbMldw3R
86,human_eval_test,0,977,21143,22126,C:\Users\durgamaniryudh\Desktop\Learn\llm_eval\test\human_eval_test\86\86_gen_0.sv,allenai/olmo-3.1-32b-think:free,stop,,gen-1766376029-0bdCI9cH51QWxiKfLyVZ
3119,aapp_competition_test,0,833,19174,19060,C:\Users\durgamaniryudh\Desktop\Learn\llm_eval\test\aapp_competition_test\3119\3119_gen_0.sv,allenai/olmo-3.1-32b-think:free,stop,,gen-1766376037-Qp7v8OqqBVJ9hydi7N1K
3234,aapp_competition_test,0,636,20361,19824,C:\Users\durgamaniryudh\Desktop\Learn\llm_eval\test\aapp_competition_test\3234\3234_gen_0.sv,allenai/olmo-3.1-32b-think:free,stop,,gen-1766376042-4pKdCpZeO1zgsLsPLqgm
87,human_eval_test,0,802,21564,21824,C:\Users\durgamaniryudh\Desktop\Learn\llm_eval\test\human_eval_test\87\87_gen_0.sv,allenai/olmo-3.1-32b-think:free,stop,,gen-1766376029-JGsfgUCkp2ssQIPnkiIn
74,human_eval_test,0,1041,21296,18648,C:\Users\durgamaniryudh\Desktop\Learn\llm_eval\test\human_eval_test\74\74_gen_0.sv,allenai/olmo-3.1-32b-think:free,stop,,gen-1766376036-AszjOGeUP5anty6ke5AA
56,mbpp_test,0,820,14523,14505,C:\Users\durgamaniryudh\Desktop\Learn\llm_eval\test\mbpp_test\56\56_gen_0.sv,allenai/olmo-3.1-32b-think:free,stop,,gen-1766376284-2Ajqtq6RC8pndLkSmfcH
58,mbpp_test,0,551,9560,9852,C:\Users\durgamaniryudh\Desktop\Learn\llm_eval\test\mbpp_test\58\58_gen_0.sv,allenai/olmo-3.1-32b-think:free,stop,,gen-1766376406-3ay5YGNQTxIAl0cTC0T5
3765,aapp_competition_test,0,1626,17763,18308,C:\Users\durgamaniryudh\Desktop\Learn\llm_eval\test\aapp_competition_test\3765\3765_gen_0.sv,allenai/olmo-3.1-32b-think:free,stop,,gen-1766376264-jd3dalzsw1qt8EO8IbvR
3774,aapp_competition_test,0,758,12481,12407,C:\Users\durgamaniryudh\Desktop\Learn\llm_eval\test\aapp_competition_test\3774\3774_gen_0.sv,allenai/olmo-3.1-32b-think:free,stop,,gen-1766376404-s3uPYM1u9nwSKgnwGESX
3120,aapp_competition_test,0,729,18657,17343,C:\Users\durgamaniryudh\Desktop\Learn\llm_eval\test\aapp_competition_test\3120\3120_gen_0.sv,allenai/olmo-3.1-32b-think:free,stop,,gen-1766376332-ZW4uWIiEP32Jd7Uiypvi
88,human_eval_test,0,666,21285,21863,C:\Users\durgamaniryudh\Desktop\Learn\llm_eval\test\human_eval_test\88\88_gen_0.sv,allenai/olmo-3.1-32b-think:free,stop,,gen-1766376326-l0VEtqLfhenGBSskmHFN
3237,aapp_competition_test,0,770,22360,23296,C:\Users\durgamaniryudh\Desktop\Learn\llm_eval\test\aapp_competition_test\3237\3237_gen_0.sv,allenai/olmo-3.1-32b-think:free,stop,,gen-1766376337-LIFzaOq3jWbBF5rJuGVe
35,human_eval_test,0,551,21308,21591,C:\Users\durgamaniryudh\Desktop\Learn\llm_eval\test\human_eval_test\35\35_gen_0.sv,allenai/olmo-3.1-32b-think:free,stop,,gen-1766376445-llS8AxYNh3wHZMWuIbxQ
101,human_eval_test,0,628,24341,25483,C:\Users\durgamaniryudh\Desktop\Learn\llm_eval\test\human_eval_test\101\101_gen_0.sv,allenai/olmo-3.1-32b-think:free,stop,,gen-1766376407-9a5wdTW0aKF2hed8Wsoo
3124,aapp_competition_test,0,763,16029,15742,C:\Users\durgamaniryudh\Desktop\Learn\llm_eval\test\aapp_competition_test\3124\3124_gen_0.sv,allenai/olmo-3.1-32b-think:free,stop,,gen-1766376533-tfeOOs6ZKlcbQJgKxi0B
48,human_eval_test,0,873,9523,8422,C:\Users\durgamaniryudh\Desktop\Learn\llm_eval\test\human_eval_test\48\48_gen_0.sv,allenai/olmo-3.1-32b-think:free,stop,,gen-1766376660-79fuSq1JOH94UVTww0F1
3772,aapp_competition_test,0,678,14677,14920,C:\Users\durgamaniryudh\Desktop\Learn\llm_eval\test\aapp_competition_test\3772\3772_gen_0.sv,allenai/olmo-3.1-32b-think:free,stop,,gen-1766376615-dDDjcPKtijStBNTVzfOk
3368,aapp_competition_test,0,639,16744,17612,C:\Users\durgamaniryudh\Desktop\Learn\llm_eval\test\aapp_competition_test\3368\3368_gen_0.sv,allenai/olmo-3.1-32b-think:free,stop,,gen-1766376569-fDe04WiU0uUucJr3zeyz
3235,aapp_competition_test,0,1148,21608,19337,C:\Users\durgamaniryudh\Desktop\Learn\llm_eval\test\aapp_competition_test\3235\3235_gen_0.sv,allenai/olmo-3.1-32b-think:free,stop,,gen-1766376569-pJVf7C4EpeV7Y02gzr2W
3122,aapp_competition_test,0,1245,19087,18643,C:\Users\durgamaniryudh\Desktop\Learn\llm_eval\test\aapp_competition_test\3122\3122_gen_0.sv,allenai/olmo-3.1-32b-think:free,stop,,gen-1766376701-R5ApF8tUETbBcqxVH8zT
20,mbpp_test,0,939,9654,8274,C:\Users\durgamaniryudh\Desktop\Learn\llm_eval\test\mbpp_test\20\20_gen_0.sv,allenai/olmo-3.1-32b-think:free,stop,,gen-1766376876-MBfrXWZJJ0YBEruI06FH
18,mbpp_test,0,931,25127,24155,C:\Users\durgamaniryudh\Desktop\Learn\llm_eval\test\mbpp_test\18\18_gen_0.sv,allenai/olmo-3.1-32b-think:free,stop,,gen-1766376634-h0R9b7PDCjba7SVph9zC
3366,aapp_competition_test,0,694,16259,15668,C:\Users\durgamaniryudh\Desktop\Learn\llm_eval\test\aapp_competition_test\3366\3366_gen_0.sv,allenai/olmo-3.1-32b-think:free,stop,,gen-1766376755-JuN8LP2oJAi0oo0EpOHK
3369,aapp_competition_test,0,1716,16896,17060,C:\Users\durgamaniryudh\Desktop\Learn\llm_eval\test\aapp_competition_test\3369\3369_gen_0.sv,allenai/olmo-3.1-32b-think:free,stop,,gen-1766376824-1ZL3Kb0SVYirAOZRJdJJ
3221,aapp_competition_test,0,1224,17295,16943,C:\Users\durgamaniryudh\Desktop\Learn\llm_eval\test\aapp_competition_test\3221\3221_gen_0.sv,allenai/olmo-3.1-32b-think:free,stop,,gen-1766376822-9YWUD6tsHEYqWdTBEIvn
3769,aapp_competition_test,0,1048,19964,18348,C:\Users\durgamaniryudh\Desktop\Learn\llm_eval\test\aapp_competition_test\3769\3769_gen_0.sv,allenai/olmo-3.1-32b-think:free,stop,,gen-1766376830-43cG2DnJ7IT0cKszeiwD
128,human_eval_test,0,866,21639,21455,C:\Users\durgamaniryudh\Desktop\Learn\llm_eval\test\human_eval_test\128\128_gen_0.sv,allenai/olmo-3.1-32b-think:free,stop,,gen-1766376884-hJCJjTgzpKCLhbyXj6Eh
62,mbpp_test,0,455,7199,6140,C:\Users\durgamaniryudh\Desktop\Learn\llm_eval\test\mbpp_test\62\62_gen_0.sv,allenai/olmo-3.1-32b-think:free,stop,,gen-1766377130-5umvplK1naoRESGNanEd
3125,aapp_competition_test,0,686,16979,17179,C:\Users\durgamaniryudh\Desktop\Learn\llm_eval\test\aapp_competition_test\3125\3125_gen_0.sv,allenai/olmo-3.1-32b-think:free,stop,,gen-1766376969-jigI4wna2mrOLQ7FOvdB
34,human_eval_test,0,794,26191,23798,C:\Users\durgamaniryudh\Desktop\Learn\llm_eval\test\human_eval_test\34\34_gen_0.sv,allenai/olmo-3.1-32b-think:free,stop,,gen-1766376833-XctsfNof5q7yxYe60Mq0
3773,aapp_competition_test,0,626,14447,14458,C:\Users\durgamaniryudh\Desktop\Learn\llm_eval\test\aapp_competition_test\3773\3773_gen_0.sv,allenai/olmo-3.1-32b-think:free,stop,,gen-1766377053-3RmJ5AF1M4Gp3urO4SNk
3373,aapp_competition_test,0,695,17224,16682,C:\Users\durgamaniryudh\Desktop\Learn\llm_eval\test\aapp_competition_test\3373\3373_gen_0.sv,allenai/olmo-3.1-32b-think:free,stop,,gen-1766377016-oFZa9Chn3wK7psu65yXp
62,human_eval_test,0,821,15147,13825,C:\Users\durgamaniryudh\Desktop\Learn\llm_eval\test\human_eval_test\62\62_gen_0.sv,allenai/olmo-3.1-32b-think:free,stop,,gen-1766377061-CQJ1BeqeenjtV40GmBWh
66,mbpp_test,0,576,5326,5131,C:\Users\durgamaniryudh\Desktop\Learn\llm_eval\test\mbpp_test\66\66_gen_0.sv,allenai/olmo-3.1-32b-think:free,stop,,gen-1766377313-3JSPkEcppQmbatZiePw8
154,human_eval_test,0,753,19425,16174,C:\Users\durgamaniryudh\Desktop\Learn\llm_eval\test\human_eval_test\154\154_gen_0.sv,allenai/olmo-3.1-32b-think:free,stop,,gen-1766377095-CmrecwbThihw2ApNEkcs
3126,aapp_competition_test,0,731,14346,14734,C:\Users\durgamaniryudh\Desktop\Learn\llm_eval\test\aapp_competition_test\3126\3126_gen_0.sv,allenai/olmo-3.1-32b-think:free,stop,,gen-1766377188-BkuO5s14v12xTUgebumK
3770,aapp_competition_test,0,1126,10820,11266,C:\Users\durgamaniryudh\Desktop\Learn\llm_eval\test\aapp_competition_test\3770\3770_gen_0.sv,allenai/olmo-3.1-32b-think:free,stop,,gen-1766377253-Ga1hOE61H4KD3UblFAdx
3233,aapp_competition_test,0,812,27226,21919,C:\Users\durgamaniryudh\Desktop\Learn\llm_eval\test\aapp_competition_test\3233\3233_gen_0.sv,allenai/olmo-3.1-32b-think:free,stop,,gen-1766377010-g6acfbtzjcARy9d6kWPp
3370,aapp_competition_test,0,814,13090,12946,C:\Users\durgamaniryudh\Desktop\Learn\llm_eval\test\aapp_competition_test\3370\3370_gen_0.sv,allenai/olmo-3.1-32b-think:free,stop,,gen-1766377252-njnSKqhHDxNHVC0K3KOM
3127,aapp_competition_test,0,715,11378,11819,C:\Users\durgamaniryudh\Desktop\Learn\llm_eval\test\aapp_competition_test\3127\3127_gen_0.sv,allenai/olmo-3.1-32b-think:free,stop,,gen-1766377316-8AySMXfoOzf21xKymlWp
49,human_eval_test,0,556,12574,12733,C:\Users\durgamaniryudh\Desktop\Learn\llm_eval\test\human_eval_test\49\49_gen_0.sv,allenai/olmo-3.1-32b-think:free,stop,,gen-1766377294-1zMxImAHKBbezpHyaMDL
102,human_eval_test,0,505,10299,9295,C:\Users\durgamaniryudh\Desktop\Learn\llm_eval\test\human_eval_test\102\102_gen_0.sv,allenai/olmo-3.1-32b-think:free,stop,,gen-1766377470-F2Na9rb7cPeB2A0hN0VC
3371,aapp_competition_test,0,848,13015,14447,C:\Users\durgamaniryudh\Desktop\Learn\llm_eval\test\aapp_competition_test\3371\3371_gen_0.sv,allenai/olmo-3.1-32b-think:free,stop,,gen-1766377411-L5i2NcQ4dri3cw2QquKx
3240,aapp_competition_test,0,966,24541,23968,C:\Users\durgamaniryudh\Desktop\Learn\llm_eval\test\aapp_competition_test\3240\3240_gen_0.sv,allenai/olmo-3.1-32b-think:free,stop,,gen-1766377241-4h0ZEs2Dj5WPqI5k7tUD
3775,aapp_competition_test,0,930,15897,16195,C:\Users\durgamaniryudh\Desktop\Learn\llm_eval\test\aapp_competition_test\3775\3775_gen_0.sv,allenai/olmo-3.1-32b-think:free,stop,,gen-1766377425-lhhfxqRLzbcnOlgzUSGH
64,mbpp_test,0,734,14662,10785,C:\Users\durgamaniryudh\Desktop\Learn\llm_eval\test\mbpp_test\64\64_gen_0.sv,allenai/olmo-3.1-32b-think:free,stop,,gen-1766377471-nASi7kPqAjES9vIjqjpw
3238,aapp_competition_test,0,835,22081,20819,C:\Users\durgamaniryudh\Desktop\Learn\llm_eval\test\aapp_competition_test\3238\3238_gen_0.sv,allenai/olmo-3.1-32b-think:free,stop,,gen-1766377409-if0yccut7TspBmiukUT9
9,human_eval_test,0,783,19903,20976,C:\Users\durgamaniryudh\Desktop\Learn\llm_eval\test\human_eval_test\9\9_gen_0.sv,allenai/olmo-3.1-32b-think:free,stop,,gen-1766377466-NIRyxQ7n7H6XERlQIdJ8
141,human_eval_test,0,572,29659,24329,C:\Users\durgamaniryudh\Desktop\Learn\llm_eval\test\human_eval_test\141\141_gen_0.sv,allenai/olmo-3.1-32b-think:free,stop,,gen-1766377289-VGFmAf3GBab8OwIarwUP
3229,aapp_competition_test,0,965,18874,18749,C:\Users\durgamaniryudh\Desktop\Learn\llm_eval\test\aapp_competition_test\3229\3229_gen_0.sv,allenai/olmo-3.1-32b-think:free,stop,,gen-1766377534-OA9Luf4hFdT0sGqTi5b8
89,human_eval_test,0,673,12449,10042,C:\Users\durgamaniryudh\Desktop\Learn\llm_eval\test\human_eval_test\89\89_gen_0.sv,allenai/olmo-3.1-32b-think:free,stop,,gen-1766377677-F4aGEybvll3zbqjFQD31
3375,aapp_competition_test,0,1074,15427,15751,C:\Users\durgamaniryudh\Desktop\Learn\llm_eval\test\aapp_competition_test\3375\3375_gen_0.sv,allenai/olmo-3.1-32b-think:free,stop,,gen-1766377646-cLJdPZYazJcKUju2rWWj
3128,aapp_competition_test,0,951,23138,23423,C:\Users\durgamaniryudh\Desktop\Learn\llm_eval\test\aapp_competition_test\3128\3128_gen_0.sv,allenai/olmo-3.1-32b-think:free,stop,,gen-1766377518-TQrRMEjXYEaqo8KcTXOw
67,mbpp_test,0,657,14410,13840,C:\Users\durgamaniryudh\Desktop\Learn\llm_eval\test\mbpp_test\67\67_gen_0.sv,allenai/olmo-3.1-32b-think:free,stop,,gen-1766377719-SB5tJwqZaQqLbnPKqEZt
23,human_eval_test,0,581,16086,15716,C:\Users\durgamaniryudh\Desktop\Learn\llm_eval\test\human_eval_test\23\23_gen_0.sv,allenai/olmo-3.1-32b-think:free,stop,,gen-1766377717-wfwp2Siv73hNCl65zIRN
3778,aapp_competition_test,0,795,20438,21035,C:\Users\durgamaniryudh\Desktop\Learn\llm_eval\test\aapp_competition_test\3778\3778_gen_0.sv,allenai/olmo-3.1-32b-think:free,stop,,gen-1766377652-0xJ0MQcPob0I5Nekhbok
3132,aapp_competition_test,0,668,16813,15871,C:\Users\durgamaniryudh\Desktop\Learn\llm_eval\test\aapp_competition_test\3132\3132_gen_0.sv,allenai/olmo-3.1-32b-think:free,stop,,gen-1766377799-SQMn6OVy02VrDKE1puEb
3236,aapp_competition_test,0,2431,17861,17483,C:\Users\durgamaniryudh\Desktop\Learn\llm_eval\test\aapp_competition_test\3236\3236_gen_0.sv,allenai/olmo-3.1-32b-think:free,stop,,gen-1766377800-CJIV7f9d5ePEItSPAEIO
155,human_eval_test,0,726,14081,14194,C:\Users\durgamaniryudh\Desktop\Learn\llm_eval\test\human_eval_test\155\155_gen_0.sv,allenai/olmo-3.1-32b-think:free,stop,,gen-1766377911-64vqP5EcJZIU057KnlkW
3779,aapp_competition_test,0,710,16420,15656,C:\Users\durgamaniryudh\Desktop\Learn\llm_eval\test\aapp_competition_test\3779\3779_gen_0.sv,allenai/olmo-3.1-32b-think:free,stop,,gen-1766377886-55s5Gvxf5bon7wpPbKVs
142,human_eval_test,0,601,15947,16052,C:\Users\durgamaniryudh\Desktop\Learn\llm_eval\test\human_eval_test\142\142_gen_0.sv,allenai/olmo-3.1-32b-think:free,stop,,gen-1766377905-ZNLTbBRTWrjlPbAd2SUu
63,mbpp_test,0,622,14614,14469,C:\Users\durgamaniryudh\Desktop\Learn\llm_eval\test\mbpp_test\63\63_gen_0.sv,allenai/olmo-3.1-32b-think:free,stop,,gen-1766377946-iJgEA1vGhmZFZIzPMU7v
3376,aapp_competition_test,0,1032,23008,22224,C:\Users\durgamaniryudh\Desktop\Learn\llm_eval\test\aapp_competition_test\3376\3376_gen_0.sv,allenai/olmo-3.1-32b-think:free,stop,,gen-1766377821-8eNhZnG0z7QVyRGdZSlM
3242,aapp_competition_test,0,1088,18704,17578,C:\Users\durgamaniryudh\Desktop\Learn\llm_eval\test\aapp_competition_test\3242\3242_gen_0.sv,allenai/olmo-3.1-32b-think:free,stop,,gen-1766378007-QMGK2wSHa4AtiR5BPiZ6
70,mbpp_test,0,578,10710,10342,C:\Users\durgamaniryudh\Desktop\Learn\llm_eval\test\mbpp_test\70\70_gen_0.sv,allenai/olmo-3.1-32b-think:free,stop,,gen-1766378189-M0FUpfmpeakTjkI8ugRZ
3131,aapp_competition_test,0,821,19231,18721,C:\Users\durgamaniryudh\Desktop\Learn\llm_eval\test\aapp_competition_test\3131\3131_gen_0.sv,allenai/olmo-3.1-32b-think:free,stop,,gen-1766378045-LWBxTfIFZwcgMsazcQBf
3382,aapp_competition_test,0,830,21923,20109,C:\Users\durgamaniryudh\Desktop\Learn\llm_eval\test\aapp_competition_test\3382\3382_gen_0.sv,allenai/olmo-3.1-32b-think:free,stop,,gen-1766378017-PWKcaOqrQvQNflTdqnix
76,human_eval_test,0,755,18135,16797,C:\Users\durgamaniryudh\Desktop\Learn\llm_eval\test\human_eval_test\76\76_gen_0.sv,allenai/olmo-3.1-32b-think:free,stop,,gen-1766378155-QWt3ZRGY419qgkpdzNmq
10,human_eval_test,0,982,21734,24242,C:\Users\durgamaniryudh\Desktop\Learn\llm_eval\test\human_eval_test\10\10_gen_0.sv,allenai/olmo-3.1-32b-think:free,stop,,gen-1766378122-8WFIentqnla5QF77o4uB
3780,aapp_competition_test,0,1022,23425,21852,C:\Users\durgamaniryudh\Desktop\Learn\llm_eval\test\aapp_competition_test\3780\3780_gen_0.sv,allenai/olmo-3.1-32b-think:free,stop,,gen-1766378118-68UfdSpHtB8TrdtJsaiM
3135,aapp_competition_test,0,696,18506,19038,C:\Users\durgamaniryudh\Desktop\Learn\llm_eval\test\aapp_competition_test\3135\3135_gen_0.sv,allenai/olmo-3.1-32b-think:free,stop,,gen-1766378203-hIWBFZUE2kAekzIfSiCq
3383,aapp_competition_test,0,715,21105,20891,C:\Users\durgamaniryudh\Desktop\Learn\llm_eval\test\aapp_competition_test\3383\3383_gen_0.sv,allenai/olmo-3.1-32b-think:free,stop,,gen-1766378213-Lyr8oenbDq8V9LxUEmpz
3776,aapp_competition_test,0,1994,16148,15576,C:\Users\durgamaniryudh\Desktop\Learn\llm_eval\test\aapp_competition_test\3776\3776_gen_0.sv,allenai/olmo-3.1-32b-think:free,stop,,gen-1766378327-7HFdCbm8uKO93krHQq9p
3244,aapp_competition_test,0,986,25390,22324,C:\Users\durgamaniryudh\Desktop\Learn\llm_eval\test\aapp_competition_test\3244\3244_gen_0.sv,allenai/olmo-3.1-32b-think:free,stop,,gen-1766378211-sWPyzCuZnPvTeSCqb5ip
65,mbpp_test,0,790,13494,13303,C:\Users\durgamaniryudh\Desktop\Learn\llm_eval\test\mbpp_test\65\65_gen_0.sv,allenai/olmo-3.1-32b-think:free,stop,,gen-1766378429-nNwgtWKjKq8q160nNNFX
64,human_eval_test,0,717,17601,17206,C:\Users\durgamaniryudh\Desktop\Learn\llm_eval\test\human_eval_test\64\64_gen_0.sv,allenai/olmo-3.1-32b-think:free,stop,,gen-1766378358-3WEkyDWqIIEVvfwuXqyT
24,human_eval_test,0,668,17097,16554,C:\Users\durgamaniryudh\Desktop\Learn\llm_eval\test\human_eval_test\24\24_gen_0.sv,allenai/olmo-3.1-32b-think:free,stop,,gen-1766378379-WRakuY3YzkVVr5e3awzY
3243,aapp_competition_test,0,934,14070,13676,C:\Users\durgamaniryudh\Desktop\Learn\llm_eval\test\aapp_competition_test\3243\3243_gen_0.sv,allenai/olmo-3.1-32b-think:free,stop,,gen-1766378482-R4qJBP9bLOGiJ9oK1K6O
3380,aapp_competition_test,0,2453,15619,15837,C:\Users\durgamaniryudh\Desktop\Learn\llm_eval\test\aapp_competition_test\3380\3380_gen_0.sv,allenai/olmo-3.1-32b-think:free,stop,,gen-1766378503-Gvcq4G79zRImJpzJ1nmw
77,human_eval_test,0,630,13582,13562,C:\Users\durgamaniryudh\Desktop\Learn\llm_eval\test\human_eval_test\77\77_gen_0.sv,allenai/olmo-3.1-32b-think:free,stop,,gen-1766378607-kIZ2ssodpdN0MjAXyhAt
3134,aapp_competition_test,0,656,23077,22709,C:\Users\durgamaniryudh\Desktop\Learn\llm_eval\test\aapp_competition_test\3134\3134_gen_0.sv,allenai/olmo-3.1-32b-think:free,stop,,gen-1766378446-AH7sS0KMykjo8Lil6vsD
3138,aapp_competition_test,0,578,11301,10747,C:\Users\durgamaniryudh\Desktop\Learn\llm_eval\test\aapp_competition_test\3138\3138_gen_0.sv,allenai/olmo-3.1-32b-think:free,stop,,gen-1766378676-PpWPvxp8XaqLqH1L2Man
69,mbpp_test,0,706,15118,12394,C:\Users\durgamaniryudh\Desktop\Learn\llm_eval\test\mbpp_test\69\69_gen_0.sv,allenai/olmo-3.1-32b-think:free,stop,,gen-1766378633-ZFX3QBIWm7AP4TGgvrj2
3784,aapp_competition_test,0,870,20183,17683,C:\Users\durgamaniryudh\Desktop\Learn\llm_eval\test\aapp_competition_test\3784\3784_gen_0.sv,allenai/olmo-3.1-32b-think:free,stop,,gen-1766378544-t1jpfGRBmlzd97ZAOAwA
72,mbpp_test,0,517,4176,4014,C:\Users\durgamaniryudh\Desktop\Learn\llm_eval\test\mbpp_test\72\72_gen_0.sv,allenai/olmo-3.1-32b-think:free,stop,,gen-1766378879-GSDk9RtywBgoS7YFDNSf
3374,aapp_competition_test,0,1034,14564,14431,C:\Users\durgamaniryudh\Desktop\Learn\llm_eval\test\aapp_competition_test\3374\3374_gen_0.sv,allenai/olmo-3.1-32b-think:free,stop,,gen-1766378730-47MpaEYBH0sgbjA5nZWZ
68,mbpp_test,0,740,18264,18776,C:\Users\durgamaniryudh\Desktop\Learn\llm_eval\test\mbpp_test\68\68_gen_0.sv,allenai/olmo-3.1-32b-think:free,stop,,gen-1766378662-GQbeBnkdWHmwyvXI1RKA
116,human_eval_test,0,701,23924,21197,C:\Users\durgamaniryudh\Desktop\Learn\llm_eval\test\human_eval_test\116\116_gen_0.sv,allenai/olmo-3.1-32b-think:free,stop,,gen-1766378558-lYLj9U41A6IhnQrtzdrP
11,human_eval_test,0,681,8054,6125,C:\Users\durgamaniryudh\Desktop\Learn\llm_eval\test\human_eval_test\11\11_gen_0.sv,allenai/olmo-3.1-32b-think:free,stop,,gen-1766378851-l5sFmlM3Jb2xqNgJDDBv
3245,aapp_competition_test,0,976,16513,17727,C:\Users\durgamaniryudh\Desktop\Learn\llm_eval\test\aapp_competition_test\3245\3245_gen_0.sv,allenai/olmo-3.1-32b-think:free,stop,,gen-1766378686-peq1HCqb6W3prhYa45gs
3783,aapp_competition_test,0,750,12652,11490,C:\Users\durgamaniryudh\Desktop\Learn\llm_eval\test\aapp_competition_test\3783\3783_gen_0.sv,allenai/olmo-3.1-32b-think:free,stop,,gen-1766378786-TVJyiP0lvaJNRhHmGSFu
80,mbpp_test,0,552,7292,6943,C:\Users\durgamaniryudh\Desktop\Learn\llm_eval\test\mbpp_test\80\80_gen_0.sv,allenai/olmo-3.1-32b-think:free,stop,,gen-1766379019-gAxTD03gveGskoftl8Aj
50,human_eval_test,0,783,16552,17159,C:\Users\durgamaniryudh\Desktop\Learn\llm_eval\test\human_eval_test\50\50_gen_0.sv,allenai/olmo-3.1-32b-think:free,stop,,gen-1766378877-jXya171xOoEND1FNLXdG
103,human_eval_test,0,802,17542,17427,C:\Users\durgamaniryudh\Desktop\Learn\llm_eval\test\human_eval_test\103\103_gen_0.sv,allenai/olmo-3.1-32b-think:free,stop,,gen-1766378910-MVEdtqJdJsfBal77kxTo
36,human_eval_test,0,1824,13716,13598,C:\Users\durgamaniryudh\Desktop\Learn\llm_eval\test\human_eval_test\36\36_gen_0.sv,allenai/olmo-3.1-32b-think:free,stop,,gen-1766378994-0B7vUP0rleGrHNU3qY7Y
3142,aapp_competition_test,0,683,14445,13513,C:\Users\durgamaniryudh\Desktop\Learn\llm_eval\test\aapp_competition_test\3142\3142_gen_0.sv,allenai/olmo-3.1-32b-think:free,stop,,gen-1766379037-2ezblYi19hap0zvxQq1N
3247,aapp_competition_test,0,795,18734,18958,C:\Users\durgamaniryudh\Desktop\Learn\llm_eval\test\aapp_competition_test\3247\3247_gen_0.sv,allenai/olmo-3.1-32b-think:free,stop,,gen-1766378965-zzEAjdYM2Hn423zDghka
3786,aapp_competition_test,0,830,17565,17514,C:\Users\durgamaniryudh\Desktop\Learn\llm_eval\test\aapp_competition_test\3786\3786_gen_0.sv,allenai/olmo-3.1-32b-think:free,stop,,gen-1766378994-ol2jGJFIbcJ4mvKoIqXP
3384,aapp_competition_test,0,843,20452,21199,C:\Users\durgamaniryudh\Desktop\Learn\llm_eval\test\aapp_competition_test\3384\3384_gen_0.sv,allenai/olmo-3.1-32b-think:free,stop,,gen-1766378979-dExBcjPAT9eJ25UNrYYC
51,human_eval_test,0,738,18512,19114,C:\Users\durgamaniryudh\Desktop\Learn\llm_eval\test\human_eval_test\51\51_gen_0.sv,allenai/olmo-3.1-32b-think:free,stop,,gen-1766379017-GxScxA0ZeNs1RnSRkNqi
3137,aapp_competition_test,0,800,27019,23682,C:\Users\durgamaniryudh\Desktop\Learn\llm_eval\test\aapp_competition_test\3137\3137_gen_0.sv,allenai/olmo-3.1-32b-think:free,stop,,gen-1766378915-El5rE5VbqgOyGvBjt5x1
63,human_eval_test,0,748,13686,12676,C:\Users\durgamaniryudh\Desktop\Learn\llm_eval\test\human_eval_test\63\63_gen_0.sv,allenai/olmo-3.1-32b-think:free,stop,,gen-1766379274-PoReHQ1lcZcj2Vn7TkHE
3246,aapp_competition_test,0,858,18815,23292,C:\Users\durgamaniryudh\Desktop\Learn\llm_eval\test\aapp_competition_test\3246\3246_gen_0.sv,allenai/olmo-3.1-32b-think:free,stop,,gen-1766379156-wUZsYODAk0ChhP7RIWiD
77,mbpp_test,0,602,12210,12204,C:\Users\durgamaniryudh\Desktop\Learn\llm_eval\test\mbpp_test\77\77_gen_0.sv,allenai/olmo-3.1-32b-think:free,stop,,gen-1766379333-5tQqfUpqMG5hFDztDRMU
3379,aapp_competition_test,0,589,19400,19477,C:\Users\durgamaniryudh\Desktop\Learn\llm_eval\test\aapp_competition_test\3379\3379_gen_0.sv,allenai/olmo-3.1-32b-think:free,stop,,gen-1766379180-OGlUibTEWKcKqM5xHgFl
3788,aapp_competition_test,0,901,18371,16793,C:\Users\durgamaniryudh\Desktop\Learn\llm_eval\test\aapp_competition_test\3788\3788_gen_0.sv,allenai/olmo-3.1-32b-think:free,stop,,gen-1766379235-NCVeI0ZTTw27FcQF2AX9
129,human_eval_test,0,777,18988,18962,C:\Users\durgamaniryudh\Desktop\Learn\llm_eval\test\human_eval_test\129\129_gen_0.sv,allenai/olmo-3.1-32b-think:free,stop,,gen-1766379325-dUB6GtytndPMWAcYKJ8L
3250,aapp_competition_test,0,550,17036,15328,C:\Users\durgamaniryudh\Desktop\Learn\llm_eval\test\aapp_competition_test\3250\3250_gen_0.sv,allenai/olmo-3.1-32b-think:free,stop,,gen-1766379383-Wrj2Q0n2tvF3Mufw383V
79,mbpp_test,0,948,10971,11469,C:\Users\durgamaniryudh\Desktop\Learn\llm_eval\test\mbpp_test\79\79_gen_0.sv,allenai/olmo-3.1-32b-think:free,stop,,gen-1766379574-EgFckY05bpb26vcTWLcT
3139,aapp_competition_test,0,961,22965,23212,C:\Users\durgamaniryudh\Desktop\Learn\llm_eval\test\aapp_competition_test\3139\3139_gen_0.sv,allenai/olmo-3.1-32b-think:free,stop,,gen-1766379355-VfbcdECadwTSD2zvTRTo
3790,aapp_competition_test,0,770,20206,19344,C:\Users\durgamaniryudh\Desktop\Learn\llm_eval\test\aapp_competition_test\3790\3790_gen_0.sv,allenai/olmo-3.1-32b-think:free,stop,,gen-1766379438-wYU9yu1uY0QSYoUKHutu
3386,aapp_competition_test,0,791,22911,21765,C:\Users\durgamaniryudh\Desktop\Learn\llm_eval\test\aapp_competition_test\3386\3386_gen_0.sv,allenai/olmo-3.1-32b-think:free,stop,,gen-1766379390-4iYG7bPwVYXv4nPoge2a
37,human_eval_test,0,712,17902,18866,C:\Users\durgamaniryudh\Desktop\Learn\llm_eval\test\human_eval_test\37\37_gen_0.sv,allenai/olmo-3.1-32b-think:free,stop,,gen-1766379522-YsrcfooVhnp5XT1Y9RUi
3143,aapp_competition_test,0,895,15789,15182,C:\Users\durgamaniryudh\Desktop\Learn\llm_eval\test\aapp_competition_test\3143\3143_gen_0.sv,allenai/olmo-3.1-32b-think:free,stop,,gen-1766379589-9IvcMCVNiIWa2EOyYcGd
117,human_eval_test,0,933,23471,23537,C:\Users\durgamaniryudh\Desktop\Learn\llm_eval\test\human_eval_test\117\117_gen_0.sv,allenai/olmo-3.1-32b-think:free,stop,,gen-1766379528-rivRWkwaK0TN9WTFLaLp
75,mbpp_test,0,833,9589,7679,C:\Users\durgamaniryudh\Desktop\Learn\llm_eval\test\mbpp_test\75\75_gen_0.sv,allenai/olmo-3.1-32b-think:free,stop,,gen-1766379810-3QGXvmfkXouqPJd3nYmU
3252,aapp_competition_test,0,946,19062,19181,C:\Users\durgamaniryudh\Desktop\Learn\llm_eval\test\aapp_competition_test\3252\3252_gen_0.sv,allenai/olmo-3.1-32b-think:free,stop,,gen-1766379658-63W8GG6E1vmAPEWmi6Cm
3385,aapp_competition_test,0,1088,20519,18813,C:\Users\durgamaniryudh\Desktop\Learn\llm_eval\test\aapp_competition_test\3385\3385_gen_0.sv,allenai/olmo-3.1-32b-think:free,stop,,gen-1766379683-GRWspeSGZfD4VAGdOVce
3791,aapp_competition_test,0,802,19001,15407,C:\Users\durgamaniryudh\Desktop\Learn\llm_eval\test\aapp_competition_test\3791\3791_gen_0.sv,allenai/olmo-3.1-32b-think:free,stop,,gen-1766379774-vl50OzPNIzwbGSIAtzQ0
3248,aapp_competition_test,0,1717,17727,17285,C:\Users\durgamaniryudh\Desktop\Learn\llm_eval\test\aapp_competition_test\3248\3248_gen_0.sv,allenai/olmo-3.1-32b-think:free,stop,,gen-1766379921-ipcKchraHdai3p5AOqCF
90,human_eval_test,0,718,24809,27473,C:\Users\durgamaniryudh\Desktop\Learn\llm_eval\test\human_eval_test\90\90_gen_0.sv,allenai/olmo-3.1-32b-think:free,stop,,gen-1766379785-utOP98wvQTqcU4YCeJfc
156,human_eval_test,0,943,20773,20594,C:\Users\durgamaniryudh\Desktop\Learn\llm_eval\test\human_eval_test\156\156_gen_0.sv,allenai/olmo-3.1-32b-think:free,stop,,gen-1766379866-DilGstOaeQPbrmEdM0nQ
3789,aapp_competition_test,0,915,15724,14739,C:\Users\durgamaniryudh\Desktop\Learn\llm_eval\test\aapp_competition_test\3789\3789_gen_0.sv,allenai/olmo-3.1-32b-think:free,stop,,gen-1766379987-OFSuaRX5ycLlhPRxG0pm
3390,aapp_competition_test,0,751,16452,16315,C:\Users\durgamaniryudh\Desktop\Learn\llm_eval\test\aapp_competition_test\3390\3390_gen_0.sv,allenai/olmo-3.1-32b-think:free,stop,,gen-1766379986-dKmfNDbhlt6RAU3ivk0N
130,human_eval_test,0,764,26307,19838,C:\Users\durgamaniryudh\Desktop\Learn\llm_eval\test\human_eval_test\130\130_gen_0.sv,allenai/olmo-3.1-32b-think:free,stop,,gen-1766379807-ORaNb6GAXuQxSgAsaI8m
3141,aapp_competition_test,0,748,23934,21974,C:\Users\durgamaniryudh\Desktop\Learn\llm_eval\test\aapp_competition_test\3141\3141_gen_0.sv,allenai/olmo-3.1-32b-think:free,stop,,gen-1766379878-P01niEbnjlz3YKXF12f8
143,human_eval_test,0,1550,16275,16754,C:\Users\durgamaniryudh\Desktop\Learn\llm_eval\test\human_eval_test\143\143_gen_0.sv,allenai/olmo-3.1-32b-think:free,stop,,gen-1766380021-0wZW5Pnego51GLiTSKzv
3144,aapp_competition_test,0,924,17821,18515,C:\Users\durgamaniryudh\Desktop\Learn\llm_eval\test\aapp_competition_test\3144\3144_gen_0.sv,allenai/olmo-3.1-32b-think:free,stop,,gen-1766380128-vMr148WjWJNfvkjPE5Oa
3792,aapp_competition_test,0,833,14565,15559,C:\Users\durgamaniryudh\Desktop\Learn\llm_eval\test\aapp_competition_test\3792\3792_gen_0.sv,allenai/olmo-3.1-32b-think:free,stop,,gen-1766380254-qhLHZxZnnTX9y9Dd5Xit
3391,aapp_competition_test,0,1929,16396,15482,C:\Users\durgamaniryudh\Desktop\Learn\llm_eval\test\aapp_competition_test\3391\3391_gen_0.sv,allenai/olmo-3.1-32b-think:free,stop,,gen-1766380249-Iwy2zFfX2Ulj1xUnNSzg
12,human_eval_test,0,763,15518,14530,C:\Users\durgamaniryudh\Desktop\Learn\llm_eval\test\human_eval_test\12\12_gen_0.sv,allenai/olmo-3.1-32b-think:free,stop,,gen-1766380293-qjjwhWp0vjEWVcOfd1vo
3251,aapp_competition_test,0,611,17302,15925,C:\Users\durgamaniryudh\Desktop\Learn\llm_eval\test\aapp_competition_test\3251\3251_gen_0.sv,allenai/olmo-3.1-32b-think:free,stop,,gen-1766380239-RshoMJoHHULm3oaTMWE5
3147,aapp_competition_test,0,629,18258,18647,C:\Users\durgamaniryudh\Desktop\Learn\llm_eval\test\aapp_competition_test\3147\3147_gen_0.sv,allenai/olmo-3.1-32b-think:free,stop,,gen-1766380320-WAY4rItmj1ob3SZe15p7
61,mbpp_test,0,1084,21477,20320,C:\Users\durgamaniryudh\Desktop\Learn\llm_eval\test\mbpp_test\61\61_gen_0.sv,allenai/olmo-3.1-32b-think:free,stop,,gen-1766380259-c0Rgw89MIMZrVTHDytB0
3249,aapp_competition_test,0,872,18899,17425,C:\Users\durgamaniryudh\Desktop\Learn\llm_eval\test\aapp_competition_test\3249\3249_gen_0.sv,allenai/olmo-3.1-32b-think:free,stop,,gen-1766380332-z9Yca72dFVnET20xTbNt
25,human_eval_test,0,670,20781,21327,C:\Users\durgamaniryudh\Desktop\Learn\llm_eval\test\human_eval_test\25\25_gen_0.sv,allenai/olmo-3.1-32b-think:free,stop,,gen-1766380315-Zwkt3DcMSs8hpdXMVcZD
131,human_eval_test,0,671,21641,22283,C:\Users\durgamaniryudh\Desktop\Learn\llm_eval\test\human_eval_test\131\131_gen_0.sv,allenai/olmo-3.1-32b-think:free,stop,,gen-1766380312-pcnVaa8E9NGARREBCbJo
3387,aapp_competition_test,0,891,16108,14171,C:\Users\durgamaniryudh\Desktop\Learn\llm_eval\test\aapp_competition_test\3387\3387_gen_0.sv,allenai/olmo-3.1-32b-think:free,stop,,gen-1766380481-iBjaGriaPRnjaCJidR82
74,mbpp_test,0,703,19287,20044,C:\Users\durgamaniryudh\Desktop\Learn\llm_eval\test\mbpp_test\74\74_gen_0.sv,allenai/olmo-3.1-32b-think:free,stop,,gen-1766380547-rkcfHSsAgTmBg9s8nvXW
3787,aapp_competition_test,0,2413,21547,21664,C:\Users\durgamaniryudh\Desktop\Learn\llm_eval\test\aapp_competition_test\3787\3787_gen_0.sv,allenai/olmo-3.1-32b-think:free,stop,,gen-1766380528-LVchqV9jVDdGJXMDJGOX
3145,aapp_competition_test,0,1088,18001,17927,C:\Users\durgamaniryudh\Desktop\Learn\llm_eval\test\aapp_competition_test\3145\3145_gen_0.sv,allenai/olmo-3.1-32b-think:free,stop,,gen-1766380588-vQQLGJQ9vFfIyCIZL9BT
3256,aapp_competition_test,0,672,19561,20932,C:\Users\durgamaniryudh\Desktop\Learn\llm_eval\test\aapp_competition_test\3256\3256_gen_0.sv,allenai/olmo-3.1-32b-think:free,stop,,gen-1766380654-aJloda1t2J0M6Qx12kjl
3794,aapp_competition_test,0,682,18260,18158,C:\Users\durgamaniryudh\Desktop\Learn\llm_eval\test\aapp_competition_test\3794\3794_gen_0.sv,allenai/olmo-3.1-32b-think:free,stop,,gen-1766380670-SS2wGDRp4DkFpJ1Moa4R
91,human_eval_test,0,965,17724,19410,C:\Users\durgamaniryudh\Desktop\Learn\llm_eval\test\human_eval_test\91\91_gen_0.sv,allenai/olmo-3.1-32b-think:free,stop,,gen-1766380708-uzyceXhuamKAAvCOSKZ5
82,mbpp_test,0,740,19036,17041,C:\Users\durgamaniryudh\Desktop\Learn\llm_eval\test\mbpp_test\82\82_gen_0.sv,allenai/olmo-3.1-32b-think:free,stop,,gen-1766380704-52JWFEMr6lfuOTb5HMyl
144,human_eval_test,0,872,20909,20024,C:\Users\durgamaniryudh\Desktop\Learn\llm_eval\test\human_eval_test\144\144_gen_0.sv,allenai/olmo-3.1-32b-think:free,stop,,gen-1766380778-fDJE50QNA4tWMnye8sYQ
39,human_eval_test,0,599,9665,9407,C:\Users\durgamaniryudh\Desktop\Learn\llm_eval\test\human_eval_test\39\39_gen_0.sv,allenai/olmo-3.1-32b-think:free,stop,,gen-1766381078-0fvKObpHGFQ4sNBdDS72
78,human_eval_test,0,720,14761,11028,C:\Users\durgamaniryudh\Desktop\Learn\llm_eval\test\human_eval_test\78\78_gen_0.sv,allenai/olmo-3.1-32b-think:free,stop,,gen-1766381029-wpgnkglMV3SdzzNp5Xt0
3392,aapp_competition_test,0,1204,20858,21713,C:\Users\durgamaniryudh\Desktop\Learn\llm_eval\test\aapp_competition_test\3392\3392_gen_0.sv,allenai/olmo-3.1-32b-think:free,stop,,gen-1766380920-uOaNmG5muZaQDWJnSFmz
3148,aapp_competition_test,0,886,21010,18316,C:\Users\durgamaniryudh\Desktop\Learn\llm_eval\test\aapp_competition_test\3148\3148_gen_0.sv,allenai/olmo-3.1-32b-think:free,stop,,gen-1766380908-vKtIRvJ9gEnqTDQtwFxd
3796,aapp_competition_test,0,916,18773,18469,C:\Users\durgamaniryudh\Desktop\Learn\llm_eval\test\aapp_competition_test\3796\3796_gen_0.sv,allenai/olmo-3.1-32b-think:free,stop,,gen-1766381019-sGycHIWurWoejcwQ9wCI
3393,aapp_competition_test,0,1001,27539,27027,C:\Users\durgamaniryudh\Desktop\Learn\llm_eval\test\aapp_competition_test\3393\3393_gen_0.sv,allenai/olmo-3.1-32b-think:free,stop,,gen-1766380884-oNwAlb6HWR6ptxKEve9R
3253,aapp_competition_test,0,842,24138,21681,C:\Users\durgamaniryudh\Desktop\Learn\llm_eval\test\aapp_competition_test\3253\3253_gen_0.sv,allenai/olmo-3.1-32b-think:free,stop,,gen-1766380912-6JozPRwftMFphGTry9vF
85,mbpp_test,0,655,19520,16504,C:\Users\durgamaniryudh\Desktop\Learn\llm_eval\test\mbpp_test\85\85_gen_0.sv,allenai/olmo-3.1-32b-think:free,stop,,gen-1766381030-Pdtsa6keU11NL3QfKYHN
26,human_eval_test,0,580,31810,24504,C:\Users\durgamaniryudh\Desktop\Learn\llm_eval\test\human_eval_test\26\26_gen_0.sv,allenai/olmo-3.1-32b-think:free,stop,,gen-1766380863-xumy3x9BMkFztZ3735Jb
3151,aapp_competition_test,0,764,18265,18419,C:\Users\durgamaniryudh\Desktop\Learn\llm_eval\test\aapp_competition_test\3151\3151_gen_0.sv,allenai/olmo-3.1-32b-think:free,stop,,gen-1766381184-uIXxWv60yRWuYGckuSP1
3395,aapp_competition_test,0,814,13739,14233,C:\Users\durgamaniryudh\Desktop\Learn\llm_eval\test\aapp_competition_test\3395\3395_gen_0.sv,allenai/olmo-3.1-32b-think:free,stop,,gen-1766381310-vUF5CSXuS485sNAi6u4X
83,mbpp_test,0,842,14473,10472,C:\Users\durgamaniryudh\Desktop\Learn\llm_eval\test\mbpp_test\83\83_gen_0.sv,allenai/olmo-3.1-32b-think:free,stop,,gen-1766381379-CWTowYLvHxt8JJBv9pP4
66,human_eval_test,0,655,7371,6661,C:\Users\durgamaniryudh\Desktop\Learn\llm_eval\test\human_eval_test\66\66_gen_0.sv,allenai/olmo-3.1-32b-think:free,stop,,gen-1766381558-6dgTUmdADS657uswqP26
3254,aapp_competition_test,0,1085,21693,20168,C:\Users\durgamaniryudh\Desktop\Learn\llm_eval\test\aapp_competition_test\3254\3254_gen_0.sv,allenai/olmo-3.1-32b-think:free,stop,,gen-1766381273-h5cfEGnw25PVD0WVcIJ0
3797,aapp_competition_test,0,626,21221,19221,C:\Users\durgamaniryudh\Desktop\Learn\llm_eval\test\aapp_competition_test\3797\3797_gen_0.sv,allenai/olmo-3.1-32b-think:free,stop,,gen-1766381317-avfidXpqmyB4HAGbT8xt
3149,aapp_competition_test,0,1067,18549,16059,C:\Users\durgamaniryudh\Desktop\Learn\llm_eval\test\aapp_competition_test\3149\3149_gen_0.sv,allenai/olmo-3.1-32b-think:free,stop,,gen-1766381386-ShsCs2s2eSa5aUGfVQFa
3257,aapp_competition_test,0,1678,18760,15675,C:\Users\durgamaniryudh\Desktop\Learn\llm_eval\test\aapp_competition_test\3257\3257_gen_0.sv,allenai/olmo-3.1-32b-think:free,stop,,gen-1766381400-Sqo8fzyTzqnjjODz5hLn
157,human_eval_test,0,841,23524,22966,C:\Users\durgamaniryudh\Desktop\Learn\llm_eval\test\human_eval_test\157\157_gen_0.sv,allenai/olmo-3.1-32b-think:free,stop,,gen-1766381331-a0uSWikFHt19LXTNGw0a
3800,aapp_competition_test,0,1069,17746,16842,C:\Users\durgamaniryudh\Desktop\Learn\llm_eval\test\aapp_competition_test\3800\3800_gen_0.sv,allenai/olmo-3.1-32b-think:free,stop,,gen-1766381454-wFqTJfiOqCEq26pMbuvm
3396,aapp_competition_test,0,896,19025,18301,C:\Users\durgamaniryudh\Desktop\Learn\llm_eval\test\aapp_competition_test\3396\3396_gen_0.sv,allenai/olmo-3.1-32b-think:free,stop,,gen-1766381445-gblIp9Zktj0CAAga7BRp
89,mbpp_test,0,430,6113,6072,C:\Users\durgamaniryudh\Desktop\Learn\llm_eval\test\mbpp_test\89\89_gen_0.sv,allenai/olmo-3.1-32b-think:free,stop,,gen-1766381811-wbG77dbgxISeZFNAtorz
79,human_eval_test,0,646,18681,16690,C:\Users\durgamaniryudh\Desktop\Learn\llm_eval\test\human_eval_test\79\79_gen_0.sv,allenai/olmo-3.1-32b-think:free,stop,,gen-1766381561-yt7owwki7wOPom6fxwAc
3377,aapp_competition_test,0,4020,11241,11272,C:\Users\durgamaniryudh\Desktop\Learn\llm_eval\test\aapp_competition_test\3377\3377_gen_0.sv,allenai/olmo-3.1-32b-think:free,stop,,gen-1766381733-Ho5Z4a3hDSM2wiSleUop
84,mbpp_test,0,911,15865,15541,C:\Users\durgamaniryudh\Desktop\Learn\llm_eval\test\mbpp_test\84\84_gen_0.sv,allenai/olmo-3.1-32b-think:free,stop,,gen-1766381639-DhrPaOFtqnrihQbOfIBb
3803,aapp_competition_test,0,894,19206,18964,C:\Users\durgamaniryudh\Desktop\Learn\llm_eval\test\aapp_competition_test\3803\3803_gen_0.sv,allenai/olmo-3.1-32b-think:free,stop,,gen-1766381748-q62vzzYIHiFl8ym4N09O
3230,aapp_competition_test,0,1272,21496,19205,C:\Users\durgamaniryudh\Desktop\Learn\llm_eval\test\aapp_competition_test\3230\3230_gen_0.sv,allenai/olmo-3.1-32b-think:free,stop,,gen-1766381723-93XVgELp8xASZkB1glfy
248,mbpp_test,0,754,16651,16746,C:\Users\durgamaniryudh\Desktop\Learn\llm_eval\test\mbpp_test\248\248_gen_0.sv,allenai/olmo-3.1-32b-think:free,stop,,gen-1766381813-wI791BX8VKMlGvBfI29P
3146,aapp_competition_test,0,982,21604,21628,C:\Users\durgamaniryudh\Desktop\Learn\llm_eval\test\aapp_competition_test\3146\3146_gen_0.sv,allenai/olmo-3.1-32b-think:free,stop,,gen-1766381698-EFBkpfH0yEEth22P1rrL
118,human_eval_test,0,1642,18369,17669,C:\Users\durgamaniryudh\Desktop\Learn\llm_eval\test\human_eval_test\118\118_gen_0.sv,allenai/olmo-3.1-32b-think:free,stop,,gen-1766381785-kmi68Fh7OUOb2vq8bdqo
3492,aapp_competition_test,0,895,11489,11506,C:\Users\durgamaniryudh\Desktop\Learn\llm_eval\test\aapp_competition_test\3492\3492_gen_0.sv,allenai/olmo-3.1-32b-think:free,stop,,gen-1766381940-d0w2nYEIi0MkLMP7mKzg
581,mbpp_validation,0,523,12879,11924,C:\Users\durgamaniryudh\Desktop\Learn\llm_eval\test\mbpp_validation\581\581_gen_0.sv,allenai/olmo-3.1-32b-think:free,stop,,gen-1766381972-yW7s52BvJutU354VDMHR
132,human_eval_test,0,701,22366,22838,C:\Users\durgamaniryudh\Desktop\Learn\llm_eval\test\human_eval_test\132\132_gen_0.sv,allenai/olmo-3.1-32b-think:free,stop,,gen-1766381802-JZzSGsJ8AMCfWA7EWE8P
3000,aapp_competition_test,0,1702,21422,22169,C:\Users\durgamaniryudh\Desktop\Learn\llm_eval\test\aapp_competition_test\3000\3000_gen_0.sv,allenai/olmo-3.1-32b-think:free,stop,,gen-1766381933-ydhHMTNx8jh1yLLEPRLY
411,mbpp_test,0,642,21527,24500,C:\Users\durgamaniryudh\Desktop\Learn\llm_eval\test\mbpp_test\411\411_gen_0.sv,allenai/olmo-3.1-32b-think:free,stop,,gen-1766381932-M1riES11bU6Q1yn26J76
583,mbpp_validation,0,644,12505,11654,C:\Users\durgamaniryudh\Desktop\Learn\llm_eval\test\mbpp_validation\583\583_gen_0.sv,allenai/olmo-3.1-32b-think:free,stop,,gen-1766382134-faxt6Czgbto2kPkF333D
414,mbpp_test,0,608,13116,10150,C:\Users\durgamaniryudh\Desktop\Learn\llm_eval\test\mbpp_test\414\414_gen_0.sv,allenai/olmo-3.1-32b-think:free,stop,,gen-1766382116-ChGLNZrrj7ba3HeX7s6J
237,mbpp_test,0,1322,14642,14200,C:\Users\durgamaniryudh\Desktop\Learn\llm_eval\test\mbpp_test\237\237_gen_0.sv,allenai/olmo-3.1-32b-think:free,stop,,gen-1766382114-s0fQDEfbZ5kZdslfApHq
3495,aapp_competition_test,0,815,23579,22203,C:\Users\durgamaniryudh\Desktop\Learn\llm_eval\test\aapp_competition_test\3495\3495_gen_0.sv,allenai/olmo-3.1-32b-think:free,stop,,gen-1766382132-UfNiXnGj332FiVsmNUJr
249,mbpp_test,0,696,24200,17149,C:\Users\durgamaniryudh\Desktop\Learn\llm_eval\test\mbpp_test\249\249_gen_0.sv,allenai/olmo-3.1-32b-think:free,stop,,gen-1766382160-MS27P0d3OhcGmDbLJICM
3011,aapp_competition_test,0,814,22487,20246,C:\Users\durgamaniryudh\Desktop\Learn\llm_eval\test\aapp_competition_test\3011\3011_gen_0.sv,allenai/olmo-3.1-32b-think:free,stop,,gen-1766382222-7NFoLi9pLFmrFbuiBlUQ
419,mbpp_test,0,651,14874,13932,C:\Users\durgamaniryudh\Desktop\Learn\llm_eval\test\mbpp_test\419\419_gen_0.sv,allenai/olmo-3.1-32b-think:free,stop,,gen-1766382380-e4Pe2mMRYIs2GE2UsBei
420,mbpp_test,0,621,22840,22177,C:\Users\durgamaniryudh\Desktop\Learn\llm_eval\test\mbpp_test\420\420_gen_0.sv,allenai/olmo-3.1-32b-think:free,stop,,gen-1766382203-XzeZHG1t3m5z1mejBLcE
3004,aapp_competition_test,0,963,28910,29802,C:\Users\durgamaniryudh\Desktop\Learn\llm_eval\test\aapp_competition_test\3004\3004_gen_0.sv,allenai/olmo-3.1-32b-think:free,stop,,gen-1766382120-qgwxmZRtqJkbW9uSdBXr
3013,aapp_competition_test,0,825,16539,16413,C:\Users\durgamaniryudh\Desktop\Learn\llm_eval\test\aapp_competition_test\3013\3013_gen_0.sv,allenai/olmo-3.1-32b-think:free,stop,,gen-1766382395-gE2PIN3RlXHcML5hXkDz
580,mbpp_validation,0,662,18987,17047,C:\Users\durgamaniryudh\Desktop\Learn\llm_eval\test\mbpp_validation\580\580_gen_0.sv,allenai/olmo-3.1-32b-think:free,stop,,gen-1766382346-REV34gqK2Of0ziQtEhDD
257,mbpp_test,0,432,2405,2492,C:\Users\durgamaniryudh\Desktop\Learn\llm_eval\test\mbpp_test\257\257_gen_0.sv,allenai/olmo-3.1-32b-think:free,stop,,gen-1766382695-ZeAHG6Kpzwu40I7iWXjk
3500,aapp_competition_test,0,830,23155,18796,C:\Users\durgamaniryudh\Desktop\Learn\llm_eval\test\aapp_competition_test\3500\3500_gen_0.sv,allenai/olmo-3.1-32b-think:free,stop,,gen-1766382336-3SIWxp6SHEGr8Ysxg07h
247,mbpp_test,0,755,25804,18012,C:\Users\durgamaniryudh\Desktop\Learn\llm_eval\test\mbpp_test\247\247_gen_0.sv,allenai/olmo-3.1-32b-think:free,stop,,gen-1766382355-kNNvqEedvgYDfQiPjOJK
422,mbpp_test,0,628,11765,10630,C:\Users\durgamaniryudh\Desktop\Learn\llm_eval\test\mbpp_test\422\422_gen_0.sv,allenai/olmo-3.1-32b-think:free,stop,,gen-1766382655-ji2sYMWJ5ByQQqTF8Daz
418,mbpp_test,0,509,9471,8599,C:\Users\durgamaniryudh\Desktop\Learn\llm_eval\test\mbpp_test\418\418_gen_0.sv,allenai/olmo-3.1-32b-think:free,stop,,gen-1766382713-Ez16oMrcXYkAMik9DGJd
584,mbpp_validation,0,635,19808,19147,C:\Users\durgamaniryudh\Desktop\Learn\llm_eval\test\mbpp_validation\584\584_gen_0.sv,allenai/olmo-3.1-32b-think:free,stop,,gen-1766382631-WM8wIEHJ2s9aQ0dGjSOM
3501,aapp_competition_test,0,763,19318,18332,C:\Users\durgamaniryudh\Desktop\Learn\llm_eval\test\aapp_competition_test\3501\3501_gen_0.sv,allenai/olmo-3.1-32b-think:free,stop,,gen-1766382631-xTCUR4F3XJLG63bprp2D
253,mbpp_test,0,554,7095,6391,C:\Users\durgamaniryudh\Desktop\Learn\llm_eval\test\mbpp_test\253\253_gen_0.sv,allenai/olmo-3.1-32b-think:free,stop,,gen-1766382886-1dJW1YEDyjbZN977MUKp
578,mbpp_validation,0,800,18174,17161,C:\Users\durgamaniryudh\Desktop\Learn\llm_eval\test\mbpp_validation\578\578_gen_0.sv,allenai/olmo-3.1-32b-think:free,stop,,gen-1766382712-vJ8NYmKCFrNuVaKeQVVG
3502,aapp_competition_test,0,899,21004,18272,C:\Users\durgamaniryudh\Desktop\Learn\llm_eval\test\aapp_competition_test\3502\3502_gen_0.sv,allenai/olmo-3.1-32b-think:free,stop,,gen-1766382694-2YVeYTZ7XBZsREFVVnJq
3010,aapp_competition_test,0,1144,21683,20013,C:\Users\durgamaniryudh\Desktop\Learn\llm_eval\test\aapp_competition_test\3010\3010_gen_0.sv,allenai/olmo-3.1-32b-think:free,stop,,gen-1766382683-BHBjbNjK2cMi8477l7Gu
3018,aapp_competition_test,0,616,20588,19455,C:\Users\durgamaniryudh\Desktop\Learn\llm_eval\test\aapp_competition_test\3018\3018_gen_0.sv,allenai/olmo-3.1-32b-think:free,stop,,gen-1766382745-jI9E9VnsQaYhgYt0ZVgz
586,mbpp_validation,0,575,14803,14779,C:\Users\durgamaniryudh\Desktop\Learn\llm_eval\test\mbpp_validation\586\586_gen_0.sv,allenai/olmo-3.1-32b-think:free,stop,,gen-1766382899-WMr7mlg96DyafnEzl1mJ
3503,aapp_competition_test,0,845,21060,20080,C:\Users\durgamaniryudh\Desktop\Learn\llm_eval\test\aapp_competition_test\3503\3503_gen_0.sv,allenai/olmo-3.1-32b-think:free,stop,,gen-1766382812-QAITEQv6WDCxqD1HC1pl
588,mbpp_validation,0,446,11165,9677,C:\Users\durgamaniryudh\Desktop\Learn\llm_eval\test\mbpp_validation\588\588_gen_0.sv,allenai/olmo-3.1-32b-think:free,stop,,gen-1766383070-gfrnsfsIAUb9v2Y8s5Bu
256,mbpp_test,0,751,5946,5362,C:\Users\durgamaniryudh\Desktop\Learn\llm_eval\test\mbpp_test\256\256_gen_0.sv,allenai/olmo-3.1-32b-think:free,stop,,gen-1766383182-oO2uWtdY2DQ97zw37UKr
251,mbpp_test,0,598,21503,21314,C:\Users\durgamaniryudh\Desktop\Learn\llm_eval\test\mbpp_test\251\251_gen_0.sv,allenai/olmo-3.1-32b-think:free,stop,,gen-1766382919-AMclznKsyVaBwMyjIapF
3505,aapp_competition_test,0,602,15525,15315,C:\Users\durgamaniryudh\Desktop\Learn\llm_eval\test\aapp_competition_test\3505\3505_gen_0.sv,allenai/olmo-3.1-32b-think:free,stop,,gen-1766383119-PT2O37Rk3IuWroJlTVCq
3019,aapp_competition_test,0,776,15751,14985,C:\Users\durgamaniryudh\Desktop\Learn\llm_eval\test\aapp_competition_test\3019\3019_gen_0.sv,allenai/olmo-3.1-32b-think:free,stop,,gen-1766383117-4bqc4XKGmXJGNhKp5Mp3
3017,aapp_competition_test,0,824,23566,20792,C:\Users\durgamaniryudh\Desktop\Learn\llm_eval\test\aapp_competition_test\3017\3017_gen_0.sv,allenai/olmo-3.1-32b-think:free,stop,,gen-1766383015-6GXXz0OEK5rtjke4uCHG
587,mbpp_validation,0,592,12948,11848,C:\Users\durgamaniryudh\Desktop\Learn\llm_eval\test\mbpp_validation\587\587_gen_0.sv,allenai/olmo-3.1-32b-think:free,stop,,gen-1766383218-jB5jJGvyxvwdFYCA0oHF
421,mbpp_test,0,961,18109,15694,C:\Users\durgamaniryudh\Desktop\Learn\llm_eval\test\mbpp_test\421\421_gen_0.sv,allenai/olmo-3.1-32b-think:free,stop,,gen-1766383139-yM3Pkc2rAC8hgdqCfhfP
3504,aapp_competition_test,0,761,26372,23344,C:\Users\durgamaniryudh\Desktop\Learn\llm_eval\test\aapp_competition_test\3504\3504_gen_0.sv,allenai/olmo-3.1-32b-think:free,stop,,gen-1766383018-tnvziOWWyMQ9yPGnZYKn
424,mbpp_test,0,707,10381,8930,C:\Users\durgamaniryudh\Desktop\Learn\llm_eval\test\mbpp_test\424\424_gen_0.sv,allenai/olmo-3.1-32b-think:free,stop,,gen-1766383423-gngLFuVVdhn7ttlAKx0U
261,mbpp_test,0,595,20588,21316,C:\Users\durgamaniryudh\Desktop\Learn\llm_eval\test\mbpp_test\261\261_gen_0.sv,allenai/olmo-3.1-32b-think:free,stop,,gen-1766383279-zF5Rl8lIhkbhgSGqjChu
426,mbpp_test,0,487,8319,7436,C:\Users\durgamaniryudh\Desktop\Learn\llm_eval\test\mbpp_test\426\426_gen_0.sv,allenai/olmo-3.1-32b-think:free,stop,,gen-1766383529-dq1rVDqOOGa9UDDASQD8
415,mbpp_test,0,782,32768,23649,C:\Users\durgamaniryudh\Desktop\Learn\llm_eval\test\mbpp_test\415\415_gen_0.sv,allenai/olmo-3.1-32b-think:free,length,,gen-1766383015-PTukmbaHCcGPVWkYJEbL
592,mbpp_validation,0,618,13942,12637,C:\Users\durgamaniryudh\Desktop\Learn\llm_eval\test\mbpp_validation\592\592_gen_0.sv,allenai/olmo-3.1-32b-think:free,stop,,gen-1766383424-A4ae5KkWqlVqnkKEorP3
3015,aapp_competition_test,0,917,21110,20988,C:\Users\durgamaniryudh\Desktop\Learn\llm_eval\test\aapp_competition_test\3015\3015_gen_0.sv,allenai/olmo-3.1-32b-think:free,stop,,gen-1766383293-SmHTjaDseeZCbU1D5ohn
3507,aapp_competition_test,0,705,20279,18609,C:\Users\durgamaniryudh\Desktop\Learn\llm_eval\test\aapp_competition_test\3507\3507_gen_0.sv,allenai/olmo-3.1-32b-think:free,stop,,gen-1766383306-dLOHiM3vgsmTmbWayzNq
3016,aapp_competition_test,0,855,15097,15738,C:\Users\durgamaniryudh\Desktop\Learn\llm_eval\test\aapp_competition_test\3016\3016_gen_0.sv,allenai/olmo-3.1-32b-think:free,stop,,gen-1766383478-tZZnUOUIoyCtDw52d2uL
573,mbpp_validation,0,3760,10553,9778,C:\Users\durgamaniryudh\Desktop\Learn\llm_eval\test\mbpp_validation\573\573_gen_0.sv,allenai/olmo-3.1-32b-think:free,stop,,gen-1766383619-K2KfKUqiQwZohsX3YB9F
3498,aapp_competition_test,0,1242,17507,19346,C:\Users\durgamaniryudh\Desktop\Learn\llm_eval\test\aapp_competition_test\3498\3498_gen_0.sv,allenai/olmo-3.1-32b-think:free,stop,,gen-1766383500-nDjhmvpFxRZ522WD9yhk
255,mbpp_test,0,742,22210,17640,C:\Users\durgamaniryudh\Desktop\Learn\llm_eval\test\mbpp_test\255\255_gen_0.sv,allenai/olmo-3.1-32b-think:free,stop,,gen-1766383470-4igSbEcTHF8ttxFinsQ6
266,mbpp_test,0,460,12689,12574,C:\Users\durgamaniryudh\Desktop\Learn\llm_eval\test\mbpp_test\266\266_gen_0.sv,allenai/olmo-3.1-32b-think:free,stop,,gen-1766383698-9kYetyRquDmbS7epHPZS
3020,aapp_competition_test,0,1228,15499,14613,C:\Users\durgamaniryudh\Desktop\Learn\llm_eval\test\aapp_competition_test\3020\3020_gen_0.sv,allenai/olmo-3.1-32b-think:free,stop,,gen-1766383677-du5ppq5OPNUu1Fd1iYJh
3508,aapp_competition_test,0,809,16757,17156,C:\Users\durgamaniryudh\Desktop\Learn\llm_eval\test\aapp_competition_test\3508\3508_gen_0.sv,allenai/olmo-3.1-32b-think:free,stop,,gen-1766383680-bTm3NpO0h9XzOLPtENma
3506,aapp_competition_test,0,1036,15743,16485,C:\Users\durgamaniryudh\Desktop\Learn\llm_eval\test\aapp_competition_test\3506\3506_gen_0.sv,allenai/olmo-3.1-32b-think:free,stop,,gen-1766383762-XPbbJmq49QDQ9gJPJAsY
264,mbpp_test,0,503,14302,10297,C:\Users\durgamaniryudh\Desktop\Learn\llm_eval\test\mbpp_test\264\264_gen_0.sv,allenai/olmo-3.1-32b-think:free,stop,,gen-1766383822-N30IevkVQmLfAAzrxDXI
428,mbpp_test,0,836,21207,18485,C:\Users\durgamaniryudh\Desktop\Learn\llm_eval\test\mbpp_test\428\428_gen_0.sv,allenai/olmo-3.1-32b-think:free,stop,,gen-1766383707-GD5AQ60ZlWIsJ7jLJSss
589,mbpp_validation,0,774,21944,22989,C:\Users\durgamaniryudh\Desktop\Learn\llm_eval\test\mbpp_validation\589\589_gen_0.sv,allenai/olmo-3.1-32b-think:free,stop,,gen-1766383713-AfaHGt4MwRYebz10ef7B
591,mbpp_validation,0,662,13535,13605,C:\Users\durgamaniryudh\Desktop\Learn\llm_eval\test\mbpp_validation\591\591_gen_0.sv,allenai/olmo-3.1-32b-think:free,stop,,gen-1766383894-btJpV1seH43H7LzzTkQA
3024,aapp_competition_test,0,819,24135,20513,C:\Users\durgamaniryudh\Desktop\Learn\llm_eval\test\aapp_competition_test\3024\3024_gen_0.sv,allenai/olmo-3.1-32b-think:free,stop,,gen-1766383715-CTniJlFkcxXXsLnNU30I
417,mbpp_test,0,876,17402,17909,C:\Users\durgamaniryudh\Desktop\Learn\llm_eval\test\mbpp_test\417\417_gen_0.sv,allenai/olmo-3.1-32b-think:free,stop,,gen-1766383851-ABrMTwEMyDD7iLCzRRQC
3014,aapp_competition_test,0,797,18891,18246,C:\Users\durgamaniryudh\Desktop\Learn\llm_eval\test\aapp_competition_test\3014\3014_gen_0.sv,allenai/olmo-3.1-32b-think:free,stop,,gen-1766383911-1dg7dSZ3FM0D7c0W8THS
3025,aapp_competition_test,0,1078,11475,11403,C:\Users\durgamaniryudh\Desktop\Learn\llm_eval\test\aapp_competition_test\3025\3025_gen_0.sv,allenai/olmo-3.1-32b-think:free,stop,,gen-1766384096-na5SMXKkH7oV5EvYuEai
252,mbpp_test,0,1582,16118,15861,C:\Users\durgamaniryudh\Desktop\Learn\llm_eval\test\mbpp_test\252\252_gen_0.sv,allenai/olmo-3.1-32b-think:free,stop,,gen-1766384011-wfyLITZ5PR7w5KsVNHoN
593,mbpp_validation,0,631,15944,17000,C:\Users\durgamaniryudh\Desktop\Learn\llm_eval\test\mbpp_validation\593\593_gen_0.sv,allenai/olmo-3.1-32b-think:free,stop,,gen-1766384083-FgSQeOHZmwsmUxAzFmZL
3510,aapp_competition_test,0,896,21569,20232,C:\Users\durgamaniryudh\Desktop\Learn\llm_eval\test\aapp_competition_test\3510\3510_gen_0.sv,allenai/olmo-3.1-32b-think:free,stop,,gen-1766383967-CYwe4IdYY3jRSTPqr7kL
260,mbpp_test,0,847,14106,14514,C:\Users\durgamaniryudh\Desktop\Learn\llm_eval\test\mbpp_test\260\260_gen_0.sv,allenai/olmo-3.1-32b-think:free,stop,,gen-1766384152-lyfwwVGTOHzpbsfe58xq
425,mbpp_test,0,673,15380,14850,C:\Users\durgamaniryudh\Desktop\Learn\llm_eval\test\mbpp_test\425\425_gen_0.sv,allenai/olmo-3.1-32b-think:free,stop,,gen-1766384152-vxPzVX36oR6peiJ8vIHm
427,mbpp_test,0,831,21765,19737,C:\Users\durgamaniryudh\Desktop\Learn\llm_eval\test\mbpp_test\427\427_gen_0.sv,allenai/olmo-3.1-32b-think:free,stop,,gen-1766384034-6IL5B4Xk3xR7fA4CxQmH
590,mbpp_validation,0,854,16456,15613,C:\Users\durgamaniryudh\Desktop\Learn\llm_eval\test\mbpp_validation\590\590_gen_0.sv,allenai/olmo-3.1-32b-think:free,stop,,gen-1766384189-vJpOKRUPue60XmvLVmVQ
430,mbpp_test,0,512,10786,10104,C:\Users\durgamaniryudh\Desktop\Learn\llm_eval\test\mbpp_test\430\430_gen_0.sv,allenai/olmo-3.1-32b-think:free,stop,,gen-1766384275-li0L0Ws8EMWwIBUgYIdm
429,mbpp_test,0,745,5227,4800,C:\Users\durgamaniryudh\Desktop\Learn\llm_eval\test\mbpp_test\429\429_gen_0.sv,allenai/olmo-3.1-32b-think:free,stop,,gen-1766384434-Kd8XBaW5lwiZfCQ0z8zU
3511,aapp_competition_test,0,1169,22317,24881,C:\Users\durgamaniryudh\Desktop\Learn\llm_eval\test\aapp_competition_test\3511\3511_gen_0.sv,allenai/olmo-3.1-32b-think:free,stop,,gen-1766384120-IpzLPPworCB93uGogbNr
267,mbpp_test,0,607,7293,6861,C:\Users\durgamaniryudh\Desktop\Learn\llm_eval\test\mbpp_test\267\267_gen_0.sv,allenai/olmo-3.1-32b-think:free,stop,,gen-1766384429-5cj6zaYDCPnRzguY98jS
259,mbpp_test,0,539,6248,4830,C:\Users\durgamaniryudh\Desktop\Learn\llm_eval\test\mbpp_test\259\259_gen_0.sv,allenai/olmo-3.1-32b-think:free,stop,,gen-1766384505-G4k0PLbeHkonOcsneecu
431,mbpp_test,0,649,5712,5491,C:\Users\durgamaniryudh\Desktop\Learn\llm_eval\test\mbpp_test\431\431_gen_0.sv,allenai/olmo-3.1-32b-think:free,stop,,gen-1766384563-mYkZgXCovV92NdNgz6Qg
3026,aapp_competition_test,0,772,20687,18003,C:\Users\durgamaniryudh\Desktop\Learn\llm_eval\test\aapp_competition_test\3026\3026_gen_0.sv,allenai/olmo-3.1-32b-think:free,stop,,gen-1766384326-6dqjhCtcePQoyoiVgLTk
594,mbpp_validation,0,710,16672,12892,C:\Users\durgamaniryudh\Desktop\Learn\llm_eval\test\mbpp_validation\594\594_gen_0.sv,allenai/olmo-3.1-32b-think:free,stop,,gen-1766384434-Yyp8jGbkEr9ZoJ4635up
3009,aapp_competition_test,0,1020,16502,16057,C:\Users\durgamaniryudh\Desktop\Learn\llm_eval\test\aapp_competition_test\3009\3009_gen_0.sv,allenai/olmo-3.1-32b-think:free,stop,,gen-1766384452-7LLIbaL80pXeql6jDHTY
269,mbpp_test,0,490,4368,4818,C:\Users\durgamaniryudh\Desktop\Learn\llm_eval\test\mbpp_test\269\269_gen_0.sv,allenai/olmo-3.1-32b-think:free,stop,,gen-1766384734-DWoT6SUnGOiq4BN7Iacg
3512,aapp_competition_test,0,920,24038,19106,C:\Users\durgamaniryudh\Desktop\Learn\llm_eval\test\aapp_competition_test\3512\3512_gen_0.sv,allenai/olmo-3.1-32b-think:free,stop,,gen-1766384363-SxqlNAnIzq8D0Zrr4z1W
595,mbpp_validation,0,676,16385,13253,C:\Users\durgamaniryudh\Desktop\Learn\llm_eval\test\mbpp_validation\595\595_gen_0.sv,allenai/olmo-3.1-32b-think:free,stop,,gen-1766384505-ONskkYT033LZ3wyYzlk6
262,mbpp_test,0,885,16843,15817,C:\Users\durgamaniryudh\Desktop\Learn\llm_eval\test\mbpp_test\262\262_gen_0.sv,allenai/olmo-3.1-32b-think:free,stop,,gen-1766384541-jSA7h8UfXhrQAplgjZGO
433,mbpp_test,0,702,4518,4279,C:\Users\durgamaniryudh\Desktop\Learn\llm_eval\test\mbpp_test\433\433_gen_0.sv,allenai/olmo-3.1-32b-think:free,stop,,gen-1766384759-ANR8pl8Jkxfzq1mVkHhF
3021,aapp_competition_test,0,1496,15479,14495,C:\Users\durgamaniryudh\Desktop\Learn\llm_eval\test\aapp_competition_test\3021\3021_gen_0.sv,allenai/olmo-3.1-32b-think:free,stop,,gen-1766384568-eVDYsr6uWOQhIs8kCmfj
3516,aapp_competition_test,0,821,14275,14319,C:\Users\durgamaniryudh\Desktop\Learn\llm_eval\test\aapp_competition_test\3516\3516_gen_0.sv,allenai/olmo-3.1-32b-think:free,stop,,gen-1766384627-cQb70BkXcCrEiaDlEsWh
600,mbpp_validation,0,605,3257,2889,C:\Users\durgamaniryudh\Desktop\Learn\llm_eval\test\mbpp_validation\600\600_gen_0.sv,allenai/olmo-3.1-32b-think:free,stop,,gen-1766384880-2TSoH6xCj0rwnbnTjTdF
432,mbpp_test,0,688,7594,7261,C:\Users\durgamaniryudh\Desktop\Learn\llm_eval\test\mbpp_test\432\432_gen_0.sv,allenai/olmo-3.1-32b-think:free,stop,,gen-1766384850-RbZ7M1t9qizjJW0phEFb
268,mbpp_test,0,499,10363,8722,C:\Users\durgamaniryudh\Desktop\Learn\llm_eval\test\mbpp_test\268\268_gen_0.sv,allenai/olmo-3.1-32b-think:free,stop,,gen-1766384812-7w8QbTzNve4eTfFKlDcr
3514,aapp_competition_test,0,677,26891,17140,C:\Users\durgamaniryudh\Desktop\Learn\llm_eval\test\aapp_competition_test\3514\3514_gen_0.sv,allenai/olmo-3.1-32b-think:free,stop,,gen-1766384498-B678dcEonKRopKVJ1ybU
596,mbpp_validation,0,641,11319,11232,C:\Users\durgamaniryudh\Desktop\Learn\llm_eval\test\mbpp_validation\596\596_gen_0.sv,allenai/olmo-3.1-32b-think:free,stop,,gen-1766384811-5aG2GwecA3iwWSk50Imt
585,mbpp_validation,0,901,21307,18766,C:\Users\durgamaniryudh\Desktop\Learn\llm_eval\test\mbpp_validation\585\585_gen_0.sv,allenai/olmo-3.1-32b-think:free,stop,,gen-1766384687-F0Jt6p5RKm9ATaNfFyYK
3033,aapp_competition_test,0,847,15326,16085,C:\Users\durgamaniryudh\Desktop\Learn\llm_eval\test\aapp_competition_test\3033\3033_gen_0.sv,allenai/olmo-3.1-32b-think:free,stop,,gen-1766384855-1N76nV21fEsLElSkbUlv
3517,aapp_competition_test,0,726,21418,20906,C:\Users\durgamaniryudh\Desktop\Learn\llm_eval\test\aapp_competition_test\3517\3517_gen_0.sv,allenai/olmo-3.1-32b-think:free,stop,,gen-1766384808-9sSxwJ6Id7bQVQHIwR6k
3006,aapp_competition_test,0,817,23968,23888,C:\Users\durgamaniryudh\Desktop\Learn\llm_eval\test\aapp_competition_test\3006\3006_gen_0.sv,allenai/olmo-3.1-32b-think:free,stop,,gen-1766384776-ecPPwXvFOfZXS03a2n9j
3031,aapp_competition_test,0,812,15526,15663,C:\Users\durgamaniryudh\Desktop\Learn\llm_eval\test\aapp_competition_test\3031\3031_gen_0.sv,allenai/olmo-3.1-32b-think:free,stop,,gen-1766384996-ZZ47zPnkdRe2vEL3fRgN
271,mbpp_test,0,566,17186,15749,C:\Users\durgamaniryudh\Desktop\Learn\llm_eval\test\mbpp_test\271\271_gen_0.sv,allenai/olmo-3.1-32b-think:free,stop,,gen-1766384959-cGxs66kxsSugh58RW5CP
435,mbpp_test,0,652,16440,17255,C:\Users\durgamaniryudh\Desktop\Learn\llm_eval\test\mbpp_test\435\435_gen_0.sv,allenai/olmo-3.1-32b-think:free,stop,,gen-1766384984-PsY6Uz94bF8I18oNpD5K
3515,aapp_competition_test,0,682,23252,21244,C:\Users\durgamaniryudh\Desktop\Learn\llm_eval\test\aapp_competition_test\3515\3515_gen_0.sv,allenai/olmo-3.1-32b-think:free,stop,,gen-1766384872-W6DZuQSBDuaVRWOBxgrt
3518,aapp_competition_test,0,754,17082,17260,C:\Users\durgamaniryudh\Desktop\Learn\llm_eval\test\aapp_competition_test\3518\3518_gen_0.sv,allenai/olmo-3.1-32b-think:free,stop,,gen-1766384997-nNO7qxW8xMXe33VBMXjJ
273,mbpp_test,0,539,15931,15561,C:\Users\durgamaniryudh\Desktop\Learn\llm_eval\test\mbpp_test\273\273_gen_0.sv,allenai/olmo-3.1-32b-think:free,stop,,gen-1766385084-7lkGIoikhAo0p7tAmLYc
274,mbpp_test,0,612,5500,4896,C:\Users\durgamaniryudh\Desktop\Learn\llm_eval\test\mbpp_test\274\274_gen_0.sv,allenai/olmo-3.1-32b-think:free,stop,,gen-1766385316-mOAVaWST3XdgPkAU545J
598,mbpp_validation,0,930,21110,21102,C:\Users\durgamaniryudh\Desktop\Learn\llm_eval\test\mbpp_validation\598\598_gen_0.sv,allenai/olmo-3.1-32b-think:free,stop,,gen-1766385034-UepGzUC34qkjHVTdZ13e
434,mbpp_test,0,704,17129,17686,C:\Users\durgamaniryudh\Desktop\Learn\llm_eval\test\mbpp_test\434\434_gen_0.sv,allenai/olmo-3.1-32b-think:free,stop,,gen-1766385121-gUE1L7IaA0bGcqR04wD6
3030,aapp_competition_test,0,813,17908,18357,C:\Users\durgamaniryudh\Desktop\Learn\llm_eval\test\aapp_competition_test\3030\3030_gen_0.sv,allenai/olmo-3.1-32b-think:free,stop,,gen-1766385204-V1AIOPxkDwjI5DlBGe63
437,mbpp_test,0,715,10193,9776,C:\Users\durgamaniryudh\Desktop\Learn\llm_eval\test\mbpp_test\437\437_gen_0.sv,allenai/olmo-3.1-32b-think:free,stop,,gen-1766385329-sCpMap36dyfIv4hzZYbH
3519,aapp_competition_test,0,684,18759,16348,C:\Users\durgamaniryudh\Desktop\Learn\llm_eval\test\aapp_competition_test\3519\3519_gen_0.sv,allenai/olmo-3.1-32b-think:free,stop,,gen-1766385230-uYvW7BjUsWRF4qm5jLOH
441,mbpp_test,0,465,5175,5184,C:\Users\durgamaniryudh\Desktop\Learn\llm_eval\test\mbpp_test\441\441_gen_0.sv,allenai/olmo-3.1-32b-think:free,stop,,gen-1766385528-D81eG6hIBaRC1IygUe6J
270,mbpp_test,0,628,7241,6205,C:\Users\durgamaniryudh\Desktop\Learn\llm_eval\test\mbpp_test\270\270_gen_0.sv,allenai/olmo-3.1-32b-think:free,stop,,gen-1766385521-MOb1oeQ8nqRfweBLPW9I
597,mbpp_validation,0,730,19928,18671,C:\Users\durgamaniryudh\Desktop\Learn\llm_eval\test\mbpp_validation\597\597_gen_0.sv,allenai/olmo-3.1-32b-think:free,stop,,gen-1766385287-11kR4EBP2ByRv1MByHpR
265,mbpp_test,0,786,16536,17979,C:\Users\durgamaniryudh\Desktop\Learn\llm_eval\test\mbpp_test\265\265_gen_0.sv,allenai/olmo-3.1-32b-think:free,stop,,gen-1766385373-oevOkW2RrvGKVLQIsWEm
3522,aapp_competition_test,0,789,16901,17623,C:\Users\durgamaniryudh\Desktop\Learn\llm_eval\test\aapp_competition_test\3522\3522_gen_0.sv,allenai/olmo-3.1-32b-think:free,stop,,gen-1766385351-2RbBxX3FJx4SqZOZsp54
436,mbpp_test,0,501,20443,16571,C:\Users\durgamaniryudh\Desktop\Learn\llm_eval\test\mbpp_test\436\436_gen_0.sv,allenai/olmo-3.1-32b-think:free,stop,,gen-1766385407-6nhyN1lnGKNfju2LoFmD
3029,aapp_competition_test,0,799,23029,23605,C:\Users\durgamaniryudh\Desktop\Learn\llm_eval\test\aapp_competition_test\3029\3029_gen_0.sv,allenai/olmo-3.1-32b-think:free,stop,,gen-1766385342-M8ChzHzw1NKQc8Z5IE9C
3035,aapp_competition_test,0,874,21404,18470,C:\Users\durgamaniryudh\Desktop\Learn\llm_eval\test\aapp_competition_test\3035\3035_gen_0.sv,allenai/olmo-3.1-32b-think:free,stop,,gen-1766385410-u45cKSCc4LG0MBVt8eqJ
3524,aapp_competition_test,0,842,20220,18269,C:\Users\durgamaniryudh\Desktop\Learn\llm_eval\test\aapp_competition_test\3524\3524_gen_0.sv,allenai/olmo-3.1-32b-think:free,stop,,gen-1766385482-nnzw6JXDcDpVG2V2Zezj
3521,aapp_competition_test,0,1223,14635,14209,C:\Users\durgamaniryudh\Desktop\Learn\llm_eval\test\aapp_competition_test\3521\3521_gen_0.sv,allenai/olmo-3.1-32b-think:free,stop,,gen-1766385639-HbzPUFXlZdZ7pdyTKnnb
3038,aapp_competition_test,0,916,14887,15465,C:\Users\durgamaniryudh\Desktop\Learn\llm_eval\test\aapp_competition_test\3038\3038_gen_0.sv,allenai/olmo-3.1-32b-think:free,stop,,gen-1766385679-bIswGGSowyji20kxSodX
276,mbpp_test,0,696,14329,13041,C:\Users\durgamaniryudh\Desktop\Learn\llm_eval\test\mbpp_test\276\276_gen_0.sv,allenai/olmo-3.1-32b-think:free,stop,,gen-1766385658-fjetXfx6MIID0tGCzGfC
279,mbpp_test,0,555,8563,7492,C:\Users\durgamaniryudh\Desktop\Learn\llm_eval\test\mbpp_test\279\279_gen_0.sv,allenai/olmo-3.1-32b-think:free,stop,,gen-1766385775-FHTfeLKKIO09bcvFbKW3
272,mbpp_test,0,528,5380,4953,C:\Users\durgamaniryudh\Desktop\Learn\llm_eval\test\mbpp_test\272\272_gen_0.sv,allenai/olmo-3.1-32b-think:free,stop,,gen-1766385930-vswveazRiUCKcoRysEqI
3040,aapp_competition_test,0,666,12684,12263,C:\Users\durgamaniryudh\Desktop\Learn\llm_eval\test\aapp_competition_test\3040\3040_gen_0.sv,allenai/olmo-3.1-32b-think:free,stop,,gen-1766385808-x3qObwMzLSEW6ODaKOkD
443,mbpp_test,0,627,12886,12077,C:\Users\durgamaniryudh\Desktop\Learn\llm_eval\test\mbpp_test\443\443_gen_0.sv,allenai/olmo-3.1-32b-think:free,stop,,gen-1766385797-f2Eo2twSM6PrY4GODH7s
284,mbpp_test,0,558,3929,4094,C:\Users\durgamaniryudh\Desktop\Learn\llm_eval\test\mbpp_test\284\284_gen_0.sv,allenai/olmo-3.1-32b-think:free,stop,,gen-1766386017-d6iSxV4lcnRfTwWbhv50
439,mbpp_test,0,799,20642,22239,C:\Users\durgamaniryudh\Desktop\Learn\llm_eval\test\mbpp_test\439\439_gen_0.sv,allenai/olmo-3.1-32b-think:free,stop,,gen-1766385658-CslMmjU9gCGr5cBuXAPW
3509,aapp_competition_test,0,3059,21202,20618,C:\Users\durgamaniryudh\Desktop\Learn\llm_eval\test\aapp_competition_test\3509\3509_gen_0.sv,allenai/olmo-3.1-32b-think:free,stop,,gen-1766385698-NXelLWXVZLvpnTZnGfk7
442,mbpp_test,0,865,11263,11364,C:\Users\durgamaniryudh\Desktop\Learn\llm_eval\test\mbpp_test\442\442_gen_0.sv,allenai/olmo-3.1-32b-think:free,stop,,gen-1766385943-daa838SF4fzK5qCdcbW4
3034,aapp_competition_test,0,1100,28916,25339,C:\Users\durgamaniryudh\Desktop\Learn\llm_eval\test\aapp_competition_test\3034\3034_gen_0.sv,allenai/olmo-3.1-32b-think:free,stop,,gen-1766385598-zDgAAjpk4SNs3uisqQZq
3041,aapp_competition_test,0,860,12147,12907,C:\Users\durgamaniryudh\Desktop\Learn\llm_eval\test\aapp_competition_test\3041\3041_gen_0.sv,allenai/olmo-3.1-32b-think:free,stop,,gen-1766385947-I3OddVsTbW8cHDyVmWQK
3523,aapp_competition_test,0,946,14517,14325,C:\Users\durgamaniryudh\Desktop\Learn\llm_eval\test\aapp_competition_test\3523\3523_gen_0.sv,allenai/olmo-3.1-32b-think:free,stop,,gen-1766385885-nfDMmDavZ1fwtUA88Rwm
3525,aapp_competition_test,0,872,14518,15436,C:\Users\durgamaniryudh\Desktop\Learn\llm_eval\test\aapp_competition_test\3525\3525_gen_0.sv,allenai/olmo-3.1-32b-think:free,stop,,gen-1766385954-bJEaJ3ZbQ7qUcOLMeRmJ
447,mbpp_test,0,490,11366,11537,C:\Users\durgamaniryudh\Desktop\Learn\llm_eval\test\mbpp_test\447\447_gen_0.sv,allenai/olmo-3.1-32b-think:free,stop,,gen-1766386081-MoLRTsp4OTHqQ2mYGa1i
3044,aapp_competition_test,0,694,15205,15068,C:\Users\durgamaniryudh\Desktop\Learn\llm_eval\test\aapp_competition_test\3044\3044_gen_0.sv,allenai/olmo-3.1-32b-think:free,stop,,gen-1766386038-Zp78QpfYsif7WTvUy47W
3042,aapp_competition_test,0,896,16622,15964,C:\Users\durgamaniryudh\Desktop\Learn\llm_eval\test\aapp_competition_test\3042\3042_gen_0.sv,allenai/olmo-3.1-32b-think:free,stop,,gen-1766386106-UdLGD24B5bOip2dlr54g
283,mbpp_test,0,680,18959,18845,C:\Users\durgamaniryudh\Desktop\Learn\llm_eval\test\mbpp_test\283\283_gen_0.sv,allenai/olmo-3.1-32b-think:free,stop,,gen-1766386104-oWOunfKEbek3QupVNGQ2
3526,aapp_competition_test,0,805,21315,20958,C:\Users\durgamaniryudh\Desktop\Learn\llm_eval\test\aapp_competition_test\3526\3526_gen_0.sv,allenai/olmo-3.1-32b-think:free,stop,,gen-1766386066-o6Ct6MFZOlRiVTUWONJJ
3043,aapp_competition_test,0,981,17650,17754,C:\Users\durgamaniryudh\Desktop\Learn\llm_eval\test\aapp_competition_test\3043\3043_gen_0.sv,allenai/olmo-3.1-32b-think:free,stop,,gen-1766386177-IxHdgZUTVQLrXqzXEbpx
446,mbpp_test,0,726,18310,14252,C:\Users\durgamaniryudh\Desktop\Learn\llm_eval\test\mbpp_test\446\446_gen_0.sv,allenai/olmo-3.1-32b-think:free,stop,,gen-1766386170-IOLBEHXU7FS9KWaPe6bT
281,mbpp_test,0,702,12549,10641,C:\Users\durgamaniryudh\Desktop\Learn\llm_eval\test\mbpp_test\281\281_gen_0.sv,allenai/olmo-3.1-32b-think:free,stop,,gen-1766386289-gtERUPx3T34o3EUWGWqg
3529,aapp_competition_test,0,792,20571,19584,C:\Users\durgamaniryudh\Desktop\Learn\llm_eval\test\aapp_competition_test\3529\3529_gen_0.sv,allenai/olmo-3.1-32b-think:free,stop,,gen-1766386136-czyTTrb1WsZclTOLXDZm
444,mbpp_test,0,776,21423,20824,C:\Users\durgamaniryudh\Desktop\Learn\llm_eval\test\mbpp_test\444\444_gen_0.sv,allenai/olmo-3.1-32b-think:free,stop,,gen-1766386166-xImLW14wc2OxE9uDT9hI
3527,aapp_competition_test,0,1116,17328,16677,C:\Users\durgamaniryudh\Desktop\Learn\llm_eval\test\aapp_competition_test\3527\3527_gen_0.sv,allenai/olmo-3.1-32b-think:free,stop,,gen-1766386238-hXcI6c825srygcnqPfGL
3048,aapp_competition_test,0,556,8908,8299,C:\Users\durgamaniryudh\Desktop\Learn\llm_eval\test\aapp_competition_test\3048\3048_gen_0.sv,allenai/olmo-3.1-32b-think:free,stop,,gen-1766386402-5FEBrDfyhSNasLouIHrz
282,mbpp_test,0,606,6035,5969,C:\Users\durgamaniryudh\Desktop\Learn\llm_eval\test\mbpp_test\282\282_gen_0.sv,allenai/olmo-3.1-32b-think:free,stop,,gen-1766386547-YHQxrzxdkTDf5h8xQneV
440,mbpp_test,0,890,21860,20686,C:\Users\durgamaniryudh\Desktop\Learn\llm_eval\test\mbpp_test\440\440_gen_0.sv,allenai/olmo-3.1-32b-think:free,stop,,gen-1766386297-aIn3e1QtksWR7j8bi46S
278,mbpp_test,0,754,14092,13111,C:\Users\durgamaniryudh\Desktop\Learn\llm_eval\test\mbpp_test\278\278_gen_0.sv,allenai/olmo-3.1-32b-think:free,stop,,gen-1766386474-RU7ESmODjBwVnnAFqi95
3528,aapp_competition_test,0,906,17513,17258,C:\Users\durgamaniryudh\Desktop\Learn\llm_eval\test\aapp_competition_test\3528\3528_gen_0.sv,allenai/olmo-3.1-32b-think:free,stop,,gen-1766386442-XEwK9fJ5Db4OzHW2V01E
450,mbpp_test,0,664,15540,14497,C:\Users\durgamaniryudh\Desktop\Learn\llm_eval\test\mbpp_test\450\450_gen_0.sv,allenai/olmo-3.1-32b-think:free,stop,,gen-1766386498-yrRydTdIoXZsB4g4w19W
452,mbpp_test,0,455,4880,4986,C:\Users\durgamaniryudh\Desktop\Learn\llm_eval\test\mbpp_test\452\452_gen_0.sv,allenai/olmo-3.1-32b-think:free,stop,,gen-1766386721-c0z5A1gNT1C9fkYtY4w7
280,mbpp_test,0,1223,19087,19947,C:\Users\durgamaniryudh\Desktop\Learn\llm_eval\test\mbpp_test\280\280_gen_0.sv,allenai/olmo-3.1-32b-think:free,stop,,gen-1766386495-rbbyQ2QnDTgkRBFcL3PJ
451,mbpp_test,0,586,15114,14530,C:\Users\durgamaniryudh\Desktop\Learn\llm_eval\test\mbpp_test\451\451_gen_0.sv,allenai/olmo-3.1-32b-think:free,stop,,gen-1766386551-BIiVTIofWYWVY9UgvP9C
3037,aapp_competition_test,0,764,18402,17819,C:\Users\durgamaniryudh\Desktop\Learn\llm_eval\test\aapp_competition_test\3037\3037_gen_0.sv,allenai/olmo-3.1-32b-think:free,stop,,gen-1766386529-fwYgcxULOZIIhWa9OQOY
287,mbpp_test,0,525,5056,4476,C:\Users\durgamaniryudh\Desktop\Learn\llm_eval\test\mbpp_test\287\287_gen_0.sv,allenai/olmo-3.1-32b-think:free,stop,,gen-1766386819-lQKQnLbjVtyMqDByHraK
3047,aapp_competition_test,0,1187,18605,18885,C:\Users\durgamaniryudh\Desktop\Learn\llm_eval\test\aapp_competition_test\3047\3047_gen_0.sv,allenai/olmo-3.1-32b-think:free,stop,,gen-1766386559-3Rh8VHqlzQM5RBx1QJgL
445,mbpp_test,0,622,4729,4618,C:\Users\durgamaniryudh\Desktop\Learn\llm_eval\test\mbpp_test\445\445_gen_0.sv,allenai/olmo-3.1-32b-think:free,stop,,gen-1766386840-JidPh1ysjx2cSdTsK02C
3531,aapp_competition_test,0,991,23316,27784,C:\Users\durgamaniryudh\Desktop\Learn\llm_eval\test\aapp_competition_test\3531\3531_gen_0.sv,allenai/olmo-3.1-32b-think:free,stop,,gen-1766386533-FrSllm0MzNmqV4gX4y4o
285,mbpp_test,0,768,18530,18969,C:\Users\durgamaniryudh\Desktop\Learn\llm_eval\test\mbpp_test\285\285_gen_0.sv,allenai/olmo-3.1-32b-think:free,stop,,gen-1766386703-66Ge9ikMvSGmXdkvd8rV
3534,aapp_competition_test,0,1194,21944,21618,C:\Users\durgamaniryudh\Desktop\Learn\llm_eval\test\aapp_competition_test\3534\3534_gen_0.sv,allenai/olmo-3.1-32b-think:free,stop,,gen-1766386659-c0JlkeEHN3pehm5g3xLP
3052,aapp_competition_test,0,695,15318,13528,C:\Users\durgamaniryudh\Desktop\Learn\llm_eval\test\aapp_competition_test\3052\3052_gen_0.sv,allenai/olmo-3.1-32b-think:free,stop,,gen-1766386841-t63qDQGGTAyJ7jsDIFVA
3046,aapp_competition_test,0,948,21120,21863,C:\Users\durgamaniryudh\Desktop\Learn\llm_eval\test\aapp_competition_test\3046\3046_gen_0.sv,allenai/olmo-3.1-32b-think:free,stop,,gen-1766386762-hCqmsTXLSNHFczCyYPce
455,mbpp_test,0,548,4700,4485,C:\Users\durgamaniryudh\Desktop\Learn\llm_eval\test\mbpp_test\455\455_gen_0.sv,allenai/olmo-3.1-32b-think:free,stop,,gen-1766387082-ldeIVqGwAXtXdZitqg6E
3530,aapp_competition_test,0,1076,19976,19258,C:\Users\durgamaniryudh\Desktop\Learn\llm_eval\test\aapp_competition_test\3530\3530_gen_0.sv,allenai/olmo-3.1-32b-think:free,stop,,gen-1766386789-Xi18pkHii0ZkHGU6A1m4
3532,aapp_competition_test,0,1019,18332,19798,C:\Users\durgamaniryudh\Desktop\Learn\llm_eval\test\aapp_competition_test\3532\3532_gen_0.sv,allenai/olmo-3.1-32b-think:free,stop,,gen-1766386855-KirfB4jxGavrdBtMYC6T
3539,aapp_competition_test,0,1068,14772,14904,C:\Users\durgamaniryudh\Desktop\Learn\llm_eval\test\aapp_competition_test\3539\3539_gen_0.sv,allenai/olmo-3.1-32b-think:free,stop,,gen-1766386957-hxfabETCXfwBiJIUVRGD
453,mbpp_test,0,638,22370,21092,C:\Users\durgamaniryudh\Desktop\Learn\llm_eval\test\mbpp_test\453\453_gen_0.sv,allenai/olmo-3.1-32b-think:free,stop,,gen-1766386917-84rlmUwXpOrlWvmpBjQq
277,mbpp_test,0,988,27417,25574,C:\Users\durgamaniryudh\Desktop\Learn\llm_eval\test\mbpp_test\277\277_gen_0.sv,allenai/olmo-3.1-32b-think:free,stop,,gen-1766386907-wPjUSQiX91uHm2sE3paB
3049,aapp_competition_test,0,816,25804,26659,C:\Users\durgamaniryudh\Desktop\Learn\llm_eval\test\aapp_competition_test\3049\3049_gen_0.sv,allenai/olmo-3.1-32b-think:free,stop,,gen-1766386943-OmYeDBUmirbeaOXFF3mi
454,mbpp_test,0,685,14796,15428,C:\Users\durgamaniryudh\Desktop\Learn\llm_eval\test\mbpp_test\454\454_gen_0.sv,allenai/olmo-3.1-32b-think:free,stop,,gen-1766387186-ou6DcMW5a1id3L1vMkZl
3050,aapp_competition_test,0,1066,12986,13186,C:\Users\durgamaniryudh\Desktop\Learn\llm_eval\test\aapp_competition_test\3050\3050_gen_0.sv,allenai/olmo-3.1-32b-think:free,stop,,gen-1766387214-agwYZuOHONcbUJoD4RuC
292,mbpp_test,0,396,26401,21472,C:\Users\durgamaniryudh\Desktop\Learn\llm_eval\test\mbpp_test\292\292_gen_0.sv,allenai/olmo-3.1-32b-think:free,stop,,gen-1766387038-qxZxeMq3MvY51kTuhlQl
3533,aapp_competition_test,0,1008,21495,20968,C:\Users\durgamaniryudh\Desktop\Learn\llm_eval\test\aapp_competition_test\3533\3533_gen_0.sv,allenai/olmo-3.1-32b-think:free,stop,,gen-1766387153-OFkOG7N0A9RGhZ63o8mn
3064,aapp_competition_test,0,707,23234,22466,C:\Users\durgamaniryudh\Desktop\Learn\llm_eval\test\aapp_competition_test\3064\3064_gen_0.sv,allenai/olmo-3.1-32b-think:free,stop,,gen-1766387136-wvFkOOA1xdALVvlrPw2h
291,mbpp_test,0,675,21791,20664,C:\Users\durgamaniryudh\Desktop\Learn\llm_eval\test\mbpp_test\291\291_gen_0.sv,allenai/olmo-3.1-32b-think:free,stop,,gen-1766387163-qEmFQStTlB3FoHUSW2r2
86,mbpp_test,0,497,4645,4367,C:\Users\durgamaniryudh\Desktop\Learn\llm_eval\test\mbpp_test\86\86_gen_0.sv,allenai/olmo-3.1-32b-think:free,stop,,gen-1766387549-8HIlTJcIsYEtmfpTFF8h
3542,aapp_competition_test,0,761,21400,19942,C:\Users\durgamaniryudh\Desktop\Learn\llm_eval\test\aapp_competition_test\3542\3542_gen_0.sv,allenai/olmo-3.1-32b-think:free,stop,,gen-1766387240-KIKbZtrIGPvNBcAVncYE
3540,aapp_competition_test,0,2832,15163,14729,C:\Users\durgamaniryudh\Desktop\Learn\llm_eval\test\aapp_competition_test\3540\3540_gen_0.sv,allenai/olmo-3.1-32b-think:free,stop,,gen-1766387442-7C31qmIMlUbIFVkpxab2
448,mbpp_test,0,740,19753,18737,C:\Users\durgamaniryudh\Desktop\Learn\llm_eval\test\mbpp_test\448\448_gen_0.sv,allenai/olmo-3.1-32b-think:free,stop,,gen-1766387339-10nKpqDwF430M26tcd3T
3259,aapp_competition_test,0,907,15015,13901,C:\Users\durgamaniryudh\Desktop\Learn\llm_eval\test\aapp_competition_test\3259\3259_gen_0.sv,allenai/olmo-3.1-32b-think:free,stop,,gen-1766387444-s95kBNFt59KCGZGBXZ8f
286,mbpp_test,0,605,17920,17720,C:\Users\durgamaniryudh\Desktop\Learn\llm_eval\test\mbpp_test\286\286_gen_0.sv,allenai/olmo-3.1-32b-think:free,stop,,gen-1766387384-PuTUVvWeNWza9iZFlC2X
3645,aapp_competition_test,0,877,15120,15446,C:\Users\durgamaniryudh\Desktop\Learn\llm_eval\test\aapp_competition_test\3645\3645_gen_0.sv,allenai/olmo-3.1-32b-think:free,stop,,gen-1766387545-VYUv98vHfLROWUQF0h2l
3544,aapp_competition_test,0,870,18200,24990,C:\Users\durgamaniryudh\Desktop\Learn\llm_eval\test\aapp_competition_test\3544\3544_gen_0.sv,allenai/olmo-3.1-32b-think:free,stop,,gen-1766387511-28B5bgzMpG0COz6gcgjO
738,mbpp_train,0,782,17003,14132,C:\Users\durgamaniryudh\Desktop\Learn\llm_eval\test\mbpp_train\738\738_gen_0.sv,allenai/olmo-3.1-32b-think:free,stop,,gen-1766387566-tnoFe602nBbBRti64JUs
3051,aapp_competition_test,0,1232,24845,22926,C:\Users\durgamaniryudh\Desktop\Learn\llm_eval\test\aapp_competition_test\3051\3051_gen_0.sv,allenai/olmo-3.1-32b-think:free,stop,,gen-1766387421-zAmUPPKfHhF2j1mAqcr5
3260,aapp_competition_test,0,773,9720,10117,C:\Users\durgamaniryudh\Desktop\Learn\llm_eval\test\aapp_competition_test\3260\3260_gen_0.sv,allenai/olmo-3.1-32b-think:free,stop,,gen-1766387755-Z0v1mgnFysSok2NUmNii
3258,aapp_competition_test,0,803,17187,16528,C:\Users\durgamaniryudh\Desktop\Learn\llm_eval\test\aapp_competition_test\3258\3258_gen_0.sv,allenai/olmo-3.1-32b-think:free,stop,,gen-1766387627-2MXu9iD7EjlSli8SD7xy
3545,aapp_competition_test,0,2442,15615,14739,C:\Users\durgamaniryudh\Desktop\Learn\llm_eval\test\aapp_competition_test\3545\3545_gen_0.sv,allenai/olmo-3.1-32b-think:free,stop,,gen-1766387677-n50GUvXf9c4bJLXNeTT7
71,mbpp_test,0,2671,17000,15429,C:\Users\durgamaniryudh\Desktop\Learn\llm_eval\test\mbpp_test\71\71_gen_0.sv,allenai/olmo-3.1-32b-think:free,stop,,gen-1766387745-K69VLYwce0VRSiGI2BbL
3546,aapp_competition_test,0,682,15933,15941,C:\Users\durgamaniryudh\Desktop\Learn\llm_eval\test\aapp_competition_test\3546\3546_gen_0.sv,allenai/olmo-3.1-32b-think:free,stop,,gen-1766387838-ilFiBg8aufcHg54OrCTA
3649,aapp_competition_test,0,768,21657,19483,C:\Users\durgamaniryudh\Desktop\Learn\llm_eval\test\aapp_competition_test\3649\3649_gen_0.sv,allenai/olmo-3.1-32b-think:free,stop,,gen-1766387733-eGTnqzu8RUIUYfN512LG
93,mbpp_test,0,638,13588,13759,C:\Users\durgamaniryudh\Desktop\Learn\llm_eval\test\mbpp_test\93\93_gen_0.sv,allenai/olmo-3.1-32b-think:free,stop,,gen-1766387899-DYfa96WKKqMJ1FEgkwWS
740,mbpp_train,0,734,14528,12386,C:\Users\durgamaniryudh\Desktop\Learn\llm_eval\test\mbpp_train\740\740_gen_0.sv,allenai/olmo-3.1-32b-think:free,stop,,gen-1766387907-qSvOlLgSSkZO4Dx03Hws
743,mbpp_train,0,577,23586,19140,C:\Users\durgamaniryudh\Desktop\Learn\llm_eval\test\mbpp_train\743\743_gen_0.sv,allenai/olmo-3.1-32b-think:free,stop,,gen-1766387746-OBOG2K7Zxbvvaf1odXmk
3547,aapp_competition_test,0,745,14896,14345,C:\Users\durgamaniryudh\Desktop\Learn\llm_eval\test\aapp_competition_test\3547\3547_gen_0.sv,allenai/olmo-3.1-32b-think:free,stop,,gen-1766387959-uxnyiiiZUvwWAGWNlYgz
3652,aapp_competition_test,0,783,19382,17833,C:\Users\durgamaniryudh\Desktop\Learn\llm_eval\test\aapp_competition_test\3652\3652_gen_0.sv,allenai/olmo-3.1-32b-think:free,stop,,gen-1766387865-7CXnyrOjlMnviECEsXJt
750,mbpp_train,0,515,3133,2795,C:\Users\durgamaniryudh\Desktop\Learn\llm_eval\test\mbpp_train\750\750_gen_0.sv,allenai/olmo-3.1-32b-think:free,stop,,gen-1766388223-RwOhNsovsnaIKKbbF1Wv
3653,aapp_competition_test,0,3251,17810,16719,C:\Users\durgamaniryudh\Desktop\Learn\llm_eval\test\aapp_competition_test\3653\3653_gen_0.sv,allenai/olmo-3.1-32b-think:free,stop,,gen-1766387969-34Rz3WYPTc6ZA651d52h
3262,aapp_competition_test,0,748,24199,21799,C:\Users\durgamaniryudh\Desktop\Learn\llm_eval\test\aapp_competition_test\3262\3262_gen_0.sv,allenai/olmo-3.1-32b-think:free,stop,,gen-1766387934-JUQXgtORtMgWWTdVS1Fk
3264,aapp_competition_test,0,857,18697,17391,C:\Users\durgamaniryudh\Desktop\Learn\llm_eval\test\aapp_competition_test\3264\3264_gen_0.sv,allenai/olmo-3.1-32b-think:free,stop,,gen-1766388118-gMZgs57Wa9vmbQ48dH9n
745,mbpp_train,0,768,18195,15252,C:\Users\durgamaniryudh\Desktop\Learn\llm_eval\test\mbpp_train\745\745_gen_0.sv,allenai/olmo-3.1-32b-think:free,stop,,gen-1766388115-odmttVp3Ia2cRPRnQ1b6
3548,aapp_competition_test,0,682,17635,16922,C:\Users\durgamaniryudh\Desktop\Learn\llm_eval\test\aapp_competition_test\3548\3548_gen_0.sv,allenai/olmo-3.1-32b-think:free,stop,,gen-1766388143-MTaphXHY1q0vA34eIJ1K
3650,aapp_competition_test,0,860,17759,18491,C:\Users\durgamaniryudh\Desktop\Learn\llm_eval\test\aapp_competition_test\3650\3650_gen_0.sv,allenai/olmo-3.1-32b-think:free,stop,,gen-1766388167-WerUb8uIRA9pt1ERgIie
3655,aapp_competition_test,0,1802,11601,12250,C:\Users\durgamaniryudh\Desktop\Learn\llm_eval\test\aapp_competition_test\3655\3655_gen_0.sv,allenai/olmo-3.1-32b-think:free,stop,,gen-1766388297-ckGQRo1L1llYJqE7LDhR
3550,aapp_competition_test,0,1148,14223,13048,C:\Users\durgamaniryudh\Desktop\Learn\llm_eval\test\aapp_competition_test\3550\3550_gen_0.sv,allenai/olmo-3.1-32b-think:free,stop,,gen-1766388279-iRfNGOehHY6qsUsPipkA
92,mbpp_test,0,696,22013,20418,C:\Users\durgamaniryudh\Desktop\Learn\llm_eval\test\mbpp_test\92\92_gen_0.sv,allenai/olmo-3.1-32b-think:free,stop,,gen-1766388175-ciuvzF7rIuQwchZfJbRg
88,mbpp_test,0,837,29792,32290,C:\Users\durgamaniryudh\Desktop\Learn\llm_eval\test\mbpp_test\88\88_gen_0.sv,allenai/olmo-3.1-32b-think:free,stop,,gen-1766388054-bSM5sJzJvfXUBf90okvx
3267,aapp_competition_test,0,990,25354,19146,C:\Users\durgamaniryudh\Desktop\Learn\llm_eval\test\aapp_competition_test\3267\3267_gen_0.sv,allenai/olmo-3.1-32b-think:free,stop,,gen-1766388230-cPmiIAl45Fib96nF2xc4
747,mbpp_train,0,1059,14107,14246,C:\Users\durgamaniryudh\Desktop\Learn\llm_eval\test\mbpp_train\747\747_gen_0.sv,allenai/olmo-3.1-32b-think:free,stop,,gen-1766388538-Hfznz4PikJPlxqNtBEHZ
91,mbpp_test,0,691,24248,24620,C:\Users\durgamaniryudh\Desktop\Learn\llm_eval\test\mbpp_test\91\91_gen_0.sv,allenai/olmo-3.1-32b-think:free,stop,,gen-1766388392-HUlCsqx9SVFB4h6u2cVf
3658,aapp_competition_test,0,805,18858,18665,C:\Users\durgamaniryudh\Desktop\Learn\llm_eval\test\aapp_competition_test\3658\3658_gen_0.sv,allenai/olmo-3.1-32b-think:free,stop,,gen-1766388494-JCg79Dsm31WDLxAgMuBj
748,mbpp_train,0,779,23084,23237,C:\Users\durgamaniryudh\Desktop\Learn\llm_eval\test\mbpp_train\748\748_gen_0.sv,allenai/olmo-3.1-32b-think:free,stop,,gen-1766388465-HXW2zqHMcqvOey3XMRPX
3263,aapp_competition_test,0,1082,21582,23157,C:\Users\durgamaniryudh\Desktop\Learn\llm_eval\test\aapp_competition_test\3263\3263_gen_0.sv,allenai/olmo-3.1-32b-think:free,stop,,gen-1766388475-JFJQiF12Hd6Eu53BgJ9J
3549,aapp_competition_test,0,1458,15159,16242,C:\Users\durgamaniryudh\Desktop\Learn\llm_eval\test\aapp_competition_test\3549\3549_gen_0.sv,allenai/olmo-3.1-32b-think:free,stop,,gen-1766388594-io0NZSEc2sNypDgWpI8m
3552,aapp_competition_test,0,709,22467,20887,C:\Users\durgamaniryudh\Desktop\Learn\llm_eval\test\aapp_competition_test\3552\3552_gen_0.sv,allenai/olmo-3.1-32b-think:free,stop,,gen-1766388480-uBfCJY9ms7XogWvwCJ1K
3266,aapp_competition_test,0,868,20374,21074,C:\Users\durgamaniryudh\Desktop\Learn\llm_eval\test\aapp_competition_test\3266\3266_gen_0.sv,allenai/olmo-3.1-32b-think:free,stop,,gen-1766388585-yOe0amGKfiWgIDgmacSq
3659,aapp_competition_test,0,800,16126,16960,C:\Users\durgamaniryudh\Desktop\Learn\llm_eval\test\aapp_competition_test\3659\3659_gen_0.sv,allenai/olmo-3.1-32b-think:free,stop,,gen-1766388698-SHjcmHP6q3FI5eKqpIX7
87,mbpp_test,0,1350,24431,25544,C:\Users\durgamaniryudh\Desktop\Learn\llm_eval\test\mbpp_test\87\87_gen_0.sv,allenai/olmo-3.1-32b-think:free,stop,,gen-1766388523-QgeKE8SnrWGzGYesCT6V
96,mbpp_test,0,624,13200,13277,C:\Users\durgamaniryudh\Desktop\Learn\llm_eval\test\mbpp_test\96\96_gen_0.sv,allenai/olmo-3.1-32b-think:free,stop,,gen-1766388779-8boNwqE0QuAsQefpxfSI
752,mbpp_train,0,651,15600,14612,C:\Users\durgamaniryudh\Desktop\Learn\llm_eval\test\mbpp_train\752\752_gen_0.sv,allenai/olmo-3.1-32b-think:free,stop,,gen-1766388837-ql31K5gmZTrjNy07KnYD
3269,aapp_competition_test,0,1188,16354,16134,C:\Users\durgamaniryudh\Desktop\Learn\llm_eval\test\aapp_competition_test\3269\3269_gen_0.sv,allenai/olmo-3.1-32b-think:free,stop,,gen-1766388861-TlsbRkjlInIl9pOJwgfw
3268,aapp_competition_test,0,1039,14051,13722,C:\Users\durgamaniryudh\Desktop\Learn\llm_eval\test\aapp_competition_test\3268\3268_gen_0.sv,allenai/olmo-3.1-32b-think:free,stop,,gen-1766388942-iXM8Lml8C5sYdyTUujeg
94,mbpp_test,0,719,11431,9332,C:\Users\durgamaniryudh\Desktop\Learn\llm_eval\test\mbpp_test\94\94_gen_0.sv,allenai/olmo-3.1-32b-think:free,stop,,gen-1766389018-UHyrNONm6PVCu4GIdojZ
3656,aapp_competition_test,0,1208,19001,16928,C:\Users\durgamaniryudh\Desktop\Learn\llm_eval\test\aapp_competition_test\3656\3656_gen_0.sv,allenai/olmo-3.1-32b-think:free,stop,,gen-1766388889-o393fBmziGZMPt8IjiG7
3553,aapp_competition_test,0,890,19956,20429,C:\Users\durgamaniryudh\Desktop\Learn\llm_eval\test\aapp_competition_test\3553\3553_gen_0.sv,allenai/olmo-3.1-32b-think:free,stop,,gen-1766388877-rLYHfN42mwOb5sad3DLU
90,mbpp_test,0,1642,19735,13779,C:\Users\durgamaniryudh\Desktop\Learn\llm_eval\test\mbpp_test\90\90_gen_0.sv,allenai/olmo-3.1-32b-think:free,stop,,gen-1766388909-T5JzD9sThZN7e7qEB6yQ
95,mbpp_test,0,966,8429,8185,C:\Users\durgamaniryudh\Desktop\Learn\llm_eval\test\mbpp_test\95\95_gen_0.sv,allenai/olmo-3.1-32b-think:free,stop,,gen-1766389162-oPZypLZRJtdZZggwIY3h
3557,aapp_competition_test,0,850,19490,18866,C:\Users\durgamaniryudh\Desktop\Learn\llm_eval\test\aapp_competition_test\3557\3557_gen_0.sv,allenai/olmo-3.1-32b-think:free,stop,,gen-1766388993-n5PlcozrA9tTH8mwNKiR
754,mbpp_train,0,549,11342,11325,C:\Users\durgamaniryudh\Desktop\Learn\llm_eval\test\mbpp_train\754\754_gen_0.sv,allenai/olmo-3.1-32b-think:free,stop,,gen-1766389131-TZlcJSnAnczaa2ObjB64
753,mbpp_train,0,777,26084,25954,C:\Users\durgamaniryudh\Desktop\Learn\llm_eval\test\mbpp_train\753\753_gen_0.sv,allenai/olmo-3.1-32b-think:free,stop,,gen-1766388924-iEHMOMl82Oow2Gr6yYHY
3660,aapp_competition_test,0,956,22987,20422,C:\Users\durgamaniryudh\Desktop\Learn\llm_eval\test\aapp_competition_test\3660\3660_gen_0.sv,allenai/olmo-3.1-32b-think:free,stop,,gen-1766389000-9cX5Sh74oktJbuVpRLDi
3265,aapp_competition_test,0,1400,11279,10307,C:\Users\durgamaniryudh\Desktop\Learn\llm_eval\test\aapp_competition_test\3265\3265_gen_0.sv,allenai/olmo-3.1-32b-think:free,stop,,gen-1766389313-qDP1xYbbofh501I9b3lf
3270,aapp_competition_test,0,1188,10680,11275,C:\Users\durgamaniryudh\Desktop\Learn\llm_eval\test\aapp_competition_test\3270\3270_gen_0.sv,allenai/olmo-3.1-32b-think:free,stop,,gen-1766389426-x1nwVtjF8rpMuKtd6FHz
749,mbpp_train,0,1053,19347,18555,C:\Users\durgamaniryudh\Desktop\Learn\llm_eval\test\mbpp_train\749\749_gen_0.sv,allenai/olmo-3.1-32b-think:free,stop,,gen-1766389243-aDrMojhjTNW1pJotAS1W
3654,aapp_competition_test,0,994,23302,19237,C:\Users\durgamaniryudh\Desktop\Learn\llm_eval\test\aapp_competition_test\3654\3654_gen_0.sv,allenai/olmo-3.1-32b-think:free,stop,,gen-1766389243-4mg0PVXWC8ZRAHlOHGIO
3271,aapp_competition_test,0,917,23276,22233,C:\Users\durgamaniryudh\Desktop\Learn\llm_eval\test\aapp_competition_test\3271\3271_gen_0.sv,allenai/olmo-3.1-32b-think:free,stop,,gen-1766389195-LBhTOBiAshSVmRsVmMoH
3560,aapp_competition_test,0,1061,21891,21298,C:\Users\durgamaniryudh\Desktop\Learn\llm_eval\test\aapp_competition_test\3560\3560_gen_0.sv,allenai/olmo-3.1-32b-think:free,stop,,gen-1766389243-VNzWOWYhUxkKAO8L0cgF
3559,aapp_competition_test,0,1164,21171,19630,C:\Users\durgamaniryudh\Desktop\Learn\llm_eval\test\aapp_competition_test\3559\3559_gen_0.sv,allenai/olmo-3.1-32b-think:free,stop,,gen-1766389354-ltWeXXyFO2cMV2LXQsBi
99,mbpp_test,0,669,25081,24831,C:\Users\durgamaniryudh\Desktop\Learn\llm_eval\test\mbpp_test\99\99_gen_0.sv,allenai/olmo-3.1-32b-think:free,stop,,gen-1766389280-tHfhB8PxatEpuomrHxfR
3664,aapp_competition_test,0,801,23107,23481,C:\Users\durgamaniryudh\Desktop\Learn\llm_eval\test\aapp_competition_test\3664\3664_gen_0.sv,allenai/olmo-3.1-32b-think:free,stop,,gen-1766389354-XTM5OzCzXsCBhn1sp15u
756,mbpp_train,0,721,21253,21927,C:\Users\durgamaniryudh\Desktop\Learn\llm_eval\test\mbpp_train\756\756_gen_0.sv,allenai/olmo-3.1-32b-think:free,stop,,gen-1766389414-ApFlfIQrHYpAU4ywxxoX
3562,aapp_competition_test,0,788,14951,14261,C:\Users\durgamaniryudh\Desktop\Learn\llm_eval\test\aapp_competition_test\3562\3562_gen_0.sv,allenai/olmo-3.1-32b-think:free,stop,,gen-1766389547-9aq8TUKrDRMsg3FL0Sfi
100,mbpp_test,0,701,17216,17396,C:\Users\durgamaniryudh\Desktop\Learn\llm_eval\test\mbpp_test\100\100_gen_0.sv,allenai/olmo-3.1-32b-think:free,stop,,gen-1766389635-OVAdylDBWCxhX8nEf9yD
3563,aapp_competition_test,0,681,15170,15420,C:\Users\durgamaniryudh\Desktop\Learn\llm_eval\test\aapp_competition_test\3563\3563_gen_0.sv,allenai/olmo-3.1-32b-think:free,stop,,gen-1766389672-Z8i5qUSt14VNvkMfboXH
3275,aapp_competition_test,0,831,16069,15291,C:\Users\durgamaniryudh\Desktop\Learn\llm_eval\test\aapp_competition_test\3275\3275_gen_0.sv,allenai/olmo-3.1-32b-think:free,stop,,gen-1766389663-7WZOsm3JS94x8CNEyvrH
3661,aapp_competition_test,0,692,19488,20056,C:\Users\durgamaniryudh\Desktop\Learn\llm_eval\test\aapp_competition_test\3661\3661_gen_0.sv,allenai/olmo-3.1-32b-think:free,stop,,gen-1766389611-8D9f5KlN8SZak23bxM9U
757,mbpp_train,0,702,18605,19136,C:\Users\durgamaniryudh\Desktop\Learn\llm_eval\test\mbpp_train\757\757_gen_0.sv,allenai/olmo-3.1-32b-think:free,stop,,gen-1766389659-esGZbfYoyl0JFmIWQp5n
3272,aapp_competition_test,0,883,15313,14950,C:\Users\durgamaniryudh\Desktop\Learn\llm_eval\test\aapp_competition_test\3272\3272_gen_0.sv,allenai/olmo-3.1-32b-think:free,stop,,gen-1766389793-pJl11ZmQMsctrq6vg9pj
103,mbpp_test,0,718,19745,14063,C:\Users\durgamaniryudh\Desktop\Learn\llm_eval\test\mbpp_test\103\103_gen_0.sv,allenai/olmo-3.1-32b-think:free,stop,,gen-1766389732-Joa0t8nx6Bc37Vh85jIE
3662,aapp_competition_test,0,975,22218,21641,C:\Users\durgamaniryudh\Desktop\Learn\llm_eval\test\aapp_competition_test\3662\3662_gen_0.sv,allenai/olmo-3.1-32b-think:free,stop,,gen-1766389731-U9VRJyDKxsOedphSg7wo
105,mbpp_test,0,589,3171,2794,C:\Users\durgamaniryudh\Desktop\Learn\llm_eval\test\mbpp_test\105\105_gen_0.sv,allenai/olmo-3.1-32b-think:free,stop,,gen-1766390097-CPQQx0q6ZK6rc6b5uP2j
3567,aapp_competition_test,0,668,19507,20023,C:\Users\durgamaniryudh\Desktop\Learn\llm_eval\test\aapp_competition_test\3567\3567_gen_0.sv,allenai/olmo-3.1-32b-think:free,stop,,gen-1766389827-SH5gj7N4Fzr240yE2l5s
751,mbpp_train,0,753,13452,13094,C:\Users\durgamaniryudh\Desktop\Learn\llm_eval\test\mbpp_train\751\751_gen_0.sv,allenai/olmo-3.1-32b-think:free,stop,,gen-1766389966-jnt3WmISUEaSZ0gOt6cR
760,mbpp_train,0,608,5677,5368,C:\Users\durgamaniryudh\Desktop\Learn\llm_eval\test\mbpp_train\760\760_gen_0.sv,allenai/olmo-3.1-32b-think:free,stop,,gen-1766390145-ntRvOPgyepY8R22oiCsS
755,mbpp_train,0,1163,25012,21396,C:\Users\durgamaniryudh\Desktop\Learn\llm_eval\test\mbpp_train\755\755_gen_0.sv,allenai/olmo-3.1-32b-think:free,stop,,gen-1766389806-vpzJHyMCvpXMcwI1gD5L
3274,aapp_competition_test,0,699,16807,16435,C:\Users\durgamaniryudh\Desktop\Learn\llm_eval\test\aapp_competition_test\3274\3274_gen_0.sv,allenai/olmo-3.1-32b-think:free,stop,,gen-1766389969-MJzarM2tYUzHZi79O5c3
762,mbpp_train,0,407,3002,3021,C:\Users\durgamaniryudh\Desktop\Learn\llm_eval\test\mbpp_train\762\762_gen_0.sv,allenai/olmo-3.1-32b-think:free,stop,,gen-1766390261-KZ8YXWubmxRFPVAla2pN
3665,aapp_competition_test,0,867,20033,21216,C:\Users\durgamaniryudh\Desktop\Learn\llm_eval\test\aapp_competition_test\3665\3665_gen_0.sv,allenai/olmo-3.1-32b-think:free,stop,,gen-1766389959-cb7J3PeAYoJLFN1ot1ii
3666,aapp_competition_test,0,978,14595,14430,C:\Users\durgamaniryudh\Desktop\Learn\llm_eval\test\aapp_competition_test\3666\3666_gen_0.sv,allenai/olmo-3.1-32b-think:free,stop,,gen-1766390076-U4B4ldi46RXGqEWInyln
3568,aapp_competition_test,0,1484,10893,11043,C:\Users\durgamaniryudh\Desktop\Learn\llm_eval\test\aapp_competition_test\3568\3568_gen_0.sv,allenai/olmo-3.1-32b-think:free,stop,,gen-1766390158-ORe22rzy8vb9icrZ4XAH
98,mbpp_test,0,807,24356,22526,C:\Users\durgamaniryudh\Desktop\Learn\llm_eval\test\mbpp_test\98\98_gen_0.sv,allenai/olmo-3.1-32b-think:free,stop,,gen-1766389965-TgxocKg3trddP2EVwxPa
3564,aapp_competition_test,0,1124,23934,20527,C:\Users\durgamaniryudh\Desktop\Learn\llm_eval\test\aapp_competition_test\3564\3564_gen_0.sv,allenai/olmo-3.1-32b-think:free,stop,,gen-1766390004-g0yjxZxu7GBSs5oPdBGP
97,mbpp_test,0,730,16319,17058,C:\Users\durgamaniryudh\Desktop\Learn\llm_eval\test\mbpp_test\97\97_gen_0.sv,allenai/olmo-3.1-32b-think:free,stop,,gen-1766390245-iPgpJAXkCGkw44yjkVpV
3670,aapp_competition_test,0,873,18438,16438,C:\Users\durgamaniryudh\Desktop\Learn\llm_eval\test\aapp_competition_test\3670\3670_gen_0.sv,allenai/olmo-3.1-32b-think:free,stop,,gen-1766390197-hewqUKcZ0rLCcd6uZCSB
3276,aapp_competition_test,0,953,21951,19884,C:\Users\durgamaniryudh\Desktop\Learn\llm_eval\test\aapp_competition_test\3276\3276_gen_0.sv,allenai/olmo-3.1-32b-think:free,stop,,gen-1766390153-6KEISymBvVUXEiHJTdBD
3569,aapp_competition_test,0,767,13284,12678,C:\Users\durgamaniryudh\Desktop\Learn\llm_eval\test\aapp_competition_test\3569\3569_gen_0.sv,allenai/olmo-3.1-32b-think:free,stop,,gen-1766390316-2gINFHE8yYewBHpcYucR
3277,aapp_competition_test,0,555,19924,19973,C:\Users\durgamaniryudh\Desktop\Learn\llm_eval\test\aapp_competition_test\3277\3277_gen_0.sv,allenai/olmo-3.1-32b-think:free,stop,,gen-1766390265-nSKz5sjdlO1KU4e6rFUc
3663,aapp_competition_test,0,1671,17434,18910,C:\Users\durgamaniryudh\Desktop\Learn\llm_eval\test\aapp_competition_test\3663\3663_gen_0.sv,allenai/olmo-3.1-32b-think:free,stop,,gen-1766390318-CS1Y4ZSau6I9uqtoC582
102,mbpp_test,0,855,21341,21767,C:\Users\durgamaniryudh\Desktop\Learn\llm_eval\test\mbpp_test\102\102_gen_0.sv,allenai/olmo-3.1-32b-think:free,stop,,gen-1766390321-Yq9DWZOYWhoLkykFsjGm
3572,aapp_competition_test,0,944,18614,18207,C:\Users\durgamaniryudh\Desktop\Learn\llm_eval\test\aapp_competition_test\3572\3572_gen_0.sv,allenai/olmo-3.1-32b-think:free,stop,,gen-1766390438-clvO34vsvSSBEybkHGEN
759,mbpp_train,0,699,22553,24339,C:\Users\durgamaniryudh\Desktop\Learn\llm_eval\test\mbpp_train\759\759_gen_0.sv,allenai/olmo-3.1-32b-think:free,stop,,gen-1766390345-zCZl1Tby5rEuaPx5mpQs
3667,aapp_competition_test,0,1713,14452,13941,C:\Users\durgamaniryudh\Desktop\Learn\llm_eval\test\aapp_competition_test\3667\3667_gen_0.sv,allenai/olmo-3.1-32b-think:free,stop,,gen-1766390540-6E2j3a4fiGNhZ8za1wXy
101,mbpp_test,0,694,17636,17386,C:\Users\durgamaniryudh\Desktop\Learn\llm_eval\test\mbpp_test\101\101_gen_0.sv,allenai/olmo-3.1-32b-think:free,stop,,gen-1766390549-UJzJ4b4JxiG4R0aXBPxz
3282,aapp_competition_test,0,781,19685,20652,C:\Users\durgamaniryudh\Desktop\Learn\llm_eval\test\aapp_competition_test\3282\3282_gen_0.sv,allenai/olmo-3.1-32b-think:free,stop,,gen-1766390567-Z18HUhrx6G0c3acvhxgU
3278,aapp_competition_test,0,817,28745,24916,C:\Users\durgamaniryudh\Desktop\Learn\llm_eval\test\aapp_competition_test\3278\3278_gen_0.sv,allenai/olmo-3.1-32b-think:free,stop,,gen-1766390399-SuYm9ksrAlTw23WZdjlQ
758,mbpp_train,0,915,21521,20324,C:\Users\durgamaniryudh\Desktop\Learn\llm_eval\test\mbpp_train\758\758_gen_0.sv,allenai/olmo-3.1-32b-think:free,stop,,gen-1766390550-HFLYZtQnYGzOhQd63D1L
3672,aapp_competition_test,0,845,18044,18769,C:\Users\durgamaniryudh\Desktop\Learn\llm_eval\test\aapp_competition_test\3672\3672_gen_0.sv,allenai/olmo-3.1-32b-think:free,stop,,gen-1766390624-jP9MdW38hWplwV00DK64
3675,aapp_competition_test,0,3104,8958,9982,C:\Users\durgamaniryudh\Desktop\Learn\llm_eval\test\aapp_competition_test\3675\3675_gen_0.sv,allenai/olmo-3.1-32b-think:free,stop,,gen-1766390859-1zfVoQMTvbmpfOSSK33l
764,mbpp_train,0,579,13407,13917,C:\Users\durgamaniryudh\Desktop\Learn\llm_eval\test\mbpp_train\764\764_gen_0.sv,allenai/olmo-3.1-32b-think:free,stop,,gen-1766390790-Fx3Jn6FDXMkX1wxGxG5f
108,mbpp_test,0,640,21720,20507,C:\Users\durgamaniryudh\Desktop\Learn\llm_eval\test\mbpp_test\108\108_gen_0.sv,allenai/olmo-3.1-32b-think:free,stop,,gen-1766390695-nQs6HnGgkfpSrQ7ahjkQ
115,mbpp_test,0,644,3538,3322,C:\Users\durgamaniryudh\Desktop\Learn\llm_eval\test\mbpp_test\115\115_gen_0.sv,allenai/olmo-3.1-32b-think:free,stop,,gen-1766391025-UOVeJv9sPKKIv9zCIh0Z
770,mbpp_train,0,497,286,286,C:\Users\durgamaniryudh\Desktop\Learn\llm_eval\test\mbpp_train\770\770_gen_0.sv,allenai/olmo-3.1-32b-think:free,,,gen-1766391076-7JVQWiXy22gYaHfN5T7Z
3571,aapp_competition_test,0,3785,7584,8013,C:\Users\durgamaniryudh\Desktop\Learn\llm_eval\test\aapp_competition_test\3571\3571_gen_0.sv,allenai/olmo-3.1-32b-think:free,stop,,gen-1766390961-IHpquBC2gc7uckL79Wx0
3574,aapp_competition_test,0,2826,18316,18448,C:\Users\durgamaniryudh\Desktop\Learn\llm_eval\test\aapp_competition_test\3574\3574_gen_0.sv,allenai/olmo-3.1-32b-think:free,stop,,gen-1766390794-pgarlhM6suw91s95bJyX
106,mbpp_test,0,563,16512,15775,C:\Users\durgamaniryudh\Desktop\Learn\llm_eval\test\mbpp_test\106\106_gen_0.sv,allenai/olmo-3.1-32b-think:free,stop,,gen-1766390920-uYuOZb4k9qkxr1ch2VZF
3284,aapp_competition_test,0,789,28627,27883,C:\Users\durgamaniryudh\Desktop\Learn\llm_eval\test\aapp_competition_test\3284\3284_gen_0.sv,allenai/olmo-3.1-32b-think:free,stop,,gen-1766390792-H8JcwgdptuZ6fq8ECUew
3280,aapp_competition_test,0,863,21231,21619,C:\Users\durgamaniryudh\Desktop\Learn\llm_eval\test\aapp_competition_test\3280\3280_gen_0.sv,allenai/olmo-3.1-32b-think:free,stop,,gen-1766390928-lWw8naAXrdNdE36fP1wh
3570,aapp_competition_test,0,1079,17521,17382,C:\Users\durgamaniryudh\Desktop\Learn\llm_eval\test\aapp_competition_test\3570\3570_gen_0.sv,allenai/olmo-3.1-32b-think:free,stop,,gen-1766391020-gA1W9qYbldehGHne9Pyf
763,mbpp_train,0,669,23065,24150,C:\Users\durgamaniryudh\Desktop\Learn\llm_eval\test\mbpp_train\763\763_gen_0.sv,allenai/olmo-3.1-32b-think:free,stop,,gen-1766390923-nJs9jvHmdOWWR1FhAZkv
3575,aapp_competition_test,0,1723,14677,14024,C:\Users\durgamaniryudh\Desktop\Learn\llm_eval\test\aapp_competition_test\3575\3575_gen_0.sv,allenai/olmo-3.1-32b-think:free,stop,,gen-1766391084-wVCMU6m4jdAOiIUxAM7Q
3674,aapp_competition_test,0,834,21274,18660,C:\Users\durgamaniryudh\Desktop\Learn\llm_eval\test\aapp_competition_test\3674\3674_gen_0.sv,allenai/olmo-3.1-32b-think:free,stop,,gen-1766390999-A68hCboIIohd9u5AmEg1
109,mbpp_test,0,724,16081,15596,C:\Users\durgamaniryudh\Desktop\Learn\llm_eval\test\mbpp_test\109\109_gen_0.sv,allenai/olmo-3.1-32b-think:free,stop,,gen-1766391101-vh4Zm4spCcv5q0HosUuH
3673,aapp_competition_test,0,1862,18891,17129,C:\Users\durgamaniryudh\Desktop\Learn\llm_eval\test\aapp_competition_test\3673\3673_gen_0.sv,allenai/olmo-3.1-32b-think:free,stop,,gen-1766391091-58dVWU2IUWRcVZIKeNyH
116,mbpp_test,0,744,7270,6317,C:\Users\durgamaniryudh\Desktop\Learn\llm_eval\test\mbpp_test\116\116_gen_0.sv,allenai/olmo-3.1-32b-think:free,stop,,gen-1766391326-Is999Xmfx43gIDemfacb
3285,aapp_competition_test,0,827,21809,20575,C:\Users\durgamaniryudh\Desktop\Learn\llm_eval\test\aapp_competition_test\3285\3285_gen_0.sv,allenai/olmo-3.1-32b-think:free,stop,,gen-1766391081-DbunN65SKT0epX2a9cw2
766,mbpp_train,0,519,18874,17555,C:\Users\durgamaniryudh\Desktop\Learn\llm_eval\test\mbpp_train\766\766_gen_0.sv,allenai/olmo-3.1-32b-think:free,stop,,gen-1766391207-foDL2bT1e5zy7qX6Ehm9
3669,aapp_competition_test,0,1009,13052,13242,C:\Users\durgamaniryudh\Desktop\Learn\llm_eval\test\aapp_competition_test\3669\3669_gen_0.sv,allenai/olmo-3.1-32b-think:free,stop,,gen-1766391320-JIWTwEB1eBzVn8GedgNM
3573,aapp_competition_test,0,986,10151,10192,C:\Users\durgamaniryudh\Desktop\Learn\llm_eval\test\aapp_competition_test\3573\3573_gen_0.sv,allenai/olmo-3.1-32b-think:free,stop,,gen-1766391389-N0Q3GKXTEB0JqDbjukpI
3577,aapp_competition_test,0,879,20509,16730,C:\Users\durgamaniryudh\Desktop\Learn\llm_eval\test\aapp_competition_test\3577\3577_gen_0.sv,allenai/olmo-3.1-32b-think:free,stop,,gen-1766391291-fKEwEKfPrFoWAABk4V8X
767,mbpp_train,0,656,12505,11743,C:\Users\durgamaniryudh\Desktop\Learn\llm_eval\test\mbpp_train\767\767_gen_0.sv,allenai/olmo-3.1-32b-think:free,stop,,gen-1766391465-FJtp0zQs0fsty1lcKK53
3289,aapp_competition_test,0,781,23664,21066,C:\Users\durgamaniryudh\Desktop\Learn\llm_eval\test\aapp_competition_test\3289\3289_gen_0.sv,allenai/olmo-3.1-32b-think:free,stop,,gen-1766391287-EMVtwH1N819Q4hIGF5PL
771,mbpp_train,0,701,21811,22544,C:\Users\durgamaniryudh\Desktop\Learn\llm_eval\test\mbpp_train\771\771_gen_0.sv,allenai/olmo-3.1-32b-think:free,stop,,gen-1766391333-4LgfApjJOFDt91mS3AvF
3286,aapp_competition_test,0,826,19948,18958,C:\Users\durgamaniryudh\Desktop\Learn\llm_eval\test\aapp_competition_test\3286\3286_gen_0.sv,allenai/olmo-3.1-32b-think:free,stop,,gen-1766391381-gY9sKEjlRdEnQ5XIe5xU
3676,aapp_competition_test,0,926,18527,19829,C:\Users\durgamaniryudh\Desktop\Learn\llm_eval\test\aapp_competition_test\3676\3676_gen_0.sv,allenai/olmo-3.1-32b-think:free,stop,,gen-1766391416-yjB6v4AgNTLtMlR3YrBC
113,mbpp_test,0,649,19760,21094,C:\Users\durgamaniryudh\Desktop\Learn\llm_eval\test\mbpp_test\113\113_gen_0.sv,allenai/olmo-3.1-32b-think:free,stop,,gen-1766391451-WImpnJ1njx4hoyITGQ9a
111,mbpp_test,0,718,19050,18278,C:\Users\durgamaniryudh\Desktop\Learn\llm_eval\test\mbpp_test\111\111_gen_0.sv,allenai/olmo-3.1-32b-think:free,stop,,gen-1766391521-N1kGaE9G7CoFgDpMxnNT
3580,aapp_competition_test,0,809,18232,23196,C:\Users\durgamaniryudh\Desktop\Learn\llm_eval\test\aapp_competition_test\3580\3580_gen_0.sv,allenai/olmo-3.1-32b-think:free,stop,,gen-1766391567-SKB4NpbGB1ogQs2kUkS5
119,mbpp_test,0,481,3549,3296,C:\Users\durgamaniryudh\Desktop\Learn\llm_eval\test\mbpp_test\119\119_gen_0.sv,allenai/olmo-3.1-32b-think:free,stop,,gen-1766391839-Bqz80afxfRmhvF0xmBRj
3294,aapp_competition_test,0,892,21074,18570,C:\Users\durgamaniryudh\Desktop\Learn\llm_eval\test\aapp_competition_test\3294\3294_gen_0.sv,allenai/olmo-3.1-32b-think:free,stop,,gen-1766391539-aL7sOIo9Zl6EF7fu4AiZ
3578,aapp_competition_test,0,802,13550,12700,C:\Users\durgamaniryudh\Desktop\Learn\llm_eval\test\aapp_competition_test\3578\3578_gen_0.sv,allenai/olmo-3.1-32b-think:free,stop,,gen-1766391716-kn8cUea1whqi8b1ZeIvV
3292,aapp_competition_test,0,1977,14344,15528,C:\Users\durgamaniryudh\Desktop\Learn\llm_eval\test\aapp_competition_test\3292\3292_gen_0.sv,allenai/olmo-3.1-32b-think:free,stop,,gen-1766391707-HFEK6crMU5yTywfWsnMS
3677,aapp_competition_test,0,775,13651,14217,C:\Users\durgamaniryudh\Desktop\Learn\llm_eval\test\aapp_competition_test\3677\3677_gen_0.sv,allenai/olmo-3.1-32b-think:free,stop,,gen-1766391743-1PU6iryp10jDqyt83b2e
3680,aapp_competition_test,0,731,20471,18691,C:\Users\durgamaniryudh\Desktop\Learn\llm_eval\test\aapp_competition_test\3680\3680_gen_0.sv,allenai/olmo-3.1-32b-think:free,stop,,gen-1766391652-IWOay1gKC5mWYTZq4iwS
773,mbpp_train,0,770,19971,21223,C:\Users\durgamaniryudh\Desktop\Learn\llm_eval\test\mbpp_train\773\773_gen_0.sv,allenai/olmo-3.1-32b-think:free,stop,,gen-1766391681-hwhVc6xjxVRVmTLSG6KY
104,mbpp_test,0,1234,22457,19646,C:\Users\durgamaniryudh\Desktop\Learn\llm_eval\test\mbpp_test\104\104_gen_0.sv,allenai/olmo-3.1-32b-think:free,stop,,gen-1766391704-qmG1jKF7V4Fr31mDAOqL
3678,aapp_competition_test,0,764,12232,13177,C:\Users\durgamaniryudh\Desktop\Learn\llm_eval\test\aapp_competition_test\3678\3678_gen_0.sv,allenai/olmo-3.1-32b-think:free,stop,,gen-1766391924-2k81OfCPEXnELByIc3vP
120,mbpp_test,0,558,9710,9064,C:\Users\durgamaniryudh\Desktop\Learn\llm_eval\test\mbpp_test\120\120_gen_0.sv,allenai/olmo-3.1-32b-think:free,stop,,gen-1766391958-MgojgU1nsrGU5bCysQEV
776,mbpp_train,0,664,20978,18908,C:\Users\durgamaniryudh\Desktop\Learn\llm_eval\test\mbpp_train\776\776_gen_0.sv,allenai/olmo-3.1-32b-think:free,stop,,gen-1766391776-6nKiIIY4bne7evgzsb09
3295,aapp_competition_test,0,666,16601,14206,C:\Users\durgamaniryudh\Desktop\Learn\llm_eval\test\aapp_competition_test\3295\3295_gen_0.sv,allenai/olmo-3.1-32b-think:free,stop,,gen-1766391877-XhNIXOdAczrC5jbwkMHK
3583,aapp_competition_test,0,565,17637,15106,C:\Users\durgamaniryudh\Desktop\Learn\llm_eval\test\aapp_competition_test\3583\3583_gen_0.sv,allenai/olmo-3.1-32b-think:free,stop,,gen-1766391898-SUHeXeNZFUFWck0FSu1H
775,mbpp_train,0,825,16202,13646,C:\Users\durgamaniryudh\Desktop\Learn\llm_eval\test\mbpp_train\775\775_gen_0.sv,allenai/olmo-3.1-32b-think:free,stop,,gen-1766391950-AiVDqze8EUMZAeftbZvE
3579,aapp_competition_test,0,823,16982,15072,C:\Users\durgamaniryudh\Desktop\Learn\llm_eval\test\aapp_competition_test\3579\3579_gen_0.sv,allenai/olmo-3.1-32b-think:free,stop,,gen-1766392006-EwNoEkadFZ89k3cV69YP
3298,aapp_competition_test,0,611,20108,19925,C:\Users\durgamaniryudh\Desktop\Learn\llm_eval\test\aapp_competition_test\3298\3298_gen_0.sv,allenai/olmo-3.1-32b-think:free,stop,,gen-1766391973-sNHD6j0cU1nkiZr3HPAb
3681,aapp_competition_test,0,911,19873,20048,C:\Users\durgamaniryudh\Desktop\Learn\llm_eval\test\aapp_competition_test\3681\3681_gen_0.sv,allenai/olmo-3.1-32b-think:free,stop,,gen-1766392015-llHFnk3rpRHZ0nQsLTM5
126,mbpp_test,0,577,12488,10898,C:\Users\durgamaniryudh\Desktop\Learn\llm_eval\test\mbpp_test\126\126_gen_0.sv,allenai/olmo-3.1-32b-think:free,stop,,gen-1766392224-XpQnmFc8xLIUnPrjOTVR
778,mbpp_train,0,690,20891,21906,C:\Users\durgamaniryudh\Desktop\Learn\llm_eval\test\mbpp_train\778\778_gen_0.sv,allenai/olmo-3.1-32b-think:free,stop,,gen-1766392077-TH99aCR7MX9wiPl75CoD
3566,aapp_competition_test,0,1517,18041,18275,C:\Users\durgamaniryudh\Desktop\Learn\llm_eval\test\aapp_competition_test\3566\3566_gen_0.sv,allenai/olmo-3.1-32b-think:free,stop,,gen-1766392130-jsAseVVH7rbM2qN9R4TJ
772,mbpp_train,0,839,15683,16089,C:\Users\durgamaniryudh\Desktop\Learn\llm_eval\test\mbpp_train\772\772_gen_0.sv,allenai/olmo-3.1-32b-think:free,stop,,gen-1766392197-Ys6dxxM0gxfviIlfQGUq
3296,aapp_competition_test,0,611,21745,17711,C:\Users\durgamaniryudh\Desktop\Learn\llm_eval\test\aapp_competition_test\3296\3296_gen_0.sv,allenai/olmo-3.1-32b-think:free,stop,,gen-1766392127-fPVQ9ArZD19JYOYVVCMG
3684,aapp_competition_test,0,738,24161,22505,C:\Users\durgamaniryudh\Desktop\Learn\llm_eval\test\aapp_competition_test\3684\3684_gen_0.sv,allenai/olmo-3.1-32b-think:free,stop,,gen-1766392133-CbCTZIp4Pc4lbiO9sxo1
124,mbpp_test,0,681,26463,22474,C:\Users\durgamaniryudh\Desktop\Learn\llm_eval\test\mbpp_test\124\124_gen_0.sv,allenai/olmo-3.1-32b-think:free,stop,,gen-1766392158-gIXAaTriptZgD347Ei7b
3682,aapp_competition_test,0,749,14322,14978,C:\Users\durgamaniryudh\Desktop\Learn\llm_eval\test\aapp_competition_test\3682\3682_gen_0.sv,allenai/olmo-3.1-32b-think:free,stop,,gen-1766392367-sv2HmCzA6Og6l3IDixHu
3582,aapp_competition_test,0,743,12482,12942,C:\Users\durgamaniryudh\Desktop\Learn\llm_eval\test\aapp_competition_test\3582\3582_gen_0.sv,allenai/olmo-3.1-32b-think:free,stop,,gen-1766392411-Vu5z2oiy5rvjVet9mi0Y
3581,aapp_competition_test,0,831,11760,12351,C:\Users\durgamaniryudh\Desktop\Learn\llm_eval\test\aapp_competition_test\3581\3581_gen_0.sv,allenai/olmo-3.1-32b-think:free,stop,,gen-1766392450-bsjlEJIHJjgyNjuubLOW
781,mbpp_train,0,622,12697,11686,C:\Users\durgamaniryudh\Desktop\Learn\llm_eval\test\mbpp_train\781\781_gen_0.sv,allenai/olmo-3.1-32b-think:free,stop,,gen-1766392433-tH1Whr57iefedgmfXs4F
3297,aapp_competition_test,0,795,13925,13411,C:\Users\durgamaniryudh\Desktop\Learn\llm_eval\test\aapp_competition_test\3297\3297_gen_0.sv,allenai/olmo-3.1-32b-think:free,stop,,gen-1766392436-RF3fZC5Rx6sAqbe4kOjS
3287,aapp_competition_test,0,716,22165,21937,C:\Users\durgamaniryudh\Desktop\Learn\llm_eval\test\aapp_competition_test\3287\3287_gen_0.sv,allenai/olmo-3.1-32b-think:free,stop,,gen-1766392302-HfacGMnHB7iTNvweaMDp
3685,aapp_competition_test,0,841,18137,17501,C:\Users\durgamaniryudh\Desktop\Learn\llm_eval\test\aapp_competition_test\3685\3685_gen_0.sv,allenai/olmo-3.1-32b-think:free,stop,,gen-1766392477-Vq5ipDdbZyDzfDfvbnHA
3585,aapp_competition_test,0,614,11629,11547,C:\Users\durgamaniryudh\Desktop\Learn\llm_eval\test\aapp_competition_test\3585\3585_gen_0.sv,allenai/olmo-3.1-32b-think:free,stop,,gen-1766392609-iuZgy9d25I6idAMgholU
3300,aapp_competition_test,0,842,13123,12436,C:\Users\durgamaniryudh\Desktop\Learn\llm_eval\test\aapp_competition_test\3300\3300_gen_0.sv,allenai/olmo-3.1-32b-think:free,stop,,gen-1766392605-ycmXVtJOImSbGlg7Hlj4
3291,aapp_competition_test,0,848,11761,10807,C:\Users\durgamaniryudh\Desktop\Learn\llm_eval\test\aapp_competition_test\3291\3291_gen_0.sv,allenai/olmo-3.1-32b-think:free,stop,,gen-1766392666-oycv97MdQc1LRHdmK2KH
782,mbpp_train,0,639,19117,15042,C:\Users\durgamaniryudh\Desktop\Learn\llm_eval\test\mbpp_train\782\782_gen_0.sv,allenai/olmo-3.1-32b-think:free,stop,,gen-1766392548-V1eHv4zp8LoqSc7oya9W
3683,aapp_competition_test,0,894,17285,17321,C:\Users\durgamaniryudh\Desktop\Learn\llm_eval\test\aapp_competition_test\3683\3683_gen_0.sv,allenai/olmo-3.1-32b-think:free,stop,,gen-1766392612-b6Frbw46iq6xpkfPMZ1z
118,mbpp_test,0,697,24634,26234,C:\Users\durgamaniryudh\Desktop\Learn\llm_eval\test\mbpp_test\118\118_gen_0.sv,allenai/olmo-3.1-32b-think:free,stop,,gen-1766392496-yLH35w4CbbNvxcRCgo5J
123,mbpp_test,0,899,18783,19341,C:\Users\durgamaniryudh\Desktop\Learn\llm_eval\test\mbpp_test\123\123_gen_0.sv,allenai/olmo-3.1-32b-think:free,stop,,gen-1766392642-WE65MUn7ae0fuE50AjfG
777,mbpp_train,0,653,21390,16451,C:\Users\durgamaniryudh\Desktop\Learn\llm_eval\test\mbpp_train\777\777_gen_0.sv,allenai/olmo-3.1-32b-think:free,stop,,gen-1766392653-ZJHZYAZYdToQLQlRObLp
3586,aapp_competition_test,0,686,19417,19834,C:\Users\durgamaniryudh\Desktop\Learn\llm_eval\test\aapp_competition_test\3586\3586_gen_0.sv,allenai/olmo-3.1-32b-think:free,stop,,gen-1766392673-ZMwrNbQ1wMMrh02yxxBQ
125,mbpp_test,0,714,18383,20840,C:\Users\durgamaniryudh\Desktop\Learn\llm_eval\test\mbpp_test\125\125_gen_0.sv,allenai/olmo-3.1-32b-think:free,stop,,gen-1766392801-sO1IiRE5gTktBP5PoOJC
783,mbpp_train,0,833,21658,15523,C:\Users\durgamaniryudh\Desktop\Learn\llm_eval\test\mbpp_train\783\783_gen_0.sv,allenai/olmo-3.1-32b-think:free,stop,,gen-1766392843-LlryXfppS0brRrH6FYhC
3687,aapp_competition_test,0,1005,24083,24569,C:\Users\durgamaniryudh\Desktop\Learn\llm_eval\test\aapp_competition_test\3687\3687_gen_0.sv,allenai/olmo-3.1-32b-think:free,stop,,gen-1766392792-qece0cGv9KxtwXd0FNO5
3686,aapp_competition_test,0,1028,18550,19343,C:\Users\durgamaniryudh\Desktop\Learn\llm_eval\test\aapp_competition_test\3686\3686_gen_0.sv,allenai/olmo-3.1-32b-think:free,stop,,gen-1766392935-5VMjFel4JDMkxxk20AHX
127,mbpp_test,0,769,17078,16690,C:\Users\durgamaniryudh\Desktop\Learn\llm_eval\test\mbpp_test\127\127_gen_0.sv,allenai/olmo-3.1-32b-think:free,stop,,gen-1766392949-Qdj3eelsDSM7pZj0uUPE
3299,aapp_competition_test,0,1711,21455,20377,C:\Users\durgamaniryudh\Desktop\Learn\llm_eval\test\aapp_competition_test\3299\3299_gen_0.sv,allenai/olmo-3.1-32b-think:free,stop,,gen-1766392881-vqA2LDp92TbSDxUWkXMS
3589,aapp_competition_test,0,688,18445,18933,C:\Users\durgamaniryudh\Desktop\Learn\llm_eval\test\aapp_competition_test\3589\3589_gen_0.sv,allenai/olmo-3.1-32b-think:free,stop,,gen-1766392959-PfolCrLyflD7xHhfBQT3
135,mbpp_test,0,518,4227,4099,C:\Users\durgamaniryudh\Desktop\Learn\llm_eval\test\mbpp_test\135\135_gen_0.sv,allenai/olmo-3.1-32b-think:free,stop,,gen-1766393213-mwk0ETC30S7H3jPs27Sp
3590,aapp_competition_test,0,838,17452,17282,C:\Users\durgamaniryudh\Desktop\Learn\llm_eval\test\aapp_competition_test\3590\3590_gen_0.sv,allenai/olmo-3.1-32b-think:free,stop,,gen-1766393040-EMSlny8qFCXxAukrYRFq
3301,aapp_competition_test,0,934,18935,19265,C:\Users\durgamaniryudh\Desktop\Learn\llm_eval\test\aapp_competition_test\3301\3301_gen_0.sv,allenai/olmo-3.1-32b-think:free,stop,,gen-1766393035-irgdQp5GRbfqoE8iSUBX
132,mbpp_test,0,645,10886,9226,C:\Users\durgamaniryudh\Desktop\Learn\llm_eval\test\mbpp_test\132\132_gen_0.sv,allenai/olmo-3.1-32b-think:free,stop,,gen-1766393271-7YVebQWqFDNL8sKlNX7x
3587,aapp_competition_test,0,781,12444,12765,C:\Users\durgamaniryudh\Desktop\Learn\llm_eval\test\aapp_competition_test\3587\3587_gen_0.sv,allenai/olmo-3.1-32b-think:free,stop,,gen-1766393254-dQPfypMEk1eMbPszRIdh
3690,aapp_competition_test,0,967,19847,19467,C:\Users\durgamaniryudh\Desktop\Learn\llm_eval\test\aapp_competition_test\3690\3690_gen_0.sv,allenai/olmo-3.1-32b-think:free,stop,,gen-1766393153-c7rZ4fA95qFJGNrPBWBI
3694,aapp_competition_test,0,854,14241,14636,C:\Users\durgamaniryudh\Desktop\Learn\llm_eval\test\aapp_competition_test\3694\3694_gen_0.sv,allenai/olmo-3.1-32b-think:free,stop,,gen-1766393257-LQe74GLUs6QIPO5krkUa
779,mbpp_train,0,850,32768,23584,C:\Users\durgamaniryudh\Desktop\Learn\llm_eval\test\mbpp_train\779\779_gen_0.sv,allenai/olmo-3.1-32b-think:free,length,,gen-1766392962-rKqDoKjC6UGtG6SmUvoM
3302,aapp_competition_test,0,1043,17641,17258,C:\Users\durgamaniryudh\Desktop\Learn\llm_eval\test\aapp_competition_test\3302\3302_gen_0.sv,allenai/olmo-3.1-32b-think:free,stop,,gen-1766393253-yhs8EYpuEHSwRvTyBOCk
3288,aapp_competition_test,0,10703,13668,13788,C:\Users\durgamaniryudh\Desktop\Learn\llm_eval\test\aapp_competition_test\3288\3288_gen_0.sv,allenai/olmo-3.1-32b-think:free,stop,,gen-1766393332-NzeqmxW5GBKtBMBgUqAW
784,mbpp_train,0,738,19568,20004,C:\Users\durgamaniryudh\Desktop\Learn\llm_eval\test\mbpp_train\784\784_gen_0.sv,allenai/olmo-3.1-32b-think:free,stop,,gen-1766393279-mc2W2nZ5cPqcYeBaZj5t
3592,aapp_competition_test,0,748,16552,17273,C:\Users\durgamaniryudh\Desktop\Learn\llm_eval\test\aapp_competition_test\3592\3592_gen_0.sv,allenai/olmo-3.1-32b-think:free,stop,,gen-1766393340-NjBHPc3mcEaRpHdS1XHq
769,mbpp_train,0,614,30924,22526,C:\Users\durgamaniryudh\Desktop\Learn\llm_eval\test\mbpp_train\769\769_gen_0.sv,allenai/olmo-3.1-32b-think:free,stop,,gen-1766393232-SG9YC81ulJY7NZarJSRI
3303,aapp_competition_test,0,716,15987,15390,C:\Users\durgamaniryudh\Desktop\Learn\llm_eval\test\aapp_competition_test\3303\3303_gen_0.sv,allenai/olmo-3.1-32b-think:free,stop,,gen-1766393484-JgH6Yt4Ulixkgo5TKkWE
129,mbpp_test,0,683,18268,17114,C:\Users\durgamaniryudh\Desktop\Learn\llm_eval\test\mbpp_test\129\129_gen_0.sv,allenai/olmo-3.1-32b-think:free,stop,,gen-1766393454-MSsuR68JAYoDlTdjveEi
3698,aapp_competition_test,0,853,18755,16863,C:\Users\durgamaniryudh\Desktop\Learn\llm_eval\test\aapp_competition_test\3698\3698_gen_0.sv,allenai/olmo-3.1-32b-think:free,stop,,gen-1766393448-rgvEs5E3tUCnaeX6p8Ft
786,mbpp_train,0,667,17838,17953,C:\Users\durgamaniryudh\Desktop\Learn\llm_eval\test\mbpp_train\786\786_gen_0.sv,allenai/olmo-3.1-32b-think:free,stop,,gen-1766393482-lkaQjIRx0nB7S0U8GNb7
780,mbpp_train,0,905,12543,9919,C:\Users\durgamaniryudh\Desktop\Learn\llm_eval\test\mbpp_train\780\780_gen_0.sv,allenai/olmo-3.1-32b-think:free,stop,,gen-1766393607-fKEO29MkxXKDBEZqorap
52,human_eval_test,0,538,4688,4486,C:\Users\durgamaniryudh\Desktop\Learn\llm_eval\test\human_eval_test\52\52_gen_0.sv,allenai/olmo-3.1-32b-think:free,stop,,gen-1766393785-SQAPj3U1LE7ZSeo9cufO
130,mbpp_test,0,946,17792,16712,C:\Users\durgamaniryudh\Desktop\Learn\llm_eval\test\mbpp_test\130\130_gen_0.sv,allenai/olmo-3.1-32b-think:free,stop,,gen-1766393563-xlWkY4ZL95dYm2cpHOO2
3699,aapp_competition_test,0,753,20168,18916,C:\Users\durgamaniryudh\Desktop\Learn\llm_eval\test\aapp_competition_test\3699\3699_gen_0.sv,allenai/olmo-3.1-32b-think:free,stop,,gen-1766393540-WbHyR77KP7VPR7lBxxif
3584,aapp_competition_test,0,2940,21867,19919,C:\Users\durgamaniryudh\Desktop\Learn\llm_eval\test\aapp_competition_test\3584\3584_gen_0.sv,allenai/olmo-3.1-32b-think:free,stop,,gen-1766393517-YmRmpHMcmFbDe9ydHVNp
53,human_eval_test,0,435,1740,1766,C:\Users\durgamaniryudh\Desktop\Learn\llm_eval\test\human_eval_test\53\53_gen_0.sv,allenai/olmo-3.1-32b-think:free,stop,,gen-1766393880-KYThIQ1uZw1zvMBz6VuP
3400,aapp_competition_test,0,938,12645,12336,C:\Users\durgamaniryudh\Desktop\Learn\llm_eval\test\aapp_competition_test\3400\3400_gen_0.sv,allenai/olmo-3.1-32b-think:free,stop,,gen-1766393746-VTsxZnbwNj9isEkZXnsl
3399,aapp_competition_test,0,904,11584,12075,C:\Users\durgamaniryudh\Desktop\Learn\llm_eval\test\aapp_competition_test\3399\3399_gen_0.sv,allenai/olmo-3.1-32b-think:free,stop,,gen-1766393814-mAQ5nhqx2k68Z31V5aWX
3902,aapp_competition_test,0,1058,18211,19250,C:\Users\durgamaniryudh\Desktop\Learn\llm_eval\test\aapp_competition_test\3902\3902_gen_0.sv,allenai/olmo-3.1-32b-think:free,stop,,gen-1766393760-4rSmdX0r0c6CcwQc7b4Y
3793,aapp_competition_test,0,4162,19651,16345,C:\Users\durgamaniryudh\Desktop\Learn\llm_eval\test\aapp_competition_test\3793\3793_gen_0.sv,allenai/olmo-3.1-32b-think:free,stop,,gen-1766393757-78yToOQXsekqECbtxpLE
3805,aapp_competition_test,0,725,14607,14690,C:\Users\durgamaniryudh\Desktop\Learn\llm_eval\test\aapp_competition_test\3805\3805_gen_0.sv,allenai/olmo-3.1-32b-think:free,stop,,gen-1766393866-73PpwQ9FJtGzY6mV7JGc
3036,aapp_competition_test,0,838,20643,20223,C:\Users\durgamaniryudh\Desktop\Learn\llm_eval\test\aapp_competition_test\3036\3036_gen_0.sv,allenai/olmo-3.1-32b-think:free,stop,,gen-1766393787-9fuLFClfL7H5GvT4nxSK
3900,aapp_competition_test,0,1209,7797,7742,C:\Users\durgamaniryudh\Desktop\Learn\llm_eval\test\aapp_competition_test\3900\3900_gen_0.sv,allenai/olmo-3.1-32b-think:free,stop,,gen-1766394030-CQR5BsGaNxsgUVPwTKVG
3055,aapp_competition_test,0,911,31246,27450,C:\Users\durgamaniryudh\Desktop\Learn\llm_eval\test\aapp_competition_test\3055\3055_gen_0.sv,allenai/olmo-3.1-32b-think:free,stop,,gen-1766393622-XZtnZrFBy3Ozl8Ip3aHU
3402,aapp_competition_test,0,781,14224,14569,C:\Users\durgamaniryudh\Desktop\Learn\llm_eval\test\aapp_competition_test\3402\3402_gen_0.sv,allenai/olmo-3.1-32b-think:free,stop,,gen-1766393916-GVUlEPGndhyNzetevzQ4
3027,aapp_competition_test,0,1082,17451,16443,C:\Users\durgamaniryudh\Desktop\Learn\llm_eval\test\aapp_competition_test\3027\3027_gen_0.sv,allenai/olmo-3.1-32b-think:free,stop,,gen-1766393903-uOkCoAxiarcGijr6RynC
3808,aapp_competition_test,0,643,15714,16668,C:\Users\durgamaniryudh\Desktop\Learn\llm_eval\test\aapp_competition_test\3808\3808_gen_0.sv,allenai/olmo-3.1-32b-think:free,stop,,gen-1766393961-4iWEEj0sywff85UrtSSx
3901,aapp_competition_test,0,818,23626,21592,C:\Users\durgamaniryudh\Desktop\Learn\llm_eval\test\aapp_competition_test\3901\3901_gen_0.sv,allenai/olmo-3.1-32b-think:free,stop,,gen-1766393876-TmBltk5aFftWkRTiA1VQ
3906,aapp_competition_test,0,719,10271,7534,C:\Users\durgamaniryudh\Desktop\Learn\llm_eval\test\aapp_competition_test\3906\3906_gen_0.sv,allenai/olmo-3.1-32b-think:free,stop,,gen-1766394177-fgoY9BRCVOFNiJEOa38N
3807,aapp_competition_test,0,1376,12846,12659,C:\Users\durgamaniryudh\Desktop\Learn\llm_eval\test\aapp_competition_test\3807\3807_gen_0.sv,allenai/olmo-3.1-32b-think:free,stop,,gen-1766394169-ZlrqyNXBy9IcNxfcpAXZ
3058,aapp_competition_test,0,994,17548,17284,C:\Users\durgamaniryudh\Desktop\Learn\llm_eval\test\aapp_competition_test\3058\3058_gen_0.sv,allenai/olmo-3.1-32b-think:free,stop,,gen-1766394115-Ofn1ikjz6SwUEYeqXmF7
3398,aapp_competition_test,0,750,19321,19873,C:\Users\durgamaniryudh\Desktop\Learn\llm_eval\test\aapp_competition_test\3398\3398_gen_0.sv,allenai/olmo-3.1-32b-think:free,stop,,gen-1766394116-unlhQ22jOpFWqRRLgtUd
3060,aapp_competition_test,0,657,16914,16344,C:\Users\durgamaniryudh\Desktop\Learn\llm_eval\test\aapp_competition_test\3060\3060_gen_0.sv,allenai/olmo-3.1-32b-think:free,stop,,gen-1766394201-sIkNwKo1thcOKyGoKOmF
27,human_eval_test,0,644,18151,19285,C:\Users\durgamaniryudh\Desktop\Learn\llm_eval\test\human_eval_test\27\27_gen_0.sv,allenai/olmo-3.1-32b-think:free,stop,,gen-1766394201-MSENmJ9MmQ9TGLVFY0e7
80,human_eval_test,0,674,11859,9744,C:\Users\durgamaniryudh\Desktop\Learn\llm_eval\test\human_eval_test\80\80_gen_0.sv,allenai/olmo-3.1-32b-think:free,stop,,gen-1766394395-VWpBs0HjDhNhKl8L9vxm
104,human_eval_test,0,985,27579,24633,C:\Users\durgamaniryudh\Desktop\Learn\llm_eval\test\human_eval_test\104\104_gen_0.sv,allenai/olmo-3.1-32b-think:free,stop,,gen-1766394095-XrHmdxVBaOTlNomg0hVu
3403,aapp_competition_test,0,693,20983,19092,C:\Users\durgamaniryudh\Desktop\Learn\llm_eval\test\aapp_competition_test\3403\3403_gen_0.sv,allenai/olmo-3.1-32b-think:free,stop,,gen-1766394234-K9vibY4VvbyfjjBhWKWi
3811,aapp_competition_test,0,928,18983,16963,C:\Users\durgamaniryudh\Desktop\Learn\llm_eval\test\aapp_competition_test\3811\3811_gen_0.sv,allenai/olmo-3.1-32b-think:free,stop,,gen-1766394289-NTS6IswLmOAzl5iZmyRo
3908,aapp_competition_test,0,714,19408,18987,C:\Users\durgamaniryudh\Desktop\Learn\llm_eval\test\aapp_competition_test\3908\3908_gen_0.sv,allenai/olmo-3.1-32b-think:free,stop,,gen-1766394325-G7Mz36AeEkYI670yWV6B
3054,aapp_competition_test,0,4816,13727,12235,C:\Users\durgamaniryudh\Desktop\Learn\llm_eval\test\aapp_competition_test\3054\3054_gen_0.sv,allenai/olmo-3.1-32b-think:free,stop,,gen-1766394437-sOKpIOOa8lxQpoUuHMgq
3809,aapp_competition_test,0,833,15337,15014,C:\Users\durgamaniryudh\Desktop\Learn\llm_eval\test\aapp_competition_test\3809\3809_gen_0.sv,allenai/olmo-3.1-32b-think:free,stop,,gen-1766394508-F3Aja6rymsZ9F8vHtrsE
3401,aapp_competition_test,0,1086,19567,17858,C:\Users\durgamaniryudh\Desktop\Learn\llm_eval\test\aapp_competition_test\3401\3401_gen_0.sv,allenai/olmo-3.1-32b-think:free,stop,,gen-1766394465-BF3AbAUlJ6mkqrpIBO7S
3405,aapp_competition_test,0,637,14660,13996,C:\Users\durgamaniryudh\Desktop\Learn\llm_eval\test\aapp_competition_test\3405\3405_gen_0.sv,allenai/olmo-3.1-32b-think:free,stop,,gen-1766394653-84CGJusCDZsupf8TsnhR
3907,aapp_competition_test,0,944,12408,12340,C:\Users\durgamaniryudh\Desktop\Learn\llm_eval\test\aapp_competition_test\3907\3907_gen_0.sv,allenai/olmo-3.1-32b-think:free,stop,,gen-1766394703-YqaGgF0D3fulWSwne2bq
3905,aapp_competition_test,0,841,19409,20410,C:\Users\durgamaniryudh\Desktop\Learn\llm_eval\test\aapp_competition_test\3905\3905_gen_0.sv,allenai/olmo-3.1-32b-think:free,stop,,gen-1766394535-8RiKjVJ6XHMqhEHMdoNR
3061,aapp_competition_test,0,1051,20666,20316,C:\Users\durgamaniryudh\Desktop\Learn\llm_eval\test\aapp_competition_test\3061\3061_gen_0.sv,allenai/olmo-3.1-32b-think:free,stop,,gen-1766394653-Be9dvTmi2PBLIf5Zz2om
105,human_eval_test,0,1060,24425,22710,C:\Users\durgamaniryudh\Desktop\Learn\llm_eval\test\human_eval_test\105\105_gen_0.sv,allenai/olmo-3.1-32b-think:free,stop,,gen-1766394566-Yfd0j0Oc2lUxNytPTVyG
3404,aapp_competition_test,0,1813,15562,14615,C:\Users\durgamaniryudh\Desktop\Learn\llm_eval\test\aapp_competition_test\3404\3404_gen_0.sv,allenai/olmo-3.1-32b-think:free,stop,,gen-1766394807-vwVzvFoBBLgvxmlk0Cbf
3814,aapp_competition_test,0,897,15336,14113,C:\Users\durgamaniryudh\Desktop\Learn\llm_eval\test\aapp_competition_test\3814\3814_gen_0.sv,allenai/olmo-3.1-32b-think:free,stop,,gen-1766394845-88xdLxQYItyGtCZ9fCl3
3053,aapp_competition_test,0,8764,21971,18934,C:\Users\durgamaniryudh\Desktop\Learn\llm_eval\test\aapp_competition_test\3053\3053_gen_0.sv,allenai/olmo-3.1-32b-think:free,stop,,gen-1766394741-jn1nNWmpQR2k8THkmEhE
158,human_eval_test,0,771,17890,18572,C:\Users\durgamaniryudh\Desktop\Learn\llm_eval\test\human_eval_test\158\158_gen_0.sv,allenai/olmo-3.1-32b-think:free,stop,,gen-1766394967-EFnOldYqjD7gWd5bVwZO
133,human_eval_test,0,918,18896,18580,C:\Users\durgamaniryudh\Desktop\Learn\llm_eval\test\human_eval_test\133\133_gen_0.sv,allenai/olmo-3.1-32b-think:free,stop,,gen-1766394950-LWhD21Yc4MnmGn4Wfp07
3816,aapp_competition_test,0,721,21221,21118,C:\Users\durgamaniryudh\Desktop\Learn\llm_eval\test\aapp_competition_test\3816\3816_gen_0.sv,allenai/olmo-3.1-32b-think:free,stop,,gen-1766394967-3MeECHXkoLOCSpa1sG7Y
3410,aapp_competition_test,0,827,16227,14316,C:\Users\durgamaniryudh\Desktop\Learn\llm_eval\test\aapp_competition_test\3410\3410_gen_0.sv,allenai/olmo-3.1-32b-think:free,stop,,gen-1766395073-ugtSOByd4KShOM4Qiyya
3817,aapp_competition_test,0,740,15000,16377,C:\Users\durgamaniryudh\Desktop\Learn\llm_eval\test\aapp_competition_test\3817\3817_gen_0.sv,allenai/olmo-3.1-32b-think:free,stop,,gen-1766395119-6t9Z5j1voOMC4BmkmYo5
3032,aapp_competition_test,0,551,21541,21062,C:\Users\durgamaniryudh\Desktop\Learn\llm_eval\test\aapp_competition_test\3032\3032_gen_0.sv,allenai/olmo-3.1-32b-think:free,stop,,gen-1766395057-Lw30Q2y5PRzT6aF4ys9N
3911,aapp_competition_test,0,594,30119,17406,C:\Users\durgamaniryudh\Desktop\Learn\llm_eval\test\aapp_competition_test\3911\3911_gen_0.sv,allenai/olmo-3.1-32b-think:free,stop,,gen-1766394937-8T17Sk1F2YRI4QM2Ysef
159,human_eval_test,0,456,8171,8472,C:\Users\durgamaniryudh\Desktop\Learn\llm_eval\test\human_eval_test\159\159_gen_0.sv,allenai/olmo-3.1-32b-think:free,stop,,gen-1766395398-byGrCZb81wEE8IvKYMC2
106,human_eval_test,0,758,21176,21606,C:\Users\durgamaniryudh\Desktop\Learn\llm_eval\test\human_eval_test\106\106_gen_0.sv,allenai/olmo-3.1-32b-think:free,stop,,gen-1766395177-5NtovWUcmwzenrd8rdyy
3802,aapp_competition_test,0,4905,12206,11396,C:\Users\durgamaniryudh\Desktop\Learn\llm_eval\test\aapp_competition_test\3802\3802_gen_0.sv,allenai/olmo-3.1-32b-think:free,stop,,gen-1766395343-2Yg3bfVFZup4WnWseZ5I
3898,aapp_competition_test,0,2528,23357,22175,C:\Users\durgamaniryudh\Desktop\Learn\llm_eval\test\aapp_competition_test\3898\3898_gen_0.sv,allenai/olmo-3.1-32b-think:free,stop,,gen-1766395136-meRVCqLB8eXz2P6aHgxN
3408,aapp_competition_test,0,1009,18956,19323,C:\Users\durgamaniryudh\Desktop\Learn\llm_eval\test\aapp_competition_test\3408\3408_gen_0.sv,allenai/olmo-3.1-32b-think:free,stop,,gen-1766395320-Jd8yRoYg6dSFiDGbWgbM
3913,aapp_competition_test,0,726,17252,17823,C:\Users\durgamaniryudh\Desktop\Learn\llm_eval\test\aapp_competition_test\3913\3913_gen_0.sv,allenai/olmo-3.1-32b-think:free,stop,,gen-1766395395-8JS6mYVetBdhtbDTz74x
28,human_eval_test,0,604,8423,7180,C:\Users\durgamaniryudh\Desktop\Learn\llm_eval\test\human_eval_test\28\28_gen_0.sv,allenai/olmo-3.1-32b-think:free,stop,,gen-1766395559-RSkq2ijTKlOH1D6c5sc1
3069,aapp_competition_test,0,909,19703,20838,C:\Users\durgamaniryudh\Desktop\Learn\llm_eval\test\aapp_competition_test\3069\3069_gen_0.sv,allenai/olmo-3.1-32b-think:free,stop,,gen-1766395399-2DabruLeuiGLu7sndThw
3072,aapp_competition_test,0,598,17873,17629,C:\Users\durgamaniryudh\Desktop\Learn\llm_eval\test\aapp_competition_test\3072\3072_gen_0.sv,allenai/olmo-3.1-32b-think:free,stop,,gen-1766395410-xRTZOa993QIIrpUchVn4
3406,aapp_competition_test,0,800,21811,18489,C:\Users\durgamaniryudh\Desktop\Learn\llm_eval\test\aapp_competition_test\3406\3406_gen_0.sv,allenai/olmo-3.1-32b-think:free,stop,,gen-1766395459-t9KKH43nbDXx6xfcThrQ
3820,aapp_competition_test,0,792,17641,17588,C:\Users\durgamaniryudh\Desktop\Learn\llm_eval\test\aapp_competition_test\3820\3820_gen_0.sv,allenai/olmo-3.1-32b-think:free,stop,,gen-1766395520-uIPNEPdzGbeDlivAa4uj
3909,aapp_competition_test,0,828,17257,17655,C:\Users\durgamaniryudh\Desktop\Learn\llm_eval\test\aapp_competition_test\3909\3909_gen_0.sv,allenai/olmo-3.1-32b-think:free,stop,,gen-1766395548-bOkXPve79PQykdo6lEmh
0,human_eval_test,0,689,19361,15139,C:\Users\durgamaniryudh\Desktop\Learn\llm_eval\test\human_eval_test\0\0_gen_0.sv,allenai/olmo-3.1-32b-think:free,stop,,gen-1766395578-MxvtE6Bq8qboiExNRBiE
3414,aapp_competition_test,0,920,16915,16374,C:\Users\durgamaniryudh\Desktop\Learn\llm_eval\test\aapp_competition_test\3414\3414_gen_0.sv,allenai/olmo-3.1-32b-think:free,stop,,gen-1766395670-7FOYlzXPBEtc7xB3wz5L
3067,aapp_competition_test,0,4473,20951,21013,C:\Users\durgamaniryudh\Desktop\Learn\llm_eval\test\aapp_competition_test\3067\3067_gen_0.sv,allenai/olmo-3.1-32b-think:free,stop,,gen-1766395590-IALpjilB90HI1aMpT903
3071,aapp_competition_test,0,885,16169,16273,C:\Users\durgamaniryudh\Desktop\Learn\llm_eval\test\aapp_competition_test\3071\3071_gen_0.sv,allenai/olmo-3.1-32b-think:free,stop,,gen-1766395737-oXk9Szul1fRibrHl7uFs
3413,aapp_competition_test,0,660,15933,15814,C:\Users\durgamaniryudh\Desktop\Learn\llm_eval\test\aapp_competition_test\3413\3413_gen_0.sv,allenai/olmo-3.1-32b-think:free,stop,,gen-1766395765-chzWskvdLJJNXWVoxe17
3915,aapp_competition_test,0,698,18435,18343,C:\Users\durgamaniryudh\Desktop\Learn\llm_eval\test\aapp_competition_test\3915\3915_gen_0.sv,allenai/olmo-3.1-32b-think:free,stop,,gen-1766395725-JBmQ4e9wWsThmOyGFefb
3815,aapp_competition_test,0,1231,18822,18494,C:\Users\durgamaniryudh\Desktop\Learn\llm_eval\test\aapp_competition_test\3815\3815_gen_0.sv,allenai/olmo-3.1-32b-think:free,stop,,gen-1766395721-srIgNj09N8B2GzDa1rmW
3917,aapp_competition_test,0,857,17999,16841,C:\Users\durgamaniryudh\Desktop\Learn\llm_eval\test\aapp_competition_test\3917\3917_gen_0.sv,allenai/olmo-3.1-32b-think:free,stop,,gen-1766395852-VVZ8GHjXu6Pjq6myJ9d9
3821,aapp_competition_test,0,662,16302,15815,C:\Users\durgamaniryudh\Desktop\Learn\llm_eval\test\aapp_competition_test\3821\3821_gen_0.sv,allenai/olmo-3.1-32b-think:free,stop,,gen-1766395844-ByoDynMjng5gZx9E4D9l
134,human_eval_test,0,796,20033,20071,C:\Users\durgamaniryudh\Desktop\Learn\llm_eval\test\human_eval_test\134\134_gen_0.sv,allenai/olmo-3.1-32b-think:free,stop,,gen-1766395963-XUDv366blnredwL9QmFC
3418,aapp_competition_test,0,717,18845,16048,C:\Users\durgamaniryudh\Desktop\Learn\llm_eval\test\aapp_competition_test\3418\3418_gen_0.sv,allenai/olmo-3.1-32b-think:free,stop,,gen-1766396013-mecICEcOxxZnK6h2cY6c
3822,aapp_competition_test,0,1101,17548,15495,C:\Users\durgamaniryudh\Desktop\Learn\llm_eval\test\aapp_competition_test\3822\3822_gen_0.sv,allenai/olmo-3.1-32b-think:free,stop,,gen-1766396074-7VBv06jny9tqTRvF3dak
3076,aapp_competition_test,0,840,18185,17741,C:\Users\durgamaniryudh\Desktop\Learn\llm_eval\test\aapp_competition_test\3076\3076_gen_0.sv,allenai/olmo-3.1-32b-think:free,stop,,gen-1766396089-eD2XujE0tEpsulEyhqbA
2,human_eval_test,0,694,6504,6470,C:\Users\durgamaniryudh\Desktop\Learn\llm_eval\test\human_eval_test\2\2_gen_0.sv,allenai/olmo-3.1-32b-think:free,stop,,gen-1766396365-LlbWepmjfAHK91jR9N7r
3074,aapp_competition_test,0,675,27780,25850,C:\Users\durgamaniryudh\Desktop\Learn\llm_eval\test\aapp_competition_test\3074\3074_gen_0.sv,allenai/olmo-3.1-32b-think:free,stop,,gen-1766395972-lxtEI8BBEj8DKOFkctTL
54,human_eval_test,0,537,29418,19126,C:\Users\durgamaniryudh\Desktop\Learn\llm_eval\test\human_eval_test\54\54_gen_0.sv,allenai/olmo-3.1-32b-think:free,stop,,gen-1766395889-fIYYngXD6XA3CviSpcYF
3825,aapp_competition_test,0,856,20559,19566,C:\Users\durgamaniryudh\Desktop\Learn\llm_eval\test\aapp_competition_test\3825\3825_gen_0.sv,allenai/olmo-3.1-32b-think:free,stop,,gen-1766396191-74XG4dEYThVDI1L1gNRh
3914,aapp_competition_test,0,918,26136,24590,C:\Users\durgamaniryudh\Desktop\Learn\llm_eval\test\aapp_competition_test\3914\3914_gen_0.sv,allenai/olmo-3.1-32b-think:free,stop,,gen-1766396080-7g34fFMgDJ28Xzu0qSSc
3417,aapp_competition_test,0,784,25812,24372,C:\Users\durgamaniryudh\Desktop\Learn\llm_eval\test\aapp_competition_test\3417\3417_gen_0.sv,allenai/olmo-3.1-32b-think:free,stop,,gen-1766396089-yzu3Wy7FGTHFheV6QjzX
3918,aapp_competition_test,0,835,23460,22087,C:\Users\durgamaniryudh\Desktop\Learn\llm_eval\test\aapp_competition_test\3918\3918_gen_0.sv,allenai/olmo-3.1-32b-think:free,stop,,gen-1766396202-8jSBPyu9IF0RptiFouuP
3826,aapp_competition_test,0,731,15338,15919,C:\Users\durgamaniryudh\Desktop\Learn\llm_eval\test\aapp_competition_test\3826\3826_gen_0.sv,allenai/olmo-3.1-32b-think:free,stop,,gen-1766396434-ftZT5Pub9Z3Py5rj3LfM
3419,aapp_competition_test,0,816,16234,14970,C:\Users\durgamaniryudh\Desktop\Learn\llm_eval\test\aapp_competition_test\3419\3419_gen_0.sv,allenai/olmo-3.1-32b-think:free,stop,,gen-1766396423-P7j89OeclsBegr5C0SDq
3916,aapp_competition_test,0,2217,14524,13700,C:\Users\durgamaniryudh\Desktop\Learn\llm_eval\test\aapp_competition_test\3916\3916_gen_0.sv,allenai/olmo-3.1-32b-think:free,stop,,gen-1766396478-qZpn2WiCC9FQJnduWy6O
3920,aapp_competition_test,0,588,8402,6957,C:\Users\durgamaniryudh\Desktop\Learn\llm_eval\test\aapp_competition_test\3920\3920_gen_0.sv,allenai/olmo-3.1-32b-think:free,stop,,gen-1766396617-hfzQsAac1lN6VESo6obm
107,human_eval_test,0,709,16121,16245,C:\Users\durgamaniryudh\Desktop\Learn\llm_eval\test\human_eval_test\107\107_gen_0.sv,allenai/olmo-3.1-32b-think:free,stop,,gen-1766396488-7rud6ysk10LD6vuhevYI
3421,aapp_competition_test,0,651,12719,12749,C:\Users\durgamaniryudh\Desktop\Learn\llm_eval\test\aapp_competition_test\3421\3421_gen_0.sv,allenai/olmo-3.1-32b-think:free,stop,,gen-1766396560-F9gsqo1DQ9ti0L3NwXa4
3075,aapp_competition_test,0,970,19269,19698,C:\Users\durgamaniryudh\Desktop\Learn\llm_eval\test\aapp_competition_test\3075\3075_gen_0.sv,allenai/olmo-3.1-32b-think:free,stop,,gen-1766396499-1gxBdMsD0sEirxDdEaJp
3423,aapp_competition_test,0,987,13698,14825,C:\Users\durgamaniryudh\Desktop\Learn\llm_eval\test\aapp_competition_test\3423\3423_gen_0.sv,allenai/olmo-3.1-32b-think:free,stop,,gen-1766396734-BuZpuuGkvfELiJ0azbcI
55,human_eval_test,0,720,16982,16752,C:\Users\durgamaniryudh\Desktop\Learn\llm_eval\test\human_eval_test\55\55_gen_0.sv,allenai/olmo-3.1-32b-think:free,stop,,gen-1766396665-Aaj50sLalYRFClQhBPY3
3068,aapp_competition_test,0,4232,20683,19947,C:\Users\durgamaniryudh\Desktop\Learn\llm_eval\test\aapp_competition_test\3068\3068_gen_0.sv,allenai/olmo-3.1-32b-think:free,stop,,gen-1766396585-beK3nfR3elX1DH0FLdZ5
3073,aapp_competition_test,0,2452,15391,15208,C:\Users\durgamaniryudh\Desktop\Learn\llm_eval\test\aapp_competition_test\3073\3073_gen_0.sv,allenai/olmo-3.1-32b-think:free,stop,,gen-1766396732-XpkZ1ZkdcgLZeB6h3lbO
3827,aapp_competition_test,0,811,21873,22225,C:\Users\durgamaniryudh\Desktop\Learn\llm_eval\test\aapp_competition_test\3827\3827_gen_0.sv,allenai/olmo-3.1-32b-think:free,stop,,gen-1766396609-bM6b4qAXJJpfzrfFtAxo
82,human_eval_test,0,538,4339,4532,C:\Users\durgamaniryudh\Desktop\Learn\llm_eval\test\human_eval_test\82\82_gen_0.sv,allenai/olmo-3.1-32b-think:free,stop,,gen-1766396991-Ex4MQiDjo8CgGC0Bw8bQ
3823,aapp_competition_test,0,921,19531,18339,C:\Users\durgamaniryudh\Desktop\Learn\llm_eval\test\aapp_competition_test\3823\3823_gen_0.sv,allenai/olmo-3.1-32b-think:free,stop,,gen-1766396751-3njMG3Ov7KjA2xD1av81
3077,aapp_competition_test,0,1078,14716,16133,C:\Users\durgamaniryudh\Desktop\Learn\llm_eval\test\aapp_competition_test\3077\3077_gen_0.sv,allenai/olmo-3.1-32b-think:free,stop,,gen-1766396835-7tIOaCj1ih95wzOwSFqT
3921,aapp_competition_test,0,766,17682,17401,C:\Users\durgamaniryudh\Desktop\Learn\llm_eval\test\aapp_competition_test\3921\3921_gen_0.sv,allenai/olmo-3.1-32b-think:free,stop,,gen-1766396787-WHHdBX3xMVLGdIf876oH
81,human_eval_test,0,1107,27940,25886,C:\Users\durgamaniryudh\Desktop\Learn\llm_eval\test\human_eval_test\81\81_gen_0.sv,allenai/olmo-3.1-32b-think:free,stop,,gen-1766396800-ioAsCq6ymw5i1Li9YOfw
3829,aapp_competition_test,0,654,19030,17822,C:\Users\durgamaniryudh\Desktop\Learn\llm_eval\test\aapp_competition_test\3829\3829_gen_0.sv,allenai/olmo-3.1-32b-think:free,stop,,gen-1766396986-MBjjbliZq1lpI0cEtPEp
3830,aapp_competition_test,0,554,14840,15050,C:\Users\durgamaniryudh\Desktop\Learn\llm_eval\test\aapp_competition_test\3830\3830_gen_0.sv,allenai/olmo-3.1-32b-think:free,stop,,gen-1766397085-AkDNMKfu5Wr23AIHy3ak
3416,aapp_competition_test,0,648,16676,15982,C:\Users\durgamaniryudh\Desktop\Learn\llm_eval\test\aapp_competition_test\3416\3416_gen_0.sv,allenai/olmo-3.1-32b-think:free,stop,,gen-1766397034-JsBFihnQ74bmwfi4H2wB
3910,aapp_competition_test,0,868,19240,17707,C:\Users\durgamaniryudh\Desktop\Learn\llm_eval\test\aapp_competition_test\3910\3910_gen_0.sv,allenai/olmo-3.1-32b-think:free,stop,,gen-1766396991-tBNsNtDZnAKJcnNeVWnE
3079,aapp_competition_test,0,1786,14690,14984,C:\Users\durgamaniryudh\Desktop\Learn\llm_eval\test\aapp_competition_test\3079\3079_gen_0.sv,allenai/olmo-3.1-32b-think:free,stop,,gen-1766397114-W4XF39u9gOY9U810KnfA
3922,aapp_competition_test,0,674,18713,16690,C:\Users\durgamaniryudh\Desktop\Learn\llm_eval\test\aapp_competition_test\3922\3922_gen_0.sv,allenai/olmo-3.1-32b-think:free,stop,,gen-1766397105-INgXlHlrwUxs2zR0rtJm
3081,aapp_competition_test,0,821,21776,19874,C:\Users\durgamaniryudh\Desktop\Learn\llm_eval\test\aapp_competition_test\3081\3081_gen_0.sv,allenai/olmo-3.1-32b-think:free,stop,,gen-1766397017-Ph90D5U7ulAPKMlOz7QS
29,human_eval_test,0,957,18063,16133,C:\Users\durgamaniryudh\Desktop\Learn\llm_eval\test\human_eval_test\29\29_gen_0.sv,allenai/olmo-3.1-32b-think:free,stop,,gen-1766397109-ro3IwwkK2IrUJYNm87pM
3082,aapp_competition_test,0,3127,11392,12317,C:\Users\durgamaniryudh\Desktop\Learn\llm_eval\test\aapp_competition_test\3082\3082_gen_0.sv,allenai/olmo-3.1-32b-think:free,stop,,gen-1766397397-y7UOgwMDvSnhnUepOkXs
135,human_eval_test,0,603,15502,15673,C:\Users\durgamaniryudh\Desktop\Learn\llm_eval\test\human_eval_test\135\135_gen_0.sv,allenai/olmo-3.1-32b-think:free,stop,,gen-1766397346-QOYbJHQ70QIdfLKXb9ye
3,human_eval_test,0,606,13908,14274,C:\Users\durgamaniryudh\Desktop\Learn\llm_eval\test\human_eval_test\3\3_gen_0.sv,allenai/olmo-3.1-32b-think:free,stop,,gen-1766397384-sjXU9zk75l28XsQXiW1J
3422,aapp_competition_test,0,2033,31403,24632,C:\Users\durgamaniryudh\Desktop\Learn\llm_eval\test\aapp_competition_test\3422\3422_gen_0.sv,allenai/olmo-3.1-32b-think:free,stop,,gen-1766397105-Vc7gF7mTotOOJp1JTXTn
3925,aapp_competition_test,0,765,21645,22732,C:\Users\durgamaniryudh\Desktop\Learn\llm_eval\test\aapp_competition_test\3925\3925_gen_0.sv,allenai/olmo-3.1-32b-think:free,stop,,gen-1766397344-vc2ttfCKIPLeQsOmrdUa
3428,aapp_competition_test,0,725,23429,18709,C:\Users\durgamaniryudh\Desktop\Learn\llm_eval\test\aapp_competition_test\3428\3428_gen_0.sv,allenai/olmo-3.1-32b-think:free,stop,,gen-1766397327-rPdfkcunZtrIsKZEHbFC
3828,aapp_competition_test,0,750,25463,21934,C:\Users\durgamaniryudh\Desktop\Learn\llm_eval\test\aapp_competition_test\3828\3828_gen_0.sv,allenai/olmo-3.1-32b-think:free,stop,,gen-1766397337-TMK27qdJrkkuXLetA42P
3835,aapp_competition_test,0,671,19290,14674,C:\Users\durgamaniryudh\Desktop\Learn\llm_eval\test\aapp_competition_test\3835\3835_gen_0.sv,allenai/olmo-3.1-32b-think:free,stop,,gen-1766397460-5sVuxa3pPG3OW5SK4rGh
3420,aapp_competition_test,0,782,21887,23587,C:\Users\durgamaniryudh\Desktop\Learn\llm_eval\test\aapp_competition_test\3420\3420_gen_0.sv,allenai/olmo-3.1-32b-think:free,stop,,gen-1766397460-KtxRQ6k0jOTqLuCZoJCr
3923,aapp_competition_test,0,846,20932,20823,C:\Users\durgamaniryudh\Desktop\Learn\llm_eval\test\aapp_competition_test\3923\3923_gen_0.sv,allenai/olmo-3.1-32b-think:free,stop,,gen-1766397463-E66u8qZlItJuX4KZdqFn
3083,aapp_competition_test,0,877,16637,16523,C:\Users\durgamaniryudh\Desktop\Learn\llm_eval\test\aapp_competition_test\3083\3083_gen_0.sv,allenai/olmo-3.1-32b-think:free,stop,,gen-1766397630-1qPAGPzDZ9Nno3WCtCtP
3832,aapp_competition_test,0,1099,16240,15890,C:\Users\durgamaniryudh\Desktop\Learn\llm_eval\test\aapp_competition_test\3832\3832_gen_0.sv,allenai/olmo-3.1-32b-think:free,stop,,gen-1766397653-KXwwFOZ7omv7u2r5XJMr
161,human_eval_test,0,974,12232,9281,C:\Users\durgamaniryudh\Desktop\Learn\llm_eval\test\human_eval_test\161\161_gen_0.sv,allenai/olmo-3.1-32b-think:free,stop,,gen-1766397800-5j9xjYnz7N6XqoEgFJ9E
3430,aapp_competition_test,0,774,21666,20557,C:\Users\durgamaniryudh\Desktop\Learn\llm_eval\test\aapp_competition_test\3430\3430_gen_0.sv,allenai/olmo-3.1-32b-think:free,stop,,gen-1766397642-PR9kRyN36KBLBtRXdsHR
56,human_eval_test,0,667,18649,18495,C:\Users\durgamaniryudh\Desktop\Learn\llm_eval\test\human_eval_test\56\56_gen_0.sv,allenai/olmo-3.1-32b-think:free,stop,,gen-1766397757-1eXlukFEEXtXmPLZU8qb
3431,aapp_competition_test,0,701,15792,15600,C:\Users\durgamaniryudh\Desktop\Learn\llm_eval\test\aapp_competition_test\3431\3431_gen_0.sv,allenai/olmo-3.1-32b-think:free,stop,,gen-1766397827-2A8NooAzkRe6TzHeNAcR
3924,aapp_competition_test,0,683,15651,15748,C:\Users\durgamaniryudh\Desktop\Learn\llm_eval\test\aapp_competition_test\3924\3924_gen_0.sv,allenai/olmo-3.1-32b-think:free,stop,,gen-1766397884-n8Qoh7yomk51IEK6oJ8l
3833,aapp_competition_test,0,865,20370,19230,C:\Users\durgamaniryudh\Desktop\Learn\llm_eval\test\aapp_competition_test\3833\3833_gen_0.sv,allenai/olmo-3.1-32b-think:free,stop,,gen-1766397876-nJGr0reZl8h8mRPXqoJq
3086,aapp_competition_test,0,1179,16239,15934,C:\Users\durgamaniryudh\Desktop\Learn\llm_eval\test\aapp_competition_test\3086\3086_gen_0.sv,allenai/olmo-3.1-32b-think:free,stop,,gen-1766397956-VO27Yd1j3SNrBuAU5GYd
3928,aapp_competition_test,0,827,27264,21194,C:\Users\durgamaniryudh\Desktop\Learn\llm_eval\test\aapp_competition_test\3928\3928_gen_0.sv,allenai/olmo-3.1-32b-think:free,stop,,gen-1766397713-W3NKXvABtaFf8gfG50BY
3085,aapp_competition_test,0,687,26649,24645,C:\Users\durgamaniryudh\Desktop\Learn\llm_eval\test\aapp_competition_test\3085\3085_gen_0.sv,allenai/olmo-3.1-32b-think:free,stop,,gen-1766397818-VOJ8fgFbftDG1PwUQ9gC
30,human_eval_test,0,864,22901,16489,C:\Users\durgamaniryudh\Desktop\Learn\llm_eval\test\human_eval_test\30\30_gen_0.sv,allenai/olmo-3.1-32b-think:free,stop,,gen-1766397952-gG76FdNHuDWW2RJi1Izv
3432,aapp_competition_test,0,664,23141,22035,C:\Users\durgamaniryudh\Desktop\Learn\llm_eval\test\aapp_competition_test\3432\3432_gen_0.sv,allenai/olmo-3.1-32b-think:free,stop,,gen-1766398019-2fmBVPK5luczUZ0HE9am
3087,aapp_competition_test,0,624,17780,17859,C:\Users\durgamaniryudh\Desktop\Learn\llm_eval\test\aapp_competition_test\3087\3087_gen_0.sv,allenai/olmo-3.1-32b-think:free,stop,,gen-1766398121-6HJaSY4igNiVxBwJOTTi
3926,aapp_competition_test,0,905,19650,19328,C:\Users\durgamaniryudh\Desktop\Learn\llm_eval\test\aapp_competition_test\3926\3926_gen_0.sv,allenai/olmo-3.1-32b-think:free,stop,,gen-1766398107-HyYIBsaD5jsiwaU5DMBH
3434,aapp_competition_test,0,680,16528,16499,C:\Users\durgamaniryudh\Desktop\Learn\llm_eval\test\aapp_competition_test\3434\3434_gen_0.sv,allenai/olmo-3.1-32b-think:free,stop,,gen-1766398188-8tFWllVQmzDHVTMwgpzU
83,human_eval_test,0,1030,13179,12142,C:\Users\durgamaniryudh\Desktop\Learn\llm_eval\test\human_eval_test\83\83_gen_0.sv,allenai/olmo-3.1-32b-think:free,stop,,gen-1766398343-GEj5MHPKpML9ivJtws5b
3929,aapp_competition_test,0,795,17444,15903,C:\Users\durgamaniryudh\Desktop\Learn\llm_eval\test\aapp_competition_test\3929\3929_gen_0.sv,allenai/olmo-3.1-32b-think:free,stop,,gen-1766398256-wRunYGP5aM3A3EYHbjwB
3834,aapp_competition_test,0,840,28389,22426,C:\Users\durgamaniryudh\Desktop\Learn\llm_eval\test\aapp_competition_test\3834\3834_gen_0.sv,allenai/olmo-3.1-32b-think:free,stop,,gen-1766398068-9MkjPYpNFAmr9nEchA11
3836,aapp_competition_test,0,913,18730,18887,C:\Users\durgamaniryudh\Desktop\Learn\llm_eval\test\aapp_competition_test\3836\3836_gen_0.sv,allenai/olmo-3.1-32b-think:free,stop,,gen-1766398256-Bgsty72AUajlkC4YZKTj
108,human_eval_test,0,1582,19878,19578,C:\Users\durgamaniryudh\Desktop\Learn\llm_eval\test\human_eval_test\108\108_gen_0.sv,allenai/olmo-3.1-32b-think:free,stop,,gen-1766398268-cpEAxANmz519DbrI44kE
3088,aapp_competition_test,0,700,17577,16931,C:\Users\durgamaniryudh\Desktop\Learn\llm_eval\test\aapp_competition_test\3088\3088_gen_0.sv,allenai/olmo-3.1-32b-think:free,stop,,gen-1766398397-SKCdU0f7fFZrcpDJ8yMZ
3435,aapp_competition_test,0,817,21036,21728,C:\Users\durgamaniryudh\Desktop\Learn\llm_eval\test\aapp_competition_test\3435\3435_gen_0.sv,allenai/olmo-3.1-32b-think:free,stop,,gen-1766398474-YDXmv8U5J04r2grIJXjF
3934,aapp_competition_test,0,613,20252,18015,C:\Users\durgamaniryudh\Desktop\Learn\llm_eval\test\aapp_competition_test\3934\3934_gen_0.sv,allenai/olmo-3.1-32b-think:free,stop,,gen-1766398486-0E8CGQ41zeDbVtwSF1HP
3090,aapp_competition_test,0,652,20168,19295,C:\Users\durgamaniryudh\Desktop\Learn\llm_eval\test\aapp_competition_test\3090\3090_gen_0.sv,allenai/olmo-3.1-32b-think:free,stop,,gen-1766398525-2TIJJWn8Kbli5aQ2WCzi
3837,aapp_competition_test,0,701,15831,15177,C:\Users\durgamaniryudh\Desktop\Learn\llm_eval\test\aapp_competition_test\3837\3837_gen_0.sv,allenai/olmo-3.1-32b-think:free,stop,,gen-1766398610-wFDyYu3mnaHNWHwWNqpg
3839,aapp_competition_test,0,832,23662,25162,C:\Users\durgamaniryudh\Desktop\Learn\llm_eval\test\aapp_competition_test\3839\3839_gen_0.sv,allenai/olmo-3.1-32b-think:free,stop,,gen-1766398484-nkIyp37qLWcoEcqag7Rg
136,human_eval_test,0,734,17039,17927,C:\Users\durgamaniryudh\Desktop\Learn\llm_eval\test\human_eval_test\136\136_gen_0.sv,allenai/olmo-3.1-32b-think:free,stop,,gen-1766398646-vv9XaQcFbpZiY8Siy99b
3933,aapp_competition_test,0,730,17210,17763,C:\Users\durgamaniryudh\Desktop\Learn\llm_eval\test\aapp_competition_test\3933\3933_gen_0.sv,allenai/olmo-3.1-32b-think:free,stop,,gen-1766398645-8ciTYnngleo1EZOmFuwG
31,human_eval_test,0,735,18269,17011,C:\Users\durgamaniryudh\Desktop\Learn\llm_eval\test\human_eval_test\31\31_gen_0.sv,allenai/olmo-3.1-32b-think:free,stop,,gen-1766398656-rj7tpQlPjN1rJxY2fMTX
3436,aapp_competition_test,0,799,21658,21265,C:\Users\durgamaniryudh\Desktop\Learn\llm_eval\test\aapp_competition_test\3436\3436_gen_0.sv,allenai/olmo-3.1-32b-think:free,stop,,gen-1766398593-Va2wQVoeFmSSfCfdYTjM
110,human_eval_test,0,629,8455,7056,C:\Users\durgamaniryudh\Desktop\Learn\llm_eval\test\human_eval_test\110\110_gen_0.sv,allenai/olmo-3.1-32b-think:free,stop,,gen-1766398899-6T8sJU1I4ixisujfIKWM
3078,aapp_competition_test,0,687,18622,18119,C:\Users\durgamaniryudh\Desktop\Learn\llm_eval\test\aapp_competition_test\3078\3078_gen_0.sv,allenai/olmo-3.1-32b-think:free,stop,,gen-1766398739-rZTGTv3E5A7HlxbKM0rH
3840,aapp_competition_test,0,782,17053,16479,C:\Users\durgamaniryudh\Desktop\Learn\llm_eval\test\aapp_competition_test\3840\3840_gen_0.sv,allenai/olmo-3.1-32b-think:free,stop,,gen-1766398859-kfOhKiVXGjdwazwYVHsb
3842,aapp_competition_test,0,741,15119,14747,C:\Users\durgamaniryudh\Desktop\Learn\llm_eval\test\aapp_competition_test\3842\3842_gen_0.sv,allenai/olmo-3.1-32b-think:free,stop,,gen-1766398963-3mUrTzAE4hLxGvvlQb1L
3089,aapp_competition_test,0,854,15964,15075,C:\Users\durgamaniryudh\Desktop\Learn\llm_eval\test\aapp_competition_test\3089\3089_gen_0.sv,allenai/olmo-3.1-32b-think:free,stop,,gen-1766398913-PivWuZgFafthnxyqbqSe
3927,aapp_competition_test,0,741,18927,18366,C:\Users\durgamaniryudh\Desktop\Learn\llm_eval\test\aapp_competition_test\3927\3927_gen_0.sv,allenai/olmo-3.1-32b-think:free,stop,,gen-1766398890-WhZKMKQYjhwJhCnUrFCV
3437,aapp_competition_test,0,804,21262,19529,C:\Users\durgamaniryudh\Desktop\Learn\llm_eval\test\aapp_competition_test\3437\3437_gen_0.sv,allenai/olmo-3.1-32b-think:free,stop,,gen-1766398859-Kqn5ClQJNq1rjOL6TmfK
3433,aapp_competition_test,0,863,17830,18198,C:\Users\durgamaniryudh\Desktop\Learn\llm_eval\test\aapp_competition_test\3433\3433_gen_0.sv,allenai/olmo-3.1-32b-think:free,stop,,gen-1766398962-lq4P52wuGkAO742TDxd8
3092,aapp_competition_test,0,683,16294,15397,C:\Users\durgamaniryudh\Desktop\Learn\llm_eval\test\aapp_competition_test\3092\3092_gen_0.sv,allenai/olmo-3.1-32b-think:free,stop,,gen-1766399041-97qkEYmbXEnp4ZDLLIrt
3935,aapp_competition_test,0,725,18141,15498,C:\Users\durgamaniryudh\Desktop\Learn\llm_eval\test\aapp_competition_test\3935\3935_gen_0.sv,allenai/olmo-3.1-32b-think:free,stop,,gen-1766399008-Zev27r7eAiRqb7x18Jg3
3442,aapp_competition_test,0,555,20602,16790,C:\Users\durgamaniryudh\Desktop\Learn\llm_eval\test\aapp_competition_test\3442\3442_gen_0.sv,allenai/olmo-3.1-32b-think:free,stop,,gen-1766399091-voy6gmIEEWpJUNKbVetd
3931,aapp_competition_test,0,1257,17255,17489,C:\Users\durgamaniryudh\Desktop\Learn\llm_eval\test\aapp_competition_test\3931\3931_gen_0.sv,allenai/olmo-3.1-32b-think:free,stop,,gen-1766399204-slpNEa4M2CQhc04Zx0Sh
3843,aapp_competition_test,0,882,20677,18870,C:\Users\durgamaniryudh\Desktop\Learn\llm_eval\test\aapp_competition_test\3843\3843_gen_0.sv,allenai/olmo-3.1-32b-think:free,stop,,gen-1766399144-2iFniOtbgtafW3iZEyix
3091,aapp_competition_test,0,3061,15475,17002,C:\Users\durgamaniryudh\Desktop\Learn\llm_eval\test\aapp_competition_test\3091\3091_gen_0.sv,allenai/olmo-3.1-32b-think:free,stop,,gen-1766399272-jltuKNv0zzLScjcuKqKC
109,human_eval_test,0,870,11939,11379,C:\Users\durgamaniryudh\Desktop\Learn\llm_eval\test\human_eval_test\109\109_gen_0.sv,allenai/olmo-3.1-32b-think:free,stop,,gen-1766399380-mvnUgqLTLVTmN3XvQuEe
57,human_eval_test,0,701,19545,19138,C:\Users\durgamaniryudh\Desktop\Learn\llm_eval\test\human_eval_test\57\57_gen_0.sv,allenai/olmo-3.1-32b-think:free,stop,,gen-1766399271-1OvMHxvI1tbvpn1aPYWr
3844,aapp_competition_test,0,818,16147,15952,C:\Users\durgamaniryudh\Desktop\Learn\llm_eval\test\aapp_competition_test\3844\3844_gen_0.sv,allenai/olmo-3.1-32b-think:free,stop,,gen-1766399340-9j8E5j7hUS3VzwJHvfLC
84,human_eval_test,0,655,22113,23171,C:\Users\durgamaniryudh\Desktop\Learn\llm_eval\test\human_eval_test\84\84_gen_0.sv,allenai/olmo-3.1-32b-think:free,stop,,gen-1766399263-bgNEqpF0KqUwIRiXObkk
3439,aapp_competition_test,0,1077,22117,21166,C:\Users\durgamaniryudh\Desktop\Learn\llm_eval\test\aapp_competition_test\3439\3439_gen_0.sv,allenai/olmo-3.1-32b-think:free,stop,,gen-1766399279-QZOri0Pf1SgWf6zLCPNc
3936,aapp_competition_test,0,803,17637,18363,C:\Users\durgamaniryudh\Desktop\Learn\llm_eval\test\aapp_competition_test\3936\3936_gen_0.sv,allenai/olmo-3.1-32b-think:free,stop,,gen-1766399374-YJEAabKsrTL0tylrY51D
3095,aapp_competition_test,0,738,16888,16408,C:\Users\durgamaniryudh\Desktop\Learn\llm_eval\test\aapp_competition_test\3095\3095_gen_0.sv,allenai/olmo-3.1-32b-think:free,stop,,gen-1766399499-sC51v7km8daoDO8y0Fkl
3443,aapp_competition_test,0,690,11332,11578,C:\Users\durgamaniryudh\Desktop\Learn\llm_eval\test\aapp_competition_test\3443\3443_gen_0.sv,allenai/olmo-3.1-32b-think:free,stop,,gen-1766399675-XNOmi2vwizEkbTv6AX8R
3438,aapp_competition_test,0,758,19485,22112,C:\Users\durgamaniryudh\Desktop\Learn\llm_eval\test\aapp_competition_test\3438\3438_gen_0.sv,allenai/olmo-3.1-32b-think:free,stop,,gen-1766399529-O1hwFAgD4dQiDX8Jl4YC
4,human_eval_test,0,697,18216,18951,C:\Users\durgamaniryudh\Desktop\Learn\llm_eval\test\human_eval_test\4\4_gen_0.sv,allenai/olmo-3.1-32b-think:free,stop,,gen-1766399616-hdxvdDEQBfHH7jtVIVBw
3841,aapp_competition_test,0,701,21330,20888,C:\Users\durgamaniryudh\Desktop\Learn\llm_eval\test\aapp_competition_test\3841\3841_gen_0.sv,allenai/olmo-3.1-32b-think:free,stop,,gen-1766399559-b6hFYwEszzyXI4gYFoo7
3096,aapp_competition_test,0,698,18700,16940,C:\Users\durgamaniryudh\Desktop\Learn\llm_eval\test\aapp_competition_test\3096\3096_gen_0.sv,allenai/olmo-3.1-32b-think:free,stop,,gen-1766399638-A1DlIXsLP5dS423Dw3m7
3005,aapp_competition_test,0,902,17916,17800,C:\Users\durgamaniryudh\Desktop\Learn\llm_eval\test\aapp_competition_test\3005\3005_gen_0.sv,allenai/olmo-3.1-32b-think:free,stop,,gen-1766399714-YRb8vIzPAGLUp2mPn129
3937,aapp_competition_test,0,829,24962,23019,C:\Users\durgamaniryudh\Desktop\Learn\llm_eval\test\aapp_competition_test\3937\3937_gen_0.sv,allenai/olmo-3.1-32b-think:free,stop,,gen-1766399579-cKhS32egEFc5SMRiv8mN
3939,aapp_competition_test,0,739,19513,17625,C:\Users\durgamaniryudh\Desktop\Learn\llm_eval\test\aapp_competition_test\3939\3939_gen_0.sv,allenai/olmo-3.1-32b-think:free,stop,,gen-1766399699-ojnsgxaUwZLsLU4QgcrX
3847,aapp_competition_test,0,848,23439,20709,C:\Users\durgamaniryudh\Desktop\Learn\llm_eval\test\aapp_competition_test\3847\3847_gen_0.sv,allenai/olmo-3.1-32b-think:free,stop,,gen-1766399689-CYCrrc6hPCAnRLLFll6T
163,human_eval_test,0,670,10021,9070,C:\Users\durgamaniryudh\Desktop\Learn\llm_eval\test\human_eval_test\163\163_gen_0.sv,allenai/olmo-3.1-32b-think:free,stop,,gen-1766399988-9yG0f8gkjhT5qStmOqhR
3445,aapp_competition_test,0,669,15452,15411,C:\Users\durgamaniryudh\Desktop\Learn\llm_eval\test\aapp_competition_test\3445\3445_gen_0.sv,allenai/olmo-3.1-32b-think:free,stop,,gen-1766399872-tw3OyxmHsdIe73wSTXAa
3846,aapp_competition_test,0,601,17915,20346,C:\Users\durgamaniryudh\Desktop\Learn\llm_eval\test\aapp_competition_test\3846\3846_gen_0.sv,allenai/olmo-3.1-32b-think:free,stop,,gen-1766399919-WDy5ADVcO3xDl9rD93W4
3093,aapp_competition_test,0,754,21419,20520,C:\Users\durgamaniryudh\Desktop\Learn\llm_eval\test\aapp_competition_test\3093\3093_gen_0.sv,allenai/olmo-3.1-32b-think:free,stop,,gen-1766399843-IQgBHZPZOlrk3JmwIqJK
3940,aapp_competition_test,0,782,17051,17805,C:\Users\durgamaniryudh\Desktop\Learn\llm_eval\test\aapp_competition_test\3940\3940_gen_0.sv,allenai/olmo-3.1-32b-think:free,stop,,gen-1766399941-4UHvQhIJM3KwtvQ1IzaG
5,human_eval_test,0,589,17062,15793,C:\Users\durgamaniryudh\Desktop\Learn\llm_eval\test\human_eval_test\5\5_gen_0.sv,allenai/olmo-3.1-32b-think:free,stop,,gen-1766399959-Z0bzBJpnGA27ZBamVHfN
3444,aapp_competition_test,0,1088,17607,16075,C:\Users\durgamaniryudh\Desktop\Learn\llm_eval\test\aapp_competition_test\3444\3444_gen_0.sv,allenai/olmo-3.1-32b-think:free,stop,,gen-1766400080-IuoNo2XR9EbWPPSdGJDQ
3819,aapp_competition_test,0,909,20259,19899,C:\Users\durgamaniryudh\Desktop\Learn\llm_eval\test\aapp_competition_test\3819\3819_gen_0.sv,allenai/olmo-3.1-32b-think:free,stop,,gen-1766400121-a1Ue0r7UoPOFXiMNpp5m
137,human_eval_test,0,905,16620,15064,C:\Users\durgamaniryudh\Desktop\Learn\llm_eval\test\human_eval_test\137\137_gen_0.sv,allenai/olmo-3.1-32b-think:free,stop,,gen-1766400174-GlM8jYcSWoL2LvD1aLay
3007,aapp_competition_test,0,769,22887,22918,C:\Users\durgamaniryudh\Desktop\Learn\llm_eval\test\aapp_competition_test\3007\3007_gen_0.sv,allenai/olmo-3.1-32b-think:free,stop,,gen-1766400046-4CkDBD5GNrCWaKLFYrW8
3941,aapp_competition_test,0,1053,17493,16631,C:\Users\durgamaniryudh\Desktop\Learn\llm_eval\test\aapp_competition_test\3941\3941_gen_0.sv,allenai/olmo-3.1-32b-think:free,stop,,gen-1766400168-objQ25zKUKYaZhHUphYb
3003,aapp_competition_test,0,851,20620,21967,C:\Users\durgamaniryudh\Desktop\Learn\llm_eval\test\aapp_competition_test\3003\3003_gen_0.sv,allenai/olmo-3.1-32b-think:free,stop,,gen-1766400237-un5r8exd5UlwDuKTnNZb
3097,aapp_competition_test,0,1167,17679,17890,C:\Users\durgamaniryudh\Desktop\Learn\llm_eval\test\aapp_competition_test\3097\3097_gen_0.sv,allenai/olmo-3.1-32b-think:free,stop,,gen-1766400279-ijnelg8eESsx4m50mupC
3098,aapp_competition_test,0,1037,22978,20472,C:\Users\durgamaniryudh\Desktop\Learn\llm_eval\test\aapp_competition_test\3098\3098_gen_0.sv,allenai/olmo-3.1-32b-think:free,stop,,gen-1766400263-9Ar3oVngH2HG10B8duAQ
3848,aapp_competition_test,0,673,21793,20966,C:\Users\durgamaniryudh\Desktop\Learn\llm_eval\test\aapp_competition_test\3848\3848_gen_0.sv,allenai/olmo-3.1-32b-think:free,stop,,gen-1766400291-lwnjecbYh8iq7tNdNPsK
3945,aapp_competition_test,0,669,14099,14009,C:\Users\durgamaniryudh\Desktop\Learn\llm_eval\test\aapp_competition_test\3945\3945_gen_0.sv,allenai/olmo-3.1-32b-think:free,stop,,gen-1766400461-LQz2nr1nUvNyaEA0iNlX
3850,aapp_competition_test,0,786,5150,4246,C:\Users\durgamaniryudh\Desktop\Learn\llm_eval\test\aapp_competition_test\3850\3850_gen_0.sv,allenai/olmo-3.1-32b-think:free,stop,,gen-1766400661-mUXytkhHzO8TtrMHzEpz
3446,aapp_competition_test,0,920,22866,21714,C:\Users\durgamaniryudh\Desktop\Learn\llm_eval\test\aapp_competition_test\3446\3446_gen_0.sv,allenai/olmo-3.1-32b-think:free,stop,,gen-1766400289-61ktYw1WRuJ6t38DKZMD
3100,aapp_competition_test,0,939,13100,14202,C:\Users\durgamaniryudh\Desktop\Learn\llm_eval\test\aapp_competition_test\3100\3100_gen_0.sv,allenai/olmo-3.1-32b-think:free,stop,,gen-1766400536-bifqtThTcnjEYflnPRqw
3448,aapp_competition_test,0,1322,14098,10214,C:\Users\durgamaniryudh\Desktop\Learn\llm_eval\test\aapp_competition_test\3448\3448_gen_0.sv,allenai/olmo-3.1-32b-think:free,stop,,gen-1766400570-BDGffPhxBqz0aEPxb6MX
58,human_eval_test,0,624,22912,18701,C:\Users\durgamaniryudh\Desktop\Learn\llm_eval\test\human_eval_test\58\58_gen_0.sv,allenai/olmo-3.1-32b-think:free,stop,,gen-1766400530-wCI9iXgoEHWakg9unLbq
3002,aapp_competition_test,0,828,21777,22548,C:\Users\durgamaniryudh\Desktop\Learn\llm_eval\test\aapp_competition_test\3002\3002_gen_0.sv,allenai/olmo-3.1-32b-think:free,stop,,gen-1766400531-cNlbl0QZgbZH4aJMTvL1
3938,aapp_competition_test,0,1348,10688,11213,C:\Users\durgamaniryudh\Desktop\Learn\llm_eval\test\aapp_competition_test\3938\3938_gen_0.sv,allenai/olmo-3.1-32b-think:free,stop,,gen-1766400825-FdyFgrQWoeLJYtQPrNGs
3855,aapp_competition_test,0,562,13698,13221,C:\Users\durgamaniryudh\Desktop\Learn\llm_eval\test\aapp_competition_test\3855\3855_gen_0.sv,allenai/olmo-3.1-32b-think:free,stop,,gen-1766400820-od0OB32Xmhs4MCHThFzX
6,human_eval_test,0,671,18290,19854,C:\Users\durgamaniryudh\Desktop\Learn\llm_eval\test\human_eval_test\6\6_gen_0.sv,allenai/olmo-3.1-32b-think:free,stop,,gen-1766400756-Su23otXpw6IOtKMpQuDW
3084,aapp_competition_test,0,901,17846,17602,C:\Users\durgamaniryudh\Desktop\Learn\llm_eval\test\aapp_competition_test\3084\3084_gen_0.sv,allenai/olmo-3.1-32b-think:free,stop,,gen-1766400781-1ESTBWjZGef1csqEIAhs
460,mbpp_test,0,698,8889,9062,C:\Users\durgamaniryudh\Desktop\Learn\llm_eval\test\mbpp_test\460\460_gen_0.sv,allenai/olmo-3.1-32b-think:free,stop,,gen-1766401015-eOjfqPdm5jRoXIi7lxTI
3008,aapp_competition_test,0,847,20334,23146,C:\Users\durgamaniryudh\Desktop\Learn\llm_eval\test\aapp_competition_test\3008\3008_gen_0.sv,allenai/olmo-3.1-32b-think:free,stop,,gen-1766400764-hTjseOafM2jtHKcB0vTq
3450,aapp_competition_test,0,698,19606,18427,C:\Users\durgamaniryudh\Desktop\Learn\llm_eval\test\aapp_competition_test\3450\3450_gen_0.sv,allenai/olmo-3.1-32b-think:free,stop,,gen-1766400805-X3lLGFjo3PwM0a4z8NhA
3942,aapp_competition_test,0,883,26738,26957,C:\Users\durgamaniryudh\Desktop\Learn\llm_eval\test\aapp_competition_test\3942\3942_gen_0.sv,allenai/olmo-3.1-32b-think:free,stop,,gen-1766400683-yxMveE70sDpoYRus7lov
92,human_eval_test,0,549,6728,6693,C:\Users\durgamaniryudh\Desktop\Learn\llm_eval\test\human_eval_test\92\92_gen_0.sv,allenai/olmo-3.1-32b-think:free,stop,,gen-1766401110-sYpgtpT6nLcaJD22kV0B
3156,aapp_competition_test,0,846,18773,19597,C:\Users\durgamaniryudh\Desktop\Learn\llm_eval\test\aapp_competition_test\3156\3156_gen_0.sv,allenai/olmo-3.1-32b-think:free,stop,,gen-1766400893-u9yMTw5pxSQgIu7p5O76
3157,aapp_competition_test,0,2023,13965,13468,C:\Users\durgamaniryudh\Desktop\Learn\llm_eval\test\aapp_competition_test\3157\3157_gen_0.sv,allenai/olmo-3.1-32b-think:free,stop,,gen-1766401057-Bwtr7tPjzjyQk4WorOEL
67,human_eval_test,0,670,7021,6897,C:\Users\durgamaniryudh\Desktop\Learn\llm_eval\test\human_eval_test\67\67_gen_0.sv,allenai/olmo-3.1-32b-think:free,stop,,gen-1766401242-k1qrgfh6aoj37R8OK1Rc
38,human_eval_test,0,1109,18795,19776,C:\Users\durgamaniryudh\Desktop\Learn\llm_eval\test\human_eval_test\38\38_gen_0.sv,allenai/olmo-3.1-32b-think:free,stop,,gen-1766401013-oNj6JPPcbtxargJzPiyb
459,mbpp_test,0,655,13862,13927,C:\Users\durgamaniryudh\Desktop\Learn\llm_eval\test\mbpp_test\459\459_gen_0.sv,allenai/olmo-3.1-32b-think:free,stop,,gen-1766401132-OBWYaGibqclAd6FtTiLB
461,mbpp_test,0,532,9032,7975,C:\Users\durgamaniryudh\Desktop\Learn\llm_eval\test\mbpp_test\461\461_gen_0.sv,allenai/olmo-3.1-32b-think:free,stop,,gen-1766401244-pNwzcdj7ZHrMequXbAvu
3161,aapp_competition_test,0,780,12288,12577,C:\Users\durgamaniryudh\Desktop\Learn\llm_eval\test\aapp_competition_test\3161\3161_gen_0.sv,allenai/olmo-3.1-32b-think:free,stop,,gen-1766401241-euBvv7Ulc2FofY1RRGUp
3159,aapp_competition_test,0,783,11624,11900,C:\Users\durgamaniryudh\Desktop\Learn\llm_eval\test\aapp_competition_test\3159\3159_gen_0.sv,allenai/olmo-3.1-32b-think:free,stop,,gen-1766401289-RKsA7SQqd9vp1Ijo1VUh
13,human_eval_test,0,603,17702,17481,C:\Users\durgamaniryudh\Desktop\Learn\llm_eval\test\human_eval_test\13\13_gen_0.sv,allenai/olmo-3.1-32b-think:free,stop,,gen-1766401221-iea1SCtThcQYREA2Zjor
464,mbpp_test,0,521,9267,9888,C:\Users\durgamaniryudh\Desktop\Learn\llm_eval\test\mbpp_test\464\464_gen_0.sv,allenai/olmo-3.1-32b-think:free,stop,,gen-1766401418-dJmizR4CfNWQQIEwd3h5
456,mbpp_test,0,614,19961,21274,C:\Users\durgamaniryudh\Desktop\Learn\llm_eval\test\mbpp_test\456\456_gen_0.sv,allenai/olmo-3.1-32b-think:free,stop,,gen-1766401224-y7JAtTem3Xj22kJ4IvPj
3160,aapp_competition_test,0,923,22974,22708,C:\Users\durgamaniryudh\Desktop\Learn\llm_eval\test\aapp_competition_test\3160\3160_gen_0.sv,allenai/olmo-3.1-32b-think:free,stop,,gen-1766401188-g1e0TCMpxpMGecpCzSHm
14,human_eval_test,0,628,14842,14774,C:\Users\durgamaniryudh\Desktop\Learn\llm_eval\test\human_eval_test\14\14_gen_0.sv,allenai/olmo-3.1-32b-think:free,stop,,gen-1766401434-N4fEX1RDHC1wwklgkSFR
65,human_eval_test,0,2309,19486,19688,C:\Users\durgamaniryudh\Desktop\Learn\llm_eval\test\human_eval_test\65\65_gen_0.sv,allenai/olmo-3.1-32b-think:free,stop,,gen-1766401349-YWoeiWjkyPQwIr4ES4ds
457,mbpp_test,0,711,21031,21448,C:\Users\durgamaniryudh\Desktop\Learn\llm_eval\test\mbpp_test\457\457_gen_0.sv,allenai/olmo-3.1-32b-think:free,stop,,gen-1766401400-0h6WGGV9CgNpmQEAF2E7
458,mbpp_test,0,484,3583,3638,C:\Users\durgamaniryudh\Desktop\Learn\llm_eval\test\mbpp_test\458\458_gen_0.sv,allenai/olmo-3.1-32b-think:free,stop,,gen-1766401732-9AvUe0WbyaEpZENVqArO
41,human_eval_test,0,496,1730,1774,C:\Users\durgamaniryudh\Desktop\Learn\llm_eval\test\human_eval_test\41\41_gen_0.sv,allenai/olmo-3.1-32b-think:free,stop,,gen-1766401797-kSy2e7mB0xnyNqhSkez6
3164,aapp_competition_test,0,869,21035,18081,C:\Users\durgamaniryudh\Desktop\Learn\llm_eval\test\aapp_competition_test\3164\3164_gen_0.sv,allenai/olmo-3.1-32b-think:free,stop,,gen-1766401428-Im96NX2IRtH4swwEhHvs
3167,aapp_competition_test,0,749,18483,18621,C:\Users\durgamaniryudh\Desktop\Learn\llm_eval\test\aapp_competition_test\3167\3167_gen_0.sv,allenai/olmo-3.1-32b-think:free,stop,,gen-1766401497-wel9l6rCSJSikfv46Boc
438,mbpp_test,0,982,18524,17220,C:\Users\durgamaniryudh\Desktop\Learn\llm_eval\test\mbpp_test\438\438_gen_0.sv,allenai/olmo-3.1-32b-think:free,stop,,gen-1766401535-IjcbBKUsyyOWvkVT8wLp
3168,aapp_competition_test,0,767,14417,15135,C:\Users\durgamaniryudh\Desktop\Learn\llm_eval\test\aapp_competition_test\3168\3168_gen_0.sv,allenai/olmo-3.1-32b-think:free,stop,,gen-1766401613-khG87GtiSsBwtSO0ZCzv
3173,aapp_competition_test,0,1007,6694,7315,C:\Users\durgamaniryudh\Desktop\Learn\llm_eval\test\aapp_competition_test\3173\3173_gen_0.sv,allenai/olmo-3.1-32b-think:free,stop,,gen-1766401799-Keo5PCnbpzQJsLWo4zvl
3166,aapp_competition_test,0,1042,18456,17920,C:\Users\durgamaniryudh\Desktop\Learn\llm_eval\test\aapp_competition_test\3166\3166_gen_0.sv,allenai/olmo-3.1-32b-think:free,stop,,gen-1766401725-NXPS4RDz0eM57GNTGsF3
145,human_eval_test,0,986,20957,19626,C:\Users\durgamaniryudh\Desktop\Learn\llm_eval\test\human_eval_test\145\145_gen_0.sv,allenai/olmo-3.1-32b-think:free,stop,,gen-1766401680-19HbFzm891NBxQRvnyAN
472,mbpp_test,0,620,12263,11463,C:\Users\durgamaniryudh\Desktop\Learn\llm_eval\test\mbpp_test\472\472_gen_0.sv,allenai/olmo-3.1-32b-think:free,stop,,gen-1766401892-nkG3fNQyWdN31E1pBFeb
3172,aapp_competition_test,0,865,15111,15422,C:\Users\durgamaniryudh\Desktop\Learn\llm_eval\test\aapp_competition_test\3172\3172_gen_0.sv,allenai/olmo-3.1-32b-think:free,stop,,gen-1766401911-GEtjPHMuMZdfdBTb7wUo
463,mbpp_test,0,721,22687,22414,C:\Users\durgamaniryudh\Desktop\Learn\llm_eval\test\mbpp_test\463\463_gen_0.sv,allenai/olmo-3.1-32b-think:free,stop,,gen-1766401739-YFhnVJZzfpf0o097bj8R
3169,aapp_competition_test,0,1404,20442,18764,C:\Users\durgamaniryudh\Desktop\Learn\llm_eval\test\aapp_competition_test\3169\3169_gen_0.sv,allenai/olmo-3.1-32b-think:free,stop,,gen-1766401876-PaPSJUIqqf9SsjGC0rEu
40,human_eval_test,0,830,23877,17408,C:\Users\durgamaniryudh\Desktop\Learn\llm_eval\test\human_eval_test\40\40_gen_0.sv,allenai/olmo-3.1-32b-think:free,stop,,gen-1766401854-IzWn4sSibwUkpRlwxF96
120,human_eval_test,0,755,17250,17710,C:\Users\durgamaniryudh\Desktop\Learn\llm_eval\test\human_eval_test\120\120_gen_0.sv,allenai/olmo-3.1-32b-think:free,stop,,gen-1766401993-vbu6xFFMuCpi1zge5tC5
3174,aapp_competition_test,0,770,15745,16170,C:\Users\durgamaniryudh\Desktop\Learn\llm_eval\test\aapp_competition_test\3174\3174_gen_0.sv,allenai/olmo-3.1-32b-think:free,stop,,gen-1766402096-QR7eq2zUGTc1NIZZkPgt
465,mbpp_test,0,613,30148,17695,C:\Users\durgamaniryudh\Desktop\Learn\llm_eval\test\mbpp_test\465\465_gen_0.sv,allenai/olmo-3.1-32b-think:free,stop,,gen-1766401838-LwIy6Zkcsg927mRTXjfg
93,human_eval_test,0,777,19518,19045,C:\Users\durgamaniryudh\Desktop\Learn\llm_eval\test\human_eval_test\93\93_gen_0.sv,allenai/olmo-3.1-32b-think:free,stop,,gen-1766402075-UvTuKzbgfgB4vatAbMmf
462,mbpp_test,0,881,20261,21182,C:\Users\durgamaniryudh\Desktop\Learn\llm_eval\test\mbpp_test\462\462_gen_0.sv,allenai/olmo-3.1-32b-think:free,stop,,gen-1766402065-8UkWkQpZWX0MKbuM5fcv
119,human_eval_test,0,810,23391,22039,C:\Users\durgamaniryudh\Desktop\Learn\llm_eval\test\human_eval_test\119\119_gen_0.sv,allenai/olmo-3.1-32b-think:free,stop,,gen-1766402025-H3RjpMhNusIyc0ZLwxZh
146,human_eval_test,0,891,16962,17584,C:\Users\durgamaniryudh\Desktop\Learn\llm_eval\test\human_eval_test\146\146_gen_0.sv,allenai/olmo-3.1-32b-think:free,stop,,gen-1766402200-VzlHMrGnAckEDmKNfXUK
121,human_eval_test,0,588,11897,10457,C:\Users\durgamaniryudh\Desktop\Learn\llm_eval\test\human_eval_test\121\121_gen_0.sv,allenai/olmo-3.1-32b-think:free,stop,,gen-1766402300-WzJdC7LqW3dUd5JgXEiO
468,mbpp_test,0,654,19537,18203,C:\Users\durgamaniryudh\Desktop\Learn\llm_eval\test\mbpp_test\468\468_gen_0.sv,allenai/olmo-3.1-32b-think:free,stop,,gen-1766402190-sPiSwVAsaRJCuVR91ZT6
3170,aapp_competition_test,0,2989,17364,16074,C:\Users\durgamaniryudh\Desktop\Learn\llm_eval\test\aapp_competition_test\3170\3170_gen_0.sv,allenai/olmo-3.1-32b-think:free,stop,,gen-1766402220-FF8TvvxjUHM9zLHNFi8W
471,mbpp_test,0,619,17145,16781,C:\Users\durgamaniryudh\Desktop\Learn\llm_eval\test\mbpp_test\471\471_gen_0.sv,allenai/olmo-3.1-32b-think:free,stop,,gen-1766402268-jiYQTZAXiFtS0L8KzczT
470,mbpp_test,0,499,11271,10825,C:\Users\durgamaniryudh\Desktop\Learn\llm_eval\test\mbpp_test\470\470_gen_0.sv,allenai/olmo-3.1-32b-think:free,stop,,gen-1766402425-9F0cyUEQmfeayJSXYPLg
68,human_eval_test,0,688,17968,18421,C:\Users\durgamaniryudh\Desktop\Learn\llm_eval\test\human_eval_test\68\68_gen_0.sv,allenai/olmo-3.1-32b-think:free,stop,,gen-1766402383-6HjUAM7FYa0pyhZ0YizE
474,mbpp_test,0,538,12859,12043,C:\Users\durgamaniryudh\Desktop\Learn\llm_eval\test\mbpp_test\474\474_gen_0.sv,allenai/olmo-3.1-32b-think:free,stop,,gen-1766402490-znuGVwM2OF5BmjxEE5jo
147,human_eval_test,0,622,6305,5368,C:\Users\durgamaniryudh\Desktop\Learn\llm_eval\test\human_eval_test\147\147_gen_0.sv,allenai/olmo-3.1-32b-think:free,stop,,gen-1766402614-n1A9E8fLvcDglewVMjsS
3177,aapp_competition_test,0,2016,16066,15718,C:\Users\durgamaniryudh\Desktop\Learn\llm_eval\test\aapp_competition_test\3177\3177_gen_0.sv,allenai/olmo-3.1-32b-think:free,stop,,gen-1766402498-nVoiLWZVq6vm2xMIrVff
42,human_eval_test,0,682,19296,19797,C:\Users\durgamaniryudh\Desktop\Learn\llm_eval\test\human_eval_test\42\42_gen_0.sv,allenai/olmo-3.1-32b-think:free,stop,,gen-1766402429-sHE5MKIi3F2Hjgrf89LD
3178,aapp_competition_test,0,2614,6462,7570,C:\Users\durgamaniryudh\Desktop\Learn\llm_eval\test\aapp_competition_test\3178\3178_gen_0.sv,allenai/olmo-3.1-32b-think:free,stop,,gen-1766402728-cvegcAVNtJLLfzxaItOo
3176,aapp_competition_test,0,1281,23024,20012,C:\Users\durgamaniryudh\Desktop\Learn\llm_eval\test\aapp_competition_test\3176\3176_gen_0.sv,allenai/olmo-3.1-32b-think:free,stop,,gen-1766402442-qHwCYPrxR4NtODUKmbdG
3179,aapp_competition_test,0,664,23520,22037,C:\Users\durgamaniryudh\Desktop\Learn\llm_eval\test\aapp_competition_test\3179\3179_gen_0.sv,allenai/olmo-3.1-32b-think:free,stop,,gen-1766402420-4bUG1srrvVjaTPwuzuGs
94,human_eval_test,0,611,19396,19888,C:\Users\durgamaniryudh\Desktop\Learn\llm_eval\test\human_eval_test\94\94_gen_0.sv,allenai/olmo-3.1-32b-think:free,stop,,gen-1766402516-9FEX35okrZd2OyoVuOPC
476,mbpp_test,0,542,8708,8072,C:\Users\durgamaniryudh\Desktop\Learn\llm_eval\test\mbpp_test\476\476_gen_0.sv,allenai/olmo-3.1-32b-think:free,stop,,gen-1766402723-TbSpQKS9eI0oVo1gMs87
3175,aapp_competition_test,0,804,19673,19049,C:\Users\durgamaniryudh\Desktop\Learn\llm_eval\test\aapp_competition_test\3175\3175_gen_0.sv,allenai/olmo-3.1-32b-think:free,stop,,gen-1766402563-HWUb7g0AafgxcdzginOu
473,mbpp_test,0,1133,21468,16182,C:\Users\durgamaniryudh\Desktop\Learn\llm_eval\test\mbpp_test\473\473_gen_0.sv,allenai/olmo-3.1-32b-think:free,stop,,gen-1766402529-C6FmvbRm1BzeMyLC80fr
479,mbpp_test,0,641,12428,12062,C:\Users\durgamaniryudh\Desktop\Learn\llm_eval\test\mbpp_test\479\479_gen_0.sv,allenai/olmo-3.1-32b-think:free,stop,,gen-1766402850-Z58f9yQoielgEg4XvPXC
477,mbpp_test,0,784,17067,14052,C:\Users\durgamaniryudh\Desktop\Learn\llm_eval\test\mbpp_test\477\477_gen_0.sv,allenai/olmo-3.1-32b-think:free,stop,,gen-1766402788-pJnZAweobBjhvPb6wZMI
69,human_eval_test,0,1058,19007,18833,C:\Users\durgamaniryudh\Desktop\Learn\llm_eval\test\human_eval_test\69\69_gen_0.sv,allenai/olmo-3.1-32b-think:free,stop,,gen-1766402736-jBonkR7NKTxC3znYDAa5
3181,aapp_competition_test,0,1570,19685,20917,C:\Users\durgamaniryudh\Desktop\Learn\llm_eval\test\aapp_competition_test\3181\3181_gen_0.sv,allenai/olmo-3.1-32b-think:free,stop,,gen-1766402796-hO243a2iy3UY4CvMx4ME
96,human_eval_test,0,732,12402,10962,C:\Users\durgamaniryudh\Desktop\Learn\llm_eval\test\human_eval_test\96\96_gen_0.sv,allenai/olmo-3.1-32b-think:free,stop,,gen-1766403055-9rwGCOGBWgxvNl488xp3
478,mbpp_test,0,816,23541,18507,C:\Users\durgamaniryudh\Desktop\Learn\llm_eval\test\mbpp_test\478\478_gen_0.sv,allenai/olmo-3.1-32b-think:free,stop,,gen-1766402905-j8DScQfyqUSUU7bXXVQW
3182,aapp_competition_test,0,864,20225,19062,C:\Users\durgamaniryudh\Desktop\Learn\llm_eval\test\aapp_competition_test\3182\3182_gen_0.sv,allenai/olmo-3.1-32b-think:free,stop,,gen-1766402967-rnUX7bAI92VP8ARGZCeZ
95,human_eval_test,0,845,22401,22188,C:\Users\durgamaniryudh\Desktop\Learn\llm_eval\test\human_eval_test\95\95_gen_0.sv,allenai/olmo-3.1-32b-think:free,stop,,gen-1766402888-TZeT9DYflM66I3XyAKgA
3180,aapp_competition_test,0,1288,30392,29069,C:\Users\durgamaniryudh\Desktop\Learn\llm_eval\test\aapp_competition_test\3180\3180_gen_0.sv,allenai/olmo-3.1-32b-think:free,stop,,gen-1766402865-LWTGqRhxF1epl8nz8gVv
475,mbpp_test,0,836,24340,16689,C:\Users\durgamaniryudh\Desktop\Learn\llm_eval\test\mbpp_test\475\475_gen_0.sv,allenai/olmo-3.1-32b-think:free,stop,,gen-1766402920-xl1ch4peJlh431rLzDhy
3185,aapp_competition_test,0,593,16860,16831,C:\Users\durgamaniryudh\Desktop\Learn\llm_eval\test\aapp_competition_test\3185\3185_gen_0.sv,allenai/olmo-3.1-32b-think:free,stop,,gen-1766403112-FiYZkAIixxIjlIccgyJf
606,mbpp_train,0,666,9443,7544,C:\Users\durgamaniryudh\Desktop\Learn\llm_eval\test\mbpp_train\606\606_gen_0.sv,allenai/olmo-3.1-32b-think:free,stop,,gen-1766403300-lOafPmlV9bAO98F7oisx
16,human_eval_test,0,693,32768,25395,C:\Users\durgamaniryudh\Desktop\Learn\llm_eval\test\human_eval_test\16\16_gen_0.sv,allenai/olmo-3.1-32b-think:free,length,,gen-1766402869-gacuBlIYM62oWhAf6rl0
602,mbpp_train,0,564,22235,22829,C:\Users\durgamaniryudh\Desktop\Learn\llm_eval\test\mbpp_train\602\602_gen_0.sv,allenai/olmo-3.1-32b-think:free,stop,,gen-1766403085-SsCwuWbhfhhmudPTbh0Z
611,mbpp_train,0,557,8309,7762,C:\Users\durgamaniryudh\Desktop\Learn\llm_eval\test\mbpp_train\611\611_gen_0.sv,allenai/olmo-3.1-32b-think:free,stop,,gen-1766403439-DrRv3Jk5NrZxSjFuf7Ux
17,human_eval_test,0,1045,23138,23971,C:\Users\durgamaniryudh\Desktop\Learn\llm_eval\test\human_eval_test\17\17_gen_0.sv,allenai/olmo-3.1-32b-think:free,stop,,gen-1766403148-e1suuGUYqG3wmWzrg1N6
3186,aapp_competition_test,0,776,21421,19583,C:\Users\durgamaniryudh\Desktop\Learn\llm_eval\test\aapp_competition_test\3186\3186_gen_0.sv,allenai/olmo-3.1-32b-think:free,stop,,gen-1766403320-pSpmpP8Mo7hkHAyvDcQv
43,human_eval_test,0,723,21667,16281,C:\Users\durgamaniryudh\Desktop\Learn\llm_eval\test\human_eval_test\43\43_gen_0.sv,allenai/olmo-3.1-32b-think:free,stop,,gen-1766403324-NTM5lmKv1EtI7RM9olTQ
3184,aapp_competition_test,0,693,21789,20964,C:\Users\durgamaniryudh\Desktop\Learn\llm_eval\test\aapp_competition_test\3184\3184_gen_0.sv,allenai/olmo-3.1-32b-think:free,stop,,gen-1766403341-YJaigJQg0Am860vfMLEu
44,human_eval_test,0,633,17241,20191,C:\Users\durgamaniryudh\Desktop\Learn\llm_eval\test\human_eval_test\44\44_gen_0.sv,allenai/olmo-3.1-32b-think:free,stop,,gen-1766403443-pWqXUMEQuPGfDFvfJPBN
605,mbpp_train,0,937,15361,15058,C:\Users\durgamaniryudh\Desktop\Learn\llm_eval\test\mbpp_train\605\605_gen_0.sv,allenai/olmo-3.1-32b-think:free,stop,,gen-1766403583-qTfaMLI3exSGUxld8aOJ
3187,aapp_competition_test,0,1754,23799,24580,C:\Users\durgamaniryudh\Desktop\Learn\llm_eval\test\aapp_competition_test\3187\3187_gen_0.sv,allenai/olmo-3.1-32b-think:free,stop,,gen-1766403454-8WKOAj4NYH5ATqzP5WGd
3190,aapp_competition_test,0,868,21395,20808,C:\Users\durgamaniryudh\Desktop\Learn\llm_eval\test\aapp_competition_test\3190\3190_gen_0.sv,allenai/olmo-3.1-32b-think:free,stop,,gen-1766403516-xBPlYhVM8yaKn6MH4QDO
604,mbpp_train,0,834,23784,23996,C:\Users\durgamaniryudh\Desktop\Learn\llm_eval\test\mbpp_train\604\604_gen_0.sv,allenai/olmo-3.1-32b-think:free,stop,,gen-1766403469-KMGLsCQKZNIWBeGd3rfM
148,human_eval_test,0,1061,22482,17808,C:\Users\durgamaniryudh\Desktop\Learn\llm_eval\test\human_eval_test\148\148_gen_0.sv,allenai/olmo-3.1-32b-think:free,stop,,gen-1766403504-J474uyZKmb6qaX0y8oIy
149,human_eval_test,0,652,20930,21360,C:\Users\durgamaniryudh\Desktop\Learn\llm_eval\test\human_eval_test\149\149_gen_0.sv,allenai/olmo-3.1-32b-think:free,stop,,gen-1766403588-EwiFnhwty3evbGK425lC
97,human_eval_test,0,550,4523,4266,C:\Users\durgamaniryudh\Desktop\Learn\llm_eval\test\human_eval_test\97\97_gen_0.sv,allenai/olmo-3.1-32b-think:free,stop,,gen-1766403891-zUSgxowmQnm9btqvNrI6
608,mbpp_train,0,874,19019,17972,C:\Users\durgamaniryudh\Desktop\Learn\llm_eval\test\mbpp_train\608\608_gen_0.sv,allenai/olmo-3.1-32b-think:free,stop,,gen-1766403703-yzhQHUBfYRHViM88buN8
612,mbpp_train,0,570,12378,11753,C:\Users\durgamaniryudh\Desktop\Learn\llm_eval\test\mbpp_train\612\612_gen_0.sv,allenai/olmo-3.1-32b-think:free,stop,,gen-1766403866-tA0U6D1NgbzDkflIWOOm
3194,aapp_competition_test,0,731,21808,19075,C:\Users\durgamaniryudh\Desktop\Learn\llm_eval\test\aapp_competition_test\3194\3194_gen_0.sv,allenai/olmo-3.1-32b-think:free,stop,,gen-1766403696-l67H1lowDdQKnPB361rJ
3193,aapp_competition_test,0,1170,18277,17310,C:\Users\durgamaniryudh\Desktop\Learn\llm_eval\test\aapp_competition_test\3193\3193_gen_0.sv,allenai/olmo-3.1-32b-think:free,stop,,gen-1766403759-VOm5vc6CjS6ROWOo7IEs
122,human_eval_test,0,644,8443,8518,C:\Users\durgamaniryudh\Desktop\Learn\llm_eval\test\human_eval_test\122\122_gen_0.sv,allenai/olmo-3.1-32b-think:free,stop,,gen-1766403959-B2N5DhKw5NYO1MJHwy2K
3196,aapp_competition_test,0,775,12728,13562,C:\Users\durgamaniryudh\Desktop\Learn\llm_eval\test\aapp_competition_test\3196\3196_gen_0.sv,allenai/olmo-3.1-32b-think:free,stop,,gen-1766403975-M58yGCYkeZ3B9sHql3pN
123,human_eval_test,0,777,27463,26080,C:\Users\durgamaniryudh\Desktop\Learn\llm_eval\test\human_eval_test\123\123_gen_0.sv,allenai/olmo-3.1-32b-think:free,stop,,gen-1766403720-etkXKrOETa6NqHw0gP33
70,human_eval_test,0,884,19133,19100,C:\Users\durgamaniryudh\Desktop\Learn\llm_eval\test\human_eval_test\70\70_gen_0.sv,allenai/olmo-3.1-32b-think:free,stop,,gen-1766403890-ZUuaBj40Ci3VRXglrwFY
3197,aapp_competition_test,0,759,21700,22309,C:\Users\durgamaniryudh\Desktop\Learn\llm_eval\test\aapp_competition_test\3197\3197_gen_0.sv,allenai/olmo-3.1-32b-think:free,stop,,gen-1766403899-pIINWjH9UjLy0FsIqB2e
607,mbpp_train,0,620,21641,22706,C:\Users\durgamaniryudh\Desktop\Learn\llm_eval\test\mbpp_train\607\607_gen_0.sv,allenai/olmo-3.1-32b-think:free,stop,,gen-1766403917-2f4g7Rg7DPH6lKjAlfew
45,human_eval_test,0,516,7779,6474,C:\Users\durgamaniryudh\Desktop\Learn\llm_eval\test\human_eval_test\45\45_gen_0.sv,allenai/olmo-3.1-32b-think:free,stop,,gen-1766404227-UrYmvEY3yqjQ0FgQzKrr
18,human_eval_test,0,686,17737,19508,C:\Users\durgamaniryudh\Desktop\Learn\llm_eval\test\human_eval_test\18\18_gen_0.sv,allenai/olmo-3.1-32b-think:free,stop,,gen-1766404068-3pBdkXTtQUj08hZKJvsj
603,mbpp_train,0,707,20793,20433,C:\Users\durgamaniryudh\Desktop\Learn\llm_eval\test\mbpp_train\603\603_gen_0.sv,allenai/olmo-3.1-32b-think:free,stop,,gen-1766404056-225HraL7AhytE2nJvnbu
610,mbpp_train,0,841,19839,20251,C:\Users\durgamaniryudh\Desktop\Learn\llm_eval\test\mbpp_train\610\610_gen_0.sv,allenai/olmo-3.1-32b-think:free,stop,,gen-1766404092-48lWMSnz96OYHPOCdSVH
3192,aapp_competition_test,0,1464,19674,18526,C:\Users\durgamaniryudh\Desktop\Learn\llm_eval\test\aapp_competition_test\3192\3192_gen_0.sv,allenai/olmo-3.1-32b-think:free,stop,,gen-1766404073-DJxwVAQ8CeLSTwj7eAtZ
624,mbpp_train,0,655,11226,11044,C:\Users\durgamaniryudh\Desktop\Learn\llm_eval\test\mbpp_train\624\624_gen_0.sv,allenai/olmo-3.1-32b-think:free,stop,,gen-1766404311-CAj3Bnk98eoySady8Dku
71,human_eval_test,0,836,22273,21255,C:\Users\durgamaniryudh\Desktop\Learn\llm_eval\test\human_eval_test\71\71_gen_0.sv,allenai/olmo-3.1-32b-think:free,stop,,gen-1766404114-6ONcwOzE8b5Nwx1uVnnE
617,mbpp_train,0,634,16750,16357,C:\Users\durgamaniryudh\Desktop\Learn\llm_eval\test\mbpp_train\617\617_gen_0.sv,allenai/olmo-3.1-32b-think:free,stop,,gen-1766404226-iozFT9aECjaPPgxuTl1E
3202,aapp_competition_test,0,821,16722,15772,C:\Users\durgamaniryudh\Desktop\Learn\llm_eval\test\aapp_competition_test\3202\3202_gen_0.sv,allenai/olmo-3.1-32b-think:free,stop,,gen-1766404292-PiLP9B7o4PtknbDsdyQd
623,mbpp_train,0,645,10326,9306,C:\Users\durgamaniryudh\Desktop\Learn\llm_eval\test\mbpp_train\623\623_gen_0.sv,allenai/olmo-3.1-32b-think:free,stop,,gen-1766404426-3NlhDMVNoD2RfdGDRtYo
3198,aapp_competition_test,0,830,22838,23069,C:\Users\durgamaniryudh\Desktop\Learn\llm_eval\test\aapp_competition_test\3198\3198_gen_0.sv,allenai/olmo-3.1-32b-think:free,stop,,gen-1766404194-6CaMTQX3tWWvDXCZbQMm
150,human_eval_test,0,532,6587,6158,C:\Users\durgamaniryudh\Desktop\Learn\llm_eval\test\human_eval_test\150\150_gen_0.sv,allenai/olmo-3.1-32b-think:free,stop,,gen-1766404537-lkbSZK0uuknSVn9jDofR
72,human_eval_test,0,608,18720,15214,C:\Users\durgamaniryudh\Desktop\Learn\llm_eval\test\human_eval_test\72\72_gen_0.sv,allenai/olmo-3.1-32b-think:free,stop,,gen-1766404365-yM58xUt6qQyH7m07dYvn
3199,aapp_competition_test,0,843,17739,20315,C:\Users\durgamaniryudh\Desktop\Learn\llm_eval\test\aapp_competition_test\3199\3199_gen_0.sv,allenai/olmo-3.1-32b-think:free,stop,,gen-1766404406-n0c9ZY6SLRlylFGB2LRd
618,mbpp_train,0,582,14988,13749,C:\Users\durgamaniryudh\Desktop\Learn\llm_eval\test\mbpp_train\618\618_gen_0.sv,allenai/olmo-3.1-32b-think:free,stop,,gen-1766404525-twHVupNWtiHwuc5lYYvP
3205,aapp_competition_test,0,702,21257,21897,C:\Users\durgamaniryudh\Desktop\Learn\llm_eval\test\aapp_competition_test\3205\3205_gen_0.sv,allenai/olmo-3.1-32b-think:free,stop,,gen-1766404440-0ClPoZ5y5Mx1aqH4utsO
616,mbpp_train,0,792,14996,15431,C:\Users\durgamaniryudh\Desktop\Learn\llm_eval\test\mbpp_train\616\616_gen_0.sv,allenai/olmo-3.1-32b-think:free,stop,,gen-1766404601-56iTY9AI1HYGnoud2pn8
98,human_eval_test,0,687,24281,22566,C:\Users\durgamaniryudh\Desktop\Learn\llm_eval\test\human_eval_test\98\98_gen_0.sv,allenai/olmo-3.1-32b-think:free,stop,,gen-1766404439-GIXQAKjse7m05wYaci5D
3211,aapp_competition_test,0,727,15581,15785,C:\Users\durgamaniryudh\Desktop\Learn\llm_eval\test\aapp_competition_test\3211\3211_gen_0.sv,allenai/olmo-3.1-32b-think:free,stop,,gen-1766404616-KHyziGsVplxyPDN4oL7R
19,human_eval_test,0,649,18982,19369,C:\Users\durgamaniryudh\Desktop\Learn\llm_eval\test\human_eval_test\19\19_gen_0.sv,allenai/olmo-3.1-32b-think:free,stop,,gen-1766404650-82je8KuuvZxzUpn0DpzZ
3210,aapp_competition_test,0,747,15056,15026,C:\Users\durgamaniryudh\Desktop\Learn\llm_eval\test\aapp_competition_test\3210\3210_gen_0.sv,allenai/olmo-3.1-32b-think:free,stop,,gen-1766404720-HrfQx3ivqybizApEIF4z
46,human_eval_test,0,722,12146,10354,C:\Users\durgamaniryudh\Desktop\Learn\llm_eval\test\human_eval_test\46\46_gen_0.sv,allenai/olmo-3.1-32b-think:free,stop,,gen-1766404781-YEpAlPj5KPoKCfk7QDCJ
3204,aapp_competition_test,0,872,18080,19425,C:\Users\durgamaniryudh\Desktop\Learn\llm_eval\test\aapp_competition_test\3204\3204_gen_0.sv,allenai/olmo-3.1-32b-think:free,stop,,gen-1766404697-E5nwQLW3GrbmhqSEZUWP
614,mbpp_train,0,692,21952,21416,C:\Users\durgamaniryudh\Desktop\Learn\llm_eval\test\mbpp_train\614\614_gen_0.sv,allenai/olmo-3.1-32b-think:free,stop,,gen-1766404612-29p1FvfkLFuK350bNNHJ
620,mbpp_train,0,845,18840,17851,C:\Users\durgamaniryudh\Desktop\Learn\llm_eval\test\mbpp_train\620\620_gen_0.sv,allenai/olmo-3.1-32b-think:free,stop,,gen-1766404706-6qYp2eLkrFa1YFU0RoQG
295,mbpp_test,0,566,12716,13457,C:\Users\durgamaniryudh\Desktop\Learn\llm_eval\test\mbpp_test\295\295_gen_0.sv,allenai/olmo-3.1-32b-think:free,stop,,gen-1766404837-y25Ms5WCDUpPtO6KZupb
3700,aapp_competition_test,0,783,12945,11569,C:\Users\durgamaniryudh\Desktop\Learn\llm_eval\test\aapp_competition_test\3700\3700_gen_0.sv,allenai/olmo-3.1-32b-think:free,stop,,gen-1766404911-drYDLngT9kb3qmPTcwpy
3707,aapp_competition_test,0,733,5166,4817,C:\Users\durgamaniryudh\Desktop\Learn\llm_eval\test\aapp_competition_test\3707\3707_gen_0.sv,allenai/olmo-3.1-32b-think:free,stop,,gen-1766405054-drdaUBQD8VmFy0yyl1Aq
296,mbpp_test,0,661,16062,12235,C:\Users\durgamaniryudh\Desktop\Learn\llm_eval\test\mbpp_test\296\296_gen_0.sv,allenai/olmo-3.1-32b-think:free,stop,,gen-1766404898-yEnsCpSFTKbP9rJfODXl
3701,aapp_competition_test,0,549,20777,22143,C:\Users\durgamaniryudh\Desktop\Learn\llm_eval\test\aapp_competition_test\3701\3701_gen_0.sv,allenai/olmo-3.1-32b-think:free,stop,,gen-1766404881-jo0qA8a4an1c3gJSaaml
293,mbpp_test,0,1394,17480,14931,C:\Users\durgamaniryudh\Desktop\Learn\llm_eval\test\mbpp_test\293\293_gen_0.sv,allenai/olmo-3.1-32b-think:free,stop,,gen-1766405006-xExUFO0SNvrSEnKeUbuM
290,mbpp_test,0,1642,14228,12724,C:\Users\durgamaniryudh\Desktop\Learn\llm_eval\test\mbpp_test\290\290_gen_0.sv,allenai/olmo-3.1-32b-think:free,stop,,gen-1766405038-gT0mkxDU3Z5uObJbbV55
300,mbpp_test,0,821,14023,13306,C:\Users\durgamaniryudh\Desktop\Learn\llm_eval\test\mbpp_test\300\300_gen_0.sv,allenai/olmo-3.1-32b-think:free,stop,,gen-1766405075-2jJDnYQpqbCiV1klg4a5
294,mbpp_test,0,684,19028,20364,C:\Users\durgamaniryudh\Desktop\Learn\llm_eval\test\mbpp_test\294\294_gen_0.sv,allenai/olmo-3.1-32b-think:free,stop,,gen-1766405018-MjQ1IpPYPhD3WAZ2JEsN
3696,aapp_competition_test,0,780,18270,17160,C:\Users\durgamaniryudh\Desktop\Learn\llm_eval\test\aapp_competition_test\3696\3696_gen_0.sv,allenai/olmo-3.1-32b-think:free,stop,,gen-1766405013-cnUeSiZw88SqsNpJ5Bpx
3703,aapp_competition_test,0,773,18581,17020,C:\Users\durgamaniryudh\Desktop\Learn\llm_eval\test\aapp_competition_test\3703\3703_gen_0.sv,allenai/olmo-3.1-32b-think:free,stop,,gen-1766405025-8axIZgh1hOvy53z72Aul
309,mbpp_test,0,448,5477,5787,C:\Users\durgamaniryudh\Desktop\Learn\llm_eval\test\mbpp_test\309\309_gen_0.sv,allenai/olmo-3.1-32b-think:free,stop,,gen-1766405322-xHyodJxs7RdY5OHFP69D
304,mbpp_test,0,819,8969,8531,C:\Users\durgamaniryudh\Desktop\Learn\llm_eval\test\mbpp_test\304\304_gen_0.sv,allenai/olmo-3.1-32b-think:free,stop,,gen-1766405269-no1MI7LUVuljrM1VHo6S
3705,aapp_competition_test,0,634,18013,18315,C:\Users\durgamaniryudh\Desktop\Learn\llm_eval\test\aapp_competition_test\3705\3705_gen_0.sv,allenai/olmo-3.1-32b-think:free,stop,,gen-1766405139-tFuW837rbu9ELGJefgkx
297,mbpp_test,0,756,15295,15543,C:\Users\durgamaniryudh\Desktop\Learn\llm_eval\test\mbpp_test\297\297_gen_0.sv,allenai/olmo-3.1-32b-think:free,stop,,gen-1766405201-q2MdbGhi3fsyIsE7un6D
3706,aapp_competition_test,0,899,19172,18386,C:\Users\durgamaniryudh\Desktop\Learn\llm_eval\test\aapp_competition_test\3706\3706_gen_0.sv,allenai/olmo-3.1-32b-think:free,stop,,gen-1766405140-3rJ1kfSVYzxd252gNqUQ
3713,aapp_competition_test,0,736,17043,17197,C:\Users\durgamaniryudh\Desktop\Learn\llm_eval\test\aapp_competition_test\3713\3713_gen_0.sv,allenai/olmo-3.1-32b-think:free,stop,,gen-1766405329-n77Z83YZpnPVZ48s9QNQ
3714,aapp_competition_test,0,669,16256,16996,C:\Users\durgamaniryudh\Desktop\Learn\llm_eval\test\aapp_competition_test\3714\3714_gen_0.sv,allenai/olmo-3.1-32b-think:free,stop,,gen-1766405376-jkeqemz6XQtETaoV382n
3711,aapp_competition_test,0,807,20939,18870,C:\Users\durgamaniryudh\Desktop\Learn\llm_eval\test\aapp_competition_test\3711\3711_gen_0.sv,allenai/olmo-3.1-32b-think:free,stop,,gen-1766405317-7mPY9LCFIELcVtcHCprt
3710,aapp_competition_test,0,754,18972,17461,C:\Users\durgamaniryudh\Desktop\Learn\llm_eval\test\aapp_competition_test\3710\3710_gen_0.sv,allenai/olmo-3.1-32b-think:free,stop,,gen-1766405361-WZBm6UmHrF3mMEONaG1B
307,mbpp_test,0,641,16954,16861,C:\Users\durgamaniryudh\Desktop\Learn\llm_eval\test\mbpp_test\307\307_gen_0.sv,allenai/olmo-3.1-32b-think:free,stop,,gen-1766405418-DzUEeNzBdR0YZ78oI7xb
299,mbpp_test,0,862,20193,18767,C:\Users\durgamaniryudh\Desktop\Learn\llm_eval\test\mbpp_test\299\299_gen_0.sv,allenai/olmo-3.1-32b-think:free,stop,,gen-1766405364-Cismm7x7rgiNlcmw8u9U
3718,aapp_competition_test,0,695,5310,5210,C:\Users\durgamaniryudh\Desktop\Learn\llm_eval\test\aapp_competition_test\3718\3718_gen_0.sv,allenai/olmo-3.1-32b-think:free,stop,,gen-1766405637-noZnkCDmQqV8DpqFn7oa
3715,aapp_competition_test,0,871,19837,20755,C:\Users\durgamaniryudh\Desktop\Learn\llm_eval\test\aapp_competition_test\3715\3715_gen_0.sv,allenai/olmo-3.1-32b-think:free,stop,,gen-1766405430-WN2uS9LFE1xE138WXovL
3712,aapp_competition_test,0,1012,18769,17864,C:\Users\durgamaniryudh\Desktop\Learn\llm_eval\test\aapp_competition_test\3712\3712_gen_0.sv,allenai/olmo-3.1-32b-think:free,stop,,gen-1766405478-ktbZfH0Vz8X1oMNX5H7Z
305,mbpp_test,0,1081,20101,18221,C:\Users\durgamaniryudh\Desktop\Learn\llm_eval\test\mbpp_test\305\305_gen_0.sv,allenai/olmo-3.1-32b-think:free,stop,,gen-1766405475-tgWMOWaTwo02iFxGPV6v
301,mbpp_test,0,1290,19405,18830,C:\Users\durgamaniryudh\Desktop\Learn\llm_eval\test\mbpp_test\301\301_gen_0.sv,allenai/olmo-3.1-32b-think:free,stop,,gen-1766405488-qHo2CRmrZ3CftdXsBxd5
388,mbpp_test,0,672,14103,14526,C:\Users\durgamaniryudh\Desktop\Learn\llm_eval\test\mbpp_test\388\388_gen_0.sv,allenai/olmo-3.1-32b-think:free,stop,,gen-1766405733-GvS9FaCLxKuuHZLzS9Vw
306,mbpp_test,0,768,20039,18949,C:\Users\durgamaniryudh\Desktop\Learn\llm_eval\test\mbpp_test\306\306_gen_0.sv,allenai/olmo-3.1-32b-think:free,stop,,gen-1766405677-qF0XUjXQ5l76yqEdPcTU
3717,aapp_competition_test,0,975,20085,17039,C:\Users\durgamaniryudh\Desktop\Learn\llm_eval\test\aapp_competition_test\3717\3717_gen_0.sv,allenai/olmo-3.1-32b-think:free,stop,,gen-1766405720-GDJwy3TDYWLPYkf6n9pz
3720,aapp_competition_test,0,904,20242,19985,C:\Users\durgamaniryudh\Desktop\Learn\llm_eval\test\aapp_competition_test\3720\3720_gen_0.sv,allenai/olmo-3.1-32b-think:free,stop,,gen-1766405737-tPIky2PBzr3VfXvhVgDk
311,mbpp_test,0,641,20018,16767,C:\Users\durgamaniryudh\Desktop\Learn\llm_eval\test\mbpp_test\311\311_gen_0.sv,allenai/olmo-3.1-32b-think:free,stop,,gen-1766405732-FnGCYvYZG73O0olmCbWh
308,mbpp_test,0,748,20420,20503,C:\Users\durgamaniryudh\Desktop\Learn\llm_eval\test\mbpp_test\308\308_gen_0.sv,allenai/olmo-3.1-32b-think:free,stop,,gen-1766405745-HkEhpLLHp6p1neSleDXW
312,mbpp_test,0,730,15752,12614,C:\Users\durgamaniryudh\Desktop\Learn\llm_eval\test\mbpp_test\312\312_gen_0.sv,allenai/olmo-3.1-32b-think:free,stop,,gen-1766405866-kp7CHLJqwXmoGn4vU5RE
3721,aapp_competition_test,0,909,20479,18274,C:\Users\durgamaniryudh\Desktop\Learn\llm_eval\test\aapp_competition_test\3721\3721_gen_0.sv,allenai/olmo-3.1-32b-think:free,stop,,gen-1766405817-RvRNVfyWWxrSjxhg41Oi
3722,aapp_competition_test,0,777,18596,21949,C:\Users\durgamaniryudh\Desktop\Learn\llm_eval\test\aapp_competition_test\3722\3722_gen_0.sv,allenai/olmo-3.1-32b-think:free,stop,,gen-1766405865-1CMtqhDwszguoLVg3kBs
310,mbpp_test,0,749,22767,16839,C:\Users\durgamaniryudh\Desktop\Learn\llm_eval\test\mbpp_test\310\310_gen_0.sv,allenai/olmo-3.1-32b-think:free,stop,,gen-1766405821-jwTSJO9THIpvMo4vU0Zt
3719,aapp_competition_test,0,884,15618,14746,C:\Users\durgamaniryudh\Desktop\Learn\llm_eval\test\aapp_competition_test\3719\3719_gen_0.sv,allenai/olmo-3.1-32b-think:free,stop,,gen-1766405984-55iZYSlYrCeDAOGPeIYh
394,mbpp_test,0,632,10404,8425,C:\Users\durgamaniryudh\Desktop\Learn\llm_eval\test\mbpp_test\394\394_gen_0.sv,allenai/olmo-3.1-32b-think:free,stop,,gen-1766406105-S4Z3a9jfs2UCu7rvuVvU
389,mbpp_test,0,768,18649,19873,C:\Users\durgamaniryudh\Desktop\Learn\llm_eval\test\mbpp_test\389\389_gen_0.sv,allenai/olmo-3.1-32b-think:free,stop,,gen-1766406039-UBRBl3zA5E7peiR5Ligx
3726,aapp_competition_test,0,665,14347,15007,C:\Users\durgamaniryudh\Desktop\Learn\llm_eval\test\aapp_competition_test\3726\3726_gen_0.sv,allenai/olmo-3.1-32b-think:free,stop,,gen-1766406118-gTkGvI8b7RIq8VaneIVq
3723,aapp_competition_test,0,633,20779,20214,C:\Users\durgamaniryudh\Desktop\Learn\llm_eval\test\aapp_competition_test\3723\3723_gen_0.sv,allenai/olmo-3.1-32b-think:free,stop,,gen-1766406087-XbySpmDbgFIbvCF6YqxV
397,mbpp_test,0,537,9836,9268,C:\Users\durgamaniryudh\Desktop\Learn\llm_eval\test\mbpp_test\397\397_gen_0.sv,allenai/olmo-3.1-32b-think:free,stop,,gen-1766406323-IQnj6ziUDebgnX5atpHs
3729,aapp_competition_test,0,785,17719,16438,C:\Users\durgamaniryudh\Desktop\Learn\llm_eval\test\aapp_competition_test\3729\3729_gen_0.sv,allenai/olmo-3.1-32b-think:free,stop,,gen-1766406173-ZkTH0YSZRgmxL2kpM2fo
391,mbpp_test,0,854,19627,16348,C:\Users\durgamaniryudh\Desktop\Learn\llm_eval\test\mbpp_test\391\391_gen_0.sv,allenai/olmo-3.1-32b-think:free,stop,,gen-1766406157-65S6OycHatoXtWCziY2f
390,mbpp_test,0,623,18274,19110,C:\Users\durgamaniryudh\Desktop\Learn\llm_eval\test\mbpp_test\390\390_gen_0.sv,allenai/olmo-3.1-32b-think:free,stop,,gen-1766406202-nAjef5q37g9JWdq8reCI
392,mbpp_test,0,708,17684,17249,C:\Users\durgamaniryudh\Desktop\Learn\llm_eval\test\mbpp_test\392\392_gen_0.sv,allenai/olmo-3.1-32b-think:free,stop,,gen-1766406278-JnZNIl9gqA4WVIQ5WLhL
3727,aapp_competition_test,0,579,23547,18843,C:\Users\durgamaniryudh\Desktop\Learn\llm_eval\test\aapp_competition_test\3727\3727_gen_0.sv,allenai/olmo-3.1-32b-think:free,stop,,gen-1766406215-P499Yq5AGyF0WuKpIKs6
393,mbpp_test,0,776,13428,11390,C:\Users\durgamaniryudh\Desktop\Learn\llm_eval\test\mbpp_test\393\393_gen_0.sv,allenai/olmo-3.1-32b-think:free,stop,,gen-1766406505-wjqmCe9XjK0uwqKitWkU
404,mbpp_test,0,429,4741,5122,C:\Users\durgamaniryudh\Desktop\Learn\llm_eval\test\mbpp_test\404\404_gen_0.sv,allenai/olmo-3.1-32b-think:free,stop,,gen-1766406680-DZELO8MOVsacsEjzhk1m
396,mbpp_test,0,621,14591,15401,C:\Users\durgamaniryudh\Desktop\Learn\llm_eval\test\mbpp_test\396\396_gen_0.sv,allenai/olmo-3.1-32b-think:free,stop,,gen-1766406514-MCrcy22QPV59pUskCkrn
3735,aapp_competition_test,0,816,21144,20538,C:\Users\durgamaniryudh\Desktop\Learn\llm_eval\test\aapp_competition_test\3735\3735_gen_0.sv,allenai/olmo-3.1-32b-think:free,stop,,gen-1766406404-XbY04JjNV3bCeX54n4dW
3728,aapp_competition_test,0,733,21995,19550,C:\Users\durgamaniryudh\Desktop\Learn\llm_eval\test\aapp_competition_test\3728\3728_gen_0.sv,allenai/olmo-3.1-32b-think:free,stop,,gen-1766406436-OzSLnHawpyWfXqvckqYp
399,mbpp_test,0,635,7318,6901,C:\Users\durgamaniryudh\Desktop\Learn\llm_eval\test\mbpp_test\399\399_gen_0.sv,allenai/olmo-3.1-32b-think:free,stop,,gen-1766406798-sKpP9y146yHBtjAsVEec
3732,aapp_competition_test,0,1112,22657,22029,C:\Users\durgamaniryudh\Desktop\Learn\llm_eval\test\aapp_competition_test\3732\3732_gen_0.sv,allenai/olmo-3.1-32b-think:free,stop,,gen-1766406501-WHo9Zz9ziosNZlTraRmv
395,mbpp_test,0,671,20371,20010,C:\Users\durgamaniryudh\Desktop\Learn\llm_eval\test\mbpp_test\395\395_gen_0.sv,allenai/olmo-3.1-32b-think:free,stop,,gen-1766406535-AtNxbXM7APPYEDAgpmSG
3737,aapp_competition_test,0,778,16894,16865,C:\Users\durgamaniryudh\Desktop\Learn\llm_eval\test\aapp_competition_test\3737\3737_gen_0.sv,allenai/olmo-3.1-32b-think:free,stop,,gen-1766406621-Rpu0m0csgvu3DIa4C9Kk
3730,aapp_competition_test,0,1081,24047,20354,C:\Users\durgamaniryudh\Desktop\Learn\llm_eval\test\aapp_competition_test\3730\3730_gen_0.sv,allenai/olmo-3.1-32b-think:free,stop,,gen-1766406529-NJwxjMYwUVPlqnb5IwgH
3733,aapp_competition_test,0,765,23118,21570,C:\Users\durgamaniryudh\Desktop\Learn\llm_eval\test\aapp_competition_test\3733\3733_gen_0.sv,allenai/olmo-3.1-32b-think:free,stop,,gen-1766406561-9ykTjMnlt7LOMY7y5hKH
401,mbpp_test,0,508,3988,3382,C:\Users\durgamaniryudh\Desktop\Learn\llm_eval\test\mbpp_test\401\401_gen_0.sv,allenai/olmo-3.1-32b-think:free,stop,,gen-1766406960-S5fHIQOmcZvlOtbjefha
406,mbpp_test,0,520,3438,3787,C:\Users\durgamaniryudh\Desktop\Learn\llm_eval\test\mbpp_test\406\406_gen_0.sv,allenai/olmo-3.1-32b-think:free,stop,,gen-1766407014-5zk9G4TR9jxBlxALC18P
3736,aapp_competition_test,0,794,17630,18340,C:\Users\durgamaniryudh\Desktop\Learn\llm_eval\test\aapp_competition_test\3736\3736_gen_0.sv,allenai/olmo-3.1-32b-think:free,stop,,gen-1766406758-lbqxL2OhnTBlglIsle1I
405,mbpp_test,0,683,9413,8218,C:\Users\durgamaniryudh\Desktop\Learn\llm_eval\test\mbpp_test\405\405_gen_0.sv,allenai/olmo-3.1-32b-think:free,stop,,gen-1766406950-rxDjoh5y7tntsm2nr9wA
400,mbpp_test,0,613,19501,18928,C:\Users\durgamaniryudh\Desktop\Learn\llm_eval\test\mbpp_test\400\400_gen_0.sv,allenai/olmo-3.1-32b-think:free,stop,,gen-1766406762-KhuUwKPYVXitFvsvIAHg
398,mbpp_test,0,960,15210,15029,C:\Users\durgamaniryudh\Desktop\Learn\llm_eval\test\mbpp_test\398\398_gen_0.sv,allenai/olmo-3.1-32b-think:free,stop,,gen-1766406880-eS0UvhdK8y1qQdNWezoB
409,mbpp_test,0,508,4664,4472,C:\Users\durgamaniryudh\Desktop\Learn\llm_eval\test\mbpp_test\409\409_gen_0.sv,allenai/olmo-3.1-32b-think:free,stop,,gen-1766407080-dmb4mtM07ASuusjDHUuq
3739,aapp_competition_test,0,821,18579,18943,C:\Users\durgamaniryudh\Desktop\Learn\llm_eval\test\aapp_competition_test\3739\3739_gen_0.sv,allenai/olmo-3.1-32b-think:free,stop,,gen-1766406820-5csqE8vEL3QBPTv7iroh
3734,aapp_competition_test,0,817,13496,10342,C:\Users\durgamaniryudh\Desktop\Learn\llm_eval\test\aapp_competition_test\3734\3734_gen_0.sv,allenai/olmo-3.1-32b-think:free,stop,,gen-1766406949-EU5gOKl8EAFQHbjP9LRp
3742,aapp_competition_test,0,666,14680,13352,C:\Users\durgamaniryudh\Desktop\Learn\llm_eval\test\aapp_competition_test\3742\3742_gen_0.sv,allenai/olmo-3.1-32b-think:free,stop,,gen-1766407044-klHsucFo6rF01rvXD6l3
3740,aapp_competition_test,0,1174,17204,17014,C:\Users\durgamaniryudh\Desktop\Learn\llm_eval\test\aapp_competition_test\3740\3740_gen_0.sv,allenai/olmo-3.1-32b-think:free,stop,,gen-1766407007-meFzPZwvDyUXjVPu4uqq
410,mbpp_test,0,729,18557,19325,C:\Users\durgamaniryudh\Desktop\Learn\llm_eval\test\mbpp_test\410\410_gen_0.sv,allenai/olmo-3.1-32b-think:free,stop,,gen-1766407130-h7yMFu2kakI0Bwc9HPHN
3743,aapp_competition_test,0,769,20557,19064,C:\Users\durgamaniryudh\Desktop\Learn\llm_eval\test\aapp_competition_test\3743\3743_gen_0.sv,allenai/olmo-3.1-32b-think:free,stop,,gen-1766407113-2IHqjJd0NrzWOdfQdJ3z
3747,aapp_competition_test,0,630,19003,18137,C:\Users\durgamaniryudh\Desktop\Learn\llm_eval\test\aapp_competition_test\3747\3747_gen_0.sv,allenai/olmo-3.1-32b-think:free,stop,,gen-1766407178-8lrJsFjzub4PP0a6xrly
3748,aapp_competition_test,0,1013,19532,18070,C:\Users\durgamaniryudh\Desktop\Learn\llm_eval\test\aapp_competition_test\3748\3748_gen_0.sv,allenai/olmo-3.1-32b-think:free,stop,,gen-1766407199-w0sI7GaRyJqMRLWcA8Iu
3596,aapp_competition_test,0,885,13894,13252,C:\Users\durgamaniryudh\Desktop\Learn\llm_eval\test\aapp_competition_test\3596\3596_gen_0.sv,allenai/olmo-3.1-32b-think:free,stop,,gen-1766407396-uxCKgJt6cTtm4svTbEiq
3738,aapp_competition_test,0,873,19930,19241,C:\Users\durgamaniryudh\Desktop\Learn\llm_eval\test\aapp_competition_test\3738\3738_gen_0.sv,allenai/olmo-3.1-32b-think:free,stop,,gen-1766407281-Ozm8JaXodRVmWh2n3ggZ
3744,aapp_competition_test,0,903,28012,24270,C:\Users\durgamaniryudh\Desktop\Learn\llm_eval\test\aapp_competition_test\3744\3744_gen_0.sv,allenai/olmo-3.1-32b-think:free,stop,,gen-1766407143-10y4jcq034oaijcEHJDB
3943,aapp_competition_test,0,806,10629,9944,C:\Users\durgamaniryudh\Desktop\Learn\llm_eval\test\aapp_competition_test\3943\3943_gen_0.sv,allenai/olmo-3.1-32b-think:free,stop,,gen-1766407522-FUkHXD5Etrs5QgNvm8oy
412,mbpp_test,0,555,29357,17767,C:\Users\durgamaniryudh\Desktop\Learn\llm_eval\test\mbpp_test\412\412_gen_0.sv,allenai/olmo-3.1-32b-think:free,stop,,gen-1766407177-gShvEn7BrdcZf4zD1Uvl
3305,aapp_competition_test,0,884,22747,22704,C:\Users\durgamaniryudh\Desktop\Learn\llm_eval\test\aapp_competition_test\3305\3305_gen_0.sv,allenai/olmo-3.1-32b-think:free,stop,,gen-1766407336-x5TebolRJzoP1a90lu28
407,mbpp_test,0,849,32010,29569,C:\Users\durgamaniryudh\Desktop\Learn\llm_eval\test\mbpp_test\407\407_gen_0.sv,allenai/olmo-3.1-32b-think:free,stop,,gen-1766407183-5pd47QSwz0BEEApxcxl8
133,mbpp_test,0,603,17450,17466,C:\Users\durgamaniryudh\Desktop\Learn\llm_eval\test\mbpp_test\133\133_gen_0.sv,allenai/olmo-3.1-32b-think:free,stop,,gen-1766407532-8d0e0WnCzISOxKdG2tsG
3947,aapp_competition_test,0,698,16141,16886,C:\Users\durgamaniryudh\Desktop\Learn\llm_eval\test\aapp_competition_test\3947\3947_gen_0.sv,allenai/olmo-3.1-32b-think:free,stop,,gen-1766407680-GCv6QXmQlu64Dsj9l7X8
3593,aapp_competition_test,0,1260,18163,17992,C:\Users\durgamaniryudh\Desktop\Learn\llm_eval\test\aapp_competition_test\3593\3593_gen_0.sv,allenai/olmo-3.1-32b-think:free,stop,,gen-1766407672-RLMl5JMhDWvucffCnx4P
785,mbpp_train,0,751,24539,24363,C:\Users\durgamaniryudh\Desktop\Learn\llm_eval\test\mbpp_train\785\785_gen_0.sv,allenai/olmo-3.1-32b-think:free,stop,,gen-1766407557-U4puosGsExSOuaUIFY1c
3306,aapp_competition_test,0,793,15302,16194,C:\Users\durgamaniryudh\Desktop\Learn\llm_eval\test\aapp_competition_test\3306\3306_gen_0.sv,allenai/olmo-3.1-32b-think:free,stop,,gen-1766407775-ifW8W0mTb9ss1oCJGMFD
3304,aapp_competition_test,0,674,23518,22664,C:\Users\durgamaniryudh\Desktop\Learn\llm_eval\test\aapp_competition_test\3304\3304_gen_0.sv,allenai/olmo-3.1-32b-think:free,stop,,gen-1766407602-aAfFhYxrrIvEM1HiqBIZ
3595,aapp_competition_test,0,1036,16824,16103,C:\Users\durgamaniryudh\Desktop\Learn\llm_eval\test\aapp_competition_test\3595\3595_gen_0.sv,allenai/olmo-3.1-32b-think:free,stop,,gen-1766407787-BxVMnldt5oF4m6YxVikd
788,mbpp_train,0,562,12643,11235,C:\Users\durgamaniryudh\Desktop\Learn\llm_eval\test\mbpp_train\788\788_gen_0.sv,allenai/olmo-3.1-32b-think:free,stop,,gen-1766407877-UImyGUyHthZ8WPwhigJR
790,mbpp_train,0,637,6110,5249,C:\Users\durgamaniryudh\Desktop\Learn\llm_eval\test\mbpp_train\790\790_gen_0.sv,allenai/olmo-3.1-32b-think:free,stop,,gen-1766408014-vyP8ZXmIJ2zcuxe5yz4L
138,mbpp_test,0,1163,4315,4164,C:\Users\durgamaniryudh\Desktop\Learn\llm_eval\test\mbpp_test\138\138_gen_0.sv,allenai/olmo-3.1-32b-think:free,stop,,gen-1766408079-Cjfaj76ScGaMPF1n2inG
128,mbpp_test,0,622,24544,26259,C:\Users\durgamaniryudh\Desktop\Learn\llm_eval\test\mbpp_test\128\128_gen_0.sv,allenai/olmo-3.1-32b-think:free,stop,,gen-1766407722-LKVlVCDW0oSqmzhVEYQa
3944,aapp_competition_test,0,2348,20510,18837,C:\Users\durgamaniryudh\Desktop\Learn\llm_eval\test\aapp_competition_test\3944\3944_gen_0.sv,allenai/olmo-3.1-32b-think:free,stop,,gen-1766407831-VdbFIthkcRrieBFIz3II
131,mbpp_test,0,846,18764,19011,C:\Users\durgamaniryudh\Desktop\Learn\llm_eval\test\mbpp_test\131\131_gen_0.sv,allenai/olmo-3.1-32b-think:free,stop,,gen-1766407861-WJy8LZjRDEwWFK1CGKj2
796,mbpp_train,0,466,7381,6439,C:\Users\durgamaniryudh\Desktop\Learn\llm_eval\test\mbpp_train\796\796_gen_0.sv,allenai/olmo-3.1-32b-think:free,stop,,gen-1766408121-42A3TMLNRSPh6VJydz3q
3591,aapp_competition_test,0,3116,15394,15766,C:\Users\durgamaniryudh\Desktop\Learn\llm_eval\test\aapp_competition_test\3591\3591_gen_0.sv,allenai/olmo-3.1-32b-think:free,stop,,gen-1766408057-fQ3jmjSZ74RGfUj6yPsv
3310,aapp_competition_test,0,938,14656,14690,C:\Users\durgamaniryudh\Desktop\Learn\llm_eval\test\aapp_competition_test\3310\3310_gen_0.sv,allenai/olmo-3.1-32b-think:free,stop,,gen-1766408123-Pl2B8sYa5lrxqE8iRnxL
3309,aapp_competition_test,0,785,18929,16782,C:\Users\durgamaniryudh\Desktop\Learn\llm_eval\test\aapp_competition_test\3309\3309_gen_0.sv,allenai/olmo-3.1-32b-think:free,stop,,gen-1766408039-8bjQgYarIz9rrlXC9t7F
3950,aapp_competition_test,0,872,15853,16402,C:\Users\durgamaniryudh\Desktop\Learn\llm_eval\test\aapp_competition_test\3950\3950_gen_0.sv,allenai/olmo-3.1-32b-think:free,stop,,gen-1766408153-b0AnEIRn91ALlrgDBJBk
792,mbpp_train,0,807,12365,13310,C:\Users\durgamaniryudh\Desktop\Learn\llm_eval\test\mbpp_train\792\792_gen_0.sv,allenai/olmo-3.1-32b-think:free,stop,,gen-1766408239-N3nbRcxup17zEnR1HNoa
3600,aapp_competition_test,0,1002,18137,16355,C:\Users\durgamaniryudh\Desktop\Learn\llm_eval\test\aapp_competition_test\3600\3600_gen_0.sv,allenai/olmo-3.1-32b-think:free,stop,,gen-1766408133-z8oBa2TevTnrHbhVbh8m
3949,aapp_competition_test,0,855,23425,21208,C:\Users\durgamaniryudh\Desktop\Learn\llm_eval\test\aapp_competition_test\3949\3949_gen_0.sv,allenai/olmo-3.1-32b-think:free,stop,,gen-1766408075-mSdWC0mNzPzJ2cERhOVm
140,mbpp_test,0,753,18358,20030,C:\Users\durgamaniryudh\Desktop\Learn\llm_eval\test\mbpp_test\140\140_gen_0.sv,allenai/olmo-3.1-32b-think:free,stop,,gen-1766408203-37oiyQe77T0gXzTPKtdV
3599,aapp_competition_test,0,1682,17063,17140,C:\Users\durgamaniryudh\Desktop\Learn\llm_eval\test\aapp_competition_test\3599\3599_gen_0.sv,allenai/olmo-3.1-32b-think:free,stop,,gen-1766408258-ndaLdJDP0ENhKuSmjf9f
3308,aapp_competition_test,0,1100,19530,19091,C:\Users\durgamaniryudh\Desktop\Learn\llm_eval\test\aapp_competition_test\3308\3308_gen_0.sv,allenai/olmo-3.1-32b-think:free,stop,,gen-1766408249-iRETaUL4T7iJLyn97IAV
145,mbpp_test,0,662,16328,14279,C:\Users\durgamaniryudh\Desktop\Learn\llm_eval\test\mbpp_test\145\145_gen_0.sv,allenai/olmo-3.1-32b-think:free,stop,,gen-1766408398-6YLeZPZQxrspm9qDLz5h
143,mbpp_test,0,503,10689,11097,C:\Users\durgamaniryudh\Desktop\Learn\llm_eval\test\mbpp_test\143\143_gen_0.sv,allenai/olmo-3.1-32b-think:free,stop,,gen-1766408564-QfqG3ikgVYWbHUgBu1aF
3601,aapp_competition_test,0,994,17310,15673,C:\Users\durgamaniryudh\Desktop\Learn\llm_eval\test\aapp_competition_test\3601\3601_gen_0.sv,allenai/olmo-3.1-32b-think:free,stop,,gen-1766408507-akj2woksVmnKsZ8kio70
3603,aapp_competition_test,0,839,12401,13205,C:\Users\durgamaniryudh\Desktop\Learn\llm_eval\test\aapp_competition_test\3603\3603_gen_0.sv,allenai/olmo-3.1-32b-think:free,stop,,gen-1766408637-9ihlSKRfCWORtBfG2W1R
793,mbpp_train,0,712,20803,20467,C:\Users\durgamaniryudh\Desktop\Learn\llm_eval\test\mbpp_train\793\793_gen_0.sv,allenai/olmo-3.1-32b-think:free,stop,,gen-1766408434-KA04ah5pSiP5P2Dgvpw5
3953,aapp_competition_test,0,669,28127,30912,C:\Users\durgamaniryudh\Desktop\Learn\llm_eval\test\aapp_competition_test\3953\3953_gen_0.sv,allenai/olmo-3.1-32b-think:free,stop,,gen-1766408338-rFoPxsZYytUhnBrJqqKX
3955,aapp_competition_test,0,653,21001,20825,C:\Users\durgamaniryudh\Desktop\Learn\llm_eval\test\aapp_competition_test\3955\3955_gen_0.sv,allenai/olmo-3.1-32b-think:free,stop,,gen-1766408511-XFoGnY9e6CV3rbaGEpUT
3311,aapp_competition_test,0,981,21849,20726,C:\Users\durgamaniryudh\Desktop\Learn\llm_eval\test\aapp_competition_test\3311\3311_gen_0.sv,allenai/olmo-3.1-32b-think:free,stop,,gen-1766408503-eb18EBBILdmE3LbjKnqS
801,mbpp_train,0,477,7999,7613,C:\Users\durgamaniryudh\Desktop\Learn\llm_eval\test\mbpp_train\801\801_gen_0.sv,allenai/olmo-3.1-32b-think:free,stop,,gen-1766408840-5OoG93c1VTCxFeFItEYt
799,mbpp_train,0,494,4815,4842,C:\Users\durgamaniryudh\Desktop\Learn\llm_eval\test\mbpp_train\799\799_gen_0.sv,allenai/olmo-3.1-32b-think:free,stop,,gen-1766408932-ca3m7FRao2Iwk0BTSp3r
3312,aapp_competition_test,0,914,22389,20471,C:\Users\durgamaniryudh\Desktop\Learn\llm_eval\test\aapp_competition_test\3312\3312_gen_0.sv,allenai/olmo-3.1-32b-think:free,stop,,gen-1766408629-SSwcyrIB5Y7qY8ej6yVH
160,mbpp_test,0,693,15832,15383,C:\Users\durgamaniryudh\Desktop\Learn\llm_eval\test\mbpp_test\160\160_gen_0.sv,allenai/olmo-3.1-32b-think:free,stop,,gen-1766408755-dddYiZLBx3REqSg2P3z3
3605,aapp_competition_test,0,1429,10285,10125,C:\Users\durgamaniryudh\Desktop\Learn\llm_eval\test\aapp_competition_test\3605\3605_gen_0.sv,allenai/olmo-3.1-32b-think:free,stop,,gen-1766408872-n16amybYOiXHoCxaGElY
3960,aapp_competition_test,0,750,21099,21229,C:\Users\durgamaniryudh\Desktop\Learn\llm_eval\test\aapp_competition_test\3960\3960_gen_0.sv,allenai/olmo-3.1-32b-think:free,stop,,gen-1766408731-HknNFdzzFtswe9GEAmDi
797,mbpp_train,0,661,6944,5991,C:\Users\durgamaniryudh\Desktop\Learn\llm_eval\test\mbpp_train\797\797_gen_0.sv,allenai/olmo-3.1-32b-think:free,stop,,gen-1766409092-xmQ6Hq8fMFpL8vu82pIw
791,mbpp_train,0,589,32768,28859,C:\Users\durgamaniryudh\Desktop\Learn\llm_eval\test\mbpp_train\791\791_gen_0.sv,allenai/olmo-3.1-32b-think:free,length,,gen-1766408603-rDhNyByEtN56gYcausmu
3961,aapp_competition_test,0,681,18771,18215,C:\Users\durgamaniryudh\Desktop\Learn\llm_eval\test\aapp_competition_test\3961\3961_gen_0.sv,allenai/olmo-3.1-32b-think:free,stop,,gen-1766408910-dIkWdkVmXXJhWH6eImgl
3314,aapp_competition_test,0,841,19678,19721,C:\Users\durgamaniryudh\Desktop\Learn\llm_eval\test\aapp_competition_test\3314\3314_gen_0.sv,allenai/olmo-3.1-32b-think:free,stop,,gen-1766408871-zz13a25D7o7McvrjUHmR
142,mbpp_test,0,550,19605,17673,C:\Users\durgamaniryudh\Desktop\Learn\llm_eval\test\mbpp_test\142\142_gen_0.sv,allenai/olmo-3.1-32b-think:free,stop,,gen-1766408929-0Cb0GjdoKVfchPEHhlQx
3316,aapp_competition_test,0,832,16064,14886,C:\Users\durgamaniryudh\Desktop\Learn\llm_eval\test\aapp_competition_test\3316\3316_gen_0.sv,allenai/olmo-3.1-32b-think:free,stop,,gen-1766409033-z7v53fs5PVTxCbXks24p
3954,aapp_competition_test,0,782,14620,14037,C:\Users\durgamaniryudh\Desktop\Learn\llm_eval\test\aapp_competition_test\3954\3954_gen_0.sv,allenai/olmo-3.1-32b-think:free,stop,,gen-1766409086-HpHMsZbp5kgJwM6qVPsm
141,mbpp_test,0,624,19382,18554,C:\Users\durgamaniryudh\Desktop\Learn\llm_eval\test\mbpp_test\141\141_gen_0.sv,allenai/olmo-3.1-32b-think:free,stop,,gen-1766408996-8eHlo9Ik9mkKLebdDonw
3604,aapp_competition_test,0,990,17087,16136,C:\Users\durgamaniryudh\Desktop\Learn\llm_eval\test\aapp_competition_test\3604\3604_gen_0.sv,allenai/olmo-3.1-32b-think:free,stop,,gen-1766409061-nVDdJKhozVxdKJ9HAoxg
164,mbpp_test,0,590,17060,16563,C:\Users\durgamaniryudh\Desktop\Learn\llm_eval\test\mbpp_test\164\164_gen_0.sv,allenai/olmo-3.1-32b-think:free,stop,,gen-1766409149-IjTow7zD9HBOPPhzfB22
3315,aapp_competition_test,0,971,14613,13417,C:\Users\durgamaniryudh\Desktop\Learn\llm_eval\test\aapp_competition_test\3315\3315_gen_0.sv,allenai/olmo-3.1-32b-think:free,stop,,gen-1766409217-3vAFC5MZXdu2zOZT12wy
798,mbpp_train,0,607,12752,12672,C:\Users\durgamaniryudh\Desktop\Learn\llm_eval\test\mbpp_train\798\798_gen_0.sv,allenai/olmo-3.1-32b-think:free,stop,,gen-1766409286-gURQjwrROHYkd1LaXeLK
3962,aapp_competition_test,0,766,16248,16115,C:\Users\durgamaniryudh\Desktop\Learn\llm_eval\test\aapp_competition_test\3962\3962_gen_0.sv,allenai/olmo-3.1-32b-think:free,stop,,gen-1766409275-CZFofoS9SsCoPqsnjizo
3609,aapp_competition_test,0,872,16111,16810,C:\Users\durgamaniryudh\Desktop\Learn\llm_eval\test\aapp_competition_test\3609\3609_gen_0.sv,allenai/olmo-3.1-32b-think:free,stop,,gen-1766409346-AmusbjourZwXjMCljbT9
3606,aapp_competition_test,0,882,19946,20148,C:\Users\durgamaniryudh\Desktop\Learn\llm_eval\test\aapp_competition_test\3606\3606_gen_0.sv,allenai/olmo-3.1-32b-think:free,stop,,gen-1766409261-sUKCsnFY2ftFODyEssBX
161,mbpp_test,0,605,15994,14449,C:\Users\durgamaniryudh\Desktop\Learn\llm_eval\test\mbpp_test\161\161_gen_0.sv,allenai/olmo-3.1-32b-think:free,stop,,gen-1766409380-zcR1R4S8Uglg7EePA7zW
3607,aapp_competition_test,0,2461,9432,10374,C:\Users\durgamaniryudh\Desktop\Learn\llm_eval\test\aapp_competition_test\3607\3607_gen_0.sv,allenai/olmo-3.1-32b-think:free,stop,,gen-1766409516-k1vwth6ecFqAc7RvAPgm
800,mbpp_train,0,657,16121,16727,C:\Users\durgamaniryudh\Desktop\Learn\llm_eval\test\mbpp_train\800\800_gen_0.sv,allenai/olmo-3.1-32b-think:free,stop,,gen-1766409410-4QMLGE6z16GHb1iQZ73L
3318,aapp_competition_test,0,913,16339,15802,C:\Users\durgamaniryudh\Desktop\Learn\llm_eval\test\aapp_competition_test\3318\3318_gen_0.sv,allenai/olmo-3.1-32b-think:free,stop,,gen-1766409480-S1CVClYTyXlVbTEZPMKa
3963,aapp_competition_test,0,667,22163,20270,C:\Users\durgamaniryudh\Desktop\Learn\llm_eval\test\aapp_competition_test\3963\3963_gen_0.sv,allenai/olmo-3.1-32b-think:free,stop,,gen-1766409386-NkUOhS748sVBq6u334fS
3967,aapp_competition_test,0,784,15517,15315,C:\Users\durgamaniryudh\Desktop\Learn\llm_eval\test\aapp_competition_test\3967\3967_gen_0.sv,allenai/olmo-3.1-32b-think:free,stop,,gen-1766409619-ol63z4gMxgSBnujKHx2w
803,mbpp_train,0,761,8015,7758,C:\Users\durgamaniryudh\Desktop\Learn\llm_eval\test\mbpp_train\803\803_gen_0.sv,allenai/olmo-3.1-32b-think:free,stop,,gen-1766409832-sTWSOMjWDSKS9gKTxgW7
163,mbpp_test,0,982,22184,18230,C:\Users\durgamaniryudh\Desktop\Learn\llm_eval\test\mbpp_test\163\163_gen_0.sv,allenai/olmo-3.1-32b-think:free,stop,,gen-1766409527-TOIs9sgw0IS6PsHnsRky
802,mbpp_train,0,716,16759,16603,C:\Users\durgamaniryudh\Desktop\Learn\llm_eval\test\mbpp_train\802\802_gen_0.sv,allenai/olmo-3.1-32b-think:free,stop,,gen-1766409655-ync31y0a9WHp2tj9fytw
3317,aapp_competition_test,0,671,32768,14772,C:\Users\durgamaniryudh\Desktop\Learn\llm_eval\test\aapp_competition_test\3317\3317_gen_0.sv,allenai/olmo-3.1-32b-think:free,length,,gen-1766409341-lGeMTb4IgjrpuFW6NrH0
3320,aapp_competition_test,0,630,18281,20044,C:\Users\durgamaniryudh\Desktop\Learn\llm_eval\test\aapp_competition_test\3320\3320_gen_0.sv,allenai/olmo-3.1-32b-think:free,stop,,gen-1766409678-CVISFaSczVrMO1O8IRmW
3610,aapp_competition_test,0,788,17254,16773,C:\Users\durgamaniryudh\Desktop\Learn\llm_eval\test\aapp_competition_test\3610\3610_gen_0.sv,allenai/olmo-3.1-32b-think:free,stop,,gen-1766409703-n1H4hT5ScR6iqESq4wHn
3966,aapp_competition_test,0,652,20150,20033,C:\Users\durgamaniryudh\Desktop\Learn\llm_eval\test\aapp_competition_test\3966\3966_gen_0.sv,allenai/olmo-3.1-32b-think:free,stop,,gen-1766409758-38pJ1MdfMYvhIPCqqoBw
165,mbpp_test,0,826,21406,21954,C:\Users\durgamaniryudh\Desktop\Learn\llm_eval\test\mbpp_test\165\165_gen_0.sv,allenai/olmo-3.1-32b-think:free,stop,,gen-1766409713-XGk6RoLvlKA658DXmI65
804,mbpp_train,0,595,7737,7593,C:\Users\durgamaniryudh\Desktop\Learn\llm_eval\test\mbpp_train\804\804_gen_0.sv,allenai/olmo-3.1-32b-think:free,stop,,gen-1766410014-nvmDw4uAlrnRjdN7L9E1
162,mbpp_test,0,565,8685,7758,C:\Users\durgamaniryudh\Desktop\Learn\llm_eval\test\mbpp_test\162\162_gen_0.sv,allenai/olmo-3.1-32b-think:free,stop,,gen-1766410006-OTOFHrNFvWn9pwTm15lc
3313,aapp_competition_test,0,753,20646,19325,C:\Users\durgamaniryudh\Desktop\Learn\llm_eval\test\aapp_competition_test\3313\3313_gen_0.sv,allenai/olmo-3.1-32b-think:free,stop,,gen-1766409836-08HffYRy6GshWnYxoTCN
3614,aapp_competition_test,0,852,13842,13891,C:\Users\durgamaniryudh\Desktop\Learn\llm_eval\test\aapp_competition_test\3614\3614_gen_0.sv,allenai/olmo-3.1-32b-think:free,stop,,gen-1766410069-t99c1xa3qRSQLrZe5lXV
3965,aapp_competition_test,0,736,18520,19142,C:\Users\durgamaniryudh\Desktop\Learn\llm_eval\test\aapp_competition_test\3965\3965_gen_0.sv,allenai/olmo-3.1-32b-think:free,stop,,gen-1766410006-NHhI6mVUCGr7ET7uOcj6
3613,aapp_competition_test,0,1398,22356,22635,C:\Users\durgamaniryudh\Desktop\Learn\llm_eval\test\aapp_competition_test\3613\3613_gen_0.sv,allenai/olmo-3.1-32b-think:free,stop,,gen-1766409938-7LRoolvxCzNR0Hnbilks
168,mbpp_test,0,510,14116,14559,C:\Users\durgamaniryudh\Desktop\Learn\llm_eval\test\mbpp_test\168\168_gen_0.sv,allenai/olmo-3.1-32b-think:free,stop,,gen-1766410174-WnrPEBGjU0Xec4rm79nY
3969,aapp_competition_test,0,697,22113,20941,C:\Users\durgamaniryudh\Desktop\Learn\llm_eval\test\aapp_competition_test\3969\3969_gen_0.sv,allenai/olmo-3.1-32b-think:free,stop,,gen-1766410021-1JJVheMMuT1gtjYenZWt
805,mbpp_train,0,538,17870,15960,C:\Users\durgamaniryudh\Desktop\Learn\llm_eval\test\mbpp_train\805\805_gen_0.sv,allenai/olmo-3.1-32b-think:free,stop,,gen-1766410184-XITgrpd73oPS9gtqBOQV
3964,aapp_competition_test,0,1046,19380,18940,C:\Users\durgamaniryudh\Desktop\Learn\llm_eval\test\aapp_competition_test\3964\3964_gen_0.sv,allenai/olmo-3.1-32b-think:free,stop,,gen-1766410185-6N7uQfjqDpnf4YBLqIIz
3323,aapp_competition_test,0,894,21539,20097,C:\Users\durgamaniryudh\Desktop\Learn\llm_eval\test\aapp_competition_test\3323\3323_gen_0.sv,allenai/olmo-3.1-32b-think:free,stop,,gen-1766410190-RUAlW9mZHTLKFQfdyrzu
166,mbpp_test,0,922,13691,14001,C:\Users\durgamaniryudh\Desktop\Learn\llm_eval\test\mbpp_test\166\166_gen_0.sv,allenai/olmo-3.1-32b-think:free,stop,,gen-1766410374-oa0KUF40wtpWmTAY3ovI
3319,aapp_competition_test,0,1235,29593,29136,C:\Users\durgamaniryudh\Desktop\Learn\llm_eval\test\aapp_competition_test\3319\3319_gen_0.sv,allenai/olmo-3.1-32b-think:free,stop,,gen-1766410059-Geoqj93c1fZjoIfEv17i
808,mbpp_train,0,562,4106,3912,C:\Users\durgamaniryudh\Desktop\Learn\llm_eval\test\mbpp_train\808\808_gen_0.sv,allenai/olmo-3.1-32b-think:free,stop,,gen-1766410609-7Yu4STkvCYTffRCGdiZS
171,mbpp_test,0,491,7983,8620,C:\Users\durgamaniryudh\Desktop\Learn\llm_eval\test\mbpp_test\171\171_gen_0.sv,allenai/olmo-3.1-32b-think:free,stop,,gen-1766410573-KoTUFGBtemUc6PkYWNpc
3618,aapp_competition_test,0,1130,22522,20407,C:\Users\durgamaniryudh\Desktop\Learn\llm_eval\test\aapp_competition_test\3618\3618_gen_0.sv,allenai/olmo-3.1-32b-think:free,stop,,gen-1766410294-77X4fu35iHIsgtE2M3yz
809,mbpp_train,0,551,4868,4641,C:\Users\durgamaniryudh\Desktop\Learn\llm_eval\test\mbpp_train\809\809_gen_0.sv,allenai/olmo-3.1-32b-think:free,stop,,gen-1766410761-JmqNbwrGERNLMUJS2NFZ
222,mbpp_test,0,482,6697,6370,C:\Users\durgamaniryudh\Desktop\Learn\llm_eval\test\mbpp_test\222\222_gen_0.sv,allenai/olmo-3.1-32b-think:free,stop,,gen-1766410717-gklDrfUmYWEUfnMaTpUT
3324,aapp_competition_test,0,1189,10915,11314,C:\Users\durgamaniryudh\Desktop\Learn\llm_eval\test\aapp_competition_test\3324\3324_gen_0.sv,allenai/olmo-3.1-32b-think:free,stop,,gen-1766410658-WswiE2csaNzOtWNDaDc3
806,mbpp_train,0,1311,23182,18527,C:\Users\durgamaniryudh\Desktop\Learn\llm_eval\test\mbpp_train\806\806_gen_0.sv,allenai/olmo-3.1-32b-think:free,stop,,gen-1766410418-gHp0xUGbGyL567T32Cql
3597,aapp_competition_test,0,18036,11401,11349,C:\Users\durgamaniryudh\Desktop\Learn\llm_eval\test\aapp_competition_test\3597\3597_gen_0.sv,allenai/olmo-3.1-32b-think:free,stop,,gen-1766410667-PYQKYpcCzJMi6t6fspN9
3970,aapp_competition_test,0,660,22321,23920,C:\Users\durgamaniryudh\Desktop\Learn\llm_eval\test\aapp_competition_test\3970\3970_gen_0.sv,allenai/olmo-3.1-32b-think:free,stop,,gen-1766410425-tI8qMDwGXnjYPzzxZmky
3974,aapp_competition_test,0,724,12985,13480,C:\Users\durgamaniryudh\Desktop\Learn\llm_eval\test\aapp_competition_test\3974\3974_gen_0.sv,allenai/olmo-3.1-32b-think:free,stop,,gen-1766410705-iQ7h0Z0bxcfOioivWHwc
224,mbpp_test,0,580,3006,2756,C:\Users\durgamaniryudh\Desktop\Learn\llm_eval\test\mbpp_test\224\224_gen_0.sv,allenai/olmo-3.1-32b-think:free,stop,,gen-1766410909-EuzIDuuR5F2vCPjHRW62
3617,aapp_competition_test,0,1066,24028,22047,C:\Users\durgamaniryudh\Desktop\Learn\llm_eval\test\aapp_competition_test\3617\3617_gen_0.sv,allenai/olmo-3.1-32b-think:free,stop,,gen-1766410531-SfLZrEOZBThIwJ1xBLPb
227,mbpp_test,0,480,7931,7531,C:\Users\durgamaniryudh\Desktop\Learn\llm_eval\test\mbpp_test\227\227_gen_0.sv,allenai/olmo-3.1-32b-think:free,stop,,gen-1766410893-iVsbrY7aM1bQ0zE3NN6K
3322,aapp_competition_test,0,943,26563,26008,C:\Users\durgamaniryudh\Desktop\Learn\llm_eval\test\aapp_competition_test\3322\3322_gen_0.sv,allenai/olmo-3.1-32b-think:free,stop,,gen-1766410601-77I7HCIcKbC3ybth5nLL
807,mbpp_train,0,743,16063,15699,C:\Users\durgamaniryudh\Desktop\Learn\llm_eval\test\mbpp_train\807\807_gen_0.sv,allenai/olmo-3.1-32b-think:free,stop,,gen-1766410903-uxWVi90YozfukB9JNSos
3327,aapp_competition_test,0,772,13258,13796,C:\Users\durgamaniryudh\Desktop\Learn\llm_eval\test\aapp_competition_test\3327\3327_gen_0.sv,allenai/olmo-3.1-32b-think:free,stop,,gen-1766410915-z6z0Kl8SECEEeC6OtAWd
3328,aapp_competition_test,0,647,21400,18229,C:\Users\durgamaniryudh\Desktop\Learn\llm_eval\test\aapp_competition_test\3328\3328_gen_0.sv,allenai/olmo-3.1-32b-think:free,stop,,gen-1766410773-FZiQRTJYBsgtVSj5V1pq
3619,aapp_competition_test,0,1198,17745,17489,C:\Users\durgamaniryudh\Desktop\Learn\llm_eval\test\aapp_competition_test\3619\3619_gen_0.sv,allenai/olmo-3.1-32b-think:free,stop,,gen-1766410853-K13OvZx9Igs45n1W6iqj
3326,aapp_competition_test,0,745,14014,14799,C:\Users\durgamaniryudh\Desktop\Learn\llm_eval\test\aapp_competition_test\3326\3326_gen_0.sv,allenai/olmo-3.1-32b-think:free,stop,,gen-1766411034-hvOwmCThSH9eR5kcl2jJ
3968,aapp_competition_test,0,987,18386,16951,C:\Users\durgamaniryudh\Desktop\Learn\llm_eval\test\aapp_competition_test\3968\3968_gen_0.sv,allenai/olmo-3.1-32b-think:free,stop,,gen-1766410971-rOuo8ycpRZYTiaQhhZQ8
3620,aapp_competition_test,0,864,18903,17360,C:\Users\durgamaniryudh\Desktop\Learn\llm_eval\test\aapp_competition_test\3620\3620_gen_0.sv,allenai/olmo-3.1-32b-think:free,stop,,gen-1766410969-Yy3aKkYbuSC240UYmn4B
3976,aapp_competition_test,0,657,23057,22982,C:\Users\durgamaniryudh\Desktop\Learn\llm_eval\test\aapp_competition_test\3976\3976_gen_0.sv,allenai/olmo-3.1-32b-think:free,stop,,gen-1766410855-88zApvcZ5pO43VOsEbde
555,mbpp_validation,0,557,6944,5821,C:\Users\durgamaniryudh\Desktop\Learn\llm_eval\test\mbpp_validation\555\555_gen_0.sv,allenai/olmo-3.1-32b-think:free,stop,,gen-1766411251-sPVsCCcI5KpQmt08MquD
787,mbpp_train,0,751,21990,23078,C:\Users\durgamaniryudh\Desktop\Learn\llm_eval\test\mbpp_train\787\787_gen_0.sv,allenai/olmo-3.1-32b-think:free,stop,,gen-1766411023-CRkotkKGD8c5YC9McIC0
223,mbpp_test,0,774,14548,11757,C:\Users\durgamaniryudh\Desktop\Learn\llm_eval\test\mbpp_test\223\223_gen_0.sv,allenai/olmo-3.1-32b-think:free,stop,,gen-1766411218-h6MvKOo9QuPoN8iZXL03
3621,aapp_competition_test,0,882,21243,20946,C:\Users\durgamaniryudh\Desktop\Learn\llm_eval\test\aapp_competition_test\3621\3621_gen_0.sv,allenai/olmo-3.1-32b-think:free,stop,,gen-1766411175-03hLWc77p97eQ8IFuH5S
170,mbpp_test,0,561,15719,15655,C:\Users\durgamaniryudh\Desktop\Learn\llm_eval\test\mbpp_test\170\170_gen_0.sv,allenai/olmo-3.1-32b-think:free,stop,,gen-1766411332-7bQuLwhgL7dccFuvavky
3971,aapp_competition_test,0,801,23078,23088,C:\Users\durgamaniryudh\Desktop\Learn\llm_eval\test\aapp_competition_test\3971\3971_gen_0.sv,allenai/olmo-3.1-32b-think:free,stop,,gen-1766411209-ggyAwidUOMIXlRHyq0TP
3329,aapp_competition_test,0,862,19856,17794,C:\Users\durgamaniryudh\Desktop\Learn\llm_eval\test\aapp_competition_test\3329\3329_gen_0.sv,allenai/olmo-3.1-32b-think:free,stop,,gen-1766411258-hCMWRiXBdNzLpRzMjLdy
3624,aapp_competition_test,0,791,18134,17781,C:\Users\durgamaniryudh\Desktop\Learn\llm_eval\test\aapp_competition_test\3624\3624_gen_0.sv,allenai/olmo-3.1-32b-think:free,stop,,gen-1766411318-9HMH3GQCjQJAnJldJGeT
3331,aapp_competition_test,0,958,14518,14896,C:\Users\durgamaniryudh\Desktop\Learn\llm_eval\test\aapp_competition_test\3331\3331_gen_0.sv,allenai/olmo-3.1-32b-think:free,stop,,gen-1766411420-k6tsbMwUuAxhjx7669Ce
558,mbpp_validation,0,691,16202,15415,C:\Users\durgamaniryudh\Desktop\Learn\llm_eval\test\mbpp_validation\558\558_gen_0.sv,allenai/olmo-3.1-32b-think:free,stop,,gen-1766411387-Dbeqm1H1JZXaog1BGpxB
226,mbpp_test,0,582,8002,6747,C:\Users\durgamaniryudh\Desktop\Learn\llm_eval\test\mbpp_test\226\226_gen_0.sv,allenai/olmo-3.1-32b-think:free,stop,,gen-1766411671-N7SI5K9PCRaLIm441PaD
3978,aapp_competition_test,0,688,22863,24338,C:\Users\durgamaniryudh\Desktop\Learn\llm_eval\test\aapp_competition_test\3978\3978_gen_0.sv,allenai/olmo-3.1-32b-think:free,stop,,gen-1766411327-cjO18G8HOSgcwfqKlukA
3980,aapp_competition_test,0,650,14615,12527,C:\Users\durgamaniryudh\Desktop\Learn\llm_eval\test\aapp_competition_test\3980\3980_gen_0.sv,allenai/olmo-3.1-32b-think:free,stop,,gen-1766411604-bOqZsC54ktKfn6fu6F3r
3623,aapp_competition_test,0,1561,19532,18134,C:\Users\durgamaniryudh\Desktop\Learn\llm_eval\test\aapp_competition_test\3623\3623_gen_0.sv,allenai/olmo-3.1-32b-think:free,stop,,gen-1766411548-Rxaw6srKTrbWQNlAiylz
228,mbpp_test,0,646,8996,8383,C:\Users\durgamaniryudh\Desktop\Learn\llm_eval\test\mbpp_test\228\228_gen_0.sv,allenai/olmo-3.1-32b-think:free,stop,,gen-1766411854-tKRLGC5lYynmz7EABx8X
562,mbpp_validation,0,691,18209,16723,C:\Users\durgamaniryudh\Desktop\Learn\llm_eval\test\mbpp_validation\562\562_gen_0.sv,allenai/olmo-3.1-32b-think:free,stop,,gen-1766411732-iB0iHmirYx8EaXNfbbGM
3982,aapp_competition_test,0,895,16528,15914,C:\Users\durgamaniryudh\Desktop\Learn\llm_eval\test\aapp_competition_test\3982\3982_gen_0.sv,allenai/olmo-3.1-32b-think:free,stop,,gen-1766411781-IjJVlQOlKSynw8coy2gj
3325,aapp_competition_test,0,3059,18917,19298,C:\Users\durgamaniryudh\Desktop\Learn\llm_eval\test\aapp_competition_test\3325\3325_gen_0.sv,allenai/olmo-3.1-32b-think:free,stop,,gen-1766411753-VHznhbEo0HKhCKNDwaVY
230,mbpp_test,0,513,20003,17789,C:\Users\durgamaniryudh\Desktop\Learn\llm_eval\test\mbpp_test\230\230_gen_0.sv,allenai/olmo-3.1-32b-think:free,stop,,gen-1766411748-peNPJjsfCmaO7wkahw2O
559,mbpp_validation,0,718,20814,20837,C:\Users\durgamaniryudh\Desktop\Learn\llm_eval\test\mbpp_validation\559\559_gen_0.sv,allenai/olmo-3.1-32b-think:free,stop,,gen-1766411793-iz7x6v8xqFAbbeM2mQgk
3335,aapp_competition_test,0,826,17919,16442,C:\Users\durgamaniryudh\Desktop\Learn\llm_eval\test\aapp_competition_test\3335\3335_gen_0.sv,allenai/olmo-3.1-32b-think:free,stop,,gen-1766411897-SLpudVUHQyBmvEFyNIQS
556,mbpp_validation,0,713,12257,12955,C:\Users\durgamaniryudh\Desktop\Learn\llm_eval\test\mbpp_validation\556\556_gen_0.sv,allenai/olmo-3.1-32b-think:free,stop,,gen-1766412045-Fjla5nkU3CRKnV9MS5L5
3628,aapp_competition_test,0,1355,18633,18297,C:\Users\durgamaniryudh\Desktop\Learn\llm_eval\test\aapp_competition_test\3628\3628_gen_0.sv,allenai/olmo-3.1-32b-think:free,stop,,gen-1766411931-7NMxJX7dYGGTWRxFgMHc
3977,aapp_competition_test,0,2110,16590,16205,C:\Users\durgamaniryudh\Desktop\Learn\llm_eval\test\aapp_competition_test\3977\3977_gen_0.sv,allenai/olmo-3.1-32b-think:free,stop,,gen-1766411989-qxkOY5vP7YZXoN9NkqQ1
3333,aapp_competition_test,0,935,14618,13484,C:\Users\durgamaniryudh\Desktop\Learn\llm_eval\test\aapp_competition_test\3333\3333_gen_0.sv,allenai/olmo-3.1-32b-think:free,stop,,gen-1766412147-lgsEUslxJjLHQTJ4H7OK
3630,aapp_competition_test,0,681,19350,14968,C:\Users\durgamaniryudh\Desktop\Learn\llm_eval\test\aapp_competition_test\3630\3630_gen_0.sv,allenai/olmo-3.1-32b-think:free,stop,,gen-1766411996-QdYcKdXkIPDuaNAcWKbT
229,mbpp_test,0,695,18896,17581,C:\Users\durgamaniryudh\Desktop\Learn\llm_eval\test\mbpp_test\229\229_gen_0.sv,allenai/olmo-3.1-32b-think:free,stop,,gen-1766412141-EJ8ipuY9iNQxXMDpR72D
234,mbpp_test,0,499,4956,5180,C:\Users\durgamaniryudh\Desktop\Learn\llm_eval\test\mbpp_test\234\234_gen_0.sv,allenai/olmo-3.1-32b-think:free,stop,,gen-1766412469-7h3S6jYMWYReYzXQfQTh
3631,aapp_competition_test,0,1450,21226,20667,C:\Users\durgamaniryudh\Desktop\Learn\llm_eval\test\aapp_competition_test\3631\3631_gen_0.sv,allenai/olmo-3.1-32b-think:free,stop,,gen-1766412172-R7BZ7i93oyHR6UIk7kzW
3979,aapp_competition_test,0,729,22184,23635,C:\Users\durgamaniryudh\Desktop\Learn\llm_eval\test\aapp_competition_test\3979\3979_gen_0.sv,allenai/olmo-3.1-32b-think:free,stop,,gen-1766412204-H7XnOpNxt7xPD6qji11n
3981,aapp_competition_test,0,766,14618,14833,C:\Users\durgamaniryudh\Desktop\Learn\llm_eval\test\aapp_competition_test\3981\3981_gen_0.sv,allenai/olmo-3.1-32b-think:free,stop,,gen-1766412357-ua8smH7VoudS9o40Dpzn
172,mbpp_test,0,768,19180,19205,C:\Users\durgamaniryudh\Desktop\Learn\llm_eval\test\mbpp_test\172\172_gen_0.sv,allenai/olmo-3.1-32b-think:free,stop,,gen-1766412281-u5LjiXBDBxYEowjYN1i0
566,mbpp_validation,0,552,13144,11893,C:\Users\durgamaniryudh\Desktop\Learn\llm_eval\test\mbpp_validation\566\566_gen_0.sv,allenai/olmo-3.1-32b-think:free,stop,,gen-1766412463-GcHdZnlJtkGWlEG5vpHO
3337,aapp_competition_test,0,1131,24366,22784,C:\Users\durgamaniryudh\Desktop\Learn\llm_eval\test\aapp_competition_test\3337\3337_gen_0.sv,allenai/olmo-3.1-32b-think:free,stop,,gen-1766412323-Y3FgavoqY4hl9zdg54x0
564,mbpp_validation,0,1078,9993,8118,C:\Users\durgamaniryudh\Desktop\Learn\llm_eval\test\mbpp_validation\564\564_gen_0.sv,allenai/olmo-3.1-32b-think:free,stop,,gen-1766412690-ZoF268xBvRJ2V3BEw7Hj
3634,aapp_competition_test,0,779,25128,20854,C:\Users\durgamaniryudh\Desktop\Learn\llm_eval\test\aapp_competition_test\3634\3634_gen_0.sv,allenai/olmo-3.1-32b-think:free,stop,,gen-1766412341-oWcsSLL5h2xnK5Nwcm25
3338,aapp_competition_test,0,633,18747,19488,C:\Users\durgamaniryudh\Desktop\Learn\llm_eval\test\aapp_competition_test\3338\3338_gen_0.sv,allenai/olmo-3.1-32b-think:free,stop,,gen-1766412572-EwDQtuD9dob0wTqTdfwE
554,mbpp_validation,0,554,32768,21553,C:\Users\durgamaniryudh\Desktop\Learn\llm_eval\test\mbpp_validation\554\554_gen_0.sv,allenai/olmo-3.1-32b-think:free,length,,gen-1766412239-7B4Ee8blZhjOeseSlITv
3625,aapp_competition_test,0,5086,19812,18823,C:\Users\durgamaniryudh\Desktop\Learn\llm_eval\test\aapp_competition_test\3625\3625_gen_0.sv,allenai/olmo-3.1-32b-think:free,stop,,gen-1766412576-sNoPD20TDjZ2Tv0EIK6e
233,mbpp_test,0,720,13915,11160,C:\Users\durgamaniryudh\Desktop\Learn\llm_eval\test\mbpp_test\233\233_gen_0.sv,allenai/olmo-3.1-32b-think:free,stop,,gen-1766412712-999lRG9s6PeHEfE7DKZP
3340,aapp_competition_test,0,684,15200,14138,C:\Users\durgamaniryudh\Desktop\Learn\llm_eval\test\aapp_competition_test\3340\3340_gen_0.sv,allenai/olmo-3.1-32b-think:free,stop,,gen-1766412745-UxuwsxbMA6AqBqsqD7eE
3984,aapp_competition_test,0,603,19470,23435,C:\Users\durgamaniryudh\Desktop\Learn\llm_eval\test\aapp_competition_test\3984\3984_gen_0.sv,allenai/olmo-3.1-32b-think:free,stop,,gen-1766412684-Tvf5pQBnPqdemwyhQxbs
3635,aapp_competition_test,0,666,20947,20391,C:\Users\durgamaniryudh\Desktop\Learn\llm_eval\test\aapp_competition_test\3635\3635_gen_0.sv,allenai/olmo-3.1-32b-think:free,stop,,gen-1766412748-3NXQerTZvt7HA2qvYEBS
3986,aapp_competition_test,0,783,23362,23710,C:\Users\durgamaniryudh\Desktop\Learn\llm_eval\test\aapp_competition_test\3986\3986_gen_0.sv,allenai/olmo-3.1-32b-think:free,stop,,gen-1766412873-FIWOMEIjZsGNC5M5BFnk
3987,aapp_competition_test,0,859,22118,21805,C:\Users\durgamaniryudh\Desktop\Learn\llm_eval\test\aapp_competition_test\3987\3987_gen_0.sv,allenai/olmo-3.1-32b-think:free,stop,,gen-1766412923-0DkvNeP60T9bICWP8lqn
557,mbpp_validation,0,790,24021,18519,C:\Users\durgamaniryudh\Desktop\Learn\llm_eval\test\mbpp_validation\557\557_gen_0.sv,allenai/olmo-3.1-32b-think:free,stop,,gen-1766412898-hvvqfU9o716vBH4XH9UP
3332,aapp_competition_test,0,933,17196,15788,C:\Users\durgamaniryudh\Desktop\Learn\llm_eval\test\aapp_competition_test\3332\3332_gen_0.sv,allenai/olmo-3.1-32b-think:free,stop,,gen-1766413118-YcEHyKMEzdo9MtPm48Z8
565,mbpp_validation,0,520,19194,19357,C:\Users\durgamaniryudh\Desktop\Learn\llm_eval\test\mbpp_validation\565\565_gen_0.sv,allenai/olmo-3.1-32b-think:free,stop,,gen-1766413048-sm3EnzONFv0kiYmBXSq7
3985,aapp_competition_test,0,904,19850,19682,C:\Users\durgamaniryudh\Desktop\Learn\llm_eval\test\aapp_competition_test\3985\3985_gen_0.sv,allenai/olmo-3.1-32b-think:free,stop,,gen-1766413107-ffs67qVdu40ofTzlBn3G
232,mbpp_test,0,696,25159,15458,C:\Users\durgamaniryudh\Desktop\Learn\llm_eval\test\mbpp_test\232\232_gen_0.sv,allenai/olmo-3.1-32b-think:free,stop,,gen-1766413043-Ckc3XxwI5MZP4JDic8eA
3636,aapp_competition_test,0,812,12415,12764,C:\Users\durgamaniryudh\Desktop\Learn\llm_eval\test\aapp_competition_test\3636\3636_gen_0.sv,allenai/olmo-3.1-32b-think:free,stop,,gen-1766413321-0rKVGn4GH3vhNgIRKJB4
3632,aapp_competition_test,0,855,20188,21680,C:\Users\durgamaniryudh\Desktop\Learn\llm_eval\test\aapp_competition_test\3632\3632_gen_0.sv,allenai/olmo-3.1-32b-think:free,stop,,gen-1766413232-HT1hRo2TC9Q2FhfbrTSA
577,mbpp_validation,0,500,5859,5248,C:\Users\durgamaniryudh\Desktop\Learn\llm_eval\test\mbpp_validation\577\577_gen_0.sv,allenai/olmo-3.1-32b-think:free,stop,,gen-1766413554-jS9TQ9LmpzW3QPxKp4KJ
3336,aapp_competition_test,0,4777,22598,20458,C:\Users\durgamaniryudh\Desktop\Learn\llm_eval\test\aapp_competition_test\3336\3336_gen_0.sv,allenai/olmo-3.1-32b-think:free,stop,,gen-1766413219-ahlTVzYUWmeedsRJGlZb
238,mbpp_test,0,782,14167,12300,C:\Users\durgamaniryudh\Desktop\Learn\llm_eval\test\mbpp_test\238\238_gen_0.sv,allenai/olmo-3.1-32b-think:free,stop,,gen-1766413500-A93Zwnj0wD7LxPnDEplI
3341,aapp_competition_test,0,832,19164,19236,C:\Users\durgamaniryudh\Desktop\Learn\llm_eval\test\aapp_competition_test\3341\3341_gen_0.sv,allenai/olmo-3.1-32b-think:free,stop,,gen-1766413472-qdXeJFlIFXdhkORWYGka
3989,aapp_competition_test,0,735,22199,22254,C:\Users\durgamaniryudh\Desktop\Learn\llm_eval\test\aapp_competition_test\3989\3989_gen_0.sv,allenai/olmo-3.1-32b-think:free,stop,,gen-1766413423-tlawPaIkspp8kjuXi3QP
3637,aapp_competition_test,0,1103,21020,18495,C:\Users\durgamaniryudh\Desktop\Learn\llm_eval\test\aapp_competition_test\3637\3637_gen_0.sv,allenai/olmo-3.1-32b-think:free,stop,,gen-1766413475-VYdGjVL4eGZ8jDM7Febf
560,mbpp_validation,0,892,25937,24437,C:\Users\durgamaniryudh\Desktop\Learn\llm_eval\test\mbpp_validation\560\560_gen_0.sv,allenai/olmo-3.1-32b-think:free,stop,,gen-1766413419-QmHEISoihEyQF5LAMfoJ
244,mbpp_test,0,602,22146,17267,C:\Users\durgamaniryudh\Desktop\Learn\llm_eval\test\mbpp_test\244\244_gen_0.sv,allenai/olmo-3.1-32b-think:free,stop,,gen-1766413527-SvmwUeY4Xhnqw0hHc3dl
3342,aapp_competition_test,0,1059,19468,19490,C:\Users\durgamaniryudh\Desktop\Learn\llm_eval\test\aapp_competition_test\3342\3342_gen_0.sv,allenai/olmo-3.1-32b-think:free,stop,,gen-1766413661-kmChUDlZXWc7gW1FE1A3
3991,aapp_competition_test,0,833,23001,21273,C:\Users\durgamaniryudh\Desktop\Learn\llm_eval\test\aapp_competition_test\3991\3991_gen_0.sv,allenai/olmo-3.1-32b-think:free,stop,,gen-1766413612-yRjJzePsddbC3QXJ9F55
3641,aapp_competition_test,0,1201,19315,18231,C:\Users\durgamaniryudh\Desktop\Learn\llm_eval\test\aapp_competition_test\3641\3641_gen_0.sv,allenai/olmo-3.1-32b-think:free,stop,,gen-1766413679-6U1THOcaXRnIcLCtPr7B
568,mbpp_validation,0,697,17451,17635,C:\Users\durgamaniryudh\Desktop\Learn\llm_eval\test\mbpp_validation\568\568_gen_0.sv,allenai/olmo-3.1-32b-think:free,stop,,gen-1766413799-MIcJucsVmD8P2osVnaGp
239,mbpp_test,0,882,23544,19766,C:\Users\durgamaniryudh\Desktop\Learn\llm_eval\test\mbpp_test\239\239_gen_0.sv,allenai/olmo-3.1-32b-think:free,stop,,gen-1766413701-7XLPdNgsZvIYetGf0SAO
246,mbpp_test,0,775,12589,11836,C:\Users\durgamaniryudh\Desktop\Learn\llm_eval\test\mbpp_test\246\246_gen_0.sv,allenai/olmo-3.1-32b-think:free,stop,,gen-1766413978-5AoeyJhOw85Zs9gsjyY5
3992,aapp_competition_test,0,629,18384,17778,C:\Users\durgamaniryudh\Desktop\Learn\llm_eval\test\aapp_competition_test\3992\3992_gen_0.sv,allenai/olmo-3.1-32b-think:free,stop,,gen-1766413900-OdAaTmuFiQN50qZLYTIK
242,mbpp_test,0,465,6543,6757,C:\Users\durgamaniryudh\Desktop\Learn\llm_eval\test\mbpp_test\242\242_gen_0.sv,allenai/olmo-3.1-32b-think:free,stop,,gen-1766414189-JE3rRbjh57T2wZ5EZTIF
3343,aapp_competition_test,0,835,18284,18493,C:\Users\durgamaniryudh\Desktop\Learn\llm_eval\test\aapp_competition_test\3343\3343_gen_0.sv,allenai/olmo-3.1-32b-think:free,stop,,gen-1766413916-gCWkAzGc8vrgoX08g0hl
3640,aapp_competition_test,0,1008,17964,15392,C:\Users\durgamaniryudh\Desktop\Learn\llm_eval\test\aapp_competition_test\3640\3640_gen_0.sv,allenai/olmo-3.1-32b-think:free,stop,,gen-1766413944-OYNJX1i88jJt0hs8pQYf
576,mbpp_validation,0,717,16527,18289,C:\Users\durgamaniryudh\Desktop\Learn\llm_eval\test\mbpp_validation\576\576_gen_0.sv,allenai/olmo-3.1-32b-think:free,stop,,gen-1766414004-YC2VTwWaseC3JOFb1J45
3345,aapp_competition_test,0,1212,14782,14363,C:\Users\durgamaniryudh\Desktop\Learn\llm_eval\test\aapp_competition_test\3345\3345_gen_0.sv,allenai/olmo-3.1-32b-think:free,stop,,gen-1766414307-RB6HnKtYKRcLOtskI55f
3990,aapp_competition_test,0,929,24206,22037,C:\Users\durgamaniryudh\Desktop\Learn\llm_eval\test\aapp_competition_test\3990\3990_gen_0.sv,allenai/olmo-3.1-32b-think:free,stop,,gen-1766414075-HNfGi7j6mAiWLCtJE2Jb
3344,aapp_competition_test,0,996,23140,21749,C:\Users\durgamaniryudh\Desktop\Learn\llm_eval\test\aapp_competition_test\3344\3344_gen_0.sv,allenai/olmo-3.1-32b-think:free,stop,,gen-1766414094-5kt9bkrYQ682ydachUjg
3638,aapp_competition_test,0,1186,23977,20358,C:\Users\durgamaniryudh\Desktop\Learn\llm_eval\test\aapp_competition_test\3638\3638_gen_0.sv,allenai/olmo-3.1-32b-think:free,stop,,gen-1766414122-PuM2UswX0vADsPCC9AaE
3993,aapp_competition_test,0,816,17316,17880,C:\Users\durgamaniryudh\Desktop\Learn\llm_eval\test\aapp_competition_test\3993\3993_gen_0.sv,allenai/olmo-3.1-32b-think:free,stop,,gen-1766414253-q6FMfjUBa5VWKqRg8UCf
240,mbpp_test,0,822,17347,17058,C:\Users\durgamaniryudh\Desktop\Learn\llm_eval\test\mbpp_test\240\240_gen_0.sv,allenai/olmo-3.1-32b-think:free,stop,,gen-1766414328-VJ8hFqMvI95Gw0nIOHzg
3643,aapp_competition_test,0,888,18955,23594,C:\Users\durgamaniryudh\Desktop\Learn\llm_eval\test\aapp_competition_test\3643\3643_gen_0.sv,allenai/olmo-3.1-32b-think:free,stop,,gen-1766414320-2poi4K670MUW33madaGK
567,mbpp_validation,0,812,25715,26545,C:\Users\durgamaniryudh\Desktop\Learn\llm_eval\test\mbpp_validation\567\567_gen_0.sv,allenai/olmo-3.1-32b-think:free,stop,,gen-1766414201-s1wMFJZnDKwbUb46olIt
572,mbpp_validation,0,842,23974,17346,C:\Users\durgamaniryudh\Desktop\Learn\llm_eval\test\mbpp_validation\572\572_gen_0.sv,allenai/olmo-3.1-32b-think:free,stop,,gen-1766414329-Qob970X2lurtdAReBXwf
582,mbpp_validation,0,449,1760,1879,C:\Users\durgamaniryudh\Desktop\Learn\llm_eval\test\mbpp_validation\582\582_gen_0.sv,allenai/olmo-3.1-32b-think:free,stop,,gen-1766414850-7f16yuSZU3OFRyw9bXwZ
250,mbpp_test,0,538,7355,7000,C:\Users\durgamaniryudh\Desktop\Learn\llm_eval\test\mbpp_test\250\250_gen_0.sv,allenai/olmo-3.1-32b-think:free,stop,,gen-1766414741-T3VNM0AlGMdnrd0BVkxs
3346,aapp_competition_test,0,923,14445,15273,C:\Users\durgamaniryudh\Desktop\Learn\llm_eval\test\aapp_competition_test\3346\3346_gen_0.sv,allenai/olmo-3.1-32b-think:free,stop,,gen-1766414617-6k1m372oBN3unCTmMQbu
3995,aapp_competition_test,0,561,13746,13055,C:\Users\durgamaniryudh\Desktop\Learn\llm_eval\test\aapp_competition_test\3995\3995_gen_0.sv,allenai/olmo-3.1-32b-think:free,stop,,gen-1766414718-MRPHcUjKZ9k0zabzEylQ
574,mbpp_validation,0,745,17258,13563,C:\Users\durgamaniryudh\Desktop\Learn\llm_eval\test\mbpp_validation\574\574_gen_0.sv,allenai/olmo-3.1-32b-think:free,stop,,gen-1766414629-rXLlwChc5KHcQ76gZWmZ
245,mbpp_test,0,901,18946,17940,C:\Users\durgamaniryudh\Desktop\Learn\llm_eval\test\mbpp_test\245\245_gen_0.sv,allenai/olmo-3.1-32b-think:free,stop,,gen-1766414622-CtW7FFaZJoXiE6y37nFP
3644,aapp_competition_test,0,1004,20292,20380,C:\Users\durgamaniryudh\Desktop\Learn\llm_eval\test\aapp_competition_test\3644\3644_gen_0.sv,allenai/olmo-3.1-32b-think:free,stop,,gen-1766414617-JoaCKMJO5uG50mU6B2AM
3648,aapp_competition_test,0,916,18293,17870,C:\Users\durgamaniryudh\Desktop\Learn\llm_eval\test\aapp_competition_test\3648\3648_gen_0.sv,allenai/olmo-3.1-32b-think:free,stop,,gen-1766414693-vD6zpWzYjHtYSBj1fbWe
3348,aapp_competition_test,0,1173,22252,24487,C:\Users\durgamaniryudh\Desktop\Learn\llm_eval\test\aapp_competition_test\3348\3348_gen_0.sv,allenai/olmo-3.1-32b-think:free,stop,,gen-1766414636-4iKpbPTmPaP08b03K2VV
3994,aapp_competition_test,0,712,21726,21608,C:\Users\durgamaniryudh\Desktop\Learn\llm_eval\test\aapp_competition_test\3994\3994_gen_0.sv,allenai/olmo-3.1-32b-think:free,stop,,gen-1766414733-RpkKQuzEQ7sqdPv0xmyS
622,mbpp_train,0,696,21668,19413,C:\Users\durgamaniryudh\Desktop\Learn\llm_eval\test\mbpp_train\622\622_gen_0.sv,allenai/olmo-3.1-32b-think:free,stop,,gen-1766414875-UzekXuZ3g3j0uCxLVIey
3854,aapp_competition_test,0,763,18277,17820,C:\Users\durgamaniryudh\Desktop\Learn\llm_eval\test\aapp_competition_test\3854\3854_gen_0.sv,allenai/olmo-3.1-32b-think:free,stop,,gen-1766414978-TodQq6SxeWddtnNzW9Bm
3452,aapp_competition_test,0,679,18349,18949,C:\Users\durgamaniryudh\Desktop\Learn\llm_eval\test\aapp_competition_test\3452\3452_gen_0.sv,allenai/olmo-3.1-32b-think:free,stop,,gen-1766414978-J9fwCABetCowRiq05KPK
3451,aapp_competition_test,0,1474,24529,23783,C:\Users\durgamaniryudh\Desktop\Learn\llm_eval\test\aapp_competition_test\3451\3451_gen_0.sv,allenai/olmo-3.1-32b-think:free,stop,,gen-1766414897-R5Kpf47zoqXb5v4GICGU
3453,aapp_competition_test,0,668,16243,16423,C:\Users\durgamaniryudh\Desktop\Learn\llm_eval\test\aapp_competition_test\3453\3453_gen_0.sv,allenai/olmo-3.1-32b-think:free,stop,,gen-1766415083-yOaozMI5xAw3CmRAEXaO
619,mbpp_train,0,714,19824,19940,C:\Users\durgamaniryudh\Desktop\Learn\llm_eval\test\mbpp_train\619\619_gen_0.sv,allenai/olmo-3.1-32b-think:free,stop,,gen-1766414995-dsS9gu9anrOsD8N3WQWE
3852,aapp_competition_test,0,743,17932,18125,C:\Users\durgamaniryudh\Desktop\Learn\llm_eval\test\aapp_competition_test\3852\3852_gen_0.sv,allenai/olmo-3.1-32b-think:free,stop,,gen-1766415091-KZH56jR7T3D5WXK8e2WO
625,mbpp_train,0,750,15750,16375,C:\Users\durgamaniryudh\Desktop\Learn\llm_eval\test\mbpp_train\625\625_gen_0.sv,allenai/olmo-3.1-32b-think:free,stop,,gen-1766415169-r7HhCMY6k2P5ybDmk9m7
615,mbpp_train,0,883,21960,16239,C:\Users\durgamaniryudh\Desktop\Learn\llm_eval\test\mbpp_train\615\615_gen_0.sv,allenai/olmo-3.1-32b-think:free,stop,,gen-1766415028-9gU1GMuuHHUWPf8Fueb4
3851,aapp_competition_test,0,1010,22324,27375,C:\Users\durgamaniryudh\Desktop\Learn\llm_eval\test\aapp_competition_test\3851\3851_gen_0.sv,allenai/olmo-3.1-32b-think:free,stop,,gen-1766415134-UvoZ0bgWMJPfuoKnyN4z
3458,aapp_competition_test,0,734,15480,16100,C:\Users\durgamaniryudh\Desktop\Learn\llm_eval\test\aapp_competition_test\3458\3458_gen_0.sv,allenai/olmo-3.1-32b-think:free,stop,,gen-1766415334-pT6B8C98bify8kKGI6MG
637,mbpp_train,0,413,1461,1528,C:\Users\durgamaniryudh\Desktop\Learn\llm_eval\test\mbpp_train\637\637_gen_0.sv,allenai/olmo-3.1-32b-think:free,stop,,gen-1766415655-Kg1D4RD9Uru7ZHiPsI8L
629,mbpp_train,0,519,15686,10855,C:\Users\durgamaniryudh\Desktop\Learn\llm_eval\test\mbpp_train\629\629_gen_0.sv,allenai/olmo-3.1-32b-think:free,stop,,gen-1766415351-LRs50rxqjfg2ZFAXudkD
626,mbpp_train,0,616,13405,12504,C:\Users\durgamaniryudh\Desktop\Learn\llm_eval\test\mbpp_train\626\626_gen_0.sv,allenai/olmo-3.1-32b-think:free,stop,,gen-1766415421-VBqOMhVpOBo4zHSJ32ZH
3856,aapp_competition_test,0,963,14616,15061,C:\Users\durgamaniryudh\Desktop\Learn\llm_eval\test\aapp_competition_test\3856\3856_gen_0.sv,allenai/olmo-3.1-32b-think:free,stop,,gen-1766415418-i0KbHgs11TiVCmCIvLbV
3853,aapp_competition_test,0,934,18073,15836,C:\Users\durgamaniryudh\Desktop\Learn\llm_eval\test\aapp_competition_test\3853\3853_gen_0.sv,allenai/olmo-3.1-32b-think:free,stop,,gen-1766415350-SQ82PAiaxgkSZy3YjQqY
3457,aapp_competition_test,0,704,16677,15213,C:\Users\durgamaniryudh\Desktop\Learn\llm_eval\test\aapp_competition_test\3457\3457_gen_0.sv,allenai/olmo-3.1-32b-think:free,stop,,gen-1766415461-KwkcftN4qmJbP3vNHuaN
3459,aapp_competition_test,0,753,20086,19838,C:\Users\durgamaniryudh\Desktop\Learn\llm_eval\test\aapp_competition_test\3459\3459_gen_0.sv,allenai/olmo-3.1-32b-think:free,stop,,gen-1766415409-CpeRbK5XWuobkdmaFJIP
3455,aapp_competition_test,0,1048,20299,18896,C:\Users\durgamaniryudh\Desktop\Learn\llm_eval\test\aapp_competition_test\3455\3455_gen_0.sv,allenai/olmo-3.1-32b-think:free,stop,,gen-1766415506-pw8L6Fyj2fToyS3vmSac
3858,aapp_competition_test,0,1133,11959,11534,C:\Users\durgamaniryudh\Desktop\Learn\llm_eval\test\aapp_competition_test\3858\3858_gen_0.sv,allenai/olmo-3.1-32b-think:free,stop,,gen-1766415697-Uqtx8gukL0VWDJGWDDlP
3860,aapp_competition_test,0,634,15930,14527,C:\Users\durgamaniryudh\Desktop\Learn\llm_eval\test\aapp_competition_test\3860\3860_gen_0.sv,allenai/olmo-3.1-32b-think:free,stop,,gen-1766415590-108ShU4yvcYTUIk93AUq
3849,aapp_competition_test,0,927,23000,21241,C:\Users\durgamaniryudh\Desktop\Learn\llm_eval\test\aapp_competition_test\3849\3849_gen_0.sv,allenai/olmo-3.1-32b-think:free,stop,,gen-1766415501-W8MqAnIRTEdykckRJRmu
3862,aapp_competition_test,0,959,17137,15976,C:\Users\durgamaniryudh\Desktop\Learn\llm_eval\test\aapp_competition_test\3862\3862_gen_0.sv,allenai/olmo-3.1-32b-think:free,stop,,gen-1766415754-zpgqhbo4K1OBvVfyXdh4
3461,aapp_competition_test,0,890,18439,16832,C:\Users\durgamaniryudh\Desktop\Learn\llm_eval\test\aapp_competition_test\3461\3461_gen_0.sv,allenai/olmo-3.1-32b-think:free,stop,,gen-1766415752-0EjbhpnVfd9RNwtGZkhU
627,mbpp_train,0,786,20093,19986,C:\Users\durgamaniryudh\Desktop\Learn\llm_eval\test\mbpp_train\627\627_gen_0.sv,allenai/olmo-3.1-32b-think:free,stop,,gen-1766415715-f0XCcypvKWlaQr0CSrsB
3460,aapp_competition_test,0,838,22941,21083,C:\Users\durgamaniryudh\Desktop\Learn\llm_eval\test\aapp_competition_test\3460\3460_gen_0.sv,allenai/olmo-3.1-32b-think:free,stop,,gen-1766415695-f8O4T4oCSsBeG88OKqMj
3462,aapp_competition_test,0,742,17003,18926,C:\Users\durgamaniryudh\Desktop\Learn\llm_eval\test\aapp_competition_test\3462\3462_gen_0.sv,allenai/olmo-3.1-32b-think:free,stop,,gen-1766415838-9G3MyEjGwaOOZaA3AOCs
632,mbpp_train,0,620,18505,20789,C:\Users\durgamaniryudh\Desktop\Learn\llm_eval\test\mbpp_train\632\632_gen_0.sv,allenai/olmo-3.1-32b-think:free,stop,,gen-1766415817-TT9SBdQLTLA5S8SxjQ6L
633,mbpp_train,0,640,13910,12535,C:\Users\durgamaniryudh\Desktop\Learn\llm_eval\test\mbpp_train\633\633_gen_0.sv,allenai/olmo-3.1-32b-think:free,stop,,gen-1766415958-J8I5yIp3UVStk3lfjYnE
3861,aapp_competition_test,0,1321,21523,19000,C:\Users\durgamaniryudh\Desktop\Learn\llm_eval\test\aapp_competition_test\3861\3861_gen_0.sv,allenai/olmo-3.1-32b-think:free,stop,,gen-1766415943-guH0qqeYo0L8Ecnm6MUJ
3463,aapp_competition_test,0,832,21863,20021,C:\Users\durgamaniryudh\Desktop\Learn\llm_eval\test\aapp_competition_test\3463\3463_gen_0.sv,allenai/olmo-3.1-32b-think:free,stop,,gen-1766415960-Kr2YekKfyti33PjU3cup
630,mbpp_train,0,664,14368,13846,C:\Users\durgamaniryudh\Desktop\Learn\llm_eval\test\mbpp_train\630\630_gen_0.sv,allenai/olmo-3.1-32b-think:free,stop,,gen-1766416127-wyabXYze2QSJbyKlk4IU
3869,aapp_competition_test,0,688,16185,15141,C:\Users\durgamaniryudh\Desktop\Learn\llm_eval\test\aapp_competition_test\3869\3869_gen_0.sv,allenai/olmo-3.1-32b-think:free,stop,,gen-1766416177-cMXSwHqk6lIAORD2m718
3464,aapp_competition_test,0,1071,18175,14730,C:\Users\durgamaniryudh\Desktop\Learn\llm_eval\test\aapp_competition_test\3464\3464_gen_0.sv,allenai/olmo-3.1-32b-think:free,stop,,gen-1766416166-C0nPscMWJRqfAVmZVael
3465,aapp_competition_test,0,1002,16247,16289,C:\Users\durgamaniryudh\Desktop\Learn\llm_eval\test\aapp_competition_test\3465\3465_gen_0.sv,allenai/olmo-3.1-32b-think:free,stop,,gen-1766416200-FSSA0ZQn83ixwZZCqxli
631,mbpp_train,0,605,22856,17774,C:\Users\durgamaniryudh\Desktop\Learn\llm_eval\test\mbpp_train\631\631_gen_0.sv,allenai/olmo-3.1-32b-think:free,stop,,gen-1766416115-4KtU5jcUCyNjR45wYxlC
3866,aapp_competition_test,0,957,17747,17846,C:\Users\durgamaniryudh\Desktop\Learn\llm_eval\test\aapp_competition_test\3866\3866_gen_0.sv,allenai/olmo-3.1-32b-think:free,stop,,gen-1766416253-rZq5Kq2wS5eNyPPSpJqm
3870,aapp_competition_test,0,903,17710,16098,C:\Users\durgamaniryudh\Desktop\Learn\llm_eval\test\aapp_competition_test\3870\3870_gen_0.sv,allenai/olmo-3.1-32b-think:free,stop,,gen-1766416254-ZQYGAZELDpgpJXqQRRYH
638,mbpp_train,0,777,21592,19024,C:\Users\durgamaniryudh\Desktop\Learn\llm_eval\test\mbpp_train\638\638_gen_0.sv,allenai/olmo-3.1-32b-think:free,stop,,gen-1766416195-hQQ7y1XbLh11u6EkoX1J
641,mbpp_train,0,527,7958,7419,C:\Users\durgamaniryudh\Desktop\Learn\llm_eval\test\mbpp_train\641\641_gen_0.sv,allenai/olmo-3.1-32b-think:free,stop,,gen-1766416649-8iron4mvtAHEApmFWlU7
635,mbpp_train,0,646,19886,19042,C:\Users\durgamaniryudh\Desktop\Learn\llm_eval\test\mbpp_train\635\635_gen_0.sv,allenai/olmo-3.1-32b-think:free,stop,,gen-1766416405-Nf9cspIBLdW7JKdr1nUP
3469,aapp_competition_test,0,939,10955,11115,C:\Users\durgamaniryudh\Desktop\Learn\llm_eval\test\aapp_competition_test\3469\3469_gen_0.sv,allenai/olmo-3.1-32b-think:free,stop,,gen-1766416666-o9dUOmw3EacES4qAMViT
3470,aapp_competition_test,0,824,17238,14919,C:\Users\durgamaniryudh\Desktop\Learn\llm_eval\test\aapp_competition_test\3470\3470_gen_0.sv,allenai/olmo-3.1-32b-think:free,stop,,gen-1766416545-3niLqohxj5frm1uZHAry
3472,aapp_competition_test,0,699,16702,17031,C:\Users\durgamaniryudh\Desktop\Learn\llm_eval\test\aapp_competition_test\3472\3472_gen_0.sv,allenai/olmo-3.1-32b-think:free,stop,,gen-1766416599-57yjvqNY1txL39yTeYyj
3867,aapp_competition_test,0,1066,17151,18394,C:\Users\durgamaniryudh\Desktop\Learn\llm_eval\test\aapp_competition_test\3867\3867_gen_0.sv,allenai/olmo-3.1-32b-think:free,stop,,gen-1766416595-BitjE2tbNzrptlt537Fm
628,mbpp_train,0,1134,21374,22397,C:\Users\durgamaniryudh\Desktop\Learn\llm_eval\test\mbpp_train\628\628_gen_0.sv,allenai/olmo-3.1-32b-think:free,stop,,gen-1766416544-R13NXcLxLRUcXm64HiYC
3467,aapp_competition_test,0,959,31884,28988,C:\Users\durgamaniryudh\Desktop\Learn\llm_eval\test\aapp_competition_test\3467\3467_gen_0.sv,allenai/olmo-3.1-32b-think:free,stop,,gen-1766416410-y0tX91n3YP5012ws5ucN
3865,aapp_competition_test,0,591,13655,13416,C:\Users\durgamaniryudh\Desktop\Learn\llm_eval\test\aapp_competition_test\3865\3865_gen_0.sv,allenai/olmo-3.1-32b-think:free,stop,,gen-1766416824-VDPTYq4u6L1XjYluDFFW
3873,aapp_competition_test,0,933,21986,20726,C:\Users\durgamaniryudh\Desktop\Learn\llm_eval\test\aapp_competition_test\3873\3873_gen_0.sv,allenai/olmo-3.1-32b-think:free,stop,,gen-1766416617-RopYtzvxdgDX9Fv2M4oV
643,mbpp_train,0,733,14156,14241,C:\Users\durgamaniryudh\Desktop\Learn\llm_eval\test\mbpp_train\643\643_gen_0.sv,allenai/olmo-3.1-32b-think:free,stop,,gen-1766416846-pFguS16seviv89jH5cI7
3474,aapp_competition_test,0,820,14443,15007,C:\Users\durgamaniryudh\Desktop\Learn\llm_eval\test\aapp_competition_test\3474\3474_gen_0.sv,allenai/olmo-3.1-32b-think:free,stop,,gen-1766416962-Xw6UT17T8GklTJk4LY12
3471,aapp_competition_test,0,820,17815,17813,C:\Users\durgamaniryudh\Desktop\Learn\llm_eval\test\aapp_competition_test\3471\3471_gen_0.sv,allenai/olmo-3.1-32b-think:free,stop,,gen-1766416907-XCtrL1AVVtk5tVjakCoi
3872,aapp_competition_test,0,855,22092,19805,C:\Users\durgamaniryudh\Desktop\Learn\llm_eval\test\aapp_competition_test\3872\3872_gen_0.sv,allenai/olmo-3.1-32b-think:free,stop,,gen-1766416805-bvUftsey9Bpa5jUuzuxu
723,mbpp_train,0,524,12024,10936,C:\Users\durgamaniryudh\Desktop\Learn\llm_eval\test\mbpp_train\723\723_gen_0.sv,allenai/olmo-3.1-32b-think:free,stop,,gen-1766417086-Hj4B6e1i6hIRS4fzHzT6
3871,aapp_competition_test,0,710,17899,18655,C:\Users\durgamaniryudh\Desktop\Learn\llm_eval\test\aapp_competition_test\3871\3871_gen_0.sv,allenai/olmo-3.1-32b-think:free,stop,,gen-1766416946-dUseMu0u8etdGrXrVWs1
3874,aapp_competition_test,0,882,18292,21416,C:\Users\durgamaniryudh\Desktop\Learn\llm_eval\test\aapp_competition_test\3874\3874_gen_0.sv,allenai/olmo-3.1-32b-think:free,stop,,gen-1766417008-umANKvG9F7AmXnGWa0Sh
639,mbpp_train,0,867,25626,27917,C:\Users\durgamaniryudh\Desktop\Learn\llm_eval\test\mbpp_train\639\639_gen_0.sv,allenai/olmo-3.1-32b-think:free,stop,,gen-1766416959-s2kDol42zvN7ONeohaWE
644,mbpp_train,0,748,18264,18872,C:\Users\durgamaniryudh\Desktop\Learn\llm_eval\test\mbpp_train\644\644_gen_0.sv,allenai/olmo-3.1-32b-think:free,stop,,gen-1766417148-56LTmA6TiJSASo63EZp6
3877,aapp_competition_test,0,716,22405,22549,C:\Users\durgamaniryudh\Desktop\Learn\llm_eval\test\aapp_competition_test\3877\3877_gen_0.sv,allenai/olmo-3.1-32b-think:free,stop,,gen-1766417135-BkEkwgAYRY7zfD9MaOvm
3879,aapp_competition_test,0,683,15869,18487,C:\Users\durgamaniryudh\Desktop\Learn\llm_eval\test\aapp_competition_test\3879\3879_gen_0.sv,allenai/olmo-3.1-32b-think:free,stop,,gen-1766417275-2UezrifpekwtSt9bzF4M
3477,aapp_competition_test,0,925,26336,22973,C:\Users\durgamaniryudh\Desktop\Learn\llm_eval\test\aapp_competition_test\3477\3477_gen_0.sv,allenai/olmo-3.1-32b-think:free,stop,,gen-1766417101-ROSOsKTRTGSmQmKm0YHJ
3473,aapp_competition_test,0,850,18268,17612,C:\Users\durgamaniryudh\Desktop\Learn\llm_eval\test\aapp_competition_test\3473\3473_gen_0.sv,allenai/olmo-3.1-32b-think:free,stop,,gen-1766417274-nZJ4vRhIeI8WBmjDnTot
3878,aapp_competition_test,0,985,16888,15764,C:\Users\durgamaniryudh\Desktop\Learn\llm_eval\test\aapp_competition_test\3878\3878_gen_0.sv,allenai/olmo-3.1-32b-think:free,stop,,gen-1766417331-vfyqjPo0p4r6v8GMFYoM
720,mbpp_train,0,973,13863,12863,C:\Users\durgamaniryudh\Desktop\Learn\llm_eval\test\mbpp_train\720\720_gen_0.sv,allenai/olmo-3.1-32b-think:free,stop,,gen-1766417392-kqfNAdKOWH1Uoww5hBNu
3466,aapp_competition_test,0,646,18067,18613,C:\Users\durgamaniryudh\Desktop\Learn\llm_eval\test\aapp_competition_test\3466\3466_gen_0.sv,allenai/olmo-3.1-32b-think:free,stop,,gen-1766417331-fkLLd5ZR5CO7AVDRZ9F0
640,mbpp_train,0,886,20783,21984,C:\Users\durgamaniryudh\Desktop\Learn\llm_eval\test\mbpp_train\640\640_gen_0.sv,allenai/olmo-3.1-32b-think:free,stop,,gen-1766417299-EYrexPKTXkoZdkJf3NTM
726,mbpp_train,0,460,7150,6343,C:\Users\durgamaniryudh\Desktop\Learn\llm_eval\test\mbpp_train\726\726_gen_0.sv,allenai/olmo-3.1-32b-think:free,stop,,gen-1766417636-OAcTEaHmIKZNZikWT391
3478,aapp_competition_test,0,651,18401,16863,C:\Users\durgamaniryudh\Desktop\Learn\llm_eval\test\aapp_competition_test\3478\3478_gen_0.sv,allenai/olmo-3.1-32b-think:free,stop,,gen-1766417500-CrDGtUueJ9TGrxrLabvq
732,mbpp_train,0,581,11936,11560,C:\Users\durgamaniryudh\Desktop\Learn\llm_eval\test\mbpp_train\732\732_gen_0.sv,allenai/olmo-3.1-32b-think:free,stop,,gen-1766417678-QJiur1XDMRuA5ehkXJqP
3885,aapp_competition_test,0,519,10763,9055,C:\Users\durgamaniryudh\Desktop\Learn\llm_eval\test\aapp_competition_test\3885\3885_gen_0.sv,allenai/olmo-3.1-32b-think:free,stop,,gen-1766417726-nvk3BDxgfmlORBYxXLpC
3882,aapp_competition_test,0,640,18200,16654,C:\Users\durgamaniryudh\Desktop\Learn\llm_eval\test\aapp_competition_test\3882\3882_gen_0.sv,allenai/olmo-3.1-32b-think:free,stop,,gen-1766417562-htQYeCgHhxQMRIDNw81U
3880,aapp_competition_test,0,1006,13828,13266,C:\Users\durgamaniryudh\Desktop\Learn\llm_eval\test\aapp_competition_test\3880\3880_gen_0.sv,allenai/olmo-3.1-32b-think:free,stop,,gen-1766417675-fLa9PvhspOZo0V8Nd6CY
3449,aapp_competition_test,0,3166,11959,9944,C:\Users\durgamaniryudh\Desktop\Learn\llm_eval\test\aapp_competition_test\3449\3449_gen_0.sv,allenai/olmo-3.1-32b-think:free,stop,,gen-1766417753-uCzcZS3MQL9XxCwhaC9E
3479,aapp_competition_test,0,914,15072,14947,C:\Users\durgamaniryudh\Desktop\Learn\llm_eval\test\aapp_competition_test\3479\3479_gen_0.sv,allenai/olmo-3.1-32b-think:free,stop,,gen-1766417697-gVDhrZfJP6CrAj199Pv0
3447,aapp_competition_test,0,1013,18273,17180,C:\Users\durgamaniryudh\Desktop\Learn\llm_eval\test\aapp_competition_test\3447\3447_gen_0.sv,allenai/olmo-3.1-32b-think:free,stop,,gen-1766417639-3JhNf7Hr2AIZLTsQT9aR
3883,aapp_competition_test,0,894,17667,16783,C:\Users\durgamaniryudh\Desktop\Learn\llm_eval\test\aapp_competition_test\3883\3883_gen_0.sv,allenai/olmo-3.1-32b-think:free,stop,,gen-1766417803-jhz7j4nMc1FGYz8Xb7KJ
721,mbpp_train,0,1175,21229,18981,C:\Users\durgamaniryudh\Desktop\Learn\llm_eval\test\mbpp_train\721\721_gen_0.sv,allenai/olmo-3.1-32b-think:free,stop,,gen-1766417742-yTHNfaUg5xDK1mmLM7F1
728,mbpp_train,0,599,8818,7604,C:\Users\durgamaniryudh\Desktop\Learn\llm_eval\test\mbpp_train\728\728_gen_0.sv,allenai/olmo-3.1-32b-think:free,stop,,gen-1766418034-BmwpUXGdi96jpFvr16Qb
3881,aapp_competition_test,0,747,15459,15508,C:\Users\durgamaniryudh\Desktop\Learn\llm_eval\test\aapp_competition_test\3881\3881_gen_0.sv,allenai/olmo-3.1-32b-think:free,stop,,gen-1766417955-mpc6vRrVrxcWWp7W4nM4
722,mbpp_train,0,950,19280,19577,C:\Users\durgamaniryudh\Desktop\Learn\llm_eval\test\mbpp_train\722\722_gen_0.sv,allenai/olmo-3.1-32b-think:free,stop,,gen-1766417901-34QWG2JfITr9ZjMjx2GM
731,mbpp_train,0,695,17307,14930,C:\Users\durgamaniryudh\Desktop\Learn\llm_eval\test\mbpp_train\731\731_gen_0.sv,allenai/olmo-3.1-32b-think:free,stop,,gen-1766417971-CkM3TrDtUen4wP6eMzA9
3482,aapp_competition_test,0,897,17144,16678,C:\Users\durgamaniryudh\Desktop\Learn\llm_eval\test\aapp_competition_test\3482\3482_gen_0.sv,allenai/olmo-3.1-32b-think:free,stop,,gen-1766417980-4DBY2xrcKbJDOiI1Fxt3
3481,aapp_competition_test,0,1246,19751,18775,C:\Users\durgamaniryudh\Desktop\Learn\llm_eval\test\aapp_competition_test\3481\3481_gen_0.sv,allenai/olmo-3.1-32b-think:free,stop,,gen-1766417929-0Q1jsqyEnD2jJIwQCFA2
3884,aapp_competition_test,0,1257,19341,18573,C:\Users\durgamaniryudh\Desktop\Learn\llm_eval\test\aapp_competition_test\3884\3884_gen_0.sv,allenai/olmo-3.1-32b-think:free,stop,,gen-1766418022-CdxqESZtsK67z0eGtKjV
735,mbpp_train,0,569,9074,7302,C:\Users\durgamaniryudh\Desktop\Learn\llm_eval\test\mbpp_train\735\735_gen_0.sv,allenai/olmo-3.1-32b-think:free,stop,,gen-1766418321-MUHqArgDWkIXVKdEO8hO
3483,aapp_competition_test,0,988,22146,21275,C:\Users\durgamaniryudh\Desktop\Learn\llm_eval\test\aapp_competition_test\3483\3483_gen_0.sv,allenai/olmo-3.1-32b-think:free,stop,,gen-1766418043-OTapSAFVRGz06BsMJ6E0
725,mbpp_train,0,943,20045,20389,C:\Users\durgamaniryudh\Desktop\Learn\llm_eval\test\mbpp_train\725\725_gen_0.sv,allenai/olmo-3.1-32b-think:free,stop,,gen-1766418207-516a8ohbNrucoTqDCfnX
730,mbpp_train,0,665,12831,13227,C:\Users\durgamaniryudh\Desktop\Learn\llm_eval\test\mbpp_train\730\730_gen_0.sv,allenai/olmo-3.1-32b-think:free,stop,,gen-1766418360-dqjI35picQ4dNHev02gJ
3488,aapp_competition_test,0,753,15193,15237,C:\Users\durgamaniryudh\Desktop\Learn\llm_eval\test\aapp_competition_test\3488\3488_gen_0.sv,allenai/olmo-3.1-32b-think:free,stop,,gen-1766418330-FBwJEkcS8KaPFsTZXL9t
3887,aapp_competition_test,0,829,15957,16661,C:\Users\durgamaniryudh\Desktop\Learn\llm_eval\test\aapp_competition_test\3887\3887_gen_0.sv,allenai/olmo-3.1-32b-think:free,stop,,gen-1766418336-lRJ2AeF8NcrJgR6vR5gS
3889,aapp_competition_test,0,548,19251,21654,C:\Users\durgamaniryudh\Desktop\Learn\llm_eval\test\aapp_competition_test\3889\3889_gen_0.sv,allenai/olmo-3.1-32b-think:free,stop,,gen-1766418286-dfp6Cq4ZxkVfBPXuqqPP
3886,aapp_competition_test,0,966,25205,22582,C:\Users\durgamaniryudh\Desktop\Learn\llm_eval\test\aapp_competition_test\3886\3886_gen_0.sv,allenai/olmo-3.1-32b-think:free,stop,,gen-1766418199-rPLalsGT9Czi66ZTqoZq
3484,aapp_competition_test,0,994,24273,22538,C:\Users\durgamaniryudh\Desktop\Learn\llm_eval\test\aapp_competition_test\3484\3484_gen_0.sv,allenai/olmo-3.1-32b-think:free,stop,,gen-1766418221-kv4qEbK7XaSY5NLqONxe
3485,aapp_competition_test,0,833,14956,14919,C:\Users\durgamaniryudh\Desktop\Learn\llm_eval\test\aapp_competition_test\3485\3485_gen_0.sv,allenai/olmo-3.1-32b-think:free,stop,,gen-1766418440-6TyM4EV9omlPkQQ4UdLR
3893,aapp_competition_test,0,917,7876,6647,C:\Users\durgamaniryudh\Desktop\Learn\llm_eval\test\aapp_competition_test\3893\3893_gen_0.sv,allenai/olmo-3.1-32b-think:free,stop,,gen-1766418708-x2QbHI3GJgwVWbUR6hJS
734,mbpp_train,0,652,15657,14862,C:\Users\durgamaniryudh\Desktop\Learn\llm_eval\test\mbpp_train\734\734_gen_0.sv,allenai/olmo-3.1-32b-think:free,stop,,gen-1766418527-kv7lOBA1AW9DS4YbZydO
3890,aapp_competition_test,0,845,17626,17674,C:\Users\durgamaniryudh\Desktop\Learn\llm_eval\test\aapp_competition_test\3890\3890_gen_0.sv,allenai/olmo-3.1-32b-think:free,stop,,gen-1766418501-r77ZzTJAynfdbp69mueG
3487,aapp_competition_test,0,1149,19214,18136,C:\Users\durgamaniryudh\Desktop\Learn\llm_eval\test\aapp_competition_test\3487\3487_gen_0.sv,allenai/olmo-3.1-32b-think:free,stop,,gen-1766418626-sy39PmNKBOk5KZAcwyUi
739,mbpp_train,0,806,18392,17972,C:\Users\durgamaniryudh\Desktop\Learn\llm_eval\test\mbpp_train\739\739_gen_0.sv,allenai/olmo-3.1-32b-think:free,stop,,gen-1766418655-pA9AvHwn6iAMQ6hRBEWO
3489,aapp_competition_test,0,1127,18136,17532,C:\Users\durgamaniryudh\Desktop\Learn\llm_eval\test\aapp_competition_test\3489\3489_gen_0.sv,allenai/olmo-3.1-32b-think:free,stop,,gen-1766418660-Tyq6z0oVFXwMPbvLtHFF
3892,aapp_competition_test,0,893,18783,18270,C:\Users\durgamaniryudh\Desktop\Learn\llm_eval\test\aapp_competition_test\3892\3892_gen_0.sv,allenai/olmo-3.1-32b-think:free,stop,,gen-1766418717-joLBgaGqmJh83NXaPt6S
3480,aapp_competition_test,0,5591,11756,12141,C:\Users\durgamaniryudh\Desktop\Learn\llm_eval\test\aapp_competition_test\3480\3480_gen_0.sv,allenai/olmo-3.1-32b-think:free,stop,,gen-1766418892-bCqpk4xWsZhCgFCzMJgZ
3891,aapp_competition_test,0,787,19028,19732,C:\Users\durgamaniryudh\Desktop\Learn\llm_eval\test\aapp_competition_test\3891\3891_gen_0.sv,allenai/olmo-3.1-32b-think:free,stop,,gen-1766418768-KxDdSuojDer5RhGqXwM4
3490,aapp_competition_test,0,956,20704,19754,C:\Users\durgamaniryudh\Desktop\Learn\llm_eval\test\aapp_competition_test\3490\3490_gen_0.sv,allenai/olmo-3.1-32b-think:free,stop,,gen-1766418754-suPX0CSHxwd97pCHJH2C
736,mbpp_train,0,687,15506,15651,C:\Users\durgamaniryudh\Desktop\Learn\llm_eval\test\mbpp_train\736\736_gen_0.sv,allenai/olmo-3.1-32b-think:free,stop,,gen-1766418885-Adfaio9KnEx5NO94ZwZW
733,mbpp_train,0,901,23764,23895,C:\Users\durgamaniryudh\Desktop\Learn\llm_eval\test\mbpp_train\733\733_gen_0.sv,allenai/olmo-3.1-32b-think:free,stop,,gen-1766418740-R6Zedxu505M8qjE5vCdn
744,mbpp_train,0,488,7315,6824,C:\Users\durgamaniryudh\Desktop\Learn\llm_eval\test\mbpp_train\744\744_gen_0.sv,allenai/olmo-3.1-32b-think:free,stop,,gen-1766419234-V80JVln9BR1ISBhafV9i
742,mbpp_train,0,543,10015,8817,C:\Users\durgamaniryudh\Desktop\Learn\llm_eval\test\mbpp_train\742\742_gen_0.sv,allenai/olmo-3.1-32b-think:free,stop,,gen-1766419162-2DWpQNeVkINLdM5WN0H1
737,mbpp_train,0,722,14726,15898,C:\Users\durgamaniryudh\Desktop\Learn\llm_eval\test\mbpp_train\737\737_gen_0.sv,allenai/olmo-3.1-32b-think:free,stop,,gen-1766419065-4Cjphxpkk01F6HiXVrEw
3493,aapp_competition_test,0,991,14077,14514,C:\Users\durgamaniryudh\Desktop\Learn\llm_eval\test\aapp_competition_test\3493\3493_gen_0.sv,allenai/olmo-3.1-32b-think:free,stop,,gen-1766419080-k7vO6gEU2T7BXENbULz9
3895,aapp_competition_test,0,792,21947,16285,C:\Users\durgamaniryudh\Desktop\Learn\llm_eval\test\aapp_competition_test\3895\3895_gen_0.sv,allenai/olmo-3.1-32b-think:free,stop,,gen-1766418900-di1Lsyu7u23ioRkyb7Bk
3896,aapp_competition_test,0,720,20825,18255,C:\Users\durgamaniryudh\Desktop\Learn\llm_eval\test\aapp_competition_test\3896\3896_gen_0.sv,allenai/olmo-3.1-32b-think:free,stop,,gen-1766419081-pvMNt71x0GcjJyTpVa2r
3897,aapp_competition_test,0,739,16341,16158,C:\Users\durgamaniryudh\Desktop\Learn\llm_eval\test\aapp_competition_test\3897\3897_gen_0.sv,allenai/olmo-3.1-32b-think:free,stop,,gen-1766419197-SdETL0CJP8Q60g0k8AvI
3491,aapp_competition_test,0,1348,18780,19122,C:\Users\durgamaniryudh\Desktop\Learn\llm_eval\test\aapp_competition_test\3491\3491_gen_0.sv,allenai/olmo-3.1-32b-think:free,stop,,gen-1766419168-aFmEIyk0SvgneOIl6K5g
3903,aapp_competition_test,0,663,15637,15773,C:\Users\durgamaniryudh\Desktop\Learn\llm_eval\test\aapp_competition_test\3903\3903_gen_0.sv,allenai/olmo-3.1-32b-think:free,stop,,gen-1766419259-DTDTP4TTyRlvXsHni7yu
3496,aapp_competition_test,0,1805,16870,15663,C:\Users\durgamaniryudh\Desktop\Learn\llm_eval\test\aapp_competition_test\3496\3496_gen_0.sv,allenai/olmo-3.1-32b-think:free,stop,,gen-1766419241-DNtCtGvft5HcBs9xCPuU
741,mbpp_train,0,626,16822,15219,C:\Users\durgamaniryudh\Desktop\Learn\llm_eval\test\mbpp_train\741\741_gen_0.sv,allenai/olmo-3.1-32b-think:free,stop,,gen-1766419372-xdG85gbvbBKrmyAMCIlr
